video_id,title,description,date,fav_count,url
tEBsTX2OVgI,2-Minute Neuroscience: Autism,"Autism is characterized by impairments in social communication and interaction and restricted and repetitive behaviors. In this video, I discuss the neuroscience of autism along with potential factors and mechanisms involved in the development of autism.

TRANSCRIPT:

Autism, also known as autism spectrum disorder, is characterized by symptoms that include impairments in social communication and interaction and restricted and repetitive behaviors. Although the neuroscience of autism is still poorly understood, autism is considered to be a complex developmental disorder that involves atypical brain organization starting early in development. 

Individuals with autism often experience a period of unusually rapid brain growth in infancy and early childhood. This accelerated brain growth is linked to an atypical pattern of connectivity between brain regions. A number of studies report that alterations in brain circuitry involved with social interaction and attention can be detected well before the symptoms of autism begin to appear. At this point, however, it’s unclear how brain overgrowth and atypical connectivity might be linked to the occurrence of autism symptoms. 

Research suggests that the risk of autism is strongly influenced by genetics, yet studies consistently report that environmental factors also play a large role. Although a number of potential environmental factors have been identified, the risk factors for autism are far from definitive, and it remains unclear which factors are responsible for causing an increase in autism risk, and which are associated in a non-causal way. The risk factors that are most strongly linked to autism are associated with the prenatal or perinatal period. Thus, it’s possible they might be responsible for disruptions to typical neural development, leading to symptoms of autism months or years later. How these risk factors might interfere with neural development is still uncertain, but hypotheses have suggested potential mechanisms such as epigenetic effects, inflammation, oxidative stress, or damage caused by oxygen deficiency. More work needs to be done, however, to fully elucidate the genetic and environmental risk factors for autism, as well as the mechanisms for the development of autism symptoms. 

REFERENCES:

Lord C, Brugha TS, Charman T, Cusack J, Dumas G, Frazier T, Jones EJH, Jones RM, Pickles A, State MW, Taylor JL, Veenstra-VanderWeele J. Autism spectrum disorder. Nat Rev Dis Primers. 2020 Jan 16;6(1):5. doi: 10.1038/s41572-019-0138-4. PMID: 31949163.

Lord C, Elsabbagh M, Baird G, Veenstra-Vanderweele J. Autism spectrum disorder. Lancet. 2018 Aug 11;392(10146):508-520. doi: 10.1016/S0140-6736(18)31129-2. Epub 2018 Aug 2. PMID: 30078460; PMCID: PMC7398158.

Modabbernia A, Velthorst E, Reichenberg A. Environmental risk factors for autism: an evidence-based review of systematic reviews and meta-analyses. Mol Autism. 2017 Mar 17;8:13. doi: 10.1186/s13229-017-0121-4. PMID: 28331572; PMCID: PMC5356236.

Muhle RA, Reed HE, Stratigos KA, Veenstra-VanderWeele J. The Emerging Clinical Neuroscience of Autism Spectrum Disorder: A Review. JAMA Psychiatry. 2018 May 1;75(5):514-523. doi: 10.1001/jamapsychiatry.2017.4685. PMID: 29590280.",2021-12-20T19:31:34Z,1091569,https://www.youtube.com/watch?v=tEBsTX2OVgI
TJuwhCIQQTs,What is Autism? | Quick Learner,"Autism affects an estimated 1 in 54 children in the United States. You’ve probably heard a lot of thoughts and ideas about autism. What better way to honor World Autism Day than by raising our own awareness about people with autism spectrum disorders.

𝐃𝐮𝐤𝐞 𝐂𝐞𝐧𝐭𝐞𝐫 𝐟𝐨𝐫 𝐀𝐮𝐭𝐢𝐬𝐦 𝐚𝐧𝐝 𝐁𝐫𝐚𝐢𝐧 𝐃𝐞𝐯𝐞𝐥𝐨𝐩𝐦𝐞𝐧𝐭
The Duke Center for Autism and Brain Development delivers state-of-the-art interdisciplinary clinical care, conducts cutting-edge research, trains the next generation of scientists, and advocates for public policies to help ensure people with autism reach their full potential.

𝐅𝐨𝐥𝐥𝐨𝐰 𝐃𝐮𝐤𝐞 𝐂𝐞𝐧𝐭𝐞𝐫 𝐟𝐨𝐫 𝐀𝐮𝐭𝐢𝐬𝐦 𝐚𝐧𝐝 𝐁𝐫𝐚𝐢𝐧 𝐃𝐞𝐯𝐞𝐥𝐨𝐩𝐦𝐞𝐧𝐭
Website: https://autismcenter.duke.edu/
Twitter: https://twitter.com/DukeAutismCtr
Facebook: https://www.facebook.com/dukeautismcenter

𝐀𝐛𝐨𝐮𝐭 𝐃𝐮𝐤𝐞 𝐔𝐧𝐢𝐯𝐞𝐫𝐬𝐢𝐭𝐲
A private research university located in Durham, North Carolina, Duke University is known as one of the world’s leading institutions for education, research, and patient care. 

Subscribe ➡ http://duke.is/zUTmxY​​​

𝐅𝐨𝐥𝐥𝐨𝐰 #𝐃𝐮𝐤𝐞𝐔𝐧𝐢𝐯𝐞𝐫𝐬𝐢𝐭𝐲​​​
Home: https://duke.edu/​​​
News: https://news.duke.edu/​​​
Twitter: https://twitter.com/DukeU​​​
Instagram: https://www.instagram.com/dukeuniversity​
Facebook: https://www.facebook.com/DukeUniv",2021-04-05T18:18:15Z,628324,https://www.youtube.com/watch?v=TJuwhCIQQTs
0Pp8jcQ97pY,What Is Autism Spectrum Disorder?,"This informative Ask the Expert video offers top line information about different disorders that fall under the Autism Spectrum (ASD) classification. Learn about the core features of ASD and become familiar with the specific areas of challenge that are hallmarks of this category of disabilities at http://www.LD.org/autism. For more information about each of the specific ASD conditions mentioned, or to build knowledge and access resources about learning disabilities and related disorders of learning attention and behavior, visit http://www.LD.org.

NCLD has developed the LD Checklist: Recognize & Respond tool to help spot the potential signs of LD. Take the first step here: ncld.co/LDRR. #Check4LD

The National Center for Learning Disabilities' (NCLD) mission is to ensure success for all individuals with learning disabilities in school, at work and in life.",2013-03-05T18:43:34Z,753309,https://www.youtube.com/watch?v=0Pp8jcQ97pY
y4vurv9usYA,What it&#39;s really like to have autism | Ethan Lisi,"Visit http://TED.com to get our entire library of TED Talks, transcripts, translations, personalized talk recommendations and more.

""Autism is not a disease; it's just another way of thinking,"" says Ethan Lisi. Offering a glimpse into the way he experiences the world, Lisi breaks down misleading stereotypes about autism, shares insights into common behaviors like stimming and masking and promotes a more inclusive understanding of the spectrum.

The TED Talks channel features the best talks and performances from the TED Conference, where the world's leading thinkers and doers give the talk of their lives in 18 minutes (or less). Look for talks on Technology, Entertainment and Design -- plus science, business, global issues, the arts and more. You're welcome to link to or embed these videos, forward them to others and share these ideas with people you know. For more information on using TED for commercial purposes (e.g. employee learning, in a film or online course), submit a Media Request here: http://media-requests.TED.com

Follow TED on Twitter: http://twitter.com/TEDTalks
Like TED on Facebook: http://facebook.com/TED

Subscribe to our channel: http://youtube.com/TED",2020-04-29T17:10:37Z,830346,https://www.youtube.com/watch?v=y4vurv9usYA
Tbes1mm2VgM,Behind the Mask: Autism for Women and Girls | Kate Kahle | TEDxAustinCollege,"As a woman with autism, Kate will talk about the gender discrepancy in autism diagnoses. Women and girls often display completely different behaviors than what neurotypical people have been taught to associate with autism, which affects when and how (and if) they are diagnosed. Autism being diagnosed at a younger age leads to a higher chance of that child receiving evidence-based treatment, which can help with better life outcomes. This discrepancy is why Kate wants to encourage more research be done on symptoms of autism in women and girls so that they can be more easily and accurately diagnosed in the future.  Kate Kahle is a junior at Austin College from Dallas, Texas, and is studying Political Science and Art. She is also a ceramicist and skateboarder. As an autistic woman, Kahle is an advocate for autism acceptance. She hopes promote autistic self-love as well as help neurotypical individuals see autism not as a tragedy or a disease but rather for what it is, a lifelong, genetic developmental disability that is just another way of thinking and being in the world. This talk was given at a TEDx event using the TED conference format but independently organized by a local community. Learn more at https://www.ted.com/tedx",2021-11-01T19:38:05Z,163476,https://www.youtube.com/watch?v=Tbes1mm2VgM
j3PrAqJ-H9k,Autism Spectrum: Atypical Minds in a Stereotypical World,"Autism is not a disease and therefore can not be cured. What we can do, however, is to learn more about it and gain an understanding of it. In this video Timo, a young boy diagnosed with Autism will help us understand how living with a neurodivergent mind can be. 

Support our work and become a patreon:
https://bit.ly/3Q7qPR0

Never miss a new video with our newsletter:
http://eepurl.com/dNU4BQ 

3D AUTISM SIMULATION
To get a 3-dimensional glimpse of how an autistic girl experiences her own surprise birthday party check out this link https://youtu.be/OtwOz1GVkDg.

DOWNLOAD video without ads and background music 🤫:
https://sproutsschools.com/video-lessons/ 

SIGN UP to our mailing list and never miss a new video from us 🔔:
http://eepurl.com/dNU4BQ 

SUPPORT us — we are on Patreon! 🎁
https://www.patreon.com/sprouts 

SOURCE and further readings 🎓:
https://sproutsschools.com/autism-spectrum-atypical-minds-in-a-stereotypical-world/

THANK YOU, PATRONS! 🙏
Many Thanks to our wonderful Patrons (www.patreon.com/sprouts) who support us every month and made this video possible: Nancy Bueffler, Adam G, Raman Srivastava, Karl Luckwald, Daniel Kramer, Marq Short, Ronny Thomas Scripz, Muhammad Humayun, Ginger, Tsungren Yang, Esther Chiang, Badrah, Cedric Wang, Eva Marie Koblin, Broke, Jeffrey Cassianna, Sergei Kukhariev, Andrea Basilio Rava, Petra, Adèle D, kritik bhimani, David Markham, Don Bone, John Zhang, Mathis Nu, Julien DUMESNIL and many others.

OUR CHANNELS
English Channel www.youtube.com/c/SproutsVideos 
German Channel www.youtube.com/c/SproutsDeutschland 
Spanish Channel https://www.youtube.com/c/SproutsEspañol
And many more: www.sproutsschools.com

SPROUTS TEAM
Script: Jonas Koblin
Illustrations: Pascal Gaggelli www.instagram.com/pascal.draws/  
Production: Selina Bador
Production Assistant: Bianka
Male Voice: Matt Abbott
Female Voice: Mithril
Coloring: Nalin
Expert: Cynthia Borja
Editing: Peera Lertsukittipongsa
Proofreading: Susan

MUSIC
www.premiumbeats.com

LICENCE
Creative Commons CC-BY-NC 
More info here: https://sproutsschools.com/video-lessons/ 

Chapters:
0:00 Introduction
0:29 Atypical minds
1:00 Autism as a spectrum
1:40 Meet Timo
2:03 Diagnosis
2:22 Timo has atypical perception
3:13 Timo is highly sensitive
3:51 Timo has a fascination with logic
4:21 Timo experiences social disconnection
4:58 Therapy and reality
5:28 Autism is not a disease
5:44 What do you think?
6:02 Experience a party like a girl with autism
6:23 Our wonderful Patrons!

#autism #learn #teach #sproutslearning",2021-06-30T16:29:18Z,3780514,https://www.youtube.com/watch?v=j3PrAqJ-H9k
cF2dhWWUyQ4,Invisible Diversity: A Story Of Undiagnosed Autism | Carrie Beckwith-Fellows | TEDxVilnius,"What is autism and why is it difficult to get it diagnosed? In her talk Carrie shares her own personal journey towards diagnosis of autism: why it took 35 years, and what are the root causes for such invisible diversity?

Carrie Beckwith-Fellows is a freelance writer and vlogger from England. She has written for various online publications, including The Huffington Post, Autistica, the National Eating Disorders Association USA and her own blog, where she shares the reality of living with autism and Ehlers Danlos Syndrome, a complex and life-limiting illness. Diagnosed as autistic at the age of 35 has allowed Carrie to explore the world again from a new perspective. Aware that a late diagnosis can cause issues with identity, relationships and perception, she launched a website that explores the unique post-diagnosis experience to raise awareness and to support other autists diagnosed as adults.

This talk was given at a TEDx event using the TED conference format but independently organized by a local community. Learn more at https://www.ted.com/tedx",2017-07-06T15:36:44Z,996379,https://www.youtube.com/watch?v=cF2dhWWUyQ4
ZpoYOgjJ7T8,Inside the Autism Spectrum,"This Autism Speaks film delves into just how unique every individual with autism spectrum disorders is. There is a saying among the autism community, ""If you've met one person with autism, you've met one person with autism.""",2015-02-25T21:33:12Z,139085,https://www.youtube.com/watch?v=ZpoYOgjJ7T8
lbXjW-cX9kQ,What is Autism? Do you know the signs?,Autism is a spectrum disorder which includes a large range of symptoms and behaviors. This video is part for Behavior Frontiers Applied Behavior Analysis (ABA) Training Program with an Autism Specialization. Available via web based training program or at seminars across the country.,2011-06-17T17:20:25Z,2948304,https://www.youtube.com/watch?v=lbXjW-cX9kQ
Fzqrm4ScWzs,A Day in the Life: Navigating autism into adulthood,"‘A Day in the Life:’ Navigating autism into adulthood by Phil Martin

Phil was diagnosed with Asperger’s, school phobia, and ADHD as a teenager. Today he currently works as an Emergency Dispatcher and photographer. For more information on Phil, go to http://philmartinjr.com/ 

Video credit: Andy Feliciotti

To read more about Autism Speaks' awareness, fundraising, science, and advocacy efforts, or to read about some of our other exciting initiatives, please visit: www.autismspeaks.org.",2018-05-16T20:14:58Z,137354,https://www.youtube.com/watch?v=Fzqrm4ScWzs
DZXjJVrm1Jw,Autism Spectrum Disorder: 10 things you should know,"Professor Andrew Whitehouse leads the Autism Research Team at Telethon Kids Institute, working with children with autism and their families to reduce the disability associated with the disorder. 

In this short video he shares his top ten things that everyone should know about autism spectrum disorder. 

---

The Autism Research Team is a research centre at the Telethon Kids Institute. A key aim of the Autism Research Team is to develop new and innovative ways to deliver autism therapy to ensure every child has the very best opportunities in life.
• https://autism.telethonkids.org.au",2017-07-31T09:10:03Z,467624,https://www.youtube.com/watch?v=DZXjJVrm1Jw
QHpFC1hB4AU,Coping with autism and puberty,"Alexander Brown swings back and forth on a makeshift hammock bolted to a wooden beam in his living room. The swaying seems to soothe the otherwise uneasy 14-year-old, facing the challenge of dealing with both puberty and autism. Video by Kaiser Health News

View Full Story: http://www.pbs.org/newshour/videos/#158018",2015-09-29T21:22:54Z,673951,https://www.youtube.com/watch?v=QHpFC1hB4AU
JPO-uOPK5RI,What is Autism (Part 1)? | Written by Autistic Person,"What is Autism (Part 1)? | Written by an Autistic Person. It goes over what is included in autism and what are its major types?

Script By: Waleed Sohail Chohan (Biology Decoded)

How to Support Us?

One time Contribution: https://fundrazr.com/FreeMededucation
Become Our Patron and Monthly Supporter: https://www.Patreon.com/FreeMedEducation

Follow us: 

Facebook: https://www.facebook.com/FreeMedEducation
Facebook Groups: https://www.facebook.com/groups/1162636387091983

#FreeMedicalEducation #Autism #AutisticPerson",2019-02-18T14:03:10Z,512850,https://www.youtube.com/watch?v=JPO-uOPK5RI
OdvFuVAypp0,Predicting Overload: Autism Spectrum Disorder | Paul Fijal | TEDxEastVan,"In this moving talk, Paul Fijal paints a vivid picture of what it’s like to live with autism.  He explores the concept of empowered care; a personalized approach that bridges the information gap between individuals with mental health disorders and currently available care solutions.


Paul Fijal is a young social entrepreneur and Lead Biomedical Engineer with Awake Labs, who provide personalized, quantified care solutions to people living with autism. He is also dedicated to growing Vancouver’s reputation as a hub for social entrepreneurship and impact ventures. Paul is currently involved with the Coast Capital Savings Innovation Hub and is helping to bootstrap the brand new MedTech Development Hub at VGH with a group of young engineers and entrepreneurs. A Francophone originally from Calgary, Alberta, Paul graduated from the University of British Columbia with a BASc in Mechanical Engineering, Biomedical option, in May of 2015. He’s interested in new ventures focusing on social impact, as well as the biomedical and biotech industry.

This talk was given at a TEDx event using the TED conference format but independently organized by a local community. Learn more at http://ted.com/tedx",2016-05-24T15:13:28Z,213873,https://www.youtube.com/watch?v=OdvFuVAypp0
EfPgjjhAoa4,The Housing Needs of Adults with Autism,"At Autism Speaks, our goal is to provide individuals with autism and their families with all the tools they need throughout the lifespan.  Adults living with autism often have difficulty finding information about programs and supports that would allow them to live as independently as possible.",2014-06-30T17:32:37Z,206331,https://www.youtube.com/watch?v=EfPgjjhAoa4
AYnZm8DEke4,Living with Autism: Jackson&#39;s Story,"Request an appointment: http://bit.ly/2ghgRz2
Learn more: http://bit.ly/2fWcK72
Read more stories like this: http://bit.ly/2fW9gBG
Watch more stories like this: https://www.youtube.com/playlist?list=PL51bs9ifmOQvHJZU7kHCaCwsTmiyzRu8u

Autism Spectrum Disorder is the fast-growing developmental disorder in the United States, and it affects every family uniquely. With comprehensive treatment, children like Jackson have the potential to thrive.",2016-11-16T17:02:47Z,381086,https://www.youtube.com/watch?v=AYnZm8DEke4
hl0R7tDWLrc,Autism spectrum disorder: Mayo Clinic Radio,"On the Mayo Clinic Radio program, Dr. Andrea Huebner, a Mayo Clinic neuropsychologist, discusses autism spectrum disorder.

This interview was recorded on Feb. 10, 2020.

Autism spectrum disorder is a condition related to brain development that impacts how a person perceives and socializes with others, causing problems in social interaction and communication. The disorder also includes limited and repetitive patterns of behavior. The term ""spectrum"" in autism spectrum disorder refers to the wide range of symptoms and severity.

Learn more: https://www.mayoclinic.org/diseases-conditions/autism-spectrum-disorder/symptoms-causes/syc-20352928?mc_id=us&utm_source=newsnetwork&utm_medium=l&utm_content=content&utm_campaign=mayoclinic&geo=national&placementsite=enterprise&cauid=100721&_ga=2.159190847.488437355.1589148474-1544106877.1584026764",2020-05-15T18:13:30Z,45751,https://www.youtube.com/watch?v=hl0R7tDWLrc
IApo5TBR7jc,Five Questions about Autism,"The Aspire program at MassGeneral Hospital for Children helps children, teens and adults with high cognitive autism spectrum disorder develop the skills necessary to live full, independent lives. We asked Aspire participants five questions about autism. Their answers will surprise and enlighten you. Produced by Atlantic Public Media (www.atlantic.org) for Massachusetts General Hospital's Aspire program. Animation by Hannah Jacobs. Music by Stellwagen Symphonette and Podington Bear.
 
To learn more about Aspire, visit: http://www.massgeneral.org/children/aspire/overview.aspx",2018-04-09T15:47:27Z,288953,https://www.youtube.com/watch?v=IApo5TBR7jc
FJ7iPn39i08,Robert DeNiro Debates Autism&#39;s Link To Vaccines | TODAY,"The Tribeca Film Festival now is celebrating its 15th year and founders, actor Robert De Niro and producer Jane Rosenthal mark the occasion with an interview on TODAY. De Niro, who has an autistic child, comments on the decision to pull the anti-vaccination film “Vaxxed” from this year’s lineup, even though he says, “I think the movie is something that people should see,” and he questions statistics on vaccine-preventable diseases.
» Subscribe to TODAY: http://on.today.com/SubscribeToTODAY
» Watch the latest from TODAY: http://bit.ly/LatestTODAY

About: TODAY brings you the latest headlines and expert tips on money, health and parenting. We wake up every morning to give you and your family all you need to start your day. If it matters to you, it matters to us. We are in the people business. Subscribe to our channel for exclusive TODAY archival footage & our original web series. 

Connect with TODAY Online!
Visit TODAY's Website: http://on.today.com/ReadTODAY
Find TODAY on Facebook: http://on.today.com/LikeTODAY
Follow TODAY on Twitter: http://on.today.com/FollowTODAY
Follow TODAY on Google+: http://on.today.com/PlusTODAY
Follow TODAY on Instagram: http://on.today.com/InstaTODAY
Follow TODAY on Pinterest: http://on.today.com/PinTODAY

Robert DeNiro Debates Autism's Link To Vaccines | TODAY",2016-04-13T13:56:39Z,987123,https://www.youtube.com/watch?v=FJ7iPn39i08
pSGVb60-BSw,A Life-Changing Therapy For Children With Autism At The Child Study Center,"For more information on the Child Study Center or #YaleMedicine, visit: https://www.yalemedicine.org/departments/child-study-center.


Making eye contact, understanding big words and interacting socially were tough for 5-year-old Victoria Udal. Born on the autism spectrum, she struggled to keep up with her peers. Her parents turned to the Yale Medicine Child Study Center for help. Pamela Ventola, PhD, one of the center’s autism experts, suggested that Victoria would benefit from pivotal response training (PRT)–a type of play-based therapy that helps children on the spectrum develop language, behavioral and social skills. Now, one year later, Victoria’s parents say she has completely transformed. In this short documentary, Ventola and the family reflect on the power of PRT and celebrate Victoria’s entrance into mainstream kindergarten.",2019-05-08T20:09:16Z,263192,https://www.youtube.com/watch?v=pSGVb60-BSw
OCYjZdI0WCc,The Life Autistic Documentary,"Iowans with autism illustrate the nuances of The Life Autistic in this two-hour broadcast special. We meet twelve people of different ages and backgrounds, along with their families and caregivers, to understand the daily lives and future prospects of people with autism. Their stories explore diagnosis, early intervention, family life, treatment, education, employment and independent living. Interviews with experts, educators and advocates -- including famed author and speaker Temple Grandin -- provide greater context and a better understanding of the many expressions of autism. Tyler Leech lends his unique perspective as a member of Iowa’s community of people with autism to the stories from the original Iowa PBS web series.",2020-07-13T19:49:53Z,586908,https://www.youtube.com/watch?v=OCYjZdI0WCc
4m9dHSd3X6c,Two Americas: Adults with autism reflect on daily challenges,"Autism spectrum disorder affects about one in 54 children today. According to the Centers for Disease Control and Prevention (CDC), it is a developmental disability that can cause social, communication and behavioral challenges.",2021-11-19T00:37:53Z,16041,https://www.youtube.com/watch?v=4m9dHSd3X6c
1m45BT5NFbI,A Higher Functioning Form Of Autism | Cuan Weijer | TEDxDunLaoghaire,Cuán Weijer is a student in Stepaside Educate Together National School and is one of just six House Captains who are a connection between the teachers and the student body. Recently he received Student of the Year in recognition of his contributions towards the school. Cuán is part of the 1 per cent of the Irish population affected by autism. At the age of twelve he was diagnosed with Asperger’s. Cuán Weijer is a student in Stepaside Educate Together National School and is one of just six House Captains who are a connection between the teachers and the student body. Recently he received Student of the Year in recognition of his contributions towards the school. Cuán is part of the 1 per cent of the Irish population affected by autism. At the age of twelve he was diagnosed with Asperger’s This talk was given at a TEDx event using the TED conference format but independently organized by a local community. Learn more at https://www.ted.com/tedx,2019-12-10T16:40:19Z,93286,https://www.youtube.com/watch?v=1m45BT5NFbI
JxpEQY-yiOk,What is High Functioning Autism? | Kati Morton,"I'm Kati Morton, a licensed therapist making Mental Health videos!
#katimorton #therapist #therapy

MY BOOK
Are u ok? A Guide To Caring Your Mental Health
http://bit.ly/2s0mULy

JOURNALING CLUB
Every Tuesday & Friday I post a journal prompt to help keep you motivated and working on yourself. Whether you add the prompts to your own journal at home or use the comment section under the prompt itself, this can be a great way to keep on track with journaling.  Join here: https://www.youtube.com/katimorton/join 

ONLINE THERAPY
I do not currently offer online therapy.  BetterHelp can connect you with a licensed, online counselor, please visit: https://betterhelp.com/kati
I receive commissions on referrals and recommend services I know and trust.

ADDICTION TREATMENT & RESIDENTIAL MENTAL HEALTH: If you are looking for an in-person treatment center that provides expert help with addiction recovery and mental health, All Points North Lodge is a great option. All Points North Lodge offers evidence-based and holistic treatment in the Colorado mountains. Chat with a member of their team at www.apnlodge.com/kati or call (218) 306-8214

MY AMAZON RECOMMENDATIONS  https://www.amazon.com/shop/katimorton

PATREON
Are you interested in supporting the creation of mental health videos? If so, please visit: https://www.katimorton.com/kati-morton-patreon/

PODCASTS
Opinions That Don't Matter!  &  Ask Kati Anything!
video: youtube.com/c/OpinionsThatDontMatter

Audio versions: 
https://opinonsthatdontmatter.buzzsprout.com/
https://askkatianything.buzzsprout.com/

 
BUSINESS EMAIL: Linnea Toney  linnea@underscoretalent.com

PO Box: 1223 Wilshire Blvd. #665 Santa Monica, CA 90403

PLEASE READ
If you or someone you know is in immediate danger, please call a local emergency telephone number or go immediately to the nearest emergency room.",2018-05-07T14:07:17Z,848050,https://www.youtube.com/watch?v=JxpEQY-yiOk
CfU8-kJZR70,"Once a non-verbal child with autism, Ava hopes her story will help other kids with special needs","It took a seven-year fight to get Ava’s Law, which mandates insurance coverage for children with autism. Now Ava hopes her story can inspire a new battle.",2021-12-03T04:22:41Z,34776,https://www.youtube.com/watch?v=CfU8-kJZR70
RBB_81ao7uo,What is autism and how does ABA therapy work?,"Hopebridge uses evidence-based therapy that utilizes the principles of Applied Behavior Analysis (ABA therapy). From understanding what autism looks like to how to treat it, Hopebridge professionals focus on collaborating with families, physicians, and fellow therapists to deliver on a personalized plan of care.  

Learn more about the autism therapy options for your child: https://www.hopebridge.com
Learn more about autism and how to identify the signs and symptoms: https://www.hopebridge.com/what-is-autism/
Find a center near you: https://www.hopebridge.com/centers
Get the help you need by contacting us: https://www.hopebridge.com/contact",2018-01-23T18:43:38Z,654903,https://www.youtube.com/watch?v=RBB_81ao7uo
FCejya1WWC8,Autism Spectrum Disorder | Clinical Presentation,"Osmosis presents this thorough overview of Autism Spectrum Disorder, or ASD. Review information useful to medical students and medical residents about this condition including developmental milestones, diagnostic criteria and prevalence.  You'll find more resources, study guides, quizzes and reviews on Medscape.com. Join today for free.",2018-01-09T17:17:36Z,301166,https://www.youtube.com/watch?v=FCejya1WWC8
tmokkN5cRMI,Autism &amp; OCD,Visit http://www.nyp.org/autism.,2017-07-12T17:04:15Z,33296,https://www.youtube.com/watch?v=tmokkN5cRMI
JYPeOm5A8XQ,Helping Parents and Therapists Cope with Autism Spectrum Disorder | Susan Sherkow | TEDxYouth@LFNY,"Dr. Sherkow will talk today on helping parents and therapists understand and cope with Autism Spectrum Disorder. 

Dr. Susan P. Sherkow is a practicing child, adolescent, and adult psychiatrist trained at Tufts University School of Medicine, Albert Einstein College of Medicine, and the New York Psychoanalytic Institute. She is currently the Director of The Sherkow Center for Child Development and Autism Spectrum Disorder.

This talk was given at a TEDx event using the TED conference format but independently organized by a local community. Learn more at http://ted.com/tedx",2015-10-26T18:57:24Z,100123,https://www.youtube.com/watch?v=JYPeOm5A8XQ
275TqUelUX0,The Neuroscience of Autism ft. 12tone,"Vaccines don’t cause autism. But what even is autism? What causes it? And what's the difference between an autistic brain and a ""neurotypical"" brain? We've recruited our friend Cory from 12Tone to hear about his own experience as an autistic person and to discuss the neuroscience of Autism Spectrum Disorder. 

Huge, huge thank you to Cory for all of his time and help in creating this video. We recognize that this is a complex and difficult topic to cover and we really appreciate all of the effort he put into helping us do it well.

Check out Cory’s channel at: https://www.youtube.com/channel/UCTUtqcDkzw7bisadh6AOx5w 
Follow him on Twitter at: https://twitter.com/12tonevideos

Watch our other collaboration on his channel: https://youtu.be/zRlqkXkMM_Q

Sources:
https://www.cdc.gov/ncbddd/autism/screening.html 
http://www.autism-society.org/what-is/ 
http://www.autism-society.org/what-is/causes/ 
https://www.nichd.nih.gov/health/topics/autism/conditioninfo/Pages/causes.aspx#interactions
https://www.ncbi.nlm.nih.gov/pmc/articles/PMC1739089/pdf/v075p00945.pdf
https://www.cambridge.org/core/journals/journal-of-the-international-neuropsychological-society/article/cognitive-neuroscience-of-autism/DF5303CA1D3E40207E0234BFE83E3D78
http://www.jneurosci.org/content/26/26/6897
http://www.sciencedirect.com/science/book/9780123919243
http://onlinelibrary.wiley.com/doi/10.1111/j.1750-3639.2007.00102.x/full
https://www.academia.edu/13626914/The_mirror_neuron_system_and_the_consequences_of_its_dysfunction 

Autism advocacy resources:
http://autisticadvocacy.org/about-asan/identity-first-language/ 

Support us on Patreon -
https://www.patreon.com/neurotransmissions/

Ryan M. Shaver and Carrie McKenzie are two of our Patreon Producers that really keep this show going. Thanks you two! Also, big shoutout to our newest patrons, PlayTheMind and Eric Earley.

Neuro Transmissions is a channel on a mission to bring neuroscience to everyone.  It's not rocket surgery, it's brain science!  Learn all sorts of fun and interesting things with Alie Astrocyte and Micah Psych every other Sunday by subscribing to the channel. Have a topic you want covered? Let us know in the comments. Share, like, and subscribe for more videos to come! Over and out.

Neuro Transmissions is on the other social medias too:
https://www.facebook.com/neurotransmissions 
https://www.twitter.com/neuroyoutube 
https://www.instagram.com/neurotransmissions 
http://www.neurotransmissions.science
https://www.reddit.com/u/neuroyoutube/
Snapchat - @neuroyoutube

***Credits***

The following image was used for educational purposes and falls under fair use laws:
https://upload.wikimedia.org/wikipedia/commons/thumb/7/71/US_CDC_logo.svg/1200px-US_CDC_logo.svg.png

Vector images from freepik.com

“In The Mist” by Trackmanbeatz is licensed under a Creative Commons Attribution 4.0 International License.
http://www.trackmanbeatz.com

All other content is original and/or owned by Neuro Transmissions.",2017-12-01T18:00:01Z,45570,https://www.youtube.com/watch?v=275TqUelUX0
4mh75_u0uR8,What is Autism?,"Fixer Dwaynne Way, 22, from South Wales, has Asperger syndrome - a form of autism. Using this film, he wants other young people to understand the nature and impact of autism.

Click here to read more about this Fixer's campaign: http://www.fixers.org.uk/fixers/7101-...

*Disclaimer: As a charity which covers every issue, we do not claim to have expertise in any particular area.

If you are looking for advice or support, please visit the websites listed at the end of this film, or contact your GP.

We also reserve the right to remove any comments which do not meet our guidelines.",2013-07-29T11:44:38Z,508850,https://www.youtube.com/watch?v=4mh75_u0uR8
2v33Hm3WswY,Reconsidering the Autism Spectrum | Ronit Molko | TEDxSedona,"Ronit takes a critical look at autism and the autism services industry and identifies opportunities for the advancement of services and business. Dr Ronit Molko is a dynamic senior executive and entrepreneur recognized for combining strategic vision and technical expertise to drive business initiatives. In 2001, Dr. Molko cofounded Autism Spectrum Therapies Inc. (AST) in California, which grew into a highly respected, multi-state provider of services for individuals on the autism spectrum. In 2014, she sold her company to Learn It Systems, a private equity backed strategic buyer, and served as President of Autism Services for the combined family of companies until early 2016.

Today, as CEO and Principal of Empowering Synergy, Dr. Molko conducts due diligence for investors and consults as an expert in the field of service delivery for healthcare, with a special focus on behavioral healthcare and companies that provide services to families affected by autism and developmental disabilities.

In 2018, she released her latest work, “Autism Matters: Empowering Investors, Providers and the Autism Community to Advance Autism Services” published by ForbesBooks in which she takes a critical look at the autism services industry and identifies opportunities for advancement of services and business.

A graduate of Harvard Business School’s three-year Owner/President Management program, Dr. Molko holds a Ph.D. in Applied Behavioral Science and Family Life from the University of Kansas and a master’s degree in Psychology from Claremont Graduate University. She is a licensed clinical psychologist in both California and Washington, and a Board-Certified Behavior Analyst.

Dr. Molko is currently a board member of the Galt Foundation, which places individuals with disabilities in the workforce, and the Los Angeles Chapter of the Autism Society of America. She has been actively involved in many healthcare-based committees and organizations throughout her career and has received multiple awards in recognition of her business prowess and leadership abilities. Most recently, she was recognized with a 2017 Woman of Influence Award by the Los Angeles Business Journal. This talk was given at a TEDx event using the TED conference format but independently organized by a local community. Learn more at https://www.ted.com/tedx",2019-06-07T20:39:12Z,67202,https://www.youtube.com/watch?v=2v33Hm3WswY
FrsDDZycjfY,5 Signs You DO NOT Have Autism,"We get a lot of requests from people who want to know if their loved one has autism. Sometimes it helps to hear reasons they do not have autism. Even though we've covered similar ground in the past, when things are heard in the opposite way, the brain can form new connections and thoughts can click into place more easily. [EDIT]: We have a follow up video based on a lot of questions we received to this one. We cover things like Autism being a spectrum, masking, mis-diagnosis and under-diagnosing, etc. You can click the video link just below this sentence, thanks! 
https://www.youtube.com/watch?v=R0iUVMl9htE&lc=UgxNLAPvZloK_rKQMtt4AaABAg
https://www.patreon.com/autismfamily
https://www.facebook.com/Autism-Family-Youtube-107318891102628?view_public_for=107318891102628",2021-08-11T01:11:02Z,2035341,https://www.youtube.com/watch?v=FrsDDZycjfY
Zx62-79XXno,The History of Autism,"Explaining the history of Autism, Autism Diagnosis, and the Autistic Community.

Social Media
Discord: https://discord.gg/JYCYPvqba6
Reddit: https://www.reddit.com/r/HistoryScope/
Twitter: https://twitter.com/ScopeHistory
Instagram: https://www.instagram.com/officialhistoryscope/
Facebook: https://www.facebook.com/averythingchannel/

My music playlist while animating: https://www.youtube.com/playlist?list=PLSxw_OLJxQj2amarphSC68tia4gBSVwth

SOURCES
- https://www.britannica.com/biography/Donald-Triplett
- https://www.researchgate.net/publication/334745304_History_of_autism_The_beginnings_Collusions_or_serendipity 
- Diagnostic criteria for autism: https://www.cdc.gov/ncbddd/autism/hcp-dsm.html 
- https://www.spectrumnews.org/news/gender-and-sexuality-in-autism-explained/ 
- Lorna Wing and Judith Gould’s research: https://pubmed.ncbi.nlm.nih.gov/155684/ 
- https://autismedsp5310s20f10.pbworks.com/f/The+history+of+autism.pdf
- https://www.theguardian.com/world/2018/apr/19/hans-asperger-aided-and-supported-nazi-programme-study-says
- TRIGGER WARNING: this article advocates for ABA without every talking about how incredibly harmful it is to the “patient” https://link.springer.com/article/10.1007/s40489-014-0045-2?shared-article-renderer 
- https://autisticadvocacy.org/2019/05/association-for-behavior-analysis-international-endorses-torture/ 
- https://autismawarenesscentre.com/un-adopts-new-goals-disabilities/ 
- Emck, C (2011). Gross motor performance in children with psychiatric disorders. Academisch Proefschrift, Amsterdam, Vrije Universiteit.  Zie http://hdl.handle.net/1871/19558
- Emck, C. (2012). Bewegingsproblemen bij kinderen met psychiatrische stoornissen. Tijdschrift voor Orthopedagogiek, 51, 3-12
- Emck, C. (2014). Double trouble? Movement behaviour and psychiatric conditions in children: An opportunity for treatment and development. The Arts in Psychotherapy, 41, 214-222.
- Lang, R., Kern Koegel, L., Asbaugh, K., Regester, A., Ence, W. & Smith, W. (2010). Physical exercise and individuals with autism spectrum disorders: A systematic review. Research in Autism Spectrum Disorders, 4, 565-576.
- Ooteman, M., Lust., T., Emck, C., & Stins, J. (2015). Autisme in beweging. Lopen… simpel of toch niet? Tijdschrift voor Vaktherapie, 4, 60-67
- Sowa, M. & Meulenbroek, R. (2012). Effects of physical exercise on Autism Spectrum Disorders: A meta-anaysis. Research in Autism Spectrum Disorders, 6, 46-57.
- Stins, J.F., Emck, C., de Vries, E., Doop, S. & Beek, P.J. (2015). Attentional and sensory conributions to postural sway in children with autism spectrum disorders. Gait & Posture, 42 (2), 199-203
American Psychiatric Association (APA). (1980).Diagnostic and Statistical Manual of Mental      
- Disorders, 3rd ed. Washington, DC:American Psychiatric Publishing.
American Psychiatric Association (APA). (1994).  Diagnostic and  Statistical Manual of Mental
- Disorders (4th ed.). Washington, DC: American Psychiatric Publishing.
- A Definitive History of Autism - The Crown Publishing Group. (n.d.). Retrieved December 14, 2018,
from http://crownpublishing.com/archives/feature/23418#.XBNshmgzZPY
- Asperger,  H. (1991).  ‘Autistic psychopathy’  in childhood.  In U.  Frith (Ed.),  Autism  and  Asperger

FURTHER WATCHING:
- Autistic Women: https://www.youtube.com/watch?v=qx5qt2u0UZU 
- https://www.youtube.com/watch?v=mIEjbc-nS38&t=0s 
- Autism Tropes in Media: https://www.youtube.com/watch?v=k7q2A3ic0-w 
- Short history of Autism: https://www.youtube.com/watch?v=_MBiP3G2Pzc 
- Vaccines: https://www.youtube.com/watch?v=8BIcAZxFfrc 

FURTHER READING:
- https://www.toeps.nl/shop/product/signed-but-you-dont-look-autistic-at-all/ 

CREDITS
- Neurodiversity movement. Author: MissLunaRose12. Changes made: Enlarged imagine so it can slide across the screen. Licence: https://creativecommons.org/licenses/by-sa/4.0/deed.en 
- Bob Wright profile photo. Author: Greg Grudt. Changes made: none. Licence: https://creativecommons.org/licenses/by/3.0/deed.en",2021-06-06T18:47:28Z,525672,https://www.youtube.com/watch?v=Zx62-79XXno
7pN6ydLE4EQ,ABA Autism Training - Chapter 1 - The Discrete Trial,"This video provides an overview of the components of a discrete trial -- the discriminative stimulus, the response from the child or prompt from the therapist, and finally, reinforcement or correction.


The Autism Intervention Training Video Series was designed for individuals in the beginning stages of learning how to conduct Applied Behavioural Analysis with children with Autism Spectrum Disorders.  It is a series of videos demonstrating 5 of the key techniques needed for successful intervention:  The Discrete Trial; Reinforcement; Prompting; Generalization; Incidental Teaching
The videos are intended to be a learning tool, used in conjunction with textbook, classroom and/or practice-based learning.  Each video is short enough to be shown during class time with time left over for the instructor to cover the topics in more detail during lecture.  These videos will be useful to students, paraprofessionals, professionals and parents.",2012-02-07T15:56:49Z,1707386,https://www.youtube.com/watch?v=7pN6ydLE4EQ
RcSCi-XDyeU,Why are so many autistic adults undiagnosed? | Kip Chow | TEDxSFU,"Contrary to popular belief, many autistic adults are undiagnosed or may not even know they’re autistic. Kip Chow, who was diagnosed as an adult, unpacks two of the main reasons why. Kip Chow is an autistic student dedicated to education, activism, and accessibility as pertaining to neurodiversity. Since discovering that they’re autistic as an adult, they aim to promote understanding and acceptance of autistic folks, especially undiagnosed and multiply marginalized ones. As a result, Kip has served as a panelist and speaker at a couple of student conferences for health care providers in training to address how they should move forward in interacting with autistic and otherwise marginalized patients. This talk was given at a TEDx event using the TED conference format but independently organized by a local community. Learn more at https://www.ted.com/tedx",2021-03-15T15:25:28Z,136910,https://www.youtube.com/watch?v=RcSCi-XDyeU
P6pCh0tHa7Q,Big brains and white matter: Two studies reveal clues about autism subtypes,"UC Davis MIND Institute researchers found that a long-accepted theory about brain size in some children with autism may not be true. In a separate study, they linked development of white matter in the brain with changes in autism symptom severity.",2020-12-17T14:23:46Z,11805,https://www.youtube.com/watch?v=P6pCh0tHa7Q
4b7oNLSR_yQ,Autism: Think Differently,"Welcome to the second season of Thought Café +! Every video is based on an interview with a special guest. Become a Patron to hear the full-length discussion on our podcast: http://patreon.com/thoughtcafe

SUBSCRIBE: http://bit.ly/1OhMPQC

This video was made possible by the support from the Canadian Media Fund.

More Thought Café + videos: https://www.youtube.com/playlist?list=PLAhHS1m_4zqRMXg95QqQvhIa8FZwzSLNq 

Academic paper: https://www.ncbi.nlm.nih.gov/pubmed/26272675

Big thanks to Alex Shifrin: https://www.lpad.ca/
Sound design by Gavin Whelehan http://gavinwhelehan.com/

FOLLOW US!

https://thoughtcafe.ca
http://twitter.com/thoughtcafe
http://instagram.com/thoughtcafe
http://facebook.com/thoughtbubbler
http://thought-cafe.tumblr.com",2018-11-02T17:37:15Z,183620,https://www.youtube.com/watch?v=4b7oNLSR_yQ
8OW32QczJsw,How is Autism Diagnosed?,"And what do you do if suspect your child has autism spectrum disorder? To begin ABA therapy for autism, a diagnostic evaluation is required. Hopebridge can help you navigate the process of getting a diagnosis with a licensed professional, all the way through beginning services in a Hopebridge autism treatment center.

Learn more about the options available for your child: www.hopebridge.com",2018-03-14T20:45:15Z,37699,https://www.youtube.com/watch?v=8OW32QczJsw
dUbsyd8Fnyw,Fast Facts About Autism For Kids (World Autism Awareness Day),"FREE GIFT AVAILABLE NOW:
A STEP-BY-STEP GUIDE TO MAKING SCHOOL DROP OFF EASIER

Claim this free download by visiting our website:
https://autismexplained.com.au/

---ABOUT US---
Hello! We are Paul and Shannan from Autism Explained!

We help parents understand their autistic children and create healthy supportive environments. By combining the experience of an adult on the Spectrum with a single mum who lives this stuff every day, we set you on the path to regain family harmony and actually enjoy time with your kids!

This video is a little bit about us... (see our intro video here https://youtu.be/j1Kn9k0CNeQ)

Paul discovered he was on the Autism Spectrum 4 years ago. Since then he has worked with countless autistic adults and children, as well as teaching parents teachers and students about Autism. He is also an ex-aerospace engineer with a passion for teaching and Emotional Intelligence.

Shannan is a single parent and carer of an amazing 9 year old boy on the Autism Spectrum. She is an ex-corporate trainer with a BA, currently studying a Masters in autism studies with Griffith University.

Website: https://autismexplained.com.au/
Facebook: https://www.facebook.com/autismexplained.com.au
Email: info@autismexplained.com.au",2020-04-03T08:06:53Z,138009,https://www.youtube.com/watch?v=dUbsyd8Fnyw
o8mhr1PcZ4Q,7 Signs of Autism in Men (DSM-5 Symptoms of Autism/Aspergers in High Functioning Autistic Adults),"Signs of autism in adults are often not immediately obvious. The symptoms of autism in high functioning autistic men are often masked by superficial success or intelligence in one area. In this video we'll look at how common autistic behaviour in men corresponds to the DSM-5 autism diagnosis criteria.

Think you might be on the Spectrum? These videos will help!
Are You Undiagnosed Autistic? How To Tell If You're On The Autism Spectrum - https://youtu.be/UcqBgXCxddE
Are you Autistic? 25 Questions to ask yourself - https://youtu.be/lXz9TpKGd5g

Female Specific Resources:
7 Signs of Autism in Women with Barb Cook - https://youtu.be/HfalX7DJbdk
Autism symptoms in GIRLS - https://youtu.be/ixRSb00BplM
What Women With Autism Want You to Know - https://youtu.be/NwEH9Ui4HV8

CHANNEL LINKS:
Patreon: https://www.patreon.com/aspergersfromtheinside
Facebook: https://www.facebook.com/aspergersfromtheinside
Twitter: https://twitter.com/AspieFromInside
Written Blog: https://aspergersfromtheinside.com/
More Videos: https://www.youtube.com/c/aspergersfromtheinside
Email: aspergersfromtheinside@gmail.com
-----------------------------------------------

// WELCOME TO ASPERGERS FROM THE INSIDE!!

My name is Paul and I discovered I have Aspergers at age 30.
If you're new you can check out a playlist of some of my most popular videos here: https://www.youtube.com/c/aspergersfromtheinside/playlists

Yes, I know, I don't look autistic. That's exactly why I started this blog, because if I didn't show you, you would never know.

As the name suggests, this channel is devoted to giving you insight into the world of Aspergers.
This blog started off being just my story, but I've learned SO MUCH about my own condition
from meeting others on the Autism Spectrum that now I make sure to feature their stories as well.

I've come a long way in my own personal journey.
Now I'm sharing what I've found so you don't have to learn it the hard way too.

-----------------------------------------------

// WHAT TO EXPECT FROM THIS BLOG

You can expect me to get to the point with concise useful information.
I focus on what is most important and don't shy away from difficult topics.

The best way to learn about Autism is to see it in real life ( i.e. via the stories of many, many people on the spectrum).

In this channel I endeavour to show you what Autism and Aspergers look like in real people and to also give you some insight as to what's happening on the inside.
I upload a new video every weekend with some bonus content thrown in mid-week too.
There's always new stuff coming through so be sure to check back and see what you've missed. (Is this where I'm supposed to tell you to hit that subscribe button?)

Topics Include:
- What is Aspergers/Autism?
- Aspie Tips, coping strategies, and advice on common issues
- Learning Emotional Intelligence (this is my special interest!)
- Autism in real life: stories from special guests

Everything I do is and endeavour to go deeper and take you 'behind the scenes' to understand what may, at first glance, seem 'odd'.
oh, and I love busting stereotypes and turning preconceptions upsidedown :)

-----------------------------------------------

// ABOUT ME

I discovered I have aspergers at the age of thrity.
It has been my life's mission to understand these funny creatures we call humans.
My special interest is a combination of emotional intelligence, psychology, neuroscience, thinking styles, behaviour, and motivation. (I.e. what makes people tick)
My background is in engineering and I see the world in systems to be analysed.
My passion is for taking the incredibly complex, deciphering the pattern, and explaining it very simply.
My philosophy is that blogging is an adventure best shared.

-----------------------------------------------

// EMOTIONAL INTELLIGENCE TRAINING

I also run autism friendly online emotional intelligence training. So if you like my direct, systematic style, and would like to improve your own emotional intelligence skills, check it out here:
http://emotionsexplained.com.au

-----------------------------------------------

// CONTACT

Blogging is an adventure best shared which means I'd love to hear from you!
Feel free to leave me a comment or send me and email at any time and I'll do my best to respond promptly.
Email: aspergersfromtheinside@gmail.com

Thanks for reading and I hope you enjoy this channel!
I look forward to hearing from you!

Peace,

~Paul",2020-05-22T23:00:10Z,2757609,https://www.youtube.com/watch?v=o8mhr1PcZ4Q
i97C2OEia3Q,Autism Swims,"Through an Autism Speaks grant, The University of Kansas department of Occupational Therapy Education has developed a program that teaches children with Autism how to swim.",2012-09-04T20:21:14Z,38925,https://www.youtube.com/watch?v=i97C2OEia3Q
CZYqa9rOkDQ,Autism Awareness Month - Autism Simulator | Operation Ouch | Science for Kids,"For Operation Ouch autism awareness month special, Dr Xand and Dr Chris are trying out the VR autism simulator to experience what it's like to have autism. 
Subscribe for more: https://goo.gl/iDvxKs
Operation Ouch is a science show for kids that is full of experiments and biological learnings. In this educational TV show, twin brothers Dr. Chris and Dr. Xand do science experiments for kids, to explain us how the human body with all its different parts and systems works, and how medicine and medical procedures can help. Biology for kids in a fun format!
You can buy the book here https://www.amazon.co.uk/dp/B00CIVLZYY/ref=dp-kindle-redirect?_encoding=UTF8&btkr=1 and download the series here https://itunes.apple.com/gb/tv-season/operation-ouch-season-3/id1164855856
Lots of science projects to take a deeper look at the human body.  Body parts and systems covered including:

Nervous system
- Brain
- Spine
 
Cardiovascular system
- Heart
- Blood
- Blood Pressure

Human Skin
- Cuts
- Burns
- Bruises and Blisters
- Birthmarks
- Scars
- Stretch Marks

Organs
- Skin
- Guts
- Brain
- Heart
- Kidneys
- Stomach
- Lungs

Immune system
- Allergies
- Verrucas
- Bacteria & Infections

Skeletal system
- Dislocations
- Toes
- Arms
- Legs
- Knees
- Feet
- Fingers
- Joints
- Bones

Human Head
- Hair
- Ears
- Yawning
- Mouth
- Eyes
- Teeth
- Lips
- Nose
- Throat

Endocrine system
- Height
- Insulin
- Sleep

#Operation Ouch #ScienceForKids",2019-03-20T16:00:02Z,1338234,https://www.youtube.com/watch?v=CZYqa9rOkDQ
iWWF5nN7fUA,Century-Old Drug Tested in Boys with Autism,"Suramin is a 100-year-old drug developed to treat African sleeping sickness. It is not approved for any therapeutic use in the U.S. However, a small clinical trial at UC San Diego School of Medicine found that a single intravenous dose of suramin produced measurable, but transient, improvements in five boys with autism spectrum disorder (ASD). More broadly, the trial findings support the “cell danger response theory,” which posits that autism is driven by metabolic dysfunction — and thus treatable. Larger, longer clinical trials are needed to assess suramin as an ASD treatment. 

In this video, we hear from lead researcher Robert Naviaux, MD, PhD, and the mothers of two boys who received suramin in the trial. 

For more information about Suramin and Autism, visit: 
https://health.ucsd.edu/suramin",2017-05-26T16:49:19Z,68637,https://www.youtube.com/watch?v=iWWF5nN7fUA
1be8NSAt-XA,What to expect during an autism assessment,"If you're a young person or the parent of a young person, watch our short film to find out what happens during an autism assessment.",2017-04-06T09:45:13Z,161121,https://www.youtube.com/watch?v=1be8NSAt-XA
ugvB87zzWVs,"Children&#39;s Autism Story: Meet Thallaich, Age 8","While Thallaich as a young toddler had developed to the point where there was recognition of his family, he had totally regressed by age two - a period that his mum calls his ""black hole"". His story helps demonstrate the challenges of raising a much loved child with autism.

Andrew Whitehouse, an Autism Researcher at Telethon Kids Institute explains some of the therapies and early intervention techniques being explored by his Autism Research Team to achieve his hope for every child to reach their full potential.

---

Telethon Kids Institute is a WA-based children’s research Institute with a worldwide impact on some of the most serious diseases and conditions of childhood. Non-profit and independent, kids are at the heart of everything we do.
• https://www.telethonkids.org.au

The Autism Research Team is a research centre at the Telethon Kids Institute. A key aim of the Autism Research Team is to develop new and innovative ways to deliver autism therapy to ensure every child has the very best opportunities in life.
• https://autism.telethonkids.org.au",2017-05-29T07:43:21Z,64324,https://www.youtube.com/watch?v=ugvB87zzWVs
PGwBWMN4-Po,What are the signs of autism and how does it affect the child?,"Autism Spectrum Disorder (ASD) is a broad spectrum of atypical behaviors exhibited by impacted individuals. Recognizing the autism signs and seeking a professional diagnosis is key to getting started on the path to a more fulfilling life. Regardless of where a child is on the spectrum, each life matters greatly. Through setting goals in partnership with the family and the primary care physician, Hopebridge utilizes ABA therapy to help each child become his or her best self.

Learn more about the diagnostic process and program: http://hopebridge.com.",2018-01-25T11:46:59Z,606863,https://www.youtube.com/watch?v=PGwBWMN4-Po
d4G0HTIUBlI,What is autism?,"This video gives you information about autism along with some of the work we do. If you would like to know more about autism head to: http://bit.ly/AboutAutism . If you wish to use this video on your website please contact us at webmanager@nas.org.uk for permission.

The National Autistic Society is the leading UK charity for people with autism and provides information, support and services. We campaign for a better world for people with autism. If you'd like to get involved head to: http://bit.ly/getInvolved

Passionate about autism? We'd love to have you as a member: http://bit.ly/AutMember

Narrator: Paul Wady
Lead Designer & Animator: Aidan Walker
Music & SFX: Alex Ensoll
Creative Facilitator: Many Artists Who Do One Thing",2014-04-02T12:38:49Z,1510788,https://www.youtube.com/watch?v=d4G0HTIUBlI
1CNY6BbtgS8,What Does it Feel Like to Have Autism? | Autism Awareness | Operation Ouch | Nugget,"Subscribe for more crazy, fun and exciting science facts: https://goo.gl/4XwBh1
You or someone you know may have autism. Dr Chris and Dr Xand of Operation Ouch find out what that feels like.

Nugget is a goldmine of some of the best TV shows, great for kids to learn and laugh outside of school. From crazy and weird science facts to mind-blowing magic tricks! Subscribe to be the first to see full episodes, clips and compilations from Operation Ouch, Art Ninja and more!",2019-03-19T16:13:22Z,422077,https://www.youtube.com/watch?v=1CNY6BbtgS8
0PHisBzsn6k,Autism Spectrum : Tips For Teachers : Nip in the Bud,"Watch time: 4:52 minutes 
Chapters:
00:00 Tips for teachers of children with Autism
00:41 Be aware of how challenging school is
01:11 Create a pupil passport for autistic students
01:56 Sensory overload, social exhaustion & quiet time
02:30 Be aware of undiagnosed learning difficulties in autistic children
02:54 Autistic children need clarity
03:23 Visual = confidence & independence 
03:41 Act as the autistic child's social bridge
04:31 Thank you!

This film gives Tips for Teachers who may have a child in their class with a diagnosis of Autism Spectrum Condition.
For more information, the accompanying comprehensive Fact Sheets and additional resources visit us at https://nipinthebud.org/
Please Like this film, subscribe and follow us if you would like to see more of our films on children's mental health and wellbeing - we'd really appreciate it and we think you will too.

You can also find more support and information in our Autism: how to support young children on the Autism spectrum Playlist:
https://www.youtube.com/playlist?list=PLS65xMu-topXJH4PEF2lICZErPntaTlXJ
These films range from how teachers and carers can help support children on the autism spectrum, to hearing from families' first-hand experiences of what it's like living as a non-neurotypical person in today's world. 

Here are a wealth of our other films for anyone interesting in children's mental health here:
Young children's mental health tips for Parents & Carers Playlist:
https://www.youtube.com/playlist?list=PLS65xMu-topXHqCqGCHl3dd0nJ5D8kboE

These films range from short films with tips on how to help children look after their mental health to insights into tips for teachers in the classroom if their students are experiencing symptoms of mental illness, neurodiverse or neurodevelopmental issues, or how to handle disclosures from children to anxiety about covid or going back to school. 

We also have more Mental Health tips for Teachers of young children in this Playlist:
https://www.youtube.com/playlist?list=PLS65xMu-topUH3FxJmIlA0F6cu-F6KC1G

Wellbeing tips for young children Playlist
https://www.youtube.com/playlist?list=PLS65xMu-topXUCBYOFDrShCQPvdYihfLy

Please  Like this film and subscribe if you would like to see more of our films on children's mental health and wellbeing - we'd really appreciate it and we think you will too.

Learn more about Children's Mental Health on our website: 

Children's Mental Health https://nipinthebud.org/
ADHD https://nipinthebud.org/adhd-in-children/
Anxiety https://nipinthebud.org/anxiety-in-children/
Autism Spectrum Condition https://nipinthebud.org/autism-in-children/
Conduct Disorder/ODD https://nipinthebud.org/conduct-disorders-in-children/
Depression https://nipinthebud.org/depression-in-children/
OCD https://nipinthebud.org/ocd-in-children/
PTSD https://nipinthebud.org/ptsd-in-children/

Find us on social media: 
Facebook https://www.facebook.com/NipintheBudFilm/
Instagram https://www.instagram.com/nipinthebudfilm/
Twitter https://twitter.com/nipinthebudfilm
LinkedIn https://www.linkedin.com/company/nip-in-the-bud/",2020-10-29T12:30:44Z,15963,https://www.youtube.com/watch?v=0PHisBzsn6k
YtvP5A5OHpU,Early Signs of Autism Video Tutorial | Kennedy Krieger Institute,"Want to be part of something big? Kennedy Krieger invites you to join SPARKforAutism, the US’ largest autism research study. Learn more by clicking here
https://sparkforautism.org/?code=kki


Tutorial On Early Signs of ASD:

The American Academy of Pediatrics (AAP), Centers for Disease Control, National Institutes of Health, autism advocacy groups and researchers have all drawn attention to the importance of the early detection of autism spectrum disorders (ASD) to make access to early intervention possible. The scientific literature indicates that the average age of ASD diagnosis is 4 years, despite the fact that about half of children with this neurodevelopmental disorder may be detected by age 14 months. The AAP recommends that ASD-specific screeners be administered within pediatric practices beginning at age 18 months. However, these screeners are imperfect and often require parents to provide 'yes' or 'no' answers to questions about the presence of certain behaviors. Yet ASD-related behaviors often present inconsistently, and are intermixed with behaviors seen in typically-developing children.  In addition, ASD-related behaviors often differ from typical development in quality, not just in quantity.  

To improve recognition of the early signs of ASD among pediatricians, parents, and early intervention providers, autism researcher Dr. Rebecca Landa (http://www.kennedykrieger.org/patient-care/faculty-staff/rebecca-landa) of Kennedy Krieger Institute ((http://www.kennedykrieger.org/) has developed a free 9-minute video tutorial on ASD behavioral signs in one-year-olds. The tutorial consists of six video clips comparing toddlers who show no signs of ASD to toddlers who show early signs of ASD. Each video is presented with voice-over explaining how the specific behaviors exhibited by the child, as they occur on screen, are either indicative of ASD or typical child development.  

Dr. Rebecca Landa is the director of the Kennedy Krieger Institute's Center for Autism and Related Disorders. The videos and information presented within this tutorial were obtained through her research, funded by the National Institute of Mental Health, focused on early markers of autism spectrum disorders and early developmental characteristics of children with and without ASD.

For more information, please visit http://www.autism.kennedykrieger.org.",2013-06-11T13:01:16Z,4429195,https://www.youtube.com/watch?v=YtvP5A5OHpU
hwaaphuStxY,What is Autism? | Cincinnati Children&#39;s,"http://www.cincinnatichildrens.org

Hello! I'm Dr. Meg Stone-Heaberlin, a Licensed Clinical Psychologist at Cincinnati Children's Hospital Medical Center and you're probably wondering...

What is Autism?

Well, a quick explanation is that Autism Spectrum Disorder or ""Autism"", for short, is a term that describes a variety of developmental differences in social interaction, communication, and behavior.

The Autism spectrum represents a diverse group of people with various skills and interests.

For example, some people with Autism can speak fluently while others may have difficulty communicating. Some people with Autism might communicate using pictures or devices.

Research suggests that Autism develops from a combination of genetic and environmental influences. These influences increase the risk that a child may have Autism.

Factors that may increase a person’s risk for Autism include: Family history of Autism, advanced parental age, pregnancy and birth complications and pregnancies spaced less than one year apart.

However, keep in mind that risk is not the same as known cause and there is no known cause for Autism.

Diagnosis comes from a medical doctor or psychologist after evaluating a child’s development history, social interaction, behavior, social-communication skills, and developmental or intellectual skills. 

Direct assessment and caregiver report are both important components of comprehensive Autism evaluations.

Autism can be detected as young as 18 months of age. The American Academy of Pediatrics recommends routine early screening by each child’s primary care doctor because early detection and intervention lead to improved outcomes.

Autism symptoms can vary from one person to the next and may present as difficulties in the following areas:

Speech and non-verbal communication, making eye contact, understanding facial expressions or other people’s feelings, playing or engaging interactively with peers, initiating pretend or imaginary play, sensory processing, including sensitivities to sounds, touch, or movement, flexibility and adjusting to changes in routine. 

For example, some individuals with Autism show a strong preference for routine or repetitive behaviors, or a tendency to hyper-focus on topics of interest.

People with Autism also have many strengths that are unique to each person, but might include: learning and remembering facts, events, and stories, sisual problem solving like doing math problems, puzzles, and figuring out how things work. Following routines and schedules, thinking about the world from a different perspective, leading to innovative and creative ideas or solutions to problems

The three most  common myths about Autism are:

People with Autism don’t feel empathy or emotions.

This is not true.

In fact, people with Autism have empathy, emotions, and feelings. They may just have a harder time showing their feelings or will demonstrate their emotions differently.

Another myth is that people with Autism can’t handle change.

That's not true either

The reality is, predictable routines and structure help all people feel safe and comfortable. Change can cause anxiety for anyone. People with Autism may be more likely to perseverate or “get stuck” when something unexpected happens.

Preparation, planning ahead, and time to adjust are three easy tools that can help people with Autism cope with change.

And the last one is people with Autism are not interested in having friends.

Nope, that’s not right!

Children and adults with Autism are often very interested in interacting with their communities and making friends.

Just like everyone else, people with Autism have a wide variety of interests and talents and particularly enjoy connecting with others with similar experiences and interests.

So, remember..

Autism affects the development of social interaction, communication, and behavior. No two individuals with Autism are alike. People with Autism have different strengths and challenges, just like all people. This is why it’s called “Autism Spectrum Disorder”.

Some factors that may increase the risk of Autism have been identified through research. Just because a factor has been associated with an increased risk of Autism does not mean that it causes Autism. More research is needed to understand the causes of Autism.

People with Autism have many strengths and view the world from a different perspective, adding rich neurodiversity to our world.

For more information, go to Cincinnati Children's dot org and search for ""Autism""
A message from Cincinnati Children's.

#autism #autismawareness #autistic",2022-01-21T17:46:13Z,8906,https://www.youtube.com/watch?v=hwaaphuStxY
xZcLW64hNCs,Understanding Social Cognition in Autism | Diverse Intelligences,"An inspiring new project aims to challenge how we think about autism, reframing it not as a disability but a difference.

We’re often led to believe that intelligence is an objective measure. Dr. Sue Fletcher-Watson and Dr. Catherine Crompton, researchers at the University of Edinburgh, seek to turn that framework on its head. In their Diverse Intelligences project, they are exploring the social intelligence of people on the autism spectrum. 

Learn more:
https://www.templetonworldcharity.org/projects/​neurodiverse-intelligence-examination-of-culturally-specific-social-intelligence-among",2019-08-26T21:59:08Z,16918,https://www.youtube.com/watch?v=xZcLW64hNCs
Y6yiLIfDb2o,Autism and Diversity,"To learn more about Autism Mental Health Literacy Project (AM-HeLP) and to read the Mental Health Literacy Guide for Autism visit: https://www.yorku.ca/health/lab/ddmh/am-help/

----- 

Autism and Diversity

We discuss how diverse autism is.

This video is 1 of 6 in the animated video series produced from the Mental Health Literacy Guide for Autism by the AM-HeLP Group.  

Videos were produced by: Spectrum Productions (https://www.youtube.com/c/Productionsspectrum/featured)
Voiceovers by: Riley Goldsmith (https://www.youtube.com/c/RileyLastname/featured) and members of the AM-HeLP Group
Scripts Written by: Paula Tablon Modica, Dr. Yona Lunsky, and Dr. Jonathan Weiss

This project was a collaboration between York University and Centre for Mental Health and Addiction, and was supported by the Public Health Agency of Canada.

© 2021 by Jonathan Weiss. All rights reserved.

-----

#Autism #Autisticadults #AutismAcceptance #Mentalhealth #MentalHealthLiteracy #YorkU #CAMHNews #AMHeLP",2021-04-27T11:30:07Z,3265,https://www.youtube.com/watch?v=Y6yiLIfDb2o
MQQwhnCVkXY,The Unexpected Connection Between Estrogen and Autism | SciShow News,"There's a lot we don't understand about autism spectrum disorder, but this week scientists announced that they may have found a link between the disorder and elevated hormone levels.

Hosted by: Stefan Chin

SciShow has a spinoff podcast! It's called SciShow Tangents. Check it out at http://www.scishowtangents.org
----------
Support SciShow by becoming a patron on Patreon: https://www.patreon.com/scishow
----------
Huge thanks go to the following Patreon supporters for helping us keep SciShow free for everyone forever:

Adam Brainard, Greg, Alex Hackman, Sam Lutfi, D.A. Noe, Piya Shedden, KatieMarie Magnone, Scott Satovsky Jr, Charles Southerland, Patrick D. Ashmore, charles george, Kevin Bealer, Chris Peters
----------
Looking for SciShow elsewhere on the internet?
Facebook: http://www.facebook.com/scishow
Twitter: http://www.twitter.com/scishow
Tumblr: http://scishow.tumblr.com
Instagram: http://instagram.com/thescishow
----------
Sources:

https://www.nature.com/articles/pr2009131
https://www.pnas.org/content/110/13/5258.short
http://dx.doi.org/10.1038/s41380-019-0454-9
https://jneurodevdisorders.biomedcentral.com/articles/10.1186/1866-1955-4-25
https://www.sciencedirect.com/science/article/abs/pii/S1364661302019046
https://theconversation.com/extreme-male-brain-theory-of-autism-confirmed-in-large-new-study-and-no-it-doesnt-mean-autistic-people-lack-empathy-or-are-more-male-106800
https://psycnet.apa.org/buy/2005-11115-001
https://www.sciencedirect.com/science/article/pii/S2451902216300349?via%3Dihub
https://www.nature.com/articles/mp201448
https://onlinelibrary.wiley.com/doi/abs/10.1111/jcpp.12602
https://www.sciencedirect.com/topics/chemistry/estriol
https://www.physiology.org/doi/full/10.1152/physrev.00010.2007 
https://academic.oup.com/endo/article/149/12/6433/2455502
https://www.ncbi.nlm.nih.gov/pubmed/12662130
https://onlinelibrary.wiley.com/doi/full/10.1034/j.1601-183X.2003.00037.x
https://www.nature.com/articles/mp201448
https://link.springer.com/article/10.1007%2Fs00787-011-0220-2
https://www.scienceopen.com/document_file/999a0845-73da-4dc6-8183-60444110fca5/PubMedCentral/999a0845-73da-4dc6-8183-60444110fca5.pdf
https://www.eurekalert.org/emb_releases/2019-07/uoc-hlo072619.php

IMAGES

https://commons.wikimedia.org/wiki/File:Estradiol_cypionate_molecule_ball.png

https://commons.wikimedia.org/wiki/File:Default_mode_network-WRNMMC.jpg

https://en.wikipedia.org/wiki/Estradiol",2019-08-02T21:00:01Z,275882,https://www.youtube.com/watch?v=MQQwhnCVkXY
PgFfercKfsA,Music Therapy for Autism Spectrum Disorder,"This video explores music therapy as a treatment for autism spectrum disorder (ASD). Music is used to address physical, emotional, cognitive and social needs of the person who has ASD. Treatment is provided through singing, dancing, listening or even creating music.

Video by Health Sciences students Curtis Menon, Jenna Price, Yousif Eliya and Balpreet Panesar. 

Copyright McMaster University 2017

References:

Autism Spectrum Disorder: Communication Problems in Children. (2017). NIDCD. Retrieved 16 November 2017, from https://www.nidcd.nih.gov/health/autism-spectrum-disorder-communication-problems-children

Challenges for ASD. Autism Community. Retrieved 16 November 2017, from http://www.autism-community.com/communication/challenges-for-asd/

Data & Statistics. (2017). Cdc.gov. Retrieved 16 November 2017, from https://www.cdc.gov/ncbddd/autism/data.html

Mulligan, J., MacCulloch, R., Roberts, W., & Steel, L. (2017). What Is Autism Spectrum Disorder?. Aboutkidshealth.ca. Retrieved 16 November 2017, from http://www.aboutkidshealth.ca/En/ResourceCentres/AutismSpectrumDisorder/WhatisASD/Pages/default.aspx

Music Therapy. (2016). Autism Canada. Retrieved 16 November 2017, from https://autismcanada.org/living-with-autism/treatments/related/music-therapy/

Mössler, K., Gold, C., Aßmus, J., Schumacher, K., Calvet, C., Reimer, S., ... & Schmid, W. (2017). The Therapeutic Relationship as Predictor of Change in Music Therapy with Young Children with Autism Spectrum Disorder. Journal of Autism and Developmental Disorders, 1-15.

McLaurin-Jones, T., Odogwu, C., Brooks, B., & Egu-Okoronkwo, N. (2017). Can music therapy improve social interaction and verbal communication in individuals with autism spectrum disorder?  Evidence-based practice 20, no. 4 (2017): E8 https://mospace.umsystem.edu/xmlui/bitstream/handle/10355/60151/EBP-201704-24.pdf?sequence=1&isAllowed=y",2017-11-27T18:40:08Z,82498,https://www.youtube.com/watch?v=PgFfercKfsA
oy2pjULLZ6k,Dying Young and Misunderstood: Autism in Adulthood | Elizabeth Weir | TEDxCambridgeUniversity,"Autism in adulthood is often overlooked, leading to worsened physical and mental health outcomes. Elizabeth argues for a reformation of current support systems to increase safeguarding and support for neurodiverse communities. Elizabeth Weir is a postdoctoral researcher at the Autism Research Centre at the University of Cambridge and a Rokos PDRA Fellow at Queens’ College. Elizabeth strives to fill gaps in current research by highlighting the needs of understudied and underserved groups within the autism community, including middle-aged and older people, those with diverse gender identities and sexual orientations, and those assigned female at birth. This talk was given at a TEDx event using the TED conference format but independently organized by a local community. Learn more at https://www.ted.com/tedx",2022-04-29T15:41:55Z,2632,https://www.youtube.com/watch?v=oy2pjULLZ6k
cIAL1SE0B6I,What does ADOS stand for? Autism Diagnosis Observation Schedule,"Dr. Allen explains that ADOS stands for autism diagnosis observation schedule. This is used to diagnose autism and it was developed at the University of Michigan. The ADOS is a structured observation schedule, not a test, it examines the child's behaviors and how the complete tasks. Dr. Allen adds that there is constantly research being done to improve the ADOS. 

About Henry Ford's Center for Autism and Developmental Disabilities

Henry Ford Center for Autism and Developmental Disabilities (CADD) is a comprehensive center that offers a variety of assessment and intervention options for children with Autism Spectrum Disorder and developmental disabilities from birth through adolescence. For more information, visit https://www.henryford.com/services/autism

About Henry Ford Health System 

Henry Ford Health System (HFHS) is a Michigan not-for-profit corporation governed by a 22-member Board of Trustees. Advisory and affiliate boards comprising 129 Trustee volunteer leaders provide vital links to the communities served by the System. HFHS is managed by Chief Executive Officer Nancy M. Schlichting.

HFHS is one of the nation's leading comprehensive, integrated health systems. It provides health insurance and health care delivery, including acute, specialty, primary and preventive care services backed by excellence in research and education. For more information, visit http://www.henryford.com",2011-04-01T03:40:36Z,22811,https://www.youtube.com/watch?v=cIAL1SE0B6I
NoQbskGHZdg,ADHD and Autism,"Adiaha Spinks-Franklin, MD, MPH, FAAP. Developmental Behavioral Pediatrician; Meyer Center for Developmental Pediatrics; Texas Children's Hospital. Associate Professor of Pediatrics, Baylor College of Medicine, Houston, TX. Recorded on 03/26/2021. [Show ID: 36969]

More from: Developmental Disabilities Update
(https://www.uctv.tv/developmental-disabilities)

UCTV is the broadcast and online media platform of the University of California, featuring programming from its ten campuses, three national labs and affiliated research institutions. UCTV explores a broad spectrum of subjects for a general audience, including science, health and medicine, public affairs, humanities, arts and music, business, education, and agriculture. Launched in January 2000, UCTV embraces the core missions of the University of California -- teaching, research, and public service – by providing quality, in-depth television far beyond the campus borders to inquisitive viewers around the world.
(https://www.uctv.tv)",2021-05-11T02:00:06Z,29357,https://www.youtube.com/watch?v=NoQbskGHZdg
QDnm4Ydm6ls,New autism treatment,New autism treatment,2020-11-23T22:55:20Z,108702,https://www.youtube.com/watch?v=QDnm4Ydm6ls
W5UFg2zyjWM,The Autism Phenome Project: Identifying subgroups of autism to improve interventions (2022),"Three UC Davis MIND Institute autism experts summarize the goals and findings of the Autism Phenome Project, a large, longitudinal study that aims to identify subgroups of autism by partnering with families. The unique, comprehensive project’s aim is to improve interventions and treatments for autistic individuals worldwide. This paper (https://www.frontiersin.org/articles/10.3389/fnins.2021.786220/full), published in Frontiers in Neuroscience, reviews the major findings of the project since 2006.

This video was revised as some found the music was too distracting so the sound level was brought down.",2022-04-04T16:16:51Z,522,https://www.youtube.com/watch?v=W5UFg2zyjWM
ixRSb00BplM,Autism symptoms in GIRLS,"Autism symptoms in girls can be quite different from the stereotypical presentation we see in the media (and which was taught to me as a Psychology undergraduate 10 years ago).

Autism in women and girls is far more likely to be diagnosed later in life, but we still struggle just as much as men on the spectrum, and struggling through when undiagnosed can be very detrimental to our mental health.

Watch this video for more information on:
- Stims
- Social skills/communication
- Executive functioning
- Special interests
- Sensory issues
- Co-morbid/ misdiagnosed mental health conditions

Video from invisible i which first made me think I might be autistic: https://youtu.be/5wKb5TUX49U

Suggested videos:
What is Autism? https://youtu.be/kt1r-GlRkJg
Autism diagnosis criteria: explained https://youtu.be/1yva4RZW_s0
What do autistic people seem weird? https://youtu.be/YiGZdMgPU7s

To learn more about my YouTube channel memberships, click the ""JOIN"" button or visit: https://www.youtube.com/channel/UCk5aCrQAppGZ8atiOpgYZ1A/join

If you like my content and just want to buy me a virtual coffee ☕ to support my work, or commission a video on a topic of your choice (see the ""commissions"" tab for details), you can buy me a Ko-Fi here: https://ko-fi.com/yosamdysam

🔀All my autism videos in one handy playlist 🔀: https://www.youtube.com/playlist?list=PLfWrZJcC_lTAJvhgia_UqpidfyNARkPCN 
👭 Autism in women/girls playlist 👭: https://www.youtube.com/playlist?list=PLfWrZJcC_lTDCKsfwEtLNWq96OgYHqA-b 
🐦My Twitter 🐦: https://twitter.com/Samantha_Stein
📷My Instagram 📷: https://www.instagram.com/yosamdysam/
✉ SIGN UP TO MY MAILING LIST ✉: https://www.subscribepage.com/yosamdysam 

#autismingirls #actuallyautistic #autism",2019-06-29T11:58:15Z,1810715,https://www.youtube.com/watch?v=ixRSb00BplM
CHYWaIZLYqo,Meet Donna | Autism Speaks,"Donna was officially diagnosed with autism at the age of 4 but was fortunate enough to start early intervention at 2 ½. Because she was nonverbal at the time, her parents feared that Donna would not be able to express her thoughts and emotions with them. But with the support of her school and the Autism Speaks community, Donna is thriving.

Donna and her family’s life changed when her insurance approved the use of a speaking device. Today, Autism Speaks has successfully advocated for autism insurance benefits covering 207 million people in all 50 states. Benefits enabling children, teens and adults with autism to obtain many of the therapies and services they need.

To read more about Autism Speaks' science, advocacy and awareness & acceptance efforts, or to read about some of our other exciting initiatives, please visit: www.autismspeaks.org.",2022-04-25T18:13:20Z,4132,https://www.youtube.com/watch?v=CHYWaIZLYqo
ckuqPTGbk38,&quot;Full of Potential&quot; | Autism Speaks,"Autism Speaks is committed to creating a world where all people with autism can reach their full potential.

To read more about Autism Speaks' science, advocacy and awareness & acceptance efforts, or to read about some of our other exciting initiatives, please visit: www.autismspeaks.org.",2021-11-12T16:54:50Z,16290,https://www.youtube.com/watch?v=ckuqPTGbk38
2lsXC-BADyY,Cannabis as a Natural Treatment for Autism,"Like this video about cannabis as a natural autism treatment and subscribe here: https://freeth.ink/youtube-subscribe-treatmentforautism

Up next- Using Virtual Reality to Help Kids with Autism: https://youtu.be/n87yaF37QEc

When typical medications simply aren’t doing enough to manage their children’s symptoms, mothers like Jenni Mai are turning to medical marijuana for a more natural autism treatment. 

With current regulations however, parents are having to become pharmacists for their own families and some are even moving across the country so they can legally access cannabis. 

The testimonials of parents like Mai who have administered cannabis to their autistic children are striking, but the medical research community has some catching up to do. 

If scientific studies prove what many parents believe to be true, it could open up a whole new world of legal treatment for those with autism spectrum disorder. 

See the full article on cannabis as a natural autism treatment here: https://www.freethink.com/videos/natural-autism-treatment

Follow Freethink.
-Facebook: https://www.facebook.com/freethinkmedia
-Twitter: https://twitter.com/freethinkmedia
-Instagram: https://www.instagram.com/freethink
-Website: http://www.freethink.com

Join the Freethink forum: http://www.facebook.com/groups/freethinkforum",2019-12-23T19:00:00Z,96663,https://www.youtube.com/watch?v=2lsXC-BADyY
LJJYgOtPpTs,Autism Diagnostic Criteria (DSM 5),"Autism diagnostic criteria (DSM 5). I'm talking through the DSM 5 criteria for an autism diagnosis. 

This will be a useful video if you're:
- Considering whether you might be autistic
- The carer or parent of a child who might be autistic
- Wanting to learn more about autism generally
- An autistic person wanting to know where the diagnostic criteria applies to them. 

Some online autism quizzes (these are not diagnostic tools but useful when you're exploring the possibility of autism):

The Aspie Quiz - https://embrace-autism.com/aspie-quiz/
The AQ test - https://embrace-autism.com/autism-spectrum-quotient/
The Cat Q (good for people who mask) - https://embrace-autism.com/autism-spectrum-quotient/

Join this channel to get access to perks:
https://www.youtube.com/channel/UCzske-KMAJYQn84rz6oD_yA/join

here is a link to all my stuff including:
https://direct.me/purpleella
-Ko-Fi - my tip jar
- My merch
- All my socials",2022-01-28T16:57:52Z,12318,https://www.youtube.com/watch?v=LJJYgOtPpTs
6jUv3gDAM1E,"Autism Spectrum Disorder, Causes, Signs and Symptoms, Diagnosis and Treatment","Autism spectrum, also known as autism spectrum disorder (ASD) or autism spectrum condition (ASC), is a range of neurodevelopmental disorders that includes autism and related conditions. Individuals on the spectrum present with two types of symptoms: problems in social communication and social interaction, and restricted, repetitive patterns of behavior, interests or activities. Symptoms are typically recognized between one and two years of age.Long term issues may include difficulties in creating and keeping relationships, maintaining a job, and performing daily tasks.

The cause of autism spectrum is uncertain.Risk factors include having an older parent, a family history of the condition, and certain genetic conditions.Diagnosis is based on symptoms.The DSM-5 redefined the autism spectrum disorders to encompass the previous diagnoses of autism, Asperger syndrome, pervasive developmental disorder not otherwise specified (PDD-NOS), and childhood disintegrative disorder.",2018-12-25T06:21:23Z,375685,https://www.youtube.com/watch?v=6jUv3gDAM1E
PWN-5sY10aI,WHAT FOODS IMPROVE AUTISM BEHAVIOR?,"Some research studies are looking at what, if any, foods can help young people on the autism spectrum",2020-02-27T18:59:32Z,34852,https://www.youtube.com/watch?v=PWN-5sY10aI
WRRF4NZB3WQ,7 Early Signs of Autism Every Parent Should Know,"There are several early signs of autism that could indicate that a young child requires further assessment for ASD (Autism Spectrum Disorder). In this video you'll learn what these early indicators are and how to spot them.

It's very important to note that the existence of one of more if these autism early indicators doesn't necessarily mean that your child is has ASD. They simply indicate that further assessment may be required to properly determine whether it's ASD or not.

After watching this video you'll also have a better understanding of specific behaviors which may be an early indicator of Autism.

✅ Get your free 0 - 12 months old developmental milestone chart here:
https://brightestbeginning.com/checklist/

👶 Learn how to make sure your baby hits their crucial developmental milestones in their first 6 months with my course, Bright Beginnings: https://brightestbeginning.com/courses/bright-beginnings/

📱 Follow me on Instagram: https://www.instagram.com/brightest.beginning/

☕ Just want to say thanks? A good coffee is the way to my heart 😂. You can buy me one here: https://www.buymeacoffee.com/emmahubbard

#emmahubbard #babydevelopment #earlysignsofautism


00:00 - 00:55 : Early Sign of Autism #1
00:56 - 01:52 : Early Sign of Autism #2
01:53 - 03:12 : Early Sign of Autism #3
03:13 - 04:29 : Early Sign of Autism #4  
04:30 - 06:01 : Early Sign of Autism #5
06:02 - 06:41 : Early Sign of Autism #6
06:42 - 07:45 : Early Sign of Autism #7


Disclaimer:
The content on this channel is not intended to be a substitute for professional medical advice and should not be relied on as health or personal advice.

If you have any questions or concerns about the health of your child, yourself or a family member, always seek guidance from your doctor or a qualified health professional. The content on this channel does not substitute, supersede or replace the advice of a medical professional. Never disregard the advice of a medical professional, or delay seeking professional medical advice because of something you have seen on this channel.

If you are in any way concerned that you or a person in your care may be experiencing a medical emergency, call the relevant emergency services in your area immediately.

External (outbound) links found on this channel, or resources, websites, or other content sources mentioned by this channel are not endorsed by this channel (Emma Hubbard) or it's owner (Hubbard Digital Pty. Ltd.) in any way. Under no circumstances is Emma Hubbard or Hubbard Digital Pty. Ltd. responsible for the claims of third party content providers, websites or educational providers.

If you wish to seek clarification on the above matters please contact Hubbard Digital Pty. Ltd. via the contact email on this channel.

https://youtu.be/WRRF4NZB3WQ",2022-05-04T10:30:03Z,153168,https://www.youtube.com/watch?v=WRRF4NZB3WQ
13DiS7cPgX0,Easy-to-Use Calming Strategies for Autism,"Please sign up for my FREE newsletter full of great tips and special education resources at http://www.therhythmtree.com/landing-page?tmpl=component .

As a board-certified music therapist, I use calming music and effective strategies to help anxious children with autism regulate their sensory systems. This music therapy video teaches you easy-to-use calming strategies for children with autism.  To listen to the calming recorded music as featured in the beginning of this video, please click here and choose your preferred streaming service: https://songwhip.com/ryanjudd/tranquil-guitar-soothing-music-for-relaxation-and-sleep

If you prefer downloads, you can download high-quality mp3s of my music here:
Amazon: https://amzn.to/2DUOdyw
iTunes: https://music.apple.com/us/album/tranquil-guitar-soothing-music-for-relaxation-and-sleep/1122294848

----------------------------------------------------------------------------------------------------------------------------------------------------------------
Ryan Judd
Ryan Judd has a master's degree in psychology and music therapy from one of the top contemplative education schools in the country. He is a board-certified music therapist and has been specializing in helping people with special needs for more than 22 years. The results he's achieved from integrating music and therapy are powerful and his work has even been featured on ABC World News Tonight and other national news outlets.

His mission is to elevate individuals with special needs to new heights developmentally, emotionally and expressively.

https://www.therhythmtree.com/

--------------------------------------------------------------------------
Let's get social! 

Facebook: https://www.facebook.com/RyanJuddMusic/
Website: https://www.therhythmtree.com/
--------------------------------------------------------------------------
Check out some of my other videos on my YouTube channel: https://goo.gl/i5QkPo",2015-02-08T21:52:22Z,1367177,https://www.youtube.com/watch?v=13DiS7cPgX0
Lk4qs8jGN4U,What is Autism?,"16% of autistic people and their families think the public understand autism in a meaningful way. 

We want to change this and create a society that works for autistic people, and with your help, we can. Share our new film, ‘What is autism?’ this #AutismAwarenessWeek, narrated by our ambassador, Alan Gardner. 

Visit www.autism/org.uk to learn more about autism.",2019-04-01T08:40:34Z,283252,https://www.youtube.com/watch?v=Lk4qs8jGN4U
mPPIv2nILS4,Adult Autism Assessment,"I'm talking about what happens in an adult autism assessment and reflecting on my own experiences when I was assessed for autism and diagnosed as an adult. 
If you like my videos check out my blog 💻 at http://www.purpleella.com

If you'd like to book me to speak about autism at your workplace, school or conference find more information:  
https://www.purpleella.com/public-spe...

💜Follow me on Twitter - 
https://twitter.com/Purpleella
💜Join me on Facebook -
 https://www.facebook.com/purpleella/
💜 Follow me on Instagram - https://www.instagram.com/purpleellaa...

If you want to contact me email me 📱ella@purpleella.com

A little bit about me: 
Hi I'm Purple Ella and my family is an autism family with three out of five of us on the autistic spectrum. I also have a connective tissue disorder (hypermobile Ehlers-danlos syndrome). So life can be a challenge but also a lot of fun. 

Helpful links
The National Autistic Society - http://autism.org.uk
Hypermobility Syndromes Association - http://hypermobility.org",2020-02-28T17:09:29Z,414751,https://www.youtube.com/watch?v=mPPIv2nILS4
3w1c4sF4ZTg,Autism Awareness Video: Diagnostic Criteria for Autism,"April is Autism Awareness Month. As part of our continuing effort to promote global awareness for autism, we are making our Training Video ""An Introduction to Autism"" available for family members, friends, educators and anyone who is interested in learning more about autism and the things they can do to screen young children for autism.

In the first of this 3 part installment, we look at the Diagnostic Criteria for Autism Spectrum Disorders.",2012-04-04T16:40:59Z,833429,https://www.youtube.com/watch?v=3w1c4sF4ZTg
DKOiPpFtGNA,Autism spectrum disorder assessment,"http://raisingchildren.net.au
In this video a psychologist and a speech pathologist talk about what happens in an assessment for autism spectrum disorder (ASD).

As part of ASD assessment, health professionals use activities like puzzles, games and pretend play to observe a child’s behaviour, social skills and communication. They also talk to parents to find out about the child’s early development.",2017-11-21T03:31:11Z,36835,https://www.youtube.com/watch?v=DKOiPpFtGNA
6eS2CBMSZ4E,Autism Symptoms and Behaviors - Home Video,"I made this video to show the behaviors my ASD son displayed throughout the years.  These classic autism symptoms were the clues that lead to us diagnosing and embracing his autism. Intervention has been so crucial for us to overcome the obstacles in communication and learning. Everyday, we are seeing our son make so many improvements in the areas he use to struggle in.",2017-01-31T22:45:02Z,2876087,https://www.youtube.com/watch?v=6eS2CBMSZ4E
uKxj0ztxkQ0,Let&#39;s talk about Autism : An Autism awareness video for parents,"Autism Spectrum Disorder (ASD) is one of the common childhood neuro-developmental disorders and results in speech delay and difficulty in relating to the people and world around.
April is Autism Awareness month. World Autism Awareness day is observed every year on the 2nd of April with an intention to promote a better understanding about Autism.
This video talks about some of the common signs of Autism spectrum Disorder.
Understanding Autism better will pave  the way to inclusion in education, employment and the society. Early diagnosis followed by early intervention can yield excellent outcomes.

Issued in Public interest by Developmental Paediatrics unit, Christian Medical College Vellore in an effort to promote awareness of Autism. 

#Autism #AutismAwareness

Music credits: Downloaded from Pixabay- https://pixabay.com/music/build-up-scenes-inspiring-cinematic-background-music-for-videos-5717/",2022-04-02T02:30:13Z,2411,https://www.youtube.com/watch?v=uKxj0ztxkQ0
n4Ce3rYkuEQ,10 Female Autistic Traits | AUTISM IN GIRLS,"I'm Olivia Hops and welcome to my channel! Today’s video is about my Top 10 Female Autistic Traits.


In this video, I talk about 10 autistic traits that affect me on a regular basis and share my experience getting diagnosed with autism spectrum disorder at 24 years old. I go over my sensory issues, from needing certain sheets to not eating certain foods to not being able to go to movie theaters. I also cover a TMI topic: gut issues! They're related to autism. Who knew?! I also talk about a very common autism trait: having a hard time with change.


Many times when boys and girls have similar autistic traits, males get diagnosed, but females often do not. Females tend to get diagnosed only when their autistic traits are significantly and visibly debilitating. Clinicians are missing many girls who are on the less disabling end of the autism spectrum because we are often so good at hiding our autistic traits.


Although these traits are very common in girls and women, boys and men can have them, too! Traits are not exclusive to one gender. Also, please remember that not everyone will have these traits. Every autistic person is different, just like every neurotypical person is! And just because you have some of these traits does not make you autistic, and just because you DON'T have some of these traits doesn't make you NOT autistic. Only a doctor can officially diagnosis.


Girls are so often misdiagnosed or go undiagnosed with autism until well into adulthood. Please help spread awareness to girls and women on the spectrum by sharing this video. My goal with this video is to help other people ""figure themselves out,"" just like my adult autism diagnosis did for me. Getting young girls diagnosed could change their lives and allow them to not deal with as many of the struggles I did growing up because I had no idea what was ""wrong"" with me.


My Top 10 Female Autistic Traits:
• Sensory Issues
• Mental Illnesses
• Inflexibility
• Difficulty/Dislike Socializing
• Selective mutism
• Black and white logical thinker
• Gut Issues
•  Long-term and Short-term Memory
• Meltdowns
• Struggle with Empathy


Autism spectrum disorder is a condition that affects the way people behave, socialize, and communicate with others. This disorder is commonly referred to simply as autism. It used to be broken down into sub-types, such as Asperger’s syndrome, but it’s now treated as a condition with a wide-ranging spectrum of symptoms and severity.

Please enjoy and make sure to watch the video until the end to gain extra knowledge! Thank you so much for watching and I will see you in the next one!


If you like the video, please SUBSCRIBE and don't forget to press the bell 🔔, 👍like, comment and share. Stay safe and love to all!
---------------------------
▶️ Please Subscribe: https://www.youtube.com/channel/UCCWryFHAlROoL-upxgaF_4w
---------------------------
▶️ For Business and Other Inquiries: olivia@autisticallyme.com
---------------------------
▶️ keep In Touch:
• Instagram: https://www.instagram.com/oliviahops/
---------------------------
▶️ Other Contents:
• I was Groomed as an Autistic Teen: https://youtu.be/dnHlpkAM9IA
• How Autism Affects Mental Health: https://youtu.be/PXT0elZsmyY
• Autism and Relationships Part 2: https://youtu.be/sKIrX3pBvV4
• 9 Childhood Autistic Traits in Girls: https://youtu.be/YLiOARAtFNs
---------------------------
#autistictraits #autismingirls #OliviaHops #autismgirls #autismspectrum #femaleswithautism #autisticfemales #asdtraits #aspergers #autism #autistic #asd #ActuallyAutistic",2020-02-17T19:35:45Z,1570482,https://www.youtube.com/watch?v=n4Ce3rYkuEQ
ae_Isyek5Ac,World&#39;s most effective autism diagnosis tool developed by Melbourne researchers | ABC News,"An early screening tool developed by Melbourne researchers is being hailed as the world's most effective at diagnosing people on the autism spectrum.
Subscribe: http://ab.co/1svxLVE  Read more here: https://ab.co/3w6htNU
Researchers say children can now be diagnosed as young as 11 months.
It's hoped the test can be rolled out nationwide.
Leanne Wong reports.

ABC News provides around the clock coverage of news events as they break in Australia and abroad, including the latest coronavirus pandemic updates. It's news when you want it, from Australia's most trusted news organisation.

For more from ABC News, click here: https://ab.co/2kxYCZY
Watch more ABC News content ad-free on iview: https://ab.co/2OB7Mk1

Go deeper on our ABC News In-depth channel: https://ab.co/2lNeBn2
Like ABC News on Facebook: http://facebook.com/abcnews.au
Follow ABC News on Instagram: http://instagram.com/abcnews_au
Follow ABC News on Twitter: http://twitter.com/abcnews

Note: In most cases, our captions are auto-generated.

#ABCNews #ABCNewsAustralia",2022-03-13T01:50:43Z,6865,https://www.youtube.com/watch?v=ae_Isyek5Ac
H4ICGi3BaS4,New autism treatment targeting the gut to be trialled in Australia | 9 News Australia,"A new therapy that helps treat some of the more extreme symptoms of autism is about to be trialled in Australia. Rather than targeting the brain, the drug will focus on the gut to ease anxiety, aggression and tantrums. Subscribe and 🔔: http://9Soci.al/KM6e50GjSK9 | Get more breaking news at 9News.com.au: http://9Soci.al/iyCO50GjSK6

► 9News Lunch Podcast | Listen Weekdays at 12.30pm AEST: https://omny.fm/shows/the-9news-lunch-podcast FOLLOW 9News Australia

► Facebook: https://www.facebook.com/9News/
► Twitter: https://twitter.com/9NewsAUS
► Instagram: https://www.instagram.com/9news/

Join 9News for the latest in news and events that affect you in your local city, as well as news from across Australia and the world.

#9News #BreakingNews #NineNewsAustralia #9NewsAUS",2022-04-13T09:16:05Z,9508,https://www.youtube.com/watch?v=H4ICGi3BaS4
3UOwKacq3Ao,Catching Early Signs of Autism | NSF Science Now,"Catching early signs of autism in infants.  About one in fifty-nine children in the U.S. has an Autism Spectrum Disorder or ASD.  Diagnosis usually takes place on or after the age of three.  Is it possible to spot ASD earlier?  A new study by researchers at the University of Miami, with funding from the National Science Foundation, has found that infants who exhibit early signs of social difficulty and have older siblings with Autism Spectrum disorder are at high risk of being diagnosed with ASD when they are older.  Building on earlier research in Daniel Messinger’s lab, PhD. candidate Katherine Martin and others studied 95 15-month old infants, both high and low risk. They examined how the infants react to being separated briefly from a parent.  While most children will cry, they eventually calm down.  In the study, the high-risk infants who were later diagnosed with autism had trouble calming down, even when the parent returned.  The team says this indicates that the infants are not confident in their ability to be soothed.  The researchers determined that these high-risk infants with insecure-resistant attachments were later more than nine times more likely to receive an ASD diagnosis than high-risk infants with secure attachments.",2020-03-25T16:54:54Z,192156,https://www.youtube.com/watch?v=3UOwKacq3Ao
XLKZhe2UKi4,National Autism Awareness Month: Autism Society #CelebratesDifferences,"The Autism Society conducted a series of interviews with neuro-typical people to learn how much they knew about autism. Host, Adin Boyer, shares a big reveal at the end of the video, challenging misconceptions about autism.
Please visit the Autism Society website: www.autism-society.org
Autism Society NAAM Website: www.autismawarenessmonth.org

Production Crew: www.optionsforall.org",2020-03-31T21:01:43Z,22834,https://www.youtube.com/watch?v=XLKZhe2UKi4
PCpKPgxwroc,Family using CBD to treat autism,One couple says CBD oil is helping their teenage son handle his anxiety and other symptoms associated with autism.,2019-12-09T12:22:48Z,11513,https://www.youtube.com/watch?v=PCpKPgxwroc
DsHXYMdXzy4,Living with Tourette&#39;s and Autism (Uncontrollable Tics),"Rylan is diagnosed with Tourette syndrome and autism. He hopes that when others meet him they will ignore his tics and be his friend.

Insta: http://www.instagram.com/specialbooksbyspecialkids
Twitter: http://www.Twitter.com/chrisulmer",2018-02-23T01:19:26Z,1045325,https://www.youtube.com/watch?v=DsHXYMdXzy4
z7NeBs5wNOA,10 Early Signs of Autism (UPDATED),"Update: This video is for educational purposes and intended for universities, libraries, general audiences, etc. THIS IS NOT a video targeted specifically to minors, nor do we collect data on minors.
How do you know if your little one has autism? This video aims to help you discover answers and covers clinical examples found in many individuals with ASD (Autism Spectrum Disorder). Also as a side note, we mention echolalia in the speech example, but this particular example (even though Alistair repeated what he heard) was also an example of palilalia (constantly repeating), for more info about repetition of words, see here...https://www.youtube.com/watch?v=x7DEpUmJTbM

https://www.patreon.com/autismfamily",2018-02-27T01:37:07Z,9296589,https://www.youtube.com/watch?v=z7NeBs5wNOA
ZfzqBCC30as,Life with autism: In their own words,"In honor of  Autism Awareness Month, people on the autism spectrum tell the world what life is like.",2012-04-05T17:27:18Z,155060,https://www.youtube.com/watch?v=ZfzqBCC30as
1yva4RZW_s0,Autism diagnosis criteria: explained (DSM-5),"The autism diagnosis criteria are written for professional use and are therefore shrouded in mysterious and somewhat opaque language. In this video, I'm attempting to explain the DSM criteria for autism diagnosis (under the umbrella of Autism Spectrum Disorder) which is used in North America and parts of Europe (the ICD-11 is a more international version, but it is largely the same for the purposes of autism diagnosis)

To read the DSM-5 criteria for yourself:
https://www.cdc.gov/ncbddd/autism/hcp-dsm.html

Getting an adult diagnosis of autism: is it worth it? https://youtu.be/SUJJ_7gMtDk
Being autistic at uni: https://youtu.be/rBhmjFuJNpY

👩‍💻To join my Discord server for exclusive content, perks, community and giveaways, please go to my Ko-Fi page and sign up for the Monthly option: https://ko-fi.com/yosamdysam 👩‍💻
(☕If you like my content and just want to “tip” me, you can buy me a single Ko-Fi ☕)

🔀All my autism videos in one handy playlist 🔀: https://www.youtube.com/playlist?list=PLfWrZJcC_lTAJvhgia_UqpidfyNARkPCN 
👭 Autism in women/girls playlist 👭: https://www.youtube.com/playlist?list=PLfWrZJcC_lTDCKsfwEtLNWq96OgYHqA-b 
🐦My Twitter 🐦: https://twitter.com/Samantha_Stein
📷My Instagram 📷: https://www.instagram.com/yosamdysam/
✉ SIGN UP TO MY MAILING LIST ✉: https://www.subscribepage.com/yosamdysam",2020-05-08T17:30:22Z,383345,https://www.youtube.com/watch?v=1yva4RZW_s0
qNgLrPkp2y4,Autism vs ADHD  (The Difference between ADHD and Autism Spectrum Disorder),"Autism vs ADHD. The difference between ADHD and Autism is not always immediately obvious.
Is it Autism or ADHD, or BOTH Autism AND ADHD?! Getting the right diagnosis is important!
The difference between autism and ADHD can be subtle sometimes. In some areas they seem opposite but there are lots of overlapping characteristics too.

CHANNEL LINKS:
Patreon: https://www.patreon.com/aspergersfromtheinside
Facebook: https://www.facebook.com/aspergersfromtheinside
Twitter: https://twitter.com/AspieFromInside
Written Blog: https://aspergersfromtheinside.com/
More Videos: https://www.youtube.com/c/aspergersfromtheinside
Email: aspergersfromtheinside@gmail.com
-----------------------------------------------

// WELCOME TO ASPERGERS FROM THE INSIDE!!

My name is Paul and I discovered I have Aspergers at age 30.
If you're new you can check out a playlist of some of my most popular videos here: https://www.youtube.com/c/aspergersfromtheinside/playlists

Yes, I know, I don't look autistic. That's exactly why I started this blog, because if I didn't show you, you would never know.

As the name suggests, this channel is devoted to giving you insight into the world of Aspergers.
This blog started off being just my story, but I've learned SO MUCH about my own condition
from meeting others on the Autism Spectrum that now I make sure to feature their stories as well.

I've come a long way in my own personal journey.
Now I'm sharing what I've found so you don't have to learn it the hard way too.

-----------------------------------------------

// WHAT TO EXPECT FROM THIS BLOG

You can expect me to get to the point with concise useful information.
I focus on what is most important and don't shy away from difficult topics.

The best way to learn about Autism is to see it in real life ( i.e. via the stories of many, many people on the spectrum).

In this channel I endeavour to show you what Autism and Aspergers look like in real people and to also give you some insight as to what's happening on the inside.
I upload a new video every weekend with some bonus content thrown in mid-week too.
There's always new stuff coming through so be sure to check back and see what you've missed. (Is this where I'm supposed to tell you to hit that subscribe button?)

Topics Include:
- What is Aspergers/Autism?
- Aspie Tips, coping strategies, and advice on common issues
- Learning Emotional Intelligence (this is my special interest!)
- Autism in real life: stories from special guests

Everything I do is and endeavour to go deeper and take you 'behind the scenes' to understand what may, at first glance, seem 'odd'.
oh, and I love busting stereotypes and turning preconceptions upsidedown :)

-----------------------------------------------

// ABOUT ME

I discovered I have aspergers at the age of thrity.
It has been my life's mission to understand these funny creatures we call humans.
My special interest is a combination of emotional intelligence, psychology, neuroscience, thinking styles, behaviour, and motivation. (I.e. what makes people tick)
My background is in engineering and I see the world in systems to be analysed.
My passion is for taking the incredibly complex, deciphering the pattern, and explaining it very simply.
My philosophy is that blogging is an adventure best shared.

-----------------------------------------------

// EMOTIONAL INTELLIGENCE TRAINING

I also run autism friendly online emotional intelligence training. So if you like my direct, systematic style, and would like to improve your own emotional intelligence skills, check it out here:
http://emotionsexplained.com.au

-----------------------------------------------

// CONTACT

Blogging is an adventure best shared which means I'd love to hear from you!
Feel free to leave me a comment or send me and email at any time and I'll do my best to respond promptly.
Email: aspergersfromtheinside@gmail.com

Thanks for reading and I hope you enjoy this channel!
I look forward to hearing from you!

Peace,

~Paul",2020-05-08T23:00:14Z,920289,https://www.youtube.com/watch?v=qNgLrPkp2y4
wKlMcLTqRLs,Autism — what we know (and what we don&#39;t know yet) | Wendy Chung,"In this calm and factual talk, geneticist Wendy Chung shares what we know about autism spectrum disorder — for example, that autism has multiple, perhaps interlocking, causes. Looking beyond the worry and concern that can surround a diagnosis, Chung and her team look at what we've learned through studies, treatments and careful listening.

TEDTalks is a daily video podcast of the best talks and performances from the TED Conference, where the world's leading thinkers and doers give the talk of their lives in 18 minutes (or less). Look for talks on Technology, Entertainment and Design -- plus science, business, global issues, the arts and much more.
Find closed captions and translated subtitles in many languages at http://www.ted.com/translate

Follow TED news on Twitter: http://www.twitter.com/tednews
Like TED on Facebook: https://www.facebook.com/TED

Subscribe to our channel: http://www.youtube.com/user/TEDtalksDirector",2014-04-28T15:31:46Z,2185248,https://www.youtube.com/watch?v=wKlMcLTqRLs
JiKox8nkCOc,Importance of autism early intervention,WRTV's Nikki DeMentri introduces us to a boy named Lucas who is living proof of the importance of autism early intervention.,2022-03-24T23:02:12Z,787,https://www.youtube.com/watch?v=JiKox8nkCOc
Xexl4Tq8wBs,Autism and Masking webinar,"We were lucky to be joined by the three authors behind the new book Autism and Masking: How and Why People Do It and the Impact It Can Have. Dr Felicity Sedgewick, Dr Laura Hull and Helen Ellis took us through the work that sits behind their book.

They also helped explain what the main types of masking are and in the Q&A section responded to questions from the live audience on topics as diverse as masking in children to how neurotypical people can support autistic people.

Introduction: 00:00
Presentation: 2:47
Q&A: 29:52

Autism and Masking Book: https://www.waterstones.com/book/autism-and-masking/felicity-sedgewick/laura-hull/9781787755796 
Autism and Masking eBook (Kindle): https://amzn.to/3Bdf4BF

Autistica is the UK’s leading autism research and campaigning charity. Our vision is a world where every autistic person lives a happy, healthy, long life. Our mission is to enable breakthroughs by working with autistic people, funding research and shaping policy to make more of a difference. 

Learn more about us and connect with us:

https://www.autistica.org.uk
Twitter: https://twitter.com/Autistica
Facebook: https://facebook.com/AutisticaCharity
Insta: https://instagram.com/AutisticaUK
Linkedin: https://www.linkedin.com/company/Autistica",2022-02-10T11:00:51Z,657,https://www.youtube.com/watch?v=Xexl4Tq8wBs
6oEtF8FdqpA,Autism Debate with Jenny McCarthy on &#39;The Doctors&#39; (Part 1),"Subscribe to The Doctors: http://bitly.com/SubscribeTheDoctors
LIKE us on Facebook: http://bitly.com/TheDoctorsFacebook
Follow us on Twitter: http://bitly.com/TheDoctorsTwitter

For more, visit: http://thedoctorstv.com

Jenny McCarthy, Dr. Jerry Kartzinel and J.B. Handley, co-founder of Generation Rescue, join The Doctors to discuss the causes of autism. Are vaccines to blame? Watch the first part of the heated debate.",2009-05-07T16:26:03Z,898071,https://www.youtube.com/watch?v=6oEtF8FdqpA
brBYzbZiImc,How to Toilet Train a Child with Autism | Autism,"Learn more about Autism with these Tools and Resources:
NeuroTribes: The Legacy of Autism and the Future of Neurodiversity: http://amzn.to/1MeQvSu
Autism Breakthrough: The Groundbreaking Method: http://amzn.to/1PiTfUb
101 Games and Activities for Children With Autism: http://amzn.to/1Ru8qsR
Stack It Peg Game With Board Occupational Therapy Game: http://amzn.to/1Zd77Us
The Asperkid's (Secret) Book of Social Rules: http://amzn.to/1OlWHga

Watch more How to Understand Autism videos: http://www.howcast.com/videos/516143-How-to-Toilet-Train-a-Child-with-Autism-Autism

How to Toilet Train a Child with Autism?

Toilet training can be a challenge in children with an autism spectrum disorder. These children have difficulty with the speech and language, communication, social engagement, as well as wanting routing, and tend to be preservative and at times rigid. So, all these three core characteristics and features can come in the way. In order to be toilet-trained, you need to have a word for it. You need to have the awareness of it, and being speech-delayed or not having the language can be an impediment. So finding a word, getting the child familiar, once they have a few word vocabulary, whether you want to use ""poop"", or ""toilet time"" or whatever language and whatever lingo you want, find a consistent word. When the child has a dirty diaper, you need to say it. 

Have them repeat it if possible. You also need to pick up on some of the cues that your child will give you before they have a bowel movement. For example, even in their diaper, you see a change in expression, whether the face gets flushed or they're going into the corner. If you can use that time to get them to come on to a toilet seat, it would be helpful. Having them watch and monitor other people using the toilet. See if they will do it through imitation, getting them a little toilet seat. I mean a lot of these you use for regularly developing kids, and you can use the same strategies.

With kids with an autism spectrum disorder, you need to be a little bit more sensitive to their sensitivity, which may be sensory. They may not like the sound of the flush. They may not like the texture of the seat they're on. They may get comfort by actually wanting to have the bowel movement in the diaper, because they're used to that sensation and that proximity, so doing things on a gradient and actually analyzing what the issues are with your particular child. 

One of the tips that I do find helpful and parent's use is something known as the 'gastrocolic reflex'. They're generally after a meal. When there is the gastrointestinal system active, soon after you have a bowel movement, and watching your child, for what is their routine, when in their day do they end up having a bowel movement, you can use that time. I've had kids hold on to their bowel movement as a control issue, and you see that happening to the point of stool leaking out and it becoming something we call 'encopresis'. And for that, you need to speak to your primary doctor because stool may have been held on to and gotten constipated and impacted. Those kids need medical care and medical intervention of laxatives and stool softeners, etc.

But routine toilet training, as you develop language, as there's flexibility, as there's change in routine, and a lot of kids just one day decide, watching somebody else, that ""I want to use the toilet."" I've had cases where kids have been toilet-trained overnight. And for some kids, it becomes an issue of sensitivity to the much older, and you have to work with you child involving not just the pediatrician to rule out medical issues, but possibly the occupational therapist and the psychologist if there's a behavioral beast with. There are many strategies out there. You can choose which one works for your child, and share it.",2019-06-07T19:00:04Z,69745,https://www.youtube.com/watch?v=brBYzbZiImc
GJEqIZbv87Y,8 Common Early Signs of Autism,"Hanen Speech-Language Pathologist, Fay McGill, talks about some of the traits or behaviours you might see in young children on the autism spectrum. While having one or more of these traits does not mean a child has autism, it’s important to be aware of them so that you can consult a professional for guidance if you are concerned about your child’s communication.

Note: The examples in this video represent a few traits that may co-occur with Autism Spectrum Disorder. This is not a complete list and this video does not replace the advice of a medical professional. If you are concerned about your child’s development, consult your doctor. 

Read more – http://www.hanen.org/Helpful-Info/Autism-Corner.aspx 
Stay Connected: 
Website: http://www.hanen.org
Facebook - https://www.facebook.com/thehanencentre
Twitter - https://twitter.com/TheHanenCentre
Instagram - https://www.instagram.com/thehanencentre
LinkedIn - https://www.linkedin.com/company/thehanencentre

The Hanen Centre is a not-for-profit organization committed to promoting the best possible language, social and literacy skills in young children. We believe that parents and caregivers have the biggest influence on children’s early language learning and that the best learning happens during the everyday interactions they have together. We created this channel as part of our efforts to share practical, research-based information with these important people in children’s lives so that they can nurture the early skills that make a life-long difference for all children. 

We aim to educate and raise awareness of Hanen programs and their concepts.  This channel is for parents, caregivers, speech language pathologists and other professionals working with young children.",2018-08-17T19:51:12Z,1159998,https://www.youtube.com/watch?v=GJEqIZbv87Y
sWKEBAXd-Lw,Long-Term Study May Help Explain What Causes Autism,"According to the Centers for Disease Control and Prevention, it's estimated 1 in 44 children in the U.S. has been diagnosed with autism. For more than 20 years, researchers have conducted a new long-term study on autism – involving more than 115,000 children— looking into what causes it, and how it might be prevented. #autism #children #cdc #newsy 

-------------------------------------

Newsy is your source for news and analysis covering the top stories from around the world. With persistent curiosity and no agenda, we strive to fuel meaningful conversations by highlighting multiple sides of every story. It’s news with the why.

Join our newsletter at http://bit.ly/2q1tepr
See more at http://www.newsy.com/
Like Newsy on Facebook: http://www.facebook.com/newsy/
Follow us on Twitter: http://www.twitter.com/newsy",2022-04-04T19:10:22Z,1977,https://www.youtube.com/watch?v=sWKEBAXd-Lw
y8MBhYsGu4c,&#39;Autistics on Autism&#39;,Kerry Magro is an award-winning professional speaker and best-selling author who's on the autism spectrum... his new book talks about what happens to autistic children when they become autistic adults,2022-03-29T14:39:45Z,763,https://www.youtube.com/watch?v=y8MBhYsGu4c
CLiU-VjGsvs,Autism: It’s More Normal Than You Think,"While there are several different instances of Autism across the spectrum, there’s no real reason to treat those with Autism any differently than those who don’t have it! In this video, both Autistic teens and non-Autistic teens share their point of view. 

Navigating Teen Life doesn’t stop here! Subscribe to our channel for more videos like this. Plus, follow us on Insta and find a ton of resources on our Navigating Teen Life page. 

Subscribe: https://www.youtube.com/c/NavigatingTeenLife
Instagram: https://www.instagram.com/navigatingteenlife/
Website: http://www.childrenspeds.com/health-resources/just-for-teens",2019-12-09T18:08:29Z,20363,https://www.youtube.com/watch?v=CLiU-VjGsvs
xTLUYda-0O8,Young people explain autism | Ambitious about Autism,"Watch Ambitious about Autism’s Youth Patrons explain what its really like being autistic and how you can support autistic people. 

This video was created thanks to support from MariaMarina Foundation.

www.ambitiousaboutautism.org.uk",2020-08-12T11:48:46Z,39621,https://www.youtube.com/watch?v=xTLUYda-0O8
LHBvK-MiHyY,Common Teaching Mistakes to Avoid for Children with Autism,"Dr. Mary Barbera discusses some common teaching mistakes with Theresa McKeon, creator of the TAGTeach teaching methodology.
Sign up for a free workshop to start turning autism around: https://bit.ly/3dTsoB0
Subscribe to get more insightful videos about #autism and related topics at: https://goo.gl/cGSdxX

As parents and professionals trying to help children with autism progress in life and reach their fullest potential, we’re bound to make mistakes from time to time. And in today’s video, I’m talking with Theresa McKeon about some teaching mistakes to avoid. This is an excerpt from one of my podcast episodes, where we discuss TAGTeach, a teaching methodology. While we don’t necessarily cover the “dos and donts of teaching”, I thought I’d share this snippet as it covers some autism teaching mistakes that I’ve seen happen frequently throughout my career.

Sometimes when trying to teach too eagerly it’s best to think about what needs to truly be addressed. Does the skill need to be broken down more? Does the environment need to be quieter? Do we need to react in a different way towards the learner? The key factor in making progress is trying new things that work. How not to teach children with autism is trying the same thing repeatedly and getting frustrated. Avoid these teaching mistakes and give your children or clients a better chance of learning more progressively.

Check out the full podcast episode with Theresa McKeon here:
https://bit.ly/3sUk5cE

Subscribe on Facebook for more free resources:
https://bit.ly/3dVoeIY

If you enjoyed this video about teaching children with autism and autism teaching techniques, be sure to subscribe to the channel, like this video and visit my website below. If you have more questions, leave them down in the comments section, and I will do my best to answer you. Thanks for watching today's video blog, and let's #turnautismaround together!

Interested in learning more about teaching a child with autism, special needs parenting, or other autism and special needs topics in the mental health in children niche?
Visit us: https://bit.ly/3tZR1lb
Contact us: Info@MaryBarbera.com

You can also connect with us at:
Facebook: https://MaryBarbera.com/facebook
Twitter: https://MaryBarbera.com/twitter

Dr. Mary Barbera. I fell into the autism world as an autism mom in 1999 when her first-born son, Lucas, was diagnosed with autism. Since then, she became a Board-Certified Behavior Analyst and best-selling author of The Verbal Behavior Approach. Since 2015, she’s created 3 autism online courses based on applied behavior analysis for professionals and ""gung-ho"" parents. Whether you’re looking for autism parenting strategies, working with development delays in children, or in search of autism help for professionals, I can encourage you to subscribe to the channel and join me on my journey. I’ll be providing weekly autism resources that you don’t want to miss.",2019-09-04T18:44:35Z,43869,https://www.youtube.com/watch?v=LHBvK-MiHyY
myCNIuPZ5y4,5 Things You Don&#39;t Know About Autism (Part 2 of 2),"Watch 5 Myths about Autism  PART 1: https://youtu.be/qVlHGox0Vpc

Just over forty years ago, autism was first recognized as a distinct diagnosis in the DSM-III. Since then, awareness of autism has become widespread among the public and thankfully most of this has been respectful and positive. Unfortunately, there have also been unscientific myths about autism that exploit some people’s confusion and anxiety. These contribute to negative stigma and make it harder for autistic people to truly be understood and flourish in society. Have you fallen prey to any of these myths? 

Writer: Brian Cham 
Script Editor: Vanessa Tao 
Script Manager: Kelly Soong 
Voice: Amanda Silvera
Animator: Sun Biscuit
YouTube Manager: Cindy Cheong 

References: 
Bennett, M., Webster, A. A., Goodall, E., & Rowland, S. (2019). Life on the Autism Spectrum: Translating Myths and Misconceptions into Positive Futures. Springer.",2022-01-05T01:54:35Z,94264,https://www.youtube.com/watch?v=myCNIuPZ5y4
bZ-wCP4tjrg,ADHD and Autism Relationship Accommodations -- How to Get Your Needs Met,"We all have needs. We all need our relationships to help meet those needs. So...what if it can't? This is where relationship accommodations come in :) Thanks to @theedoctorb and @takethisorg (takethis.org) for contributing to this video! 


-=-=-=-=-=-=-=-=-=-=-=-=-=-=-=-=-=-=-=-=-=-=-=-=-=-=-=-=

Facebook: http://facebook.com/howtoadhd
Twitter: http://twitter.com/howtoadhd
Support us on Patreon: http://patreon.com/howtoadhd

WE WROTE A SONG!!
Get the “The Fish Song” on... 
...iTunes: http://bit.ly/fishsongitunes
...Google Music: http://bit.ly/fishsonggp
...Amazon: http://bit.ly/fishsongamazon

LINKS:

https://www.goodtherapy.org/blog/how-to-deal-with-loneliness-in-a-relationship-when-one-partner-is-autistic-1031194?fbclid=IwAR0RPw0n9jo5KdtUJ-crw7BBnXUx0xvkyj8uDexTDeRdP_bGGfJzEGsZGvo

https://youtu.be/NHCIIA5QxN0



""The Show Must Be Go”
Kevin MacLeod (incompetech.com)
Licensed under Creative Commons: By Attribution 3.0
http://creativecommons.org/licenses/by/3.0/",2021-02-09T17:14:32Z,399866,https://www.youtube.com/watch?v=bZ-wCP4tjrg
qWBfKb3u0OI,Autism: Eating Problems and their causes,"▼▼▼ ABOUT ME ▼▼▼

Hi, my name is Loren Snow and I’m autistic, ADHD, and have OCD.
I speak publicly about these things on podcasts, radio, and to large and small crowds.
I've taught thousands of students about autism, ADHD, and mental health; and I regularly teach courses to parents and autistic people.

I decided to make Autism Academy as I see many autistic people struggling to understand themselves, and many parents lost on what to believe. 
I think Autism Academy can help people to understand themselves and encourage others to learn about autism.

▼▼▼ HOW TO BOOK ME ▼▼▼

Want to book me for an event or to talk about specific issues you're having?

1-2-1 MENTORING:
In-person or phone chat about you or your child's needs. It can be about the challenges you have both at home and in school as well as specific difficulties such as sensory needs and meltdowns. 
Find out more here: https://www.LorenSnow.com/121-advice

TRAINING:
I regularly deliver training to parents, autistic people, and businesses; through workshops, presentations, and informal discussions about the challenges your staff face. 
Find out more here: https://www.LorenSnow.com/training

PUBLIC SPEAKING:
Whether on radio or TV, recording or live. I can talk to both audiences large and small and have delivered for groups of 6 up to audiences of over a hundred. 
Find out more here: https://www.LorenSnow.com/public-speaking

https://www.LorenSnow.com/services

▼▼▼ SOCIAL MEDIA ▼▼▼ 

Website - https://www.LorenSnow.com
Facebook - https://www.facebook.com/AutismSpectrumAcademy
Twitter - https://twitter.com/AutismSAcademy

▼▼▼ COPYRIGHT ▼▼▼

Copyright: (CC BY-NC-ND 4.0)


Music by: www.bensound.com",2021-01-08T17:30:09Z,9504,https://www.youtube.com/watch?v=qWBfKb3u0OI
xvzz1IxUaNg,Could you be Autistic and not even know? | 15 Signs of undiagnosed autism,"Yep, you might have been autistic this whole time. If you do or have experienced these fifteen things, then it's quite possible you're autistic and wouldn't have known — if so, welcome to the club!

It's not a definitive list, nor guaranteed to guarantee an autism diagnosis or discovery, but you you match a lot of these, it may be worth exploring.

Index:
00:00 - You might be autistic if . . . 
01:09 - Routine devotion
02:05 - Very few close friends
03:02 - Categorical strengths
03:41 - Quickest to answer, fast recall
04:27 - You know TOO much about a specific topic
05:22 - Wait, I'm RUDE?
06:03 - Reason #9 - Specifically for autism in girls
06:53 - Reason #8
07:58 - Reason #7 
09:00 - Reason #6
09:52 - Reason #5
10:47 - Reason #4
11:41 - Reason #3
12:52 - Reason #2
14:11 - Reason #1

Welcome to The Life Autistic - an #ActuallyAutistic personal narrative sharing topics, talks, rants, and insights about autism from an autistic perspective. 

--------------------------------------------------

Business inquiries? Speaking engagements? - contact me at h2@thelifeautistic.com



My Autism blog: https://thelifeautistic.com

I hope you enjoyed watching, and I'd love your feedback in the comments! Also, please be sure to Subscribe - I love checking the 'little red dot' in my YouTube app, so I hope I can do the same for you. 

And if you really liked this one, please Like and Share too!

Thanks so much,
H2

--------------------------------------------------

*Disclaimer: as with any and all professional and work-related topics, the views, guidance, opinions, and thoughts (random and controlled) expressed are solely mine, and do not formally represent those of my employers, organizations, committees, or sponsors past, present, future, or those existing outside of those temporal constructs.*

#autism #autismsigns

Related topics that might have brought you to my channel: autism, autism in adults, autism diagnosis, autism spectrum disorder, autism spectrum condition, aspergers, aspergers syndrome, autism in adults, autism mom, autism parent, autism family, autism in girls, autistic adults, autistic adults, autism in adults, autistic kids, autism speaks, autism at work, am I autistic, adult autism test, autism disclosure, autism cures, autism prevention, autism in women, autism meltdown, autistic adult, autistic behavior, autism symptoms",2021-08-18T21:00:20Z,2278319,https://www.youtube.com/watch?v=xvzz1IxUaNg
A1AUdaH-EPM,Why everything you know about autism is wrong | Jac den Houting | TEDxMacquarieUniversity,"Being diagnosed with autism is often seen as a tragedy. But for Jac den Houting, it was the best thing that's ever happened to them. As an autistic person, concepts like the Neurodiversity paradigm, the Social Model of Disability, and the Double Empathy Problem were life-changing for Jac. In this talk, Jac combines these ideas with their own personal story to explain why we need to rethink the way that we understand autism.  Jac den Houting is a research psychologist and Autistic activist in pursuit of social justice. Jac currently holds the role of Postdoctoral Research Associate at Macquarie University in Sydney, working alongside Professor Liz Pellicano. In 2015, Jac was awarded an Autism CRC scholarship to complete their PhD through the Autism Centre of Excellence at Griffith University in Brisbane. Prior to this, they gained almost 10 years’ experience as a psychologist in the criminal justice system, with the Queensland Police Service and Queensland Corrective Services. Jac was identified as Autistic at the age of 25, and is proudly neurodivergent and queer. After participating in the inaugural Future Leaders Program at the 2013 Asia Pacific Autism Conference, Jac quickly became established as a strong advocate for the Autistic community. Jac is a current member of the Autistic Self Advocacy Network of Australia and New Zealand (ASAN-AuNZ)’s Executive Committee, the Autism CRC’s Data Access Committee, Aspect’s LGBTQIA+ Autism Advisory Committee, and the Aspect Advisory Council. This talk was given at a TEDx event using the TED conference format but independently organized by a local community. Learn more at https://www.ted.com/tedx",2019-11-01T17:00:02Z,1076817,https://www.youtube.com/watch?v=A1AUdaH-EPM
Sx0xnbPGkDk,How Is Autism Diagnosed?,"Throughout April, which is Autism Awareness Month, Fox 5 News seeks to educate others on the challenges facing so many families today. How do professionals make a diagnosis? It is a scary, trying, and confusing time for parents. One family talks about their journey.
R.J. Garofalo, 3, has autism and is nonverbal. When his mom recalls the day he was diagnosed, it brings tears to her eyes. She says it was devastating.

Like most parents whose children have autism, Angela and Joe saw signs in their little boy before his first birthday. R.J. was not talking, not responding, and not listening to her voice, Angela says.

Joe says they brought him to different doctors, but a pediatrician won't give an autism diagnosis. Instead, he or she will refer you to a neurologist and in term a hearing specialist. The process can take six months or longer and can be confusing and overwhelming.

Dr. Catherine Lord of New York-Presbyterian's Center for Autism and the Developing Brain in White Plains points out no medical test exists to tell if a child has autism. You don't do a blood test or a brain scan.

She explains that a team of specialists can diagnose a child at the age of 2 after observing them for several hours in two or more sessions, playing and interacting with their parents. Dr. Lord has been treating R.J. since his diagnosis. She says early intervention is critical. 

R.J.'s progress has been dramatic over the past year, she says.
Joe says a year ago R.J. would just stare off, but now he laughs and plays. Angela says she doesn't worry for R.J. anymore. She says she isn't scared anymore -- she is hopeful.

--LINDA SCHMIDT",2017-04-12T02:44:29Z,92869,https://www.youtube.com/watch?v=Sx0xnbPGkDk
edSag1DjlCI,Sex &amp; Autism,"Use the promo code DOE at http://adamandeve.com​ to get 50% Off 1 Item + Free Shipping on your entire order in the US & Canada. *Certain exclusions apply. 100% Satisfaction Guarantee!

Here are some other resources:
https://www.youtube.com/watch?v=25sUhR-oA0g
https://molecularautism.biomedcentral.com/articles/10.1186/s13229-017-0132-1
https://www.spectrumnews.org/news/gender-and-sexuality-in-autism-explained/
https://www.ncbi.nlm.nih.gov/pmc/articles/PMC5789215/
https://autisable.com/2017/07/08/self-stim/
https://pubmed.ncbi.nlm.nih.gov/32535668/
https://www.youtube.com/channel/UC9Bk0GbW8xgvTgQlheNG5uw
https://itunes.apple.com/us/movie/best-most-beautiful-things/id1182600782

Dr. Doe's contact info:
TWITTER : https://twitter.com/elleteedee
TUMBLR : http://tumblingdoe.tumblr.com 
WEBSITE : http://sexplanations.com 
Support Sexplanations by becoming a sexpla(i)naut: https://www.patreon.com/sexplanations",2021-07-30T06:57:25Z,137538,https://www.youtube.com/watch?v=edSag1DjlCI
akDH-Wpj-iw,How to Teach a Child with Autism - Introduction (1/5) | Autism at Home,"Learn the key strategies for teaching a child with autism in this brand new series, brought to you by Autism at Home.

Thank you for watching! For all the corresponding articles and downloadables, do subscribe to our free online resource platform Autism At Home (www.autismathome.co)! 

Get updates on our upcoming video releases when you follow us on social media:
Youtube: www.youtube.com/autismmalaysia
Instagram: https://www.instagram.com/eapmalaysia/?hl=en
Facebook: https://www.facebook.com/eapmalaysia/

Autism At Home is a non-profit initiative by The Hope Project, the non-profit arm of Early Autism Project (EAP) Malaysia. Autism At Home is an online resource platform aimed at providing simplified tips and strategies to help families of children with autism teach and support their children at home. This platform will provide you with online training videos on effective ABA teaching strategies for autism, featuring role plays, pop quizzes, and home assignments. 

* This online resource platform is not intended to be a certified Applied Behavioural Analysis (ABA) course nor is anyone who has completed the training videos here equipped to become an ABA therapist or any other therapist. Viewers of the material on this resource platform are not equipped to train others nor supervise any ABA programmes. Furthermore, the strategies outlined on the website will not be sufficient for a complete ABA programme and we at Early Autism Project Malaysia strongly encourage families to seek qualified ABA treatment from supervised professionals. 

(c) 2021 Early Autism Project Malaysia. Downloading and use of this video without permission are strictly prohibited. Any illegal reproduction of this content will result in immediate legal action.",2020-04-01T14:07:16Z,52860,https://www.youtube.com/watch?v=akDH-Wpj-iw
plM5Hp5uyLs,What is Autism With Full Information? – [Hindi] – Quick Support,"#WhatisAutism #QuickSupport #Education

What is Autism With Full Information? – [Hindi] – Quick Support. हेल्थ से जुड़ी इंफॉर्मेशंस लेना हमेशा अच्छा ही रहता है इसलिए आज इस वीडियो में हम आपके साथ शेयर कर रहे हैं ऑटिज़म डिज़ीज के बारे में डिटेल्ड इन्फॉर्मेशन.. इसलिए इस वीडियो को पूरा देखिये और शेयर भी करिये ताकि ज्यादा से ज्यादा लोग इस बीमारी को जान सकें, समझ सकें।

Website: https://qsofficial.com

Facebook: https://www.facebook.com/QuickSupportChannel

Twitter:  https://twitter.com/QS_Channel

Instagram: https://www.instagram.com/quick_support007

Youtube: https://www.youtube.com/c/QuickSupport

Linkedin: https://www.linkedin.com/in/Anil-Nakrani

Channel Owner: Anil Nakrani",2021-04-02T07:30:09Z,107116,https://www.youtube.com/watch?v=plM5Hp5uyLs
u-RNJBIDCLU,Why Autism Awareness Month shifted to Autism Acceptance Month,"Dr. Aubyn Stahmer, clinical psychologist at the UC Davis Mind Institute, speaks to CBS2 News This Morning about Autism Acceptance Month.",2022-04-05T15:40:00Z,1063,https://www.youtube.com/watch?v=u-RNJBIDCLU
7KPK5sMar5w,Unmasking the Stigma Behind Autism in Females | Emmy Peach | TEDxUGA,"In her talk, Emmy Peach explores why Autism Spectrum Disorder is under-diagnosed in females and raises awareness and appreciation of neurodiversity. Emmy Peach is a second-year undergraduate majoring in Psychology with an emphasis in Neuroscience and a minor in Human Development and Family Sciences at the University of Georgia. At the age of nineteen, she received an Autism Spectrum Disorder (ASD) diagnosis after struggling with social challenges and anxiety for years. She is fascinated by ASD, which affects nearly 1% of the world’s population. This talk was given at a TEDx event using the TED conference format but independently organized by a local community. Learn more at https://www.ted.com/tedx",2022-07-13T17:29:06Z,6025,https://www.youtube.com/watch?v=7KPK5sMar5w
kYDF2AIXdfc,Is Your Child Talking Late or Is it Autism?,"Do you have a late talking child? A child talking late could signal several things, a speech delay, autism, ADHD, or other developmental or speech problems.
Take the 2-minute autism quiz here: https://bit.ly/3wUk37z
Subscribe to get more insightful videos about #autism and related topics at: https://goo.gl/cGSdxX

A toddler talking late can be scary for any parent. In today’s video I’m covering the difference between a late talker vs. autism. Speech development in children who are developing typically tend to show some similarities in how much speech they know at certain ages. Most toddlers are saying about 20 words by 18 months and 50 or more words by the time they turn two. But speech development in toddlers that have developmental delays, a speech delay, or autism show that sometimes they end being completely non-vocal or don’t use language fluently.

While delays in speech and babbling can be normal, there are several accompanying factors you want to consider before stressing out about whether your child might have autism. However, whether it’s a speech delay, ADHD, autism, or late talking, you should know the milestones, you should assess your child, and you should have a plan in place to help your child or client catch up. Developing speech in toddlers when they are older can be much more difficult than when they are young. So as soon as you see late talking or some of the other signs of autism I cover in today’s video, act, and don’t wait.

Subscribe on Facebook for more free resources:
https://bit.ly/2RCzSQj

Watch my video on speech delays vs. autism here:
https://www.youtube.com/watch?v=ifOeX3K1Jxk

Watch my video on autism vs. ADHD here:
https://www.youtube.com/watch?v=HX4Zbfy72NU

Watch my video on using a shoebox to increase language in kids with autism here:
https://www.youtube.com/watch?v=F1uq1vfiEvY

If you enjoyed this video about child late talking and late talking tips, be sure to subscribe to the channel, like this video and visit my website below. If you have more questions, leave them down in the comments section, and I will do my best to answer you. Thanks for watching today's video blog, and let's #turnautismaround together!

Interested in learning more about teaching a child with autism, special needs parenting, or other autism and special needs topics in the mental health in children niche?
Visit us: https://bit.ly/3wSV6cJ
Contact us: Info@MaryBarbera.com

You can also connect with us at:
Facebook: https://MaryBarbera.com/facebook
Twitter: https://MaryBarbera.com/twitter

Dr. Mary Barbera. I fell into the autism world as an autism mom in 1999 when her first-born son, Lucas, was diagnosed with autism. Since then, she became a Board-Certified Behavior Analyst and best-selling author of The Verbal Behavior Approach. Since 2015, she’s created 3 autism online courses based on applied behavior analysis for professionals and ""gung-ho"" parents. Whether you’re looking for autism parenting strategies, working with development delays in children, or in search of autism help for professionals, I can encourage you to subscribe to the channel and join me on my journey. I’ll be providing weekly autism resources that you don’t want to miss.",2020-06-11T16:00:25Z,334209,https://www.youtube.com/watch?v=kYDF2AIXdfc
irqcnMk4flE,Having Autism &amp; ADHD (The Paradox),"Having autism & ADHD can feel like living a paradox, it's a particular experience living with both neurodivergent conditions because they sometimes completely clash. 

In this video I'm sharing:
- A brief overview of the differences between the two conditions
- My personal experience of the clash between the two and how this can making managing both autism and ADHD challenging
- How ADHD meds have impacted my autism 

My video about the difference between ADHD and autism:
https://youtu.be/hVPLHLaxBOo

Join this channel to get access to perks:
https://www.youtube.com/channel/UCzske-KMAJYQn84rz6oD_yA/join

here is a link to all my stuff including:
https://direct.me/purpleella
-Ko-Fi - my tip jar
- My merch
- All my socials",2022-05-27T16:04:39Z,13818,https://www.youtube.com/watch?v=irqcnMk4flE
0bACSPzN1xY,Autism and Aspergers: 5 intriguing differences (YOU need to know),"Autism and Aspergers: 5 intriguing differences. This is the difference between Autism and Aspergers:

**This content is based on old information. An updated video will be available soon

1. IQ Score.

People with Aspergers tend to have average to above average IQs, compared to that of a person with ‘classic autism’ who would typically have a below average IQ.

2. Verbal Communication.

People with Autism tend to have little to no verbal communication skills and have difficulty talking. Children with Asperger’s syndrome tend to have a very good verbal skill set and can communicate verbal. 

3. Vocabulary.

People with Aspergers syndrome have a large vocabulary and have a strong use of words, compared to that of a person with ‘classic autism’ who typically have very limited vocabulary.

4. Day To Day Life Skills.

A person with Asperger’s syndrome can learn day to day skills, like how to put on clothes and the importance of eating food. Learning how to go shopping for goods etc. Compared to a person who displays ‘classic autism’ typically they cannot learn these day to day life skills as easy and require additional life long support for these skills.


5. Speech Delay.

Typically a person growing up with Aspergers Syndrome will not display any speech delay in early life. However a person with ‘classic autism’ will display large delay in learning speech.

🔴SUBSCRIBE ➤ http://bit.ly/AutismYouTube 
↪ PREVIOUS VIDEO ➤  https://youtu.be/svURUszPhrc
JOIN THE SUPER SQUADD → http://bit.ly/2FHuaor

50% OFF AUTISM PARENTING MAGAZINE → http://bit.ly/AUTISMPM
15% OFF AUTISM STIM TOYS / GADGETS → http://bit.ly/StimToys
[MY MERCH] → https://www.TheAspieWorld.com/Shop

💼 BUSSINESS ENQUIRIES → TheAspieWorld@gmail.com
✉ SIGN UP FOR MY WEEKLY EMAIL UPDATES → http://bit.ly/Autism_Updates 

SECRET PODCAST & SECRET VLOG:
Support me on Patreon to access the secret podcast and vlog → https://www.patreon.com/TheAspieWorld

❌DON’T CLICK HERE → http://bit.ly/AutismYouTube  

📖 MY BOOK GET IT HERE → http://amzn.to/2D7XvDf

FOLLOW MY SOCIAL MEDIA:
► Twitter: http://www.twitter.com/theaspieworld
► Instagram: http://www.instagram.com/theaspieworld
► Facebook: http://www.facebook.com/theaspieworld  
► Facebook Group: https://www.facebook.com/groups/TheAspieWorld/
► SnapChat 👻 https://www.snapchat.com/add/theaspieworld
👾Our Discord → http://discord.me/theaspieworld 
👽Our Reddit → https://www.reddit.com/r/TheAspieWorld

*****AUTISM ESSENTIAL MUST HAVE LINKS*****

→ Autism Alert Card - http://bit.ly/AutismAlertCard
→ Noise Cancelling Headphones: http://amzn.to/2goVuKf
→ Chewable Jewellery:  http://bit.ly/Chewable_Autism 
→ Stim Toys (15% off): http://bit.ly/StimToys
→ Elastic Shoe Laces: http://amzn.to/2gnWm1L
→ Weighted Blanket: https://amzn.to/2NkmCZK
→ Autism: A Practical Guide for Parents: https://amzn.to/2Ngxmbx

ABOUT THIS VIDEO:
Autism and Aspergers have distinct differences despite both being called as an autism spectrum disorder or condition. The autism and Aspergers test is basically the same, so what’s the difference between autism and Aspergers 

Both conditions have similarities like autism and anxiety as they both part of the autism spectrum, but they can display differently due to some factors you will learn about here. 

If you check with your local health board for standard developmental checklist to help parents get a head start with therapy and diagnosis.

LINKS:
icluzy: The Difference Between Autism and Aspergers - https://incluzy.com/autism/the-difference-between-autism-and-aspergers/

Everyday Health: How Is Asperger’s Different From Autism? - https://www.everydayhealth.com/aspergers/how-aspergers-different-than-autism/

The Aspie World: ASPERGERS vs High Functioning AUTISM (difference?) - https://www.youtube.com/watch?v=GnFPPdS4pUw&t=9s

The Aspie World: 5 Sensory Processing Disorder Effective help TIPS - https://www.youtube.com/watch?v=A_bWJ_g8sOU

Autism Alert Card - http://bit.ly/AutismAlertCard

ABOUT ME: 
Helping people understand Autism from a person with Autism’s perspective.

Hey from the Aspie World and a big welcome into my life! I am a Dan from the UK and I have Aspergers Syndrome or ASD which is a form of Autism, often referred to as High Functioning Autism or Autism Spectrum Disorder.  I make videos every week on my journey and offer tips and tricks to help everyone who has Autism. 

I also have help videos for helping people get a diagnosis of Autism or Aspergers Syndrome, and also some advise and help for anyone who is friends, partners or loved ones who suffer from Autism or Aspergers Syndrome and just about anyone on the Autism Spectrum. 

Tags:
#Aspergers #ASD #Autism 

*I use affiliate marketing links and some videos may be sponsored.",2019-01-24T19:30:00Z,577224,https://www.youtube.com/watch?v=0bACSPzN1xY
o_NbDdBq0pU,Young people explain communication | Ambitious about Autism,"Watch Ambitious about Autism’s Youth Patrons explain some of the communication differences and challenges experienced by autistic people.

This video was created thanks to support from MariaMarina Foundation.",2020-08-12T11:56:01Z,13829,https://www.youtube.com/watch?v=o_NbDdBq0pU
PbViVDGsDLU,Med Talk/Health Talk: Autism Spectrum Disorder,"Autism spectrum disorder is a developmental disability that can cause challenges in communication, social skills, behavior, and learning. 

While there is no cure for this condition, intensive and early treatment can make a huge difference in people’s lives.

Catch this episode of Med Talk/Health Talk on CNN Philippines.",2022-01-26T07:30:14Z,2529,https://www.youtube.com/watch?v=PbViVDGsDLU
fJ9X5DSnVms,The 10 Second Autism Test,"Dave Describes the 10 Second Autism Test, and reveals a secret...

Amazon Link to eBook and Sample: https://amzn.to/2Y322HF

For more,  head over to the Autistic Millionaire Channel:
https://www.youtube.com/channel/UCtb6a_CnmGbSns9G8W2Ny0w

Discord Chat: https://discord.gg/8jVHRCKCt7

Adult ASD Screening Test: https://psychology-tools.com/test/autism-spectrum-quotient

This video is for entertainment purposes only and does not contain medical advice, nor am I a medical professional.  Only a qualified neurologist, developmental psychologist, psychiatrist, or other qualified doctor can accurately diagnose Autism Spectrum Disorder!",2021-11-01T13:15:11Z,320229,https://www.youtube.com/watch?v=fJ9X5DSnVms
ouQHa-o5J-w,How Much Do You REALLY Know About Autism?,"Autism Spectrum Disorder is often very misunderstood. What is it, and what causes it? 
Watch More: You Probably Don't Have OCD, And This Is Why  ►►►► https://www.youtube.com/watch?v=tesBB-iUQKM

Support Life Noggin on Patreon: https://www.patreon.com/LifeNogginStudios

Follow Us!
https://twitter.com/LifeNoggin
https://facebook.com/LifeNoggin
https://www.instagram.com/lifenoggin/

Click here to see more videos: https://www.youtube.com/user/lifenoggin

Life Noggin is a weekly animated educational series. Whether it's science, pop culture, history or art, we explore it all and have a ton of fun doing it. 

Life Noggin Team:
Director/Voice: http://lifenogg.in/patgraziosi
Executive Producer: https://www.youtube.com/IanDokie
Director of Marketing: http://lifenogg.in/JaredOban
Animation by Robert Grisham
Head Writer: http://lifenogg.in/KayleeYuhas
Written by Andrea Bloom: https://twitter.com/DreBloom

Resources:
http://www.autism-society.org/
https://www.autism.com/
http://fhautism.com/
http://autismlink.com/
http://www.aspergersyndrome.org/HelpAndServicesLocal.aspx

Sources:
https://www.nimh.nih.gov/health/topics/autism-spectrum-disorders-asd/index.shtml
https://www.cdc.gov/ncbddd/autism/signs.html
https://www.sciencealert.com/in-people-with-autism-no-two-brains-are-alike-new-study-reveals
https://spectrumnews.org/opinion/viewpoint/why-fold-asperger-syndrome-into-autism-spectrum-disorder-in-the-dsm-5/
http://www.npr.org/templates/story/story.php?storyId=123527833
https://www.cdc.gov/ncbddd/autism/screening.html
https://www.cdc.gov/ncbddd/autism/signs.html
https://www.ninds.nih.gov/Disorders/Patient-Caregiver-Education/Fact-Sheets/Autism-Spectrum-Disorder-Fact-Sheet#3082_5
https://www.cdc.gov/ncbddd/autism/data.html
http://www.sciencedirect.com/science/article/pii/S111086301500049X
https://www.sciencealert.com/what-causes-autism-what-we-know-don-t-know-and-suspect
https://www.cdc.gov/vaccinesafety/concerns/autism.html
https://www.scientificamerican.com/article/the-real-reasons-autism-rates-are-up-in-the-u-s/",2017-07-24T13:00:09Z,1633697,https://www.youtube.com/watch?v=ouQHa-o5J-w
Thv5bNNNRzU,Autism Trauma and PTSD (Post Traumatic Stress Disorder) - What&#39;s The Overlap?,"The symptoms of autism trauma and PTSD (post traumatic stress disorder) can look very similar. 
So what's the overlap? And how are they different? Can childhood trauma cause autism? (Hint: No, there's a very important distinction)

In this video we'll explore complex trauma and how the polyvagal theory and principles of trauma informed care can help improve autistic mental health.

RESOURCE LINKS:
Blue Knot Foundation Guides to Trauma Informed Care: https://www.blueknot.org.au/resources/Publications/Practice-Guidelines
ICD-11 Complex Trauma: https://icd.who.int/browse11/l-m/en#/http://id.who.int/icd/entity/585833559

CHANNEL LINKS:
Patreon: https://www.patreon.com/aspergersfromtheinside
Facebook: https://www.facebook.com/aspergersfromtheinside
Twitter: https://twitter.com/AspieFromInside
Written Blog: https://aspergersfromtheinside.com/
More Videos: https://www.youtube.com/c/aspergersfromtheinside
Email: aspergersfromtheinside@gmail.com
-----------------------------------------------

// WELCOME TO ASPERGERS FROM THE INSIDE!!

My name is Paul and I discovered I have Aspergers at age 30.
If you're new you can check out a playlist of some of my most popular videos here: https://www.youtube.com/c/aspergersfromtheinside/playlists

Yes, I know, I don't look autistic. That's exactly why I started this blog, because if I didn't show you, you would never know.

As the name suggests, this channel is devoted to giving you insight into the world of Aspergers.
This blog started off being just my story, but I've learned SO MUCH about my own condition
from meeting others on the Autism Spectrum that now I make sure to feature their stories as well.

I've come a long way in my own personal journey.
Now I'm sharing what I've found so you don't have to learn it the hard way too.

-----------------------------------------------

// WHAT TO EXPECT FROM THIS BLOG

You can expect me to get to the point with concise useful information.
I focus on what is most important and don't shy away from difficult topics.

The best way to learn about Autism is to see it in real life ( i.e. via the stories of many, many people on the spectrum).

In this channel I endeavour to show you what Autism and Aspergers look like in real people and to also give you some insight as to what's happening on the inside.
I upload a new video every weekend with some bonus content thrown in mid-week too.
There's always new stuff coming through so be sure to check back and see what you've missed. (Is this where I'm supposed to tell you to hit that subscribe button?)

Topics Include:
- What is Aspergers/Autism?
- Aspie Tips, coping strategies, and advice on common issues
- Learning Emotional Intelligence (this is my special interest!)
- Autism in real life: stories from special guests

Everything I do is and endeavour to go deeper and take you 'behind the scenes' to understand what may, at first glance, seem 'odd'.
oh, and I love busting stereotypes and turning preconceptions upsidedown :)

-----------------------------------------------

// ABOUT ME

I discovered I have aspergers at the age of thrity.
It has been my life's mission to understand these funny creatures we call humans.
My special interest is a combination of emotional intelligence, psychology, neuroscience, thinking styles, behaviour, and motivation. (I.e. what makes people tick)
My background is in engineering and I see the world in systems to be analysed.
My passion is for taking the incredibly complex, deciphering the pattern, and explaining it very simply.
My philosophy is that blogging is an adventure best shared.

-----------------------------------------------

// EMOTIONAL INTELLIGENCE TRAINING

I also run autism friendly online emotional intelligence training. So if you like my direct, systematic style, and would like to improve your own emotional intelligence skills, check it out here:
http://emotionsexplained.com.au

-----------------------------------------------

// CONTACT

Blogging is an adventure best shared which means I'd love to hear from you!
Feel free to leave me a comment or send me and email at any time and I'll do my best to respond promptly.
Email: aspergersfromtheinside@gmail.com

Thanks for reading and I hope you enjoy this channel!
I look forward to hearing from you!

Peace,

~Paul",2021-03-25T21:30:14Z,85737,https://www.youtube.com/watch?v=Thv5bNNNRzU
A9SXSgXRHYo,First signs of autism 6-9 Months,"First signs of autism 6-9 months .

In this series of videos I give a Powerful detailed month by month Breakdown of RED FLAG indicators of the #Firstsignsofautism in Harrison. 

Join our troop and see a more inside look and get exclusive offers on our Patreon account: Join now!

https://www.patreon.com/KidzLabTv

https://autismwithstyle.org

https://youtu.be/-vZfU6j-Ym0

#KidzLabTv
REsourses:
Help me grow oc= www.helpmegrowoc.org
Regional center of oc= www.Rcocdd.com
UCI center for nurodevelopmental disorders= www.thecenter4autism.org
 👉😍👉😍👉 AMAZING👈😍👈😍👈 
#sensoryplaytoys

Sensory toys = https://amzn.to/2VqoNSy

Lav mics  = https://amzn.to/2W59Dzm

Chew tubes: https://amzn.to/2BDzU1O

Chewing , biting, Teething, brick neclace: https://amzn.to/2wnRyky

Super cute Kids clothes: https://amzn.to/2N5v6Ue",2018-08-22T21:02:38Z,751313,https://www.youtube.com/watch?v=A9SXSgXRHYo
wmAOe_klMKY,Autism Son Tries CBD Oil,"We travel to Nevada to try CBD oil with Ian. In Utah the laws are rapidly changing and there is A LOT of conflicting information at the moment. So until the dust settles we are playing it safe by going to a...ahem...green plant with 7 leaves friendly state. (Don't want to say the name and get flagged, haha). I will try and post up-to-date information as time goes on.
Oil: http://www.HarmoniousCBD.com
Patreon: https://www.patreon.com/autismfamily
Music:
Track: Diamond Eyes - Flutter [NCS Release]
Music provided by NoCopyrightSounds.
Watch: https://youtu.be/lEHM9HZf0IA
Free Download / Stream: http://ncs.io/FlutterYO",2019-03-01T00:38:48Z,478885,https://www.youtube.com/watch?v=wmAOe_klMKY
4ALy6I1J1uo,Autism Stimming Examples,People ask us how to know if their little one has autism. Here are some of the signs. Just know that stimming signs don't always mean an autism diagnosis. There are other factors as well.,2016-07-11T20:39:13Z,935951,https://www.youtube.com/watch?v=4ALy6I1J1uo
Fi1PmtREPZ4,Signs of Autism in infants,"Disclaimer:
When I originally wrote the description, I realized I never mentioned he was officially diagnosed with Autism by his developmental pediatrician the first day we saw her, she observed him and gave us a comprehensive report. The MDS doesn't recognize ""severe"" or ""less severe"" any longer. Autism is a spectrum and all individuals are different. Raiden undoubtedly has autism this video is our signs and symptoms that my son exhibited in infancy that was a precursor to autism. Raiden was diagnosed at 2.5 years old he had been showing signs like flapping and fixation, along with sensory issues but was meeting all of his developmental milestones untill about 18 months. Even at 18 months with video evidence, my pediatrician finally gave us a referral to a developmental pediatrician at 2.5 years old and Raiden began OT and speech therapy at home through early intervention. Raiden started preschool in September and now gets all of his therapy through school. If you suspect autism, go to a professional and keep voicing your concerns untill you are heard. We as parents know, instincts are a thing. Autism is not the end of the world, and a diagnosis just gives you what you need to help your child and the sooner the better. 

Note: I didn't have genetic testing either of my pregnancies, my son received all of his vaccinations. 

Follow me on Instagram:
https://www.instagram.com/thenlifehappensagain

Music by:
https://www.bensound.com
https://www.purple-planet.com",2019-05-31T04:16:51Z,7180199,https://www.youtube.com/watch?v=Fi1PmtREPZ4
lzK7dqdH3PQ,New Hope for Autism Spectrum Disorder?,"Leia feels out of options, and neurologist Dr. Spencer Miller explains MeRT, which is an emerging technology and tries to reprogram abnormal electrical signals in the brain. The treatment measures the brain’s electrical signals to find where they are coming from. Then they use the electrical signals and try to modulate the brain signals, which should correlate to behavioral changes. Dr. Miller explains that he’s seen changes in language and how kids interact with their environment.

Like us on Facebook: https://www.facebook.com/TheDoctors
Follow us on Twitter: https://twitter.com/thedoctors
Follow us on Instagram: https://www.instagram.com/thedoctorstv/

About The Doctors:

The Doctors is an Emmy award-winning daytime talk show hosted by ER physician Dr. Travis Stork and co-hosted by plastic surgeon Dr. Andrew Ordon, along with dermatologist Dr. Sonia Batra, OB-GYN Dr. Nita Landry, and neuropsychologist Dr. Judy Ho.

The Doctors helps you understand the latest health headlines, delivers exclusive interviews with celebrities dealing with health issues, debates and investigates health and safety claims, explains the latest viral videos and how you can avoid emergency situations, and serves up celebrity chefs to share the hottest and healthiest recipes and foods.",2020-03-05T16:00:17Z,74242,https://www.youtube.com/watch?v=lzK7dqdH3PQ
iZ_CgE75HuM,Diagnosing autism: Frequently-asked questions - Online interview,"Leading psychiatrist Dr Saadia Arshad gives us her expert insight into autism. She explains to us what autism is and how it's diagnosed, if adult patients can be diagnosed, and the next steps to take after a diagnosis. 

00:00 What is autism and how is it diagnosed?  
01:46 Can adults be diagnosed with autism?  
02:44 How long does it take to diagnose autism?  
03:39 Is there a difference in how mild or severe autism is diagnosed? 
04:52 What are the next steps after an autism diagnosis?   

If you would like to schedule a consultation with Dr Arshad, simply visit her Top Doctors profile here today: https://www.topdoctors.co.uk/doctor/saadia-arshad

✔ Follow us on Instagram: https://bit.ly/3fSrqXb  
✔ Follow us on Facebook: https://bit.ly/3t5kGsW  
✔ Follow us on Twitter: https://bit.ly/39TidKh",2022-07-12T15:14:38Z,67,https://www.youtube.com/watch?v=iZ_CgE75HuM
SoWSuxBy6oo,Do All Autistic People Think The Same? | Spectrum,"Our first apparel drop of 2020 is here! NEW humangood collection ""SURFACE LEVEL"" - pre-orders open NOW! 👉https://humangoodla.com 👈

Watch behind the scenes of this season of Spectrum on our second channel, Twobilee! 👉https://youtu.be/Fd_0AAmJbWQ 👈

Follow us on INSTAGRAM: 👉https://www.instagram.com/jubileemedia/ 👈

SUBSCRIBE for more! http://bit.ly/SUBSCRIBEjubilee 
Be in a Jubilee video: http://bit.ly/JubileeCasting

Are you a loyal Jubilee fan? Join our Facebook group: https://www.facebook.com/groups/407942859721012/

| ABOUT |
We believe in the power of empathy for human good. Ultimately, we aim to inspire people to EMBRACE EMPATHY.

| SOCIAL |
Jubilee Facebook: https://www.facebook.com/jubileemedia
Jubilee Instagram: https://www.instagram.com/jubileemedia/
Jubilee Twitter: https://www.twitter.com/jubileemedia
Jubilee Website: https://www.jubileemedia.com

FEATURING:
Jai - https://www.instagram.com/lunalovejai/
Joseph - https://www.instagram.com/onlysmithalive/
Josiah - https://www.instagram.com/siahscroggs/
Shaina - https://www.instagram.com/runawaygerm/
Yoni - https://www.instagram.com/yoni_yasss/

For brands interested in partnering with Jubilee, email us:
hello@jubileemedia.com

Help us caption & translate this video!

https://amara.org/v/C0NTP/

#Jubilee #Spectrum",2020-03-11T19:45:02Z,4028569,https://www.youtube.com/watch?v=SoWSuxBy6oo
UcqBgXCxddE,Are You Undiagnosed Autistic? How To Tell If You&#39;re On The Autism Spectrum | Patron&#39;s Choice,"Want to know if you're autistic or not? What is autism anyway? These common experiences will help you get beneath what it means to be on the spectrum and figure out whether or not it applies to you.

CHANNEL LINKS:
Patreon: https://www.patreon.com/aspergersfromtheinside
Facebook: https://www.facebook.com/aspergersfromtheinside
Twitter: https://twitter.com/AspieFromInside
Written Blog: https://aspergersfromtheinside.com/
More Videos: https://www.youtube.com/c/aspergersfromtheinside
Email: aspergersfromtheinside@gmail.com
-----------------------------------------------

// WELCOME TO ASPERGERS FROM THE INSIDE!!

My name is Paul and I discovered I have Aspergers at age 30.
If you're new you can check out a playlist of some of my most popular videos here: https://www.youtube.com/c/aspergersfromtheinside/playlists

Yes, I know, I don't look autistic. That's exactly why I started this blog, because if I didn't show you, you would never know.

As the name suggests, this channel is devoted to giving you insight into the world of Aspergers.
This blog started off being just my story, but I've learned SO MUCH about my own condition
from meeting others on the Autism Spectrum that now I make sure to feature their stories as well.

I've come a long way in my own personal journey.
Now I'm sharing what I've found so you don't have to learn it the hard way too.

-----------------------------------------------

// WHAT TO EXPECT FROM THIS BLOG

I value your time which means there are NO YOUTUBE ADS on my videos.
You can expect me to get to the point with concise useful information.
I focus on what is most important and don't shy away from difficult topics.

The best way to learn about Autism is to see it in real life ( i.e. via the stories of many, many people on the spectrum).

In this channel I endeavour to show you what Autism and Aspergers look like in real people and to also give you some insight as to what's happening on the inside.
I upload a new video every weekend with some bonus content thrown in mid-week too.
There's always new stuff coming through so be sure to check back and see what you've missed. (Is this where I'm supposed to tell you to hit that subscribe button?)

Topics Include:
- What is Aspergers/Autism?
- Aspie Tips, coping strategies, and advice on common issues
- Learning Emotional Intelligence (this is my special interest!)
- Autism in real life: stories from special guests

Everything I do is and endeavour to go deeper and take you 'behind the scenes' to understand what may, at first glance, seem 'odd'.
oh, and I love busting stereotypes and turning preconceptions upsidedown :)

-----------------------------------------------

// ABOUT ME

I discovered I have aspergers at the age of thrity.
It has been my life's mission to understand these funny creatures we call humans.
My special interest is a combination of emotional intelligence, psychology, neuroscience, thinking styles, behaviour, and motivation. (I.e. what makes people tick)
My background is in engineering and I see the world in systems to be analysed.
My passion is for taking the incredibly complex, deciphering the pattern, and explaining it very simply.
My philosophy is that blogging is an adventure best shared.

-----------------------------------------------

// EMOTIONAL INTELLIGENCE TRAINING

I also run autism friendly online emotional intelligence training. So if you like my direct, systematic style, and would like to improve your own emotional intelligence skills, check it out here:
http://emotionsexplained.com.au

-----------------------------------------------

// CONTACT

Blogging is an adventure best shared which means I'd love to hear from you!
Feel free to leave me a comment or send me and email at any time and I'll do my best to respond promptly.
Email: aspergersfromtheinside@gmail.com

Thanks for reading and I hope you enjoy this channel!
I look forward to hearing from you!

Peace,

~Paul",2019-12-20T22:00:13Z,1721048,https://www.youtube.com/watch?v=UcqBgXCxddE
8BIcAZxFfrc,Vaccines and Autism: A Measured Response,"What is the science behind the anti-vaccine movement, and is it any good? Let’s find out!

My Twitter: https://twitter.com/hbomberguy
My Patreon: https://www.patreon.com/Hbomb
Kat's Twitter: https://twitter.com/lolkat

CHAPTERS:
0:00 - Intro
2:20 - The Easy Version
6:15 - An In-Depth Analysis of the Worst Study Ever Done
22:38 - In Which The Media Gets Everyone Killed
33:03 - How Not To Talk About Autism
36:22 - Andrew Wakefield is a Lying Conman Who Wanted Your Money
52:50 - It Gets Much Worse
1:05:58 - Andrew Wakefield Abused Children For Money
1:16:00 - The Part Where He Loses His License
1:23:23 - CONCLUSION
1:40:16 - Credits

Get Brian Deer's book The Doctor Who Fooled The World:
https://briandeer.com/doctor-who-fooled-world.htm

SOURCES:
https://docs.google.com/document/d/1wNJ3tj3X2HZ0PTnUGnlrjpFsQu6tYKYTS7JvhFG2TMk/edit",2021-05-26T17:35:11Z,4714197,https://www.youtube.com/watch?v=8BIcAZxFfrc
xQc5Feyl2GE,Attention Regulation: The Difference Between ADHD and Autism (Explaining The Neurodiversity Rainbow),"This video explains in pictures the difference between adhd and autism and the neurodiversity rainbow. When looking at autism vs adhd both have issues with attention regulation, executive function, emotional regulation, social challenges and many more, yet there are some key differences between them.

CHANNEL LINKS:
Patreon: https://www.patreon.com/aspergersfromtheinside
Facebook: https://www.facebook.com/aspergersfromtheinside
Twitter: https://twitter.com/AspieFromInside
Written Blog: https://aspergersfromtheinside.com/
More Videos: https://www.youtube.com/c/aspergersfromtheinside
Email: aspergersfromtheinside@gmail.com
-----------------------------------------------

// WELCOME TO ASPERGERS FROM THE INSIDE!!

My name is Paul and I discovered I have Aspergers at age 30.
If you're new you can check out a playlist of some of my most popular videos here: https://www.youtube.com/c/aspergersfromtheinside/playlists

Yes, I know, I don't look autistic. That's exactly why I started this blog, because if I didn't show you, you would never know.

As the name suggests, this channel is devoted to giving you insight into the world of Aspergers.
This blog started off being just my story, but I've learned SO MUCH about my own condition
from meeting others on the Autism Spectrum that now I make sure to feature their stories as well.

I've come a long way in my own personal journey.
Now I'm sharing what I've found so you don't have to learn it the hard way too.

-----------------------------------------------

// WHAT TO EXPECT FROM THIS BLOG

You can expect me to get to the point with concise useful information.
I focus on what is most important and don't shy away from difficult topics.

The best way to learn about Autism is to see it in real life ( i.e. via the stories of many, many people on the spectrum).

In this channel I endeavour to show you what Autism and Aspergers look like in real people and to also give you some insight as to what's happening on the inside.
I upload a new video every weekend with some bonus content thrown in mid-week too.
There's always new stuff coming through so be sure to check back and see what you've missed. (Is this where I'm supposed to tell you to hit that subscribe button?)

Topics Include:
- What is Aspergers/Autism?
- Aspie Tips, coping strategies, and advice on common issues
- Learning Emotional Intelligence (this is my special interest!)
- Autism in real life: stories from special guests

Everything I do is and endeavour to go deeper and take you 'behind the scenes' to understand what may, at first glance, seem 'odd'.
oh, and I love busting stereotypes and turning preconceptions upsidedown :)

-----------------------------------------------

// ABOUT ME

I discovered I have aspergers at the age of thrity.
It has been my life's mission to understand these funny creatures we call humans.
My special interest is a combination of emotional intelligence, psychology, neuroscience, thinking styles, behaviour, and motivation. (I.e. what makes people tick)
My background is in engineering and I see the world in systems to be analysed.
My passion is for taking the incredibly complex, deciphering the pattern, and explaining it very simply.
My philosophy is that blogging is an adventure best shared.

-----------------------------------------------

// EMOTIONAL INTELLIGENCE TRAINING

I also run autism friendly online emotional intelligence training. So if you like my direct, systematic style, and would like to improve your own emotional intelligence skills, check it out here:
http://emotionsexplained.com.au

-----------------------------------------------

// CONTACT

Blogging is an adventure best shared which means I'd love to hear from you!
Feel free to leave me a comment or send me and email at any time and I'll do my best to respond promptly.
Email: aspergersfromtheinside@gmail.com

Thanks for reading and I hope you enjoy this channel!
I look forward to hearing from you!

Peace,

~Paul",2020-05-15T23:00:15Z,408442,https://www.youtube.com/watch?v=xQc5Feyl2GE
z-UJW2BZY0U,Adults living with autism,"The U.S. government estimates about 5.5 million adults living with autism spectrum disorder in the country. Two families in Florida share their struggles and hopes. #WorldAutismAwarenessDay https://bit.ly/3NCxK3D

Watch CGTN LIVE on your computer, tablet or mobile
http://america.cgtn.com/livenews

Subscribe to CGTN America on YouTube

Follow CGTN America:
Twitter: @cgtnamerica
Facebook: @cgtnamerica
Instagram: @cgtnamerica
TikTok:  @cgtnamerica",2022-04-02T22:17:21Z,695,https://www.youtube.com/watch?v=z-UJW2BZY0U
Jk-FtgGV8I8,"The Problem with Masking ADHD and Autism (burnout, etc.)","Thank you to Sunsama for sponsoring this video! To try it out - use the link: https://get.sunsama.com/a/howtoadhd 

Masking is something those of us with ADHD do a lot, and usually without even realizing it, but what exactly is the problem with masking our ADHD and Autism?

Support us on Patreon: http://patreon.com/howtoadhd

Check out our website: http://howtoadhd.com

Follow us on all the things: 
Twitter: http://twitter.com/howtoadhd
TikTok: https://www.tiktok.com/@howtoadhd
Instagram: https://www.instagram.com/howtoadhd/
Facebook: http://facebook.com/howtoadhd

Our Merch Shop: http://shop.howtoadhd.com

-=-=-=-=-=-=-=-=-=-=-=-=-=-=-=-=-=-=-=-=-=-=-=-=-=-=-=-=-=-=-=-=-=-=-=-=-=-=-=-=-=-=-=-=-=

Citations for ""The Problem with Masking ADHD and Autism (burnout, etc.)"":

Hull, L., Petrides, K.V., Allison, C. et al. (2017). “Putting on My Best Normal”: Social Camouflaging in Adults with Autism Spectrum Conditions. J Autism Dev Disord, 47(8), 2519–2534. https://doi.org/10.1007/s10803-017-3166-5


Sedgewick, F., Hull, L., & Ellis, H. (2021). Autism and Masking: How and Why People Do It, and the Impact It Can Have. Jessica Kingsley Publishers.


Miller, D., Rees, J., & Pearson, A. (2021). “Masking Is Life”: Experiences of Masking in Autistic and Nonautistic Adults. Autism in Adulthood, 3(4), 330-338. https://doi.org/10.1089/aut.2020.0083",2022-02-08T18:10:02Z,729402,https://www.youtube.com/watch?v=Jk-FtgGV8I8
NwEH9Ui4HV8,What Women With Autism Want You to Know | Iris,"Here's what women with autism want you to know. 

Still haven’t subscribed to Iris on YouTube? ►► http://bit.ly/subthescene

About Iris
At Iris, our message to women is simple: You are enough. We produce relatable, engaging video that makes our audience laugh, cry, and say, ""Yep, that's me.""


What Women With Autism Want You to Know | Iris",2018-11-12T17:35:50Z,3625016,https://www.youtube.com/watch?v=NwEH9Ui4HV8
dUGU0pgYBSU,Autism Awareness Month: Fremont couple shares story of raising son with autism,KRON4's Pam Moore reports. You can donate to Joshua's Gift Foundation website Joshuasgift.org,2022-04-29T04:20:56Z,850,https://www.youtube.com/watch?v=dUGU0pgYBSU
lXz9TpKGd5g,Are You Autistic? 25 Questions To Ask Yourself! | Patron&#39;s Choice,"Do you identify with these common autistic experiences? This video gives an inside look at what it's like to be on the spectrum. Is this you?

Part I - The Autism Quotient Test: Everything You Need To Know About The Online AQ Test - https://youtu.be/9vDit91-gr8
Part II - Are You Undiagnosed Autistic? How To Tell If You're On The Autism Spectrum -https://youtu.be/UcqBgXCxddE

CHANNEL LINKS:
Patreon: https://www.patreon.com/aspergersfromtheinside
Facebook: https://www.facebook.com/aspergersfromtheinside
Twitter: https://twitter.com/AspieFromInside
Written Blog: https://aspergersfromtheinside.com/
More Videos: https://www.youtube.com/c/aspergersfromtheinside
Email: aspergersfromtheinside@gmail.com
-----------------------------------------------

// WELCOME TO ASPERGERS FROM THE INSIDE!!

My name is Paul and I discovered I have Aspergers at age 30.
If you're new you can check out a playlist of some of my most popular videos here: https://www.youtube.com/c/aspergersfromtheinside/playlists

Yes, I know, I don't look autistic. That's exactly why I started this blog, because if I didn't show you, you would never know.

As the name suggests, this channel is devoted to giving you insight into the world of Aspergers.
This blog started off being just my story, but I've learned SO MUCH about my own condition
from meeting others on the Autism Spectrum that now I make sure to feature their stories as well.

I've come a long way in my own personal journey.
Now I'm sharing what I've found so you don't have to learn it the hard way too.

-----------------------------------------------

// WHAT TO EXPECT FROM THIS BLOG

I value your time which means there are NO YOUTUBE ADS on my videos.
You can expect me to get to the point with concise useful information.
I focus on what is most important and don't shy away from difficult topics.

The best way to learn about Autism is to see it in real life ( i.e. via the stories of many, many people on the spectrum).

In this channel I endeavour to show you what Autism and Aspergers look like in real people and to also give you some insight as to what's happening on the inside.
I upload a new video every weekend with some bonus content thrown in mid-week too.
There's always new stuff coming through so be sure to check back and see what you've missed. (Is this where I'm supposed to tell you to hit that subscribe button?)

Topics Include:
- What is Aspergers/Autism?
- Aspie Tips, coping strategies, and advice on common issues
- Learning Emotional Intelligence (this is my special interest!)
- Autism in real life: stories from special guests

Everything I do is and endeavour to go deeper and take you 'behind the scenes' to understand what may, at first glance, seem 'odd'.
oh, and I love busting stereotypes and turning preconceptions upsidedown :)

-----------------------------------------------

// ABOUT ME

I discovered I have aspergers at the age of thrity.
It has been my life's mission to understand these funny creatures we call humans.
My special interest is a combination of emotional intelligence, psychology, neuroscience, thinking styles, behaviour, and motivation. (I.e. what makes people tick)
My background is in engineering and I see the world in systems to be analysed.
My passion is for taking the incredibly complex, deciphering the pattern, and explaining it very simply.
My philosophy is that blogging is an adventure best shared.

-----------------------------------------------

// EMOTIONAL INTELLIGENCE TRAINING

I also run autism friendly online emotional intelligence training. So if you like my direct, systematic style, and would like to improve your own emotional intelligence skills, check it out here:
http://emotionsexplained.com.au

-----------------------------------------------

// CONTACT

Blogging is an adventure best shared which means I'd love to hear from you!
Feel free to leave me a comment or send me and email at any time and I'll do my best to respond promptly.
Email: aspergersfromtheinside@gmail.com

Thanks for reading and I hope you enjoy this channel!
I look forward to hearing from you!

Peace,

~Paul",2019-12-27T22:00:13Z,1329419,https://www.youtube.com/watch?v=lXz9TpKGd5g
6BN1riwLjfY,Autism and Childhood Trauma,"Matt Lowry LLP
https://www.mattlowrylpp.com/learn

Aspergers from the Inside - Paul Micallef
https://www.youtube.com/c/aspergersfromtheinside

In this video we cover:  ASD, autism, aspergers, neurotypical, neurodivergent, PDD NOS, rett syndrome, retts, CDD, kanners, stimming, masking,  hyperactivity, attention, focus, triggers, toxic family systems, boundaries, truth, childhood trauma, inner child, inner child work,  c-ptsd,  ptsd, toxic parents, narcissistic abuse, healing, abusive parents, emotional abuse, childhood ptsd, repressed memories, hypervigilance, narcissistic parents, emotionally abusive parents, child abuse, narcissistic father, childhood emotional neglect, abuse, narcissistic mother, alcoholism, scapegoat, genogram, siblings, dissociation, trauma

➡️ Childhood Trauma E-Course Work
https://www.patrickteahantherapy.com/e-courses-handouts/
➡️Support the channel on Patreon
https://www.patreon.com/patrickteahan 
➡️Connect with me via my website
https://www.patrickteahantherapy.com 
➡️Connect with me via my Instagram
https://www.instagram.com/patrickteahantherapy/
➡️Connect with me via my TikTok
https://www.tiktok.com/@patrickteahantherapy?lang=en

MUSIC IS BY - Chris Haugen - Ibiza Dream
https://www.youtube.com/watch?v=77qI98PLZVw

⚠️ Disclaimer

My videos are for educational purposes only. Information provided on this channel is not intended to be a substitute for in person professional medical advice. It is not intended to replace the services of a therapist, physician, or other qualified professional, nor does it constitute a therapist-client or physician or quasi-physician relationship. 

If you are, or someone you know is in immediate danger, please call a local emergency telephone number or go immediately to the nearest emergency room. 

If you are having emotional distress, please utilize 911 or the National Suicide Hotline 
1-800-273-8255",2022-02-04T16:00:58Z,39559,https://www.youtube.com/watch?v=6BN1riwLjfY
kJdy5K1DYYA,Self-Diagnosis Of Autism: Is it valid?,"Many late-identified autistic adults choose not to seek a formal autism diagnosis, but is self-diagnosis of autism valid? It's a common question that many of us need to face in the journey to understand ourselves and what autism means in our life.

Our Online Social Group:
https://www.facebook.com/groups/722729774905114

CHANNEL LINKS:
Patreon: https://www.patreon.com/aspergersfromtheinside
Facebook: https://www.facebook.com/aspergersfromtheinside
Twitter: https://twitter.com/AspieFromInside
Written Blog: https://aspergersfromtheinside.com/
More Videos: https://www.youtube.com/c/aspergersfromtheinside
Email: aspergersfromtheinside@gmail.com
-----------------------------------------------

// WELCOME TO ASPERGERS FROM THE INSIDE!!

My name is Paul and I discovered I have Aspergers at age 30.
If you're new you can check out a playlist of some of my most popular videos here: https://www.youtube.com/c/aspergersfromtheinside/playlists

Yes, I know, I don't look autistic. That's exactly why I started this blog, because if I didn't show you, you would never know.

As the name suggests, this channel is devoted to giving you insight into the world of Aspergers.
This blog started off being just my story, but I've learned SO MUCH about my own condition
from meeting others on the Autism Spectrum that now I make sure to feature their stories as well.

I've come a long way in my own personal journey.
Now I'm sharing what I've found so you don't have to learn it the hard way too.

-----------------------------------------------

// WHAT TO EXPECT FROM THIS BLOG

You can expect me to get to the point with concise useful information.
I focus on what is most important and don't shy away from difficult topics.

The best way to learn about Autism is to see it in real life ( i.e. via the stories of many, many people on the spectrum).

In this channel I endeavour to show you what Autism and Aspergers look like in real people and to also give you some insight as to what's happening on the inside.
I upload a new video every weekend with some bonus content thrown in mid-week too.
There's always new stuff coming through so be sure to check back and see what you've missed. (Is this where I'm supposed to tell you to hit that subscribe button?)

Topics Include:
- What is Aspergers/Autism?
- Aspie Tips, coping strategies, and advice on common issues
- Learning Emotional Intelligence (this is my special interest!)
- Autism in real life: stories from special guests

Everything I do is and endeavour to go deeper and take you 'behind the scenes' to understand what may, at first glance, seem 'odd'.
oh, and I love busting stereotypes and turning preconceptions upsidedown :)

-----------------------------------------------

// ABOUT ME

I discovered I have aspergers at the age of thrity.
It has been my life's mission to understand these funny creatures we call humans.
My special interest is a combination of emotional intelligence, psychology, neuroscience, thinking styles, behaviour, and motivation. (I.e. what makes people tick)
My background is in engineering and I see the world in systems to be analysed.
My passion is for taking the incredibly complex, deciphering the pattern, and explaining it very simply.
My philosophy is that blogging is an adventure best shared.

-----------------------------------------------

// EMOTIONAL INTELLIGENCE TRAINING

I also run autism friendly online emotional intelligence training. So if you like my direct, systematic style, and would like to improve your own emotional intelligence skills, check it out here:
http://emotionsexplained.com.au

-----------------------------------------------

// CONTACT

Blogging is an adventure best shared which means I'd love to hear from you!
Feel free to leave me a comment or send me and email at any time and I'll do my best to respond promptly.
Email: aspergersfromtheinside@gmail.com

Thanks for reading and I hope you enjoy this channel!
I look forward to hearing from you!

Peace,

~Paul",2021-02-04T21:30:11Z,37553,https://www.youtube.com/watch?v=kJdy5K1DYYA
_MBiP3G2Pzc,Steve Silberman: The forgotten history of autism,"Decades ago, few pediatricians had heard of autism. In 1975, 1 in 5,000 kids was estimated to have it. Today, 1 in 68 is on the autism spectrum. What caused this steep rise? Steve Silberman points to “a perfect storm of autism awareness” — a pair of doctors with an accepting view, an unexpected pop culture moment and a new clinical test. But to really understand, we have to go back further to an Austrian doctor by the name of Hans Asperger, who published a pioneering paper in 1944. Because it was buried in time, autism has been shrouded in misunderstanding ever since. (This talk was part of a TED2015 session curated by Pop-Up Magazine: popupmagazine.com or @popupmag on Twitter.)

TEDTalks is a daily video podcast of the best talks and performances from the TED Conference, where the world's leading thinkers and doers give the talk of their lives in 18 minutes (or less). Look for talks on Technology, Entertainment and Design -- plus science, business, global issues, the arts and much more.
Find closed captions and translated subtitles in many languages at http://www.ted.com/talks/steve_silberman_the_forgotten_history_of_autism

Follow TED news on Twitter: http://www.twitter.com/tednews
Like TED on Facebook: https://www.facebook.com/TED

Subscribe to our channel: http://www.youtube.com/user/TEDtalksDirector",2015-06-17T17:18:55Z,179803,https://www.youtube.com/watch?v=_MBiP3G2Pzc
SFzPzsxRKgI,Hear How Stem Cell Treatments for Autism Changed Daughter’s Life,"Gina and Wade join The Doctors to share about how their daughter Gracie reacted to stem cell treatment for autism in the Duke University study. Her parents share that Gracie showed great improvements after the stem cell treatments. Meet Gracie, who shares her love of school.

Like us on Facebook: https://www.facebook.com/TheDoctors
Follow us on Twitter: https://twitter.com/thedoctors
Follow us on Instagram: https://www.instagram.com/thedoctorstv

About The Doctors: The Doctors is an Emmy award-winning daytime talk show in its 14th season. The Doctors helps you understand the latest health headlines, delivers exclusive interviews with celebrities dealing with health issues, debates and investigates health and safety claims, explains the latest viral videos and how you can avoid emergency situations, and serves up celebrity chefs to share the hottest and healthiest recipes and foods.",2021-11-09T15:00:27Z,19404,https://www.youtube.com/watch?v=SFzPzsxRKgI
n2dOGcQyH1E,Should Parents Consider Off-Label Treatments for Autism?,"Child psychiatrist Dr. Daniel Emina and psychologist and autism expert Dr. Doreen Granpeesheh join The Doctors to discuss the off-label use of TMS therapy to treat autism. Miriam had great results with MeRT with her daughter Raquel. Dr. Emina shares that sometimes good care is off-label, but Dr. Doreen is skeptical of the treatment and shares that you don’t know if it’s going to help or hurt your child.

After a Traumatic Birth, New Mom Seeks Out Ketamine Therapy

Like us on Facebook: https://www.facebook.com/TheDoctors
Follow us on Twitter: https://twitter.com/thedoctors
Follow us on Instagram: https://www.instagram.com/thedoctorstv

About The Doctors: The Doctors is an Emmy award-winning daytime talk show in its 14th season. The Doctors helps you understand the latest health headlines, delivers exclusive interviews with celebrities dealing with health issues, debates and investigates health and safety claims, explains the latest viral videos and how you can avoid emergency situations, and serves up celebrity chefs to share the hottest and healthiest recipes and foods.",2022-05-07T17:38:58Z,869,https://www.youtube.com/watch?v=n2dOGcQyH1E
OsDH0tChwFk,10 AUTISM Symptoms (TOP SIGNS YOU SHOULD SEE),"Here are 10 autism symptoms that will help you instantly identify someone on the autism spectrum.

📘50% OFF AUTISM PARENTING MAGAZINE → http://bit.ly/AUTISMPM
→ Try Online Therapy Here (sponsored) →  https://betterhelp.com/theaspieworld/
→ AUTISM ALERT CARD → http://bit.ly/AutismAlertCard
→ HEALTH GUMMIES UK → http://www.yuminutrition.com?aff=2
→ HEALTH GUMMIES USA → http://yuminutrition.us?aff=6 
→ [15% OFF] AUTISM STIM TOYS / GADGETS → http://bit.ly/StimToys
→ Autism Therapy Headphones → www.soundsory.com/ASPIE10
→ MUSIC I USE IN MY VIDS → https://www.epidemicsound.com/referral/yhkvz1/
→ SENSORY TOY BUNDLE → https://amzn.to/36zbBiA
→ AUTISM CHEWIE GADGETS → https://amzn.to/2Mh8eWR
→ PUSH POP BUBBLE SENSORY TOY → https://amzn.to/3tj2z36
→ AUTISM WEIGHTED BLANKET → https://amzn.to/3r8LCq0
→ COMPRESSION BLANKET AUTISM → https://amzn.to/3pIrXNr
→ MY CAMERA → https://amzn.to/3akFHaM
→ MY MICROPHONE → https://amzn.to/3rb8TYw
→ MY PODCAST MIC → https://amzn.to/3pFqg3v
→ THE REASON I JUMP BOOK → https://amzn.to/2MLs2kS
👕MY MERCH → http://bit.ly/TAW_Merch

💼 WORK WITH ME → TheAspieWorld@gmail.com

✅MY EXCLUSIVE MEMBERSHIP SITE: https://www.levelupautism.net 
✅MY AUTISM COURSE: https://www.learnautism.net 

🔴SUBSCRIBE ➤ http://bit.ly/AutismYouTube
📲PATREON → http://bit.ly/TAW_Patreon

📹 WATCH MORE OF MY VIDEOS → http://bit.ly/Watch_More_TAW
📹SECRET VLOG →http://bit.ly/2FHuaor

FOR MORE FOLLOW MY SOCIALS ⬇️
--------------------------------------------------
► INSTAGRAM: http://bit.ly/TAW_Insta
► TWITTER: http://bit.ly/TAW_Twitter
► FACEBOOK: http://bit.ly/TAW_FaceBook
► SNAPCHAT: http://bit.ly/TAW_SnapChat
► TIKTOK → http://bit.ly/TAW_Tik_Tok 
► MY BLOG → http://bit.ly/TAW_Blog
► MY PODCAST → http://bit.ly/TAW_Podcast
——————————————————
These 10 autism symptoms or signs of autism that you should be made aware of because they help your autism characteristics in a person.

It is often a difficult issue to think if someone is on the autism spectrum or not because of so much information about it around.￼￼￼

This is a way of helping you understand ways in which you can confidently identify autism in person quickly and effectively.

Not all of these will apply to every single autistic person, but this is a good overview of potential autism traits in a person.

1 Repetitive Behaviour 
2 Eye Contact Issues
3 Non Verbal
4 Delayed Speech 
5 Obsessive Interests 
6 Lack Of Social Skills
7 Difficulty Relating To People
8 Social Anxiety 
9 Bad Executive Function 
10 Poor Communication Skills",2021-06-11T18:30:13Z,50518,https://www.youtube.com/watch?v=OsDH0tChwFk
5_O8fDvUCTc,Autism &amp; Repetitive Behavior,"#Autism
#ASD
#child development
#early childhood 
#communication development
#autism
#echolalia
#developmental delay
#developmental disorder

Find out more about early steps in relational development:
https://www.icdl.com/dir/fedcs/capacity-2

The CDC's Diagnostic Criteria:
https://www.cdc.gov/ncbddd/autism/hcp-dsm.html

Here are ways you can learn more about helping people with Autism improve their social skills:
https://stanleygreenspan.com/node/47
Talkability - https://amzn.to/30Qo8vr
Social Stories by Carol Grey - https://amzn.to/3lywwau
The Social Skills Picture Book - https://amzn.to/2Fh7jSL
How To Talk With Friends, Social Skills Curriculum For Kids With Autism - https://amzn.to/36OhkC8

Find out more about interaction from the Hanen Center:
http://www.hanen.org/Helpful-Info/Articles/Why-Interaction-Must-Come-Before-Language.aspx

And from ICDL:
https://www.icdl.com/dir/fedcs

Here's my video series on using visuals to help kids learn to communicate:
https://www.youtube.com/playlist?list=PLjG8IIMf5cY4YayZ_vtvc9x2lSLQzbJwL

More communication ideas:

Boardmaker: https://goboardmaker.com/pages/boardmaker-online

Laminator: https://amzn.to/3dBpcbm

Picture Exchange Communication System:
https://autismpdc.fpg.unc.edu/sites/autismpdc.fpg.unc.edu/files/PECS_Steps.pdf

https://pecsusa.com/pecs/

https://www.nationalautismresources.com/the-picture-exchange-communication-system-pecs/

Sensory books:
Sensory Processing 101 https://amzn.to/3fzZt3G
Understanding Your Child's Sensory Signals https://amzn.to/2SQacxh

************

Please get a Speech-Language Pathologist working with you when all this calms down if you're concerned about your child's communication development!  Find one here:  
https://find.asha.org/pro#f:@Provider=[Speech-Language%20Pathologist]

Whenever you believe a child has atypical sensory needs, it's a good idea to find a qualified Occupational Therapist who's a specialist in sensory integration (not all of them are!)  A professional can definitely help you understand your child's needs better and work with you to figure out how to meet those needs in more appropriate ways.  

Find a sensory-smart Occupational Therapist:
https://www.sensorysmarts.com/find_an_ot.html

""Sensory Processing 101""
https://amzn.to/2X3BbW2

""Understanding Your Child's Sensory Signals""
https://amzn.to/2D7gVuR

Discover some of the additional amazing equipment and resources I recommend here:
http://www.chirpcc.com/resources.html

Find out more about me and my life on my personal blog:
https://kittensfromthedarkside.blogspot.com

Chirp is making the world more welcoming for people with special needs and their families and equipping families to provide excellent support for their developing children.",2020-11-07T01:31:28Z,1176,https://www.youtube.com/watch?v=5_O8fDvUCTc
873cZKQvlgA,Autism: From Screaming to Speaking with The Son-Rise Program®,"https://www.autismtreatment.org   Brendon was developing typically until he was 14 months old when he stopped making eye contact and using words and began screaming, crying, having tantrums and doing repetitious behaviors. He was diagnosed with autism and PDD-NOS. His parents looked for an autism treatment that would develop his social interactions and they found The Son-Rise Program at the Autism Treatment Center of America. Listen to his mother tell the story of their journey.
https://www.autismtreatment.org/

The Autism Treatment Center of America™ is the worldwide teaching center for The Son-Rise Program®, a powerful and effective home-based treatment for children and adults of all ages challenged by Autism, Autism Spectrum Disorders, Asperger's Syndrome, Pervasive Developmental Disorder (PDD), and other developmental difficulties. The Son-Rise Program was originated in 1974 by parents, Barry Neil Kaufman (best-selling author, Son-Rise: The Miracle Continues) and Samahria Lyte Kaufman for their son. The treatment and educational model has changed the way children with Autism are helped worldwide. The Son-Rise Program was awarded the Best Autism Therapy at the AutismOne National Conference.

The Son-Rise Program®can change your child's future . . .
• Awarded ""Best Autism Therapy"" at the AutismOne National Conference
• Allows your child to be your guide
• You are your child's best resource
• Join your child in their world - rather than force
• them to conform to a world they don't understand

THE SON-RISE PROGRAM START-UP
Foundational Course 

THE SON-RISE PROGRAM START-UP is a 5-day group training program for parents, relatives and professionals looking to facilitate meaningful progress in their children (ages 18 months through 60 years) challenged by Autism, Autism Spectrum Disorders, Pervasive Developmental Disorder (PDD), Asperger's Syndrome, High Functioning Autism and other related developmental difficulties. 

Exciting, inspiring and diverse presentations by a group of seasoned and dedicated teachers, will deliver to you the autism strategies, expertise, motivation and knowledge honed through years of working with thousands of families and children with Autism Spectrum Disorders. At the end of this course, you will have all the tools necessary to design and implement your own home-based Son-Rise Program, as well as the skills and attitude to impact your child's growth in all areas of learning, communication, development and skill acquisition.

THE SON-RISE PROGRAM START-UP is designed to help those with children of varying ages, from 18 months through 60 years, with a wide range of developmental difficulties, most commonly Autism Spectrum Disorders and Pervasive Developmental Disorders. 

1. Exciting, inspiring and diverse presentations by a group of seasoned and dedicated teachers, will deliver to you the autism strategies, skills, motivation and knowledge honed through years of working with thousands of families and children with Autism Spectrum Disorders. 
2. Dynamic group exercises that spotlight key challenges in working with children
3. Comprehensive video and audio training
4. A powerful slide presentation that demystifies the seemingly randon and confusing behavior of special children
5. Question and answer forums to address critical questions and concerns
6. An opportunity to brainstorm autism strategies and network with other parents, professionals and teachers facing similar challenges
7. An in-depth manual that walks you step by step through all the 
key elements of The Son-Rise Program

To arrange for a Complimentary Consultation with a Son-Rise Program Advisor:
U.S. 1-877-766-7473
Int'l +001-413-229-2100
To learn more: https://www.autismtreatmentcenter.org/",2010-01-18T16:54:09Z,15437,https://www.youtube.com/watch?v=873cZKQvlgA
04URF8dos-E,Early Autism Signs | INCLUDING FOOTAGE | 0-3 years old | Signs of Autism in Toddlers,"These are the early autism signs I saw in my autistic son. He was diagnosed at age two and is nonverbal. 
Please know that these are just some of the signs I saw in my son that made me look for support. 

Please know that just because your child does one or two of these thing it does not mean they have autism. Make sure to look for help from a pediatrician or specialist dr. 

#autismsigns #earlysignsofautism #autismtoddlersigns


OUR AUTISM STORY (autism signs and diagnosis)

https://youtu.be/HBX7orF5jQU



Exclusive merchandise only at https://rocknstims.com

Join our Membership to support our channel:
https://www.youtube.com/channel/UC1e4LX2OCN3x1azKURaqKLQ/join


WE GOT A PO BOX!! 
PO BOX 60371
Las Vegas, NV 89160

__________________________________________________________
Harkla:
https://harkla.co/?rfsn=4876231.9c052d
Use discount code Rocknstims for 10%
__________________________________________________________
CHECK OUT OUR :
COMMUNICATION PLAYLIST 
https://www.youtube.com/playlist?list=PLPmeKRUvQ8Rq0zTrCg0eFIYdK76qziU_r


MORNING ROUTINE PLAYLIST
https://www.youtube.com/playlist?list=PLPmeKRUvQ8Rq0zTrCg0eFIYdK76qziU_r


PODCAST
https://open.spotify.com/show/4DR75u5vE2hPakqlJfTwWv
https://anchor.fm/ROCKNSTIMS
__________________________________________________________
WE CREATED A PATREON!‼️
Thanks for all the support... we really love making autism videos for other families that can relate! You will find more behind the scenes, daily life, tips and Q&A’s on our Patreon page!",2021-04-02T16:01:19Z,168401,https://www.youtube.com/watch?v=04URF8dos-E
YUkrdZMKzAM,Flashback Friday: The Best Foods for Fighting Autism and Brain Inflammation,"Can diet be an effective part of autism treatment? One food may be able to combat all four purported causal factors of autism: synaptic dysfunction, oxidative stress, mitochondrial dysfunction, and neuroinflammation. The sulforaphane found in five cents’ worth of broccoli sprouts has been shown to benefit autism in a way no drug ever has in randomized, double-blind, placebo-controlled study.

Looking for healthy holiday meals? Subscribe to our free newsletter and receive a holiday recipe guide with four recipes: https://nutritionfacts.org/subscribe/




Dramatic relief of autistic behavior during a fever? Check out the previous video, Fever Benefits for Autism in a Food (http://nutritionfacts.org/video/fever-benefits-for-autism-in-a-food). 

What else can broccoli’s magic do?
• Broccoli vs. Breast Cancer Stem Cells (nutritionfacts.org/video/broccoli-versus-breast-cancer-stem-cells)
• The Best Detox (https://nutritionfacts.org/video/the-best-detox/)
• Sulforaphane: From Broccoli to Breast (https://nutritionfacts.org/video/sulforaphane-from-broccoli-to-breast/)
• Lung Cancer Metastases and Broccoli (https://nutritionfacts.org/video/lung-cancer-metastases-and-broccoli/)
• Prolonged Liver Function Enhancement from Broccoli (https://nutritionfacts.org/video/prolonged-liver-function-enhancement-from-broccoli/)
• Breast Cancer Survival Vegetable (https://nutritionfacts.org/video/breast-cancer-survival-vegetable/)
• DNA Protection from Broccoli (https://nutritionfacts.org/video/dna-protection-from-broccoli/)

My video Broccoli: Sprouts vs. Supplements (https://nutritionfacts.org/video/broccoli-sprouts-vs-supplements/) underscores the importance of plants over pills, and Biggest Nutrition Bang for Your Buck tells you how to grow your own (https://nutritionfacts.org/videos/biggest-nutrition-bang-for-your-buck/).

After producing my initial series on autism, I’ve made even more videos on the topic. See them all at
https://nutritionfacts.org/topics/autism.

Have a question about this video? Leave it in the comment section at http://nutritionfacts.org/video/flashback-friday-the-best-foods-for-fighting-autism-and-brain-inflammation and someone on the NutritionFacts.org team will try to answer it.

Want to get a list of links to all the scientific sources used in this video? Click on Sources Cited at https://nutritionfacts.org/video/flashback-friday-the-best-foods-for-fighting-autism-and-brain-inflammation. You’ll also find a transcript and acknowledgements for the video, my blog and speaking tour schedule, and an easy way to search (by translated language even) through our videos spanning more than 2,000 health topics. 

If you’d rather watch these videos on YouTube, subscribe to my YouTube Channel here: https://www.youtube.com/subscription_center?add_user=nutritionfactsorg

Thanks for watching. I hope you’ll join in the evidence-based nutrition revolution!
-Michael Greger, MD FACLM

Captions for this video are available in several languages; you can find yours in the video settings.

https://NutritionFacts.org
• Subscribe: https://nutritionfacts.org/subscribe
• Donate: https://nutritionfacts.org/donate
• Podcast : https://nutritionfacts.org/audio
• Facebook: www.facebook.com/NutritionFacts.org
• Twitter: www.twitter.com/nutrition_facts
• Instagram: www.instagram.com/nutrition_facts_org
• Books: https://nutritionfacts.org/books
• Shop: https://drgreger.org",2020-04-17T11:59:54Z,32236,https://www.youtube.com/watch?v=YUkrdZMKzAM
KhT0NxCayEg,Explaining Autism (animation),"This film provides a view of autism from a young person’s perspective, and aims to raise awareness of autism among no-autistic audiences, to stimulate  understanding and tolerance in future generations.",2019-11-12T09:29:43Z,787551,https://www.youtube.com/watch?v=KhT0NxCayEg
FLBCqJh5R24,"Is The Autism Puzzle Piece Offensive? (origins, controversy, and why many autistic adults hate it!)","Are you aware of the Autism Puzzle Piece? It may seem to be everywhere since April is Autism Month and World Autism Awareness Day is in the news, but the controversy around the autism puzzle piece is actually one of the most divisive issues in the community. Many autistic adults outright hate it and in some circles it can be quite offensive, with many communities opting to ban it altogether with a preference for newer more inclusive symbols.

In this video, I'll cover the origins and meaning behind the puzzle piece and it's role in Autism Awareness Day, but most importantly we'll describe the newer symbols available today and how the Autistic Community chooses to define itself. Armed with this knowledge we can all move beyond the dark history of autism awareness to a brighter future of autism acceptance and autism appreciation.

TIMESTAMPS:
00:00 - Introduction
00:32 - World Autism Awareness Day - What is the puzzle piece symbol?
00:43 - Why so controversial? Why some autistic adults hate it so much.
01:27 - Origins and Historical Context of Autism Puzzle Pieces
02:58 - Positive symbols for Diversity used by and for the Autistic Community
03:55 - How you can help raise autistic voices
04:22 - The future of autistic advocacy


CHANNEL LINKS:
Patreon: https://www.patreon.com/aspergersfromtheinside
Facebook: https://www.facebook.com/aspergersfromtheinside
Twitter: https://twitter.com/AspieFromInside
Written Blog: https://aspergersfromtheinside.com/
More Videos: https://www.youtube.com/c/aspergersfromtheinside
Email: aspergersfromtheinside@gmail.com
-----------------------------------------------

// WELCOME TO ASPERGERS FROM THE INSIDE!!

My name is Paul and I discovered I have Aspergers at age 30.
If you're new you can check out a playlist of some of my most popular videos here: https://www.youtube.com/c/aspergersfromtheinside/playlists

Yes, I know, I don't look autistic. That's exactly why I started this blog, because if I didn't show you, you would never know.

As the name suggests, this channel is devoted to giving you insight into the world of Aspergers.
This blog started off being just my story, but I've learned SO MUCH about my own condition
from meeting others on the Autism Spectrum that now I make sure to feature their stories as well.

I've come a long way in my own personal journey.
Now I'm sharing what I've found so you don't have to learn it the hard way too.

-----------------------------------------------

// WHAT TO EXPECT FROM THIS BLOG

You can expect me to get to the point with concise useful information.
I focus on what is most important and don't shy away from difficult topics.

The best way to learn about Autism is to see it in real life ( i.e. via the stories of many, many people on the spectrum).

In this channel I endeavour to show you what Autism and Aspergers look like in real people and to also give you some insight as to what's happening on the inside.
I upload a new video every weekend with some bonus content thrown in mid-week too.
There's always new stuff coming through so be sure to check back and see what you've missed. (Is this where I'm supposed to tell you to hit that subscribe button?)

Topics Include:
- What is Aspergers/Autism?
- Aspie Tips, coping strategies, and advice on common issues
- Learning Emotional Intelligence (this is my special interest!)
- Autism in real life: stories from special guests

Everything I do is and endeavour to go deeper and take you 'behind the scenes' to understand what may, at first glance, seem 'odd'.
oh, and I love busting stereotypes and turning preconceptions upsidedown :)

-----------------------------------------------

// ABOUT ME

I discovered I have aspergers at the age of thirty.
It has been my life's mission to understand these funny creatures we call humans.
My special interest is a combination of emotional intelligence, psychology, neuroscience, thinking styles, behaviour, and motivation. (I.e. what makes people tick)
My background is in engineering and I see the world in systems to be analysed.
My passion is for taking the incredibly complex, deciphering the pattern, and explaining it very simply.
My philosophy is that blogging is an adventure best shared.

-----------------------------------------------

// EMOTIONAL INTELLIGENCE TRAINING

I also run autism friendly online emotional intelligence training. So if you like my direct, systematic style, and would like to improve your own emotional intelligence skills, check it out here:
http://emotionsexplained.com.au

-----------------------------------------------

// CONTACT

Blogging is an adventure best shared which means I'd love to hear from you!
Feel free to leave me a comment or send me and email at any time and I'll do my best to respond promptly.
Email: aspergersfromtheinside@gmail.com

Thanks for reading and I hope you enjoy this channel!
I look forward to hearing from you!

Peace,

~Paul",2022-04-14T22:30:26Z,14448,https://www.youtube.com/watch?v=FLBCqJh5R24
yVNpnKI9JTY,The Best Diet for Autism,"I want to introduce you to what I think is the best diet for autism. 

GET DR. BERG'S MCT OIL HERE➜ ➜  
🛒https://shop.drberg.com/mct-oil

GET DR. BERG'S ELECTROLYTE POWDER HERE ➜ ➜
🛒 https://shop.drberg.com/electrolyte-powder-lemonade-45-servings

GET DR. BERG'S NUTRITIONAL YEAST (B Vitamins) HERE ➜ ➜  
🛒 https://shop.drberg.com/nutritional-yeast-regular

GET DR. BERG'S TRACE MINERALS HERE ➜ ➜  
🛒 https://shop.drberg.com/trace-minerals

DATA: 
https://pubmed.ncbi.nlm.nih.gov/23666039/ 
https://pubmed.ncbi.nlm.nih.gov/23666039/ 
https://www.ncbi.nlm.nih.gov/pmc/articles/PMC5863039/ 
https://pubmed.ncbi.nlm.nih.gov/29644487/ 
https://pubmed.ncbi.nlm.nih.gov/28808808/  
https://pubmed.ncbi.nlm.nih.gov/12693778/ 

Timestamps
0:00 Autism and diet 
0:52 The best diet for autism 
4:12 Share your success story!

Let's talk about the best diet for autism. This is the overview and percentages of macros so you can create a meal plan for someone with autism. 

This structure could potentially help provide significant improvements in the communication skills, sociability, cognitive function, demeanor, and self-control of someone with autism. 

The typical ketogenic diet:
 • 5% carbs 
 • 20% protein 
 • 75% fat 

I think someone with autism should do the healthy version of keto by adding more fat (80-90% fat) and keeping the ingredients healthy. I would suggest that 25% of the fat be MCT oil. MCT oil can immediately give the person ketones. This will feed the cells directly to help promote improvement in the brain tissue. It may also be good to bring the person's carbohydrates down to 10-20g. 

The healthy version of keto would consist of a lot of non-starchy vegetables with a lot of fiber, a lot of leafy greens, or green powder. The person may want to avoid dairy, casein, gluten, and ghee. 

The diet could consist of foods, such as:
 • Fatty meat/fatty sausage 
 • Coconut oil 
 • Tallow 
 • Eggs 
 • Fatty fish 
 • Fatty nuts 

You would also want to add electrolytes, B vitamins, and trace minerals to the diet. 

ADD YOUR SUCCESS STORY HERE:
https://www.drberg.com/add-client-success-story?utm_source=youtube&utm_medium=description

FREE COURSE➜ ➜ http://bit.ly/BulletproofImmuneSystemCourse

Talk to a Product Advisor to find the best product for you!
Call 1-540-299-1556 with your questions about Dr. Berg's products. Product Advisors are available Monday through Friday 8am-6pm and Saturday 9am-5pm EST. 

* At this time, we no longer offer Keto Consulting and our Product Advisors will only be advising on which product is best for you and advise on how to take them.

Dr. Eric Berg DC Bio:
Dr. Berg, age 56, is a chiropractor who specializes in Healthy Ketosis & Intermittent Fasting. He is the author of the best-selling book The Healthy Keto Plan, and is the Director of Dr. Berg Nutritionals. He no longer practices, but focuses on health education through social media.

DR. BERG'S SHOP: http://shop.drberg.com/

Follow us on FACEBOOK: https://fb.me/DrEricBerg

Send a Message to his team: https://m.me/DrEricBerg

ABOUT DR. BERG: https://www.drberg.com/dr-eric-berg/bio

Disclaimer:
Dr. Eric Berg received his Doctor of Chiropractic degree from Palmer College of Chiropractic in 1988.  His use of “doctor” or “Dr.” in relation to himself solely refers to that degree.  Dr. Berg is a licensed chiropractor in Virginia, California, and Louisiana, but he no longer practices chiropractic in any state and does not see patients so he can focus on educating people as a full time activity, yet he maintains an active license. This video is for general informational purposes only.  It should not be used to self-diagnose and it is not a substitute for a medical exam, cure, treatment, diagnosis, and prescription or recommendation.  It does not create a doctor-patient relationship between Dr. Berg and you.  You should not make any change in your health regimen or diet before first consulting a physician and obtaining a medical exam, diagnosis, and recommendation.  Always seek the advice of a physician or other qualified health provider with any questions you may have regarding a medical condition.

#keto #ketodiet #weightloss #ketolifestyle

Thanks for watching! I hope this helps you better understand the best diet for autism.",2021-07-27T12:00:22Z,54272,https://www.youtube.com/watch?v=yVNpnKI9JTY
ueyHqgEuOJQ,Bias in Autism Research: Deficits or Differences?,"Today we review a big problem that plagues many of the research studies on autism.
____________
Michelle Dawson’s Twitter Feed: https://twitter.com/autismcrisis 

Further reading:
Gernsbacher, M. A., Dawson, M., & Mottron, L. (2006). Autism: Common, heritable, but not harmful. Behavioral and Brain Sciences, 29(4), 413-414. https://doi.org/10.1017/S0140525X06319097

Happé, F. (1999). Autism: cognitive deficit or cognitive style?. Trends in cognitive sciences, 3(6), 216-222.

Dawson, M., & Fletcher-Watson, S. (2021). When autism researchers disregard harms: A commentary. Autism, 13623613211031403. https://doi.org/10.1177%2F13623613211031403

Pellicano, E., & den Houting, J. (2021). Annual Research Review: Shifting from ‘normal science’to neurodiversity in autism science. Journal of Child Psychology and Psychiatry. https://doi.org/10.1111/jcpp.13534 


Examples of biased language and insistence on deficits cited here:
Li, B., Tsou, Y. T., Stockmann, L., Greaves-Lord, K., & Rieffe, C. (2021). See the self through others’ eyes: The development of moral emotions in young children with autism spectrum disorder. Development and Psychopathology, 1-11. https://doi.org/10.1017/s0954579421000973 

Hu, Y., Pereira, A. M., Gao, X., Campos, B. M., Derrington, E., Corgnet, B., ... & Dreher, J. C. (2021). Right temporoparietal junction underlies avoidance of moral transgression in Autism Spectrum Disorder. Journal of Neuroscience, 41(8), 1699-1715. https://doi.org/10.1523/jneurosci.1237-20.2020 

Zane, E., Neumeyer, K., Mertens, J., Chugg, A., & Grossman, R. B. (2018). I think we’re alone now: Solitary social behaviors in adolescents with autism spectrum disorder. Journal of abnormal child psychology, 46(5), 1111-1120. https://doi.org/10.1007/s10802-017-0351-0

Lawson, R. P., Mathys, C., & Rees, G. (2017). Adults with autism overestimate the volatility of the sensory environment. Nature neuroscience, 20(9), 1293-1299. https://doi.org/10.1038/nn.4615",2021-11-18T01:13:27Z,756,https://www.youtube.com/watch?v=ueyHqgEuOJQ
3IOthQJwKzQ,Top 5 Facts about Autism,"Autism is growing at a faster rate in the United States than any other developmental disability– it's common enough that even Sesame Street has started teaching kids about it. Welcome to WatchMojo's Top 5 Facts. Today, we'll be looking at the spectrum disorder known as autism. Subscribe►►http://www.youtube.com/subscription_center?add_user=watchmojo Facebook►►http://www.Facebook.com/WatchMojo. Twitter►►http://www.Twitter.com/WatchMojo Suggestion Tool►►http://www.WatchMojo.com/suggest Channel Page►►http://www.youtube.com/watchmojo

Special thanks to our users  Shawn Mark and Vix for submitting the idea on our Interactive Suggestion Tool at http://www.WatchMojo.com/suggest

Want a WatchMojo cup, mug, t-shirts, pen, sticker and even a water bottle?  Get them all when you order your MojoBox gift set here:
http://watchmojo.com/store/

WatchMojo is a leading producer of reference online video content, covering the People, Places and Trends you care about.
We update DAILY with 4-5 Top 10 lists, Origins, Biographies, Versus clips on movies, video games, music, pop culture and more!",2015-11-26T01:00:01Z,713665,https://www.youtube.com/watch?v=3IOthQJwKzQ
XLIzifsRUjY,Autism Meltdown Triggers - What Are My Meltdown Triggers?,"An autism meltdown for many people is difficult to handle on all levels. But what exactly do autism meltdown triggers look like and what are my meltdown triggers?

In this video, I'll be sharing what my autism meltdown triggers are as well as share some personal stories about my triggers affected me and lead me to go into autistic meltdown.

What are your meltdown triggers?  If you feel like sharing, please let us know below in the comments. BUT if you want to know MORE about autism meltdowns, be sure to watch these videos:

💡 What is an autism meltdown?: https://youtu.be/a8KXt6VBPr4

💡 How to help stop autism meltdowns?: https://youtu.be/Q8RjOcFsiE8

💡 Autism meltdown Vs Temper Tantrum - What's the difference?: https://youtu.be/OBakNjnxnSk

🔔 Subscribe for more videos HERE: https://bit.ly/2p6hwcb
⭕️ Last video: https://youtu.be/N9GAR8rJVeM
⭕️ Last podcast ep: https://youtu.be/5xkWMsrUqGU
👉 Are you new to the channel? Check out these videos: https://bit.ly/2xjyG6Q
👉 More Autism Videos? https://bit.ly/2Xw0R1n
👉 Latest IndieAndy videos: https://bit.ly/2REegkt
👉 Tips For Autistic People: https://bit.ly/3kOQEG3
👉 Autism Traits Playlist: https://bit.ly/3au21yl

🎤 THE UNMASKED PODCAST
YouTube: https://bit.ly/2QSYQaB
Anchor: https://anchor.fm/theunmaskedpodcast
Spotify: https://spoti.fi/3iapsyV
Google Podcast: https://bit.ly/3mXqthq
Apple Podcast: https://apple.co/36fy4BJ
-----------------------------------------------------------------------------------------------------------
Find all my social media here OR search IndieAndyUK:
https://linktr.ee/indieandy

All music by Epidemic Sound, help support by using my referral link: https://www.epidemicsound.com/referral/z6lz3w/
-----------------------------------------------------------------------------------------------------------
📧: indieandyofficial@gmail.com
-----------------------------------------------------------------------------------------------------------
*ABOUT ME*
Hello indie people, I'm Andy and I have Autism Spectrum Disorder (ASD). I make videos on autism from the perspective of an autistic adult. Sharing my autism experiences to help other autistic people and autism families to improve their understanding of autism.

This channel is focused on raising autism awareness & acceptance of autism. To try and change attitudes towards autism, to educate people about autism for those who are new to the autism world.

So if you are on the spectrum, know someone with autism, or are working professionally in the autism field and want to learn more about autistic people then consider subscribing and turning on the notification bell to see all future videos. 

#autism #autismmeltdown #indieandy",2021-01-26T16:41:17Z,2832,https://www.youtube.com/watch?v=XLIzifsRUjY
U_gw5i93T5I,Dietary Supplements for Autism,"Vitamin C, vitamin D, and omega-3 fish oil supplements put to the test to improve the core symptoms of autism spectrum disorder.

New subscribers to our e-newsletter always receive a free gift. Get yours here: https://nutritionfacts.org/subscribe/




This is the latest of an extended series on natural treatments for autism (for those who want to be treated). Please check out the others if you’re interested:
• Fever Benefits for Autism in a Food (http://bit.ly/fever-benefits-for-autism-in-a-food)
• Fighting Autism Brain Inflammation with Food (http://bit.ly/Fighting-Autism-Brain-Inflammation-with-Food)
• Best Foods for Autism (http://bit.ly/Best-Foods-for-Autism)
• Autism and Casein from Cow’s Milk (http://bit.ly/autism-and-casein-from-cows-milk)
• Does A2 Milk Carry Less Autism Risk? (http://bit.ly/Does-A2-Milk-Carry-Less-Autism-Risk)    
• Gluten-Free Casein-Free Diets for Autism Put to the Test (http://bit.ly/Gluten-Free-Casein-Free-Diets-for-Autism-Put-to-the-Test)
• Are Autism Diet Benefits Just a Placebo Effect? (http://bit.ly/Are-Autism-Diet-Benefits-Just-a-Placebo-Effectt)
• Double Blind Clinical Trial of Diet for Autism (http://bit.ly/Double-Blind-Clinical-Trial-of-Diet-for-Autism)
• Pros and Cons of Gluten-Free, Casein-Free Diets for Autism (http://bit.ly/Pros-and-Cons-of-Gluten-Free-Casein-Free-Diets-for-Autism) 
• Is Autism Really on the Rise? (http://bit.ly/is-autism-really-on-the-rise)
• The Role of Pesticides and Pollution in Autism (http://bit.ly/the-role-of-pesticides-and-pollution-in-autism)
• Heavy Metal Urine Testing and Chelation for Autism (http://bit.ly/Heavy-Metal-Urine-testing-and-Chelation-for-Autism)
• The Role of the Gut Microbiome in Autism (http://bit.ly/The-Role-of-the-Gut-Microbiome-in-Autism)
• Alternative Treatments for Autism (http://bit.ly/alternative-treatments-for-autism)

The disappointing results with fish oil mirror what we now know about their use for heart disease. See, for example, Is Fish Oil Just Snake Oil? (http://bit.ly/is-fish-oil-just-snake-oil) and Omega-3’s and the Eskimo Fish Tale (http://bit.ly/Omega-3s-and-the-eskimo-fish-tale).

What’s that about vitamin C and kidney stones? See Do Vitamin C Supplements Prevent Colds but Cause Kidney Stones? (http://bit.ly/do-vitamin-c-supplements-prevent-colds-but-cause-kidney-stones).

For more on what vitamin D can and can’t do, check out:
• Will You Live Longer if You Take Vitamin D Supplements? (http://bit.ly/will-you-live-longer-if-you-take-vitamin-D-supplements)
• Do Vitamin D Supplements Help with Diabetes, Weight Loss, and Blood Pressure (http://bit.ly/do-vit-d-supplements-help-diabetes-weight-loss-blood-pressure)
• How Much Vitamin D Should You Take? (http://bit.ly/how-much-vitamin-D-should-you-take)
• The Optimal Dose of Vitamin D Based on Natural Levels (http://bit.ly/the-optimal-dose-of-vitamin-D-based-on-natural-levels)
• The Best Way to Get Vitamin D: Sun, Supplements, or Salons? (http://bit.ly/the-best-way-to-get-vitamin-D-sun-supplements-or-salons)
• The Risks and Benefits of Sensible Sun Exposure (http://bit.ly/the-risks-and-benefits-of-sensible-sun-exposure)
• Should Vitamin D Supplements Be Taken to Prevent Falls in the Elderly? (http://bit.ly/should-vitamin-d-supplements-be-taken-to-prevent-falls)

Have a question about this video? Leave it in the comment section at http://bit.ly/dietary-supplements-for-autism and someone on the NutritionFacts.org team will try to answer it.

Want to get a list of links to all the scientific sources used in this video? Click on Sources Cited at http://bit.ly/dietary-supplements-for-autism. You’ll also find a transcript and acknowledgements for the video, my blog and speaking tour schedule, and an easy way to search (by translated language even) through our videos spanning more than 2,000 health topics. 

If you’d rather watch these videos on YouTube, subscribe to my YouTube Channel here: https://www.youtube.com/subscription_center?add_user=nutritionfactsorg

Thanks for watching. I hope you’ll join in the evidence-based nutrition revolution!
-Michael Greger, MD FACLM

Image credit: CC0 Public Domain / pxhere

http://www.NutritionFacts.org",2018-09-21T12:02:11Z,35801,https://www.youtube.com/watch?v=U_gw5i93T5I
DJJMbKOIQAk,6 Common Misconceptions About Autism,"In honor of World Autism Awareness/Acceptance Week, we're going to cover some misconceptions many have about autism or autistic people.

I highly encourage you to check out the live stream collabs that have been going on over on my Instagram for this week: https://www.instagram.com/stephanie_bethany/channel/

#WAAW2021 #WorldAutismAwareness #AutismAcceptance

Reference/Further Reading:
https://www.autism.org.au/what-is-autism/common-misconceptions/
https://www.ncbi.nlm.nih.gov/pmc/articles/PMC2664646/#:~:text=In%20the%20DSM%2DII%2C%20autism,II%20work%20conducted%20by%20Kolvin

MERCH: stephanie-bethany.myteespring.co﻿

Become a channel member!: https://www.youtube.com/channel/UCpSxFn3gz2xMbof_EDumN3A/join

Follow me on Facebook: https://www.facebook.com/stephaniebethanyyt

Support my channel and become a Patron!: https://patreon.com/stephaniebethany

Sensory Tiles: 
https://cobyandbam.com/?ref=stephanie [be sure to use code stephanie783 at checkout for 20% off!] 
-Please note that if you do buy through the link and use my code, I will receive a small commission at no cost to you. Thank you for supporting the channel!-",2021-04-01T21:00:09Z,4605,https://www.youtube.com/watch?v=DJJMbKOIQAk
uBWCY0yF_5g,Parenting a Family with Autism Spectrum Disorder (My Perfect Family: The Priestleys),"In the Priestley family, three of four children have been diagnosed with Autism Spectrum Disorder. Though Dad, Aidan, was never diagnosed as a child - he too has come to recognise his symptoms through his children and appreciate the value that an earlier diagnosis may have had. The family are high-functioning, and many of those on the outside either don’t see or misunderstand their struggles. But behind the scenes we see the daily effort that goes into navigating the world more comfortably.

Follow Us on Facebook: https://www.facebook.com/attitudetv
Follow Us on Twitter: https://twitter.com/attitude_tv
See more Videos: https://www.attitudelive.com",2020-09-12T23:30:00Z,897049,https://www.youtube.com/watch?v=uBWCY0yF_5g
WtgGzKRHT-Y,"What happens to children with autism, when they become adults? | Kerry Magro | TEDxMorristown","Kerry Magro is an award winning national speaker and best-selling author. Kerry has become a role model in the disabled community. Non-verbal at 2.5 and diagnosed with autism at 4, Kerry has overcame countless obstacles to get to where he is today. From the TEDxMorristown stage, Kerry shares his own story and the stories of others as he asks us to consider the life trajectory of those like himself as they face the world as adults.

National speaker, best-selling author, and film consultant Kerry Magro knew early on in his life that he wanted to make a difference in the lives of others. Kerry was diagnosed with autism at age four. Growing up, he dealt with many difficulties in regards to sensory integration, motor problems, and overall social interaction and communication delays. After countless hours of therapy and support from a loving family Kerry has been able to overcome many of his obstacles. His first two books, Defining Autism from the Heart and Autism and Falling in Love quickly reached Amazon best-seller lists for special needs while his third book College for Students with Disabilities: We Do Belong was released by Jessica Kingsley Publishers this summer.  He currently resides in New Jersey, works for Autism Speaks as their Social Media Coordinator and is on the Panel of Advisors for the Autism Society.

This talk was given at a TEDx event using the TED conference format but independently organized by a local community. Learn more at http://ted.com/tedx",2016-02-19T15:26:37Z,413326,https://www.youtube.com/watch?v=WtgGzKRHT-Y
7bxEU5Jb9vI,Life with autism | DW Documentary,"Markus is autistic. The documentary follows him for a year and shows what it’s like to live with autism. He’ll probably never grow up, nor does he want to.

""Most people don’t understand that, even my parents think it’s bad,"" says Markus. He spends a lot of his time playing with toys, while also dealing with the struggle for his father’s acceptance, and the question of what he can contribute to society. The documentary follows Markus for a year.

""I don’t want to be normal and part of the herd. I want to live how I want."" Markus lives in Duisburg in western Germany. His home is completely cluttered with toys, including noisy motion-activated frogs, a singing Elvis and an angry snowman that tells you to watch it! Markus plays happily with his toys for hours, listening to children’s stories and drinking hot chocolate. Despite his autism, he does allow people to get close. He has an eccentric style, with a Prince Valiant haircut, a laser pointer round his neck and colorful plastic figures clutched in his hand. Markus’s father in particular wants him to grow up. His mother takes good care of him, but she encourages him to go out and meet other people more. She worries he could become lonely. That’s how he discovered his love of people with Down Syndrome, who he calls his Downies. ""They take me as I am. They don’t question my ways. That’s a nice feeling."" This documentary refers to questions as: what is autism? What are signs and symptoms of autism? How do autistic people behave?
_______

DW Documentary gives you knowledge beyond the headlines. Watch high-class documentaries from German broadcasters and international production companies. Meet intriguing people, travel to distant lands, get a look behind the complexities of daily life and build a deeper understanding of current affairs and global events. Subscribe and explore the world around you with DW Documentary.

Subscribe to DW Documentary:
https://www.youtube.com/channel/UCW39zufHfsuGgpLviKh297Q?sub_confirmation=1#
For more documentaries visit:
http://www.dw.com/en/tv/docfilm/s-3610
Instagram
https://www.instagram.com/dwdocumentary/
Facebook:
https://www.facebook.com/dw.stories

DW netiquette policy: http://www.dw.com/en/dws-netiquette-policy/a-5300954",2019-01-11T19:00:00Z,319076,https://www.youtube.com/watch?v=7bxEU5Jb9vI
MWePrOuSeSY,Temple Grandin: &quot;The Autistic Brain&quot;,"Temple Grandin is one of the world's most iconic scientists. A leading expert on animal behavior, she has even been the subject of a movie, in which Claire Danes played her in an award-winning performance. Her accomplishments are legion, including her creation of livestock-handling facilities based on animals' natural behavior. But her greatest impact might be as one of the most prominent adults with autism. The condition has given Grandin unique insights, orienting her work on animals and allowing her to rethink human nature. The result is a series of best-selling books—""Animals Make Us Human,"" ""Animals in Translation,"" and ""Thinking in Pictures,"" among many others—as well as the hug (or ""squeeze"") machine, used for calming hypersensitive patients. More recently, autism itself has become the subject of her research. Her most recent book, ""The Autistic Brain,"" presents the latest physiological research and charts the shift from neurological to genetic approaches to the condition. Grandin shares this new work with her trademark intelligence and accessibility.

This program is generously underwritten by Rose L. Shure.",2013-11-19T17:24:06Z,1304440,https://www.youtube.com/watch?v=MWePrOuSeSY
Gk9T7ngEijs,The Superpower of Autism | Dr. Stephen Mark Shore | TEDxAdelphiUniversity,"What if we looked at Autism as a superpower instead of a limitation?

The Superpower of Autism
As a child, Stephen Shore, Ed.D., was nonverbal and diagnosed with “atypical development and strong autistic tendencies.” Institutionalization was recommended—but rejected in favor of parent-based intensive early intervention and support.

Today, Shore is a clinical assistant professor at the Ruth S. Ammon School of Education at Adelphi University, teaching courses in special education and autism. His research and teaching focuses on matching best practices to the needs of people with autism. Shore is internationally renowned for his presentations, consultations and writings on lifespan issues pertinent to education, relationships, employment, advocacy and disclosure. His most recent book, College for Students with Disabilities, co-authored with Pavan John Antony, Ph.D., combines personal stories and research with promoting success in higher education. A current board member of Autism Speaks, president emeritus of the Asperger’s Association of New England, advisory board member of Asperger Syndrome and High Functioning Autism Association (AHANY) and advisory board member of the Autism Society, Shore also serves on the boards of the U.S. Autism and Asperger Association, the Scientific Counsel of OAR and other autism-related organizations.

Follow Stephen at  @tumbalaika

This talk was given at a TEDx event using the TED conference format but independently organized by a local community. Learn more at https://www.ted.com/tedx",2017-05-05T14:30:47Z,39854,https://www.youtube.com/watch?v=Gk9T7ngEijs
Jw92hIfj75A,Sibling TikTok Duo Breaks Down Stereotypes Of Autism,"Ryan McGuire, who was diagnosed with autism at 3-years-old, and his sister Brittany share a rare glimpse of life dealing with autism on TikTok with their videos that spread a message of autism awareness. Ryan says TikTok has helped ease his anxiety, saying, “I’m stepping out of my comfort zone and into the fire.” Ryan also gets a special surprise from his favorite Knicks player, Derrick Rose!

» Subscribe to TODAY: http://on.today.com/SubscribeToTODAY
» Watch the latest from TODAY: http://bit.ly/LatestTODAY
About: TODAY brings you the latest headlines and expert tips on money, health and parenting. We wake up every morning to give you and your family all you need to start your day. If it matters to you, it matters to us. We are in the people business. Subscribe to our channel for exclusive TODAY archival footage & our original web series.  

Connect with TODAY Online!
Visit TODAY's Website: http://on.today.com/ReadTODAY
Find TODAY on Facebook: http://on.today.com/LikeTODAY
Follow TODAY on Twitter: http://on.today.com/FollowTODAY
Follow TODAY on Instagram: http://on.today.com/InstaTODAY

#RyanMcGuire #TikTok #Autism",2022-04-06T16:00:10Z,102812,https://www.youtube.com/watch?v=Jw92hIfj75A
1Y6K8Q2QQS4,Autism Vs Social Anxiety (Why Social Anxiety Differs from Autism),"Autism vs social anxiety? What’s the difference from autism and anxiety, find out all that band more in this video!
📘50% OFF AUTISM PARENTING MAGAZINE → http://bit.ly/AUTISMPM
→ Try Online Therapy Here (sponsored) →  https://betterhelp.com/theaspieworld/
→ AUTISM ALERT CARD → http://bit.ly/AutismAlertCard
→ HEALTH GUMMIES UK → http://www.yuminutrition.com?aff=2
→ HEALTH GUMMIES USA → http://yuminutrition.us?aff=6 
→ [15% OFF] AUTISM STIM TOYS / GADGETS → http://bit.ly/StimToys
→ Autism Therapy Headphones → www.soundsory.com/ASPIE10
→ MUSIC I USE IN MY VIDS → https://www.epidemicsound.com/referral/yhkvz1/
→ SENSORY TOY BUNDLE → https://amzn.to/36zbBiA
→ AUTISM CHEWIE GADGETS → https://amzn.to/2Mh8eWR
→ PUSH POP BUBBLE SENSORY TOY → https://amzn.to/3tj2z36
→ AUTISM WEIGHTED BLANKET → https://amzn.to/3r8LCq0
→ COMPRESSION BLANKET AUTISM → https://amzn.to/3pIrXNr
→ MY CAMERA → https://amzn.to/3akFHaM
→ MY MICROPHONE → https://amzn.to/3rb8TYw
→ MY PODCAST MIC → https://amzn.to/3pFqg3v
→ THE REASON I JUMP BOOK → https://amzn.to/2MLs2kS
👕MY MERCH → http://bit.ly/TAW_Merch

💼 WORK WITH ME → TheAspieWorld@gmail.com

✅MY EXCLUSIVE MEMBERSHIP SITE: https://www.levelupautism.net 
✅MY AUTISM COURSE: https://www.learnautism.net 

🔴SUBSCRIBE ➤ http://bit.ly/AutismYouTube
📲PATREON → http://bit.ly/TAW_Patreon

📹 WATCH MORE OF MY VIDEOS → http://bit.ly/Watch_More_TAW
📹SECRET VLOG →http://bit.ly/2FHuaor

FOR MORE FOLLOW MY SOCIALS ⬇️
--------------------------------------------------
► INSTAGRAM: http://bit.ly/TAW_Insta
► TWITTER: http://bit.ly/TAW_Twitter
► FACEBOOK: http://bit.ly/TAW_FaceBook
► SNAPCHAT: http://bit.ly/TAW_SnapChat
► TIKTOK → http://bit.ly/TAW_Tik_Tok 
► MY BLOG → http://bit.ly/TAW_Blog
► MY PODCAST → http://bit.ly/TAW_Podcast
——————————————————

There are lots of times people question what is the difference of autism vs social anxiety? Or is there really a difference between autism and anxiety.

The fact of the matter is when it comes to autism vs special anxiety there is a huge difference and this is what that difference is.

With anxiety, it stems from mental health issues caused by past external sources, this could be past trauma, an existing underlying mental health condition or a current trauma that produces a social anxiety disorder.

With autism, it is a neurological developmental condition that is originated in the fusion and creation of neurological paths in the brain, that create alternative paths for how the brain interactions with communication signals.

Autism produces similar characteristics of social anxiety but this is due to two factors. 

First difficulty in understanding social interaction and social conventions due to the communication difficulties present in autism.

Secondly, there is a sensory processing element that is caused by over stimulation from outside sensory input, like biking in noisy busy places with lots of people and smells and lights etc.

Please add a comment below if you have anything to add to this discussion, I’d love to know. Also please follow @TheAspieWorld for more autism content.


HASH TAGS:
#665   #socialanxietyorASD   #socialanxietyorautism

LINKS:
invisible i - Autism or Social Anxiety? | WAAW17 | invisible i: https://youtu.be/-LSZq0EzUho

ClevelandClinicCME - Anxiety in Individuals with Autism: Part One: https://youtu.be/YsHxFLPyPco

The Difference Between Asperger's and Social Anxiety - https://www.verywellmind.com/how-is-aspergers-related-to-social-anxiety-disorder-3024753

Differences between Social Anxiety and Asperger's Syndrome - https://socialanxietyinstitute.org/social-anxiety-and-aspergers-differences",2021-07-15T18:30:01Z,17797,https://www.youtube.com/watch?v=1Y6K8Q2QQS4
9vLgVubjWVs,Decoding Autism - A Documentary | #AutismAwarenessMonth #VishayKhol,"As April is #AutismAwarenessMonth, we bring you a documentary that shows what the life of an Autistic person looks like. Is Autism curable? What are the symptoms? Through this documentary, we've tried to answer these questions and more. We are extremely thankful to the families for sharing their experiences. We hope this attempt helps to spread more awareness about Autism. For more such videos Subscribe to #VishayKhol. 

Tumcha Vishay kiti Khol ahe? Visit https://bhadipa.com/ for more videos and events!
https://www.facebook.com/BhaDiPaVishayKhol
https://www.twitter.com/BhaDiPa
https://www.instagram.com/BhaDiPaVishayKhol

Bharatiya Digital Party [Comedy]
https://www.youtube.com/c/bharatiyadigitalparty
Bharatiya Touring Party [Travel]
https://www.youtube.com/channel/UCeHBtWLeV3wLJT3B_8Oq0TQ

Featuring : 

Anjali Joshi, occupational therapist
anjalijoshi.ot@gmail.com

Kabir Kumtha
Creative Colleague, Kabir's Kreations
Parul Kumtha
Founding Trustee, Forum for Autism (FFA)
Consultant, Adult Support Kendra (ASK)
Anand Kumtha
Core Group Parent, Forum for Autism
Consultant, Adult Support Kendra (ASK)

Atharva Ravikiran Saurkar 
Tejashri Ravikiran Saurkar 
Ravikiran Purushottam Saurkar

Forum for Autism
forumforautism@gmail.com
forumforautism.org

Adult Support Kendra (ASK)
ask@yashcharitabletrust.org
yashcharitabletrust.org

Credit List - 
Writer, Director - Somesh Sahane 
Editor - Gaurav Khairnar 
Cinematographer - Ajinkya Khadpekar 
Programming Head - Somesh Sahane 
Creative Producer - Paula McGlynn 
Production - Kedar Naidu 
Production runner - Mangesh Jadhav 
Social Media - Pooja Parab, Tanvi Kulkarni, Shreyash Keskar 
Creatives - Prajakta Newalkar 
Subtitles - Siddhi Jalgaonkar
Transportation - Shubh Tours And Travels",2022-04-07T13:43:18Z,46559,https://www.youtube.com/watch?v=9vLgVubjWVs
5lXbpgU9OWk,How Hannah Gadsby&#39;s High-Functioning Autism Works | Netflix Is A Joke,"Her teacher was not happy about her use of prepositions.

Watch Hanna Gadsby: Douglas, only on Netflix. 
https://www.netflix.com/title/81054700

SUBSCRIBE: https://bit.ly/2Kncxw6

About Netflix Is A Joke:
The official hub of Netflix stand-up, comedy series, films, and all things funny — curated by the world’s most advanced algorithm and a depressed, yet lovable, cartoon horse. Their unlikely friendship is our story…

About Netflix:
Netflix is the world's leading internet entertainment service with over 151 million paid memberships in over 190 countries enjoying TV series, documentaries and feature films across a wide variety of genres and languages. Members can watch as much as they want, anytime, anywhere, on any internet-connected screen. Members can play, pause and resume watching, all without commercials or commitments.

Connect with Netflix Is A Joke: 
Visit Netflix WEBSITE: http://nflx.it/29BcWb5 
Like Netflix Is A Joke on FACEBOOK: https://bit.ly/2xD5zfu 
Follow Netflix Is A Joke on TWITTER: https://bit.ly/2N6ENkx 
Follow Netflix Is A Joke on INSTAGRAM: https://bit.ly/2VTQcxu 

#NetflixIsAJoke",2020-05-26T16:13:23Z,1687119,https://www.youtube.com/watch?v=5lXbpgU9OWk
DAPkOxRnh4c,Kodi Lee: Blind Autistic Singer WOWS And Gets GOLDEN BUZZER! | America&#39;s Got Talent 2019,"America's Got Talent | Season 14 | Episode 1 | Auditions 

#AGT #AmericasGotTalent #TalentRecap
For more HD videos, news, analysis and recaps of The Four – please subscribe & follow Talent Recap:

https://talentrecap.com/

In season 14, NBC's America's Got Talent follows Simon Cowell, Julianne Hough, Gabrielle Union, Howie Mandel, and host Terry Crews in their talent search, showcasing unique performers from across the country.

For more HD full episode videos, news and recaps of America’s Got Talent – please subscribe & follow
» Get The America's Got Talent App: http://bit.ly/AGTApp
» Subscribe for More: https://goo.gl/e12UJ8
» America's Got Talent Returns Tuesday May 30 8/7c on NBC!
» Watch Full Episodes Free: http://bit.ly/AGTFullEpisodes

AMERICA'S GOT TALENT ON SOCIAL
Like AGT: https://www.facebook.com/agt
Follow AGT: https://twitter.com/agt
AGT Tumblr: http://nbcagt.tumblr.com/
AGT Instagram: http://instagram.com/agt

In season 12, NBC's America's Got Talent follows Simon Cowell, Heidi Klum, Mel B and Howie Mandel in their talent search, showcasing unique performers from across the country. 

TALENT RECAP ON SOCIAL:
YouTube: https://goo.gl/6pybnw
Like: https://www.facebook.com/talentrecap/
Follow: https://twitter.com/TalentRecap
Google+: https://goo.gl/jR9eS5
Instagram: https://www.instagram.com/talentrecap/

ABOUT AMERICA'S GOT TALENT 
Creator and Executive Producer Simon Cowell returns to the judges' panel along with Howie Mandel. Also joining the panel this year are two fresh faces - award-winning actress, author and producer Gabrielle Union and Emmy Award-winning choreographer, actress, singer and dancer Julianne Hough. Terry Crews, who made a big splash as the host of the inaugural series ""America's Got Talent: The Champions"" earlier this year, joins as host for ""America's Got Talent."" With the show open to acts of all ages, ""America's Got Talent"" continues to celebrate the variety format like no other show on television. Year after year, ""America's Got Talent"" features a colorful array of singers, dancers, comedians, contortionists, impressionists, magicians, ventriloquists and hopeful stars, all vying to win America's hearts and a $1 million prize.

America's Got Talent 2019
https://goo.gl/e12UJ8

America's Got Talent News & Recaps
https://goo.gl/e12UJ8


Talent Recap
https://goo.gl/nZgzW8",2019-05-29T02:39:16Z,38164240,https://www.youtube.com/watch?v=DAPkOxRnh4c
jQ95xlZeHo8,How autism freed me to be myself | Rosie King,"“People are so afraid of variety that they try to fit everything into a tiny little box with a specific label,” says 16-year-old Rosie King, who is bold, brash and autistic. She wants to know: Why is everyone so worried about being normal? She sounds a clarion call for every kid, parent, teacher and person to celebrate uniqueness. It’s a soaring testament to the potential of human diversity.

TEDTalks is a daily video podcast of the best talks and performances from the TED Conference, where the world's leading thinkers and doers give the talk of their lives in 18 minutes (or less). Look for talks on Technology, Entertainment and Design -- plus science, business, global issues, the arts and much more.
Find closed captions and translated subtitles in many languages at http://www.ted.com/translate

Follow TED news on Twitter: http://www.twitter.com/tednews
Like TED on Facebook: https://www.facebook.com/TED

Subscribe to our channel: http://www.youtube.com/user/TEDtalksDirector",2014-11-21T16:15:59Z,733126,https://www.youtube.com/watch?v=jQ95xlZeHo8
OEDhfj71L-Q,On the Autism Spectrum Somali community,"On the Autism Spectrum: Families Find Help and Hope,"" is a series of five short films that raise awareness and understanding of Autism Spectrum Disorder (ASD) and services available to Minnesota families within the following communities: African American, Hmong, Latino, Native American, and Somali. The films provide support, encouragement, and direction for families experiencing ASD within communities that have historically underutilized available resources. Each 15-20 minute film features interviews with parents, advocates, medical professionals, educators, and community leaders speaking in the language of the target community with available subtitles in English.",2018-07-19T11:58:44Z,17867,https://www.youtube.com/watch?v=OEDhfj71L-Q
XaK8b87myKg,On Autism,Guest: Dr. Devon Price is a social psychologist and professor at Loyola University Chicago’s School of Continuing and Professional Studies.  He has autism and he is the author of Unmasking Autism: Discovering the New Faces of Neurodiversity.,2022-04-14T17:39:33Z,1611,https://www.youtube.com/watch?v=XaK8b87myKg
uiLJxg72ljQ,What is Autism? | Symptoms and Treatment Autism Urdu | Psychiatry Clinic,"#Autism   #MentalHealth   #PsychiatryClinic #Asd
Dr Imran Sharif - Consultant Psychiatrist at Psychiatry Clinic describes the disease of Autism in urdu and it's symptoms & treatment in details.

Autism, or autism spectrum disorder (ASD), refers to a broad range of conditions characterized by challenges with social skills, repetitive behaviors, speech and nonverbal communication. According to the Centers for Disease Control, autism affects an estimated 1 in 54 children in the United States today.

Symptoms:
Abnormal Body Posturing or Facial Expressions.
Abnormal Tone of Voice.
Avoidance of Eye Contact or Poor Eye Contact.
Behavioral Disturbances.
Deficits in Language Comprehension.
Delay in Learning to Speak.
Flat or Monotonous Speech.
Inappropriate Social Interaction.

Treatments:
Behavioral management therapy.
Cognitive behavior therapy.
Early intervention.
Educational and school-based therapies.
Joint attention therapy.
Medication treatment.
Nutritional therapy.
Occupational therapy


For Online Consultation:
Website:     https://www.psychiatryclinic.org/
Cell:            +92 300 5563888

Facebook:  https://facebook.com/PsychiatryClinic1
Twitter:       https://www.instagram.com/PsychiatryCli1
LinkedIn:     https://www.linkedin.com/company/PsychiatryClinic1

Email: support@psychiatryclinic.org",2020-12-19T17:57:50Z,43485,https://www.youtube.com/watch?v=uiLJxg72ljQ
so2iVd7FxXY,LEX&#39;S 4 YEAR OLD SIGNS OF AUTISM || Overlooked Autism Signs,"Lex is my autistic 4 year old. He has been diagnosed with Autism Spectrum Disorder Level 1. This video is to talk about his 4 year old signs of autism. High functioning autism is a term I don't necessarily care for but I feel when a child doesn't present with typical autism signs, it's so easy for their autistic traits to be overlooked. It doesn't make their needs any less important than a child who may present differently. 

💖 Confused about our family? Go here 👉 https://www.youtube.com/watch?v=04ulRpv4evs

💖 Liam's Autism Signs (2 year old) https://www.youtube.com/watch?v=_fpZUy9yE0w 
💖 Nellie's Signs of Autism (1 year old) https://www.youtube.com/watch?v=pr6M8RZeorw&t=1127s
💖 Nellie's Diagnosis Story https://www.youtube.com/watch?v=z_4Cg84zhd0&t=148s

💖 Lex Went Missing https://www.youtube.com/watch?v=0x7Xo9oIm00 
💖 Lex's Toddler Signs https://www.youtube.com/watch?v=VXiqwCLP05M 
💖 Lex's 3 Year Old Signs https://www.youtube.com/watch?v=nDmEduI_Ey4 

💖 Autism Potty Training Tips https://www.youtube.com/watch?v=w_7rrS3DmPI

Our Lifestyle Channel 💞 https://www.youtube.com/c/landinglifestyle

Join our exclusive OLC Farm 👉 https://www.patreon.com/ourlandingcrew
Autism Merch teespring.com/stores/ourlandingcrew

Join us for LIVESTREAM 👉https://www.younow.com/OurLANDingCrew/channel
Instagram 👉https://instagram.com/ourlandingcrew
FB 👉 https://www.facebook.com/ourlandingcrew

❤ We would love to hear from you ❤ 

Our LANDing Crew
P.O. Box 75712
Colorado Springs, CO 80970

!KiDS SOCiAL MEDiA!
Noah's Instagram 👉https://www.instagram.com/noaholc/",2020-09-15T19:00:06Z,115846,https://www.youtube.com/watch?v=so2iVd7FxXY
yYvyZIGH04k,Ian&#39;s Autism Blanket,"Ian loves his new weighted blanket. If you're interested you can order one here: https://harkla.co/products/weighted-blanket?rfsn=2178371.d7951d
Thanks everyone and you can also find us on Patreon!
https://www.patreon.com/autismfamily
Comments are still disabled. Please contact YouTube to let them know you would like this policy changed. Every voice matters.",2019-04-06T21:36:46Z,32148,https://www.youtube.com/watch?v=yYvyZIGH04k
2wCsr5aK0_w,How Scientists Are Changing Life With Autism,"The number of children diagnosed with autism has more than doubled in the last two decades. Today, one in 68 children will be diagnosed with the developmental condition. 

VICE's Gianna Toboni explores the transformative work being done at the forefront of autism research, meets families trying out some of the newest treatments, and discovers a growing self-advocacy movement out of the autistic community that wants to refocus the science.

This report originally aired in August 2017 on VICE on HBO. 

Subscribe to VICE News here: http://bit.ly/Subscribe-to-VICE-News

Check out VICE News for more: http://vicenews.com

Follow VICE News here:
Facebook: https://www.facebook.com/vicenews
Twitter: https://twitter.com/vicenews
Tumblr: http://vicenews.tumblr.com/
Instagram: http://instagram.com/vicenews
More videos from the VICE network: https://www.fb.com/vicevideo

#VICEonHBO",2020-02-29T17:00:01Z,194522,https://www.youtube.com/watch?v=2wCsr5aK0_w
AMssGwFLgro,Alistair&#39;s Autism Diagnosis,"This is it, the big one! We talk about Alistair's official diagnosis and how we are going to move forward, as well as the pros and cons of diagnosing in this particular way.",2018-04-04T20:57:57Z,52822,https://www.youtube.com/watch?v=AMssGwFLgro
YnAUy4BM0w8,Companies seeking out potential employees with autism,"Many adults with autism have a hard time finding a job, but more companies are discovering the unique skills and potential people with autism offer. Anderson Cooper reports.

Subscribe to the 60 Minutes Channel HERE: http://bit.ly/1S7CLRu
Watch Full Episodes of 60 Minutes HERE: http://cbsn.ws/1Qkjo1F
Get more 60 Minutes from 60 Minutes: Overtime HERE: http://cbsn.ws/1KG3sdr
Relive past episodes and interviews with 60 Minutes Rewind HERE: http://cbsn.ws/1PlZiGI
Follow 60 Minutes on Instagram HERE: http://bit.ly/23Xv8Ry
Like 60 Minutes on Facebook HERE: http://on.fb.me/1Xb1Dao
Follow 60 Minutes on Twitter HERE: http://bit.ly/1KxUsqX

Get the latest news and best in original reporting from CBS News delivered to your inbox. Subscribe to newsletters HERE: http://cbsn.ws/1RqHw7T

Get your news on the go! Download CBS News mobile apps HERE: http://cbsn.ws/1Xb1WC8

Get new episodes of shows you love across devices the next day, stream local news live, and watch full seasons of CBS fan favorites anytime, anywhere with CBS All Access. Try it free! http://bit.ly/1OQA29B

---
60 Minutes, the most successful American television broadcast in history, began its 52nd season in September. Offering hard-hitting investigative reports, interviews, feature segments and profiles of people in the news, the broadcast began in 1968 is still a hit in 2020. 60 Minutes makes Nielsen’s weekly Top 10 nearly every week and was the #1 weekly television broadcast three times last season.


The program still averages more than 10 million viewers, more than double the audience of its nearest network news magazine competitor. The average audience for a 60 Minutes broadcast is 150% higher than those of the network morning news programs; the audience dwarfs the number of viewers drawn by the most popular cable news programs.  


About a million more people listen to the 60 Minutes radio simulcast in several major cities and on its companion podcast. Tens of thousands each week experience 60 Minutes online. The broadcast’s segments can be watched at 60Minutes.com and on the CBS All Access app. Its webcast, 60MinutesOvertime.com, offers content originally produced for the web, including behind-the-scenes video about the production of 60 Minutes stories and timely archival segments.


60 Minutes has won every major broadcast award. Its 25 Peabody and 150 Emmy awards are the most won by any single news program. It has also won 20 duPont-Columbia University journalism awards. Other distinguished journalism honors won multiple times include the George Polk, RTDNA Edward R. Murrow, Investigative Reporters and Editors, RFK Journalism, Sigma Delta Chi and Gerald Loeb awards.

60 Minutes premiered on CBS September 24, 1968. Bill Owens is the program’s executive producer. The correspondents and contributors of 60 Minutes are Sharyn Alfonsi, Anderson Cooper, John Dickerson, Norah O’Donnell, Scott Pelley, Lesley Stahl, Bill Whitaker and L. Jon Wertheim.",2020-10-05T02:04:52Z,152991,https://www.youtube.com/watch?v=YnAUy4BM0w8
fu09PRd_j-I,7 tips for preventing autism during pregnancy | Nourish with Melanie #82,"7 tips for preventing autism during pregnancy 
http://www.melaniemcgrice.com.au/pregnancy

Current research suggests that what we eat during pregnancy can help to boost our immune defence system to protect our body, and our baby from environmental toxins and may help reduce your baby’s risk of developing autism.  

In today's episode of Nourish, prenatal dietitian Melanie McGrice explores the research and provides 7 tips for preventing autism during pregnancy. 

To clarify, if you already have a child with an Autism Spectrum Disorder this video is not to make you feel guilty or to blame. Rather this video aims to help empower you so that you have the knowledge to do the best that you can given your unique circumstances.  

________________________________________________________________

Need help with your pregnancy diet? Download Melanie's FREE pregnancy meal plan at https://www.melaniemcgrice.com.au/pregnancy  
________________________________________________________________

Subscribe now so you can 'Nourish with Melanie' and not miss a video! https://www.youtube.com/NourishwithMelanie?sub_confirmation=1  
________________________________________________________________

Know someone who is trying to conceive, pregnant or has little ones? Why not SHARE OUR CHANNEL by clicking the arrow in the top right corner of the video?
________________________________________________________________

You can also connect with Melanie on these social links:
Facebook: https://www.facebook.com/MelanieMcGriceDietitian 
Instagram: https://www.instagram.com/melaniemcgrice
Twitter: https://www.twitter.com/MelanieMcGrice
Blog: https://www.melaniecgrice.com.au/blog
________________________________________________________________",2019-07-08T07:00:07Z,35193,https://www.youtube.com/watch?v=fu09PRd_j-I
TqEZQxP1azM,Autistic girl from Oregon kicked off airplane,An Oregon family traveling with a 15-year old girl with autism was kicked of a United airlines flight for what the airline calls “a disruptive situation.” Carter Evans reports.,2015-05-11T00:14:03Z,10288128,https://www.youtube.com/watch?v=TqEZQxP1azM
Dc5Czy6mGEw,How We Live With Autism: Our Special Needs &amp; Strengths | Wired Differently | CNA Documentary,"What happens when a child is hard to accept? Two families open up to us. We uncover the hidden tolls of autism within the family, the strains in family dynamics, the emotions, the guilt and the challenges they face in helping their children. 

Marcus, now 25, was found to be autistic at 3. Due to the stress of his stepfather not accepting his autistic behaviours, a meltdown saw Marcus threatening his stepdad with a pair of scissors. Caught between the two, Marcus’ mother, Mary, does everything she can to help Marcus find his independence and start a new life on his own.

Andric is 6 - the eldest of three kids. Parenting feels even harder, when doing homework becomes a tussle with violent meltdowns. Andric’s mother, Amanda, struggles to cater to his needs as an autistic child without neglecting her younger son and baby girl. Prompted by other mothers with autistic kids, Amanda tries to find ways to secure Andric’s financial future so he wouldn’t have to depend on his younger siblings. 

WATCH MORE Wired Differently
Part 2: https://youtu.be/DXVgLdhK0s8

=======
About the show: What do you do when the child in the family is wired differently? CNA follows four families in Singapore who have been fractured by a child whose problems go beyond what ordinary children face.
===============
#CNAInsider #WiredDifferentlyCNA #Autism #SpecialNeeds


For more, SUBSCRIBE to CNA INSIDER
https://cna.asia/insideryoutubesub

Follow CNA INSIDER on:
Instagram: https://www.instagram.com/cnainsider/
Facebook: https://www.facebook.com/cnainsider/
Website: https://cna.asia/cnainsider",2022-04-10T05:00:04Z,115612,https://www.youtube.com/watch?v=Dc5Czy6mGEw
4Cyaur7X-WI,What is Autism? - Autism Spectrum Disorder in Urdu? How to Identify a child with Autism?,"In this video, Dr. Maahin Rizwan, one of the best psychiatrists in Lahore, talks about what is autism?
For an appointment with Dr. Maahin Rizwan
03005563888

#autism
#autism_speectrum_disorder
#child_psychiatry
#mental_health_issues_in_children
#psychiatry_clinic
#Dr_maahin_rizwan

Autism is part of autism spectrum disorder. 
what is autism - what is autism?
6:56 - what causes autism?. what is autism kya hai in urdu/hindi | autism symptoms | autism treatments | autism ka ilaj..
we round out autism month by proudly sharing our new video  ""what is autism?

 coury (bio: ) explains what autism is  why there is a spectrum of autism disorders  how common the disorder is and what causes it...

 at what age is the onset of autism?.  autism is not a single condition; it is a spectrum of disorders that affects up to 15 million people in the country.  it goes over what is included in autism and what are its major types?..

 What is autism spectrum disorder?Slp Pakistan | what is autism?

Autism is not a single condition; it is a spectrum of disorders that affects up to 15 million people in the country.

But what exactly is autism?
Autism is not an illness or disease which is cured  its a life long condition.

This video provides a very basic overview for parents of language usage patterns that may be specific to a child who has autism or another neurodevelopmental disorder.
What is autism spectrum disorder?.
What is autism kya hai in urdu/hindi | autism symptoms | autism treatments | autism ka ilaj..

We round out autism month by proudly sharing our new video  ""what is autism?Learn what is autism and what is the best way to deal with this condition.What is autism kya hai in urdu/hindi | autism symptoms | autism treatments | autism ka ilaj.

At what age is the onset of autism?.What is autism kya hai in urdu/hindi | autism symptoms | autism treatments | autism ka ilaj.
It goes over what is included in autism and what are its major types?..Learn what is autism and what is the best way to deal with this condition.
What is autism kya hai in urdu/hindi | autism symptoms | autism treatments | autism ka ilaj..

Today bree sits down with yolanda from townsville paediatrics and chats about what autism is and shares advice  for parents who have a child with this disability.2:45 - how is autism diagnosed?.
Mayo clinic minute: what is autism?Andrea huebner explains what autism is  and how it impacts lives.Coury (bio: ) explains what autism is  why there is a spectrum of autism disorders  how common the disorder is and what causes it...

What is autism kya hai in urdu/hindi | autism symptoms | autism treatments | autism ka ilaj..

Autism information - what is autism?

What is autism kya hai in urdu/hindi | autism symptoms | autism treatments | autism ka ilaj.",2021-12-02T14:45:50Z,12718,https://www.youtube.com/watch?v=4Cyaur7X-WI
tW1-h1ytJf4,Tommy Hilfiger and wife Dee talk about raising kids diagnosed with autism l GMA,"Autism Acceptance Month educates about the autism spectrum disorder that affects one in 44 American children, with each person uniquely affected by a range of different traits.


SUBSCRIBE to GMA's YouTube page:  
https://bit.ly/2Zq0dU5 

VISIT GMA's homepage: 
https://www.goodmorningamerica.com

SIGN UP to get the daily GMA Wake-Up Newsletter: 
https://gma.abc/2Vzcd5j

FOLLOW GMA:
TikTok: https://tiktok.com/@gma
Facebook: https://facebook.com/GoodMorningAmerica
Twitter: https://twitter.com/gma
Instagram: https://instagram.com/GoodMorningAmerica

WATCH full episodes:
https://abc.go.com/shows/good-morning-america
https://hulu.tv/2YnifTH


#GMA #Autism #TommyHilfiger #AutismAcceptanceMonth #AutismAcceptance",2022-04-05T16:08:46Z,151091,https://www.youtube.com/watch?v=tW1-h1ytJf4
vSLdzdwlb_I,Autism: How to be normal (and why not to be) | Jolene Stockman | TEDxNewPlymouth,"Jolene Stockman may appear normal from the outside, but it's what's invisible that gives her a superpower. Jolene shares her life since being diagnosed with autism.  Jolene Stockman is an ultra-enthusiastic, multi-award winning Taranaki writer, who launched Braincandy, a media company specialising in transforming communication in 1998. She caught fire! Creating educational resources and supporting business growth through powerful writing and video - all fueled by humour and positivity. Jolene has gone on to publish three books for young adults, win media, education, and business awards, and become one of the youngest in the world to achieve the Distinguished Toastmaster Leadership Award. 

But Jolene was always the weirdest person in the room. She still is – and now she knows why. It’s time to rewrite normal. Jolene is a dynamic speaker driven by themes of identity, neurodiversity, and world domination. Prepare for fireworks! This talk was given at a TEDx event using the TED conference format but independently organized by a local community. Learn more at https://www.ted.com/tedx",2018-09-20T16:47:01Z,219950,https://www.youtube.com/watch?v=vSLdzdwlb_I
sC9Iz_z7Dso,AUTISM: What Role DIET plays (ASD Food Choices) - 2022,"Decreasing the symptoms and suffering of children with Autism is the goal of this video. Improving an ASD symptom score by even 10% can make all the difference for some families. This video discussed research showing that changes in diet can lead to a significant improvement in ASD symptoms.

Autistic children often have trouble adjusting to new food flavors and textures. This is one of the few times I recommend Keto shakes & soups to use as you transition them to a keto diet. Keto Chow has a large assortment of flavors and very clean ingredients. 
Find them here: http://bit.ly/KetoChowDiscount

Research: 
Gut-Brain Axis:  https://bmcpediatr.biomedcentral.com/articles/10.1186/s12887-019-1896-6
Carnitine & ASD:  https://onlinelibrary.wiley.com/doi/full/10.1002/bies.201700012
Carnitine & ASD:  https://link.springer.com/article/10.1007/s10803-004-5283-1
Sialic Acid & Brain Dev:  https://www.researchgate.net/publication/227859674_Sialic_Acid_Is_an_Essential_Nutrient_for_Brain_Development_and_Cognition
Sialic Acid in Breastmilk/Formula:  https://pubmed.ncbi.nlm.nih.gov/8114778/
KETO Diet Improves ASD:  https://pubmed.ncbi.nlm.nih.gov/29421589/
High-Fat, Gluten-Free Improves ASD Sxs:  https://pubmed.ncbi.nlm.nih.gov/28808808/
Vit D + DHA for ASD:  https://pubmed.ncbi.nlm.nih.gov/30607782/ 
VitaminD & ASD:  https://www.ncbi.nlm.nih.gov/pmc/articles/PMC4998950/ 
Vit D & ASD:  https://acamh.onlinelibrary.wiley.com/doi/abs/10.1111/jcpp.12652 (retr)
AVOID Oxalates:  https://www.ejpn-journal.com/article/S1090-3798(11)00154-1/abstract

Daily MINERALS:  http://bit.ly/MineralFix (Discount Code applied)
LIES MY DOCTOR TOLD ME:  https://amzn.to/2YxwHK9

LIVER Supplement:  http://bit.ly/AncestOrgs (Discount code = KENTEN)
Eat REAL SALT:   http://bit.ly/RealSalts

⭕  Subscribe to this channel to enjoy Weekly Videos  ⭕
Eat REAL Meat: https://bit.ly/USgrownMEAT

    ----- Join me and let's optimize your health! -----

💪Help me fight Chronic Disease, become a PATRON ▶  https://goo.gl/kJJYws

Thanks so much to our Prime & Champion Patrons, yamatalana, Julia M, Josh S, Michael K, Dianne M, Yolanda N, Rochelle M, Chris B, 2KrazyKetos, Louis M, Melissa D, Linda W, Margaret B, Kim S, Vaneesa C, Ben&Carla, Jennifer M, Bob C, Denise M, Jamie S, Shawn J, Tonya B, Shahem Z, B B, Lori B, Shannon H, Suzanne C, William K, Mitzi C, Sam B, Julie L, Dean Z, John C, Rumi K, Doyle R, Jeff P, Tia G, Amanda W, Jose A, Christina S, Sue P & Terry V for helping make this video possible.

My Website: drberry.com

FACEBOOK: facebook.com/kendberry.md/ 
INSTAGRAM: instagram.com/kendberry.md/ 
TWITTER:  twitter.com/KenDBerryMD 
PARLER:  @kendberrymd     TikTok: @kendberrymd 
GAB:  @kendberrymd            MeWe:  @kendberrymd 

Ken D Berry, MD, is a Family Physician and has been practicing Family Medicine in rural Tennessee for over 20 years, having seen over 25,000 patients in his career so far.
Consult your doctor. Don't use this video as medical advice.
For Collaborations please email me: support@drberry.com
  Snail Mail:
    Dr Berry
    P.O. Box 486
    New Johnsonville, TN 37134
Any information on diseases and treatments available at this channel is intended for general guidance only and must never be considered a substitute for the advice provided by your doctor or other qualified healthcare professional.
Always seek the advice of your physician or other qualified health care professional with questions you may have regarding your medical condition.
Although all measures are taken to ensure that the contents of the YouTube channel are accurate and up-to-date, all information contained on it is provided ‘as is’.
To the extent permitted by mandatory law, Dr. Ken D. Berry shall not be liable for any direct, incidental, consequential, indirect, or punitive damages arising out of access to or use of any content available on this channel, including viruses, regardless of the accuracy or completeness of any such content.
As an Amazon Associate, I earn from qualifying purchases.",2020-11-21T15:26:55Z,39258,https://www.youtube.com/watch?v=sC9Iz_z7Dso
ZSHpFUxOgBI,ऑटिज्म के शुरुआती लक्षण | SIGNS OF AUTISM IN HIND,"SYMPTOMS OF AUTISM

Our children means our World to us !!
And even the thought of something unusual happening to them, would be one of the scariest thought!!
But at the same time this is also a fact the 1 in every 60 children in today’s time are under ASD.

This animation is aimed towards supporting the young parents in understanding about autism and how to recognize its symptoms very early, so that there are higher chances of recovery.

If your baby shows symptoms associated with autism, DO NOT ASSUME that they necessarily have the condition. 
Observe them carefully and consult a doctor, if required.

This video is specifically created for supporting the parents of children on Autism in training their child about overcoming the initial challenges they face in daily life. 

Stay tuned and don’t miss the upcoming videos. 

For more information on autism do visit other videos at the channel. 

Also check the social stories and videos for the benefit of your child: 
How to handle bullying?
What is good touch? 
How to intervene? 
Symptoms of Autism? 
Role of ABA Therapy ?
Role of Speech Therapy? 
Role of Occupation Therapy? 
How does Hydro therapy help autistic children? 
Music Therapy? What to do when you feel nervous? 
and many more... 

#autismcure #autismtreatment #autismtherapy #autismentsexperiences
#signsofautism #whatisautism #autismsymptoms #autismawareness #autismcure",2021-07-09T15:00:15Z,26134,https://www.youtube.com/watch?v=ZSHpFUxOgBI
dFe0g4BDtFY,Top 10 Inspirational Characters on the Autism Spectrum,"Top 10 Inspirational Characters on the Autism Spectrum // Subscribe: http://www.youtube.com/c/MsMojo?sub_confirmation=1

Representation done right! For this list, we’re looking at inspiring characters who are on the spectrum. To be eligible; the character has to be acknowledged as autistic by the show, creator, or performer; or, be viewed as a respectful presentation by the autistic community. Our list includes Raymond Babbitt, Shaun Murphy, Maurice Moss, Abed Nadir, Joe Hughes, and more! Join MsMojo as we count down our picks for the Top 10 Inspirational Movie and TV Characters on the Autism Spectrum. 

List Rank and Entries:
10. Raymond Babbitt
9. Max Jerry Horowitz
8. Sam Gardner
7. Shaun Murphy
6. Maurice Moss
5. Det. Sonya Cross
4. Max Braverman
3, 2 & 1???

Check out these other great videos:
Top 10 Inspiring Celebrities with Mental Illnesses: https://youtu.be/0-n4Db6TsKo
Top 10 Inspirational People With Autism and Asperger Syndrome: https://youtu.be/BoqnPZXLGVA
Top 5 Reasons You Should Watch The Good Doctor: https://youtu.be/_GTeh7DSAj4

Check out the voting page for this list and add your picks: https://www.watchmojo.com/suggest/Top%20Ten%20Characters%20With%20Autism%20spectrum%20disorder
Special thanks to our user Devin Marcus Sauls for suggesting this idea!

MsMojo's Social Media: 
Facebook►►http://www.Facebook.com/MsWatchMojo 
Twitter►►http://www.Twitter.com/MsWatchMojo
Instagram►►http://instagram.com/MsWatchMojo 
Snapchat ►►https://snapchat.com/add/mswatchmojo

Get MsMojo Merchandise at http://www.watchmojo.com/store

Shop: https://shop.watchmojo.com/collections/msmojo-merchandise

WatchMojo is a leading producer of reference online video content of Top 10 Lists, Origins, Biographies, Commentary and more on Pop Culture, Celebrity, Movies, Music, TV, Film, Video Games, Politics, News, Comics, Superheroes. Your trusted authority on ranking Pop Culture.

#AutismAwareness #Autism #TheGoodDoctor",2019-01-17T21:00:04Z,315385,https://www.youtube.com/watch?v=dFe0g4BDtFY
VKWhjEZ4Bgc,Does Lionel Messi have high-functioning autism? - Oh My Goal,"In 2013, Romario shared an article on Lionel Messi and triggered huge controversy. “Did you know that Messi has Asperger syndrome, a mild form of autism?” This comment did not go down well with the Argentinian’s father!
He even wanted to take Romario to court! But is there any truth in this? Like Albert Einstein, could Messi have high-functioning autism? Discover the answer in this video.

---------------------------------------

Like this video if you want to see more episodes and react in the comments section below.

---------------------------------------

Don't forget to turn on notifications so you don't miss our latest videos.

Follow us:
YouTube - Oh My Goal: http://bit.ly/2UjcrLo
Youtube - Oh My Goal - News: http://bit.ly/2Xgxk7F
Youtube - Ultimate Freestyle: http://bit.ly/2TKSZqS
Facebook: https://www.facebook.com/OhMyGoal.KeliNetwork/
Instagram: https://www.instagram.com/ohmygoal/
Twitter: https://twitter.com/OhMyGoalUS

---------------------------------------

© Oh My Goal - Jellysmack",2019-08-16T16:00:02Z,872255,https://www.youtube.com/watch?v=VKWhjEZ4Bgc
qDXo83OtzgE,"How Autism Feels, From the Inside | Op-Docs","What is it like to live with Asperger’s syndrome? Jordan Kamnitzer tries to answer that question in “Perfectly Normal,” this week’s Op-Doc. It’s beautifully directed by Joris Debeij, who frames Kamnitzer’s experiences and ideas with evocative cinematography and editing, giving us a beautiful but challenging glimpse into another way of being. 

In a related essay, the writer Eli Gottlieb describes it as “a rare filmic experience of the sensory overload of autism … as Jordan, the articulate middle-aged subject of the film, speaks about his own condition, the music skitters and booms, rapid jump cuts intensify the sense of danger, and in this swelling moment of uncertainty, the viewer experiences a fleeting sense of what it might be like to live in a condition of permanent, anxious neural flood.”

Gottlieb grew up with a severely autistic older brother, but even after 40 years, “find[s] his emotional and cognitive process as fundamentally mysterious as ever. The impenetrability of autism, with its seemingly endless variants and its essential “otherness,” is its hallmark. All this renders Jordan’s testimony that much more useful and intriguing. He is a reporter at a hinge-point of consciousness, able to inhabit his condition while describing it for us — whether we are “neurotypicals” or lodged somewhere on the spectrum — with remarkable precision and insight.”

More from The New York Times Video: 
Subscribe: http://bit.ly/U8Ys7n
Watch all of our videos here: http://nytimes.com/video
Facebook: https://www.facebook.com/nytvideo
Twitter: https://twitter.com/nytvideo

----------

Op-Docs is a forum for short, opinionated documentaries by independent filmmakers. Learn more about Op-Docs and how to submit to the series. Follow The New York Times Opinion section on Facebook, Twitter and Instagram (@NYTopinion).",2019-04-19T23:00:06Z,1120410,https://www.youtube.com/watch?v=qDXo83OtzgE
mX1F1jXbfUk,Actor With Autism Takes Center Stage,"As the star of a professional production of “The Curious Incident of the Dog in the Night-Time,” Mickey Rowe is making history as the first actor with autism cast in the play’s lead. Steeped in an industry that undervalues actors with disabilities, Rowe faced hardships trying to find work in a professional production. Now, by taking on the role of Christopher Boone, a character who demonstrates autistic behaviors, Rowe is reclaiming the narrative of those on the spectrum while using his platform to forge a path forward for actors with autism.

SUBSCRIBE: https://goo.gl/vR6Acb

This story is a part of our Human Condition series. Come along and let us connect you to some of the most peculiar, stirring, extraordinary, and distinctive people in the world.

Got a story idea for us? Shoot us an email at hey [at] GreatBigStory [dot] com

Follow us behind the scenes on Instagram: http://goo.gl/2KABeX
Make our acquaintance on Facebook: http://goo.gl/Vn0XIZ
Give us a shout on Twitter: http://goo.gl/sY1GLY
Come hang with us on Vimeo: http://goo.gl/T0OzjV
Visit our world directly: http://www.greatbigstory.com",2017-10-10T06:00:03Z,131174,https://www.youtube.com/watch?v=mX1F1jXbfUk
XUAsU_zQVMo,Microsoft Autism Hiring Program,"The Autism Hiring Program at Microsoft is part of our Inclusive Hiring initiative. Learn more at http://microsoft.com/inclusivehiring 

An audio described version of this video is available at: https://youtu.be/xm9rG03Ek74

Subscribe to Microsoft on YouTube here: https://aka.ms/SubscribeToYouTube

Follow us on social: 
LinkedIn: https://www.linkedin.com/company/microsoft/ 
Twitter: https://twitter.com/Microsoft
Facebook: https://www.facebook.com/Microsoft/ 
Instagram: https://www.instagram.com/microsoft/ 
 
For more about Microsoft, our technology, and our mission, visit https://aka.ms/microsoftstories",2017-10-02T15:50:56Z,54096,https://www.youtube.com/watch?v=XUAsU_zQVMo
FpEfOkBaHlc,SUCCESS STORY OF AUTISM CHILD  !AUTISM SPECTRUM DISORDER ! AUTISTIC CHILD,"HELLO  friends. My name is shivom singh. Iam a Pediatric physiotherapist. I live in gorakhpur uttarpradesh. India I have practice in cerebral palsy children since 8 years. I treated cerebral palsy children Downsyndrome baby. Autism., menengomylocele.brachial plexus injury and any type disability in children.. 
 ABOUT THIS VIDEO ; HAMNE IS VIDEO MAI EK AUTISM BACHHE KE PARAENTS KE TREATMENT KE BAAD FEEDBACK KE BARE MAI  BAAT KI HAI .YAH BACHHA EK Rd AUTISM KI BIMARI SE GRASIT THA .IS BACHHE MAI HYPER ACTIVITY BHUT JAYADA THI BACHHA EK JGAH PE BILKUL NHI BAITHTA THA YHA TAK Y BACHHEA EYE CONTACT BHI NHI KARTA THA BOLNA OR SAMGHNA BILKUL BHI NHI THA  IS BACHHE KE PARENTS NE BACHHE BHUT JAGAH DIKHYA BUT PERENTS ACHHA RESPONSE NHI MILA .USKE BAAD Y BACHHA HAMARE CLINIC PE AYA OR ONE YEAR TAK IS BACHHE KA OCUPATIONAL OR SPEECH THERAPY TREATMENT HUA  OR SATH SATH BACHHE KO BALANCE TRAINING BHI DI GYI AAJ Y BACHHA 90%NORMAL HO GYA HAI OR SCHOOL JA RHA HAI OR APNE AGE KE BACHHO SE KISI KAAM MAI PEECHE NHI HAI JAISA KI AAP IS VIDEO MAI DEKH SAKTE HAI 
THANKYOU SO MUCH  .PLEASE LIKE AND SHARE

Video Link-
Basic information of cerebral palsy ! cerebral palsy ! types of cerebral palsy
links- https://www.youtube.com/watch?v=HrjiL4HjsDM&t=137s

Our new pediatric physiotherapy center! बच्चों का फिजियोथेरेपी सेंटर.
video link -https://www.youtube.com/watch?v=ZFWsK5HnrkY&t=163s

CONACT INFORMATION  ; AKHILESHWER SAHAI UMEED CHILD DEVELOPMENT & PHYSIOTHERAPY CENTER  
ADDERSS PRATIBHA COMPLEX IN FRONT OF JUBLEE INTER COLLEGE BUXIPUR GORAKHPUR UP  

MOB NO 9793935672  9450698933 

#AUTISMSPECTRUMDISORDER                  
#AUTISMCHILD
#TREATMENTOFAUTISM
#OUCPATIONALTHERAPY
#PEDIATRICPHYSOITHERAPYCENTERGORAKHPUR #PHYSIODRSHIVOMSINGH",2021-10-11T07:46:40Z,224021,https://www.youtube.com/watch?v=FpEfOkBaHlc
PaT__mzkHbA,Hannah Gadsby on getting diagnosed with autism: – It really made a lot of sense | SVT/TV 2/Skavlan,"Comedian Hannah Gadsby talks about how she reacted to getting an autism diagnosis as an adult in this interview with Scandinavian talk show Skavlan. 

Also present in the studio are «The French Spiderman» Alain Robert, former professional cyclist and TV host Dag Otto Lauritzen and actress and reality TV star Christina Schollin. 

More Skavlan
Twitter: http://twitter.com/skavlantvshow
Facebook: http://facebook.com/skavlantalkshow
Instagram: http://instagram.com/skavlantvshow",2019-10-28T15:01:54Z,479196,https://www.youtube.com/watch?v=PaT__mzkHbA
8eoJTdXHPDY,What is autism masking? | Paddy and Christine McGuinness – BBC,"Subscribe and 🔔 to the BBC 👉 https://bit.ly/BBCYouTubeSub
Watch the BBC first on iPlayer 👉 https://bbc.in/iPlayer-Home Paddy McGuinness learns about the term ‘masking’ and how it relates to his children with autism.

In this raw documentary, Paddy and Christine McGuinness meet other parents, experts, and people on the autism spectrum to better understand their children.

#BBC #PaddyandChristineMcGuinness:OurFamilyandAutism #BBCiPlayer

Paddy and Christine McGuinness: Our Family and Autism / Streaming Now / BBC iPlayer

All our TV channels and S4C are available to watch live through BBC iPlayer, although some programmes may not be available to stream online due to rights. If you would like to read more on what types of programmes are available to watch live, check the 'Are all programmes that are broadcast available on BBC iPlayer?' FAQ 👉 https://bbc.in/2m8ks6v.

Are you a parent of a child, or children, with autism? Paddy & Christine McGuinness provide candid advice for parents: https://www.bbc.co.uk/bitesize/articles/z72yydm",2021-12-15T12:00:04Z,46760,https://www.youtube.com/watch?v=8eoJTdXHPDY
i_j5jOadcVc,Autism is Not a Crime | Tom Oliver | TEDxMandurah,"Is it just to incarcerate autistic individuals for having autistic traits?

Autistic law/biomedical science student, Tom Oliver believes that for most autistic people caught up in our justice system, the underlying cause for their crimes is their autistic characteristics.  It is this, not their inherent criminal intent, which leads to them being over-represented in our justice system.  Is it just to incarcerate autistic individuals for having autistic traits? Autistic law/biomedical science student, Tom, believes that for most autistic people caught up in our justice system, the underlying cause for their crimes is their autism and the way society deals with this needs to change. This talk was given at a TEDx event using the TED conference format but independently organized by a local community. Learn more at https://www.ted.com/tedx",2021-10-18T21:45:01Z,12486,https://www.youtube.com/watch?v=i_j5jOadcVc
OR36jrx_L44,Jake: Math prodigy proud of his autism,"At age two, Jake Barnett was diagnosed with autism and his future was unclear. Now at age 13, Jake is a college sophomore and a math and science prodigy. Jake says his autism is key to his success. Morley Safer reports.
Watch more HERE: http://www.cbsnews.com/video/
Don't forget to SUBSCRIBE! http://bit.ly/WKcQhX",2012-01-16T01:12:28Z,4311304,https://www.youtube.com/watch?v=OR36jrx_L44
o8TpZk-ITiM,Nancy Learns About Autism | World Autism Awareness Day | Fancy Nancy | Disney Junior,"Lionel and his cousin Sean teach Nancy about autism! 

Watch Fancy Nancy on Disney Junior and in the DisneyNOW app! And check out more videos with Nancy here: https://www.youtube.com/playlist?list=PL2m1vjiMH_hMdDZ-m0dbLwdHa5qvPDvqM

Meet six-year-old Fancy Nancy, and follow her adventures as she finds the extraordinary in the ordinary. Even when things don’t go as planned for Nancy, she knows she can take any situation and make it fantastic with the support of her family and friends, her dog, Frenchy, and beloved doll, Marabelle. Nancy knows there's nothing fancier than being true to you!

#fancynancy #disneyjunior",2020-04-02T20:26:08Z,2603806,https://www.youtube.com/watch?v=o8TpZk-ITiM
mx88khQVkGk,Fat Joe on raising son with Autism l ABCNL,"New York legend and hip-hop mogul Fat Joe joins us with a special mission to bring attention to World Autism Awareness Month.


WATCH the ABC News Live Stream Here: https://www.youtube.com/watch?v=w_Ma8oQLmSM
SUBSCRIBE to ABC NEWS: https://bit.ly/2vZb6yP
Watch More on http://abcnews.go.com/
LIKE ABC News on FACEBOOK https://www.facebook.com/abcnews
FOLLOW ABC News on TWITTER: https://twitter.com/abc

#ABCNLUpdate #FatJoe #AutismAwareness #WorldAutismMonth",2022-04-20T21:42:14Z,618615,https://www.youtube.com/watch?v=mx88khQVkGk
QX7shfjuBe8,Autism in Girls,"Autism is a field that is constantly learning. While my son was diagnosed at 23 months with autism, my girls did not receive their diagnosis until ages 8 & 11.  For myself, I wasn't diagnosed as autistic until I was 33!  

The difference in how autism presents in girls is a factor in why so many girls & women have been diagnosed late as most doctors looked for primarily at male symptoms of autism, many of which girls did not have.

Thankfully, we now know that in addition to the traditional signs of autism, there are things that autistic girls often do that can point towards a correct diagnosis.

Here are a few ways that autism presents in girls.  For more detailed information, check out: https://www.themomkind.com/autism-symptoms-in-girls/ 


autism symptoms in girls,autism in women,autism symptoms in women,autistic women,social skills,autism symptoms,autism support,autism information,autism awareness,autism spectrum disorder,autism sypmtoms in girls,autism in girls,female autism,yo samedy sam,asd traits in girls",2021-07-09T06:21:44Z,13520,https://www.youtube.com/watch?v=QX7shfjuBe8
62JUI-v7pIs,On the Autism Spectrum Native American community,"On the Autism Spectrum: Families Find Help and Hope,"" is a series of five short films that raise awareness and understanding of Autism Spectrum Disorder (ASD) and services available to Minnesota families within the following communities: African American, Hmong, Latino, Native American, and Somali. The films provide support, encouragement, and direction for families experiencing ASD within communities that have historically underutilized available resources. Each 15-20 minute film features interviews with parents, advocates, medical professionals, educators, and community leaders speaking in the language of the target community with available subtitles in English.",2018-07-19T12:00:08Z,3462,https://www.youtube.com/watch?v=62JUI-v7pIs
4KZWR_0Wyqg,How YOU Spot PDA In Autism (5 TRAITS),"This is how you spot PDA (Pathological Demand Avoidance) In Autism! For Autism Awareness month, Soundsory is giving a 20% discount online and with my code ASPIEWORLD10, you can get an additional 10% off - https://soundsory.com/ASPIEWORLD10

Soundsory is a multi-sensory, music therapy, and movement program. The
Soundsory headphones, equipped with a dynamic filter and bone
conduction technology, helps improve motor skills and cognitive
development in children and adults.The program consists of specially
designed music processed with neuro-acoustic modifications as well as a
series of movement-based exercises. It is a 40-day program divided in 2
sections of 20 days each with a break of 1 month in between.

Each day consists of 30 mins of music and exercise.Soundsory helps
improve fine, gross, and visual-motor skills in children like handwriting and
drawing, balance and posture, hand-eye coordination. Building on these
foundational skills, Soundsory improves emotional regulation, social skills,
and communication. Soundsory is designed to be safe and effective and is
helping children and adults on the autism spectrum, with auditory and
sensory processing disorders, and other developmental delays.

How do you identify autism in someone? Here is 5 SIMPLE ways you can notice it EASILY! Soundsory: https://soundsory.com/ASPIEWORLD 

Soundsory is a multi-sensory, music therapy, and movement program. The Soundsory headphones, equipped with a dynamic filter and bone conduction technology, helps improve motor skills and cognitive development in children and adults.The program consists of specially designed music processed with neuro-acoustic modifications as well as a series of movement-based exercises. It is a 40-day program divided in 2 sections of 20 days each with a break of 1 month in between. 

Each day consists of 30 mins of music and exercise.Soundsory helps improve fine, gross, and visual-motor skills in children like handwriting and drawing, balance and posture, hand-eye coordination. Building on these foundational skills, Soundsory improves emotional regulation, social skills, and communication. Soundsory is designed to be safe and effective and is helping children and adults on the autism spectrum, with auditory and sensory processing disorders, and other developmental delays. 

Children can complete coloring, lego building, drawing, writing, painting, and other activities while using Soundsory 9 hours battery time, online access to exercise videos, and an option to switch to Bluetooth mode to use Soundsory as a regular headset Soundsory has recommended exercises that you can do while listening but you can adapt them to any activity like play therapy games with a parent or a therapist. 

Autism is classed as a hidden or invisible disability, which means that it isn’t always easy to see as it isn’t presented in any physical attributes... well any that you don’t automatically notice.

Autism can present visual clues as to if someone is on the spectrum, so here are 5 simple always you can identify Autism easily. 

Use these physical attributes to notice autism in a person, so you know how to help them 

Here are 5 traits that you must see. 

1.May do one thing one day and refuse to do it the next with no reason
With a constant change in mood and activity a person with PDA could be happy performing a task one day but then never want to do it again.

2.May mask in public
Due to issues with social skills, a person with PDA will be seen to mask in public social situations. 

3.May be obsessive with certain people
A PDA person may get really obsessive and super interest in specific people or persons.

4.Appears highly anxious
As most neurological conditions PDA comes with lots of anxiety disorders to.

5.Appears Jekyll and Hyde
Because of the issues with controlling moods and feelings a person with PDA may appear to have two different personalities. 

I would love to know your thoughts on this topic as lots of people ask me about PDA and I think a conversation needs to happen.

Please leave me a comment below.

LINKS:
PDA Society - Demand Avoidance of the PDA kind: https://youtu.be/CCsfKxyuH1I

PDA Society - PDA Society simple support strategies for a PDA profile of autism: https://youtu.be/fzr245SYVjg

Pathological Demand Avoidance Behavioural strategies- https://autismwestmidlands.org.uk/wp-content/uploads/2017/11/PDA-1.pdf

Pathological Demand Avoidance (PDA) - https://www.autism.org.uk/advice-and-guidance/topics/diagnosis/pda",2022-04-29T18:30:08Z,5559,https://www.youtube.com/watch?v=4KZWR_0Wyqg
XEDda93M_mg,Why autism is DIFFERENT from narcissism,"SIGN UP FOR MY HEALING PROGRAM: https://doctor-ramani.teachable.com/p/taking-yourself-back-healing-from-narcissistic-antagonistic-relationships

LISTEN TO MY NEW PODCAST ""NAVIGATING NARCISSISM""
Apple Podcasts: https://podcasts.apple.com/us/podcast/navigating-narcissism/id1629909313
Spotify: https://open.spotify.com/show/2fUMDuTaHJrIhIeybVIfCz
Stitcher: https://www.stitcher.com/podcast/how-stuff-works/navigating-narcissism
iHeart Radio: https://www.iheart.com/podcast/1119-navigating-narcissism-98632373/

DISCLAIMER: THIS INFORMATION IS FOR EDUCATIONAL PURPOSES ONLY AND IS NOT INTENDED TO BE A SUBSTITUTE FOR CLINICAL CARE. PLEASE CONSULT A HEALTH CARE PROVIDER FOR GUIDANCE SPECIFIC TO YOUR CASE. THIS VIDEO DISCUSSES NARCISSISM IN GENERAL. 

THE VIDEO DOES NOT REFER TO ANY SPECIFIC PERSON, AND SHOULD NOT BE USED TO REFER TO ANY SPECIFIC PERSON, AS HAVING NARCISSISM. PERMISSION IS NOT GRANTED TO LINK TO OR REPOST THIS VIDEO, ESPECIALLY TO SUPPORT AN ALLEGATION THAT THE MAKERS OF THIS VIDEO BELIEVE, OR SUPPORT A CLAIM, THAT A SPECIFIC PERSON IS A NARCISSIST. THAT WOULD BE AN UNAUTHORIZED MISUSE OF THE VIDEO AND THE INFORMATION FEATURED IN IT.",2021-11-17T14:30:12Z,128307,https://www.youtube.com/watch?v=XEDda93M_mg
5pu_D8YgE_g,Levels of Autism: Symptoms and criteria | Types of Autism | The Disorder,"We Received many Complaints about the music of this video. So here is the same video Without Music : 
https://youtu.be/IPMd8hlxM2Q


Thank you so much :)


Autism is a spectrum disorder that affects how a person perceives the world and interacts with others and their surroundings. The disorder can make it difficult to participate in daily life. Doctors use three levels to describe autism.

According to the Centers for Disease Control and Prevention (CDC), about 1 in 54Trusted Source children receive a diagnosis of autism. It is usually noticeable from a young age, but some people do not receive confirmation until adulthood.

According to the Diagnostic and Statistical Manual of Mental Disorders (DSM-5), doctors categorize autism by assigning levels 1, 2, or 3 to two areas of functioning: social communication and restricted, repetitive behaviours.

The level that the doctor assigns will reflect how much outside assistance a person is likely to need in their daily life.
#Autism #ASD #TheDisorderCare

Assessing this correctly can help doctors and other specialists work with the individual to provide the right support. In this article, learn more about the levels of autism


The Disorders care is a researched-based small group that is dedicated to providing the necessary information relating to disorders for parents and guardians of challenged kids so that not only they can timely identify the disorder but also so that they can take better care of their children.",2021-04-11T07:19:27Z,16148,https://www.youtube.com/watch?v=5pu_D8YgE_g
haBENW96T5g,Beyond Autism Awareness... To Acceptance And Appreciation! (World Autism Awareness Day 2021),"We've all heard of Autism Awareness, but what does it really mean? Why do some people talk about Autism Acceptance? or Autism Appreciation? This World Autism Awareness Day 2021, we'll take a look at some of the history behind these terms, their effect on the autistic community, and what we can all do to help going forward. Improving inclusion and understanding make a big difference to the lives of autistic people everywhere.

FREE GIFT AVAILABLE NOW:
A STEP-BY-STEP GUIDE TO MAKING SCHOOL DROP OFF EASIER

Claim this free download by visiting the 'free resources' section of our website:
https://autismexplained.com.au/

---ABOUT US---
Hello! We are Paul and Shannan from Autism Explained!

We help parents understand their autistic children and create healthy supportive environments. By combining the experience of an adult on the Spectrum with a single mum who lives this stuff every day, we set you on the path to regain family harmony and actually enjoy time with your kids!

This video is a little bit about us... (see our intro video here https://youtu.be/j1Kn9k0CNeQ)

Paul discovered he was on the Autism Spectrum 4 years ago. Since then he has worked with countless autistic adults and children, as well as teaching parents teachers and students about Autism. He is also an ex-aerospace engineer with a passion for teaching and Emotional Intelligence.

Shannan is a single parent and carer of an amazing 9 year old boy on the Autism Spectrum. She is an ex-corporate trainer with a BA, currently studying a Masters in autism studies with Griffith University.

Website: https://autismexplained.com.au/
Facebook: https://www.facebook.com/autismexplained.com.au
Email: info@autismexplained.com.au",2021-04-01T04:03:06Z,24761,https://www.youtube.com/watch?v=haBENW96T5g
lvkP45x4ElE,&#39;American Idol&#39;: Contestant With Autism Moves Judges To Tears,"Prepare to grab your tissues, because Sunday night's episode of ""American Idol"" was an emotional rollercoaster. 28-year-old Sam Finelli, who spoke candidly about his autism, moved the judges to tears with his inspiring cover of ""Rainbow"" by Kacey Musgraves. Plus, more highlights from the episode.

SUBSCRIBE to our channel:

https://www.youtube.com/user/ETCanadaOfficial

FOLLOW us here:

http://www.etcanada.com

Facebook: https://www.facebook.com/etcanada

Twitter: http://www.twitter.com/etcanada

Instagram: http://www.instagram.com/etcanada

TikTok: https://www.tiktok.com/@etcanada

#AmericanIdol #KatyPerry #LukeBryan",2022-03-15T00:27:45Z,18263,https://www.youtube.com/watch?v=lvkP45x4ElE
E28LfTbhEiA,Autism: The Sequel (2020) | Official Trailer | HBO,"Revisiting the subjects of the 2007 Emmy-winning documentary Autism: The Musical, Autism: The Sequel offers a heartwarming inside look into the daily challenges and triumphs of adults on the autism spectrum. 

Watch the new documentary April 28 at 9PM on HBO.

In 2006, HBO debuted the 2007 Emmy®-winning Autism: The Musical, a poignant, heartwarming film that followed five children on the autism spectrum as they wrote and performed their own musical. We revisit the stars of this musical 12 years later in Autism: The Sequel as the original subjects, now in their early 20s, navigate what independence means to them as they manage challenges and triumphs as adults. Weaving together present-day interviews with footage of the subjects and their families shot 12 years ago, the uplifting short documentary Autism: The Sequel debuts Tuesday, April 28 at 9pm on HBO. 

http://hbo.com/documentaries/autism-the-sequel #HBO #HBODocs #AutismTheSequel
Subscribe to HBO on YouTube: https://goo.gl/wtFYd7

Watch Now
HBO NOW: https://play.hbonow.com
HBO GO: https://play.hbogo.com

Get More HBO 
Official Site: https://www.hbo.com/documentaries
Twitter: https://twitter.com/HBODocs
Instagram: https://www.instagram.com/hbo
Facebook: https://www.facebook.com/hbodocs

Autism: The Sequel (2020) | Official Trailer | HBO",2020-04-02T16:00:10Z,35436,https://www.youtube.com/watch?v=E28LfTbhEiA
CMzXfOv5Io0,Nonspeaking student with autism gives moving commencement speech l GMA,"Elizabeth Bonker says her dream is to ensure there is communication for all.

SUBSCRIBE to GMA's YouTube page:
https://bit.ly/2Zq0dU5

VISIT GMA's homepage:
https://www.goodmorningamerica.com

SIGN UP to get the daily GMA Wake-Up Newsletter:
https://gma.abc/2Vzcd5j

FOLLOW GMA:
TikTok: https://tiktok.com/@gma
Facebook: https://facebook.com/GoodMorningAmerica
Twitter: https://twitter.com/gma
Instagram: https://instagram.com/GoodMorningAmerica


#GMA #Student #Speech #Autism",2022-05-11T15:48:24Z,260982,https://www.youtube.com/watch?v=CMzXfOv5Io0
J8X-SZfCWPw,Autism and Neurodiversity: Different Does Not Mean Broken | Adriana White | TEDxPaloAltoCollege,"In this talk, Adriana discusses the idea of neurodiversity. Many people are labeled incorrectly because their brains are wired differently. Adriana offers awareness and an alternative way to see people as unique and valuable, regardless of their near-diversity. Adriana White is an autistic librarian, former special education teacher, and children’s book writer. After being diagnosed with autism and anxiety in her 30s, Adriana now advocates for more inclusive schools and libraries. Her writing on neurodiversity and mental health in children’s books has appeared in KQED’s MindShift and We Need Diverse Books, and she advises educators and librarians about the importance of these books through workshops and presentations. Adriana has a Master’s in Education with a specialization in Special Education, and a Master’s in Library and Information Science with a certificate in Storytelling. She is a staff editor for the website A Novel Mind, and writes a bimonthly column for Geek Club Books. This talk was given at a TEDx event using the TED conference format but independently organized by a local community. Learn more at https://www.ted.com/tedx",2021-11-11T16:37:27Z,10067,https://www.youtube.com/watch?v=J8X-SZfCWPw
iclWth_VvBs,How I use Minecraft to help kids with autism | Stuart Duncan,"The internet can be an ugly place, but you won't find bullies or trolls on Stuart Duncan's Minecraft server, AutCraft. Designed for children with autism and their families, AutCraft creates a safe online environment for play and self-expression for kids who sometimes behave a bit differently than their peers (and who might be singled out elsewhere). Learn more about one of the best places on the internet with this heartwarming talk.

Check out more TED Talks: http://www.ted.com

The TED Talks channel features the best talks and performances from the TED Conference, where the world's leading thinkers and doers give the talk of their lives in 18 minutes (or less). Look for talks on Technology, Entertainment and Design -- plus science, business, global issues, the arts and more.

Follow TED on Twitter: http://www.twitter.com/TEDTalks
Like TED on Facebook: https://www.facebook.com/TED

Subscribe to our channel: https://www.youtube.com/TED",2018-02-26T22:55:36Z,93698,https://www.youtube.com/watch?v=iclWth_VvBs
sGXl7TR6BDE,How a better understanding of autism could change the justice system for autistics,"On January 4, 2019, Matthew Rushin, a 20-year-old Black autistic man from Virginia Beach, caused a car crash that left one man severely injured. Rushin was sentenced to serve 10 years of a 50-year sentence.

Former Virginia Governor Ralph Northam granted Rushin a conditional pardon, and he was released from prison more than two years after the night of the crash.  This short documentary looks at what it is like to navigate the criminal justice system as an autistic person. Psychologist Erin Findley, who is autistic herself, helps explain how misperceptions about autism and a bias towards neurotypical behavior can create a flawed, and sometimes dangerous, justice system for autistics. Read more: https://wapo.st/3LwYv8d. Subscribe to The Washington Post on YouTube: https://wapo.st/2QOdcqK

Follow us:
Twitter: https://twitter.com/washingtonpost
Instagram: https://www.instagram.com/washingtonpost/
Facebook: https://www.facebook.com/washingtonpost/",2022-04-30T16:07:19Z,2658,https://www.youtube.com/watch?v=sGXl7TR6BDE
0H-6iIyQ9Bs,The ASPECTSS™ of Architecture for Autism | Magda Mostafa | TEDxCairo,"Dr. Magda Mostafa, born and raised in Canada, is currently an Associate Professor of Design at the American University in Cairo and Design Associate at Progressive Architects. Her research interests include design pedagogy and special needsdesign- particularly autism (http://www.autism.archi). She is the author of the Autism ASPECTSS™ Design Index, which was awarded the UIA's 2014 Architecture for All.

Her ASPECTSS™ Design Index is the first evidence-based set of autism design guidelines worldwide. It has been widely published and recognized for its ground-breaking principles and ArchDaily has called her “one of the world's pre-eminent researchers in autism design”. She has been invited to present her work worldwide at the United Nations, the WHO and at the world’s first design for autism conference hosted by the UK National Autistic Society. 


This talk was given at a TEDx event using the TED conference format but independently organized by a local community. Learn more at http://ted.com/tedx",2016-11-10T20:05:24Z,15086,https://www.youtube.com/watch?v=0H-6iIyQ9Bs
FU5nUEfCDdI,My Brain Works Differently: Autism And Addiction | Dylan Dailor | TEDxNorthAdams,"Autism and addiction, two words rarely combined but a mixture that can lead to immense challenge. Dylan Dailor discusses the challenges he faces daily as someone living with Autism and, advocating for the neurodiverse.
 Dylan Dailor attends Hobart College and lives in Rochester, NY. He is a neurodiversity advocate and the author of the children's book I Am Not a Freak. Much of his time is spent in the pursuit of finding new and innovative ways to describe the autism spectrum to a wide variety of people which is the topic of the second book that he is writing. In his free time, he enjoys composing, playing, and conducting music, arguing with anyone who will argue with him, and watching too much TV for his own good. This talk was given at a TEDx event using the TED conference format but independently organized by a local community. Learn more at https://www.ted.com/tedx",2018-03-22T20:54:39Z,603329,https://www.youtube.com/watch?v=FU5nUEfCDdI
jskrIjwIxsk,Inspiring AWA (aka Autism With Attitude) achieve their dreams - The Greatest Dancer | Auditions,"Subscribe and 🔔 to the BBC 👉 https://bit.ly/BBCYouTubeSub
Watch the BBC first on iPlayer 👉 https://bbc.in/iPlayer-Home Inspirational AWA perform street to a medley of songs.

Watch The Greatest Dancer every Saturday night on BBC One and BBC iPlayer.

It’s week 4 of the dance talent show where dancers of any age and dance style compete to win £50,000 and a chance to perform on Strictly Come Dancing.

Leading the charge to discover the greatest dancer are three superstar dance captains - platinum-selling singer Cheryl, Broadway and Glee star Matthew Morrison and Strictly Come Dancing professional Oti Mabuse.

The series is hosted by singer and presenter Alesha Dixon and Jordan Banjo, member of multi-award-winning dance troupe Diversity.

The audience hold the power - if they are impressed by the audition, they can vote to open the mirror, and if 75 per cent of the audience vote yes then the mirror will open and the dancer will make it through to the next stage of the competition, the callbacks. Get ready to see talent from across the world of dance, from ballet to jazz, street to ballroom, contemporary to disco as the dancers give the performances of their lives in the hope of opening the mirror.

For all TGD news and updates, follow The Greatest Dancer on:
Twitter: https://twitter.com/GreatDancerTV
Instagram: https://instagram.com/GreatestDancer
Facebook: https://www.facebook.com/GreatestDancer

The Greatest Dancer | Episode 4 | BBC

#greatestdancer #TGD

#bbc
All our TV channels and S4C are available to watch live through BBC iPlayer, although some programmes may not be available to stream online due to rights. If you would like to read more on what types of programmes are available to watch live, check the 'Are all programmes that are broadcast available on BBC iPlayer?' FAQ 👉 https://bbc.in/2m8ks6v.",2019-01-26T19:42:33Z,3592853,https://www.youtube.com/watch?v=jskrIjwIxsk
1pHD09XY5mM,Haley Moss Sets Her Own Limits And Becomes First Autistic Lawyer In Florida,"Haley Moss was diagnosed with autism at three years old. Doctors told her parents they would be lucky if she could hold a minimum-wage job. Today, she is the first openly autistic lawyer in Florida -- and she's hoping to raise awareness and spread a message of inclusion.

#HaleyMoss #AutismAwareness #FloridaLawyer #TODAYOriginals
Haley Moss Sets Her Own Limits And Becomes First Autistic Lawyer In Florida",2019-05-03T23:00:00Z,18168,https://www.youtube.com/watch?v=1pHD09XY5mM
pgxWbldQVkE,"Say Hi to Milo, the Autism Robot","Standing two feet tall and resembling a boy, Milo the robot is helping autistic students build social skills at a school in South Carolina.

Learn more at https://www.edutopia.org/article/can-robot-help-autistic-children-connect",2019-03-14T22:10:34Z,33414,https://www.youtube.com/watch?v=pgxWbldQVkE
Iy3jYIqRIJg,Autism Documentary: Inside the UK’s only school for autistic girls,"Conventional thinking suggests autism mainly affects boys. But more and more girls – and adult women – are being diagnosed with the condition. Subscribe for more Channel 4 News documentaries: http://bit.ly/LtASif.

Up to 100,000 girls with autism could be still undiagnosed. Keme Nzerem has been to visit the only school in the UK that’s exclusively for autistic girls.",2017-02-19T10:31:03Z,265440,https://www.youtube.com/watch?v=Iy3jYIqRIJg
T1HQKB2txgY,Autism - How My Unstoppable Mother Proved the Experts Wrong: Chris Varney at TEDxMelbourne,"Chris Varney is an advocate for children's rights. His advocacy began as a 16-year-old Youth Ambassador for World Vision during which he became active in anti-poverty campaigning. He went on to become National Co-Director of World Vision's youth movement and later, the 2009 Australian Youth Representative to the United Nations. As Youth Representative he put together a book Dear Kevin which helped catalyse many practical outcomes for vulnerable children and youth. For his efforts he has received the 2011 Monash University Student Alumni Award, the 2012 National Award for Youth in Advancing the Legal Rights and Interests of Children and Young People and the 2012 Future Justice Medal.

Visit Chris' website: http://chrisrvarney.com/
Connect with Chris on Twitter: https://twitter.com/chrisrvarney 
Join I CAN Network https://www.facebook.com/theicannetwork

TEDxMelbourne brings a diverse group of people together to share ideas, knowledge and inspiration through a series of events throughout the year.

Visit our site: http://tedxmelbourne.com /
Like us on Facebook: https://www.facebook.com/TEDxMelbourne 
Follow us on Twitter: http://www.twitter.com/tedxmelbourne 
Follow us on Pinterest: http://pinterest.com/tedxmelbourne/ 
Follow us on Instagram: http://instagram.com/tedxmelbourne/ 
View photos on Flickr: http://www.flickr.com/photos/68383773@N06/

About TEDx, x = independently organized event

In the spirit of ideas worth spreading, TEDx is a program of local, self-organized events that bring people together to share a TED-like experience. At a TEDx event, TEDTalks video and live speakers combine to spark deep discussion and connection in a small group. These local, self-organized events are branded TEDx, where x = independently organized TED event. The TED Conference provides general guidance for the TEDx program, but individual TEDx events are self-organized.* (*Subject to certain rules and regulations)",2013-06-17T02:09:00Z,737899,https://www.youtube.com/watch?v=T1HQKB2txgY
p4e8hYQcyj8,Post Malone wishes young man with autism a happy 21st birthday in viral video,"Post Malone is going viral after he made a young fan's 21st birthday in Los Angeles extra special.

Subscribe to FOX 11 Los Angeles: https://www.youtube.com/channel/UCHfF8wFnipMeDpJf8OmMxDg?sub_confirmation=1

Watch FOX 11 Los Angeles Live: https://www.foxla.com/live

FOX 11 delivers breaking news, live events, undercover investigations, police chases, true crime files, business news, celebrities and entertainment on Good Day LA (GDLA) and local stories from Los Angeles, Long Beach, Pasadena and across the nation.

Watch more FOX 11 on YouTube:
Police Chases: https://bit.ly/3t2xQqc
Funny Moments: https://bit.ly/3cbbFXX
Celebrity Interviews: https://bit.ly/38kakg8
Archives: https://bit.ly/30qtxso

Download the FOX 11 News app: https://www.foxla.com/apps
Download the FOX 11 Weather app: https://www.foxla.com/apps
Follow FOX 11 Los Angeles on Facebook: https://www.facebook.com/fox11la/
Follow FOX 11 Los Angeles on Twitter: https://twitter.com/foxla/
Follow FOX 11 Los Angeles on Instagram: https://www.instagram.com/foxla/
Subscribe to the FOX 11 newsletter: https://www.foxla.com/email",2022-03-20T20:33:12Z,31133,https://www.youtube.com/watch?v=p4e8hYQcyj8
T9j6rQ4rtQY,The Sensory Room: Helping Students With Autism Focus &amp; Learn,Find more resources at http://www.edutopia.org/special-education,2017-04-02T15:21:16Z,1121549,https://www.youtube.com/watch?v=T9j6rQ4rtQY
qImjs_LS33M,Emotional Surprise Reunion For Boy With Autism &amp; Police Officer Who Share Special Bond,"South Carolina mom Kanesha and her son AJ, who has autism, were featured on the show last year for forming a special bond with their local police officer, Captain Tom Hill. AJ asked Capt. Hill to be his godfather, and their relationship has only grown closer since. Kanesha reveals AJ has opened up more at school since appearing on the show, and he still writes letters to Capt. Hill every week. In an emotional surprise, Capt. Hill joins the show and shares how he's taken his godfather role very seriously, saying ""I can't imagine my life without him."" Watch till the end for a special surprise vacation at Universal Orlando Resort!

#KellyClarksonShow 

Subscribe to The Kelly Clarkson Show: https://bit.ly/2OtOpf8
 
FOLLOW US
Instagram: https://www.instagram.com/kellyclarksonshow/
Twitter: https://twitter.com/KellyClarksonTV 
Facebook: https://www.facebook.com/KellyClarksonShow/
 
For even more fun stuff, visit https://www.kellyclarksonshow.com/
 
The Kelly Clarkson Show is the uplifting daytime destination for humor and connection featuring Emmy-winning talk show, Grammy-winning artist and America’s original idol, Kelly Clarkson.",2022-06-28T22:30:10Z,14389,https://www.youtube.com/watch?v=qImjs_LS33M
oSU9570V5D4,DAD... a film about autism and fatherhood,"A short documentary following the often untold stories of fathers with children on the spectrum, DAD shares the experiences of twelve Aussie dads as they navigate the world of parenting and autism.

Bonus footage and resources at www.dadfilm.com.au",2018-10-31T23:54:45Z,131694,https://www.youtube.com/watch?v=oSU9570V5D4
cnWQWa7U29s,Teaching Children with Autism,"MAKE YOUR OWN WHITEBOARD ANIMATIONS. CLICK THE LINK!
http://tidd.ly/69da8562 . 

This is an affiliate link. I earn commission from any sales, so Please Use!

SUPPORT THIS CHANNEL: 
Help keep me going with a tip or contribution
https://paypal.me/frankavella?locale.x=en_US 

TEACHERSPAYTEACHERS STORE
Classroom Posters, Courses, Lessons, Presentations, and More
https://www.teacherspayteachers.com/Store/Teachings-In-Education 

TEESPRING IN EDUCATiON
Stickers, Dress Down Gear, Phone Cases, Coffee Mugs, and More
https://teespring.com/stores/teespring-in-education-2

FOR PROFESSIONAL DEVELOPMENT & ON-SITE TRAININGS
CONTACT:
midtownavella@gmail.com


SOCIAL MEDIA
https://www.linkedin.com/in/frank-avella-404b59b5/ 

https://twitter.com/frank_avella 

This video outlines several strategies that teachers can use to teach students with ASD, autism disorder. The strategies here are outline in a clear fashion with specific examples that educators can use in their classrooms. There are a total of twelve different examples, and each example pertains to a variety of subjects. This video is not just intended for teachers, but also for parents of children with autism. This video is part of a playlist designed to help educators as they continue on their journey. Other videos in the playlist include kwl charts, functional behavioral assessments, classroom management strategies, bloom's taxonomy, lesson planning,  standardized testing for students, and much much more.  Teachers are encouraged to explore this channel and find other videos that can help them with their practices and classroom issues. The channel also tackles larger educational issues such as school choice. Another playlist answers some of the biggest questions that come to mind for educations.",2019-03-07T02:43:54Z,96701,https://www.youtube.com/watch?v=cnWQWa7U29s
VweAtdc3dyM,SAP Autism At Work Overview,"Launched in 2013, SAP became the first global tech company to develop a program to leverage the unique abilities of people with autism. When neurodiverse perspectives are missing from the workforce, there is a lost opportunity for innovation and creativity. By being intentional about seeking these candidates and adjusting recruiting processes, we can remove the barriers to entry they frequently face. Today, SAP has over 160 colleagues with autism in 14 countries, across 28 locations and in 25+ job types.",2019-11-14T07:07:09Z,4345,https://www.youtube.com/watch?v=VweAtdc3dyM
DFRA3vX2Eh0,Sexuality and My Teenage Children with Autism,"At 10 and 11, her daughters who have severe autism started to masturbate, at times while they were in school or out in the public. ""I never thought that sexuality would be an issue that I’d have to handle.""

By speaking out openly on this issue, Jacqueline hopes that parents like herself can find better ways to support the sexual development of their children with autism or other intellectual disabilities.

For more, SUBSCRIBE to CNA INSIDER! 
https://cna.asia/insideryoutubesub

The Disabled Peoples Association of Singapore (DPA) organised its first sexuality workshop with speaker Martha Tara Lee, a clinical sexologist from Eros Coaching, in 2019 as part of their Di-Sex programme. The COVID-19 pandemic has disrupted their plans for subsequent sessions, but they plan to resume the programme in 2021.

[Portions of this video were filmed before the COVID-19 outbreak.]

WATCH MORE: Life with special needs
Sayfullah: An Extrovert Boy With Quadriplegia Finds His Voice https://youtu.be/qhYadjUHvxw
Chester: How A 17-Year-Old With Autism Sees The World https://youtu.be/sKC3Gp90OxM
Priscilla: Life With My Teenage Daughter With Autism https://youtu.be/Jjk4jcz8SWc
Dawn: Discovering At 42 That You're Not Ill, Just Autistic https://youtu.be/8iFls4KHh6w
Aidah: Life As An Adult With Special Needs https://youtu.be/WBDlA7jR5OQ
Ashraf: They Built A Special School For Their Special Needs Son https://youtu.be/MqQKqGKZlz8
Kayleen: Accepting A Child With Down Syndrome https://youtu.be/pkeF2iYhTqM
Love, Unconditionally: Raising 3 Children With Special Needs https://youtu.be/Yd0gx6ZRMbc
Sexuality and My Teenage Children with Autism https://youtu.be/DFRA3vX2Eh0

Follow CNA INSIDER on:
Instagram: https://www.instagram.com/cnainsider/
Facebook: https://www.facebook.com/cnainsider/
Website: https://cna.asia/cnainsider",2020-06-15T04:09:52Z,1030686,https://www.youtube.com/watch?v=DFRA3vX2Eh0
8wBwBY28wBQ,"Woman with autism confronted by police more than once, but with different outcomes",How police officers handle an escalating situation caused by a mental health crisis can make a big difference in the outcome. Kayleigh's story may explain why.,2021-10-15T14:35:27Z,26496,https://www.youtube.com/watch?v=8wBwBY28wBQ
q8hrFwfhwNw,Immie Swain: How To Spot The Signs Of Autism In Pupils | Good Morning Britain,"A GMB survey by TES has revealed that 80% of teachers agreed that a lack of teacher training about how to support autistic pupils has affected those pupils’ education.  This comes on the day the Department of Education released a statement backing a film by Good Morning Britain and Immie Swain and supported by The National Autism Society and distributed by The Autism Education Trust that will aid teachers in their training in how to spot the signs of autism in pupils.  
Broadcast on 14/06/22

Stream Good Morning Britain live, every weekday from 6am on the ITV Hub 📲 http://daytimelink.itv.com/WatchGMBYT
Subscribe now for more! http://bit.ly/1NbomQa
Like, follow and subscribe to Good Morning Britain!

The Good Morning Britain YouTube channel delivers you the news that you’re waking up to in the morning. From exclusive interviews with some of the biggest names in politics and showbiz to heartwarming human interest stories and unmissable watch again moments. 

Join Susanna Reid, Ben Shephard, Kate Garraway, Charlotte Hawkins and Sean Fletcher every weekday on ITV from 6am until 9 every weekday!

ITV Hub: http://daytimelink.itv.com/WatchGMBYT
Website: http://bit.ly/1GsZuha
YouTube: http://bit.ly/1Ecy0g1
Facebook: http://on.fb.me/1HEDRMb
Twitter: http://bit.ly/1xdLqU3
http://www.itv.com

#GMB",2022-06-14T10:56:38Z,19228,https://www.youtube.com/watch?v=q8hrFwfhwNw
wtrI_i0ba_g,10 AUTISM TRAITS IN GIRLS(:,"The first 1000 people to use this link will get a 1 month free trial of Skillshare! :  https://skl.sh/paigelayle03221

~~CONNECT WITH ME~~
PAYPAL: https://www.paypal.me/PaigeHennekam
CAMEO: https://www.cameo.com/paigelayle
INSTAGRAM: https://www.instagram.com/paigelayle/...
TIKTOK: https://www.tiktok.com/@paigelayle?la...
TWITTER: https://twitter.com/paigehennekam?ref...


Send me stuff!
Paige Hennekam
46 Kent St W. 
ROYALE TOWN & COUNTRY REALTY
Lindsay, ON Canada
K9V 2Y2


Related: autism, autism diagnosis, Paige layle, paigelayle, paigelayle tiktok, tiktok videos, autistic, autistiktok, autistok, autism spectrum disorder, Aspergers, Aspergers syndrome, autism in girls, dsm, autistic kid, autism mom, autism family, autism speaks, autism awareness, autism acceptance, ABA, ABA Therapy",2022-03-16T03:22:23Z,341435,https://www.youtube.com/watch?v=wtrI_i0ba_g
i3Vy2BPmMS4,Times I should&#39;ve realized I was autistic,"since finishing this video ive been officially diagnosed so ye B)
more resources: 
- ASD in adults: https://www.nhs.uk/conditions/autism/signs/adults/
- RAADS-R Test: https://embrace-autism.com/raads-r/#Who_the_test_is_designed_for

▶ THE TEAM:

AUDIO EDITOR: Cory
http://instagram.com/morningjoeaudio 

STORYBOARDS + LAYOUT: AceofStarz
https://twitter.com/aceofstarz
https://www.instagram.com/aceofstarz
https://aceofstarz.wixsite.com/portfolio

BACKGROUNDS + ASSETS: Oskar 
http://twitter.com/oskardraws
http://instagram.com/polaroskar

ASSISTANT ANIMATORS:

Laddi - scene setup
http://youtube.com/theladdi 

Delaney - keys
https://www.delaneyoldenburgart.com/portfolio

Bella - in-betweens
http://instagram.com/belladrawson 

PROGRAMS USED:
▶ ToonBoom Harmony Premium - to animate
▶ Adobe Photoshop CC - background art
▶ Wacom DTK2260 - screen tablet for drawing/animating (but I recommend basic cheap no-screen tablets from Wacom for beginners)
▶ Adobe Premiere CC - to edit and compile

STAY CONNECTED!
▶ https://instagram.com/illymation
▶ https://twitter.com/illymation
▶ https://twitch.tv/illymation
▶ https://illymation.tumblr.com
▶ MERCH: https://www.hereforthechaos.com/
▶ SECOND CHANNEL: SILLYMATION https://www.youtube.com/channel/UCP9IBqJbr6RdNC-orxvzc9A

- I'm sorry, I'm not available to do lines for videos anymore; I've gotten really busy :(

- I am NOT looking for animation or video help! I appreciate your kindness. I'm not in a place where I need to hire people, not even for free.

#illymation #bean #legume",2022-05-12T16:00:17Z,1733688,https://www.youtube.com/watch?v=i3Vy2BPmMS4
zatA90699qs,I spent a day with AUTISTIC PEOPLE,"I spent a day with people on the autism spectrium to learn the truth about this often misunderstood disorder.

🏥Please consider donating a couple bucks to help Richie cover medical bills, etc. after someone collided into him on the freeway: https://gf.me/u/yn6xfs

🔴SUBSCRIBE ▶ https://youtube.com/subscription_center?add_user=AnthonyPadilla
🚨GET MERCH ▶ http://padildoshop.com
📸 INSTAGRAM ▶ @AnthonyPadilla

🗯MORE I SPENT A DAY WITH...
▸ ASEXUALS - https://youtu.be/zW29J3nxjis
▸ EMOS - https://youtu.be/JrFUr8e-vjs
▸ OTHERKIN (People who aren’t entirely human) - https://youtu.be/YrgN2Y4Towo

🧨HUGE thank you to:
▸ RICHARD - http://instagram.com/robotrichie
(Shout out https://sertifiedcasting.com for helping me contact the autistic people below)
▸ JASMINE - http://autismgoestocollege.org
▸ ANIELLA - http://instagram.com/aniellafields

🎨Set portrait meticulously painted by the very talented:
▸ RHIANNA ROBLES - http://instgram.com/zerogattsu

🎥Crew
▸ Director, Creator, Producer, Writer, etc. - Anthony Padilla
▸ Assistant Producer, Co-writing & Research - Elise Felber
▸ Director of Photography/Gaffer - Zach Zeidman
▸ Editor - Mike Criscimagna
▸ Assistant Camera Operator & Assistant Editor - Robert Butler III
▸ Stage Manager - Cort Maclean

📢BE ON THE SHOW
▸ If you are part of an under represented subculture with a way of life you feel is not widely understood and would like to be interviewed by me in LA, email inquiry[at]pressalike.com with your subculture in the title of the email.

🚫Padildo Clan (exclusive member group) - http://facebook.com/groups/padildo

❗️You dug this deep into the description. You owe it to yourself to subscribe ▶ https://youtube.com/subscription_center?add_user=AnthonyPadilla

💉Self plug
▸ http://instagram.com/anthonypadilla
▸ http://twitter.com/anthonypadilla
▸ http://facebook.com/anthonypadilla",2020-01-21T21:22:15Z,2720970,https://www.youtube.com/watch?v=zatA90699qs
wqSqdnOTvI8,‘My autism gave me superpowers’,"How good is your ‘a-dar’? 

Comedian and cabaret performer Ria Lina only realised she was autistic after someone else told her at the end of a gig. 

Here she explains what it’s like to live with autism and how that fits around the other parts of her personality.

SUBSCRIBE to our YouTube channel for more videos: http://www.youtube.com/skynews 

Follow us on Twitter: https://twitter.com/skynews and https://twitter.com/skynewsbreak 

Like us on Facebook: https://www.facebook.com/skynews 

Follow us on Instagram: https://www.instagram.com/skynews 

For more content go to http://news.sky.com and download our apps:  

Apple https://itunes.apple.com/gb/app/sky-news/id316391924?mt=8 

Android https://play.google.com/store/apps/details?id=com.bskyb.skynews.android&hl=en_GB",2019-08-22T12:00:10Z,8687,https://www.youtube.com/watch?v=wqSqdnOTvI8
4a8-uNbD_34,Autistic Student Brings Happiness to Everyone | Educating | Our Stories,"The teachers at Frederick Bremer start to prepare autistic student, Christopher, for life outside of school. Subscribe to Our Stories: https://bit.ly/3lzSXhv 

Educating offers a moving, funny, and dramatic insight into modern schooling. This groundbreaking documentary series uses a fly on the wall format to show the everyday lives of the staff and pupils of secondary schools around the UK.

Watch More Documentaries
Our Life - https://bit.ly/3A8xRMJ 
Our History - https://bit.ly/3rUpdhL 
Our World - https://bit.ly/3ftuckM 
Our Stories - https://bit.ly/3ynfFyk 

Welcome to Our Stories, the new home on YouTube for inspiring human stories that give us an insight into real people and real lives. Our exciting range of fly-on-the-wall style documentaries and special access reality programmes will give you an inside look into the everyday lives of people; exploring what life is like for those working in education, healthcare, policing and many others!

Content distributed by ITV Studios.",2020-04-07T07:32:16Z,4960555,https://www.youtube.com/watch?v=4a8-uNbD_34
n87yaF37QEc,Using Virtual Reality to Help Kids with Autism | Freethink Superhuman,"When their child with autism fell in love with a virtual reality headset, this family developed a program to help train his brain. Today, their software is being tested in classrooms - with amazing results. We meet Vijay and Vibha Ravindran, founders of the VR software company Floreo, and see how their software can help children with autism improve their joint attention abilities and even help them better interact with the police.

For more stories profiling pioneers of science and tech innovation, subscribe to Freethink at https://www.youtube.com/freethinkmedia

And follow Freethink across other platforms here:

Facebook: https://www.facebook.com/freethinkmedia
Twitter: https://twitter.com/freethinkmedia
Instagram: https://www.instagram.com/freethinkmedia
Website: http://www.freethink.com",2019-02-21T23:18:17Z,101721,https://www.youtube.com/watch?v=n87yaF37QEc
4yAAOI6JUsM,Understanding Autism: A Guide for Secondary School Teachers (Part 1),"The first of four segments (""Characteristics"") in Understanding Autism: A Guide for Secondary Teachers.  The DVD is designed to provide general education teachers with strategies for supporting their middle and high school students with autism.

At the end of this segment, viewers will be able to: (1) Describe how autism impacts learners; (2) Indicate how the characteristics of autism impacts individuals in a school setting; and (3) Understand that autism manifests itself differently in individual learners.

The DVD was produced by the Organization for Autism Research (OAR) in collaboration with Fairfax County (VA) Public Schools, and made possible by grants from the American Legion Child Welfare Foundation and the Doug Flutie Jr. Foundation for Autism.

To provide feedback or inquire about using this resource in your school district, please visit www.researchautism.org or send an e-mail to programs@researchautism.org.",2013-03-07T14:16:13Z,404350,https://www.youtube.com/watch?v=4yAAOI6JUsM
lUv77d0estc,On the Autism Spectrum Latino community,"On the Autism Spectrum: Families Find Help and Hope,"" is a series of five short films that raise awareness and understanding of Autism Spectrum Disorder (ASD) and services available to Minnesota families within the following communities: African American, Hmong, Latino, Native American, and Somali. The films provide support, encouragement, and direction for families experiencing ASD within communities that have historically underutilized available resources. Each 15-20 minute film features interviews with parents, advocates, medical professionals, educators, and community leaders speaking in the language of the target community with available subtitles in English.",2018-07-19T11:59:52Z,5102,https://www.youtube.com/watch?v=lUv77d0estc
aoXRwT6DSHU,See how this surf camp for children with autism transforms lives | Inspired by Sport,"📲 Subscribe to @olympics: http://oly.ch/Subscribe 

 Surfing star Parker Coffin visits Surfers Healing’s annual event in New Jersey and is blown away by how his sport can transform lives.

Olympians visit inspiring community sports organizations to witness the power of sport to transform lives: https://oly.ch/IbS_EN 



 
_____________________________________________________
🇨🇳 #Beijing2022 replays: https://oly.ch/B22Replays
🇯🇵 #Tokyo2020 replays: https://oly.ch/T20Replays 
🗞️ News from the Olympic world: https://oly.ch/News",2020-05-24T11:00:00Z,12932,https://www.youtube.com/watch?v=aoXRwT6DSHU
VJHa9xk16Hw,The Chameleons: women with autism,"We often hear about autism in men, but rarely in women. The Feed looks at three different generations of women living with autism and how the stigma of the condition is amplified.

Facebook: https://www.facebook.com/SBS2Australia
Twitter: https://twitter.com/sbs2
Tumblr: http://sbs2australia.tumblr.com/",2015-05-06T00:40:46Z,332443,https://www.youtube.com/watch?v=VJHa9xk16Hw
8AdjmyHM57U,Sia Defends &#39;Music&#39; Against Autism Community,"After the autism community slammed Sia for casting Maddie Ziegler as a character with autism in her film ""Music"", Sangita Patel and Graeme O'Neil discuss Sia's reaction during ""ET Canada Live"".

SUBSCRIBE to our channel:

https://www.youtube.com/user/ETCanadaOfficial

FOLLOW us here:

http://www.etcanada.com

Facebook: https://www.facebook.com/etcanada

Twitter: http://www.twitter.com/etcanada

Instagram: http://www.instagram.com/etcanada

#Sia #MaddieZiegler #Music",2020-11-23T20:14:05Z,344076,https://www.youtube.com/watch?v=8AdjmyHM57U
ESWScbGOB4I,‘Miracle’: See impact marijuana had on autistic girl,"Dr. Sanjay Gupta follows several families who have seen the miraculous benefits of marijuana when used on their children struggling with autism. CNN's special report ""WEED 6: Marijuana and Autism"" airs on Sunday, December 19th at 8pm ET. #CNN #News",2021-12-17T16:32:02Z,522195,https://www.youtube.com/watch?v=ESWScbGOB4I
OtwOz1GVkDg,The Party: a virtual experience of autism – 360 film,"Everyday situations can be stressful for those on the autism spectrum. Step into the shoes of 16-year-old Layla as she attends a birthday party. Hear her inner thoughts and experience how overwhelming an occasion like this can be for her 

Warning: This film contains effects which may cause anxiety for some viewers.

Subscribe to The Guardian on YouTube ► http://is.gd/subscribeguardian

Support the Guardian ► https://support.theguardian.com/contribute

Today in Focus podcast ► https://www.theguardian.com/news/series/todayinfocus

Sign up for the Guardian documentaries newsletter ► https://www.theguardian.com/info/2016/sep/02/sign-up-for-the-guardian-documentaries-update

The Guardian ► https://www.theguardian.com

The Guardian YouTube network:

Guardian News ► https://www.youtube.com/guardianwires
Guardian Football ► https://www.youtube.com/user/GuardianFootball
Guardian Sport ► http://www.youtube.com/c/GuardianSportVideo
Guardian Live ► https://www.youtube.com/user/guardianmembership
Guardian Culture ► https://www.youtube.com/guardianculturearts

#autism #autismawareness #autismacceptance #autismo #",2017-10-07T07:23:23Z,509914,https://www.youtube.com/watch?v=OtwOz1GVkDg
kAtMKiqW1kM,An Autistic Mom with 2 Autistic Kids (And Husband with ADHD),"Jasmine is the mother of two autistic children. While learning about their symptoms, she realized that she had many of the same traits. At 32 years old Jasmine was diagnosed with autism. Now she is balancing raising two autistic kids while also embracing her own identity.

Jasmine's Insta: https://www.instagram.com/spicyhippy/

Kashmir's (Jasmine's sister) Insta: https://www.instagram.com/kashmirlucius/

Support SBSK on Patreon at: https://www.patreon.com/SBSK

SBSK's Socials: 
http://www.instagram.com/specialbooksbyspecialkids
https://twitter.com/chrisulmer
https://www.facebook.com/specialbooksbyspecialkids
https://www.reddit.com/r/sbsk",2022-02-03T22:10:53Z,1692209,https://www.youtube.com/watch?v=kAtMKiqW1kM
NgfL5hziD3o,What it actually means to be on the autism spectrum | Love On The Spectrum,"Young people talk about the common misconceptions that people have about what it means to live with autism. #LOTSAU
Subscribe now: http://ab.co/subscribe
___________________________________________

In search of love, young adults on the autism spectrum navigate the unpredictable and complicated world of dating and relationships.

Stream now on ABC iview: http://ab.co/LoveOnTheSpectrum
___________________________________________

Are there misconceptions about autism?
There are definitely these misconceptions that because I'm autistic I'm going to be excellent at math. I hate math! I love English. And as soon as I tell someone I'm autistic they try to get me to give them the square root of pi. 
What do you think about the misconception that people on the spectrum don't have empathy?
I've never met someone on the spectrum who was unable to empathise with a person.",2021-05-19T02:30:06Z,26029,https://www.youtube.com/watch?v=NgfL5hziD3o
XsICy5_uAgs,Parkland woman becomes 1st openly autistic Florida lawyer,"At 3, Haley Moss was diagnosed with autism and doctors thought she may never be able to work a minimum wage job or live on her own. Last month, she became the first openly autistic person to be admitted to the Florida Bar.",2019-02-18T23:24:54Z,6492,https://www.youtube.com/watch?v=XsICy5_uAgs
yKzWbDPisNk,Girls and Women and Autism: What’s the difference? - Sarah Hendrickx,"Video by Lexica Films - www.lexicafilms.co.uk

Camera Operators & Editors:
Alex Carter & Nate Kiley

Music:
Starry - Kevin MacLeod (incompetech.com)
Licensed under Creative Commons: By Attribution 3.0 License
http://creativecommons.org/licenses/by/3.0/",2019-05-02T11:35:33Z,294525,https://www.youtube.com/watch?v=yKzWbDPisNk
ybPgmjTRvMo,The Truth About my Son,"Now that you've met my son, please consider sharing and donating to impact his life and so many others like him.
Livestream replay - https://youtu.be/5J3peD8LZ5o
Learn more about the charity NEXT for Autism here- https://www.nextforautism.org/current-events/color-the-spectrum/",2021-04-16T17:16:07Z,27677674,https://www.youtube.com/watch?v=ybPgmjTRvMo
RuV8AddbXIs,Sesame Street &amp; Autism: Highlight Reel,"Sesame Street & Autism: See Amazing in All Children, is a nationwide initiative aimed at families with children ages 2 to 5. Developed with input from parents, autism service providers, and people with autism, See Amazing in All Children fosters an affirming narrative around autism for all families and kids.  For more information, visit: http://sesamestreet.org/autism

Sesame Street in Communities brings free video content of everyone's favorite, furry Muppet friends as they help children and the adults in their lives reach their highest potential. Grover and the gang will tackle a variety of topics that face children in the areas of health and well-being, school readiness, and emotional well-being.  Some of the content and topics presented are more sensitive, so you should preview these videos before sharing with a child.  For free resources and tips, follow us at http://www.facebook.com/SesameStreetInCommunities 
 
Sesame Street is a production of Sesame Workshop, a nonprofit educational organization. The Workshop produces Sesame Street programs, seen in over 150 countries, and other acclaimed shows, including The Electric Company. Beyond television, the Workshop produces content for multiple media platforms on a wide range of issues including literacy and numeracy, emotional well-being, health and wellness, and respect and understanding. Learn more at http://www.sesamestreet.org.",2015-10-20T20:07:19Z,469095,https://www.youtube.com/watch?v=RuV8AddbXIs
crHrXydfwb0,Autism with Attitude show that there&#39;s no barriers when it comes to dance | The Greatest Dancer,"Proving that dancing has no boundaries, Autism with Attitude wow the Dance Captains with their energetic routine.

Subscribe for more  ▶︎ http://bit.ly/TGD_Subscribe
Catch Up On BBC iPlayer ▶︎ https://www.bbc.co.uk/iplayer

The Greatest Dancer is a new dance show hosted by Alesha Dixon and Jordan Banjo on BBC 1. Cheryl, Matthew Morrison and Oti Mabuse are the three Dance Captains who will be searching for the greatest dancer in the UK.

For all the news and updates, follow The Greatest Dancer on:
Twitter: https://twitter.com/GreatDancerTV
Instagram: https://instagram.com/GreatestDancer
Facebook: https://www.facebook.com/GreatestDancer
Website: https://www.bbc.co.uk/programmes/p06t...
And catch up on all episodes on BBC iPlayer: https://www.bbc.co.uk/iplayer
 
The Greatest Dancer | BBC",2019-01-26T19:43:10Z,164806,https://www.youtube.com/watch?v=crHrXydfwb0
S0w6carvS8k,Just Like You - Autism,"The MidAmerica Emmy award winning, “Just Like You - Autism” launches an exciting campaign that calls our communities, our kids and the world to learn, understand and accept those living with autism. JLY-Autism harnesses the power of film to connect and create empathy in others in an unprecedented way. The film's documentary techniques capture the real life stories of 3 children and their best friends/sibling. They explain their lives with autism in relatable everyday scenes. The kids and former NFL quarterback, Trent Green, explain sensitivities, behaviors and model how to be a good friend to someone living with autism. Those who see it will understand and accept people living with autism for who they are on the inside. JLY-Autism boldly seeks to foster a world of people who know about, understand and accept those living with autism by sharing the perspective of courageous individuals who are not defined or limited by their conditions. Instead, they are “just like you.”

Learn more about autism at www.asaheartland.org.  Go to www.justlikeyou-autism.org to inquire about scheduling a screening or purchasing a DVD!  Visit and like our JLY-Autism Facebook Page at https://www.facebook.com/pages/Just-Like-You-Autism/709058862520695!  Watch the official trailer here https://youtu.be/JBQB-VdaUpI

JLY Films have been presented to the United Nations, won the 2013 national TASH Positive Images in Media Award, the 2014 NDSC Education Award, The 2014 KC Jewish Film Festival Trailblazer Award and The 2014 Golden Door International Film Festival Raising Awareness Award.  We invite you to keep learning by watching the other Just Like You films, JLY - Burns, Cancer and Down Syndrome, at  ww.justlikeyoufilms.org.  And, COMING SOON, Just Like You - Facial Anomalies.  Visit and like our JLY Films Facebook Page at https://www.facebook.com/jlyfilms?ref=hl.

NOTICE: Just Like You Films are subject to copyright owned by Just Like You, Inc., a 501(c)3 nonprofit organization. Any reproduction or republication of all or part of any Just Like You Films is expressly prohibited, unless JLY Inc. has explicitly granted its prior written consent All other rights reserved. The names, trademarks, service marks and logos of JLY Films or the sponsors appearing in this film may not be used in any advertising or publicity, or otherwise to indicate sponsorship or affiliation with any product or service, without prior express written permission from JLY Films and the film sponsors. Neither JLY Films, nor any party involved in creating, producing or delivering information and material via JLY Films, shall be liable for any direct, incidental, consequential, indirect, or punitive damages arising out of access to, use of or inability to use this film, or any errors or omissions in the content thereof.

TO INQUIRE ABOUT OBTAINING LICENSE CONTACT: 

Jen Greenstreet
Jen@jlyfilms.org",2015-03-24T14:04:37Z,291523,https://www.youtube.com/watch?v=S0w6carvS8k
aM9bZqyeX8c,Autism Representation in the Media,"April is Autism Acceptance Month, and as such I thought it was appropriate to make a video talking about Autism and the Autism Spectrum representation in the media. I realize that I'm uploading this video in May, but it took me a long time to make.

There's many creative famous people with on The Spectrum (or with ASD). Including Dan Aykroyd, Dan Harmon and Satoshi Tajiri. Autistic characters in the media also include Rick Sanchez from Rick and Morty, Carl Gould from Arthur and Abed Nadir from The Community.

In today's video we discuss basic Autism knowledge and terms, famous people on the spectrum, canon autistic characters as well as head canons, and harmful media tropes and portrayals of those on the spectrum.

Share your experiences and head canons in the comments down below! Hateful comments will be deleted. People reading through the comments are encouraged to report hateful and bigoted comments.

Subscribe Today! ► https://www.youtube.com/c/LeaC

Buy Official Channel Merchandise at These Stores ►
https://teespring.com/stores/toon-ruins
https://www.redbubble.com/people/toonruins

Toon Ruins Playlist ► https://www.youtube.com/watch?v=U95sxY5yCi4&index=1&list=PLzHizASws8nvR0TvsdbrRIeRmlAXyK2fK

Cartoon Critiques Playlist ► https://www.youtube.com/watch?v=Z9IBh_PZ584&list=PLzHizASws8nulfXzowy3sMO9UEiUzirC2

Join the Community Discord ► https://discord.gg/2Ap9Nbp
Support me on Patreon! ► https://www.patreon.com/leac

Like me on Facebook ► https://www.facebook.com/leasamvs
Follow me on Twitter ► https://twitter.com/LeaC_Official
Follow me on Tumblr ► http://pipiipek.tumblr.com/

Art of my Gemsona/Talk Sprite (Blue Topaz) ► http://draggems.tumblr.com/

Contribute to the Caption's for my video's by clicking here: http://www.youtube.com/timedtext_cs_panel?tab=2&c=UCntZjKScRVvblbNMGwVBaMw

========================================

RESOURCES & HELPFUL LINKS

Article About Bad Representation ► https://www.hollywoodreporter.com/news/why-good-doctor-is-bad-medicine-autism-1098809

Support & Learn About Autistic People ► https://autisticadvocacy.org/

Why Autism $peaks is Awful ► https://autisticadvocacy.org/wp-content/uploads/2018/03/AutismSpeaksFlyer_color_2018.pdf

https://medium.com/@KirstenSchultz/a-roundup-of-posts-against-autism-speaks-5dbf7f8cfcc6

========================================

Music Credit:

Music courtesy of Epidemic Sound

Digital Voyage by Twin Musicom is licensed under a Creative Commons Attribution license (https://creativecommons.org/licenses/by/4.0/)
Artist: http://www.twinmusicom.org/

Ocean by THBD https://soundcloud.com/thbdsultan Creative Commons — Attribution 3.0 Unported— CC BY 3.0 http://creativecommons.org/licenses/b... Music promoted by Audio Library https://youtu.be/VAz3HfbdKyQ

Icy Vindur by A Himitsu https://soundcloud.com/a-himitsu Creative Commons — Attribution 3.0 Unported— CC BY 3.0 http://creativecommons.org/licenses/b... Music promoted by Audio Library https://youtu.be/ligoJrTnAq8

========================================

Under Section 107 of the Copyright Act 1976, allowance is made for ""fair use"" for purposes such as criticism, comment, news reporting, teaching, scholarship, and research. Fair use is a use permitted by copyright statute that might otherwise be infringing. Non-profit, educational or personal use tips the balance in favor of fair use.",2019-05-01T17:00:02Z,1341318,https://www.youtube.com/watch?v=aM9bZqyeX8c
bgV26ol51UM,Autism is my superpower,"Learn more about AANE here: https://www.aane.org/

💪 JOIN [THE FACILITY] for members-only live streams, behind-the-scenes posts, and the official Discord: https://www.patreon.com/kylehill

👕 NEW MERCH DROP OUT NOW! https://shop.kylehill.net

🎥 SUB TO THE GAMING CHANNEL: https://www.youtube.com/channel/UCfTNPE8mXGBZPC1nfVtOJTw

✅ MANDATORY LIKE, SUBSCRIBE, AND TURN ON NOTIFICATIONS

📲 FOLLOW ME ON SOCIETY-RUINING SOCIAL MEDIA:
🐦 https://twitter.com/Sci_Phile
📷 https://www.instagram.com/sci_Phile/

😎: Kyle
✂: Charles Shattuck
🤖: @Claire Max 
🎹: bensound.com
🎨: Mr. Mass https://youtube.com/c/MysteryGiftMovie
🎵: freesound.org
🎼: Mëydan
“Changes” (https://meydan.bandcamp.com/) by Meydän is licensed under CC BY 4.0 (https://creativecommons.org)",2021-04-09T16:00:30Z,1076930,https://www.youtube.com/watch?v=bgV26ol51UM
5aMfZp-SCtg,"Father, 12-year-old son rescue 4-year-old boy with autism who jumped into pool","A family is grateful after a heart-stopping near-drowning in a Kansas pool was averted.

Recently released surveillance video shows 4-year-old Xavier Rigney, who is autistic and also non-verbal, jumping into a pool in a Lawrence apartment complex on May 18.

Police said Xavier somehow got through a locked fence to make his way into the pool.

READ MORE: https://6abc.com/near-drowning-pool-rescue-lawrence-kansas-child-with-autism-cpr-on/11908392/",2022-05-30T12:29:00Z,32862,https://www.youtube.com/watch?v=5aMfZp-SCtg
2Ux8a9-eV7M,What is an Autism-friendly community?   | Adam Harris | TEDxBallyroanLibrary,"Adam is AsIAm’s Chief Executive Officer, having held the position since he founded the organisation in 2013.

Adam set up AsIAm based on his own experiences growing up as a young autistic person in Ireland. Diagnosed with Asperger’s Syndrome from an early age, the condition was far less  understood or even known as it is today. Having spent his initial school years within the special education stream, he moved to a mainstream school in Second Class and was supported by an SNA.

By secondary school age, Adam began to began to socialise independently in his teenage years. He was nonetheless frustrated at the lack of any real understanding of autism and the many examples of social inclusion which the community are subjected to. This inspired him to establishing AsIAm whilst studying for his Leaving Cert – with the aim of giving autistic people a voice and starting a national conversation.

Over the past five years, he has had the huge honour of meeting so many members of the community around the county who want to help build a more autism-aware and understanding Ireland. A self-confessed workaholic, Adam enjoys public speaking, blogging about all things autistic and helping the many organisations and committees he’s a member of working for autism and inclusion. When he’s off, he enjoys spending time with his family and friends, not to mention Harry and Bobby (his dogs!). Adam is AsIAm’s Chief Executive Officer, having held the position since he founded the organisation in 2013.

Adam set up AsIAm based on his own experiences growing up as a young autistic person in Ireland. Diagnosed with Asperger’s Syndrome from an early age, the condition was far less  understood or even known as it is today. Having spent his initial school years within the special education stream, he moved to a mainstream school in Second Class and was supported by an SNA.

By secondary school age, Adam began to began to socialise independently in his teenage years. He was nonetheless frustrated at the lack of any real understanding of autism and the many examples of social inclusion which the community are subjected to. This inspired him to establishing AsIAm whilst studying for his Leaving Cert – with the aim of giving autistic people a voice and starting a national conversation.

Over the past five years, he has had the huge honour of meeting so many members of the community around the county who want to help build a more autism-aware and understanding Ireland. A self-confessed workaholic, Adam enjoys public speaking, blogging about all things autistic and helping the many organisations and committees he’s a member of working for autism and inclusion. When he’s off, he enjoys spending time with his family and friends, not to mention Harry and Bobby (his dogs!).

Adam is AsIAm’s Chief Executive Officer, having held the position since he founded the organisation in 2013.

Adam set up AsIAm based on his own experiences growing up as a young autistic person in Ireland. Diagnosed with Asperger’s Syndrome from an early age, the condition was far less  understood or even known as it is today. Having spent his initial school years within the special education stream, he moved to a mainstream school in Second Class and was supported by an SNA.

By secondary school age, Adam began to began to socialise independently in his teenage years. He was nonetheless frustrated at the lack of any real understanding of autism and the many examples of social inclusion which the community are subjected to. This inspired him to establishing AsIAm whilst studying for his Leaving Cert – with the aim of giving autistic people a voice and starting a national conversation.

Over the past five years, he has had the huge honour of meeting so many members of the community around the county who want to help build a more autism-aware and understanding Ireland. A self-confessed workaholic, Adam enjoys public speaking, blogging about all things autistic and helping the many organisations and committees he’s a member of working for autism and inclusion. When he’s off, he enjoys spending time with his family and friends, not to mention Harry and Bobby (his dogs!). This talk was given at a TEDx event using the TED conference format but independently organized by a local community. Learn more at https://www.ted.com/tedx",2018-10-17T18:07:55Z,5989,https://www.youtube.com/watch?v=2Ux8a9-eV7M
-MUgIFZ4rc4,"People with autism don&#39;t need charity, they need opportunities: Autism Impact Fund co-founder","Chris Male, Autism Impact Fund co-founder and managing partner, joins CNBC's 'Squawk Box' during Autism Awareness Month to discuss how the fund is working to be the investment and innovation arm of the autism community. For access to live and exclusive video from CNBC subscribe to CNBC PRO: https://cnb.cx/2NGeIvi 

» Subscribe to CNBC TV: https://cnb.cx/SubscribeCNBCtelevision
» Subscribe to CNBC: https://cnb.cx/SubscribeCNBC

Turn to CNBC TV for the latest stock market news and analysis. From market futures to live price updates CNBC is the leader in business news worldwide.
 
The News with Shepard Smith is CNBC’s daily news podcast providing deep, non-partisan coverage and perspective on the day’s most important stories. Available to listen by 8:30pm ET / 5:30pm PT daily beginning September 30: https://www.cnbc.com/2020/09/29/the-news-with-shepard-smith-podcast.html?__source=youtube%7Cshepsmith%7Cpodcast 
 
Connect with CNBC News Online
Get the latest news: http://www.cnbc.com/
Follow CNBC on LinkedIn: https://cnb.cx/LinkedInCNBC
Follow CNBC News on Facebook: https://cnb.cx/LikeCNBC
Follow CNBC News on Twitter: https://cnb.cx/FollowCNBC
Follow CNBC News on Instagram: https://cnb.cx/InstagramCNBC

https://www.cnbc.com/select/best-credit-cards/ 

#CNBC
#CNBCTV",2022-04-18T13:08:55Z,2597,https://www.youtube.com/watch?v=-MUgIFZ4rc4
E-FvExDAqh8,Autism in Pink Documentary (English),"The Autism in Pink project was an EU Lifelong Learning Programme funded partnership between four European organisations to research and educate about autism (including Asperger syndrome) in women. 

The project gathered a group of women with autism in each country to attend workshops using the Personal Wellbeing Index (PWI Cummins 2005) as a structure.  In this film made for the project by Uppercut Films, the women talk about their lives - the challenges they've faced and their personal achievements.

This film is also available on this channel in Lithuanian, Spanish and Portuguese versions.

Links

PWI Cummins 2005: 

http://www.deakin.edu.au/research/acqol/instruments/wellbeing-index/pwi-a-english.pdf

Uppercut Films: 

http://www.uppercutfilms.co.uk/
",2014-06-18T10:56:36Z,126670,https://www.youtube.com/watch?v=E-FvExDAqh8
p4J59GY8DR4,Living with Autism - Ky&#39;s Story,"Presented and narrated by actor Hugo Weaving, this animation looks at the key characteristics of autism as experienced by his 16-year-old nephew Ky Greenwood. The project was part of Sentis' “Great Works” program and was inspired by Ky’s father William who is part of the Sentis team. Autism Queensland is proud to support this film.",2016-08-19T03:06:12Z,236632,https://www.youtube.com/watch?v=p4J59GY8DR4
6Lsv358dCrA,&#39;It&#39;s because of autism&#39;: 14-year old photographer inspires thousands on TikTok,The teenager's photographs feature his impressive model car collection.,2022-05-24T01:00:13Z,2651,https://www.youtube.com/watch?v=6Lsv358dCrA
J4U7RqomKTQ,Teaching Self-Regulation to Children on the Autism Spectrum,"--- Preventing Meltdowns and Tantrums in Aspergers and High-Functioning Autistic Children: https://www.autism-meltdowns.com/

--- Discipline for Defiant Aspergers and High-Functioning Autistic Teens: https://www.myaspergersteen.com/

--- Launching Adult Children with Aspergers and High-Functioning Autism: How to Promote Self-Reliance: https://www.launchingadultchildren.com/

--- Teaching Social Skills and Emotion Management: https://www.social-skills-emotion-management.com/
https://www.social-skills-emotion-management.com/

Teaching self-regulation to children on the spectrum is a challenge, and there is no single solution that works for everyone. As with most teaching, the more intervention you provide, the greater chance of seeing success.",2017-11-22T15:29:54Z,4056,https://www.youtube.com/watch?v=J4U7RqomKTQ
eLlenCZMSTM,"Flight attendants, passengers show kindness to boy with autism having meltdown on plane",A Cypress mother and her son who has autism was showered with kindness on their flight home after the 4-year-old had a meltdown on the plane.,2019-08-27T03:39:07Z,5122767,https://www.youtube.com/watch?v=eLlenCZMSTM
2jS07j4mL-0,Autistic Singer KODI LEE Wins GOLDEN BUZZER On America&#39;s Got Talent 2019! | Got Talent Global,"Check out this outstanding audition by autistic and blind singer Kodi Lee, which received judge Gabrielle Union's golden buzzer on America's Got Talent 2019!

Watch more America's Got Talent 2019:
https://www.youtube.com/user/AmericasGotTalent

▶︎ Subscribe to Got Talent Global: http://www.youtube.com/user/gottalentglobal

▶︎ Watch more Got Talent Global videos: https://www.youtube.com/watch?v=w-z5mbZ-yCI&list=PLF-BDTAHX0p5xf2caJw3l9oPmuHI0PJRA

▶︎ Facebook: https://www.facebook.com/gottalentglobal
▶︎ Twitter: https://twitter.com/gottalentglobal
▶︎ Instagram: https://www.instagram.com/gottalentglobal

Got Talent Global brings together the very best in worldwide talent, creating a central hub for fans of the show to keep up to date with the other sensational performances from around the world.",2019-06-05T15:00:00Z,8206671,https://www.youtube.com/watch?v=2jS07j4mL-0
XACZSy3lre4,&#39;American Idol&#39; Contestant With Autism Brings Judges To Tears,"""American Idol"" brought the waterworks on Sunday, as contestant Sam Finelli, brought the judges to tears with his audition and story about how his autism doesn't define him. ""I don't connect with people very well. It's just a small part of who I am, it's not all of who I am. It was lonely growing up, but music was my best friend,"" Sam said. Despite only ever doing ""a bit of karaoke around town,"" the 28-year-old from Georgia wowed judges with his performance of ""Rainbow,"" Kacey Musgraves'",2022-03-15T17:48:10Z,9988,https://www.youtube.com/watch?v=XACZSy3lre4
ycCN3qTYVyo,Autism and sensory sensitivity,"The National Autistic Society's amazing film on sensory sensitivity.

*Please note: this film is intended to simulate sensory overload and so features loud, repetitive noises.*

If you would like to support the work of the National Autistic Society please visit our website www.autism.org.uk

CREDITS

Production Company
Rattling Stick 

Creative Direction
Kit Dayaram

Writers 
Kit Dayaram
Stine Hole Mankovsky
Oli Kellet

Art Director
Kit Dayaram

Director
Steve Cope

Producer
Kate Taylor

Sound
Munzie at Grand Central Sound

Visual Effects
Electric Theatre Collective",2014-04-09T13:15:55Z,2629845,https://www.youtube.com/watch?v=ycCN3qTYVyo
lk4N7VlzzKE,Football player&#39;s picture with autistic boy goes viral,A college football star is being praised for his kindness off the field. A photo showing Florida State wide receiver Travis Rudolph eating lunch with Bo Paske -- who often sits by himself -- has become a social media sensation. Mark Strassmann went to Tallahassee to find out what brought the pair together.,2016-09-01T12:45:13Z,14086551,https://www.youtube.com/watch?v=lk4N7VlzzKE
uv2vqK8luyY,"Kids MAKE FUN OF Boy With AUTISM, They Instantly Regret It | Dhar Mann","🎬 WATCH BTS footage from this video here: https://youtu.be/-gxE8eEA5bA

⚑ MOBILE APP ⚑
App Store = https://apple.co/3nhvjap
Google Play = https://bit.ly/3DRzS1I


💥 Don't forget to SUBSCRIBE to my channel by clicking here ➞ ➞ http://bit.ly/DharMannYouTube **Make sure you CLICK THE BELL ICON so you can get notifications when my next video goes up so you don’t miss anything!

REMEMBER - We're not just telling stories, we're changing lives! So please help my videos change more lives by SHARING!



⚑  SHOP EXCLUSIVE MERCH! ⚑  
Shop Merch ➜ https://shop.dharmann.com/



⚑ CONNECT WITH ME ⚑ 
Instagram ➜ https://www.instagram.com/dhar.mann/
Facebook ➜ https://www.facebook.com/dharmannofficial
Twitter ➜ https://twitter.com/dharmann
Pinterest ➜ https://pinterest.com/dharmannofficial
TikTok ➜ https://bit.ly/34P7DQR
Newsletter Sign-Up ➜ http://bit.ly/2uNssig



★ OTHER CHANNELS ★ 
🔴 Behind-The-Scenes Channel ➜ https://bit.ly/3dJRfGb
🟡 Top Videos Channel ➜ https://bit.ly/2PPqSH9
🟠 Reactions Channel ➜ https://bit.ly/3ftiiYk
🟢 Extended Cuts ➜ https://bit.ly/3iBiNBS
Compilations Channel ➜ https://bit.ly/2S89zly
Dhar and Laura Vlog ➜ http://bit.ly/DharAndLauraYouTube


INTERNATIONAL CHANNELS:
Spanish: https://bit.ly/2EuagyY
Portuguese: https://bit.ly/3nx2Blc
Arabic: https://bit.ly/3jYE0TQ
Hindi: https://bit.ly/2Iy6beu
French: https://bit.ly/3COf2Qc
German: https://bit.ly/3AQI3dE


★ RECOMMENDED VIDEO FOR YOU ★
- Gamer Gets Cyberbullied At School: https://youtu.be/kmG9maCcut4

★ RECOMMENDED PLAYLIST FOR YOU ★
- My Best Videos: https://bit.ly/3z7QEIC





⚑ LEAVE A REVIEW ON IMDB ⚑ 
Share Your Review ➜ https://imdb.to/3zDwUgv





💥 NEW VIDEOS MONDAY - FRIDAY at 5pm (PST) 💥



CHAPTERS:
00:00   Kids MAKE FUN OF Boy With AUTISM, Instantly Regret It 
07:53   Recommended Video To Watch Next


CREDITS:
Writer: Dhar Mann and Michelle Do
Idea: Dhar Mann and Michelle Do
Director: Rushikesh Bhadane
Editor: Brian S. Nelson
Casting Associate: Daniel  Carrera, Lauren Parsons
Project Managers: Nix Villarubin, Hope Mueller, Jacq Balmeo
Production Assistant: Carlos Orellana, Byrrh Bryant
Sound: Noel Palacios
Composer: Theodore Ramirez

Actors:
Kyle: Kaido Lee Roberts
Sam: Brendan Schroeder
Damien: Xander J. Simmons
Jordan: Shaun Dixon
Teacher: Farah Merani
Mom: Katherine Norland
Student 1: Natalie Kopyan
Student 2: Ella Silver
Student 3: Kylie Ware
Student 4: Christian Ware
Student 5: Jordan Cramer-Smith
Student 6: Elijah Lopez





#LiveYourBestLife #Inspirational",2021-04-14T00:00:12Z,54214786,https://www.youtube.com/watch?v=uv2vqK8luyY
M8RVRIXQE6w,"Benji, The Bad Day, and Me | Autism Books for Kids | Children&#39;s Books Read Aloud","Hey Happy Readers!!  Welcome to our Children's Books Read Aloud! In this video we present the autism book for kids, Benji, The Bad Day, and Me read aloud by Vooks. 

Today's Book: Benji, The Bad Day, and Me is written by Sally J. Pla and illustrated by Ken Min.

Like this? Watch even more on the Vooks app today!
iOS app: https://apps.apple.com/us/app/vooks/id1435813450
Android app:  https://play.google.com/store/apps/details?id=com.vooks
Start a free trial of Vooks today.  Visit https://www.vooks.com/ for more info!



-------------------------------

Happy Cultivated loves to see knowledge and imagination grow in kids as we read aloud children's books and provide a bedtime story for children around the world. 

Kids books read aloud help children to learn to read books themselves. Reading for kids is very important and the way that a children's book sweeps them on an adventure is irreplaceable.  

Storybooks help capture children’s imagination and keep them excited while they read along with us. Letting Happy Cultivated assist in book reading for kids is a good resource for parents to help capture their attention or when parents can’t read books aloud themselves. 

Bedtime stories are a great way to calm children for bed and these books read aloud are a perfect way to help them relax at bedtime. Each of our videos are digital reading books for kids. 

As we read kid's books online, each book reading has inspired a digital wall print for nursery art or playroom art. The downloadable and printable wall art inspired by kids stories can be found at: https://www.etsy.com/shop/happycultivated

These children books read aloud can be used for storytime or for a read along bedtime story. Happy Cultivated strives to cultivate (or grow) happiness in kids of all ages and to provide quality books read aloud for children. Enjoy the high quality videos of our children’s books read aloud. 

Leave comments below on what book you loved as a kid or what picture books your children love! We'd love to make a video of your favorite book for all to enjoy.",2022-01-29T22:37:02Z,13131,https://www.youtube.com/watch?v=M8RVRIXQE6w
g2zA4yslXqc,"Dan Bergmann on his autism, and a breakthrough lesson","Classified for years as ""intellectually disabled,"" a young man's education, and later success, took a dramatic turn thanks to one teacher's thoughtful instruction. Harvard Extension School graduate Dan Bergmann tells of his journey.

""CBS Sunday Morning"" features stories on the arts, music, nature, entertainment, sports, history, science and Americana, and highlights unique human accomplishments and achievements. Check local listings for CBS Sunday Morning broadcast times.

Subscribe to the ""CBS Sunday Morning"" YouTube channel: http://bit.ly/20gXwJT
Get more of ""CBS Sunday Morning"": http://cbsn.ws/1PlMmAz
Follow ""CBS Sunday Morning"" on Instagram: http://bit.ly/23XunIh
Like ""CBS Sunday Morning"" on Facebook: https://bit.ly/3sRgLPG
Follow ""CBS Sunday Morning"" on Twitter: http://bit.ly/1RquoQb
Subscribe to our newsletter: http://cbsn.ws/1RqHw7T
Download the CBS News app: http://cbsn.ws/1Xb1WC8
Try Paramount+ free: https://bit.ly/2OiW1kZ

For video licensing inquiries, contact: licensing@veritone.com",2021-10-03T13:32:06Z,42719,https://www.youtube.com/watch?v=g2zA4yslXqc
RY6bDMO0IwA,Waa Maxey Autism,"What is Autism or Autism Spectrum Disorder? Informational video for the Somali community in Minnesota. Produced by the Research and Training Center on Community Living, University of Minnesota.",2013-12-16T15:17:58Z,81334,https://www.youtube.com/watch?v=RY6bDMO0IwA
NqMcxk-DsQM,The story behind barber&#39;s creative way to give boy with autism a haircut l GMA,"The viral video has over 4.5 million likes on TikTok, but the story behind it is even more beautiful.
READ MORE: https://gma.abc/3FMGL55


SUBSCRIBE to GMA's YouTube page:  
https://bit.ly/2Zq0dU5 

VISIT GMA's homepage: 
https://www.goodmorningamerica.com

SIGN UP to get the daily GMA Wake-Up Newsletter: 
https://gma.abc/2Vzcd5j

FOLLOW GMA:
TikTok: https://tiktok.com/@gma
Facebook: https://facebook.com/GoodMorningAmerica
Twitter: https://twitter.com/gma
Instagram: https://instagram.com/GoodMorningAmerica

WATCH full episodes:
https://abc.go.com/shows/good-morning-america
https://hulu.tv/2YnifTH


#GMA #Autism #BarberLife #TikTok",2022-01-20T09:00:09Z,1143108,https://www.youtube.com/watch?v=NqMcxk-DsQM
2FdFANMCu2o,Paddy McGuinness &amp; Paul Scholes discuss parenting children with autism,"Subscribe and 🔔 to the BBC 👉 https://bit.ly/BBCYouTubeSub
Watch the BBC first on iPlayer 👉 https://bbc.in/iPlayer-Home Paddy McGuinness and Paul Scholes have a very candid conversation about the highs and lows of raising children with autism.
In this raw documentary, Paddy and Christine McGuinness meet other parents, experts, and people on the autism spectrum to better understand their children.

#BBC #PaddyandChristineMcGuinness:OurFamilyandAutism #BBCiPlayer

Paddy and Christine McGuinness: Our Family and Autism | Streaming Now | BBC iPlayer

All our TV channels and S4C are available to watch live through BBC iPlayer, although some programmes may not be available to stream online due to rights. If you would like to read more on what types of programmes are available to watch live, check the 'Are all programmes that are broadcast available on BBC iPlayer?' FAQ 👉 https://bbc.in/2m8ks6v.",2021-12-09T19:00:02Z,32048,https://www.youtube.com/watch?v=2FdFANMCu2o
AIXgLR4wFuU,Kodi Lee: Blind Autistic Singer SHOCKS The World Again In The Live Show! | America&#39;s Got Talent 2019,"America's Got Talent | Season 14 | Episode 11| Quarter Finals 1 

#AGT #AmericasGotTalent #TalentRecap

For more HD videos, news, analysis and recaps of America's Got Talent – please subscribe & follow Talent Recap:

https://talentrecap.com/

In season 14, NBC's America's Got Talent follows Simon Cowell, Julianne Hough, Gabrielle Union, Howie Mandel, and host Terry Crews in their talent search, showcasing unique performers from across the country. They are joined this week by guest judge legend comedian Jay Leno.

For more HD full episode videos, news and recaps of America’s Got Talent – please subscribe & follow

AMERICA'S GOT TALENT ON SOCIAL
Like AGT: https://www.facebook.com/agt
Follow AGT: https://twitter.com/agt
AGT Tumblr: http://nbcagt.tumblr.com/
AGT Instagram: http://instagram.com/agt

In season 12, NBC's America's Got Talent follows Simon Cowell, Heidi Klum, Mel B and Howie Mandel in their talent search, showcasing unique performers from across the country. 

TALENT RECAP ON SOCIAL:
YouTube: https://goo.gl/6pybnw
Like: https://www.facebook.com/talentrecap/
Follow: https://twitter.com/TalentRecap
Google+: https://goo.gl/jR9eS5
Instagram: https://www.instagram.com/talentrecap/

ABOUT AMERICA'S GOT TALENT 
Creator and Executive Producer Simon Cowell returns to the judges' panel along with Howie Mandel. Also joining the panel this year are two fresh faces - award-winning actress, author and producer Gabrielle Union and Emmy Award-winning choreographer, actress, singer and dancer Julianne Hough. Terry Crews, who made a big splash as the host of the inaugural series ""America's Got Talent: The Champions"" earlier this year, joins as host for ""America's Got Talent."" With the show open to acts of all ages, ""America's Got Talent"" continues to celebrate the variety format like no other show on television. Year after year, ""America's Got Talent"" features a colorful array of singers, dancers, comedians, contortionists, impressionists, magicians, ventriloquists and hopeful stars, all vying to win America's hearts and a $1 million prize.

ABOUT TALENT RECAP 
Talent Recap is the #1 independent website which is exclusively dedicated to the fans of the most popular talent shows around the world. As passionate fans of these shows, we provide news, analysis and fan engagement on America’s Got Talent, Britain’s Got Talent, The Voice, The X Factor, American Idol, The Four, The Masked Singer, The World’s Best and its contestants.


America's Got Talent 2019
https://goo.gl/e12UJ8

America's Got Talent News & Recaps
https://goo.gl/e12UJ8


Talent Recap
https://goo.gl/nZgzW8",2019-08-14T02:09:09Z,14894121,https://www.youtube.com/watch?v=AIXgLR4wFuU
IzH8atgPQww,How JPMorgan Chase Fosters an Inclusive Environment for Employees with Autism | JPMorgan Chase &amp; Co.,"Employees with autism can bring their authentic selves to work through Autism at Work, a JPMorgan Chase program that focuses on driving a culture of inclusivity and support for people who are neurodiverse. Anthony Pacilio, global head of Autism at Work, and Jesse Collins, a software & performance engineer, explain how the program is driving results, education and celebrating authenticity.
SUBSCRIBE: http://jpm.com/x/i/NFPWfK0

About J.P. Morgan:
J.P. Morgan is a leader in financial services, offering solutions to clients in more than 100 countries with one of the most comprehensive global product platforms available. We have been helping our clients to do business and manage their wealth for more than 200 years. Our business has been built upon our core principle of putting our clients' interests first.

Connect with J.P. Morgan Online:
Visit the J.P. Morgan Website: https://www.jpmorgan.com/
Follow @jpmorgan on Twitter: https://twitter.com/jpmorgan
Visit our J.P. Morgan Facebook page: http://facebook.com/jpmorgan
Follow J.P. Morgan on LinkedIn: https://www.linkedin.com/company/jpmorgan
Follow @jpmorgan on Instagram: https://instagram.com/jpmorgan/

#JPMorgan #AutismAwarenessMonth #AutismAwarenessDay
How JPMorgan Chase Fosters an Inclusive Environment for Employees with Autism | JPMorgan Chase & Co.",2021-04-06T14:25:09Z,1498,https://www.youtube.com/watch?v=IzH8atgPQww
KmDGvquzn2k,Carly&#39;s Café - Experience Autism Through Carly&#39;s Eyes,"This experience is viewed through the eyes of Carly Fleischmann, a 17 year old girl living with non-verbal Autism.
Based on an excerpt from the book Carly's Voice: Breaking through Autism, it explores how, for someone with autism, a simple act like going for a coffee can descend into chaos.
Carly's Café was developed as an interactive video that allows the user to experience Autism from the inside-out, visit carlyscafe.com to enjoy the full experience.
PRODUCTION CREDITS
Director - Miles Jay
Editor - Chris Murphy
DOP - Chris Mably
Colourist - Wade Odlum
VFX Artist - Sean Cochrane
Executive Producer - Harland Weiss
Executive Producer - Donovan Boden
Line Producer - Dennis Beier
Audio Director - Stephanie Pigott
Phantom Tech - Brent J. Craig
Composer - Rob Simonsen
Casting - Michael Stephenson
Logo Design - Jan Avendano
AGENCY CREDITS
Creative Directors - Angus Tucker, Stephen Jurisic
Creative Team - Kelly Uman, Marie Richer
Producer - Ryan O'Hagan
Technologist - Marc Cattapan",2012-05-24T19:37:16Z,3475204,https://www.youtube.com/watch?v=KmDGvquzn2k
0ayzc6_DzI8,Being Blamed For Your Child&#39;s Autism | Refrigerator Mothers (Social Documentary) | Real Stories,"An intimate portrait of an entire generation of mothers, already laden with the challenge of raising profoundly disordered children, who lived for years under the dehumanizing shadow of professionally promoted ""mother blame.""

From Refrigerator Mothers

Twitter: https://twitter.com/realstoriesdocs
Facebook - https://www.facebook.com/RealStoriesChannel
Instagram - @realstoriesdocs

Real Stories Tapes: True Crime is a brand new podcast hosted by Emmy-nominated TV host and true-crime obsessive Stephanie Bauer (Searching For...). It takes some of the most popular true-crime documentaries on your Real Stories channel and transforms them into riveting audio, meaning you can enjoy them wherever you listen to your podcasts. https://podfollow.com/real-stories-tapes-true-crime 

Content licensed from Kartemquin. Any queries, please contact us at: owned-enquiries@littledotstudios.com


If you loved this film, Real Stories has hundreds more full-length documentaries, click the link to enjoy: http://bit.ly/1GOzpIu",2021-06-27T16:00:01Z,66630,https://www.youtube.com/watch?v=0ayzc6_DzI8
k7q2A3ic0-w,Autism Tropes in Media [CC],"Annie Elainey- https://www.youtube.com/theannieelainey
MiffedLuke- https://www.youtube.com/channel/UCKqMoOeFz8lddOcf0HSwZxQ

https://twitter.com/JessicaOOTC/status/1282975909969092608

https://queerlyautistic.com/2017/11/20/my-autistic-headcanons-and-why-i-prefer-them-to-most-actually-autistic-characters/

CHAPTERS

00:00 Introduction 
02:20 What is autism?
05:38 Hollywood Autism
12:35 The good, the bad and the ugly portrayals.
28:37 Every type of Sherlock Holmes
29:58 Magically Autistic
33:02 Actually Autistic

#LovelyPeopleMerch ➭ https://bit.ly/LovelyPeopleMerch
How to JOIN the Kellgren-Fozard Club and SPONSOR this channel ➭ https://www.youtube.com/c/JessicaKellgrenFozard/join

If you've enjoyed this video then feel free to buy me a drink to show your support! ➭ https://ko-fi.com/A1814A5T

Music by Epidemic Sound ➭ http://share.epidemicsound.com/mvszv

Join my Discord ➭ https://discord.gg/96WkVj7

---------------------

My last 3 videos:
Harriet Tubman is a Disabled Icon Don't @ Me. - https://youtu.be/T1eG_djqa7E

Am I An Imposter? [CC]- https://youtu.be/runb0bNvrxc

Having a breakthrough! [CC]- https://youtu.be/BwpUJrxNxk4

---------------------

This video contains no sponsored content.

EQUIPMENT:
These are Amazon affiliate links, they cost you nothing extra but they give me a little cash to feed my dogs!
 
Sigma Lens ➭ https://amzn.to/2thDWWU
Canon 70D ➭ https://amzn.to/2E3XdRu
Ring Light ➭ https://amzn.to/2N16MUj
LED lights ➭ https://amzn.to/2N0kVRI
Rode Mic ➭ https://amzn.to/2DuO6Ik

FOLLOW ME ON SOCIAL MEDIA:
Instagram ➭ https://www.instagram.com/JessicaOutOfTheCloset
Facebook ➭ https://www.facebook.com/JessicaOutOfTheCloset
TikTok ➭ https://vm.tiktok.com/ZMJBckmfL/",2020-08-04T16:00:30Z,495563,https://www.youtube.com/watch?v=k7q2A3ic0-w
ine7xIlLxgc,Graduation Crowd Silent for Student with Autism,"""An amazing thing took place at Carmel High School’s graduation. One of our students Jack Higgins was presented with his diploma. Jack graduated after 8 years. He is a wonderful member of our student community. Jack has autism and with that comes sensory issues. At graduation the student body and several thousand individuals were asked to not clap or cheer so Jack could participate. What followed was nothing short of a miracle. We shot for the moon but instead reached the stars."" - Principal Lou Riolo",2019-07-04T15:01:42Z,6920485,https://www.youtube.com/watch?v=ine7xIlLxgc
DO_sneeTZDQ,Playing with Toys | Real Look Autism | Babble,"See Babble's Top 30 Autism Spectrum Blogs:
http://www.babble.com/baby/baby-development/top-30-autism-spectrum-blogs/

Playing with Toys:
Marcus is a loving and affectionate boy who is on the autism spectrum. He likes playing by himself but gets frustrated at not being able to communicate. His therapist teaches Marcus' grandmother simple techniques to engage with Marcus and play more interactively.

Follow Babble Video on Twitter: https://Twitter.com/BabbleVideo

SUBSCRIBE: http://bit.ly/15AK9YA

About Babble:
Welcome to Babble's YouTube Channel, a video destination for a new generation of parents. We are dedicated to telling the truth about parenting, to bypass the clichés and dig into the magical and maddening reality.

Connect with Babble Online:
Visit Babble WEBSITE: http://bit.ly/16NFw0K
Like Babble on FACEBOOK: http://bit.ly/11sKy2x
Follow Babble on TWITTER: http://bit.ly/14cmjpQ
Add Babble on GOOGLE+: http://bit.ly/Xvw4Zc
Follow Babble on INSTAGRAM: http://bit.ly/10t077S

Playing with Toys | Real Look Autism | Babble
http://www.youtube.com/user/babble",2012-09-21T18:25:03Z,164519,https://www.youtube.com/watch?v=DO_sneeTZDQ
Y2_wvlyEtPQ,Solving Speech Delays in 4 Year Olds and Autism Denial: Hot Seat #6 with Vikram,"Dr Mary Barbera discusses autism denial and solving speech delays with Vikram.
Sign up for a free workshop to start turning autism around: https://bit.ly/3uSTCQD
Subscribe to get more insightful videos about #autism and related topics at: https://goo.gl/cGSdxX

I have had Autism Dads on in the past but never for a Hot Seat. For this episode, I am talking with Vikram, a father of two in Melbourne, Australia. Just after his son’s 1st birthday, concerns for autism were brought up by a pediatrician friend. After some time of denial, a period of waiting on evaluations, Vikram’s wife Leah ordered my book, Turn Autism Around. For their family this was the light that sparked understanding, and they have since joined my online course and community and see some notable gains in their son.

Vikram P. is the proud father of two children, Nahum and Hosanna. He and his wife, Leah, live in Melbourne, Australia where Vikram serves as a pastor and evangelist. 

See the show notes to this podcast episode here:
https://bit.ly/3yPhGWW

Subscribe on Facebook for more free resources:
https://bit.ly/3IiPJd6

You'll Learn:
- Is it common for parents to be in denial of autism?
- Does speech delay mean autism?
- What is echoic control?
- Should you focus on words or articulation?
- What self-care skills should you focus on?
- Can mealtimes and feeding affect other skills and goals?
- Why table time is important for early learner skills.

If you enjoyed this video on autism denial and getting an autism diagnosis, be sure to subscribe to the channel, like this video and visit my website below. If you have more questions, leave them down in the comments section, and I will do my best to answer you. Thanks for watching today's video about speech delays and autism, and let's #turnautismaround together!

Interested in learning more about teaching a child with autism, special needs parenting, or other autism and special needs topics in the mental health in children niche?
Visit us: https://bit.ly/3ORJ4ca
Contact us: Info@MaryBarbera.com

You can also connect with us at:
Facebook: https://MaryBarbera.com/facebook
Twitter: https://MaryBarbera.com/twitter
Instagram: https://MaryBarbera.com/instagram
Pinterest: https://MaryBarbera.com/pinterest
LinkedIn: https://MaryBarbera.com/linkedin

Dr. Mary Barbera. I fell into the autism world as an autism mom in 1999 when her first-born son, Lucas, was diagnosed with autism. Since then, she became a Board-Certified Behavior Analyst and best-selling author of The Verbal Behavior Approach. Since 2015, she’s created 3 autism online courses based on applied behavior analysis for professionals and ""gung-ho"" parents. Whether you’re looking for autism parenting strategies, working with development delays in children, or in search of autism help for professionals, I can encourage you to subscribe to the channel and join me on my journey. I’ll be providing weekly autism resources that you don’t want to miss.

#Autism",2022-07-11T22:29:49Z,1224,https://www.youtube.com/watch?v=Y2_wvlyEtPQ
y8btkdFFg8o,10 Early Signs of Autism - The Signs of Autism,"*You could receive a $500 Amazon Gift Card! Virus Outbreak Survey/Sweepstakes (CL, AE, SA, AT, KW, QA, PT, OM, FI, AU, US, FR) Go here to start a survey: Click Here: https://bit.ly/3Fxboga

*Get a $100 Starbucks Gift Card: Caffeine can’t make you gain weight but can boost your weight loss goals. Caffeine is good for your brain health and memory. And according to John Hopkins University, caffeine can enhance long-term memory. Get it Here: (US Only) Click Here: https://bit.ly/37Edoa4

10 early signs of autism, the signs of autism. Most cases of Autism Spectrum Disorder aren't diagnosed until age 3. However, many children exhibit symptoms as early as 12 to 18 months old – sometimes, even earlier. Here are some 10 early warning signs of autism you should watch out for as your child develops. Waysandhow.

How do you know if your little one has autism? This video aims to help you discover answers and covers clinical examples found in many individuals with ASD (Autism Spectrum Disorder). 



----------------------------------------------------------

Our Social Media:

Google+:   https://plus.google.com/+waysandhow 
Facebook:  https://www.facebook.com/waysandhow/
Pinterest: https://www.pinterest.com/waysandhow/
Twitter:   https://twitter.com/waysandhow
Instagram: https://www.instagram.com/ways.and.how/",2019-04-02T14:08:30Z,348122,https://www.youtube.com/watch?v=y8btkdFFg8o
0ICfbbacQ_I,My Brother With Autism (Coming-Of-Age Documentary) | Real Stories,"The documentary The Limits of My World tells the story of a severely autistic young man facing the challenges of entering into the adult world after his ""high school"" graduation. Because of state policy, Brian is forced out of the education system after his 21st birthday. 

Now officially an adult, Brian moves from his residential school to his new home. His family worries that without the day-to-day structure of education Brian will regress to his previous violent behaviors. To combat this fear, Brian's parents enrolled him in a newly formed program designed specifically for adults with autism. He is the first to participate in this program, as services for adults with autism are scarce in the state of Maryland. 

The Limits of My World is filmed from the unique perspective of Brian's sister, frequently breaching the wall between subject and documentarian. The filmmaker explores Brian's new life alongside him, rejecting the societal convention that Brian must work and assimilate in order to be a productive member of society. 

The film, instead, seeks to understand Brian's personality beneath his disability. What does Brian want out of life, and how can that be achieved? How does someone with a disability as severe as Brian's function in this world? What can he contribute to society? The Limits of My World attempts to answer these questions through the intimate lens of a sibling relationship.


From The Limits Of My World

Twitter: https://twitter.com/realstoriesdocs
Facebook - https://www.facebook.com/RealStoriesChannel
Instagram - @realstoriesdocs

Real Stories Shorts: Real Stories has a new channel for digestible, bite-sized documentary content! Click the link to watch and be sure to like and subscribe:  https://www.youtube.com/channel/UCzxYRMtFxOFzLshCtkwDRNg

Content licensed from MVD. Any queries, please contact us at: owned-enquiries@littledotstudios.com


If you loved this film, Real Stories has hundreds more full-length documentaries, click the link to enjoy: http://bit.ly/1GOzpIu",2022-02-06T17:00:00Z,28152,https://www.youtube.com/watch?v=0ICfbbacQ_I
SJ93HTeKc98,Subtle Signs of Autism 0-7 years old,"This video shows the subtle signs of autism from one child as he ages and his tremendous growth from years of therapy.

Of course, I have not included other behaviors such as tantrums, lack of social engagement, fear of strangers, covering of the ears and hyper-focus of behaviors.   Other than two word basic needs sentences, he only spoke in movie quotes until the age of 5.  

Those signs are obvious, however there are subtle signs that show themselves sometimes before the obvious behaviors present.  The earlier a child is identified to need extra help the better the developmental outcome.

We never used medication, and did exclusively behavioral intervention with my son.    We did modify to a healthier diet, with difficulty, but a cleaner food diet helped his overall health.",2012-06-07T04:03:29Z,3503775,https://www.youtube.com/watch?v=SJ93HTeKc98
6ko5gyFwtf8,My Autistic Friend Explains Autism (And Why He&#39;s Proud to be Autistic),"Ryan is proud to be autistic and would choose to remain so if given the option. He just wishes others would be more accepting of his differences. Although he was a bit nervous at first, Ryan sat down for an interview to advocate for himself and the autism community. 

Ryan's Socials:
YouTube: https://www.youtube.com/channel/UC_wMd864zy2qK2NgCeoKuzQ
Instagram: https://www.instagram.com/rymar101/
FB: https://www.facebook.com/Rymarlee
Twitter: https://twitter.com/rymar101

SBSK's Socials:
https://www.instagram.com/specialbooksbyspecialkids
https://twitter.com/chrisulmer
https://www.facebook.com/specialbooksbyspecialkids",2018-08-24T01:23:04Z,474371,https://www.youtube.com/watch?v=6ko5gyFwtf8
furBVlWOfT8,American Idol: Contestant With Autism Gets STANDING OVATION From Judges,"During Monday’s episode of ‘American Idol,’ contestant Sam Finelli had Katy Perry, Luke Bryan and Lionel Richie on their feet. The singing competition show airs Sundays on ABC.",2022-03-16T00:00:08Z,37689,https://www.youtube.com/watch?v=furBVlWOfT8
dKCdV20zLMs,Sesame Street: Meet Julia (Full Clip | 10 Min),"Meet Julia, an old buddy of Elmo’s and the newest friend on Sesame Street. Julia has autism…and she and Elmo share an amazing friendship.

Subscribe to the Sesame Street Channel here: http://www.youtube.com/subscription_center?add_user=SesameStreet
 
For more fun games and videos for your preschooler in a safe, child-friendly environment, visit us at http://www.sesamestreet.org
 
Sesame Street is a production of Sesame Workshop, a nonprofit educational organization. The Workshop produces Sesame Street programs, seen in over 150 countries, and other acclaimed shows, including The Electric Company.  Beyond television, the Workshop produces content for multiple media platforms on a wide range of issues including literacy and numeracy, emotional wellbeing, health and wellness, and respect and understanding.  Learn more at http://www.sesamestreet.org.",2017-04-10T13:00:04Z,7561970,https://www.youtube.com/watch?v=dKCdV20zLMs
O0vCz2KWMM0,Autism Every Day,"Fundraising and awareness video produced for Autism Speaks in 2006.  
A longer version of this film was accepted to the Sundance Film Festival.",2011-04-05T20:27:31Z,226797,https://www.youtube.com/watch?v=O0vCz2KWMM0
rr9Ct9ebCco,How Actionplay Is Empowering Actors With Autism,"The nonprofit performing arts program Actionplay is providing a place for children and adults on the autism spectrum a chance to take the stage through acting and singing. Reporting for the 3rd hour of TODAY, NBC’s Joe Fryer talks with founder Aaron Feinstein about its impact.» Subscribe to TODAY: http://on.today.com/SubscribeToTODAY
» Watch the latest from TODAY: http://bit.ly/LatestTODAY

About: TODAY brings you the latest headlines and expert tips on money, health and parenting. We wake up every morning to give you and your family all you need to start your day. If it matters to you, it matters to us. We are in the people business. Subscribe to our channel for exclusive TODAY archival footage & our original web series.  

Connect with TODAY Online!
Visit TODAY's Website: http://on.today.com/ReadTODAY
Find TODAY on Facebook: http://on.today.com/LikeTODAY
Follow TODAY on Twitter: http://on.today.com/FollowTODAY
Follow TODAY on Instagram: http://on.today.com/InstaTODAY

How Actionplay Is Empowering Actors With Autism",2021-05-19T20:00:17Z,1354,https://www.youtube.com/watch?v=rr9Ct9ebCco
02Wex_dtFIs,Coming Home to Autism by Tara Leniston,"Hi everyone, 

Welcome to our channel! Follow our crazy life to see the highs and lows of living with an autistic child - think the Kardashians with autism -  just kidding, we are much more interesting than that ;)

We are going to be posting weekly videos, let me know if you have any requests. We'd also love to hear your stories, so leave a comment below! 

x



Social media:
Instagram - http://instagram.com/taraleniston
Facebook - http://facebook.com/cominghometoautism
Website - http://cominghometoautism.com/


Business enquiries:
info@cominghometoautism.com


Video Producer: 
Tiara Westlake - www.tiarawestlake.com


__________________________________________________________________",2019-03-03T11:22:45Z,6840,https://www.youtube.com/watch?v=02Wex_dtFIs
gI7jAPLsUd0,College valedictorian with nonverbal autism delivers commencement speech | WNT,"Elizabeth Bonker was diagnosed with nonverbal autism, and over the weekend she delivered a speech at Rollins College via a text-to-speech computer program.

WATCH THE FULL EPISODE OF 'WORLD NEWS TONIGHT':
https://bit.ly/3uHCDO5 

WATCH OTHER FULL EPISODES OF WORLD NEWS TONIGHT:
http://abc.go.com/shows/world-news-tonight

WATCH WORLD NEWS TONIGHT ON HULU:
https://bit.ly/3iQLwPp

#elizabethbonker #nonverbal #autism #valedictorian",2022-05-11T01:47:28Z,24548,https://www.youtube.com/watch?v=gI7jAPLsUd0
6fy7gUIp8Ms,Animated Explanation of Autism,One of the best videos Ive seen explaining what Autism is and how we are all the same. Must watch. Kudos to the creators. I DID NOT create this video. I show it because I teach first responders how to interact with ind on the spectrum. More can be found out about the project and team of creators here  http://amazingthingshappen.tv/,2017-04-20T16:37:30Z,1097908,https://www.youtube.com/watch?v=6fy7gUIp8Ms
cXClmauUTTs,Mom Breaks Down In Tears When Son with Autism Meets Service Dog,"More from Inside Edition: http://bit.ly/2bF0iuC

A mom broke down in tears as her 5-year-old son, Kai, who has autism, met his new service dog for the first time. Kai has struggled to make friends due to his inabilities to communicate but when she saw kai cuddling up to golden retriever, Tornado, like it was natural she couldn't hold it together. The photo of Tornado and Kai was posted to the 4 Paws for Ability Facebook page where thousands of people have shared it. #InsideEdition",2016-10-20T23:29:14Z,19140426,https://www.youtube.com/watch?v=cXClmauUTTs
H0Eayro5LQk,Why 9-Year-Old Boy With Autism Got Arrested at School,"More from Inside Edition: https://www.youtube.com/user/cbstvdinsideedition?sub_confirmation=1
The parents of the 9-year-old who was arrested in August after fighting another student and striking a teacher are speaking out. Cops were called after fourth grader Devin Shepherd got into a fight with a classmate during recess at Needham Elementary School in Franklin, Ind. When a teacher intervened, Devin hit the teacher. The boy's father recorded the heartbreaking scene. “Just chill out buddy. You're leaving with me. I promise you,” the father told his son as he was being arrested. #InsideEdition",2017-10-31T21:28:30Z,19183382,https://www.youtube.com/watch?v=H0Eayro5LQk
SgqZY0JQgBU,Understanding Autism - Meet Ned,A short video featuring a young boy called Ned created to help Aboriginal and Torres Strait Islander families understand and recognise the early signs of Autism. This film is an initiative of the National Early Indigenous Liaison Officer Program funded by the Department of Social Services as part of the Helping Children with Autism (HCWA) program.,2021-06-15T02:23:50Z,11721,https://www.youtube.com/watch?v=SgqZY0JQgBU
0idZghw97dc,The World of Autism PSA | Autism Speaks,"Autism Speaks joined the Ad Council and BBDO New York, the long-time volunteer agency for Autism Speaks, to launch a new series of public service advertisements (PSAs) designed to help parents recognize the early signs of autism and take immediate action. For the first time in the campaign’s history, the new PSAs feature an imaginative world, created using 3D and stop-motion animation, inspired by stories of real children with autism and told from the perspective of a child with autism. The PSAs are an extension of the award-winning “Learn the Signs” campaign, created by BBDO, which has helped significantly increase the percentage of parents who recognize the early warning signs of autism.

To read more about Autism Speaks' awareness, fundraising, science, and advocacy efforts, or to read about some of our other exciting initiatives, please visit: www.autismspeaks.org.",2015-11-05T14:07:56Z,652570,https://www.youtube.com/watch?v=0idZghw97dc
Uu9nD8WQW1U,Video shows student with autism being attacked at Aldine ISD middle school while 3 employees watch,"Veda Cavitt took custody of her non-verbal grandson, Sekai, after his parents died when he was a baby. Now, she's standing up for him after he was beaten at school.

MORE: https://www.khou.com/article/news/local/special-needs-student-assaulted-humble-isd-middle-school/285-98a1b689-87c5-4ed4-8c0f-15f45bad40ef",2022-02-22T23:26:49Z,75460,https://www.youtube.com/watch?v=Uu9nD8WQW1U
k3_Gmyp3Mgo,Anne Opens Up About Living With Autism | I&#39;m A Celebrity... Get Me Out Of Here!,"Subscribe now for more! http://bit.ly/1Rb799Z 
As Anne begins to feel more at home in Camp, she opens up to her fellow Celebs about living with autism, which in turn encourages Rita to discuss her experiences with OCD.

From Episode #2 Series 18
Like, follow and subscribe to the official YouTube channel for I'm A Celebrity...Get Me Out Of Here!

YouTube: http://bit.ly/1Rb799Z
Website: http://bit.ly/1QIkw0r 
Facebook: http://on.fb.me/1QIkHZO 
Twitter: http://bit.ly/1FvGZO5 
Instagram: http://bit.ly/1KFgNPK 

Get all the latest I'm A Celebrity... Get Me Out Of Here! news, gossip and Bushtucker Trial videos fresh from the jungle camp, on the official YouTube channel.

http://www.itv.com
http://www.stv.tv",2018-11-19T21:58:49Z,302933,https://www.youtube.com/watch?v=k3_Gmyp3Mgo
i1mpKhJGq-k,A Japanese-American mother struggles with her daughter&#39;s autism diagnosis. | My Daughter Yoshiko,"» Subscribe for the world's best short films: http://sub2.omele.to
» Get some merch: http://shop.omele.to

My Daughter Yoshiko is used with permission from Brian Blum. Learn more at http://omele.to/3ReDbaR.

THE BEST OF OMELETO
» Celebrities on Omeleto: http://omele.to/celebrities
» Best of Omeleto: http://omele.to/best
» Millions on Omeleto: http://omele.to/millions

OMELETO ON SOCIAL
Instagram: http://instagram.com/omeletocom
Twitter: http://twitter.com/omeletocom
Facebook: http://facebook.com/omeletocom
Reddit: http://reddit.com/r/omeleto

Saki is a young Japanese-American stay-at-home mother, caring for her daughter Yoshiko while her military spouse is away on duty. Her situation is hard, but it's made more complicated by her daughter's autism, which makes her prone to overstimulation.

Saki struggles alone, acutely aware of how the outside world might be judging her. She leaves apologetic notes and tokens for her neighbors; she doesn't reach out to her parents for help, fearing especially their judgment. But on a particularly tough day, Saki's isolation catches up with her, compromising her ability to care for Yoshiko just when she needs it most.

Directed by Brian Blum from a script by Kent Morita, this short family drama is a sensitively observed, perceptive portrait of a young mother struggling with the unique needs of her child, ones that aren't immediately apparent to the outside world. As a result, she often faces the harsh judgment of her parenting -- and her child -- that she's internalized. Through documentary-like attention to detail, a well of deep empathy and a powerful performance by lead actor Saori Goda, viewers observe the costs of that internalization, as well as the callousness of a society too often quick to rush to judgment.

The foundation of the film lies in the compassion of both its writing and directing, which are driven by the churn and tumble of Saki's emotions, especially as they arise with caring for Yoshiko. The child isn't the focus here, but the hard work of caring that Saki does for her, without support. The storytelling has an eye for how small choices and gestures reflect deeper emotions and attitudes, and as they add up, we see Saki's desire not to be a burden on others and perhaps avoid subjecting Yoshiko to their judgment. Scenes with her parents are especially wrenching, especially when we see Saki hiding or minimizing her struggles or smarting with her own mother's opinions. Whether it's self-imposed or out of avoidance, Saki is isolated, compounding the unique stresses that parents of children with autism can face.

The look and feel of the film have a muted, almost gentle naturalism and a sense of pacing in the editing that lets moments and feelings breathe. But its most powerful element is the central performance by Goda, who plays every moment with honesty and vulnerability. As her struggles pile up, Saki sags more and more under the weight of the stress. And when faced with a crisis with another child and mother at a park, it's understandable that Saki snaps. Only then does she come face to face with the cost of going it alone, for herself and her daughter.

Though she's not the namesake of the film, ""My Daughter Yoshiko"" achieves emotional depth from its resolute focus on Yoshiko's mother, who has effaced many of her own needs in trying to meet her daughter's needs. In finally owning her needs and perhaps her latent shame in needing help, she learns to fully accept and be compassionate of her situation. Saki achieves an even deeper connection as a parent to her daughter, as her unapologetic protector and advocate -- just as the film achieves a powerful, moving ending, and becomes a portrait of a fiercely loving mother.

ABOUT OMELETO
Omeleto is the home of the world's best short films. We showcase critically-acclaimed filmmakers from the Oscars, Sundance, Cannes and more! Subscribe now: http://sub2.omele.to

A Japanese-American mother struggles with her daughter's autism diagnosis. | My Daughter Yoshiko
http://youtu.be/i1mpKhJGq-k
http://omeleto.com/258616/

Omeleto
http://www.youtube.com/c/Omeleto
http://omeleto.com

🎬 Got a film? Submit it to us for consideration at http://submit2.omele.to",2022-07-08T11:35:37Z,14490,https://www.youtube.com/watch?v=i1mpKhJGq-k
Znxv2f1whtQ,Hannah Gadsby Explains How Her Autism Informs Her Comedy | The View,"After the global success of her comedy special, Gadsby tells ""The View"" how she opened up about her mental health struggles in her new memoir, ""Ten Steps To Nanette.""

Subscribe to our YouTube channel: http://bit.ly/2Ybi4tM 

MORE FROM 'THE VIEW':
Full episodes: http://abcn.ws/2tl10qh
Twitter: http://twitter.com/theview
Facebook: http://facebook.com/TheView
Instagram: http://instagram.com/theviewabc",2022-03-30T18:00:28Z,102130,https://www.youtube.com/watch?v=Znxv2f1whtQ
yjbWcNxgu0I,I have &quot;High Functioning&quot; Autism | AUTISM IN GIRLS,"In this week's video Olivia Hops talks about why telling people they have ""high"" functioning Autism isn't a compliment, but a back-handed one! 


I go over why the ""high"" and ""low"" functioning labels don't work. Autism isn't a linear line, but a giant circle with endless possibilities! Just because someone may appear ""high"" functioning, it doesn't mean they don't have struggles. It doesn't make them any ""less"" Autistic. It just means they're better at hiding their autistic traits to appear ""normal.""


If you like this video, please SUBSCRIBE and don't forget to press the bell 🔔, 👍like, comment and share. Stay safe and God Bless!
---------------------------
▶️ Please Subscribe: https://www.youtube.com/channel/UCCWryFHAlROoL-upxgaF_4w
---------------------------
▶️ For Business and Other Inquiries: olivia@autisticallyme.com
---------------------------
▶️ keep In Touch:
• Instagram: https://www.instagram.com/oliviahops/
---------------------------
▶️ Small Business:
• Shop at my small business for all your Cookie Dough needs! www.UnbakedBar.com
---------------------------
▶️ Other Contents:
• I was Groomed as an Autistic Teen: https://youtu.be/dnHlpkAM9IA
• How Autism Affects Mental Health: https://youtu.be/PXT0elZsmyY
• Autism and Relationships Part 2: https://youtu.be/sKIrX3pBvV4
• 9 Childhood Autistic Traits in Girls: https://youtu.be/YLiOARAtFNs
---------------------------
#autistictraits #autismingirls #OliviaHops #autismgirls #autismspectrum #femaleswithautism #autisticfemales #asdtraits # aspergers #autism #autistic #asd",2021-11-13T02:23:33Z,23079,https://www.youtube.com/watch?v=yjbWcNxgu0I
irGubXIm_oA,Sia&#39;s new film about teen with autism causes controversy | GMA,"""Music"" stars Maddie Ziegler, who plays a teen with autism, but critics say an actor with autism should play the role.

Subscribe to GMA's YouTube page:  https://bit.ly/2Zq0dU5 

Visit Good Morning America's homepage:
https://www.goodmorningamerica.com/ 

Follow GMA:
Facebook: https://www.facebook.com/GoodMorningAmerica
Twitter: https://twitter.com/gma
Instagram: https://instagram.com/goodmorningamerica

Watch full episodes of GMA:
http://abc.go.com/shows/good-morning-america
https://hulu.tv/2YnifTH

#GMA #Sia #MusicFilm #MaddieZiegler #Autism",2020-11-21T16:50:51Z,577210,https://www.youtube.com/watch?v=irGubXIm_oA
Jjk4jcz8SWc,Priscilla: Life With My Teenage Daughter With Autism,"Every year, 700 preschoolers in Singapore are diagnosed with autism. Autism is a baffling condition, even for those who spend their lives around it. Here's a peek into the mind of a 17-year-old girl with autism, through the eyes of her loving mother.

To know more about autism, visit the Autism Resource Centre: http://www.autism.org.sg/
To know more about St. Andrew's Autism Centre, visit: http://www.saac.org.sg/

SUBSCRIBE to CNA INSIDER!
https://cna.asia/insideryoutubesub",2015-04-09T08:19:55Z,312747,https://www.youtube.com/watch?v=Jjk4jcz8SWc
xKdetl6RDZ4,Navigating Autism As A Young Adult,"How does an adult with autism find a job and form friendships? Follow 23-year-old Yi Lin on his journey towards independence. 

Note: We apologise for a typo made. The family's surname is Zuo, not Zhuo.

SUBSCRIBE TO US!
https://bit.ly/OGSYouTube

This video is part of our Neighbours series. We walk past them every day, not realising that even the most ordinary of people have extraordinary stories to tell. Hear them speak.

Join this channel to get access to perks:
https://bit.ly/OGSYoutubeMember

Find #OurGrandfatherStory everywhere!
Instagram (SG🇸🇬): https://instagram.com/ourgrandfatherstory/
Instagram (ID🇮🇩): https://www.instagram.com/ourgrandfatherstory_id/
Instagram (BM🇲🇾): https://www.instagram.com/ourgrandfatherstory_my/
Facebook: https://fb.com/ourgrandfatherstory/
Twitter: https://twitter.com/OGS_SG/
Telegram: https://t.me/ourgrandfatherstory/
TripAdvisor: https://www.tripadvisor.com.sg/Profile/ourgrandfatherstory 

For media pitches, events and invites: press@ourgrandfatherstory.com
For business enquiries: limkopi@ourgrandfatherstory.com",2021-02-25T10:30:08Z,115552,https://www.youtube.com/watch?v=xKdetl6RDZ4
E-NJuzRTKxM,Post Malone goes viral for his kindness when meeting fan with Autism on his birthday,"""He was so incredibly kind and patient with our son who has autism. Andrew has a hard time speaking and Austin (Post Malone) was so natural and sweet with him,"" Andrew's mother told FOX 11.

Subscribe to FOX 11 Los Angeles: https://www.youtube.com/channel/UCHfF8wFnipMeDpJf8OmMxDg?sub_confirmation=1

Watch FOX 11 Los Angeles Live: https://www.foxla.com/live

FOX 11 delivers breaking news, live events, undercover investigations, police chases, true crime files, business news, celebrities and entertainment on Good Day LA (GDLA) and local stories from Los Angeles, Long Beach, Pasadena and across the nation.

Watch more FOX 11 on YouTube:
Police Chases: https://bit.ly/3t2xQqc
Funny Moments: https://bit.ly/3cbbFXX
Celebrity Interviews: https://bit.ly/38kakg8
Archives: https://bit.ly/30qtxso

Download the FOX 11 News App: https://www.foxla.com/apps
Download the FOX 11 Weather App: https://www.foxla.com/apps
Follow FOX 11 Los Angeles on Facebook: https://www.facebook.com/fox11la/
Follow FOX 11 Los Angeles on Twitter: https://twitter.com/foxla/
Follow FOX 11 Los Angeles on Instagram: https://www.instagram.com/foxla/
Subscribe to the FOX 11 newsletter: https://www.foxla.com/email",2022-03-21T19:20:55Z,3316321,https://www.youtube.com/watch?v=E-NJuzRTKxM
0ng4ozbkEvs,क्या होता है Autism जिसमें बच्चा नज़रे नहीं मिलाता और काबू के बाहर हो जाता है? | Sehat Ep 53,"तेरा तुझको अर्पण के लिए यहां क्लिक करें - https://rb.gy/e6w2nf

Welcome to The Lallantop's 53rd episode of Sehat. Your daily health show. In today's segment, find out what is autism. The symptoms and treatment. In the next segment of Tan Ki Baat, find out why you should not roll back your head during a nosebleed. Last but not the least, here's why detoxing your body is not such a great idea. Watch the video for details.

Install The Lallantop Android App: https://thelallantop.app.link/zCSsHooQSU
Follow us on: https://www.instagram.com/thelallantop/
Like The Lallantop on Facebook: https://www.facebook.com/thelallantop/
Follow The Lallantop on Twitter: https://twitter.com/TheLallantop
Follow Futkar on YouTube for Short videos: https://bit.ly/33kxe54
Follow Latak on Instagram: https://www.instagram.com/latak.lallantop/
For advertisements e-mail us at: Ads@thelallantop.com

Produced By: The Lallantop
Edited By: Vishal",2020-10-14T07:30:00Z,45223,https://www.youtube.com/watch?v=0ng4ozbkEvs
JBAdOwLaAYQ,Christine McGuinness on &#39;amazing&#39; autism diagnosis,"Experts say thousands of cases of autism in women could be going undiagnosed. 

Presenter Melanie Sykes and reality TV star Christine McGuinness are among those who were told as adults they have autism.

Why are women prone to such late diagnosis?

SUBSCRIBE to our YouTube channel for more videos: http://www.youtube.com/skynews 

Follow us on Twitter: https://twitter.com/skynews 

Like us on Facebook: https://www.facebook.com/skynews 

Follow us on Instagram: https://www.instagram.com/skynews 

For more content go to http://news.sky.com and download our apps: 

Apple: https://itunes.apple.com/gb/app/sky-news/id316391924?mt=8 

Android: https://play.google.com/store/apps/details?id=com.bskyb.skynews.android&hl=en_GB 

Sky News videos are now available in Spanish here/Los video de Sky News están disponibles en español aquí https://www.youtube.com/channel/skynewsespanol

To enquire about licensing Sky News content, contact clipsales@sky.uk",2021-12-05T12:51:11Z,18197,https://www.youtube.com/watch?v=JBAdOwLaAYQ
EaELY7m2yC8,Odd One Out | Pinnacle Blooms Network - #1 Autism Therapy Centres Network,"Pinnacle Blooms Network is probably first and only of its kind chain of child development and rehabilitation centres network, core purposed to be empowering 80+ crore kids, people with cognital developmental, neurological, psychological, autism conditions across the world to be part of main stream society, Bring smiles into their families.


Through 99.5%+ proven improvement resulted practical Speech Therapy, Behavioral Therapy, Occupational Therapy, Special Education,  Hydro Therapy, Yoga Therapy, Group Teaching, Music Therapy, Dance Therapy,...  offered by qualified, certified, expertised, proven child development and rehabilitation specialists within the most hygiene, playful environment filled with empathy.


Best and Most unique part of Pinnacle Blooms Network is the way parents are made part of the entire child development process on day to day basis with the seamless interactions between parents and therapists via patentable ... award winning Mirracle Platform ... Probably one and only technology platform in 360 degree manner.
Digital therapy record on cloud about the children, Day to day training, recommendations provided to parents in such a way to groom parents to be the therapists for their own kids are few of the many firsts to be remembered introduced within this segment by Pinnacle Blooms Network.

Pinnacle Blooms Network is started, managed, run by MOTHERS for KIDS, PEOPLE with neurological, psychological, cognital conditions.

CALL 9100 181 181 for admissions, franchise inquiries.

https://www.pinnacleblooms.org 

#autism
#speechpathology
#speechtherapy
#cognitivebehavioraltherapy
#occupationaltherapy
#specialeducation
#pinnacle
#pinnacleblooms
#pinnaclebloomsnetwork
#bharathhealthcare
#kotiigroup",2022-07-13T06:00:08Z,8,https://www.youtube.com/watch?v=EaELY7m2yC8
of42ToCW39E,AUTISM IS A SUPERPOWER,"Tom opens up about his autism in a new video for Reign Total Body Fuel’s #ReadyToReign series. Tom had a tough time growing up. He was bullied in school and struggled with his mental health. The gym was not only the very beginning of his journey to becoming the World’s Strongest Man, it saved his life.

The #ReadyToReign campaign shows that anything is possible with the right mindset, and there’s no better example of this than Tom. 

Find out more: reignbodyfuel.com + Instagram.com/reignbodyfueleurope/

Merch: https://stoltmanbrothers.com/

SBD APPAREL: https://www.sbdapparel.com/ 

REIGN BODY FUEL: https://reignbodyfuel.com/en-gb/

MYPROTEIN: http://bit.ly/Stoltman-Brothers ""STOLTMANS""

NORDIC BOTANIC: https://nordicbotanics.com/ ""STOLTBROS"" 

MIRAFIT OFFICIAL: https://www.mirafit.co.uk/ 

CAMPBELLS MEAT: https://www.campbellsmeat.com/ ""STOLT15"" 

FOLLOW US ON INSTAGRAM ↓ 
LUKE: https://www.instagram.com/luke.stoltm... 
TOM: https://www.instagram.com/tomstoltman... 
HARRY: https://www.instagram.com/harry.stolt...
SIMON: https://www.instagram.com/simon_celes... 

Business enquires: stoltmanbrothers@gmail.com

AUTISM IS A SUPERPOWER",2022-02-04T17:00:43Z,64570,https://www.youtube.com/watch?v=of42ToCW39E
p9-l19CKISg,A Teen&#39;s Guide To Autism,"This video is a guide geared towards teens, described by experts as ""Not your typical dry educational presentation."" ""Speaks to students of all ages.""",2013-09-05T17:20:21Z,130228,https://www.youtube.com/watch?v=p9-l19CKISg
FD9tWRX0W70,Kids Make Fun Of Boy With Autism,"Kids Make Fun Of Boy With Autism! Leave a Like if you enjoyed! Watch the last dhar mann vid https://youtu.be/y6zKbngXPN0 Subscribe to SSSniperWolf to join the Wolf Pack http://bit.ly/SubSSSniperWolf Check out Dhar Mann https://www.youtube.com/c/DharMannOfficial

TikTok: http://tiktok.com/@sssniperwolf
Instagram: http://instagram.com/sssniperwolf
Twitter: http://www.twitter.com/sssniperwolf
Facebook: https://www.facebook.com/sssniperwolf
Official Merch: https://ogwolfpack.com/",2021-07-05T19:05:00Z,9440787,https://www.youtube.com/watch?v=FD9tWRX0W70
62-VuV109n8,&#39;Real Autism&#39; in Poland | Al Jazeera Close Up,"Warsaw, Poland – Warsaw-born Bartek Jakubowski never thought of himself as “sick”, which is why he becomes disgruntled whenever he reads articles referring to people with autism as “seriously ill”.

“I am outraged when media outlets describe Asperger’s as a disease,” he says. It is not a sickness, he explains. Rather, it is a disorder, which manifests itself differently in every person.

Bartek was diagnosed with autism when he was two years old. At the age of 16, he found out that he suffers from Asperger’s syndrome, part of a broader category of the autism spectrum disorder.

He is one of an estimated 30,000 Poles on the autism spectrum. This figure, according to the non-profit organisation, Synapsis, could be much higher, but no research in this area has been conducted domestically, and the estimate is based on studies from neighbouring countries.

Until 2015, Bartek worked at a supported employment enterprise where, by his own admission, he never felt at home.

In January 2016, he began working at “Zycie jest fajne” (Life is Cool), a Warsaw-based cafe employing people on the autism spectrum.

“I feel like I don’t work at a place that hires mentally ill people anymore. This is a normal job,” he says, visibly content as he pulls out and arranges tables outside the cafe before it opens.

Encouraged by his co-workers, who believe he would make a great journalist, and driven by his dislike for the portrayal of autism by the Polish media, Bartek shot a documentary film about his colleagues from Life is Cool.

In October 2016, his short, titled “‘A’ like a human being”, won the Grand Prix at the National Film Review for Persons on the Spectrum of Autism.

“There is a stereotype of people with Asperger’s, like me, that you can’t really talk to them and that they don’t really understand what you are saying to them,” he explains.

“I can refute that.”

While he admits that leading a more or less normal life might come harder to him and his colleagues, Bartek is confident he will make the most of the opportunities.

“I believe I will make it,” he says, and adds: “I am almost certain of it. And I prefer to have hope.”

Bartek has been unemployed since the coronavirus pandemic began after losing his most recent job at a fast food restaurant.

Credits:

Filmmaker: Marta Kasztelan

Editor: Andrew Phillips

Executive Producer: Yasir Khan",2021-06-13T19:23:19Z,9020,https://www.youtube.com/watch?v=62-VuV109n8
UxD-mU4cz20,My Friend with Autism,"Dustin is diagnosed with autism and developmental delays. He hopes people will take the time to have a conversation with him about lightning and chainsaws.

Instagram: https://instagram.com/specialbooksbyspecialkids
Facebook: https://facebook.com/specialbooksbyspecialkids
Twitter: https://twitter.com/chrisulmer",2018-02-07T01:07:26Z,4862930,https://www.youtube.com/watch?v=UxD-mU4cz20
8dwAo2002NE,Neighbor rescues boy with autism who jumped in pool,"A dramatic pool rescue was captured on camera in Kansas, and the child’s family is now thanking their neighbors for saving the day.",2022-05-30T14:00:05Z,39727,https://www.youtube.com/watch?v=8dwAo2002NE
E2VCYmRpI0M,Jonathan Swain&#39;s Daughter Shares Autism Advice After Being Diagnosed At 15 | Good Morning Britain,"A GMB investigation has revealed that some children are waiting up to 4 years to get an autism diagnosis. 
Immie Swain who shared her autism story earlier this year, has been working hard to raise awareness of the condition and investigates the current waiting list crisis.
Broadcast on 05/11/21

Stream Good Morning Britain live, every weekday from 6am on the ITV Hub 📲 http://daytimelink.itv.com/WatchGMBYT
Subscribe now for more! http://bit.ly/1NbomQa
Like, follow and subscribe to Good Morning Britain!

The Good Morning Britain YouTube channel delivers you the news that you’re waking up to in the morning. From exclusive interviews with some of the biggest names in politics and showbiz to heartwarming human interest stories and unmissable watch again moments. 

Join Susanna Reid, Ben Shephard, Kate Garraway, Charlotte Hawkins and Sean Fletcher every weekday on ITV from 6am until 9 every weekday!

ITV Hub: http://daytimelink.itv.com/WatchGMBYT
Website: http://bit.ly/1GsZuha
YouTube: http://bit.ly/1Ecy0g1
Facebook: http://on.fb.me/1HEDRMb
Twitter: http://bit.ly/1xdLqU3
http://www.itv.com

#GMB",2021-11-05T10:15:00Z,36321,https://www.youtube.com/watch?v=E2VCYmRpI0M
D4Hapmm9YiY,"Life as an Autistic Teen (Autism, ADHD and Anxiety)","Ellie is diagnosed with autism, anxiety and ADHD. While all her peers are getting jobs and boyfriends, she just wants to watch kid cartoons. Ellie wishes she could be more mature, but all that stuff just seems so boring to her.

https://www.patreon.com/SBSK

Ellie's Insta: https://www.instagram.com/prepareyourchairs/

SBSK's Socials:
http://www.instagram.com/specialbooksbyspecialkids
https://twitter.com/chrisulmer
https://www.facebook.com/specialbooksbyspecialkids
https://www.reddit.com/r/sbsk",2019-09-12T23:15:26Z,5004483,https://www.youtube.com/watch?v=D4Hapmm9YiY
RbwRrVw-CRo,Amazing Things Happen - by Alexander Amelines,"Professional category finalist

Alexander’s film gives an uplifting introduction to autism for young non-autistic audiences, aiming to raise awareness, understanding and tolerance in future generations.",2017-07-18T14:38:00Z,843404,https://www.youtube.com/watch?v=RbwRrVw-CRo
f0ozTH5t-7o,When your son is 40 and has autism - and you&#39;re getting on in age,"Duane Goh has autism and is 40 years old. And while raising Duane has had its challenges, his parents, now 74, have bigger concerns about what will happen to him after they die.
Read their story: https://cna.asia/2MxSoUp

#Autism #SpecialNeeds

Subscribe to our channel here: https://cna.asia/youtubesub 

Subscribe to our news service on Telegram: https://cna.asia/telegram

Follow us:
CNA: https://cna.asia
CNA Lifestyle: http://www.cnalifestyle.com 
Facebook: https://www.facebook.com/channelnewsasia
Instagram: https://www.instagram.com/channelnewsasia
Twitter: https://www.twitter.com/channelnewsasia",2019-12-27T23:15:00Z,8832958,https://www.youtube.com/watch?v=f0ozTH5t-7o
7k2KLl0IL_k,Autism Goes To College Trailer | Can people with autism go to college?,"Follow 5 students on the autism spectrum as they take us into their dorm rooms and classrooms to show us how they're doing college.  This is the trailer for the feature documentary film AUTISM GOES TO COLLEGE, a first of its kind look at how students on the autism spectrum are fairing at the country's colleges and universities.  

If you're trying to figure out if college is right for you or your loved one with autism, this film offers many insights from a broad range of students with invisible disabilities.  Is going to college possible if you have autism?  Are there resources available to college students with autism?  Do college professors support neuro-diversity in their classroom?  These questions and more are explored in this film.",2019-08-30T19:24:01Z,8580,https://www.youtube.com/watch?v=7k2KLl0IL_k
71fnc1z1tQc,Ka gudubka marxalada adag: Autism iyo sida ay u saamaysay Somalida,"The Somali version of Overcoming Barriers: Autism in the Somali Community. This short film tells the stories of Bristol-based Somali families affected by autism, and the professionals who support them.

National Institute for Health Research (NIHR) research has revealed that cultural stigma surrounding mental health, challenging behaviour and disability means that families in the Somali community often hide their child and don’t seek help early. Parents can feel isolated and don’t engage with support services for their child. Research also suggests that service providers would benefit from a better understanding of the cultural perceptions of autism and the impact that this has on engagement with services.

Like other migrant groups, the Somali community has high numbers of children with autism, many of whom are likely to be severely affected. But there is no Somali word for autism, making it hard to understand and accept.

More than 70 families in the Bristol Somali community have one or more children with autism. They are supported by a community organisation, Autism Independence, led by Nura Aabe. Nura came to Bristol from Somalia at the age of 10 and her oldest son has autism. Autism Independence works with health, social care and education services to bridge the gap between family’s needs and service provision.",2019-04-03T14:05:42Z,305428,https://www.youtube.com/watch?v=71fnc1z1tQc
C2lalZCwStA,Forever Boy: Mom&#39;s story of son&#39;s severe autism diagnosis,"A Minnesota mother tells the story of her son being diagnosed with severe autism. It was great talking to Kate Swenson about starting Finding Cooper's Voice and her new book, ""Forever Boy.""

Subscribe to FOX 9 Minneapolis-St. Paul https://www.youtube.com/channel/UClwddNv0Cr6SIEGkzVK886w?sub_confirmation=1

Watch FOX 9 Live: https://www.fox9.com/live

Minneapolis-St. Paul news and Twin Cities weather and traffic, including in-depth investigative and personal interest stories.

Download the FOX 9 News app: https://fox9.onelink.me/sFfg?pid=social&c=youtube&af_web_dp=https%3A%2F%2Fwww.fox9.com%2Fapps

Download the (market/brand) Weather app
Google Play: https://play.google.com/store/apps/details?id=com.kmsp.android.weather&hl=en_US&gl=US
 App Store: https://apps.apple.com/us/app/fox-9-weather-radar-alerts/id438788905

Follow FOX 9 on Facebook: https://www.facebook.com/fox9kmsp

Follow FOX 9 on Twitter: https://twitter.com/fox9

Follow FOX 9 on Instagram: https://www.instagram.com/fox9

Subscribe to the FOX 9 newsletter: https://www.fox9.com/email",2022-04-30T16:14:41Z,1533,https://www.youtube.com/watch?v=C2lalZCwStA
05oB57NggAg,Warriors Mark Autism Awareness Night; Draymond Green Hosts Former Teammate with Autism,Betty Yu reports on the Warriors marking Autism Awareness Night at Chase Center during Saturday's game against Utah Jazz (4-3-2022),2022-04-03T14:42:45Z,732,https://www.youtube.com/watch?v=05oB57NggAg
DQmhd_5gc2w,Autism TikTok Compilation #18,"Extra 10% Off Discount Code: autistic 
Shop Aesthetic Merch: https://bit.ly/AutisticallyAutisticArtsyMerch
Shop Anime Merch: https://bit.ly/AutisticallyAutisticAnimeMerch

Check out my TikTok! - https://vm.tiktok.com/ZTdqd1RJF/

Check out my main channel!
https://www.youtube.com/channel/UCiC1C44_HqN_YExjhHE2xaw


Tags -
#autismawareness #autism #autismacceptance #autismfamily #asd #autismlife #autismlove #autistic #autismsupport #autismspectrum #autismspectrumdisorder #aspergers #adhd #actuallyautistic #disability #differentnotless #love #neurodiversity #autismadvocate #inclusion #autismcommunity #autismrocks #bhfyp #autismjourney #autismawarenessmonth #autismworld #mentalhealth #disabilityawareness #autisticadults #anxiety #autismwarrior #autismproud  #autisme #autismmemes #ilovesomeonewithautism #autismstrong #stimming #autismstars #mentalhealthawareness #sensory #neurodivergent #autismawarenessday #education #autisticpride #stims #stimming #stimtoys",2022-07-11T17:28:25Z,6814,https://www.youtube.com/watch?v=DQmhd_5gc2w
eE9V3JBGC2I,Paddy and Christine McGuinness: Our Family and Autism | Trailer - BBC Trailers,"Subscribe and 🔔 to OFFICIAL BBC Trailers 👉 https://bit.ly/2XU2vpO
Stream original BBC programmes FIRST on BBC iPlayer 👉 https://bbc.in/2J18jYJ
  
A raw and intimate look inside the lives of Paddy McGuinness, his wife Christine and their three children that have been diagnosed with autism.

#BBC #PaddyandChristineMcGuinness:OurFamilyandAutism #BBCiPlayer

Paddy and Christine McGuinness: Our Family and Autism / Streaming from 1 December at 9pm / BBC iPlayer

All our TV channels and S4C are available to watch live through BBC iPlayer, although some programmes may not be available to stream online due to rights. If you would like to read more on what types of programmes are available to watch live, check the 'Are all programmes that are broadcast available on BBC iPlayer?' FAQ 👉 https://bbc.in/2m8ks6v.",2021-11-22T19:00:24Z,66816,https://www.youtube.com/watch?v=eE9V3JBGC2I
cdZz8NNoKVg,4-Year-Old Boy With Autism Burned to Death in Bathtub by Mom: Cops,"A woman stands accused of inflicting unimaginable pain on her son and ultimately causing his death. A criminal complaint filed in Milwaukee alleges that Amelia DiStasio set her 4-year-old son on fire in a bathtub. When police found the boy, who had autism, investigators say his lifeless body was almost totally burned. InsideEdition.com's Leigh Scheps (http://twitter.com/LeighTVReporter)  has more. #InsideEdition",2017-10-06T16:35:44Z,1875796,https://www.youtube.com/watch?v=cdZz8NNoKVg
D04wb7P_v-4,"Autistic Reporter, Michael Falk, Enchanted By Prison&#39;s Rigid Routine","Michael Falk interviews new prison inmate, disgraced financier, Brian Wasserman, and becomes spellbound by the repetitive monotony of daily prison life.",2011-11-22T16:54:06Z,6018621,https://www.youtube.com/watch?v=D04wb7P_v-4
aYo3KN8bIRM,Sensory cooking class helps children with autism gain independence | ABCNL,"ABC News' Will Car reports on Sensory Cooking, a Phoenix-based organization tackling food aversions and sensitivity for children on the spectrum.

ABC News Live Prime, Weekdays at 7EST & 9EST

WATCH the ABC News Live Stream Here: https://www.youtube.com/watch?v=w_Ma8oQLmSM

SUBSCRIBE to ABC NEWS: https://bit.ly/2vZb6yP
Watch More on http://abcnews.go.com/
LIKE ABC News on FACEBOOK https://www.facebook.com/abcnews
FOLLOW ABC News on TWITTER: https://twitter.com/abc

#Children #Autism #SensoryCooking #ABCNLPrime",2022-04-28T02:17:13Z,2404,https://www.youtube.com/watch?v=aYo3KN8bIRM
kkZPbGXD66Y,6 stages of Autism Meltdowns,"What causes a sensory meltdown? When is a meltdown a tantrum, or both? What stages are there in a meltdown and how do you prevent meltdowns from peaking? We aim to answer those questions and help the autism community.",2018-06-06T00:44:23Z,677184,https://www.youtube.com/watch?v=kkZPbGXD66Y
yU7_P57hk24,Autism - Life on the Spectrum 2021,"During Autism Awareness Month, FOX 5 NY is committed to profiling stories most people don't get an opportunity to tell. Autism is a developmental disorder characterized by significant social and behavioral challenges. In fact, one in 54 children has autism, according to the CDC.

In this WNYW/FOX 5 special, ""Autism: Life on the Spectrum 2021,"" we encourage you to listen, learn and love about autism spectrum disorder.



Subscribe to FOX 5 NY: https://www.youtube.com/fox5ny

Watch FOX 5 NY Live: https://www.fox5ny.com/live

FOX 5 NY delivers breaking news, live events, investigations, politics, entertainment, business news and local stories from New York City and across the nation.

Watch more FOX 5 NY  on YouTube:
Black Entrepreneurs: https://www.youtube.com/playlist?list=PLcuHpcV2MbFhCA1ErwiU_6G6XSA-HBg0r
STREET SOLDIERS with LISA EVERS: https://www.youtube.com/playlist?list=PLcuHpcV2MbFgxNyloxnZwYu5p0oWN_lSJ
A.I. ALL IN: https://www.youtube.com/playlist?list=PLcuHpcV2MbFgcJsok-gL3gwY8OfzVkacP
Finding Faith: https://www.youtube.com/playlist?list=PLcuHpcV2MbFg7_GyPTOJfF9PiWwo9sgMd
The Big Idea: https://www.youtube.com/playlist?list=PLcuHpcV2MbFizXx6FzVo9sCaNbCYu_rVB",2021-04-03T00:24:45Z,1802,https://www.youtube.com/watch?v=yU7_P57hk24
QdaCGGx9etg,Lakeside 19-year-old with autism completes 100-mile race,"When January 15th came around, Zach was ready. He stood at the starting line of the Coldwater Rumble 100 Mile race, surrounded by 99 other ultra runners, and he was the only teenager.",2022-01-20T12:08:53Z,883,https://www.youtube.com/watch?v=QdaCGGx9etg
SxBj73fxl-8,My Autistic Son Through the Years - First Signs of Autism and Speech Development,"This week I'd like to show you some videos of Dylan from 0 to 10 years old. You'll be able to see Dylan's first signs of Autism and also how his speech developed over the years. When Dylan was first diagnosed, I always wanted to see what an 8-year-old or a 10-year-old looked like, so I hope this video will help you in some way. 


You can find more of Dylan's gaming videos on his channel:
https://www.youtube.com/channel/UC3cQhpzCnV6Qh3pnItibY8A/featured

If you're interested to find out more about Dylan's development check out this video:
https://youtu.be/UzVWsKUgTuE

If you're here because of a recent diagnosis, make sure you check out my tips on what you should do after a diagnosis:
https://youtu.be/8FVOQpIZV7U


If you're new to my channel, welcome to the family and thank you for watching our video. Here's a little bit about me, I am a wife, a mother of three beautiful children, and a former actress. Following my eldest son (Dylan)'s diagnosis of ASD, I threw myself into knowing all there was to know about Autism and how to help him. After 6 years of research, I wrote my first book 'Coming Home to Autism', with my friend and speech therapist, Rhian Grounds. My mission is to help support and inspire parents of special needs children!
________________________________________________________________
Social media:
Instagram - http://instagram.com/taraleniston
Facebook - http://facebook.com/cominghometoautism
Website - http://cominghometoautism.com/


Business enquiries:
info@cominghometoautism.com


Video Producer: 
Tiara Westlake https://www.kamukami.com/


Music:
Audio Library
__________________________________________________________________",2020-11-08T09:30:04Z,668453,https://www.youtube.com/watch?v=SxBj73fxl-8
w42C-sLReJc,Melanie Sykes Shares Her Inspiring Later In Life Autism Diagnosis | Loose Women,"Broadcaster Melanie Sykes first shot to fame in the 90s as the face of the Boddington’s Bitter advertisements, before landing flagship broadcasting roles on ‘Let’s Do Lunch’ with Gino D'Acampo and ‘Today with Des and Mel’ alongside the late Des O’Connor. Today, Melanie joins the Loose Women to talk for the first time on TV about her recent autism diagnosis, breaking down barriers and fighting for better and more accessible education for autistic people, as well as life as editor in chief of Frank magazine.
From series 25, broadcast on 23/11/21

Watch Loose Women on the ITV Hub: http://daytimelink.itv.com/WatchLWYT

Like, follow and subscribe to Loose Women!
Subscribe now for more! http://bit.ly/1VGTPwA 
Website: http://bit.ly/1EDGFp5
YouTube: http://bit.ly/1C7hxMy
Facebook: http://on.fb.me/1KXmWdc
Twitter: http://bit.ly/1Bxfxts

Catch Loose Women every weekday from 12.30pm on ITV, STV and the ITV Hub.

Join our panellists as they share their lives and talk about everything from friendships to relationships, parenting to politics, mental health and much, much more. Tune in to find out what your favourite Loose Women have been up to, watch exclusive interviews with showbiz stars, and get a much needed laugh at lunchtime.

http://www.itv.com
http://www.stv.tv

#loosewomen",2021-11-23T15:16:17Z,49696,https://www.youtube.com/watch?v=w42C-sLReJc
9VoushTH20Q,5 Autism Signs in Babies 2 Years or Younger,"PLEASE READ DISCLAIMER AT BEGINNING OF VIDEO.
Many requests have been made for this video and we aim to help, rather than cause undue concern, for those looking for more information in helping little ones who may have autism. Thank you.

You can find us on Patreon: https://www.patreon.com/autismfamily",2018-12-05T20:14:38Z,5742916,https://www.youtube.com/watch?v=9VoushTH20Q
L-5SzOxOWpY,AIRPLANES &amp; AUTISM,"Several situations have happened around the world where a family has been removed from the an airplane because their child who is on the autism spectrum had a meltdown due to inconveniences that could have been prevented.

Travel can be stressful for anyone let alone a child on the autism spectrum, and for Salama and I this has always been a concern for us and something we try to our best to prepare for. What we have learned through this video is that there is a ""Special Service Code"" DPNA which stands for ""Disabled Passenger with intellectual or developmental disability needing assistance"".

Travellers can use this code with the travel agent or airline when booking a flight which will then allow them to list the support they need such as boarding the flight early, getting a hot meal upon boarding, or ensuring that you are all sitting together, essentially anything that can be done to make the travel experience as soon as possible.

The problem here is that Airlines and Airports are not required to cater to the requirements when you use a DPNA code, more importantly many passengers around the world don't even know it exists. That is why it is so important to raise awareness for the DPNA code, to push our airlines and our airports to acknowledge the code and ensure that travel is inclusive no matter what your needs are, so that we can all experience travelling this world with safety and dignity.

Much love and God bless.

Thank you Travelport and Etihad Airways for raising awarness about the DPNA code and making this video possible, and for all the work you are doing to make global travel inclusive and safe for everyone. #TravelUnified

For anyone looking to learn more about the important work Travelport, a system for airlines to book flights, are doing you can check here: www.travelport.com/travelunified

Extra thanks to the Fathering Autism for the clips! https://www.youtube.com/user/FatheringAutism

Instagram: https://www.instagram.com/khalidalameri
Facebook: https://www.facebook.com/khalidalameri
Adnan's Instagram: https://www.instagram.com/headdnan_
Adnan's Facebook: https://www.facebook.com/headdnan

Music by Epidemic Sound",2019-04-16T10:27:02Z,1891510,https://www.youtube.com/watch?v=L-5SzOxOWpY
IFJmEqQ0LKA,How I Found Out My Son Has Autism,"This is one of the hardest videos I have had to film. I talk openly about autism diagnosis and the process we went through. Some words of wisdom on how I got through it. I am as honest and raw as I’ll ever be.

_______________________________________________________________
'Coming Home to Autism' book:
https://www.amazon.co.uk/Coming-Home-Autism-Room-Room/dp/1785924362


Social media:
Instagram - http://instagram.com/taraleniston
Facebook - http://facebook.com/cominghometoautism
Website - http://cominghometoautism.com/


Business enquiries:
info@cominghometoautism.com


Video Producer: 
Tiara Westlake https://www.kamukami.com/


Music:
l u v t e a (acoustic revisit) by autumn keys https://soundcloud.com/autumnkeys
Creative Commons — Attribution-ShareAlike 3.0 Unported  — CC BY-SA 3.0 
http://creativecommons.org/licenses/b...
Music promoted by Audio Library https://youtu.be/Kwvzd3tkTRk

Tomorrow - Bensound ( Royalty Free Music from Bensound )

Piano Moment - Bensound ( Royalty Free Music from Bensound )


Chinese Subtitles by Sharon Tao
________________________________________________________________",2019-04-07T08:06:19Z,1993775,https://www.youtube.com/watch?v=IFJmEqQ0LKA
wc77MksM_2c,Marvelous Max - Autism Awareness for Kids,"Marvelous Max is a 3 minute animated video for Primary School kids. The aim of the video is to create more awareness of autism spectrum disorder.
​
The Marvelous Max program is a free resource for all schools across Australia.  

Once your school registers, you will then gain access to the downloadable video file and teacher’s kit. The teacher’s kit comes with a lesson plan, questions to ask the kids after watching the video and facts about Autism Spectrum Disorder. It also comes with student surveys and a reflection task for students in years 5 & 6.
 
To register click on link below.

Website:

www.marvelousmax.com.au

Like us on Facebook

www.facebook.com/marvelousmax.com.au/

Follow us on Twitter:

https://mobile.twitter.com/MarvelousMax_HQ

Follow us on Instagram:

https://www.instagram.com/marvelousmax_hq",2015-07-07T10:42:04Z,430540,https://www.youtube.com/watch?v=wc77MksM_2c
lix5QZhckPY,"L.I. student beats odds of autism diagnosis, becomes valedictorian","It's graduation season, and one Long Island student beat the odds of an autism diagnosis to soon graduate with quite an impressive achievement. As CBS2's Carolyn Gusoff reports, the 17-year-old is at the top of his class.",2022-06-09T22:06:21Z,1804,https://www.youtube.com/watch?v=lix5QZhckPY
0oBrqnmJMuQ,Man with autism to become UCLA&#39;s first nonverbal graduate,"Kandis Crone reports on Woody Brown, who was diagnosed with autism when he was two years old, and is now becoming UCLA's first ever nonverbal graduate.",2022-05-28T05:06:09Z,4467,https://www.youtube.com/watch?v=0oBrqnmJMuQ
hWxQULZxJao,"Foster Mom MISTREATS Autistic Kid, She Lives To Regret It | Dhar Mann","✅ Download my FREE mobile app 👇🏾
App Store = https://apple.co/3nhvjap
Google Play = https://bit.ly/3DRzS1I


💥 Don't forget to SUBSCRIBE to my channel by clicking here ➞ ➞ http://bit.ly/DharMannYouTube **Make sure you CLICK THE BELL ICON so you can get notifications when my next video goes up so you don’t miss anything!

REMEMBER - We're not just telling stories, we're changing lives! So please help my videos change more lives by SHARING!



⚑  SHOP EXCLUSIVE MERCH! ⚑  
Shop Merch ➜ https://shop.dharmann.com/



⚑ CONNECT WITH ME ⚑ 
Instagram ➜ https://www.instagram.com/dhar.mann/
Facebook ➜ https://www.facebook.com/dharmannofficial
Twitter ➜ https://twitter.com/dharmann
Pinterest ➜ https://pinterest.com/dharmannofficial
TikTok ➜ https://bit.ly/34P7DQR
Newsletter Sign-Up ➜ http://bit.ly/2uNssig



★ OTHER CHANNELS ★ 
🔴 Behind-The-Scenes Channel ➜ https://bit.ly/3dJRfGb
🟡 Top Videos Channel ➜ https://bit.ly/2PPqSH9
🟠 Reactions Channel ➜ https://bit.ly/3ftiiYk
🟢 Extended Cuts ➜ https://bit.ly/3iBiNBS
Compilations Channel ➜ https://bit.ly/2S89zly
Dhar and Laura Vlog ➜ http://bit.ly/DharAndLauraYouTube


INTERNATIONAL CHANNELS:
Spanish: https://bit.ly/2EuagyY
Portuguese: https://bit.ly/3nx2Blc
Arabic: https://bit.ly/3jYE0TQ
Hindi: https://bit.ly/2Iy6beu
French: https://bit.ly/3COf2Qc
German: https://bit.ly/3AQI3dE


★ RECOMMENDED VIDEO FOR YOU ★
- Gamer Gets Cyberbullied At School: https://youtu.be/kmG9maCcut4

★ RECOMMENDED PLAYLIST FOR YOU ★
- My Best Videos: https://bit.ly/3z7QEIC



⚑ LEAVE A REVIEW ON IMDB ⚑ 
Share Your Review ➜ https://imdb.to/3zDwUgv




💥 NEW VIDEOS MONDAY - FRIDAY at 5pm (PST) 💥




CHAPTERS:
00:00  Foster Mom MISTREATS Autistic Kid
13:28  Recommended Video To Watch Next



Idea: Dhar Mann and Michelle Do
Writer: Dhar Mann
Director / Cinematographer: Ryan Koch
Senior Manager: Ruben Ortiz, Tony Corsini
Assistant Director:
Script Supervisor:
Editor: Grant Swanson
Assistant Editor: Antonio Cedillo
Composer: Nick Audy
Colorist: Ruben Ortiz
Sound Editor: Lucca Mendes
VFX Editor: Ian Kursakov
Trailer Editor: Brian Burkhardt
Casting and Locations Manager: Alisha Watson
Casting Associate: Daniel Carrera, Lauren Parsons, Kevin Svec
Pre Production Manager: Hope Mueller, Luz Ortiz
Post Production Manager: Brian Nelson, Allan Dave Castro
Bookings Manager: Nix Villarubin
Bookings Associates: Jacq Balmeo, Sherri Salazar
Project Manager Associates: Katey Clausen, Miranda Romero
Lead Production Assistant: Theo Boccara
Production Assistant: Gibson Reedy, Chad Lopez
Gaffer: Wilson Chang
Best Boy Grip/PA: 
Best Boy/PA:
Makeup/Hair: Alan Gonzalez
Sound Mixer / Boom Operator: Shane Valentin
Set Decorator: Marco Chiong
Props Associate: Manuel Alcaraz, Armand Bashar
Studio Teacher: 
Security: Gabriel Herrera
BTS Director: 
BTS Editor: 
BTS Assistant Editor:
BTS Colorist: 
2nd Assistant Camera:

Actors:
Kevin - Brendan Schroeder
Joy - Rachel Christainson
Sandra - Nerissa Tedesco
Employee 1 - Vilma Pastuszak
Employee 2 - Maggie Gagliardi
Employee 3 - Patrick Taft
Employee 4 - Nick Darnell
Customer 1 - Omar Morris
Customer 3 - Christopher Manning
Customer 4 - Brigitte Reinke
Customer 5 - Peter Laboy
Customer 6 - Maui Santos
Customer 7 - Cedric Sutton
Customer 8 - Natalia Christabelle
Older kevin - Ayden Layne









#DharMannFam #Inspirational #Motivational",2022-04-30T00:00:16Z,10282911,https://www.youtube.com/watch?v=hWxQULZxJao
wZNQkHSp7yY,Baby Food Autism Lawsuits - July 2022 Update,"Our lawyers are handling baby food autism lawsuits for families who have a child that has autism as a result of baby foods that contain toxic heavy metals.  

JULY 2022 BABY FOOD LAWSUIT UPDATE

The first toxic baby food lawsuit was filed after the Congressional investigation report about toxic metals in baby foods was released in February 2021. 

Approximately 50 similar product liability lawsuits have been filed around the country since then. Our baby food lawyer looked at the current status of some of the earliest cases. We found that a very large percentage of these early cases have been dismissed voluntarily by the plaintiff. For those cases that are still pending, however, we could see a trial date scheduled before the end of the year.  A baby food lawsuit in California may go to trial this summer. 

WHAT THE BABY FOOD LAWSUITS ARE ABOUT?

Several major brands of baby food contain dangerously high levels of toxic heavy metals such as arsenic, lead, and mercury. These toxic substances are known to cause neurologic and other health problems in developing children. Consumption of these toxic baby foods may be linked to the development of conditions such as ADHD and autism.

HIRING A BABY FOOD LAWYER

Our autism baby food attorneys are currently accepting new autism lawsuits for children and families who suffered neurological injuries from the consumption of these toxic baby foods. If you fed Gerber brand baby food, or “Earth’s Best” brand baby food to your child and they were subsequently diagnosed with Attention Deficit Disorder (ADD or ADHD), autism, or another type of neurologic disorder, call our toxic baby food lawyers at 800-553-8082. You may be entitled to significant financial compensation.

https://www.millerandzois.com/baby-food-lawsuits.html

Music from Uppbeat (free for Creators!):
https://uppbeat.io/t/zoo/imagine
License code: ICXJUDSRCVKWFHVC",2022-02-08T18:31:18Z,774,https://www.youtube.com/watch?v=wZNQkHSp7yY
0-YLP3CRiUM,Demisexuality and AUTISM: is there a link?,"For my video on Alexithymia 🤔, click here: https://youtu.be/S3tD94tB6T4

Demisexual people have a very specific way of experiencing sexual attraction.

Demisexuality is basically when you don't feel sexual attraction to other people unless some sort of strong bond or emotional connection has been made. With the prefix “demi” meaning “half”, you could think of it as halfway onto the asexual spectrum. They are often known as ""gray ace"".

This relates to autism in a variety of ways - sensory/touch, relating to other people and building meaningful relationships, and understanding others intentions.

#demisexual #demisexuality #autism

☕If you like my content and want to “tip” me, you can buy me a Ko-Fi here ☕: https://ko-fi.com/yosamdysam 

🔀All my autism videos in one handy playlist 🔀: https://www.youtube.com/playlist?list=PLfWrZJcC_lTAJvhgia_UqpidfyNARkPCN 
👭 Autism in women/girls playlist 👭: https://www.youtube.com/playlist?list=PLfWrZJcC_lTDCKsfwEtLNWq96OgYHqA-b 
🐦My Twitter 🐦: https://twitter.com/Samantha_Stein
📷My Instagram 📷: https://www.instagram.com/yosamdysam/
✉ SIGN UP TO MY MAILING LIST ✉: https://www.subscribepage.com/yosamdysam",2019-09-27T14:30:01Z,216477,https://www.youtube.com/watch?v=0-YLP3CRiUM
Omu7Cg41vIE,Nonspeaking valedictorian with autism delivers inspiring graduation address,"A valedictorian with nonverbal autism gave an inspiring speech at her college graduation. “I have struggled my whole life with not being heard or accepted... Yet today, here I stand,"" Elizabeth Bonker said using a text-to-speech computer program.",2022-05-13T22:10:24Z,20734,https://www.youtube.com/watch?v=Omu7Cg41vIE
QC-p6gLAXC8,Teen with autism beaten and robbed at Howell High School by classmates,A savage attack is caught on video at Howell High School.,2021-09-09T04:20:13Z,20265,https://www.youtube.com/watch?v=QC-p6gLAXC8
8af0QPhJ22s,Undercover Cop Tricks Autistic Student into Selling Him Weed (Full Length),"Meet the Martha Stewart of Marijuana http://bit.ly/2gTh2PQ

Subscribe to VICE here! http://bit.ly/Subscribe-to-VICE

This is the story of Jesse Snodgrass, a kid with Aspergers Syndrome who was entrapped by an undercover cop posing as a student at Jesse's high school. This is the story of how the war on drugs preys on the most vulnerable.

Click to donate to the Snodgrass's legal defense fund: http://bit.ly/1w1wnvt

Check out the 4/20 playlist here: http://bit.ly/WbmMHD

Subscribe to VICE here! http://bit.ly/Subscribe-to-VICE
Check out our full video catalog: http://bit.ly/VICE-Videos
Videos, daily editorial and more: http://vice.com
Like VICE on Facebook: http://fb.com/vice
Follow VICE on Twitter: http://twitter.com/vice
Read our tumblr: http://vicemag.tumblr.com",2014-07-16T18:48:21Z,7609896,https://www.youtube.com/watch?v=8af0QPhJ22s
oKKz_uOLMHo,Women with Autism | Video | Watch More Online,"Writer Madeleine Ryan describes herself as an 'autistic woman'. Here’s what she says people don’t know about these super stealth women.  https://bit.ly/autisticwomen

#SBSVoices #autism",2020-09-16T07:04:51Z,2002,https://www.youtube.com/watch?v=oKKz_uOLMHo
O3Vsg9lZtQk,Autistic Teen Missing for 3 Years Found 700 Miles From Home,"A young man found outside on a frigid night near the resort town of Park City, Utah, was discovered to be the teenager who had been reported missing from California three years ago, authorities said. Police found him at a gas station after someone reported seeing the man sleeping there. He seemed to be a match for Connerjack Oswalt, an autistic teenager who vanished from his home in Clearlake, California, in 2019 when he was 16. His family was contacted and his step-father confirmed it was him.",2022-04-18T22:02:42Z,3668157,https://www.youtube.com/watch?v=O3Vsg9lZtQk
_vQNvOO59mo,Autistic People Will Run the World,"Excerpt from Brotherly Love | TPW 384
Full Episode: https://youtu.be/xQQraoNKFRA

Find Theo Von:
Website: https://theovon.com 
Instagram: https://instagram.com/theovon
Facebook: https://facebook.com/theovon
Facebook Group: https://facebook.com/groups/thispastweekend 
Twitter: https://twitter.com/theovon
Patreon: https://patreon.com/theovon 
YouTube: https://youtube.com/theovon

#TheoVonClips",2022-04-06T17:01:04Z,60177,https://www.youtube.com/watch?v=_vQNvOO59mo
-gxE8eEA5bA,Kids MAKE FUN OF Boy With AUTISM (Behind The Scenes) | Dhar Mann Studios,"💥 Don't forget to SUBSCRIBE to our channel by clicking here ➞ ➞ https://bit.ly/3dJRfGb 
**Make sure you CLICK THE BELL ICON so you can get notifications when my next video goes up so you don’t miss anything!

🎬 WATCH this FULL VIDEO here: https://youtu.be/uv2vqK8luyY

REMEMBER - We're not just telling stories, we're changing lives! So please help my videos change more lives by SHARING!



⚑  SHOP EXCLUSIVE MERCH! ⚑  
Shop Merch ➜ https://shop.dharmann.com/



⚑ CONNECT ON SOCIAL ⚑ 
Instagram ➜ https://www.instagram.com/dhar.mann/
Facebook ➜ https://www.facebook.com/dharmannofficial
Twitter ➜ https://twitter.com/dharmann
Pinterest ➜ https://pinterest.com/dharmannofficial
TikTok ➜ https://bit.ly/34P7DQR
Newsletter Sign-Up ➜ http://bit.ly/2uNssig



★ OTHER CHANNELS ★ 
🔴 Behind-The-Scenes Channel ➜ https://bit.ly/3dJRfGb
🟡 Top Videos Channel ➜ https://bit.ly/2PPqSH9
🟠 Reactions Channel ➜ https://bit.ly/3ftiiYk
🟢 Extended Cuts ➜ https://bit.ly/3iBiNBS
Compilations Channel ➜ https://bit.ly/2S89zly
Dhar and Laura Vlog ➜ http://bit.ly/DharAndLauraYouTube


INTERNATIONAL CHANNELS:
Spanish: https://bit.ly/2EuagyY
Portuguese: https://bit.ly/3nx2Blc
Arabic: https://bit.ly/3jYE0TQ
Hindi: https://bit.ly/2Iy6beu
French: https://bit.ly/3COf2Qc
German: https://bit.ly/3AQI3dE


★ RECOMMENDED VIDEO FOR YOU ★
- Gamer Gets Cyberbullied At School: https://youtu.be/kmG9maCcut4

★ RECOMMENDED PLAYLIST FOR YOU ★
- Dhar Mann's Top Videos: https://bit.ly/3z7QEIC





⚑ LEAVE A REVIEW ON IMDB ⚑ 
Share Your Review ➜ https://imdb.to/3zDwUgv




💥 NEW VIDEOS Weekly 💥




CHAPTERS:
00:00​   Behind-The-Scenes Footage
07:41​   WATCH The Full Video


#DharMannFam #LiveYourBestLife​ #Motivation",2021-04-13T23:45:16Z,6550922,https://www.youtube.com/watch?v=-gxE8eEA5bA
5wGac1WZREo,Body camera footage shows 2020 incident where woman with autism confronted by police,How police officers handle an escalating situation caused by a mental health crisis can make a big difference in the outcome. Kayleigh's story may explain why.,2021-10-14T22:30:39Z,963971,https://www.youtube.com/watch?v=5wGac1WZREo
9xqT5gnwSw8,Inclusive Quality Education for All - World Autism Awareness Day (2 April) | United Nations,"The 2022 observance will address inclusive education in the context of SDG 4 – the promise and reality – through a virtual event that will include a moderated panel discussion, along with brief presentations by self-advocates, educators and other experts.

---

Over the past decade, major progress has been made towards increasing access to education generally, as well as for persons with autism specifically.

However, in 2020, as the COVID-19 pandemic spread across the globe, a majority of countries announced the temporary closure of schools, impacting more than 90 per cent of students worldwide. Many students with autism have been especially hard hit and studies show that they have been disproportionately affected by disruptions to routines, as well as services and supports that they rely on.

The Sustainable Development Goals (SDGs) adopted by world leaders in 2015 recognize that ensuring inclusive and equitable quality education is the foundation for improving people’s lives and reducing inequalities. The 2022 World Autism Awareness Day observance will, therefore, address inclusive education in the context of SDG 4 (Quality Education) with a virtual event that will include a moderated panel discussion, along with brief presentations by self-advocates, educators and other experts.

The event is organized by the UN Department of Global Communications and UN Department of Economic and Social Affairs, with the support of civil society partners including the Autistic Self Advocacy Network, the Global Autism Project and the Specialisterne Foundation. The event is co-sponsored by the United Nations Permanent Missions of Bangladesh, Bulgaria, Denmark, Italy, Malta, and Poland.

World Autism Awareness Day website (Secretary-General’s message, Programme, and additional information): https://www.un.org/en/observances/autism-day",2022-04-08T14:00:11Z,5041,https://www.youtube.com/watch?v=9xqT5gnwSw8
BGpqUsWIyHU,"Boss FIRES AUTISTIC Employee, Instantly Regrets It | Dhar Mann","⚑ MOBILE APP ⚑
App Store = https://apple.co/3nhvjap
Google Play = https://bit.ly/3DRzS1I


💥 Don't forget to SUBSCRIBE to my channel by clicking here ➞ ➞ http://bit.ly/DharMannYouTube **Make sure you CLICK THE BELL ICON so you can get notifications when my next video goes up so you don’t miss anything!

REMEMBER - We're not just telling stories, we're changing lives! So please help my videos change more lives by SHARING!



⚑  SHOP EXCLUSIVE MERCH! ⚑  
Shop Merch ➜ https://shop.dharmann.com/



⚑ CONNECT WITH ME ⚑ 
Instagram ➜ https://www.instagram.com/dhar.mann/
Facebook ➜ https://www.facebook.com/dharmannofficial
Twitter ➜ https://twitter.com/dharmann
Pinterest ➜ https://pinterest.com/dharmannofficial
TikTok ➜ https://bit.ly/34P7DQR
Newsletter Sign-Up ➜ http://bit.ly/2uNssig



★ OTHER CHANNELS ★ 
🔴 Behind-The-Scenes Channel ➜ https://bit.ly/3dJRfGb
🟡 Top Videos Channel ➜ https://bit.ly/2PPqSH9
🟠 Reactions Channel ➜ https://bit.ly/3ftiiYk
🟢 Extended Cuts ➜ https://bit.ly/3iBiNBS
Compilations Channel ➜ https://bit.ly/2S89zly
Dhar and Laura Vlog ➜ http://bit.ly/DharAndLauraYouTube


INTERNATIONAL CHANNELS:
Spanish: https://bit.ly/2EuagyY
Portuguese: https://bit.ly/3nx2Blc
Arabic: https://bit.ly/3jYE0TQ
Hindi: https://bit.ly/2Iy6beu
French: https://bit.ly/3COf2Qc
German: https://bit.ly/3AQI3dE


★ RECOMMENDED VIDEO FOR YOU ★
- Gamer Gets Cyberbullied At School: https://youtu.be/kmG9maCcut4

★ RECOMMENDED PLAYLIST FOR YOU ★
- My Best Videos: https://bit.ly/3z7QEIC





⚑ LEAVE A REVIEW ON IMDB ⚑ 
Share Your Review ➜ https://imdb.to/3zDwUgv





💥 NEW VIDEOS every MONDAY, TUESDAY, WEDNESDAY and THURSDAY at 5pm (PST) 

CHAPTERS:
00:00   Boss FIRES AUTISTIC Employee
08:15   Recommended Video To Watch Next


CREDITS:
Idea By: Michelle Do and Dhar Mann
Written By: Dhar Mann
Director: Mario Rodriguez / Rushikesh Bhadane
Editor: Grant Swanson
Composer: Milo Cantor
Senior Manager: Ruben Ortiz
Pre-Production Manager: Kat Davila
Casting Associate: Daniel  Carrera, Lauren Parsons
Project Managers: Nix Villarubin, Hope Mueller, Jacq Balmeo, Sherri Salazar
Production Assistant: Barry Bryant, Vaibhav Arora 
Sound: Noel Palacios

Actors:
MANAGER - Danny Delloyd
OWNER - Johnny Avila
CARSON - Jacob Lince
COOK 1 - Colin Borden
COOK 2 - James Garcia
PASTRY CHEF - Riki Yvette Westmoreland
CUSTOMER 1 - Carlos Chavez
CUSTOMER 2 - Jennifer Treviino
YOUNG CARSON - Aodhan Lane
STUDENT 1 - Kenzo Benvenuto
STUDENT 2 - Christian Ware
STUDENT 3 - Kayla Nguyen
STUDENT 4 - Natalie Kopyan
STUDENT 5 - Isabella Semidey 
STUDENT 6 - Bubba Ali
PRINCIPAL - Eric Laatsch
BOARD MEMBER 1 - Rosetta Tate
BOARD MEMBER 2 - Dhruv Patel 
CUSTOMER 3 - Peter Laboy
CUSTOMER 4 - Elijah Dierking
CUSTOMER 5 - Beko Andre
CUSTOMER 6 - Anthony Cervero
CUSTOMER 7 - Michele Marotta
CUSTOMER 8 - Tia Nalls
CUSTOMER 9 - Tracey Anarella
CUSTOMER 10 - Sofia Zepeda
Casting Support Services - Breakdown Services





#DharMannFam #LiveYourBestLife #Inspirational",2021-06-09T00:00:12Z,15548303,https://www.youtube.com/watch?v=BGpqUsWIyHU
czTVM5cERFg,"Dad Abandons AUTISTIC CHILD, He Lives To Regret It | Dhar Mann","⚑ MOBILE APP ⚑
App Store = https://apple.co/3nhvjap
Google Play = https://bit.ly/3DRzS1I


💥 Don't forget to SUBSCRIBE to my channel by clicking here ➞ ➞ http://bit.ly/DharMannYouTube **Make sure you CLICK THE BELL ICON so you can get notifications when my next video goes up so you don’t miss anything!

REMEMBER - We're not just telling stories, we're changing lives! So please help my videos change more lives by SHARING!



⚑  SHOP EXCLUSIVE MERCH! ⚑  
Shop Merch ➜ https://shop.dharmann.com/



⚑ CONNECT WITH ME ⚑ 
Instagram ➜ https://www.instagram.com/dhar.mann/
Facebook ➜ https://www.facebook.com/dharmannofficial
Twitter ➜ https://twitter.com/dharmann
Pinterest ➜ https://pinterest.com/dharmannofficial
TikTok ➜ https://bit.ly/34P7DQR
Newsletter Sign-Up ➜ http://bit.ly/2uNssig



★ OTHER CHANNELS ★ 
🔴 Behind-The-Scenes Channel ➜ https://bit.ly/3dJRfGb
🟡 Top Videos Channel ➜ https://bit.ly/2PPqSH9
🟠 Reactions Channel ➜ https://bit.ly/3ftiiYk
🟢 Extended Cuts ➜ https://bit.ly/3iBiNBS
Compilations Channel ➜ https://bit.ly/2S89zly
Dhar and Laura Vlog ➜ http://bit.ly/DharAndLauraYouTube


INTERNATIONAL CHANNELS:
Spanish: https://bit.ly/2EuagyY
Portuguese: https://bit.ly/3nx2Blc
Arabic: https://bit.ly/3jYE0TQ
Hindi: https://bit.ly/2Iy6beu
French: https://bit.ly/3COf2Qc
German: https://bit.ly/3AQI3dE


★ RECOMMENDED VIDEO FOR YOU ★
- Gamer Gets Cyberbullied At School: https://youtu.be/kmG9maCcut4

★ RECOMMENDED PLAYLIST FOR YOU ★
- My Best Videos: https://bit.ly/3z7QEIC





⚑ LEAVE A REVIEW ON IMDB ⚑ 
Share Your Review ➜ https://imdb.to/3zDwUgv





💥 NEW VIDEOS every MONDAY, TUESDAY, WEDNESDAY and THURSDAY at 5pm (PST) 


CHAPTERS:
00:00   Dad Abandons AUTISTIC CHILD
06:17   Recommended Video To Watch Next


CREDITS:
Writer: Michelle Do and Dhar Mann
Idea: Michelle Do and Dhar Mann
Director: Mario Rodriguez
Editor: Joel Ray
Composer: Tyler Hindsley
Senior Manager: Ruben Ortiz, Tony Corsini
Pre-Production Manager: Kat Davila
Casting Associate: Daniel E. Carrera, Lauren Parsons, Kevin Svec
Project Managers: Nix Villarubin, Hope Mueller, Jacq Balmeo, Sherri Salazar, Alexander Pacillas, Allan Dave Castro
Production Assistant: Carlos Orellana, Elisandro Gonzalez, Vaibhav Arora
Sound: Brian Sly
Casting Services: Breakdown Services

Actors:
Husband - Kenny Johnston
Wife: - Katherine Norland
Doctor - April Lind
New Woman - Erin Gray
Samuel - Layth Haddad
Chance - Jacob Lince
Young Chance - Malakai Basile
Student 1 - Xander Simmons
Student 2 - Alma Marian
Moderator - Yvonne Miranda
Parent 1 - Remy O’Brien
Parent 2 - Shoko Rice
Parent 3 - Michele Marotta
Parent 4 - Tasha Nwude
Parent 5 - Ina Dahilig
Parent 6 - Joe Integlia
Parent 7 - Peter Laboy
Parent 8 - Theodore Mark Martinez
Parent 9 - Bryan Carter
Parent 10 - Derrick Vidrine
Teen 1 - Leiah Abellera
Teen 2 - Ashley Davidson
Teen 3 - Tia Nalls
Teen 4 - Sofia Zepeda
Teen 5 - Acoyah Russ
Teen 6 - Nicolás Arturo Marín
Teen 7 - Amogh Karwar
Teen 8 - Devonte Hoy
Teen 9 - Orion Hunter
Teen 10 - Cody Mitchell Key




#Motivation #Inspirational",2021-07-15T00:00:11Z,9340144,https://www.youtube.com/watch?v=czTVM5cERFg
cdXrvBVo1Vs,Autism Families Reunite | Welcome To The Weefam Resort!,"Our Florida friends visited us all the way up in Minnesota! We loved opening our home along with the backyard to them and really enjoyed the time spent reuniting. @FatheringAutism is their channel and they also have videos of the visit from a different perspective. #weefam #autism

This is us: www.weefam.com",2022-07-06T23:00:17Z,8656,https://www.youtube.com/watch?v=cdXrvBVo1Vs
Az2RgDLsnKI,Richard&#39;s son Jaco has autism &amp; their relationship is amazing - BBC Stories,"Jaco Mylan is like any other 11-year-old boy. He loves rugby, dancing and washing machines. Jaco also has autism. In this intimate documentary, Welsh actor Richard Mylan reflects on his experience of raising a son on the autistic spectrum. Like all parents, Richard wants Jaco to be happy and independent, but he's well aware that having a child with special needs means you have to plan further into the future. Will Jaco be able to get a job? Where will he live? How much support will he need? Through spending time with adults on the autistic spectrum, Richard comes across funny, surprising and inspiring individuals who have their own unique take on living with this lifelong condition.
#autism #worldautismawarenessday #bbcstories",2017-04-29T09:25:43Z,43993,https://www.youtube.com/watch?v=Az2RgDLsnKI
y3BH_xH5HRI,"3. Sidee aan autism u fahmi karaa, aniga oo ka eegaya fikrad Somali?","Dadka qaar waxa laga aabaa in ay ka warwaraan in ilmahoogu waalan yahay ama shaydaan haysto. Laakin autism waxa ay tahay in maskaxda ilmahu ay si duwan ay u wired garaysan tahay. Autism ma tagto laakin macneheedu ma aha qofku ma guulaysan karo. Ilmaha autism leh waxa laga yaabaa in ay ku ad kaato malimeedka qofka waxa kale oo ay leeyihiin kartiyo kale oo aad ubadan.
Video gani waxa aad ka heli doonaa sida aad ilma haaga aad ucaawin kartid.",2021-03-26T09:16:17Z,5749,https://www.youtube.com/watch?v=y3BH_xH5HRI
8chH5FWRTdo,Dangers of Autism in Media,"Video essay on how misconceptions in movies attribute to ignorance and dangers in perceptions on autism.

Support: https://www.patreon.com/movieswithmark
Blog: https://MoviesWithMark.com
Twitter: https://twitter.com/Madness_Mark
Twitch: https://www.twitch.tv/movieswithmark

Stop The Shock: https://autisticadvocacy.org/stoptheshock/

Sources:
https://www.psychologytoday.com/us/blog/abcs-child-psychiatry/201705/the-link-between-autism-and-violence-isn-t-autism
https://www.sciencedirect.com/science/article/abs/pii/S0890856717301508
https://autismawarenesscentre.com/how-the-low-arousal-approach-helps-your-child-with-autism-manage-overload/
https://www.news.com.au/lifestyle/health/health-problems/girl-with-autism-is-handcuffed-after-meltdown-at-school/news-story/697b86b84de2dbaeac00836238af1c73
https://journals.lww.com/hrpjournal/fulltext/2016/01000/template_to_perpetrate__an_update_on_violence_in.2.aspx
https://www.cnn.com/2012/12/19/health/shooting-autism/index.html
https://www.salon.com/2021/05/18/now-the-qanon-shaman-wants-to-use-autism-as-an-excuse-hell-no/
https://scholarship.law.cornell.edu/facpub/603
https://leader.pubs.asha.org/doi/10.1044/leader.FTR2.25042020.58
https://link.springer.com/article/10.1007/s10803-006-0197-8
https://www.huffpost.com/entry/the-controversy-surrounding-using-restraints-on-people_b_58d1bf87e4b099c777b9dcf4
https://unicornriot.ninja/2020/kobe-heisler-remembered-one-year-after-being-killed-by-police/
https://www.palmbeachpost.com/news/20190920/jupiter-police-unveils-autism-awareness-cruiser-badges
https://neuroclastic.com/thanks-we-hate-it-autistic-people-react-to-miamis-new-police-car/
https://www.theguardian.com/us-news/2020/sep/08/linden-cameron-police-shooting-boy-autism-utah
https://www.businessinsider.com/andrew-yang-continues-to-blame-mentally-ill-people-nycs-problems-2021-6
https://www.washingtonpost.com/lifestyle/magazine/an-electric-shock-therapy-stops-self-harm-among-the-autistic-but-at-what-cost/2016/11/21/b9b06c44-8f2c-11e6-9c85-ac42097b8cc0_story.html

0:00 Introduction
2:08 Part I Statistics
7:43 Part II The Night Clerk
12:30 Part III Music
17:26 Part IV Dangerous Response
27:43 Conclusion

#autism #movies #autistic",2021-12-28T03:38:36Z,10278,https://www.youtube.com/watch?v=8chH5FWRTdo
yLBl3he3Nqg,Sia&#39;s Autism Movie is Terrible &amp; Insulting,"Oh dear. Brought to you by Raycon. Go to https://buyraycon.com/CynicalReviews for 15% off your order!
THE TIMESTAMP FOR SKIPPING THE RESTRAINT SCENES IN THE VIDEO IS INCORRECT! If you want the skip the scenes and the discussion, go to here instead: 24:42 

This is a reupload, since YouTube decided to shadowban the first upload. More info: https://youtu.be/0-m33Sk-z_k 

00:00 - Intro
1:46 - What is ‘Music?’ & Why is it bad?
3:55 - The Maddie Ziegler Casting Controversy & Sia’s Meltdown
7:06 - Sia’s Relationship with Maddie Ziegler
10:44 - Terrible, Offensive Portrayal of Autism 
13:25 - Poor Research, No Input from Autistic Community
16:37 - Music as a Prop, Marginalised & Infantilised
19:19 - Condescending towards Autistic People
20:55 - The Restraint Scenes
24:42 - Sia: The Reckoning
26:17 - Wasted Potential & Conclusion

OFFICIAL MINECRAFT SERVER: cynicalreviewsmc.apexmc.co
TWITTER - https://twitter.com/Cynical_CJ 
TWITCH - https://www.twitch.tv/cynicalreviewsofficial 
PATREON - https://www.patreon.com/CynicalReviews
MERCH - https://cynicalreviews.myspreadshop.co.uk/  
CHANNEL MEMBERSHIPS - https://www.youtube.com/channel/UC1DCPS2j-o0bvfIilkc8RSw/join  
DISCORD - https://discord.gg/cynicalreviews
INSTAGRAM - https://www.instagram.com/cynicalcj/  
SUBREDDIT - https://www.reddit.com/r/Cynical_Reviews  
FACEBOOK - https://www.facebook.com/CynicalCJ/   
SECOND CHANNEL/STREAM ARCHIVE - https://www.youtube.com/channel/UCn3MSpJHCiEETin9AdLJHWA 

---Autistic YouTubers Reviewing ‘Music’---
Paige Layle -  https://youtu.be/Oa2EF8z2OM0 
Category: OTHER - https://youtu.be/assTcKA44Qg 
Princess Aspien - https://youtu.be/31y9j5Zl300 
Tianasao - https://youtu.be/xMWdA-Xif7I 

The Horrors of Autism Speaks - https://youtu.be/5Va_XXoD5LE 

Thumbnail by Cynic Snacks - https://www.youtube.com/channel/UCFKIgvMmcJtxTS9pdpCFwfg    

Character Stills by @artofjaynine 

----Music Credits----

Kevin MacLeod - “Hep Cats”, and “Shaving Mirror” (incompetech.com) Licensed under Creative Commons: By Attribution 3.0 License.

#MusicMovie #MusicSia #ad",2021-03-19T19:58:15Z,4541502,https://www.youtube.com/watch?v=yLBl3he3Nqg
GwTwcaBiKxA,Holly Robinson Peete Emotionally Recalls Receiving Son’s Autism Diagnosis A Decade Ago,"Actress Holly Robinson Peete sits down with Tamron Hall. Best known for her roles on the Fox TV police drama “21 Jump Street” and on the sitcom “Hangin' with Mr. Cooper”, she looks back at her life journey and her advocacy for autism. Her son RJ was diagnosed with the neurodevelopmental disorder over a decade ago and she’s helped countless families since. She also gives us the details on her new Hallmark holiday movie, “Our Christmas Journey.” 

#TamronHallShow #TamronHall #HollyRobinsonPeete
 
Subscribe to Tamron Hall Show: http://bit.ly/2QAZSuD
 
FIND YOUR TIME AND CHANNEL:
https://www.tamronhallshow.com
[Put in your zip code in the top portion of the website]
 
FOLLOW US:
Instagram: https://www.instagram.com/TamronHallShow/
Twitter: https://twitter.com/TamronHallShow
Facebook: https://www.facebook.com/TamronHall/
Pinterest: https://www.pinterest.com/tamronhallshow/
 
JOIN OUR SHOW:
https://www.tamronhallshow.com/be-on-the-show/
 
From the deeply moving to the purely fun, “Tamron Hall” is a daily destination for all things topical and a platform for viewers to connect with the people who are shaping our world through meaningful, engaging, and entertaining conversations. As a new mom, a newlywed, and a survivor who is proving you can accomplish anything at any age, Tamron Hall brings a refreshing, relatable, unpredictable, and unstoppable voice to television.
 
Broadcast from New York City featuring a dynamic mix of live and taped shows, “Tamron Hall” airs across the country in national syndication.",2021-12-16T23:15:00Z,48500,https://www.youtube.com/watch?v=GwTwcaBiKxA
aPknwW8mPAM,Can you make it to the end?,"Understand autism, the person and what to do. Visit http://bit.ly/2UuogeG",2019-05-16T14:02:12Z,488680,https://www.youtube.com/watch?v=aPknwW8mPAM
dW0HBaq1E7Y,Early Signs of Autism (tagalog) My daughter has autism,,2021-12-08T18:03:38Z,32126,https://www.youtube.com/watch?v=dW0HBaq1E7Y
gIo-_LNt_ww,"Autism :- Assessment ,Testing &amp; Therapies हिंदी मैं   in Hindi","Dr Rajiv Sharma -  Psychiatrist M.D. (AIIMS) ,Mobile - 742-8101-555
Clinic Address –A Beautiful Mind Clinic C-4C, 380, Janak Puri,New Delhi
For Appointments - http://abeautifulmindclinic.com
For Daily Updates Facebook Page - https://www.facebook.com/abeautifulmindclinic/
https://twitter.com/drrajiv_sharma
https://www.instagram.com/abeautifulmindclinic/?hl=en

https://www.youtube.com/playlist?list=PLVx23UgplAYth2Yafsu0GoR_LitUTPEPH
Autism PLAYLIST
https://youtu.be/7g4H3nUX8Mg
Autism in Hindi -Children / Babies  Dr Rajiv Sharma Psychiatrist
https://youtu.be/D4EsHc1Jjt0
Autism Spectrum D/O in Hindi  DSM-5 & Case
https://youtu.be/RMmRwvlTpcc
PART 2 लक्षण Autism in HINDI DSM-5 Case Study 
https://youtu.be/TXPVyt86UzE
Autism in Hindi DSM-5 Case Study 4 Years
https://youtu.be/fpd-ew46uIc
Autism in Hindi - Case Study
https://youtu.be/wd2cmebsHgM
बच्चा 3 Years  Autism in Hindi DSM-5 Case Study Parenting 
https://youtu.be/wC0HduEO3Sc
Autism in Hindi Occupational Therapy OT in children
https://youtu.be/Cv_fIHE3zHs
Autism Spectrum Disorder in babies Children Hindi Symptom Assessment Treatment  लक्षण और इलाज India",2022-07-14T12:30:13Z,720,https://www.youtube.com/watch?v=gIo-_LNt_ww
SQskB6Vkdj4,Best Sensory Music for Autism Sensory Visuals,"Autism Sensory Music. The best meltdown remedy with relaxing soothing visuals. Beautiful transitions of de stress, calming, soothing, relaxing music with visual particles! Perfect study music, spa music, meditation music, sleep music, study music, focus music with colorful visuals that are soothing and engaging. Find instant relief from stress and anxiety with this soothing, relaxing music. Be at calm and peace while you enjoy the high contrast animations. Enjoy the strong images and the high contrast images with movement and sound. This video is stimulating for autism calmdown, autism magic meltdown remedy, adhd, and autism sensory music. Wishing you relaxation and stress and anxiety relief.

★ Please LIKE & SUBSCRIBE for more sensory music videos ★

☻Autism Sensory Music➠ https://youtu.be/cqO9bMiQET8
☻ Stars➠https://youtu.be/8NNEUsRR4GM
☻ Donuts and Cupcakes fun Sensory Music ➠https://youtu.be/JOA0DoL3ok0
☻ Neon Shapes Fun Sensory Music ➠ https://youtu.be/oThRjRRo0Uo
☻ Rainbow Hearts ➠ https://youtu.be/1l6B_KUsbys
☻ Fun with Animals➠ https://youtu.be/7WOmo4tNL_Q 
☻ Unicorns and Rainbows ➠ https://youtu.be/mwF7Jpowcgs
☻ Hearts Transitions➠ https://youtu.be/Y7Jty_VEc7A

#autism #autismcalmingmusic #meltdownremedy #autismsensorymusic #autismcalming #autismttherapy #meditationmusic #peacefulmusic
#autismsensorymusic #autismmusic

© Super Duper Fun Music [2021]. All rights reserved. Any reproduction or republication of all or part of this video/audio/video description is prohibited.",2021-05-18T13:30:03Z,594953,https://www.youtube.com/watch?v=SQskB6Vkdj4
rIFvqRME0u0,Rollins College valedictorian to help people with nonspeaking autism,"Becoming top of the class is a difficult feat, and one of this semester’s valedictorians at Rollins College is proving you can do anything you put your mind to.",2022-05-06T22:22:31Z,1437,https://www.youtube.com/watch?v=rIFvqRME0u0
7OlxupcfD6E,Autism TikTok Compilation #10,"Shop Aesthetic Merch: https://bit.ly/AutisticallyAutisticArtsyMerch
Shop Anime Merch: https://bit.ly/AutisticallyAutisticAnimeMerch
Extra 5% Off Discount Code: autistic

Check out my main channel!
https://www.youtube.com/channel/UCiC1C44_HqN_YExjhHE2xaw

You can support the channel by donating!

Paypal - paypal.me/autikai
BuyMeACoffee - https://www.buymeacoffee.com/ASDisme

Tags -
#autismawareness #autism #autismacceptance #autismmom #autismfamily #asd #specialneeds #autismlife #autismspeaks #autismlove #autistic #autismsupport #autismspectrum #autismo #autismspectrumdisorder #aspergers #adhd #autismparents #actuallyautistic #autismdad #disability #differentnotless #love #neurodiversity #autismadvocate #inclusion #autismcommunity #autismparent #autismrocks #bhfyp #autismjourney #autismawarenessmonth #autismworld #mentalhealth #specialeducation #downsyndrome #disabilityawareness #aba #autismmoms #autisticadults #anxiety #autismwarrior #autismproud #autistickids #autisme #autismmemes #specialneedsmom #ilovesomeonewithautism #autismstrong #stimming #autismstars #mentalhealthawareness #spd #lightitupblue #sensory #neurodivergent #autismawarenessday #education #autisticpride #autismkids #stims #stimming #stimtoys",2021-10-12T11:49:37Z,187893,https://www.youtube.com/watch?v=7OlxupcfD6E
JNjk8w8oRRQ,A.U.T.I.S.M,"Provided to YouTube by TuneCore

A.U.T.I.S.M · CupcakKe

Eden

℗ 2018 CupcakKe

Released on: 2018-11-09

Auto-generated by YouTube.",2018-11-08T10:22:02Z,134382,https://www.youtube.com/watch?v=JNjk8w8oRRQ
HWoLOw8Xzv4,Hand Flicking Movements in Autism,,2021-07-24T14:00:44Z,25020,https://www.youtube.com/watch?v=HWoLOw8Xzv4
99bMGS8Xh58,Boss FIRES AUTISTIC Employee (Behind The Scenes) | Dhar Mann Studios,"💥 Don't forget to SUBSCRIBE to our channel by clicking here ➞ ➞ https://bit.ly/3dJRfGb 
**Make sure you CLICK THE BELL ICON so you can get notifications when our next video goes up so you don’t miss anything!

🎬 WATCH this FULL VIDEO here: https://youtu.be/BGpqUsWIyHU

REMEMBER - We're not just telling stories, we're changing lives! So please help my videos change more lives by SHARING!


⚑ CONNECT ON SOCIAL ⚑ 
Instagram ➜ https://www.instagram.com/dhar.mann/
Facebook ➜ https://www.facebook.com/dharmannoffial
Twitter ➜ https://twitter.com/dharmann
Pinterest ➜ https://pinterest.com/dharmannofficial
TikTok ➜ https://bit.ly/34P7DQR
TEXT ME (213-212-4550) ➜ http://bit.ly/DharMannCommunity
Newsletter Sign-Up ➜ http://bit.ly/2uNssig
Blog Posts ➜ https://www.dharmann.com/blog/
Shop Merch ➜ https://shop.dharmann.com/


★ OTHER CHANNELS ★ 
Best Of Dhar Mann Studios Channel ➜ https://bit.ly/3uTTmy3
Reactions Channel ➜ https://bit.ly/3ftiiYk
Dhars Main Channel ➜ http://bit.ly/DharMannYouTube
Dhar and Laura Vlog ➜ http://bit.ly/DharAndLauraYouTube


INTERNATIONAL PROFILES:
Spanish Channel: https://bit.ly/2EuagyY
Portuguese Channel: https://bit.ly/3nx2Blc
Arabic Channel: https://bit.ly/3jYE0TQ
Hindi Channel: https://bit.ly/2Iy6beu


★ RECOMMENDED VIDEO FOR YOU ★
- Sister Ashamed Of Her Disabled Brother, She Instantly Regrets It: https://youtu.be/NJEqifBtNOw

★ RECOMMENDED PLAYLIST FOR YOU ★
- Life Tips: https://bit.ly/2Si9jNC​


💥 NEW VIDEOS Weekly 💥


CHAPTERS:
00:00​   Behind-The-Scenes Footage
07:05   Bloopers
08:00   WATCH The Full Video


#DharMannFam #LiveYourBestLife​ #Motivation",2021-06-08T23:45:10Z,2604053,https://www.youtube.com/watch?v=99bMGS8Xh58
qpIQwqA_3cY,"Tik Talk: Little Einstein shows talents, spreads awareness about autism | ABCNL","ABC News' Trevor Ault speaks with Sebastian Esposito's parents, Ryan and Amanda, about his talents to memorize countries and write in 10 fonts while raising awareness about hyperlexia.

ABC News Live Prime, Weekdays at 7EST & 9EST

WATCH the ABC News Live Stream Here: https://www.youtube.com/watch?v=w_Ma8oQLmSM

SUBSCRIBE to ABC NEWS: https://bit.ly/2vZb6yP
Watch More on http://abcnews.go.com/
LIKE ABC News on FACEBOOK https://www.facebook.com/abcnews
FOLLOW ABC News on TWITTER: https://twitter.com/abc

#TikTalk #SebastianEsposito #Autism #Hyperlexia #LittleEinstein #ABCNLPrime",2022-04-29T03:16:09Z,3208,https://www.youtube.com/watch?v=qpIQwqA_3cY
ddDQfRjEgPY,Autism Virtual Reality Experience - Celebrating Differences,We've been out to different towns in Staffordshire asking people what they understand about Autism. They were then invited to watch a virtual reality video from the National Autistic Society of someone experiencing sensory overload. They then told us their experience.,2022-06-29T08:43:39Z,289,https://www.youtube.com/watch?v=ddDQfRjEgPY
j4PTf7LgsIE,Trying To Cope With A Severely Autistic Child,"Michele Sheffield wants to keep her severely autistic 20 year-old son Harley at home but he has become too big and violent for her to handle on her own. She fears for his safety if he was to go into an institution or group home.

Read more about Harley Sheffield:
Jacksonville mother feels the pain of caring for 20-year-old autistic son:  http://jaxne.ws/1P3TKBl
For family of autistic man, a day for letting go: http://jaxne.ws/1FAAzgO",2012-03-15T01:19:33Z,12778441,https://www.youtube.com/watch?v=j4PTf7LgsIE
Vjvu7GP5qbw,My Son has Autism ❤️,"Do you have any experience with Autism in your family? Let us know in the comments!
We love you guys ! ❤️
feat @Stephen Hilton 
#asd #autism #autismspectrum #parenting #speech #therapy #milestones #newborn #mentalhealth #childbirth #toddlers #marriage #relationships #mom #dad
Subscribe for more videos from Laura Clery - https://bit.ly/2LEwDQL
Like on Facebook for Helen Horbath Exclusives - https://bit.ly/2sklYCa
Follow on Instagram - https://bit.ly/2JbKwaY",2021-09-03T19:59:28Z,324307,https://www.youtube.com/watch?v=Vjvu7GP5qbw
DgDR_gYk_a8,Autism TMI Virtual Reality Experience,"Warning: this film contains flashing lights, bright colours and loud, sudden noises. Some people might experience motion sickness in this 360 degree virtual reality film.

Prepare to step into the virtual reality world of Too Much Information.
 
Sometimes, autistic people become overloaded by everything around them. That can make the outside world feel like a terrifying place. And for their families, all the looks, judgements and tuts make it feel like a lonely and isolated place.

That’s why we’ve created a virtual reality experience in collaboration with autistic adults and children. So you can feel every single sight, every single sound, every single stare they endure on a simple trip to the shopping centre. So stay calm, take a breath and make sure your headphones are plugged in.

The question is: Will you make it to the end?


#AutismTMI

To fully experience sensory overload, grab your headphones, download the app and get Google cardboard goggles, available now at: www.autism.org.uk/VR

If you don't have a Google cardboard or a VR headset to hand, we highly recommend viewing the 360 video with headphones.

Warning: this film contains flashing lights, bright colours and loud, sudden noises

Copyright notice
This website and its content is copyright of The National Autistic Society - © The National Autistic Society 2017. All rights reserved.
Any redistribution or reproduction of part or all of the contents in any form is prohibited other than the following:

• you may print or download to a local hard disk extracts for your personal and non-commercial use only
• you may copy the content to individual third parties for their personal use, but only if you acknowledge the website as the source of the material

You may not, except with our express written permission, distribute or commercially exploit the content. Nor may you transmit it or store it in any other website or other form of electronic retrieval system.

// About Us
We are the UK's leading charity for people affected by autism.

We want a world where all people living with autism get to lead the life they choose.

We will transform understanding of autism and make sure everyone living with autism gets the support they need.

Find more information about Autism, and helpful resources on our website: http://bit.ly/NationalAutisticSociety",2016-06-09T10:30:15Z,1146268,https://www.youtube.com/watch?v=DgDR_gYk_a8
8HEJKNnAFkg,People Thought Sal Vulcano Was Autistic After Bombing on Morning TV,"Excerpt from Sal Vulcano | TPW 395
Full Episode: https://youtu.be/Z9I6xGzsBlo

Find Theo Von:
Website: https://theovon.com 
Instagram: https://instagram.com/theovon
Facebook: https://facebook.com/theovon
Facebook Group: https://facebook.com/groups/thispastweekend 
Twitter: https://twitter.com/theovon
Patreon: https://patreon.com/theovon 
YouTube: https://youtube.com/theovon

#TheoVonClips",2022-06-22T19:11:24Z,633150,https://www.youtube.com/watch?v=8HEJKNnAFkg
ubR7VLw8gq0,Autism Ontario  - See the Potential with Michael McCreary,"This video, which features the incredible Michael McCreary, is a wonderful introduction to autism spectrum disorder. The video was created to support customer service professionals when they provide services or support to people on the autism spectrum; however the positive response from the general public has been overwhelming. 

This video is so accessible and entertaining, it offers something for everyone.

Starring Michael McCreary, Julien Basque, Geoff Cameron and Chris Cameron. 

Written and directed by Susan McCreary.

This video is dedicated to Matthew Allen  McCreary, January 16, 1998 - June 1, 2018
You are loved, You are missed, You are remembered. 

You are welcome to share this video with attribution:
Autism: See the Potential
Autism Ontario
autismontario.com

Support more projects like this with a contribution to Autism Ontario’s work. We want everyone to understand autism and to see the potential! You can support Autism Ontario and the work we do by donating at: www.autismontario.com 



This is an Autism Ontario initiative made possible by a grant from Autism Speaks Canada.",2016-04-21T20:43:15Z,55370,https://www.youtube.com/watch?v=ubR7VLw8gq0
XldzlvhsbFM,Autistic Girl&#39;s Family Releases Video Of Bus Driver&#39;s Alleged Abuse,"Kim Klopson, 64, was arrested for the alleged abuse after a school district employee noticed visible injuries on a special-needs student.",2018-05-16T02:20:05Z,1117649,https://www.youtube.com/watch?v=XldzlvhsbFM
cBOSr7JK8OA,We&#39;ll Get By (The Autism Song) Johnny Orr Band *Official Video Release* everyone needs to hear this,"Buy ""We'll Get By"" on iTunes
https://itunes.apple.com/us/album/well-get-by-the-autism-song/id853800315?i=853800364

Buy ""Down South"" the latest album from Johnny Orr Band
https://itunes.apple.com/us/album/down-south-ep/id855524874

Booking Johnny Orr: Johnnyorrbooking@gmail.com 

We'll Get By (The Autism Song) 
Johnny Orr Band 
*Official Video Release*
John & John Entertainment LLC. 2014

WE'LL GET BY
By: Johnny Orr written August 2013

Maybe I don't speak too well, but I'm coming outta my shell
And I like playing by myself if you can't tell
I like to go to school, yeah I'm a miracle, and I'm glad to be alive

If you'll wait patiently, well then eventually,
I will understand the words that you're saying to me
My autism, is like a prison, that I'm in

I share my heart but only in my mind,
I share my pain when I scream at night
I can't express to you, what I'm going through,
The only way is for me to cry

Mom I see your fear, through every single tear
Just to know I've caused you pain from inside of here
My autism, is like a prison, that I'm in

I share your joy but only in my mind
You show me love but just not in my time
Cause my reality, takes everything in me
To make it through without a fight

I know you love me, when you hug me,
And when I hear you pray to God for Him to heal me
Maybe one day, you won't have to pray
And I won't have to see you cry

(reprise)
Maybe one day, I won't be this way,
Until then we'll get by


Cast:     Johnny Orr, Maria Young & Jeffrey Cernese

Executive Producer(s) Shale Martin & Johnny Orr
Associate Producer/2nd AD/Editor  Nick Lilly
Unit Production Manager/Line Producer Dale Nelson
Director                     Samantha Murphy
First Assistant Director                  Joshua LeJeune
Second Second AD                          Samantha McCullough
Casting Director                    Jody Maltzman
Production Designer                   Vicente Brugeara
Director of Photography                  Anthony Ojo
Creative Cinema Consultant                 Christopher Horton
Behind the Scenes Director                  Bodie Robbins
Camera Team                    Cody Law
                      Evan McCliment
                      Ferdinand Rivera
                      Michael Cabán
Jib Operator    Alyssa Rose Dupuis
Jib Builder     Andy Lee
Gaffer     Travis Cannon
Key Grip/Best Boy/Dolly Grip Trent Edward Arant
Grip and Electric   Chris De Geus
      David Kennedy
      Eric Wiederecht
                                                Ricky Rose
Set Dressers    Andrea Paredes
      Carla Valentina Nuñez
      Madison Mavis

Special Thanks!
Andy Lee
Samuel Duzansky
Marc Bucksath
Rich Dine
James Neihouse
K&M Pony Parties

NOTE: Thank you all so much for making this happen and putting all of your efforts into making this the best video that it could be. I'm so blessed and thankful for all of you who participated and made this happen. Shale Martin, Nick Lilly, Samantha Murphy, were key components to this project. And thank you Nick for letting me come and sit with you all day editing this so that we were both happy with the outcome. Love all of you. - Johnny",2014-04-01T15:33:50Z,1116336,https://www.youtube.com/watch?v=cBOSr7JK8OA
hPU7ind5xFw,"Mesa, Arizona World&#39;s First Autism Certified City: Thibault Family Visits Certified Autism Centers","The Thibault family has two children on the autism spectrum.  Follow them through some of Mesa Arizona's Certified Autism Centers (CACs). Mesa, Arizona is the worlds first Autism Certified City (ACC), learn more at www.AutismTravelAZ.com",2019-11-14T22:22:36Z,8924,https://www.youtube.com/watch?v=hPU7ind5xFw
5Va_XXoD5LE,The Horrors of Autism Speaks,"Sources: https://pastebin.com/yPqwzJus
►Sad Milk: https://www.youtube.com/channel/UCoBPIbjDBhYkxU3uiGQAREA
►My Puppy's Channel: https://www.youtube.com/channel/UCVF8wEEVylFI38nogvdJl5g
►Twitch: https://www.twitch.tv/theiilluminaughtii
►Merch: https://multilevelmerch.shop
► Discord Server:  https://discord.gg/iilluminaughtii
► Subreddit Page: https://www.reddit.com/r/iilluminaughtii/

S O C I A L S
►Twitter: https://twitter.com/iilluminaughtii
►Snapchat: https://www.snapchat.com/add/iilluminaughtii
►Instagram: https://www.instagram.com/iilluminaughtii

Sprites made by https://plegberb.tumblr.com/

Script Writer:
Ali Zagame

Editors:
Rosalynn Leigh: https://www.youtube.com/channel/UC5i2NHIT1NQ4Aqya12syNmA

Cursed Thumbnail Team:
@MorgPage (Twitter)
@NightOwlRico (Twitter)
@felixthekitkat (Twitter)

Background made by @_vampirist (Twitter)
Outro song is Cake by Retrovision

You made it all the way to the bottom of my description box so, hello there.",2020-03-20T20:30:10Z,3241080,https://www.youtube.com/watch?v=5Va_XXoD5LE
8GT2B0RHjG0,Squeezer fruits | Pinnacle Blooms Network - #1 Autism Therapy Centres Network,"Pinnacle Blooms Network is probably first and only of its kind chain of child development and rehabilitation centres network, core purposed to be empowering 80+ crore kids, people with cognital developmental, neurological, psychological, autism conditions across the world to be part of main stream society, Bring smiles into their families.


Through 99.5%+ proven improvement resulted practical Speech Therapy, Behavioral Therapy, Occupational Therapy, Special Education,  Hydro Therapy, Yoga Therapy, Group Teaching, Music Therapy, Dance Therapy,...  offered by qualified, certified, expertised, proven child development and rehabilitation specialists within the most hygiene, playful environment filled with empathy.


Best and Most unique part of Pinnacle Blooms Network is the way parents are made part of the entire child development process on day to day basis with the seamless interactions between parents and therapists via patentable ... award winning Mirracle Platform ... Probably one and only technology platform in 360 degree manner.
Digital therapy record on cloud about the children, Day to day training, recommendations provided to parents in such a way to groom parents to be the therapists for their own kids are few of the many firsts to be remembered introduced within this segment by Pinnacle Blooms Network.

Pinnacle Blooms Network is started, managed, run by MOTHERS for KIDS, PEOPLE with neurological, psychological, cognital conditions.

CALL 9100 181 181 for admissions, franchise inquiries.

https://www.pinnacleblooms.org 

#autism
#speechpathology
#speechtherapy
#cognitivebehavioraltherapy
#occupationaltherapy
#specialeducation
#pinnacle
#pinnacleblooms
#pinnaclebloomsnetwork
#bharathhealthcare
#kotiigroup",2022-07-13T13:00:09Z,53,https://www.youtube.com/watch?v=8GT2B0RHjG0
FeGaffIJvHM,BBC - My Autism and Me,"A new BBC Horizon 2014 - Living with Autism is out, for those who are interested.

CBBC Newsround - My Autism and Me
LICENCE - all rights reserved by BBC, CBBC Programmes, Newsround
In this Newsround Special, 13-year-old Rosie takes viewers into her world to explain what it's like to grow up with autism - a condition which affects how children see life, and the way they relate to others around them.
With the help of beautifully crafted animation, Rosie introduces other children who have the condition: Tony, who gets totally obsessed with things but struggles to make friends, Ben, who has suffered from terrible bullying, and Rosie's own little brother Lenny, who turns the house upside-down daily to try and make sense of things.
These children tell their own stories in their own words to give a vivid and moving insight into what it's like to be autistic.

It's a condition that affects the way you live your life and see the world around you.
Our presenter Rosie was born with autism. She says even though living with it is difficult, it makes her unique and who she is.
As well as telling her own story, you'll find out how Ben, Tony and Lenny are affected by the condition.

Lots of children with autism get bullied at school and can find it hard to get jobs when they grow up.
In our special film Rosie wants to tell the world what autism is and what it's like to live with it.",2011-11-12T15:29:27Z,752533,https://www.youtube.com/watch?v=FeGaffIJvHM
vG5mOYOIfng,VERY EARLY AUTISM SIGNS IN BABY | 0-12 Months old | Aussie Autism Family,"Come see the very early autism signs we saw in our baby, 0-12 months old! Our son was diagnosed with level 3 autism at 2.5yrs old, and these were the red flags we saw when he was a very young infant!
#autismearlysigns #autismsigns #autismbaby


Come join our Autism family, follow our real life vlogs and create acceptance.
We are the Otter’s, we are young parents to the most gorgeous baby boy, Jacob (3yrs) and the most beautiful baby girl, Jazz (1yr).  We love to record our memories as an Autism family and all the adventures that we take part in, so go click that beautiful, red subscribe button… you know you want to!

SEE MORE OF US HERE - https://www.patreon.com/aussieautismfamily

Social media: 
Our Instagram: https://www.instagram.com/aussieautismfamily
Our Facebook: https://www.facebook.com/AussieAutismFamilyYoutube

EARLY AUTISM SIGNS - 2YRS OLD https://www.youtube.com/watch?v=TMaCC-pdpmE&t=37s
EARLY AUTISM SIGNS - 3YRS OLD https://www.youtube.com/watch?v=_gba3JNKi5c&t=6s",2020-09-14T21:00:09Z,1865662,https://www.youtube.com/watch?v=vG5mOYOIfng
QK8oIkG0p6o,Smarter in Seconds: Truths about Autism #shorts,"#SmarterInSeconds: Autism! Featuring @transteachertales, @autienelle, @fidgets.and.fries, & @autiartistjess on Instagram! Autism isn’t a problem, ableism is. #RedInstead 

April is #AutismAcceptanceMonth a necessary shift from #AutismAwarenessMonth. Why? Because it’s time to ACCEPT Autistic people as they are. Neurotypical people are already accommodated in society, it’s time for Neurodiversity to be embraced too. 

Instead of supporting an organization that has the widespread scorn of autistic adults or focusing on the relatives and caretakers let’s support actually autistic people whether them self describe as “Autistic,” “Auties,” “people with Autism,” etc. Many thanks to Dylan Kapit for all the lessons you’ve taught me!

❤️ Follow on Instagram ❤️
@AutisticSelfAdvocacy
@The.Autisticats
@TheAutisticLife
@UnnMasked
@TheNeurodiverseOT
@MyAutisticSoul
@Fidgets.And.Fries
@AutiArtistJess
@Autienelle
@TransTeacherTales
@ActuallyAutisticTikToks",2021-04-27T04:35:51Z,1471,https://www.youtube.com/watch?v=QK8oIkG0p6o
kWRyfG-hMhc,"Australian researchers find link between retinas, ADHD and autism | 7NEWS","Our eyes could hold the secrets to disorders like ADHD and autism. In the first study of its kind, Australian researchers found our retinas can signal health problems leading to earlier diagnosis and treatment.

7NEWS at 6pm. More local news: 7news.com.au/news/Sydney

Subscribe to 7NEWS Australia for the latest breaking news video » https://7news.link/YTSubscribe

Connect with 7NEWS online:
Visit » https://7news.com.au
7NEWS Podcast » http://smarturl.it/7NewsDaily
Facebook » https://www.facebook.com/7NewsAustralia
Twitter » https://twitter.com/7NewsAustralia
Instagram » https://www.instagram.com/7newsaustralia/ 

7NEWS combines the trusted and powerful news brands including Sunrise, The Morning Show, The Latest, and 7NEWS.com.au, delivering unique, engaging and continuous coverage on the issues that matter most to Australians. Watch 7NEWS nightly at 6pm and weekdays at 11:30am and 4pm on Channel 7 and 7plus.

#ADHD #7NEWS",2022-06-17T10:17:04Z,7927,https://www.youtube.com/watch?v=kWRyfG-hMhc
zIiwnq3rgGs,Vital Signs | Autism South Africa: 26 March 2022,"For more news, visit sabcnews.com and also #SABCNews on all Social Media platforms.",2022-04-13T16:33:59Z,568,https://www.youtube.com/watch?v=zIiwnq3rgGs
5J3peD8LZ5o,Color the Spectrum LIVE- Mark Rober and Jimmy Kimmel,"We raised $3.63M in 3 hours!  Thanks to Jimmy Kimmel and the presenting sponsor YouTube Originals.  Also thanks to special guests Adam Sandler, Andy Samberg, Casey Neistat, Charlize Theron, Chris Rock, Conan O'Brien, Guillermo, Jack Black, John Oliver, Jon Stewart, Kenan Thompson, Kodi Lee, Marques Brownlee, Matpat, Max Park, Maya Rudolph, MrBeast, Nikkie Glaser, Party Shirt, Paul Rudd, Sarah Silverman, Science Bob, Stephen Colbert, Terry Crews, The Merral Twins and Zack Galifianakis!

Here are more details of how the funds will be distributed by NEXT for AUTISM- https://www.nextforautism.org/current-events/color-the-spectrum/

Crypto donations are powered by Nexo. To donate before, during and after the event, head to  https://www.nexo.io/nextforautism

If you think you might be autistic, your general practitioner doctor can steer you in the right direction to get an official diagnosis.  In the meantime, here are some tools that can help:

Online diagnostic questionnaire- https://psychology-tools.com/test/autism-spectrum-quotient

Here are Samdy Sams 18 questions that might indicate you are Autistic:
1. Sensitivity to sensory stimuli, like Light and Sound?
2. Do you notice details that other people don't?
3. Do you consider yourself ""Highly Sensitive""?
4. ""You have many enthusiasms and get deeply fulfilled by diving into a subject"" not sure what the question there would be?
5. Do you have difficulty doing things that other people find easy (like making phonecalls)?
6. Do you feel like an outsider but are unable to figure out why?
7. Have you lost friends without knowing what you did or what went wrong?
8. Do you need time to recharge from social situations. 
9. When super stressed, do you explode out of nowhere in an uncharacteristic way?
10. Do you find it hard to let things go? Do you ruminate on potential outcomes of a situation before or after the fact?
11. Are your vocal or facial expressions different from a lot of people?
12. Do you have difficulty organizing daily tasks?
13. Growing up, did you have a fascination with countercultures? Non-traditional interests?
14. Do people call you quirky, shy, or rude without you knowing what you did to acquire those labels?
15. Are you uninterested in the concept of conforming to society's views of you (especially with regards to gender or sexuality?)
16. Do you have nervous ticks such as picking, fidgeting, or tapping that you can't quit without picking up other bad habbits?
17. Can other people easily manipulate you without you realizing what they're doing?
18. Do you identify with all of these things, and feel shocked that other people don't experience life that way?

You can watch her full video here- https://www.youtube.com/watch?v=ot46-YGUF4Y

Chapters:
0:00:00 Intro
0:06:35 Chris Rock
0:11:52 Exceptional Minds
0:19:05 Where the funds will go
0:22:16 Kodi Lee
0:25:56 Donation Leaderboard
0:26:57 Zach Galifianakis
0:28:09 World's Largest Nerf Gun
0:29:53 Who we’re donating for
0:33:05 Marques Brownlee - Cap or No Cap
0:41:48 Jack Black
0:45:51 Max Park Rubik's Cube
0:51:29 Thank you letters
0:53:09 Whitecastle 
0:54:30 Beanie Babie Nerf Gun
0:57:13 Terry Crews
0:59:39 Sarah Silverman
1:03:23 $2 Million!
1:03:56 Zach Galifianakis 2
1:06:08 Kenan Thompson
1:11:00 Conan O'Brien & MatPat
1:20:23 Uzzia Jones
1:23:42 Stephen Colbert
1:27:59 Thank you letters
1:29:05 Football Kicking Robot VS A Water Balloon
1:31:49 Who we’re donating for
1:34:18 Elongate Crypto Donations
1:36:09 Merrell Twins & Nikki Glaser
1:42:57 Paul Rudd
1:45:38 Charlize Theron
1:48:06 Andy Samberg
1:50:25 John Oliver
1:54:59 Tommy Hilfiger
1:56:36 Football Kicking Robot VS A Watermelon
1:57:34 MrBeast
2:00:38 Who we’re donating for
2:04:18 Appropriate Autism Noun
2:04:58 Crypto Donations
2:05:41 Science Bob Pflugfelder
2:10:41 Have Dreams Charity
2:14:21 MrBeast again!
2:16:18 Kiwico
2:17:41 Jon Stewart
2:29:21 $3Million!
2:29:38 Adam Sandler
2:34:43 Yo Samdy Sam & Questions To Ask
2:35:58 Maya Rudolph
2:39:39 Kodi Lee again
2:41:20 Casey Neistat & Mr Beast
2:49:35 Zach Galifianakis 3
2:50:47 Final Count and Devil’s Toothpaste Finale!",2021-05-01T03:43:39Z,5944847,https://www.youtube.com/watch?v=5J3peD8LZ5o
TMaCC-pdpmE,AUTISM EARLY SIGNS | Two Years Old (Incl. Footage),"PLEASE NOTE:  It is so different for every child and it does not necessarily mean your child has autism if they exhibit any of these behaviours.
I have made a video of all the signs of autism we saw in our 1 year old toddler! He has recently been diagnosed with level 3 Autism and here is footage of his early signs.
Please take into consideration that some of these ""signs"" are normal toddler behaviours, it does not necessarily mean that your toddler has Autism if they are exhibiting these behaviours. 

Come join our growing Otter family, subscribe to our channel and be a part of all our upcoming adventures. 
We are the Otter’s, we are young parents to the most gorgeous baby boy, Jacob (born 05.01.17) and are currently pregnant with baby #2! We love to record our memories as a family and all the adventures that we take part in, so go click that beautiful, red subscribe button… you know you want to!

WATCH MORE OF US HERE - https://www.patreon.com/aussieautismfamily

Social media: 
Jess’ Instagram: https://www.instagram.com/jessmadeline93/?hl=en 
Our Facebook: https://www.facebook.com/Otterlyinlove/?ref=aymt_homepage_panel 
Our Twitter: https://twitter.com/jessholmes6 

OUR GENDER REVEAL- https://www.youtube.com/watch?v=Hp0vZNCuM0U&t=1s 
PREGNANCY ANNOUNCEMENT - https://www.youtube.com/watch?v=XtAcPvXkvKw 
TELLING HUSBAND IM PREGNANT - https://www.youtube.com/watch?v=fKAglRxRWOk&t=1s",2019-07-10T00:32:30Z,935526,https://www.youtube.com/watch?v=TMaCC-pdpmE
TLlCCur_U_o,Autism in Love - Feature Film Trailer,"Autism in Love is a feature length documentary that explores how adults with autism find and manage romantic relationships.
Please visit www.autisminlove.com for more information.
Like us on Facebook: www.facebook.com/autisminlove

Download or rent a digital copy below:
iTUNES 
http://geni.us/AutisminLove

GOOGLE PLAY
http://geni.us/AutisminLoveGooglePlay

SONY PLAYSTATION
http://geni.us/AutisminLoveSony

VUDU
http://geni.us/AutisminLoveVUDU

AMAZON
http://geni.us/AutisminLoveAmazon",2015-12-19T19:31:02Z,65220,https://www.youtube.com/watch?v=TLlCCur_U_o
RpRhgfRfXBM,How to talk respectfully about autism (person-first language vs identity-first),"I'm often asked what is the best language to use when talking about autism.
Autistic person or person with autism? or something else?
The debate between person-first language and identity-first language is still going on to this day.
The issue is actually a lot more complicated than most people think.

00:00 - Intro
01:00 - What language should I use? (quick answer)
01:26 - Example: Your Language Preference
02:20 - Why do we care?
02:47 - Common Trends
04:14 - Why so much disagreement?
07:14 - How to use the best language (3 simple steps)
08:30 - Industry Best Practice (from leading organisation)
11:08 - Summary and Key Points


CHANNEL LINKS:
Patreon: https://www.patreon.com/aspergersfromtheinside
Facebook: https://www.facebook.com/aspergersfromtheinside
Twitter: https://twitter.com/AspieFromInside
Written Blog: https://aspergersfromtheinside.com/
More Videos: https://www.youtube.com/c/aspergersfromtheinside
Email: aspergersfromtheinside@gmail.com
-----------------------------------------------

// WELCOME TO ASPERGERS FROM THE INSIDE!!

My name is Paul and I discovered I have Aspergers at age 30.
If you're new you can check out a playlist of some of my most popular videos here: https://www.youtube.com/c/aspergersfromtheinside/playlists

Yes, I know, I don't look autistic. That's exactly why I started this blog, because if I didn't show you, you would never know.

As the name suggests, this channel is devoted to giving you insight into the world of Aspergers.
This blog started off being just my story, but I've learned SO MUCH about my own condition
from meeting others on the Autism Spectrum that now I make sure to feature their stories as well.

I've come a long way in my own personal journey.
Now I'm sharing what I've found so you don't have to learn it the hard way too.

-----------------------------------------------

// WHAT TO EXPECT FROM THIS BLOG

You can expect me to get to the point with concise useful information.
I focus on what is most important and don't shy away from difficult topics.

The best way to learn about Autism is to see it in real life ( i.e. via the stories of many, many people on the spectrum).

In this channel I endeavour to show you what Autism and Aspergers look like in real people and to also give you some insight as to what's happening on the inside.
I upload a new video every weekend with some bonus content thrown in mid-week too.
There's always new stuff coming through so be sure to check back and see what you've missed. (Is this where I'm supposed to tell you to hit that subscribe button?)

Topics Include:
- What is Aspergers/Autism?
- Aspie Tips, coping strategies, and advice on common issues
- Learning Emotional Intelligence (this is my special interest!)
- Autism in real life: stories from special guests

Everything I do is and endeavour to go deeper and take you 'behind the scenes' to understand what may, at first glance, seem 'odd'.
oh, and I love busting stereotypes and turning preconceptions upsidedown :)

-----------------------------------------------

// ABOUT ME

I discovered I have aspergers at the age of thirty.
It has been my life's mission to understand these funny creatures we call humans.
My special interest is a combination of emotional intelligence, psychology, neuroscience, thinking styles, behaviour, and motivation. (I.e. what makes people tick)
My background is in engineering and I see the world in systems to be analysed.
My passion is for taking the incredibly complex, deciphering the pattern, and explaining it very simply.
My philosophy is that blogging is an adventure best shared.

-----------------------------------------------

// EMOTIONAL INTELLIGENCE TRAINING

I also run autism friendly online emotional intelligence training. So if you like my direct, systematic style, and would like to improve your own emotional intelligence skills, check it out here:
http://emotionsexplained.com.au

-----------------------------------------------

// CONTACT

Blogging is an adventure best shared which means I'd love to hear from you!
Feel free to leave me a comment or send me and email at any time and I'll do my best to respond promptly.
Email: aspergersfromtheinside@gmail.com

Thanks for reading and I hope you enjoy this channel!
I look forward to hearing from you!

Peace,

~Paul",2022-04-28T22:30:13Z,13866,https://www.youtube.com/watch?v=RpRhgfRfXBM
2NW2uvr2CU8,Graduating From An Autism School,"She's been in a classroom since she was 3 years old. I'm so proud of her. She has always worked so hard. Congrats young lady.

If you’re looking for a link, social media, or how to get in touch with us go here - https://msha.ke/fatheringautism",2022-05-27T22:15:00Z,90007,https://www.youtube.com/watch?v=2NW2uvr2CU8
eNLLjrffE_s,Cops Attack Black Child with Autism and His Sister,"Cops profile a Black autistic child at a department store. Dr. Rashad Richey and Wosny Lambre discuss on Indisputable. Tell us what you think in the comments below. 

Read more here: https://newsone.com/4324494/black-autistic-teen-profiled-by-police-at-upstate-new-york-target-during-national-awareness-month/

""Several instances of authorities mistreating Black children have circulated the news in the past week. Earlier this week, a 14-year-old Black boy with autism was violently handled by law enforcement in a confusing incident at a Clifton Park, NY Target. According to the Times Union, the boy was waiting for his siblings when approached by a Saratoga County sheriff’s deputy.""

*** 

Indisputable, features Dr. Richey talking about the top news stories of the day, reading viewer comments, and engaging in debates and conversations with guests.

Help support our mission and get perks. Membership protects TYT's independence from corporate ownership and allows us to provide free live shows that speak truth to power for people around the world. See Perks: ▶ https://www.youtube.com/TheYoungTurks/join


SUBSCRIBE on YOUTUBE: ☞ http://www.youtube.com/IndisputableTYT
FACEBOOK: ☞ http://www.facebook.com/IndisputableTYT
TWITTER: ☞ http://www.twitter.com/IndisputableTYT
INSTAGRAM: ☞ http://www.instagram.com/IndisputableTYT
TWITCH: ☞ http://www.twitch.com/tyt

👕 Merch: http://shoptyt.com

❤ Donate: http://www.tyt.com/go

🔗 Website: https://www.tyt.com

📱App: http://www.tyt.com/app

📬 Newsletters: https://www.tyt.com/newsletters/


If you want to watch more videos from TYT, consider subscribing to other channels in our network:


The Young Turks ▶ https://www.youtube.com/theyoungturks

The Damage Report ▶ https://www.youtube.com/thedamagereport

TYT Sports ▶ https://www.youtube.com/tytsports

The Conversation ▶ https://www.youtube.com/tytconversation

Rebel HQ ▶ https://www.youtube.com/rebelhq

TYT Investigates ▶ https://www.youtube.com/channel/UCwNJt9PYyN1uyw2XhNIQMMA


#TYT #IndisputableTYT #News

220425__ID08Cops",2022-04-25T21:45:01Z,135355,https://www.youtube.com/watch?v=eNLLjrffE_s
hJ-63patk2E,Sensory box for kids with autism With Dr Himani Narula,"This video is about how to make a sensory box for kids with autism. Dr Himani Narula explains the different items that can be put in a sensory box to help kids with autism spectrum disorder (ASD) calm down and focus. She recommends using things like sand, water, rice, and beads to stimulate the senses. Watch the video to learn more about how to create a sensory box that can help your child cope with ASD

#specialneeds #specialneedskids #autismsupport #autismspeaks #facebooklive #youtubelive #autismspectrumdisorder #continuakids",2022-07-14T13:52:39Z,246,https://www.youtube.com/watch?v=hJ-63patk2E
yER-PkymhIg,Talking about autism! | Tom Stoltman,"Filmed by the Mulliganbrothers, special thanks to the Stoltman Brothers.
Check out the Stoltman brothers Youtube here - https://www.youtube.com/channel/UCW1glD1YiDKNvVvxf6eNG_w

Luke Stoltman - https://www.instagram.com/luke.stoltman/

Tom Stoltman - https://www.instagram.com/tomstoltmanofficial/

Instagram -
https://www.instagram.com/mulliganbrothers/?hl=en

LISTEN TO MOTIVATION - Get your FREE audio book w/ 30 day trial: 
http://amzn.to/2scFJO6

------------------------------------------------------------------------
Edited by Alex - @lensthroughmyworld",2021-07-09T17:46:30Z,8985,https://www.youtube.com/watch?v=yER-PkymhIg
F3QxgFY-K8E,I TESTED MY EMPLOYEES FOR AUTISM | JEFF FM | Ep. 50,"Get 25% off and zero delivery fees on their first order of $15 or more, when you download the DoorDash app and enter code JEFFFM.

Use code JEFF for $20 off your first order. https://seatgeek.onelink.me/RrnK/JEFF 

Test
https://www.clinical-partners.co.uk/for-adults/autism-and-aspergers/adult-autism-test


Join the Discord so you can become a caller
https://discord.gg/KstfUrQSUq

Get Early Access, Bonus Content, Deleted Scenes, BTS 👇
https://www.patreon.com/jeffwittek

Follow my Instagram
https://www.instagram.com/jeff
Twitter 
https://www.twitter.com/jeffwittek


Guest
@Ryan The Leader 
@Cherdleys 


Steven
https://www.instagram.com/realdaddysteve

Produced by Oscar Alva & Kyle Carper
https://www.instagram.com/oscaralva
https://www.instagram.com/kylebarper",2022-06-06T06:45:46Z,201465,https://www.youtube.com/watch?v=F3QxgFY-K8E
H8hHGIJKf3o,What Is Autism To You?,"OK, here goes...""What is Autism to You?"" from an Autistic adult's perspective.

Part 1 of 3 in our ""What's Normal Anyway"" video series.

TRIGGER WARNINGS: includes footage of Autism cure talk & Autistic pathology - Also...lot's of Actually Autistic Pride x

Video featuring (to name a few): Steve Silberman, Rosie King, Chris Packham, Anthony Hopkins, Life, Animated, National Autistic Society

#actuallyautistic #autisticpride #autisticidentity #WhatisAutism #theAutisticRevolutionWillbeTelevised #neurodiversity #agonyautie

ADDITIONAL AUDIO PRODUCTION
Peter Crosbie

LOGO & THUMBNAIL ART
 Kevin Atterig
 

FOOTAGE BY (IN ORDER OF APPEARANCE)

Spectrum: A Story Of The Mind
Please Stand By
Black Balloon
“The Fight Flight Freeze Response” Braive
Neurotypical
Life, Animated
Chris Packham; Aspergers & Me 
The Story Of Luke  
TED Talks - Rosie King & Steve Silberman
What Is Autism? National Autistic Society  
Cave of Forgotten Dreams",2018-05-29T06:04:09Z,84371,https://www.youtube.com/watch?v=H8hHGIJKf3o
HqX4v_bgzpE,Charl Is Overwhelmed By Meaningful Autism Tattoo | Sweetest Tattoos | Just Tattoo Of Us 3,"Just Tattoo Of Us isn't just about shocking tattoo reveals. As these moments prove, the tattoos can be thoughtful and kind-hearted. Louis uses his tattoo design to apologise to his girlfriend for the mistakes he's made in the past. Vas inspires confidence in Sugababes star Mutya Buena in his super sweet tattoo. Plus, Just Tattoo Of Us Artist Charl Davies is overcome with emotion after the reveal of her meaningful tattoo which celebrates her and her autism.

Subscribe to Just Tattoo Of Us for more great videos and exclusives! https://www.youtube.com/channel/UCIlUNaPgMBhxOV8YBO9Csaw

Get social with Just Tattoo Of Us @ 
⚜️ Twitter: https://twitter.com/justtattooofus
📸 Instagram: https://www.instagram.com/justtattooofus/
🍿 Facebook: https://www.facebook.com/justtattooofus
🎷 Official: http://www.mtv.co.uk/just-tattoo-of-us",2019-07-29T09:00:03Z,1689230,https://www.youtube.com/watch?v=HqX4v_bgzpE
Pe1-Ac0TOKg,En film om autism,"En videoföreläsning om autism där du även får möta personer som berättar om egna erfarenheter av autism. Du kan välja att se filmen med svensk textning. Filmen är framtagen av Infoteket, Region Uppsala under hösten 2018/våren 2019. Föreläsare/berättare är psykolog George Rein. Foto, redigering och musik: Skaparkraft film- och musikproduktion
Finns även som syntolkad version.",2019-03-06T20:26:15Z,109538,https://www.youtube.com/watch?v=Pe1-Ac0TOKg
UMtGBZnX2do,"Autism, Borderline, Narcissism: Some Similarities and Differences","Comorbidities and Differential Diagnoses playlist https://www.youtube.com/watch?v=SPyvPdFhI0o&list=PLsh_y_ett4o2ejYzWDxEBw_8C7LYe2Udp

There is an affinity between low functioning autism and borderline personality disorder.

In both cases, the sufferer is overwhelmed by stimuli, external (autism) or internal (the borderline's dysregulated affects).

In both cases, self-harm serves to fulfill three self-soothing functions:

1. Reassert control over the dynamic of irritation and aggravation (via the elective act of self-mutilation);

2. Drown out sources of frustration and pain with even greater agony; and

3. Reawaken and feel alive as the self-inflicted hurt negates the erstwhile numbing.

The narcissist experiences periods of collapse: failure to obtain narcissistic supply. 

The collapse can be subclinical (protracted and incremental as barely sufficient maintenance levels of supply are at hand) or traumatic (when he loses all his sources of supply simultaneously). 

As long as the supply keeps coming, the narcissist is ego-syntonic. The collapse results in severe ego-dystony and dysphoria (often, depression). It resembles decompensation in borderlines (BPD) but, with the narcissist, there is no emotional dysregulation. 

The narcissist then transitions from one type to another: cerebral to somatic or overt to covert. This is akin to the borderline switching between self-states when she is abandoned, rejected, humiliated, or stressed.

In the cerebral type, sexual abstinence is a form of self-supply: it makes him feel superior. It is the collapse-induced depression that drives him to become sexually voracious in a somatic phase.

So, contrary to the rest of humanity, in narcissists depression leads to enhanced libido (sex drive). 

The types are highly dissociative self-states, almost distinct personalities.

For example: the somatic mourns the years of cerebral sexlessness while the cerebral grieves over the time wasted by the somatic in the relentless pursuit of sexual conquests.

Both of these types fail to recall the bliss they had experienced during the time spent as the other type, regardless of the “sacrifices” made. They misattribute the depression brought on by imminent or actual collapse to the compulsive behavioral constriction of the other type (“I was depressed as a cerebral because I didn’t have sex” or “I didn’t have sex because I was depressed”). 

Finally, both borderlines and narcissists experience separation insecurity (abandonment anxiety) owing to object inconstancy. Both also merge and fuse with an intimate partner in a symbiotic phase (the shared fantasy).

But the borderline distances herself from her partner owing to an overwhelming engulfment anxiety while the narcissist devalues and discards his partner owing to his need to separate from a maternal figure.

Find and Buy MOST of my BOOKS and eBOOKS in my Amazon Store: https://www.amazon.com/stores/page/60F8EC8A-5812-4007-9F2C-DFA02EA713B3",2022-06-23T13:53:33Z,16054,https://www.youtube.com/watch?v=UMtGBZnX2do
UhNrhr2J__g,World Autism Awareness Day,"Merch: https://stoltmanbrothers.com/

SBD APPAREL: https://www.sbdapparel.com/ 

REIGN BODY FUEL: https://reignbodyfuel.com/en-gb/

BUILT4ATHLETES:  https://www.instagram.com/builtforathletes/ ""STOLTMAN10""

MYPROTEIN: http://bit.ly/Stoltman-Brothers ""STOLTMANS""

NORDIC BOTANIC: https://nordicbotanics.com/ ""STOLTBROS"" 

MIRAFIT OFFICIAL: https://www.mirafit.co.uk/ 

CAMPBELLS MEAT: https://www.campbellsmeat.com/ ""STOLT15"" 

FOLLOW US ON INSTAGRAM ↓ 
LUKE: https://www.instagram.com/luke.stoltman/?hl=en 
TOM: https://www.instagram.com/tomstoltmanofficial/?hl=en 
HARRY: https://www.instagram.com/harry.stoltman/
SIMON: https://www.instagram.com/simon_celestial/?hl=en 

Business enquires: stoltmanbrothers@gmail.com

World Autism Awareness Day",2022-04-02T11:00:13Z,25897,https://www.youtube.com/watch?v=UhNrhr2J__g
Nxb4URRrVsU,The Rebbe on Autism - Part 2,"PART TWO: The father of a son with autism who asked the Rebbe for a blessing, returns with a good report.. WATCH the special meeting! 

In case you missed the first encounter: http://youtu.be/fBjUmj95r6g 

Watch full-length videos of the Rebbe: https://go.jem.tv/YT (microdonation)

4 Tammuz, 5751 – June 16, 1991
Living Torah Program 518",2014-08-08T19:38:02Z,128337,https://www.youtube.com/watch?v=Nxb4URRrVsU
D2gTkrAGCOc,Ultimate Autism Survival Kit (YOU NEED),"My personal ultimate Autism Survival Kit you need to see.
Brillia https://www.discoverbrillia.com [CODE: ASPIE15 for 15% OFF!] For shipments to the UK please email info@discoverbrillia.com

Autism has its struggles, however, to help with these issues that autism throws at us during everyday life I have some must-have essential items that I have to carry with me every day. 

My Kit:

1. AirPods (noise cancelling headphones)
Because autism comes with sensory processing issues, I cannot go without my noise cancelling headphones to block out sound. 

2. Brillia
Brillia is a homeopathic medicine you can get to help with anxiety and irritability. This is perfect for Autism and ADHD. It is also prescription free and super natural. 

3. iPhone / iPad 
Organisation and remembering is not a strong point for me, and others on the spectrum share this issue. So I use my iPhone and iPad to help organise my life with apps that help remind me and help me stay on task. 

4. Sunglasses
Because autism hand sensory processing disorder have such a strong relationship it is so helpful to have sunglasses with me to block out some light and also hide my eyes when talking to people. 

5. Autism Alert Card
You never know when you will be in a situation where you need to explain to someone that you are autistic without having to verbally say it. This card does exactly that! → http://bit.ly/AutismAlertCard

Please let me know what you think, and if you have anything you would add to this list in the comments below. Follow @theaspieworld for more autism content 

LINKS:

Katharine Lilley - What's In My Bag?! | Autism And Anxiety Edition | Survival Kit! | Autistic and Anxious: https://youtu.be/AgVfNbE3WFs

Craig Thomson - Autism Survival Manual - Personal Survival kit: https://youtu.be/p0Il7NHQRsM

Be Prepared: Carry an Autism Survival Kit - Autism Society of NC - https://www.autismsociety-nc.org/be-prepared-carry-an-autism-survival-kit/

How to Build an Autism Kit for On-the-Go - https://blog.stageslearning.com/blog/how-to-build-an-autism-kit-for-on-the-go

HASH TAGS:
#Autistic   #AspergerSyndrome #ASD",2022-06-10T23:00:03Z,2896,https://www.youtube.com/watch?v=D2gTkrAGCOc
-F_W_zl61bI,A 10 year-old autistic and blind boy singing. His voice shocked everyone.,"Christopher Duffley is a 10 Years old blind autistic kid with an amazing voice.
He proves that someone who looks different doesn't mean he has anything less.
This boy is a gift for all of us. Keep singing Christopher.
Let's share Chris' angelic voice.

Please visit Christopher's website at: http://christopherduffley.com",2014-04-10T23:13:03Z,68860582,https://www.youtube.com/watch?v=-F_W_zl61bI
WufH7cBgW1E,EARLY AUTISM SIGNS IN BABIES (actual footage),"Autism does NOT have a look but this is what Autism looks like to us in our autistic toddler Liam. Our 1 year old toddler has been diagnosed as moderately to severely autistic so here are the early signs of autism in 20 month old toddlers. The signs of autism in babies or toddlers aren't always easy to tell but if you are concerned or unsure about your child, please contact their physician. Early intervention is key

Signs of Autism In Toddlers 👉 https://www.youtube.com/watch?v=jgGHHmM7ZvM&t=497s

Join Our Exclusive Community! 👉https://www.patreon.com/ourlandingcrew

Autism Support Bands & Merch 👉 http://ourlandingcrew.storenvy.com/

Join us on LIVESTREAM  👉https://www.younow.com/OurLANDingCrew/channel
Instagram 👉https://instagram.com/ourlandingcrew
FB 👉 https://www.facebook.com/ourlandingcrew
Patreon 👉https://www.patreon.com/ourlandingcrew

We are a fun family channel who do daily vlogs, shopping vlogs, cleaning, homeschooling, and autism showing what a real large family looks like! 

What I Use To Create My Videos👇
Apple iMac 👉https://amzn.to/2OhJLxe
Apple MacBook Pro 👉https://amzn.to/2FlvUTn
Manfrotto Tripod 👉https://amzn.to/2OhJLxe
Joby GorillaPod 👉https://amzn.to/2ufzCaU
Sony RX100v 👉https://amzn.to/2ufFC3p
Canon Rebel t6i 👉https://amzn.to/2ufFC3p
GoPro Hero 5 👉https://amzn.to/2TKLGQT
Limo Softbox Lighting 👉https://amzn.to/2FoggHc
[Amazon Affiliate Links]

Kids Channel 👉https://www.youtube.com/channel/UCYCNWzdK_343x8jktTRJlKw
Amazon Store 👉 https://www.amazon.com/shop/ourlandingcrew

Stephanie (Mom), Lonnie (Dad), Danielle (15), Lonnie Jr (13), Noah (12), Lex (3), Liam (1), and Baby Penelope

❤ We would love to hear from you ❤ 

Our LANDing Crew
P.O. Box 862 
Pinellas Park, FL 33781

!KiDS SOCiAL MEDiA!
Lonnie's Instagram 👉 https://www.instagram.com/lonniewp
Danielle's Instagram .👉 https://www.instagram.com/raining_pastels",2019-09-16T19:00:06Z,658014,https://www.youtube.com/watch?v=WufH7cBgW1E
138y6mtgll8,Sia&#39;s Music: The Trap of Symbolic Autistic Representation,"#SiaMusic #Ableism #Autism

Sia's recently directorial debut Music has received a ton of critism from the autistic community and has been critically reviled... yet was also nominated for two Golden Globes, including Best Comedy.  Considering the very wide reception of the film, let's take a nuanced look on the controversies around the film.

✔ SUPPORT ✔
Patreon:  https://www.patreon.com/jessiegender
PayPal:  https://paypal.me/jessiegender​​​​ 

✔ CRITISMS OF BLACKFACE IN SIA'S MUSIC ✔
https://meaww.com/maddie-ziegler-racist-blackface-music-sia-autism-movie-internet-reactions
https://www.pinknews.co.uk/2021/02/15/sia-music-movie-maddie-ziegler-blackface/
https://www.hitc.com/en-gb/2021/02/14/sia-blackface-controversy-explored-twitter-reacts-to-her-movie-music/

✔ OTHER REFERENCES AND READINGS ✔
https://www.washingtonpost.com/local/the-very-real-very-painful-reasons-the-autistic-community-demanded-two-restraint-scenes-be-removed-from-sias-new-film-music/2021/02/10/5486fb1a-6bca-11eb-9ead-673168d5b874_story.html
https://www.themarysue.com/interview-director-ben-lewin-please-stand-by-dakota-fanning/
https://www.youtube.com/watch?v=jLqtD4l3Gag&list=WL&index=1
https://www.rollingstone.com/movies/movie-features/sia-music-movie-review-controversy-1125125/
https://people.com/movies/sia-defends-movie-music-against-critics-autism-representation/
https://autisticmama.com/do-not-support-autism-speaks/
https://www.themarysue.com/sia-music-film-response/
https://www.newsweek.com/music-sia-movie-autism-controversy-maddie-ziegler-1569289
https://www.themarysue.com/sias-music-film-worse-than-cats/
https://www.cnn.com/2021/01/04/entertainment/sia-maddie-ziegler-trnd/index.html
https://www.themarysue.com/sia-music-film-criticism/
https://www.themarysue.com/sia-music-film-response/
https://www.pajiba.com/celebrities_are_better_than_you/the-problem-with-sia-and-her-use-of-her-muse-maddie-ziegler.php
https://www.nme.com/news/music/sia-reflects-on-responding-to-criticism-of-her-film-music-i-should-have-just-shut-up-2843167
https://www.integratedtreatmentservices.co.uk/blog/sensory-intolerance-in-autism/

✔ OTHER PLATFORMS ✔
Twitch: https://www.twitch.tv/jessiegender​​​​

✔ SHOP ✔
Book that I Helped Write: https://bit.ly/39EqtP4​​​​

✔ SOCIAL MEDIA ✔
Instagram: https://www.instagram.com/jessiegende...​ 
Twitter: https://twitter.com/jessiegender​​​​ 
Facebook: https://www.facebook.com/jessie.gende...​

✔ OTHER PROJECTS ✔
What the Frell podcast w/Council of Geeks: https://councilofgeeks.libsyn.com/​​​​

✔ CONTACT ✔
E-mail: jearl1892@gmail.com
Mail: Jessie Earl
PO BOX 85787",2021-02-26T20:00:16Z,757146,https://www.youtube.com/watch?v=138y6mtgll8
0AJxnc1QlIA,Autism or Narcissism,"#autism #autistic #narcissism #hgtudor 

HG examines autism and narcissism. What are they and why are they often presenting in a similar fashion?",2022-06-28T13:00:01Z,5950,https://www.youtube.com/watch?v=0AJxnc1QlIA
A_Q-8zxvTNk,1 hour flight with our daughter Rocket who&#39;s diagnosed with ASD or Autism Spectrum Disorder,"So we recently shared that our daughter Rocket has ASD or Autism spectrum disorder. She loves the outdoors, including the beach and the sea but travelling can be a bit tricky. She can cry and shout at anytime during the flight and can be challenging to calm her. We bring lots of blocks, puzzles and other activities hoping that'll keep her busy and comfortable. Today was one of the best flights we've had. No crying this time, because she slept on Mommy's lap.

#AubreyMiles #TroyMontero #LivinWithTroyAndAubrey #Flight 
-----
Be part of our lives, be part of Livin’ With Troy and Aubrey! Join us, Troy, Aubrey, Maurie, Hunter, and Rocket, as we jumpstart this new adventure as a family. Stay tuned for planting hacks, home DIYs, healthy lifestyle tips, and many more! 

Let’s stay connected:�Aubrey’s Instagram - https://www.instagram.com/milesaubrey​...
Troy’s Instagram - https://www.instagram.com/troymontero​...
For inquires contact tmonterosocial@gmail.com",2022-05-20T12:02:42Z,40991,https://www.youtube.com/watch?v=A_Q-8zxvTNk
TwyMybGVF9M,30 Autistic Creators - World Autism Awareness Day 2021,"Today I wanted to share 30 Autistic Creators for world autism awareness day 2021 for you to take a look at, watch and share their content.  The list includes not just autistic youtubers but autistic tiktok creators, autistic bloggers, autistic instagram creators etc. To clarify, including someone in this video doesn't mean I approve or support everything they do or say. Also if I have not included someone, definitely let me know in the comments 

World Autism Awareness Week 2021 playlist: https://www.youtube.com/playlist?list=PLU7asIuC9SU9VvZVSi3S5sgZA-q84BnWz

Autistic Creators:
James Sinclair (Autistic & Unapologetic) - https://autisticandunapologetic.com/

Yo Samdy Sam - https://www.youtube.com/channel/UCk5aCrQAppGZ8atiOpgYZ1A 

Stephanie Bethany - https://www.youtube.com/user/YoureAGreenLlama 

Aspergers From The Inside - https://www.youtube.com/c/AspergersfromtheInside 

NeuroClastic - https://neuroclastic.com/ 

Purple Ella - https://www.youtube.com/user/purplemumify 

Aspergers Growth - https://www.youtube.com/channel/UCJr76B0ZPGNGEHvZHCenSdg 

The Thoughty Auti Podcast: https://anchor.fm/thoughtyauti 

Flappy Hands & Stims - https://www.youtube.com/channel/UCpb_7jiDJMXrGDXyFJ0PJsg 

Actually Aspling - IG: https://www.instagram.com/actuallyaspling/?hl=en 
Actually Aspling Wordpress: https://actuallyaspling.wordpress.com/ 

Thislineismine (TikTok) - https://www.tiktok.com/@_thislineismine?lang=en 

Autism Academy - https://www.youtube.com/channel/UCVRcOnnNTSql3Zjqutb--dQ 

The Autism Hype (TikTok) - https://www.tiktok.com/@theautismhype?lang=en 

Princess Aspien - https://www.youtube.com/channel/UC2ZkhMUYD37tboIJJgMz-MA 
Princess Aspien TikTok: https://www.tiktok.com/@princessaspien?lang=en  

Tiffany Cavanaugh (TikTok) - https://www.tiktok.com/@tiffanycavanaugh?lang=en 

Rhiannon The Aspie: https://www.instagram.com/rhiannontheautie/?hl=en 

BenWeiss2001 (TikTok) - https://www.tiktok.com/@benweiss2001?lang=en 

Holistic Autistic - https://www.youtube.com/channel/UCcmNGWegARST_RMi2s5Gdng 
Holistic Autistic TikTok: https://www.tiktok.com/@holisticautistic?lang=en 

Paige Layle (TikTok) - https://www.tiktok.com/@paigelayle?lang=en 

The Aspie World - https://www.youtube.com/user/AspieWorld1 

Jen Msumba (Rebranding Autism) - https://www.youtube.com/channel/UCkrQAGJxuxInf5jNSRfrsyw 

Hunter Hanson (The Life Autistic) - https://www.youtube.com/channel/UCxyGdIDgSyXnhKlnrC88S0A  

AutiSIMSara - https://www.youtube.com/user/WiwyWish 

Sez Francis - https://www.youtube.com/channel/UCEGrCJ075UyDw-PRObU5eQw 

Rubyofmyeye (TikTok) - https://www.tiktok.com/@rubyofmyeye?lang=en 

Neurodivergent Franchfries - https://www.youtube.com/channel/UC1Bj6fQNKPAR-EB0RpwEaQw 

Autienelle - https://www.instagram.com/autienelle/?hl=en 

21andsensory - https://21andsensory.wordpress.com/ 
21andsensory IG: https://www.instagram.com/21andsensory/?hl=en 

Neurodivergent Rebel - https://www.youtube.com/channel/UCdaQVw-dxYuZb2GXHL7LSjA 

AutisticTyla - https://www.youtube.com/channel/UCGQ78cJiMcJhMbpKhjunAxg 

🔔 Subscribe here for more videos: https://bit.ly/2p6hwcb
⭕️ Last video: https://www.youtube.com/watch?v=OVI3bCLW-HA&list=PLU7asIuC9SU9VvZVSi3S5sgZA-q84BnWz&index=4
👉 Are you new to the channel? Check out these videos: https://bit.ly/2xjyG6Q
👉 More Autism Videos? https://bit.ly/2Xw0R1n
👉 Latest IndieAndy videos: https://bit.ly/2REegkt

Become a channel member to get access to perks:
https://www.youtube.com/channel/UCR-fiMOz0Ot2x3bwA-_mS0A/join
-----------------------------------------------------------------------------------------------------------
Find all my social media here OR search IndieAndyUK:
https://linktr.ee/indieandy

All music by Epidemic Sound, help support by using my referral link: https://www.epidemicsound.com/referral/z6lz3w/
-----------------------------------------------------------------------------------------------------------
📧: indieandyofficial@gmail.com
-----------------------------------------------------------------------------------------------------------
*ABOUT ME*
Hello indie people, I'm Andy and I have Autism Spectrum Disorder (ASD). I make videos on autism from the perspective of an autistic adult. Sharing my autism experiences to help other autistic people and autism families to improve their understanding of autism.

This channel is focused on raising autism awareness & acceptance of autism. To try and change attitudes towards autism, to educate people about autism for those who are new to the autism world.

So if you are on the spectrum, know someone with autism, or are working professionally in the autism field and want to learn more about autistic people then consider subscribing and turning on the notification bell to see all future videos. 

#autisticcreators #indieandy #worldautismday",2021-04-02T11:00:25Z,3564,https://www.youtube.com/watch?v=TwyMybGVF9M
18RlfyB-Uyg,These People Think Bleach Will Cure Autism,"Sources: https://pastebin.com/RxvrQXBj
►My Puppy's Channel: https://www.youtube.com/channel/UCVF8wEEVylFI38nogvdJl5g
►Twitch: https://www.twitch.tv/theiilluminaughtii
►Merch: https://multilevelmerch.shop
► Discord Server:  https://discord.gg/iilluminaughtii
► Subreddit Page: https://www.reddit.com/r/iilluminaughtii/

S O C I A L S
►Twitter: https://twitter.com/iilluminaughtii
►Snapchat: https://www.snapchat.com/add/iilluminaughtii
►Instagram: https://www.instagram.com/iilluminaughtii

Sprites made by https://plegberb.tumblr.com/

Writers/Researchers/Helpers:
Ali Zagame

Editors:
JayBe: https://twitter.com/jaybeyt

Cursed Thumbnail Team:
@MorgPage (Twitter)
@NightOwlRico (Twitter)
@felixthekitkat (Twitter)

Background made by @_vampirist (Twitter)
Outro song is Cake by Retrovision

You made it all the way to the bottom of my description box so, hello there.",2020-05-21T17:00:11Z,1411620,https://www.youtube.com/watch?v=18RlfyB-Uyg
UCb7wq75uRk,Mr. Men Has Helped With My Autism | I&#39;m Obsessed | Channel 4,"Mr. Men Superfan Sam has an impressive 3,500 Mr Men items and some of the most unique pieces! His goal is to become the Guinness World record holder of most Mr Men and it looks like he might get there.

Find out how the Mr. Men world has helped Sam with his autism and express how he feels.

Watch the I'm Obsessed playlist here: https://www.youtube.com/playlist?list=PLiC_gpE7y052xlBtJn9Ln9pMFyDDC8mW4


SUBSCRIBE: https://bit.ly/2IzNJyi  

About #4Docs: 
Welcome to Channel 4 Documentaries. Here you’ll find cutting-edge factual content from our award-winning 24 Hours in A&E to Dispatches and provocative and empowering original true stories. 

We pride ourselves on landmark, ground-breaking stories which reflect the diverse experiences and challenges we're all facing across the length and breadth of the UK (and beyond).

Watch the True Crime: Unravelled playlist here:
https://www.youtube.com/playlist?list=PLiC_gpE7y050VqtPCgHAMhORqSWqhZiL0

Watch the True Crime playlist here:
https://www.youtube.com/playlist?list=PLiC_gpE7y051qpKtiQg7wOCN3BjgLP3wt

Watch the 24 Hours in Police Custody playlist here:
https://www.youtube.com/playlist?list=PLiC_gpE7y051cnB1ckaz3Z0oxSMVRsG7J

Watch the 24 Hours In A&E playlist here:
https://youtu.be/xXyqaL8CDEU?list=PLiC_gpE7y051uPem0F3XQTWc02q_H8e6t

Watch the Geordie Hospital playlist here:
https://youtu.be/v5Foi7mJbxE?list=PLiC_gpE7y050Tp3tfMgday-_gCYXBvHjC

Watch the True Stories playlist here:
https://youtu.be/_YVPNBx8PBs?list=PLiC_gpE7y051TAP_WXaYv6ydC0o3FABRC

Watch the How To Get Rich playlist here:
https://youtu.be/vpUhgcape-8?list=PLiC_gpE7y053MavXzZXiZJJdHSnNHMzA-

Watch the My Body, My Rules playlist here:
https://youtu.be/cxhvopXOfAY?list=PLiC_gpE7y052N7TLhLEbyOTiZg6IKh7WT

Watch the Murder Island playlist here:
https://www.youtube.com/playlist?list=PLiC_gpE7y052hA-6y_Rx7jDf1QV-i5zd2

Watch the Secret Services playlist here:
https://youtu.be/Gy3Dc2IsTsw?list=PLiC_gpE7y051XrtY98CEYcsANEaAR5STz

📺 👉WATCH MORE ON #All4: https://bit.ly/3ufmZsY",2022-04-11T14:00:11Z,22882,https://www.youtube.com/watch?v=UCb7wq75uRk
HaMWFSp-oZM,Autism TikTok Compilation #17,"Extra 10% Off Discount Code: autistic 
Shop Aesthetic Merch: https://bit.ly/AutisticallyAutisticArtsyMerch
Shop Anime Merch: https://bit.ly/AutisticallyAutisticAnimeMerch

Check out my TikTok! - https://vm.tiktok.com/ZTdqd1RJF/

Check out my main channel!
https://www.youtube.com/channel/UCiC1C44_HqN_YExjhHE2xaw


Tags -
#autismawareness #autism #autismacceptance #autismfamily #asd #autismlife #autismlove #autistic #autismsupport #autismspectrum #autismspectrumdisorder #aspergers #adhd #actuallyautistic #disability #differentnotless #love #neurodiversity #autismadvocate #inclusion #autismcommunity #autismrocks #bhfyp #autismjourney #autismawarenessmonth #autismworld #mentalhealth #disabilityawareness #autisticadults #anxiety #autismwarrior #autismproud  #autisme #autismmemes #ilovesomeonewithautism #autismstrong #stimming #autismstars #mentalhealthawareness #sensory #neurodivergent #autismawarenessday #education #autisticpride #stims #stimming #stimtoys",2022-06-16T22:16:42Z,34066,https://www.youtube.com/watch?v=HaMWFSp-oZM
F3uhVF78Bn4,"Mom sought after Shelbyville boy who has autism found abandoned in Ohio, from News 8 at 10 p.m.",,2022-02-20T03:56:22Z,3765,https://www.youtube.com/watch?v=F3uhVF78Bn4
VjebX4dPysA,"RV Living, Autism, Minimalism, Big Family. Can we pull it off?","Synergy or catastrophe 🤔??? 

Do you think this plan will work...

Our family of 7 sold our 3,400 sq ft house, renovated an RV, and is visiting all the National Parks in mainland USA! Come along with us as we share some laughs, maybe encounter some roadblocks along the way -literally, like... real roadblocks, alive and otherwise. We're bound to have an unforgettable adventure. 

We want to help parents build strong relationships with their children and find joy in the journey!

Our son, Ezra, has nonverbal Autism. We hope Ezra's story can help bring awareness and acceptance to those on the Autism spectrum. The more we get to know and care for each other, the more we realize how much we have in common.

In a world that constantly distracts us with the unsatisfying need for more possessions, our focus is on family relationships and experiences that create lasting memories. Join us! We'll find breathtaking vistas, hidden waterfalls, and scorching deserts as we explore this amazing world that God has created. 

*

Get your Free Gift from 7-Ahead at...
https://www.7-ahead.com/freegift

*

Become an active part of our journey at...
Patreon - https://www.patreon.com/7_Ahead
Web - https://www.7-ahead.com
TikTok - https://www.tiktok.com/@7_ahead?lang=en&is_copy_url=1&is_from_webapp=v1
Facebook - https://www.facebook.com/7aheadfans
Instagram - https://www.instagram.com/7aheadfamily/
Twitter - https://twitter.com/7Ahead1

*
Our Sponsors and Products we use, love, and support... 

Check out RED POCKET MOBILE for the Best option to use Verizon, AT&T, T-Mobile, or Sprint's towers and have more coverage on the road! We've been on their annual plan for a few years now and have loved it, they're such a good deal! Let us know any questions you have about it in the comments and also tell us when you've made the switch!
https://www.redpocket.com/?rfsn=5131365.d1c9a02

Check out Dyrt to find your campgrounds as well as dispersed campsites across the nation...
https://bit.ly/38NZYoX

Get everything for your Solar and Batteries from Goal Zero here...
https://bit.ly/3BTzyyp


*",2021-06-01T15:55:28Z,45691,https://www.youtube.com/watch?v=VjebX4dPysA
ZeQxSdEpi7Y,Autism   Whats That,"Episode 10 for Autism Awareness Day; ""Autism | What's That?!"" Please share far and wide this Autism Awareness Day 2019 Video by one Autistic advocate speaking out to raise awareness. Go check out the #ActuallyAutistic #Takethemaskoff hastags as well as #Stimming #StimDance to find the Autistic Community

Please consider making a donation this month to Agony Autie and all the work we do for the Autistic and Neurodiverse community online and via advocacy. We are also raising funds for Autistic Pride 2019

https://www.gofundme.com/agony-autie039s-2nd-year-birthday",2019-04-02T15:11:44Z,13675,https://www.youtube.com/watch?v=ZeQxSdEpi7Y
3TWNgMJ9qYU,The Real Boys | Non-verbal Friends with Autism Communicate by Typing,,2022-04-21T19:05:51Z,1824,https://www.youtube.com/watch?v=3TWNgMJ9qYU
3iMmmT8qT9k,OUR SON HAS AUTISM,"This is the hardest video I have ever had to make but one that I have wanted to make since I started this journey, and I finally got the courage to do so because I believe it can help many other parents and children around the world inshAllah.

To Abdullah when you read this, I love you so much, you have changed my life in so many ways, I am proud of you and I can't wait to see all you become in this world. Love you always, Baba.

Instagram: https://www.instagram.com/khalidalameri
Facebook: https://www.facebook.com/khalidalameri
Salama's Instagram: https://www.instagram.com/salamamohamed
Adnan's Instagram: https://www.instagram.com/headdnan_
Adnan's Facebook: https://www.facebook.com/headdnan

Music By Ikson https://soundcloud.com/ikson",2019-07-14T09:17:37Z,1675301,https://www.youtube.com/watch?v=3iMmmT8qT9k
iNA0P3BILwo,CarvanaCares: Autism Awareness,"See how our Title & Registration team members, Alyssa Antonelli, Kara Estes, & William Donovan brought employees together to raise funds and recognition for Autism Awareness Month.",2022-05-31T13:16:54Z,693,https://www.youtube.com/watch?v=iNA0P3BILwo
640j3kqfxY4,3 year old boy with Autism raps 2Pac&#39;s &quot;Dear Momma&quot; 😍👏,"Submission / contact - hiphopworld0@gmail.com

3 year old boy with Autism raps 2Pac's ""Dear Momma"" 😍👏

....",2019-09-29T16:13:33Z,79183,https://www.youtube.com/watch?v=640j3kqfxY4
1Kl-RKApOv4,Why a second child after one autism child? एक ऑटिज्म बच्चे के बाद दूसरा बच्चा क्यों?,"New channel link [ Mommy in the house ]

https://youtube.com/channel/UCDFA1I6_OXHRCoZGozjCUdg

Viraj and new baby Facebook Blog (babycare)
https://www.facebook.com/mommyinthehouse

Shubh's success story
https://youtu.be/Hf3YH3ZUUkU


DISCLAIMER :All the information provided on this channel and its videos are for helping purposes only and should not be considered as professional advice as I am a mom documenting the journey of my Autism baby and the measures we have been taking to help him transition and become socially functional. We are trying to provide perfect ,valid, specific, and detailed information. All the contents published on our channel are our research and self tested. 
Please do not use any picture and video of our family for any usage on your channel or social media platform without our permission in any way to avoid any legal action.

Hello My Autism Family,

I am hoping that you will like this video. Subscribe, like and Share our channel and help us spread Autism awareness 😊

❤✔  Instagram. (to chat) 
Kindly follow if  you wish your message to reach me otherwise the message will go to hidden request due to privacy settings later you may unfollow as per your wish

 https://www.instagram.com/ina_chawla/
❤✔  Facebook (only for updates) https://www.facebook.com/AforAutismbyIna

Viraj and new baby Vlog Page - https://www.facebook.com/mommyinthehouse

Never quit when tired , take rest and then get back to work!

Regards
Ina, Autism Mom

#sensoryintegrationtherapyathome #occupationaltherapyathome
#autism #autismsymptoms #autismfamilyvlogs #autismsuccessstory #autismsymptoms #autismawareness #autismmom #virtualautism #aforautism #autismfamilyvlogs #autismsymptoms #autismawareness#developmentaldelay#autismsymptoms #speechdelay #languagedevelopment #parentingtips #aforautism #sittingtolerance #school #nurseryclasssyllabus #nurseryrhymes",2022-07-07T09:56:30Z,10218,https://www.youtube.com/watch?v=1Kl-RKApOv4
8UF8jxWItxw,AUTISTIC MEAL TIME (800.000 CALORIES),"This is probably the best / worst food we've ever had. Very nice 8-)

Follow me and Papa on Twitter and Instagram!
https://twitter.com/anomalyxd
https://twitter.com/papanomalyxd
https://www.instagram.com/anomalyautism/

This video was edited by StreetmanTV. Go support him! :D
https://www.youtube.com/c/streetmantv

And thank you Victor for joining me:
https://www.youtube.com/channel/UCvStl1c_pE3OWj-GeTjWBlw",2019-12-01T14:45:36Z,2759229,https://www.youtube.com/watch?v=8UF8jxWItxw
ib56g2DsX-s,I’M AUTISTIC | People’s Reactions to My Autism (Storytime Animation),"Why can't people just be like ""hey, that's a neat-o fact about you, thanks for telling me!""

I hope everyone had a great Autism Acceptance Month! I did! I made lots of comics about Autism on my other social media, if you want, check it out. I might make more YouTube videos about being Autistic if people want to hear about it... I have a lot of stories about it :) (and about other things too)

I drew a background for when my persona talks to the camera, what do you think of it? Feel free to comment if you notice anything cool in it or the video!

SUBSCRIBE for more animations!
https://youtube.com/c/cypopps

INSTAGRAM:
https://instagram.com/cypopps

TIKTOK:
https://tiktok.com/@cypopps

TWITTER:
https://twitter.com/cypopps

Thanks for watching!
❤️ Cy :)

If you read this far you're a good egg ty ty

#animation #storytime #cypopps #autism #autistic #storytimeanimation #asd",2022-04-30T16:00:43Z,9126,https://www.youtube.com/watch?v=ib56g2DsX-s
_E-gBjyhenk,How to Say &quot;AUTISM&quot; in Sign Language? Learn in 60 SECONDS or Less!,"Welcome to Late Night Signs!

Learn how to say “AUTISM” in Sign Language. 

The purpose of this video is to teach and educate by means of American Sign Language. Use what you've learned with your deaf friends, colleagues, or neighbors today! The beauty about Sign Language is that you can hold a conversation up close and personal or from a distance :)

☞ ☞ ☞ DISCLAIMER:
Please keep in mind that the signs presented by Late Night Signs are for your personal uses of the language. Each deaf person signs differently based on their locale, educational background, and dialect (yes, deaf people have accents depending on where they grew up). There may also be multiple signs for one English word- equivalent to how the English language may have various pronunciations for one word. 

Though most signs in America are commonly used, some vary depending on the signer. The way Late Night Signs expresses a sign may be different from the way another person signs. It doesn’t make it any less or more accurate. 

Be kind in your comments and suggestions as we are all here to learn and grow together :) 

Enjoy and thanks for watching Late Night Signs! 

Stay tuned for more video uploads each week :)

#AUTISMinasl #signlanguage #asl #Americansignlanguage #AUTISM #learnasl #learnsignlanguage #latenightsigns #AUTISMinsignlanguage #AUTISMinAmericanSignLanguage #howtosignAUTISMinsignlanguage #howtosignAUTISMinasl #howtosign #howtolearnsignlanguage #learningsignlanguage #howtosayAUTISMinsignlanguage #howtosayAUTISMwithme",2020-07-29T22:51:28Z,2407,https://www.youtube.com/watch?v=_E-gBjyhenk
uhIXJBvUvy8,bullied by teacher for autism,"Watch full video here: https://www.youtube.com/watch?v=zatA90699qs

#shorts",2022-01-10T23:00:21Z,2214428,https://www.youtube.com/watch?v=uhIXJBvUvy8
1sdAqOhC5MQ,Getting Kids Tested for Autism: Autism Denial in Parents,"Dr. Mary Barbera discusses getting kids tested for autism and autism denial in parents.
Sign up for a free workshop to start turning autism around: https://bit.ly/3nIZxn0
Subscribe to get more insightful videos about #autism and related topics at: https://goo.gl/cGSdxX

In today's video, I talk with Vikram about his journey with his son. From waiting for autism diagnosis, to taking charge as a parent of a child with autism or signs of autism, it is a story of hope with autism.

If you’ve been a listener or a part of our community for any time, you’ve heard me discuss my denial when it came to Lucas’s diagnosis in ‘99. I truly think in any two-parent household, there is going to be one who sees the concerns and another facing denial. Vikram spent a lot of time in denial about his son’s delays and concerns. 

Any type of evaluation that landed on the side of non-autism, he held onto. It wasn’t until he read my book, Turn Autism Around, that he realized his son had 8 of the 10 deficits outlined and knew he had to get to work. Vikram says that taking the online courses, and consistently working on table time with his son and now his younger daughter has really made an impact and encourages others on the fence to take the wheel and become the captain of their own ship!

Subscribe on Facebook for more free resources:
https://bit.ly/3OLxkYK

If you enjoyed this video about the journey of parents and children with autism, be sure to subscribe to the channel, like this video and visit my website below. If you have more questions, leave them down in the comments section, and I will do my best to answer you. Thanks for watching today's video on speech delay with kids with autism and let's #turnautismaround together!

Interested in learning more about teaching a child with autism, special needs parenting, or other autism and special needs topics in the mental health in children niche?
Visit us: https://bit.ly/3Rjtwzu
Contact us: Info@MaryBarbera.com

You can also connect with us at:
Facebook: https://MaryBarbera.com/facebook
Twitter: https://MaryBarbera.com/twitter
Instagram: https://MaryBarbera.com/instagram
Pinterest: https://MaryBarbera.com/pinterest
LinkedIn: https://MaryBarbera.com/linkedin

Dr. Mary Barbera. I fell into the autism world as an autism mom in 1999 when her first-born son, Lucas, was diagnosed with autism. Since then, she became a Board-Certified Behavior Analyst and best-selling author of The Verbal Behavior Approach. Since 2015, she’s created 3 autism online courses based on applied behavior analysis for professionals and ""gung-ho"" parents. Whether you’re looking for autism parenting strategies, working with developmental delays in children, or in search of autism help for professionals, I can encourage you to subscribe to the channel and join me on my journey. I’ll be providing weekly autism resources that you don’t want to miss.",2022-07-12T09:45:00Z,834,https://www.youtube.com/watch?v=1sdAqOhC5MQ
R7Z5GJFXMHc,BOYS vs GIRLS with autism 2,"Song:
https://youtu.be/dFe-8b2R2So
https://youtu.be/c7cYzMjj1wc

Sauce:
https://youtu.be/PF2W8jT_FqU

▬ ▬ ▬ ▬ ▬ ▬ ▬ ▬ ▬ ▬ ▬ ▬ ▬ ▬ ▬ ▬ ▬ ▬ ▬ ▬
► Business inquiries: reichmontage@gmail.com

▬ ▬ ▬ ▬ ▬ ▬ ▬ ▬ ▬ ▬ ▬ ▬ ▬ ▬ ▬ ▬ ▬ ▬ ▬ ▬
#boysvsgirls  #russian #memes",2021-11-18T09:27:12Z,1725456,https://www.youtube.com/watch?v=R7Z5GJFXMHc
8S3qOg-a4x0,Neighbor saves 4-year-old Kansas boy with autism from drowning,"Newly released video shows the dramatic rescue of a 4-year-old boy drowning in a pool in Lawrence, Kansas. Video from KMBC via CNN.

Link to story: https://bit.ly/3t3Ussw

Stay on top of what's happening in KAKEland:
Twitter: https://twitter.com/KAKEnews
Facebook: https://www.facebook.com/KAKEnews 
Instagram: https://www.instagram.com/kake.news 
Website: https://www.kake.com",2022-05-30T21:00:37Z,4752,https://www.youtube.com/watch?v=8S3qOg-a4x0
eebGesUCRRQ,Autism Tattoo Studio: Pastel Palace,"Pastel Palace, a tattoo and piercing studio in the United Kingdom co-founded by artists Tilly, Aurora, and Sam, is LGBTQ+, women-owned, staffed by an autistic workforce and seeks to make body modification accessible to all. Aware that neurodivergent people often feel uncomfortable patronizing traditional tattoo shops, Pastel Palace seeks to switch the dial on how a tattoo studio is expected to look and operate.


Want more docs? Subscribe here: http://bit.ly/60SDYT

Never miss an episode: http://60secdocs.com

. . . . . .

60 Second Docs

Life. One minute at a time.

A diverse series of documentaries that provide a new look into the most unique character, expressions, and practices that make up the world.

Follow for more 60 Second Docs:
Facebook: https://www.facebook.com/60SecDocs/
Facebook Watch: http://facebook.com/60secondDocs
Facebook Animals Watch: http://www.facebook.com/60SecDocsAnimals
Instagram: https://www.instagram.com/60secdocs/
Snapchat: https://www.snapchat.com/discover/60_Second_Docs/2298021621
Twitter: https://twitter.com/60SecDocs
YouTube: https://www.youtube.com/60SecondDocs
Reddit: https://www.reddit.com/user/60SecDocs
TikTok: https://www.tiktok.com/@60secdocs

Copyright 2021 Indigenous Media
http://www.indigenousmedia.com",2021-12-01T16:16:51Z,2514,https://www.youtube.com/watch?v=eebGesUCRRQ
d0D6vvanlns,How to work on Child’s speech | Autism Parents Experience,"""No one else can do, what the Parents can do for their child"" 
This is a series of videos, where we are sharing our learnings and experiences that we gained, while seeing our child ""SAINYAM"" recovering from the challenges that came along with Autism Spectrum. 
In this video we are introducing sainyam to you for the first time, we are sharing about how to work on child’s connection with the surrounding and his/ her speech using audio visual learning and certain other tools, which helped Sainyam a lot. 
Do watch the videos till the end to gain maximum information. 
Stay tuned and don't miss the upcoming videos. 
For more information on autism do visit other videos at the channel. 
Also check the social stories for the benefit of your child: 
Parents Role in dealing with Child's Autism 
Can Autism be cured?
The musical journey of Sainyam.
How to handle bullying?
What is good touch?
What to do when you feel nervous and many more... 
#autismsuccessstory#autismtherapies#autismparentsexperiences#autismcure",2022-06-20T17:06:25Z,19052,https://www.youtube.com/watch?v=d0D6vvanlns
9rJbmCvI19I,Autism Sensory Therapy Magic Meltdown Remedy™ Second Edition by SAND,"Magic Meltdown Remedy Second Edition Visual Sensory Therapy by SAND Sensory And Neurocognitive Development

Special Thanks to Specific Impulses

Chillstep Music mixed by:
DJ Nai: https://mixcloud.com/djnai619
Instagram: https://Instagram.com/ianandrew.media

Chillstep Music Track List:
Xavion - Spirits of winter
Alex NK & Justin Jet Zorbas - Beyond the horizon
Fabled - Falling Away
Phaura - Laporis

Follow us on:
DailyMotion
https://www.dailymotion.com/sandsensorynd
Odysee
https://odysee.com/@sand:e
Lbry.tv
https://open.lbry.com/@sand:e

© 2019 S.A.N.D. Sensory And Neurocognitive Development.
All Rights Reserved.",2021-03-12T08:30:28Z,534936,https://www.youtube.com/watch?v=9rJbmCvI19I
ce-6GcSahOw,What we do | The Autism Education Trust,"Helping you to develop good autism practice since 2007.

We are a not-for-profit organisation supported by the Department for Education. Our 360-degree support programme offers education professionals training, practical tools and a wealth of free resources to better support autistic children and young people aged 0 to 25.",2022-05-27T13:43:15Z,666,https://www.youtube.com/watch?v=ce-6GcSahOw
86TrUPszc9Y,Love on the Spectrum U.S. | Official Trailer | Netflix,"This insightful and warm hearted docuseries follows autistic people as they navigate the world of dating and relationships.

SUBSCRIBE: http://bit.ly/29qBUt7

About Netflix:
Netflix is the world's leading streaming entertainment service with 222 million paid memberships in over 190 countries enjoying TV series, documentaries, feature films and mobile games across a wide variety of genres and languages. Members can watch as much as they want, anytime, anywhere, on any internet-connected screen. Members can play, pause and resume watching, all without commercials or commitments.

Love on the Spectrum U.S. | Official Trailer | Netflix
https://youtube.com/Netflix",2022-05-04T17:00:18Z,227748,https://www.youtube.com/watch?v=86TrUPszc9Y
0PS9lnb8HzQ,Girls vs boys with autism | SOLDIER,"Subscribe if you like it!

tags: meme, vine, dank, lmao, lol",2021-12-07T12:04:50Z,3578325,https://www.youtube.com/watch?v=0PS9lnb8HzQ
9wDDoETcHGw,PAANO MALALAMAN KUNG MAY AUTISM ANG BATA || YnaPedido 🌈,"DISCLAIMER: Autism Experiences and/or Examples provided here are just for the spirit of sharing. They are not a substitute for professional advice and should be followed at your own risk. Always, Always consult your doctor or appropriate professional for matters about your child/ren. 

OUR AUTISM JOURNEY PLAYLIST:
https://youtube.com/playlist?list=PLP1RF2w9hJkDnhXGGZnUq7ICOgWy76Nne

LIKE, COMMENT & SUBSCRIBE for more videos. 

PLEASE FOLLOW MY SOCIAL MEDIA Accounts: 
INSTAGRAM ► https://www.instagram.com/yna_pedido 
FACEBOOK ► https://www.facebook.com/ynapedido 
Email: ynapedido@gmail.com 

#ynapedido #onlinetherapy",2019-08-12T15:30:11Z,191003,https://www.youtube.com/watch?v=9wDDoETcHGw
nZiZTS9K__w,Autism and Making People Laugh,"The never ending quest of renovating an older home and making it your own. We are more than halfway there with the before and afters of making over our house, we just have to stick the course! We talk a bit about how autism affects our life as a family and a unique trait that a lot of people with autism have. Autism and making people laugh.
YESTERDAY'S VIDEO: https://youtu.be/HbVX2STQY-U
Hadar, Andrea, Rafael, Abigail, Kitty & Rudy!
Our Mailing Address: 2375 NE 25th Ave #313 Ocala, FL 34470
Thank you for supporting our life-changing move to America! https://www.patreon.com/FoolyLiving
Vlogging Camera We Use: http://amzn.to/2IKpVHx
https://www.amazon.com/shop/ineedmorelives 
Use this link to shop Amazon and help our family out! It costs you nothing extra, but helps us out a lot!
Rafael's c-section Birth Vlog: http://youtu.be/2x-cP_jvDYM
Abigail's c-section Birth Vlog: https://youtu.be/pUC_BdL_Xsg
Visit Our Other Channels:
My Weight Loss: http://www.youtube.com/ineedmorelives
Rafael's Channel: FoolyFun
http://www.youtube.com/foolyfun
FoolyCooked Home Channel with Cooking & Cleaning: 
http://www.youtube.com/foolycooked
Add Us!:
Facebook: http://www.facebook.com/foolyliving
Instagram: https://www.instagram.com/foolyliving/
#FoolyLiving: http://www.twitter.com/foolyliving

Our Story
Andrea used to live in Florida, until she met her husband Hadar online on World of Warcraft. We met for the first time in Israel, and got married in America. Andrea moved to Israel and had been living there for 10 years. We are happy to announce that.. Our family just recently moved to AMERICA! We made it! We are a fun loving and happy family. We are not fake family vloggers. You will never see us being fake. Views are not as important to us as our integrity. Many of our family and real life friends watch our videos. You can be assured that what you are seeing is 100% truth and reality. You will not only see the best of us, but the worst of us as well. We all have a story to tell and it's not always pretty. For us, it will always be real. I do not make videos just for you. These are my family's memories. There would be no point in making videos if it weren't the truth. Please remember, when leaving a comment, that we are not characters on a tv show. We are real people.

About our son: Rafael was diagnosed with #OCD and High Functioning #Autism, also known as #Asperger's syndrome, on the Autism spectrum (ASD). We have a few videos of Rafael so you can understand his diagnosis better:

DAY IN THE LIFE of a 3 year old with Autism (Aspergers Syndrome): https://youtu.be/-Oyj89ynMNA

OCD in a 3 year old: https://youtu.be/GPcIrNnsruc

PLEASE SUBSCRIBE!
NEW VIDEOS EVERY SINGLE DAY!
If you've read this far, the secret phrase is: ""FoolyFun we have when we are FoolyLiving."" LEAVE US A COMMENT TO LET US KNOW YOU WERE HERE! 
Youtube currently has our comments disabled. We cannot turn them back on. If you'd like to leave us a comment, please go to our community page here:
https://www.youtube.com/user/FoolyLiving/community 

Royalty-Free Music by Kevin MacLeod: incompetech.com
Royalty-Free Music by www.audionautix.com
Royalty-Free Music by Twin Musicom at twinmusicom.org
I work with Amazon as an affiliate. If you need to shop for ANYTHING on Amazon, please use our link before you shop. It does not cost you extra, but it gives us a little bonus, which helps our family out! https://www.amazon.com/shop/ineedmorelives   Thank you!",2020-01-23T12:30:03Z,8638,https://www.youtube.com/watch?v=nZiZTS9K__w
fgpnxA5dHmU,"The Project, Autism and Agriculture","This project is a collaboration between SunPork Farms, The Autism CRC and Specialisterne Australia.",2017-01-11T06:31:52Z,1207,https://www.youtube.com/watch?v=fgpnxA5dHmU
4F4IJJdV_g8,Does Jake Paul Have Autism?,"Does Jake Paul Have Autism? Looking at interesting insight to his life and personality. 

🔴SUBSCRIBE ➤ http://bit.ly/AutismYouTube 
↪ PREVIOUS VIDEO ➤  https://www.youtube.com/watch?v=k_5vkDHh_C4&t=2s
💼 BUSSINESS CONTACT→ TheAspieWorld@gmail.com
👕MY MERCH → https://www.TheAspieWorld.com/Shop

AUTISM ESSENTIAL MUST HAVES ⬇️
→ 20%OFF CBD GUMMIES EU →http://bit.ly/TAW_CBD
→ 20%OFF CBD GUMMIESUSA → http://bit.ly/TAW_CBD_US
→ 50% OFF AUTISM PARENTING MAGAZINE → http://bit.ly/AUTISMPM
→ 15% OFF AUTISM STIM TOYS / GADGETS → http://bit.ly/StimToys
→ Autism Alert Card: http://bit.ly/AutismAlertCard

→ Noise Cancelling Headphones: http://amzn.to/2goVuKf
→ Chewable Jewellery:  http://bit.ly/Chewable_Autism 
→ Elastic Shoe Laces: http://amzn.to/2gnWm1L
→ Weighted Blanket: https://amzn.to/2NkmCZK
→ Autism: A Practical Guide for Parents: https://amzn.to/2Ngxmbx
→ MY BOOK GET IT HERE: http://amzn.to/2D7XvDf

FOLLOW MY SOCIAL MEDIA ⬇️
► Twitter: http://bit.ly/TAW_Twitter
► Instagram: http://bit.ly/TAW_Insta
► Facebook: http://bit.ly/TAW_FaceBook
► SnapChat: http://bit.ly/TAW_SnapChat

FOR YOU! - JOIN THE COMMUNITY ⬇️
► Join The Super Squad → http://bit.ly/2FHuaor
► Join The Mailing List → http://bit.ly/Autism_Updates 
► Facebook Group: http://bit.ly/TAW_SuperFans
👾Our Discord → http://bit.ly/TAW_Discord
👽Our Reddit → http://bit.ly/TAW_Reddit


ABOUT THIS VIDEO:
Does Jake Paul have autism? This is an interesting question. I know that Jake Paul has a diagnosis of ADD (ADHD). But after watching Shane Dawsons series on The Mind Of Jake Paul i found some really interesting personality traits that could link to autism. 

People know him for the Jake Paul Diss Track videos or just wanting to know Jake Paul net wroth, but behind all the drama and videos there is a real guy and from what I see a possible spectrum condition.

Does Jake Paul have ADHD? Yes in deed he does as he reveals in a few interviews that he has ADHD. ADHD isn't part of the diagnosis of an autism spectrum disorder but it does fall into comorbid conditions associated with autism.

I have autism and ADHD as they are found to be very commonly linked together, thus my initial idea that Jake Paul may have Autism. 

What ever the case I am not here to diagnose anyone but to open discussion about it.


ABOUT ME: 
Helping people understand Autism from a person with Autism’s perspective.

Hey from the Aspie World and a big welcome into my life! I am a Dan from the UK and I have Aspergers Syndrome or ASD which is a form of Autism, often referred to as High Functioning Autism or Autism Spectrum Disorder.  I make videos every week on my journey and offer tips and tricks to help everyone who has Autism. 

I also have help videos for helping people get a diagnosis of Autism or Aspergers Syndrome, and also some advise and help for anyone who is friends, partners or loved ones who suffer from Autism or Aspergers Syndrome and just about anyone on the Autism Spectrum. 

Tags:
#Aspergers #ASD #Autism 

*I use affiliate marketing links and some videos may be a paid sponsored video.",2019-03-16T18:00:01Z,7217,https://www.youtube.com/watch?v=4F4IJJdV_g8
aaCzXN8-wvk,Autism Awareness,"A group of specialists from the United State of America is in the country for one week to run an autism awareness program in Nairobi. On the first day of the initiative stakeholders called on the government through the Ministry of Education to incorporate autism as a unit in the Competency Based Curriculum.

Connect with KBC Online;
Subscribe to our channel: https://t.ly/86BKN
Follow us on Twitter: https://twitter.com/KBCChannel1 
Find us on Facebook: https://www.facebook.com/kbcchannel1news 
Check our website: https://www.kbc.co.ke/

#KBCchannel1 #Mentalhealth #AutismAwareness",2022-04-05T20:54:46Z,43,https://www.youtube.com/watch?v=aaCzXN8-wvk
DlnYANIVslc,Autism Calming Sensory: Relaxing Music,"Relaxing Music for Autism.To help in case of Autism Meltdown or simply to help Calm and Relax.
BRAND NEW: A Guide to Calming Meltdowns ebook (Amazon) - https://tinyurl.com/ycqmurrg

SUBSCRIBE: For updates and new Sensory Videos and Calming Music. [Remember to click the bell to be notified of new uploads!!]

SHARE: If you enjoy this video or find it helpful please do share it!

Any thoughts or constructive comments welcome.

--------

#autism
#meltdown
#autismcalmingmusic
#calmingmusic
#sensory
#autismrelaxation
#classroommusic
#relaxingmusic
______

Fluidscape by Kevin MacLeod is licensed under a Creative Commons Attribution licence (https://creativecommons.org/licenses/by/4.0/)
Source: http://incompetech.com/music/royalty-free/index.html?isrc=USUAN1100393
Artist: http://incompetech.com/

Image: https://pixabay.com/en/background-abstract-futuristic-1462755/
Pixabay License | Free for commercial use | No attribution required",2018-02-22T00:53:38Z,1361416,https://www.youtube.com/watch?v=DlnYANIVslc
uTopu7rOA4A,"Autistic Ideologies (Anarcho-Autism, Schizoautisticism, and more)","Inspired by SamONella, but the more I worked on it, the more it became distinct.
The next one will be realeased by July 19th, but probably much sooner.",2022-07-09T03:50:23Z,566,https://www.youtube.com/watch?v=uTopu7rOA4A
le-3I0iGluY,"AUTISTIC Kid Bullied By Babysitter, What Happens Next Will Shock You","Do you know someone who has been mistreated because of a condition they have?
Let us know in the comments.

💥 NEW VIDEOS every MONDAY, WEDNESDAY and FRIDAY at 3pm (PST) 💥
LIKE this video and SUBSCRIBE to the channel for new content every week!

JOIN THE GENERATION OF HOPE HERE 💬
Instagram ➜ https://instagram.com/generationhopestudios
Facebook ➜ https://www.facebook.com/generationhopestudios
Twitter ➜ https://twitter.com/generationhopes
Pinterest ➜ https://www.pinterest.com/generationhopestudios
TikTok ➜ https://www.tiktok.com/@generationhope
Discord ➜ https://discord.gg/2ew9MswJ8x
Newsletter ➜ https://bit.ly/GH-newsletter

OTHER CHANNELS ⭐
Shorts ➜ https://bit.ly/GH-shorts

BRAND PARTNERSHIPS & BUSINESS INQUIRIES 🤝
Website ➜ https://www.generationhope.net/brands

CAST
Tamara -  Anna Hamilton-Scott
David - Chris Montañez
Devon - Fil Gelabert

CREW
Writer: Ryland Murphy
Director: Alejandro Colosio
Editor: Alejandro Colosio
Casting Director: Fil Gelabert",2021-07-29T16:18:56Z,3134513,https://www.youtube.com/watch?v=le-3I0iGluY
98W1w_Uni-8,Autism: Blessing or a Curse?,"#HUK #Fox #AutsimAwarenessDay #Autism

Sometime more different and personal than normal, but, felt that it was needed

Check out my Website: https://www.gooverington.com/headphonesuk

DISCLAIMER: I do not own anything in the video. All clips are owned by the respective and listed sources in the credits. Please support the official releases

New Intro by Sun Studios: http://portfolio.sun-studios.net

Art by RockyGems: http://rockygems.deviantart.com 

Check me out on Twitter: https://twitter.com/Headphones_UK 

Or do you just want to see more? Check this out:  https://www.facebook.com/headphonesuk/",2020-03-30T13:57:28Z,1227,https://www.youtube.com/watch?v=98W1w_Uni-8
VnsU0RxMLq8,Stack Rings | Pinnacle Blooms Network - #1 Autism Therapy Centres Network,"Pinnacle Blooms Network is probably first and only of its kind chain of child development and rehabilitation centres network, core purposed to be empowering 80+ crore kids, people with cognital developmental, neurological, psychological, autism conditions across the world to be part of main stream society, Bring smiles into their families.


Through 99.5%+ proven improvement resulted practical Speech Therapy, Behavioral Therapy, Occupational Therapy, Special Education,  Hydro Therapy, Yoga Therapy, Group Teaching, Music Therapy, Dance Therapy,...  offered by qualified, certified, expertised, proven child development and rehabilitation specialists within the most hygiene, playful environment filled with empathy.


Best and Most unique part of Pinnacle Blooms Network is the way parents are made part of the entire child development process on day to day basis with the seamless interactions between parents and therapists via patentable ... award winning Mirracle Platform ... Probably one and only technology platform in 360 degree manner.
Digital therapy record on cloud about the children, Day to day training, recommendations provided to parents in such a way to groom parents to be the therapists for their own kids are few of the many firsts to be remembered introduced within this segment by Pinnacle Blooms Network.

Pinnacle Blooms Network is started, managed, run by MOTHERS for KIDS, PEOPLE with neurological, psychological, cognital conditions.

CALL 9100 181 181 for admissions, franchise inquiries.

https://www.pinnacleblooms.org 

#autism
#speechpathology
#speechtherapy
#cognitivebehavioraltherapy
#occupationaltherapy
#specialeducation
#pinnacle
#pinnacleblooms
#pinnaclebloomsnetwork
#bharathhealthcare
#kotiigroup",2022-07-13T04:00:13Z,15,https://www.youtube.com/watch?v=VnsU0RxMLq8
3FVLH_wqK-w,Previewing The Race For Autism,"The Race for Autism is planned for Saturday, April 2 in Balboa Park. More information is available online at raceforautism.org.

Follow FOX 5 San Diego:
https://www.fox5sandiego.com
https://www.youtube.com/fox5sd
https://www.facebook.com/fox5sandiego
https://www.twitter.com/fox5sandiego
https://www.instagram.com/fox5sandiego",2022-03-28T14:58:19Z,190,https://www.youtube.com/watch?v=3FVLH_wqK-w
pftGP1FqUgI,Family finds cryptic note in car of missing Miami-Dade man with autism,Police said 20-year-old Alejandro Suarez was last seen leaving his home in the Westchester area of Miami-Dade County on Monday.,2022-07-06T21:43:38Z,6590,https://www.youtube.com/watch?v=pftGP1FqUgI
A0ohWBZVmsI,Hot rods and cool rides at Car Show for Autism in Sylvania,"Folks took advantage of the ideal weather on Sunday to check out some hot rods and cool rides,
all while raising money for a good cause, Autism Society of Northwest Ohio.

In 9 years the show has gone from about 40 cars to over 200.

Subscribe to WTOL 11 - https://bit.ly/32odAkM 

Connect with us on social media: 
Go 419 Facebook - https://www.facebook.com/Go419/ 
Facebook - https://www.facebook.com/wtol11/ 
Twitter - https://twitter.com/WTOL11Toledo/ 
Instagram - https://www.instagram.com/wtol11toledo/ 
WTOL 11 newsletter - https://wtol.com/email 
WTOL 11 Weather app - https://bit.ly/3o7ZNwO",2022-07-10T23:45:38Z,1869,https://www.youtube.com/watch?v=A0ohWBZVmsI
WeR1sJfNIF0,"Woman Gets Autistic Girl Fired, She Instantly Regrets It.","JOIN to watch Vid Chronicles MOVIES and get early access to unreleased videos.
https://m.community.com/ckW6jjw44od4RSLsz

Shop Vid Chronicles merch - https://vidchroniclesmerch.com/

* SUBSCRIBE to our channel by clicking here➞ https://youtube.com/c/VidChronicles so you can be the first to get notified when we post new videos. Don't forget to click the notification bell.

Vid Chronicles specialize in making inspirational videos, Our goals are to male videos that reflects on the day to day life of people and to showcase a positive out come of life.

Our Videos are created to impact lives and show people that good still exist. By sharing our videos your helping us to uplift millions and putting smiles on there faces. 

Follow us on all our social media platforms to stay up to date with what we have going on. 

 Romario Facey Accounts: 
*Facebook www.facebook.com/faceyromario/
*Instagram  https://www.instagram.com/romariofacey/

Vid Chronicles Account's 
*Facebook https://www.facebook.com/VidChronicles/
*Instagram https://www.instagram.com/vidchronicles/
  
#VidChronicles #Mrbeast #dharmann #MyStoryAnimated  #inspirational #LifeLessons #selfimprovement #ryansworld #mrbeast #pewdiepie
#vidchronicles #vidchronicles #mrbeast #mrbeast #pewdiepie #MSApreviously  #MSA #previously #MyStoryAnimated #viralvideos #ryansworld #CocomelonNursery #Rhymes #mystoryanimated #lifelessonvideos #dharmannvideos #youtubemovies #inspirationalvideos #motivationalvideos #lifelessons #lifetips #doityourself #success #beinghappy #selfimprovement #lifelesson #relationshipadvice #bestyoutubevideos #familyvideos #mystoryanimated #teries #viralvideos",2022-02-10T18:25:35Z,397705,https://www.youtube.com/watch?v=WeR1sJfNIF0
Gdl5vyY_F-8,Judo And Autism,"What does Judo have to do with Autism?  Nothing particularly.  However, for Australian Judo representative Jakob Edwards, the two go hand-in-hand.

Jakob discusses how he came to terms with being diagnosed with Autism as a child, the positive role Judo played in this process and what lessons he learnt along the way.

Jakob currently works with many young individuals, both professionally and within Judo, who are going through a similar journey and by applying his own experience, Jakob helps to guide and mentor them to reach the levels of success that he has worked towards in his own life.
#Judo #Autism 
_____________________________
Judo Fanatics x The Judo Way of Life Full Length Instructional Videos:

Awesome Ashi Waza
https://judofanatics.com/collections/all/products/awesome-ashi-waza-by-david-groom

It's All In The Hips || Effective Judo Hip Tosses
https://judofanatics.com/collections/all/products/its-all-in-the-hips-by-david-groom

Okuri-Ashi-Harai System || Fancy Feet
https://judofanatics.com/products/okuri-ashi-harai-system-by-david-groom
_______________________________________________________
Connect with The Judo Way of Life:

Instagram: https://instagram.com/thejudowayoflife
Facebook - https://www.facebook.com/judowayoflife
Twitter - https://twitter.com/judowayoflife
Website - https://thejudowayoflife.com/conversations/",2020-06-11T00:05:41Z,1333,https://www.youtube.com/watch?v=Gdl5vyY_F-8
qKo2DoDTcnk,Autism explained with art #autism #awareness #spraypaint #art #stepbystep,,2022-05-03T14:47:57Z,4974819,https://www.youtube.com/watch?v=qKo2DoDTcnk
8x3g5MCk1MM,Are These AUTISM Headphones For YOU?,"Are these the best headphones for autism noise cancelling?

HIKI APP: https://www.hikiapp.com/

There is a lot of people trying to find the perfect autism headphones why? Let me explain.

Autism comes with sensory processing disorder, this can make autistic people sensitive to sounds.

Lots of the time too much noise can be overloading and causes a meltdown for autism people.

So it stands to reason why a good pair of noise cancelling headphones can be life changing.

These headphones hit the mark, they are super comfy and really do block out noise!  

For the price point and the actual practical impact of blocking out noise this is a good purchase.

However the only downside is they are hard to get use to the buttons and navigation (turning noise cancelling on and off).

Let me know what your thoughts are on this in the comments below and follow @The Aspie World  for more autism content.

HASH TAGS:
#Autism   #Aspergers   #ASD

LINKS:
The Aspie World- BEST Noise Cancelling Headphones For Autism (Which Do YOU Need!?): https://youtu.be/48UhZAW3hdA

Yo Samdy Sam - AUTISM life hacks - 10 things you should try: https://youtu.be/_JAHy4BdgPE

The 6 Best Headphones for Children with Autism - Hidden - https://hiddentalentsaba.com/autism-headphones/

16 Comfortable Autism Noise Canceling Headphones - https://theabilitytoolbox.com/autism-noise-canceling-headphones-earplugs/",2022-04-16T18:30:06Z,2994,https://www.youtube.com/watch?v=8x3g5MCk1MM
hu031z6CXWo,MASKING MY AUTISM- what does it look like? what did it make me do?,"Prioritize your mental health. Get 10% off your first month; https://betterhelp.com/layle  
Thank you BetterHelp for sponsoring this video!

**BetterHelp is not a crisis line. If you or someone you know is in danger, please consult these resources for immediate help; https://betterhelp.com/gethelpnow/

~~CONNECT WITH ME~~
PAYPAL: https://www.paypal.me/PaigeHennekam
CAMEO: https://www.cameo.com/paigelayle
INSTAGRAM: https://www.instagram.com/paigelayle/...
TIKTOK: https://www.tiktok.com/@paigelayle?la...
TWITTER: https://twitter.com/paigehennekam?ref...

For business purposes, email 
paige.layle@gmail.com 
Title: BUSINESS INQUIRY 

Send me stuff!
Paige Hennekam
46 Kent St W. 
ROYALE TOWN & COUNTRY REALTY
Lindsay, ON Canada
K9V 2Y2

Related: autism, autism diagnosis, Paige layle, paigelayle, paigelayle tiktok, tiktok videos, autistic, autistiktok, autistok, autism spectrum disorder, Aspergers, Aspergers syndrome, autism in girls, dsm, autistic kid, autism mom, autism family, autism speaks, autism awareness, autism acceptance",2022-06-10T19:14:42Z,64630,https://www.youtube.com/watch?v=hu031z6CXWo
23n8ToBS9tg,An Autistic Person Reacts to Rain Man (Is it Accurate?),"Looking to try and bring back some autism-related content. Was Rain Man a respectful, quality representation of autism? Let's discuss. If you liked this video, please like it and share it. 

Patreon: https://www.patreon.com/maxderrat 
SubscribeStar: https://www.subscribestar.com/max-derrat 
PayPal: paypal.me/maxderrat 

Twitter: twitter.com/maxderrat 
Discord Link: https://discord.gg/EuyNXpN 
Twitch: twitch.tv/maxderrat",2022-06-04T20:02:28Z,11098,https://www.youtube.com/watch?v=23n8ToBS9tg
cWOwNP9vC6k,Rethinking Autism: Autistics Speak,RethinkingAutism.com presents a video designed to change the current autism conversation in the media.,2009-09-24T01:50:39Z,44071,https://www.youtube.com/watch?v=cWOwNP9vC6k
Jihy-D41Ljg,Geneva Centre for Autism,"As a full service agency, Geneva Centre for Autism's commitment to individuals with an ASD and their families have been demonstrated through its tireless work of ensuring evidence-based and best practices in its service delivery.  The Centre's programs and services are driven by person-centred philosophy with emphasis on skill-building using evidence-based clinical practices and approaches that recognize the unique needs and strengths of an individual with an ASD.   The Centre is guided and supported by its Professional Advisory Council comprised of world-reknowned experts in the field of Autism.  Its staff is comprised of qualified professionals with diverse skills, expertise and backgrounds that also reflect the diversity of the individuals and families that the Centre serves.",2012-05-10T15:37:26Z,4846,https://www.youtube.com/watch?v=Jihy-D41Ljg
6X1tazHzhFg,Autistic - Mark Normand #shorts,"#MarkNormand #Austism #StandUp #comedy

http://marknormandcomedy.com/

Join my new Patreon page! Crazy road videos, a new solo pod even comedy classes with me! Check it out gang!! Queef! Patreon Link: https://www.patreon.com/MarkNormand",2022-05-26T14:00:05Z,347870,https://www.youtube.com/watch?v=6X1tazHzhFg
G_exA1YiFLg,AUTISTIC MEAL TIME 2 (900.000 CALORIES),"Gordon Ramsay step aside, there is a new sheriff in town B-)",2021-07-07T14:53:35Z,805979,https://www.youtube.com/watch?v=G_exA1YiFLg
Rwkg90SkpUU,How To Teach Sign For Nonverbal Autism,"This is the method that works well for our daughter with nonverbal autism new sign language words to improve her effective communication. She uses modified sign language because of motor skills and because her stimming behaviors could be confused for sign language. This is how to teach sign for nonverbal autism using ABA therapy practices.

-Sign Up For Members Here-
https://www.youtube.com/channel/UCZwd0qneWpqUqLnM5nwZpsA/join (for iPhone users that don't have the ""Join"" option yet)
-Links For All The Things- Amazon Affiliate-
https://www.amazon.com/shop/fatheringautism
-The Podcast-
https://anchor.fm/fromamtopm
-Fathering Autism Merch-
http://fatheringautism.storenvy.com
-Priscilla's Cooking Channel-
https://www.youtube.com/c/potspanspriscilla
-Priscilla's Makeup Page-
https://www.facebook.com/lipstickmamamakeup

-Mailing Address-
Fathering Autism
10416 New Berlin Rd 
MPB 227
Jacksonville, FL 32226

-MY SOCIAL MEDIA-
-YouNow-
https://www.younow.com/fatheringautism
-Patreon-
https://www.patreon.com/FatheringAutism
-Facebook-
https://www.facebook.com/FatheringAutismYouTube/
-Snapchat- FatheringAutism
-Twitter- @fatheringautism
-My Instagram- @fatheringautism1 
https://www.instagram.com/fatheringautism1/?hl=en
-Isaiah’s Instagram- @whats_the_pointnshoot https://www.instagram.com/whats_the_pointnshoot/?hl=en",2018-11-08T17:32:46Z,32935,https://www.youtube.com/watch?v=Rwkg90SkpUU
tAI-pRJRI6s,Understanding the Needs of Girls and Women on the Autism Spectrum - Part 1,,2022-07-13T17:14:34Z,22,https://www.youtube.com/watch?v=tAI-pRJRI6s
aNd0G905-Y8,Peg Board  | Pinnacle Blooms Network - #1 Autism Therapy Centres Network,"Pinnacle Blooms Network is probably first and only of its kind chain of child development and rehabilitation centres network, core purposed to be empowering 80+ crore kids, people with cognital developmental, neurological, psychological, autism conditions across the world to be part of main stream society, Bring smiles into their families.


Through 99.5%+ proven improvement resulted practical Speech Therapy, Behavioral Therapy, Occupational Therapy, Special Education,  Hydro Therapy, Yoga Therapy, Group Teaching, Music Therapy, Dance Therapy,...  offered by qualified, certified, expertised, proven child development and rehabilitation specialists within the most hygiene, playful environment filled with empathy.


Best and Most unique part of Pinnacle Blooms Network is the way parents are made part of the entire child development process on day to day basis with the seamless interactions between parents and therapists via patentable ... award winning Mirracle Platform ... Probably one and only technology platform in 360 degree manner.
Digital therapy record on cloud about the children, Day to day training, recommendations provided to parents in such a way to groom parents to be the therapists for their own kids are few of the many firsts to be remembered introduced within this segment by Pinnacle Blooms Network.

Pinnacle Blooms Network is started, managed, run by MOTHERS for KIDS, PEOPLE with neurological, psychological, cognital conditions.

CALL 9100 181 181 for admissions, franchise inquiries.

https://www.pinnacleblooms.org 

#autism
#speechpathology
#speechtherapy
#cognitivebehavioraltherapy
#occupationaltherapy
#specialeducation
#pinnacle
#pinnacleblooms
#pinnaclebloomsnetwork
#bharathhealthcare
#kotiigroup",2022-07-12T05:00:01Z,12,https://www.youtube.com/watch?v=aNd0G905-Y8
Q6G-OpGgo3c,Autism: National Autistic Society train film,"We have launched a new film highlighting the difficulties a person with autism might encounter whilst using public transport, as part of our ongoing think differently about autism campaign.


People with autism can encounter many difficulties on a daily basis in situations other people cope with quite easily. A frequent problem is the stress of travelling on public transport and the great anxiety caused by changes to schedules. People with autism often rely on routines and can find unexpected changes very difficult to deal with. However, when these things do occur a bit of understanding and support can make all the difference. This latest film is based on a true account, depicting one such scenario at a train station and shows how a seemingly harmless situation can quickly escalate. It includes extracts from interviews with people with autism explaining how they have reacted in similar situations.
www.think-differently.org.uk",2009-01-12T17:42:50Z,68298,https://www.youtube.com/watch?v=Q6G-OpGgo3c
NlNTIT27Ua4,Break-ins target Autism Model School in west Toledo,"Some summer programing was delayed because of the crimes.

Subscribe to WTOL11: https://bit.ly/32odAkM

Connect with us on social media:
Go 419 Facebook - https://www.facebook.com/Go419/
Facebook - https://www.facebook.com/wtol11/
Twitter: https://twitter.com/WTOL11Toledo/
Instagram - https://www.instagram.com/wtol11toledo/
WTOL 11 newsletter - https://wtol.com/email",2022-07-07T22:09:43Z,3820,https://www.youtube.com/watch?v=NlNTIT27Ua4
4lAFi0BacVQ,When puzzle cards  | Pinnacle Blooms Network - #1 Autism Therapy Centres Network,"Pinnacle Blooms Network is probably first and only of its kind chain of child development and rehabilitation centres network, core purposed to be empowering 80+ crore kids, people with cognital developmental, neurological, psychological, autism conditions across the world to be part of main stream society, Bring smiles into their families.


Through 99.5%+ proven improvement resulted practical Speech Therapy, Behavioral Therapy, Occupational Therapy, Special Education,  Hydro Therapy, Yoga Therapy, Group Teaching, Music Therapy, Dance Therapy,...  offered by qualified, certified, expertised, proven child development and rehabilitation specialists within the most hygiene, playful environment filled with empathy.


Best and Most unique part of Pinnacle Blooms Network is the way parents are made part of the entire child development process on day to day basis with the seamless interactions between parents and therapists via patentable ... award winning Mirracle Platform ... Probably one and only technology platform in 360 degree manner.
Digital therapy record on cloud about the children, Day to day training, recommendations provided to parents in such a way to groom parents to be the therapists for their own kids are few of the many firsts to be remembered introduced within this segment by Pinnacle Blooms Network.

Pinnacle Blooms Network is started, managed, run by MOTHERS for KIDS, PEOPLE with neurological, psychological, cognital conditions.

CALL 9100 181 181 for admissions, franchise inquiries.

https://www.pinnacleblooms.org 

#autism
#speechpathology
#speechtherapy
#cognitivebehavioraltherapy
#occupationaltherapy
#specialeducation
#pinnacle
#pinnacleblooms
#pinnaclebloomsnetwork
#bharathhealthcare
#kotiigroup",2022-07-13T12:30:02Z,20,https://www.youtube.com/watch?v=4lAFi0BacVQ
7kIw9vxpBz4,Mom PAYS GIRL to DATE AUTISTIC SON! The Ending Will SHOCK YOU | SAMEER BHAVNANI,"Sharon can't stand her son being down, so she PAYS a GIRL to date him, in hopes to boost his confidence.... you won't believe what happens next...

My Daughter Started her OWN YOUTUBE CHANNEL! Let's GET IT 10,000 SUBS!
https://www.youtube.com/channel/UCDQC8NFXcJ5Ki7xwYBA5x8g

Please subscribe, like, and comment on this video, I want to be the next biggest Youtuber, to help others out there, by giving back.
Follow me on Instagram and Facebook if you enjoyed this video
Facebook: https://www.facebook.com/officialsambhavnani
Instagram: https://www.instagram.com/atstdtft
TikTok: SameerBhavnaniOfficial

#SameerBhavnani #LifeLessons #PositiveMessage #Inspirational",2021-11-21T22:06:25Z,1177712,https://www.youtube.com/watch?v=7kIw9vxpBz4
hMhJhRLsl34,"1 Hour Autism, ADHD, SPD &amp; Aspergers Healing Sleep Sensory Music Colorful Spiral Beads","1 Hour Autism, ADHD, SPD & Aspergers Healing Sleep Sensory Music Colorful Spiral Beads   
If you struggle with autism sensory and suffer often with this uneasiness, this soft music is soothing to help you relax. As you relax and experience the beauty of deep calming music try to feel the restful peace in the music. Calming music can be helpful to reduce meltdowns.  Our music is perfect for reducing sensory at home or at work. The soothing frequency combination generates calming music for a short peaceful relaxing nap or a targeting a stimulating sleep and relaxation. 

Click Here: https://bit.ly/3t7W9nt

music credit: copyright free music from youtube library

This channel is dedicated to individuals who have autism, ADHD, SPD (sensory processing disorders), special needs, sensory needs, and Aspergers.

DISCLAIMER: This video and description contain affiliate links, which means that if you click on one of the product links, I'll receive a small commission. This helps support the channel and allows us to make videos like this. Thank you for your support.

Affiliate: Pajamas for your ears (sleep headphones)
https://www.sleepphones.com/?aff=383

Affiliate: Eco-friendly home goods and wellness products 
https://beanproducts.com/?ref=hd1wdc6bd4g

Affiliate: 15-minute Meditation
https://bba93pxaiv6u2w0-bfeambgjyk.hop.clickbank.net/

#autism
#meltdown
#autismcalmingmusic
#calmingmusic
#sensory
#autismrelaxation
#classroommusic
#relaxingmusic
#sensorymusicforautism
#autismrelaxingmusic
#CalmingVisualInput
#instrumentalmusic
#calminganimation
Please subscribe and share our videos (It's Free)

RECOMMENDED VIDEOS:
 Autism Calming Sensory Relaxing Music: (Meltdown) Binaural Beats 1 Hour- Golden Triangle
https://youtu.be/Dpf-LtpmNrc

Autism Calming Sensory Relaxing Music: (Meltdown) 1 Hour 40 Min Purple Sand
https://youtu.be/OsNSR7Dc_GE

Autism Calming Sensory Relaxing Music: (Meltdown) 3 Hour Binaural Beats Jelly Fish
https://youtu.be/v4Ipgek7Vnc


 Copyright Genius Mind Meditation",2020-08-11T16:00:10Z,370049,https://www.youtube.com/watch?v=hMhJhRLsl34
sovrWWV2DWI,The Downfall Of Milezjj: The TikToker Who Faked Autism For Views,"On this memory card I am going to be discussing the case of Milezjj. He was a TikToker who rose to fame for his wholesome personality. You see, people thought miles had autism and loved watching him share his story with the world. They even donated their hard earner money to him. However, miles later revealed he faked his autism the whole time and hasn’t been heard from since. This is the downfall of the Milezjj.

Instagram: https://www.instagram.com/internetajay/
Official InternetAjay Discord: https://discord.gg/t2FDt4wfxP

My Stuff:
My Electronic Picture Frames: https://amzn.to/322TmzL
My Camera: https://amzn.to/2RtIM2D
My Microphone: https://amzn.to/3hdW2mu
My Chicago Bears Hat: https://amzn.to/3vMrsEN
My Chicago Blackhawks Hat: https://amzn.to/3eqmxmU
My Chicago Bulls Hat: https://amzn.to/3nMjCq6
My Chicago White Sox Hat: https://amzn.to/38K8VQR
My LED Light: https://amzn.to/3iiqJ8H
My Lamp: https://amzn.to/3oN3tlA",2022-06-09T01:39:55Z,99249,https://www.youtube.com/watch?v=sovrWWV2DWI
pjqbYZBxoLs,The Pathetic TikToker Who Faked Autism For Clout..,"Faking Disorders For Fame and Money, the lowest you can go... Today we explore the story of Miles, a 9-5 worker at five guys whose greed got the best of him.

2nd channel ► https://www.youtube.com/channel/UCjuKQCmKlCtrPL2wl1uIphQ?view_as=subscriber
twitter ► https://twitter.com/mythichorse
edited by: Corticera",2022-05-15T13:30:18Z,737306,https://www.youtube.com/watch?v=pjqbYZBxoLs
fZ7wn2nDL28,Sensory Activities For People With Down Syndrome/Autism,"Today I am doing sensory activities with Joe and Autumn. People with Down Syndrome and Autism enjoy sensory activities because they can be soothing. Today we made whipped cream art,colored rice,and sensory balloons. We used all household items and we didn't spend any money on this project. Do you enjoy these type of activities? Let me know in the comments if you have done any of these activities before. Thank you so much for watching and please like and subscribe to my channel. 
Andy 13
Autumn 12
Joe 8 

Follow me:  
Autumn: https://www.instagram.com/beingautumn_t21/?hl=en
Audrey: https://www.instagram.com/fitmom_odd/
Twitter: https://twitter.com/FitmomOdd
Snapchat: Oddree1981
Pinterest: https://www.pinterest.com/Fitmom_odd/ 
 
5300 Beach Blvd., Suite 110-391 Buena Park, CA 90621 

Business Inquiries Only: Audreypercival81@gmail.com",2019-01-13T04:11:01Z,108720,https://www.youtube.com/watch?v=fZ7wn2nDL28
ZbF7tr7joAo,Autism TikTok Compilation #16,"Extra 10% Off Discount Code: autistic 
Shop Aesthetic Merch: https://bit.ly/AutisticallyAutisticArtsyMerch
Shop Anime Merch: https://bit.ly/AutisticallyAutisticAnimeMerch

Check out my TikTok! - https://vm.tiktok.com/ZTdqd1RJF/

Check out my main channel!
https://www.youtube.com/channel/UCiC1C44_HqN_YExjhHE2xaw


Tags -
#autismawareness #autism #autismacceptance #autismfamily #asd #autismlife #autismlove #autistic #autismsupport #autismspectrum #autismspectrumdisorder #aspergers #adhd #actuallyautistic #disability #differentnotless #love #neurodiversity #autismadvocate #inclusion #autismcommunity #autismrocks #bhfyp #autismjourney #autismawarenessmonth #autismworld #mentalhealth #disabilityawareness #autisticadults #anxiety #autismwarrior #autismproud  #autisme #autismmemes #ilovesomeonewithautism #autismstrong #stimming #autismstars #mentalhealthawareness #sensory #neurodivergent #autismawarenessday #education #autisticpride #stims #stimming #stimtoys",2022-06-06T18:11:18Z,15151,https://www.youtube.com/watch?v=ZbF7tr7joAo
PtfJy-owIrs,Fun activities  | Pinnacle Blooms Network - #1 Autism Therapy Centres Network,"Pinnacle Blooms Network is probably first and only of its kind chain of child development and rehabilitation centres network, core purposed to be empowering 80+ crore kids, people with cognital developmental, neurological, psychological, autism conditions across the world to be part of main stream society, Bring smiles into their families.


Through 99.5%+ proven improvement resulted practical Speech Therapy, Behavioral Therapy, Occupational Therapy, Special Education,  Hydro Therapy, Yoga Therapy, Group Teaching, Music Therapy, Dance Therapy,...  offered by qualified, certified, expertised, proven child development and rehabilitation specialists within the most hygiene, playful environment filled with empathy.


Best and Most unique part of Pinnacle Blooms Network is the way parents are made part of the entire child development process on day to day basis with the seamless interactions between parents and therapists via patentable ... award winning Mirracle Platform ... Probably one and only technology platform in 360 degree manner.
Digital therapy record on cloud about the children, Day to day training, recommendations provided to parents in such a way to groom parents to be the therapists for their own kids are few of the many firsts to be remembered introduced within this segment by Pinnacle Blooms Network.

Pinnacle Blooms Network is started, managed, run by MOTHERS for KIDS, PEOPLE with neurological, psychological, cognital conditions.

CALL 9100 181 181 for admissions, franchise inquiries.

https://www.pinnacleblooms.org 

#autism
#speechpathology
#speechtherapy
#cognitivebehavioraltherapy
#occupationaltherapy
#specialeducation
#pinnacle
#pinnacleblooms
#pinnaclebloomsnetwork
#bharathhealthcare
#kotiigroup",2022-07-13T07:30:02Z,8,https://www.youtube.com/watch?v=PtfJy-owIrs
RrSID8Af5Uc,Christina P Takes An Autism Test - Where My Moms At? Highlight,"Christina P has been questioning whether or not she's on the spectrum. This leads the booth boys to quiz her with a questionnaire designed to screen for the possibility of autism spectrum disorder.

WhereMyMomsAt@gmail.com
(213) 375-5184",2022-07-02T18:00:09Z,9108,https://www.youtube.com/watch?v=RrSID8Af5Uc
jBAiQyBDz7g,This Tiktok Couple Is Faking Autism And Tourettes For Clout…,"We got a new tiktok couple faking tics for views and free amazon items...wooooooow

My instagram: https://www.instagram.com/sensitivesoci3ty/?hl=en

NEW MERCH: https://my-store-6334694.creator-spring.com/listing/the-taco-shop

Thank you to my channel members so much for their support!
-Lizt Rodríguez
Darth Malgus
Mandie Jones
Drake Cullinan
Jaul Cat
Itsyallboilagos
Stratorii
Government Pasta
Kaitlin Deanne
Jessica
ZombieFox
RedRacc
TheRantMan42
Charlie koby Sheen
Controle
EvAlex
Idoobbberz _TV
DanK
Blakepin
Fabricio Sebastián
RyZeN 2077
sup_boyz42O
onedank boi daniel
Harley Quinzel
06
Ren Amarusu
AndyClips
Ｓｔａｒ Ｄｕｓｔ
FeliriousS
tawny
ZABRAZOO GAMING
KodieTheAussieAlastorFanBrony
Knxight :O
B0ngs illa
Joy Hester
Roxazaloah
Marchbaby
ShadyDroski
Jose Toledo
MAF Gaming
Drunk Serenity
Tuna
Blootooth
Masons Journey Living
Flat Neko
Slipknot Maggot
ZombieLand_DoubleTap
Dalegas 818
Pickle Mann
IOoze Mayonnaise
ur upset
herbert hoover
BlueX HandSpirit Productions
Commando The Kid
tacos are fancy
Mark _
Orphansoup
Silver
Nerd
Evan Trevino
thereal xavsters
Big Brother Di
Lil Peepee
Knox Lionheart
Samuel Po
Jolly Rancher Elephant
𝑀𝒶𝓃𝒹𝓎𝓈-𝑅𝒶𝒾𝓃
🌈RoxNB🌈
Fireeagle9 on insta
Jøsh
rishi sinha
Shaheer
adriidriii
my ppsohard 2004
gustavo t
8bit Ajax
paragosugar
IRS Man
lukieboy 222
Marciano Summers
Trenna Percy
Comrade stalin
Rxdiancy
Fountain Lion
Thatiana Got the Glockiana
Reclaimer
Axel Rouze Bonghanoy
Maddie Choco
Taxable DJ
Carlos Aguilar
Alexander Hamilton
EclipsePlaysGames
Bryan Garrett
Vinacent Kenjiro
Sak
Anthony Sanson
Zero Two
Sir Snipington
J-The SunRise
Punadian Prime
Mobaraka
Shinaboyo
Diamondhat
Past Life
Lobster wins
Loser
Zero Remnant
Zedric The Motivated
Memes
Dominic Jones
Funny Fudge
Chamiii Ponce
bonca
Wavy Senpai
AsHizo •
The Potato of Gods and Kings
Lol Troll
Eduardo Tepox
LuckyBlox
scrappydoofan
Jose Rodriguez
Lady Bunny
CBass
Franymanz
T-Matchless Mystic
Stephie162
who took my crocs
Gamerrex 001
EJbingus REACTIONS
Hexord
Zero Remnant
DJ Falco
Aryan Tyagi
Mr. Snubblez
Bryan L.
Sylphmoon
CHEESY ISAAC
arthur Morgan
Ismaiel Hamoud
Jeffrey
JustFrenzy
Datalik
Vaporix
Buzymask
lederpear
Happy 421 Homie
Elena Amata
Sui
Jose Villarroel19
Undefined111
Shinaboyo
Ayre Oculus
oli oppar
Maddie Choco
Marisa Bassin
Datalik
Heidi Lucero
Hawaii's Mercenary
CheetoHead
DUALITY
Adrian Navar
Sentanheard
kiro
Seven of the D3d
max mad
Schnee 01 Viper
Nick Milner
Trenna Percy
Shorty
Aqua Samurai
Chaeeng
Blanche Vachon
Szy
Zero To Wolf
McHope
Azura 182
knife physics
Raptor F-777
colbey towner
Lil rosa
krista grossmann
brug i jd
melodicwavy
AttractiveCat
CarmenRider

Become a channel member and support the channel: https://www.youtube.com/channel/UCWkr1kaJbGMKYYJI9Q5Rt0A/join

Banner Artist: https://twitter.com/ohangelyt

My Twitch: https://www.twitch.tv/sensitivesoci3ty

My second channel:
https://www.youtube.com/channel/UCEBBR5LKmxQmliA_C62KChw

My patreon: https://www.patreon.com/Sensitivesoci3ty",2022-04-09T20:26:15Z,213347,https://www.youtube.com/watch?v=jBAiQyBDz7g
-dmfAwBunxQ,Mr. And Miss Autism: Developing The Creative Abilities Of The Autistic Child 27/04/2022,#UTV,2022-04-27T08:48:06Z,1143,https://www.youtube.com/watch?v=-dmfAwBunxQ
TmHVaby_qg0,Xaaladda Autism-ka,Waalidiinta haysa carruurta Autism-ka la nool maxay yihiin caqabadaha ay la kulmaan? Warbixin iyo wareysi,2022-04-01T18:01:54Z,5395,https://www.youtube.com/watch?v=TmHVaby_qg0
1bFng49QodE,"How To Recover From People Pleasing (autism, ADHD, trauma)","How to recover from people pleasing, especially if you are autistic, have ADHD or carry trauma. 

People pleasing is incredibly damaging for you and your relationships. I'm a recovering people pleaser, and it is possible to make changes in this area. 

The video I mentioned about setting boundaries 
https://youtu.be/9HU436X48kE

Join this channel to get access to perks:
https://www.youtube.com/channel/UCzske-KMAJYQn84rz6oD_yA/join

here is a link to all my stuff including:
https://direct.me/purpleella
-Ko-Fi - my tip jar
- My merch
- All my socials",2022-07-08T15:21:07Z,3973,https://www.youtube.com/watch?v=1bFng49QodE
se1SIDcjtBg,Peg Board  | Pinnacle Blooms Network - #1 Autism Therapy Centres Network,"Pinnacle Blooms Network is probably first and only of its kind chain of child development and rehabilitation centres network, core purposed to be empowering 80+ crore kids, people with cognital developmental, neurological, psychological, autism conditions across the world to be part of main stream society, Bring smiles into their families.


Through 99.5%+ proven improvement resulted practical Speech Therapy, Behavioral Therapy, Occupational Therapy, Special Education,  Hydro Therapy, Yoga Therapy, Group Teaching, Music Therapy, Dance Therapy,...  offered by qualified, certified, expertised, proven child development and rehabilitation specialists within the most hygiene, playful environment filled with empathy.


Best and Most unique part of Pinnacle Blooms Network is the way parents are made part of the entire child development process on day to day basis with the seamless interactions between parents and therapists via patentable ... award winning Mirracle Platform ... Probably one and only technology platform in 360 degree manner.
Digital therapy record on cloud about the children, Day to day training, recommendations provided to parents in such a way to groom parents to be the therapists for their own kids are few of the many firsts to be remembered introduced within this segment by Pinnacle Blooms Network.

Pinnacle Blooms Network is started, managed, run by MOTHERS for KIDS, PEOPLE with neurological, psychological, cognital conditions.

CALL 9100 181 181 for admissions, franchise inquiries.

https://www.pinnacleblooms.org 

#autism
#speechpathology
#speechtherapy
#cognitivebehavioraltherapy
#occupationaltherapy
#specialeducation
#pinnacle
#pinnacleblooms
#pinnaclebloomsnetwork
#bharathhealthcare
#kotiigroup",2022-07-12T05:30:12Z,14,https://www.youtube.com/watch?v=se1SIDcjtBg
vT5IiMnRBy0,A sneak peek of our new Autism friendly home....,"Take a look at how we’re making our new Autism-friendly home. I talk about what an Autism-friendly home means to me and how you can make your home Autism-friendly too. Watch this video to find out cheap and easy-to-follow modifications you can do to your home to help your Autistic child. You'll also learn about the disabled facilities grant, how to get VAT relief, and choosing the right products (lights, doors, tiles, etc) for your child's sensory needs. 


If you're new to my channel, welcome to the family and thank you for watching our video! Here's a little bit about me, I am a wife, a mother of three beautiful children (Dylan, Luca and Naia) and a former actress. Following my eldest son (Dylan)'s diagnosis of ASC, I threw myself into knowing all there was to know about Autism and how to help him. After 6 years of research, I wrote my first book 'Coming Home to Autism', with my friend and speech therapist, Rhian Grounds. My mission is to help support and inspire parents of special needs children!


Please feel free to write in our comment section if you'd like to share your story or if have any questions regarding Autism. 


For more tips on how to make your home Autism-friendly, check out our previous episodes:
https://youtu.be/8F9dnnwKJcs - Autism Friendly Home
https://youtu.be/QHXeIdQx9LQ - Autism and Sleep
https://youtu.be/rQXu7Nlt-ag - Inside My Autistic Son's Bedroom

_____________________________________________________________
'Coming Home to Autism' book:
https://www.amazon.co.uk/Coming-Home-Autism-Room-Room/dp/1785924362


Social media:
Instagram - http://instagram.com/taraleniston
Facebook - http://facebook.com/cominghometoautism
Website - http://cominghometoautism.com/


Business enquiries:
info@cominghometoautism.com


Video Producer: 
Tiara Westlake https://www.kamukami.com/

Edit Assistant:
Louise Chivers


Music:
Cold Funk by Kevin MacLeod http://incompetech.com
Creative Commons — Attribution 4.0 International — CC BY 4.0
Free Download / Stream: https://bit.ly/cold-funk
Music promoted by Audio Library https://youtu.be/Vhd6Kc4TZls

Found You - Atch https://soundcloud.com/atch-music
Creative Commons — Attribution 3.0 Unported — CC BY 3.0
Free Download / Stream: http://bit.ly/_found-you
Music promoted by Audio Library https://youtu.be/vlTLsmc5MCQ

Summertime by Tokyo Music Walker https://soundcloud.com/user-356546060
Creative Commons — Attribution 3.0 Unported — CC BY 3.0
Free Download / Stream: https://bit.ly/al-summertime
Music promoted by Audio Library https://youtu.be/NLSaDjwnX9E
__________________________________________________________________",2020-10-11T08:30:02Z,10932,https://www.youtube.com/watch?v=vT5IiMnRBy0
gJfijwGvbBk,Autism Language?,"Do you or anyone you know on the spectrum have some made up words they love to use? Do they use those words over and over like a vocal stim? Let us know your thoughts!
https://www.patreon.com/autismfamily
https://www.facebook.com/Autism-Family-Youtube-107318891102628?view_public_for=107318891102628",2022-06-16T21:46:16Z,8377,https://www.youtube.com/watch?v=gJfijwGvbBk
JBfPxz3yiPE,Council Chat - Polara Health Autism Programs,Vice Mayor Lori Hunt talks with Polara Health about Autism Spectrum Disorders and services available in our community.,2022-07-14T18:30:03Z,3,https://www.youtube.com/watch?v=JBfPxz3yiPE
2ef2r2sUn7U,My Autism Child&#39;s Biggest Challenge || My everyday struggles with Viraj || An update,"Hello My Autism Family,

I am hoping that you will like this video. Subscribe, like and Share our channel and help us spread Autism awareness 😊

❤✔  Instagram. (to chat) 
Kindly follow if  you wish your message to reach me otherwise the message will go to hidden request due to privacy settings later you may unfollow as per your wish

 https://www.instagram.com/ina_chawla/
❤✔  Facebook (only for updates) https://www.facebook.com/AforAutismbyIna

Never quit when tired , take rest and then get back to work!

DISCLAIMER :All the information provided on this channel and it's videos are for helping purposes only and should not be considered as professional advice as I am a mom documenting the journey of my Autism baby and the measures we have been taking to help him transition and become socially functional. We are trying to provide perfect ,valid, specific, and detailed information. All the contents published on our channel are our research and self tested. 

Please do not use any picture and video of our family for any usage on your channel or social media platform without our permission in any way to avoid any legal action.

Regards
Ina, Autism Mom

#autism #autismsymptoms #autismfamilyvlogs #autismsuccessstory #autismsymptoms #autismawareness #autismmom #virtualautism #aforautism #autismfamilyvlogs #autismsymptoms #autismawareness#developmentaldelay#autismsymptoms #speechdelay #languagedevelopment #parentingtips #aforautism",2022-06-17T15:45:51Z,28666,https://www.youtube.com/watch?v=2ef2r2sUn7U
gVGZWTxA52U,Autism &amp; Sensory Toys | Adjusting To Summer | RaisingAutism Vlog,"Autism & Sensory Toys | Adjusting To Summer | RaisingAutism Vlog 



regression video 
https://youtu.be/AHd1F7Py234

V's 

Messy Life
https://youtube.com/channel/UC4OZRl_NmYTJxmDOI6YRAag


Follow us on instagram 
https://www.instagram.com/blessed_mamma_v


vitamin video 
https://youtu.be/Q5CyhwDwmjs


Antonys channel Christian channel
https://youtu.be/8B8rteRv19A
tiktok
https://vm.tiktok.com/ZMe4cEbNL/


busy book 
https://amzn.to/3pcosRq


Probiotic 
https://amzn.to/3vohsRW
bioray focus 
https://amzn.to/32VCtqT
link to doodler 
https://amzn.to/3rRjtFL


US PayPal email is vguti85@gmail.com
some links are affiliate links that can earn me a small commission
thank you for the support 


please make sure you put my name and my name only or else package will not be delivered
Veronica Gutierrez
P.O BOX 601241
Sacramento Ca 95860-1241",2022-07-09T17:53:17Z,1056,https://www.youtube.com/watch?v=gVGZWTxA52U
1ys8yK0nA9U,GIRLS WITH AUTISM VS BOYS WITH AUTISM,"💙❤💙Make your own meme! Download the template:
✅💙Girls and boys with autism: http://gestyy.com/epNJw5
✅💙Halloween: http://gestyy.com/epNJf6
✅💙Do even men have feelings: http://gestyy.com/epNJCn
✅💙Us army vs russian army: http://gestyy.com/epNJ6g

 ✅Copyright Disclaimer, Under Section 107 of the Copyright Act 1976, allowance is made for 'fair use' for purposes such as criticism, comment, news reporting, teaching, scholarship, and research. Fair use is a use permitted by copyright statute that might otherwise be infringing. Non-profit, educational or personal use tips the balance in favor of fair use.",2021-11-17T14:15:11Z,2158891,https://www.youtube.com/watch?v=1ys8yK0nA9U
vC-nwNt4zWs,"Autism and Full Moons...Yeah, it&#39;s a thing.","Does the full moon have a sensory effect on people? Maybe?! Let me know your experience with this in the comments. The old jump-in-the-pool-cause-it's-funny trick is back...it puts a smile on my face, gets her some exercise, and she has a great time doing it so it is what it is. 

-Merch Links-
https://teespring.com/stores/fathering-autism
http://fatheringautism.storenvy.com/
-Sensory Floor Tiles- https://cobyandbam.com/?ref=iwvVWPtqblJKZ
20% OFF With Code: fatheringautism
-Autism Parenting Magazine- https://bit.ly/autismparentmag
-Amazon Links- (affiliate link)
https://www.amazon.com/shop/fatheringautism
-You Need This App- Abridge https://abridgeapp.com/fatheringautism
-Where My Music Comes From- https://www.epidemicsound.com/referral/g82ju5/
-Isaiah's Photography Website- https://whatsthepointnshoot.com/prints
-Patreon- https://www.patreon.com/FatheringAutism
-The Podcast- https://anchor.fm/fromamtopm
-Priscilla's Cooking Channel- https://www.youtube.com/channel/UCYssOGi-0ju6UJ3cUZIzeWA
-Isaiah's Channel- https://www.youtube.com/channel/UC5mC7Y8J9I3zZaiBXn83YhA
-Priscilla's Makeup Page- https://www.facebook.com/lipstickmamamakeup
-Twitch - https://www.twitch.tv/papamaass

-OUR SOCIAL MEDIA-
-Facebook- https://www.facebook.com/FatheringAutismYouTube/
-TikTok- FatheringAutism
-Twitter- @fatheringautism
-My Instagram- @fatheringautism1 
-Isaiah’s Instagram- @whats_the_pointnshoot 
-Priscilla's Instagram- @cillasstuff_n_things
-Priscilla's TikTok- @priscillamaass
-Isaiah and Summer's TikTok- @summerandisaiah",2021-08-26T22:00:31Z,49622,https://www.youtube.com/watch?v=vC-nwNt4zWs
ckKJVYhpS6Y,Autism &amp; Dance,,2022-01-10T18:34:19Z,2719440,https://www.youtube.com/watch?v=ckKJVYhpS6Y
RXfDiWMcW0k,Our autistic son has sexual problems! 😟💻😤 | Caso Cerrado | Telemundo,"Full Episode: https://www.telemundo.com/shows/2020/06/16/caso-cerrado-estoy-obsesionado-con-videos-de-pornografia-infantil-tmvo9476046

Official video of the controversial Telemundo show Caso Cerrado. Elizabeth and Omar's son, Fidel, is autistic, and neither wants custody of the child because he is out of control: he became obsessed with adult films and even downloads videos.

I'm obsessed with watching adult films | Caso Cerrado | Telemundo

Caso Cerrado. Available now in Peacock.
Your favorite movies and series, and more. Now available in Peacock.  https://www.peacocktv.com?cid=20200101evergreensymyt191&utm_source=youtube&utm_medium=symphony_onlinevideo_brandawareness_aboutlink&utm_campaign=20200101evergreen&utm_term=casocerrano&utm_content=peacockbrandaboutlink

Download our App:
https://telemundo.app.link/8005Db9UP6
To watch full episodes visit:
http://www.telemundo.com/CasoCerrado
Facebook: http://www.facebook.com/casocerradotelemundo
Twitter: http://twitter.com/#!/CasoCerradoTV
YouTube: http://www.youtube.com/CasoCerrado

Subscribe: https://bit.ly/CasoCerradoYT

Caso Cerrado:
Caso Cerrado is led by dear Cuban-American Law Doctor Ana María Polo. This program presents conflicting and moving cases between participants in litigation, you will feel identified, you will want to take sides and witness the solution and decision based on truth and evidence.

Telemundo App
¡Telemundo - Full Episodes is your digital destination to enjoy the programming you like! Watch full episodes of your favorite Telemundo shows, live TV and exclusive content by downloading the Telemundo app - Full Episodes and logging into your provider's TV account.

Telemundo
It is a world-class media company, an industry leader in the production and distribution of high-quality Spanish content across multiple platforms for Hispanics in the United States and around the world. The network offers original dramatic productions from Telemundo Studios – the #1 of stellar Spanish content – as well as alternative content, movie movies, specials, news and world-class sporting events, reaching 94% of Hispanic viewers in the United States in 210 markets through 17 own stations and 57 open-TV affiliates. Telemundo also owns WKAQ, a local television station serving Puerto Rico. Telemundo is part of NBCUniversal Telemundo Enterprises, a division of NBCUniversal, one of the world's leading media and entertainment companies. NBCUniversal is a subsidiary of Comcast Corporation.

FOLLOW US IN TWITTER: http://bit.ly/1vl4zqp
LIKE US IN FACEBOOK: http://on.fb.me/1EWlDol

#CasoCerrado #CasoCerradoTelemundo

Our autistic son has sexual problems! 😟💻😤 | Caso Cerrado | Telemundo
https://www.youtube.com/user/telemundoenglish",2021-06-30T18:00:15Z,333151,https://www.youtube.com/watch?v=RXfDiWMcW0k
NbEJ0cqDwoM,"”Ei sulla mitään autismia ole, sähän olet ihan normaali.” – KIOSKI ALL AUTISM PANEL","”Onko kaikilla autistisilla jokin erikoistaito?” Autismin kirjo on laaja, eikä siihen kuuluvia ihmisiä voi koskaan täydellisesti niputtaa yhteen. Kuitenkin he kaikki saavat osakseen samantyyppisiä ennakkoluuloja ja kysymyksiä. Nyt All Autism Panel ruotii muutamat perusseikat läpi.

Vieraina Emmi Varis, Ilkka Nygrén, Joel Herman, Sari Ala-Ukko ja Minttu Aalto.

Videon henkilöt edustavat omia mielipiteitään ja kertovat omista kokemuksistaan, eivätkä täten vastaa täydellisesti koko viiteryhmän puolesta.

#allxpanel #allautismpanel #ylekioski

Seuraa Kioskin tube-kanavia:
👉Kioski: https://www.youtube.com/ylekioski
👉Journal: https://www.youtube.com/ylekioskijournal
👉Gaming: https://www.youtube.com/ylekioskigaming
👉Life: https://www.youtube.com/ylekioskilife
👉Food: https://www.youtube.com/ylekioskifood
👉DOC: https://www.youtube.com/ylekioskidoc

Seuraa Kioskia Instagramissa:
👉Kioski: https://www.instagram.com/ylekioski/
👉Tiede: https://www.instagram.com/ylekioskitiede/
👉Gaming: https://www.instagram.com/ylekioskigaming/
👉Life: https://www.instagram.com/ylekioskilife/
👉Food: https://www.instagram.com/ylekioskifood/

Seuraa Kioskia Facebookissa:
👉http://facebook.com/ylekioski

Ja löydä vielä lisää videoita Yle Areenasta:
👉https://areena.yle.fi/tv/ohjelmat/kioski",2018-12-11T10:45:22Z,200773,https://www.youtube.com/watch?v=NbEJ0cqDwoM
JcVlkr72WIM,Transgender People &amp; Autism: Behavior Analyst Courtney Lasky Explains The Connection – Ask Dr. Drew,"Recent studies have shown that people on the autism spectrum are more likely to identify as part of the LGBTQ community – including some researchers who estimate that people with autism traits are 2-3 times more likely to be transgender than those who are not on the spectrum. 
Courtney Lasky is a Board Certified Behavior Analyst and a Director of Clinical Services with BlueSprig Pediatrics.  She is also a wife and mother of 6 children who has worked with autistic individuals for over 15 years. She joins the show to discuss the research and offer tips on how to support kids on the autism spectrum.
Find out more about Courtney Lasky and BlueSprig Pediatrics at https://BlueSprigAutism.com 

JOIN THE SHOW: Raise your hand on Twitter Spaces at https://twitter.com/DrDrew to ask Dr. Drew anything! 

Ask Dr. Drew is produced by @Kaleb Nation (https://kalebnation.com) and Susan Pinsky (http://twitter.com/firstladyoflove). This show is for entertainment and/or informational purposes only, and is not a substitute for medical advice, diagnosis, or treatment.

SPONSORED BY
• GENUCEL - Using a proprietary base formulated by a pharmacist, Genucel has created skincare that can dramatically improve the appearance of facial redness and under-eye puffiness. Genucel uses clinical levels of botanical extracts in their cruelty-free, natural, made-in-the-USA line of products. Get 10% off with promo code DREW at https://genucel.com/drew

GEAR PROVIDED BY
• BLUE MICS - After more than 30 years in broadcasting, Dr. Drew's iconic voice has reached pristine clarity through Blue Microphones. But you don't need a fancy studio to sound great with Blue's lineup: ranging from high-quality USB mics like the Yeti, to studio-grade XLR mics like Dr. Drew's Blueberry. Find your best sound at https://drdrew.com/blue

• ELGATO - Every week, Dr. Drew broadcasts live shows from his home studio under soft, clean lighting from Elgato's Key Lights. From the control room, the producers manage Dr. Drew's streams with a Stream Deck XL, and ingest HD video with a Camlink 4K. Add a professional touch to your streams or Zoom calls with Elgato. See how Elgato's lights transformed Dr. Drew's set: https://drdrew.com/sponsors/elgato/

FOLLOW DR. DREW
• Website: https://drdrew.com
• Locals: https://drdrew.locals.com
• Clubhouse: https://clubhouse.com/@DrDrew
• Cameo: https://cameo.com/drdrew
• Twitter: http://twitter.com/DrDrew
• Instagram: http://instagram.com/drdrewpinsky
• TikTok: https://tiktok.com/@drdrew
• Facebook: https://facebook.com/drdrew
• Twitch: https://twitch.tv/drdrewtv
• Rumble: https://rumble.com/drdrew
• YouTube: https://youtube.com/drdrew

For over 30 years, Dr. Drew has answered questions and offered guidance to millions through popular shows like Celebrity Rehab (VH1), Dr. Drew On Call (HLN), Teen Mom OG (MTV), and the iconic radio show Loveline. Now, Dr. Drew is opening his phone lines to the world by streaming LIVE from his home studio. Watch all of Dr. Drew's latest shows at https://drdrew.tv",2022-06-14T23:29:18Z,2489,https://www.youtube.com/watch?v=JcVlkr72WIM
8lW1uyliMIU,Autistic Boy&#39;s New Stroller + Disability Talk + Medication Update *SAFETY* | Aussie Autism Family,"Jacob still requires a stroller as a 5 year old, and the reason is mostly for his safety! Check out his new stroller, which is big enough for his growing body.
I had the disability talk with Jazz, and also give a medication update on Jacob.
#autism #autismsafety #adhdmedication 

Join this channel to get access to perks:
https://www.youtube.com/channel/UCjGxqeBTzlGhjg8ETzXSYZQ/join

Come join our Autism family, follow our real life vlogs and create acceptance.
We love to record our memories as an Autism family and all the adventures that we take part in, so go click that beautiful, red subscribe button… you know you want to!

PRODUCTS:
- PeaPod - https://www.specialneedsaustralia.org/products/peapod-inflatable-calming-sensory-cushion?_pos=4&_sid=5751b5775&_ss=r&aff=4 
- Simple Spectrum Supplement:
DISCOUNT CODE: aussiefamily10
https://simplespectrumsupplement.com/

Social media: 
PATREON - https://www.patreon.com/aussieautismfamily
Our Instagram: https://www.instagram.com/aussieautismfamily
Our Facebook: https://www.facebook.com/AussieAutismFamilyYoutube

EARLY AUTISM SIGNS - 2YRS OLD https://www.youtube.com/watch?v=TMaCC-pdpmE&t=37s
EARLY AUTISM SIGNS - 3YRS OLD https://www.youtube.com/watch?v=_gba3JNKi5c&t=6s",2022-07-11T22:26:04Z,2161,https://www.youtube.com/watch?v=8lW1uyliMIU
YH47Ejv7r-8,Missing woman with autism last seen on Staten Island,"Police are asking for help finding Yina Chi, a missing woman with autism and epilepsy.",2022-07-09T03:25:48Z,5164,https://www.youtube.com/watch?v=YH47Ejv7r-8
mOtlF0ywH_s,Understanding Visual Perception in Autism,"Created by Erica Busch
Grand Prize Winnter
2020
""This video explains a portion of my honors thesis in cognitive science ""A deep learning approach to understanding real-world scene perception in autism."" My research in the Robertson Lab uses deep learning, virtual reality, and eye-tracking to understand how individuals with autism experience the visual world. By understanding real-world visual perception in autism, we can build better models of the brain mechanisms that cause sensory sensitivities, inform autism diagnoses, and create a more sensory-friendly society.""",2020-06-09T17:06:23Z,1057801,https://www.youtube.com/watch?v=mOtlF0ywH_s
XOC9S8Sgzpg,Solving Speech Delays in 4 Year Olds and Autism Denial: Hot Seat #6 with Vikram,"Dr Mary Barbera discusses autism denial and solving speech delays with Vikram.
Sign up for a free workshop to start turning autism around: https://bit.ly/3uSTCQD
Subscribe to get more insightful videos about #autism and related topics at: https://goo.gl/cGSdxX
Watch the full video here!: https://youtu.be/Y2_wvlyEtPQ

I have had Autism Dads on in the past but never for a Hot Seat. For this episode, I am talking with Vikram, a father of two in Melbourne, Australia. Just after his son’s 1st birthday, concerns for autism were brought up by a pediatrician friend. After some time of denial, a period of waiting on evaluations, Vikram’s wife Leah ordered my book, Turn Autism Around. For their family this was the light that sparked understanding, and they have since joined my online course and community, and see some notable gains in their son.

Vikram P. is the proud father of two children, Nahum and Hosanna. He and his wife, Leah, live in Melbourne, Australia where Vikram serves as a pastor and evangelist. 

See the show notes to this podcast episode here:
https://bit.ly/3yPhGWW

Subscribe on Facebook for more free resources:
https://bit.ly/3IiPJd6

You'll Learn:
- Is it common for parents to be in denial of autism?
- Does speech delay mean autism?
- What is echoic control?
- Should you focus on words or articulation?
- What self-care skills should you focus on?
- Can mealtimes and feeding affect other skills and goals?
- Why table time is important for early learner skills.

If you enjoyed this video on autism denial and getting an autism diagnosis, be sure to subscribe to the channel, like this video and visit my website below. If you have more questions, leave them down in the comments section, and I will do my best to answer you. Thanks for watching today's video about speech delays and autism, and let's #turnautismaround together!

Interested in learning more about teaching a child with autism, special needs parenting, or other autism and special needs topics in the mental health in children niche?
Visit us: https://bit.ly/3ORJ4ca
Contact us: Info@MaryBarbera.com

You can also connect with us at:
Facebook: https://MaryBarbera.com/facebook
Twitter: https://MaryBarbera.com/twitter
Instagram: https://MaryBarbera.com/instagram
Pinterest: https://MaryBarbera.com/pinterest
LinkedIn: https://MaryBarbera.com/linkedin

Dr. Mary Barbera. I fell into the autism world as an autism mom in 1999 when her first-born son, Lucas, was diagnosed with autism. Since then, she became a Board-Certified Behavior Analyst and best-selling author of The Verbal Behavior Approach. Since 2015, she’s created 3 autism online courses based on applied behavior analysis for professionals and ""gung-ho"" parents. Whether you’re looking for autism parenting strategies, working with development delays in children, or in search of autism help for professionals, I can encourage you to subscribe to the channel and join me on my journey. I’ll be providing weekly autism resources that you don’t want to miss.

#Autism #shorts",2022-07-14T15:00:15Z,266,https://www.youtube.com/watch?v=XOC9S8Sgzpg
4jt5OSH3z00,Man with autism charged $60K for skincare products,Man with autism charged $60K for skincare products,2021-11-13T00:53:01Z,848,https://www.youtube.com/watch?v=4jt5OSH3z00
ZKOATzSY_M8,Autism school coming to Perth as desperate parents take matters into their own hands | ABC News,"A group of parents in WA is planning to open the state's first independent school dedicated to students with autism.
Subscribe: http://ab.co/1svxLVE  Read more here: https://ab.co/3nSPoEz

ABC News provides around the clock coverage of news events as they break in Australia and abroad, including the latest coronavirus pandemic updates. It's news when you want it, from Australia's most trusted news organisation.

For more from ABC News, click here: https://ab.co/2kxYCZY
Watch more ABC News content ad-free on iview: https://ab.co/2OB7Mk1

Go deeper on our ABC News In-depth channel: https://ab.co/2lNeBn2
Like ABC News on Facebook: http://facebook.com/abcnews.au
Follow ABC News on Instagram: http://instagram.com/abcnews_au
Follow ABC News on Twitter: http://twitter.com/abcnews

Note: In most cases, our captions are auto-generated.

#ABCNews #ABCNewsAustralia",2022-07-11T10:47:24Z,1574,https://www.youtube.com/watch?v=ZKOATzSY_M8
BCaq5gcGA1E,Autism Farm,"The owners of this farm have a very good reason to make it an inclusive activity and include autism and sensory specific activities for people on the autism spectrum. They even shut it down to the public for special days. We love Conners!

-Merch Links-
https://teespring.com/stores/fathering-autism
http://fatheringautism.storenvy.com/
-Sensory Floor Tiles- https://cobyandbam.com/?ref=iwvVWPtqblJKZ
20% OFF With Code: fatheringautism
-Autism Parenting Magazine- https://bit.ly/autismparentmag
-Amazon Links- (affiliate link)
https://www.amazon.com/shop/fatheringautism
-You Need This App- Abridge https://abridgeapp.com/fatheringautism
-Where My Music Comes From- https://www.epidemicsound.com/referral/g82ju5/
-Isaiah's Photography Website- https://whatsthepointnshoot.com/prints
-Patreon- https://www.patreon.com/FatheringAutism
-The Podcast- https://anchor.fm/fromamtopm
-Priscilla's Cooking Channel- https://www.youtube.com/channel/UCYssOGi-0ju6UJ3cUZIzeWA
-Isaiah's Channel- https://www.youtube.com/channel/UC5mC7Y8J9I3zZaiBXn83YhA
-Priscilla's Makeup Page- https://www.facebook.com/lipstickmamamakeup
-Twitch - https://www.twitch.tv/papamaass

-OUR SOCIAL MEDIA-
-Facebook- https://www.facebook.com/FatheringAutismYouTube/
-TikTok- FatheringAutism
-Twitter- @fatheringautism
-My Instagram- @fatheringautism1 
-Isaiah’s Instagram- @whats_the_pointnshoot 
-Priscilla's Instagram- @cillasstuff_n_things
-Priscilla's TikTok- @priscillamaass
-Isaiah and Summer's TikTok- @summerandisaiah",2021-11-07T23:00:04Z,35782,https://www.youtube.com/watch?v=BCaq5gcGA1E
vOzaxQ6yz38,AUTISM MOTIVATION - REAL MIRACLE STORY,"""True efforts and belief always pays off""

Story of Varun, is an inspiration for all of us who Despite of being on Autism Spectrum, not only defeated his fears but also defeated many champions and brought glory to his family and country. This all became possible with the constant support & encouragement from his parents and coach who never gave up on him!!

#autismcure#autismtreatment #autismsuccessstory #autismtherapy #autismmom #autismtherapies #motivationalvideo #motivationstoryintamil",2022-07-09T13:00:34Z,2660,https://www.youtube.com/watch?v=vOzaxQ6yz38
QlyblHe1Ddk,Missing 6-year-old boy with autism found dead in Buckingham County,"A missing boy with autism has been found dead, according to the Toga Volunteer Fire Department.

The Buckingham County Sheriff’s Office says they were called to the 4000 block of New Store Road around 8 p.m. Sunday, July 10, for a missing 6-year-old boy with autism and Down syndrome who had wandered away from home.
The sheriff’s office said the boy, Landon “Waldy” Raber, was found dead in a pond shortly before 5:30 a.m. on Monday.

FULL STORY: https://bit.ly/3NZbgc1",2022-07-12T00:25:38Z,171,https://www.youtube.com/watch?v=QlyblHe1Ddk
48qPi66aF_Q,Kami Tidak Berbeda | World Autism Day #USSFEED,"Happy world autism day everyone.

Pada hari spesial ini, kita mengundang orang-orang untuk menunjukkan reaksinya terhadap karya seorang yang mengidap autism syndrome. Bagaimana reaksi mereka? Dan bagaimana tanggapan Artist terhadap orang-orang? Check this one out.

Kreaby : https://www.instagram.com/withkreaby/?hl=id

Keep Updated with USS Feed:
- Youtube: https://www.youtube.com/ussfeed​​​​​​
- Instagram: https://www.instagram.com/ussfeed/​​​​​​
- Instagram: https://www.instagram.com/urbansneake......
- Twitter: https://twitter.com/USSFeed_​​​​​​
- Facebook: https://www.facebook.com/ussfeed/​​​​​​
- Facebook: https://www.facebook.com/urbansneaker......
- Website: http://www.ussfeed.com/​​

USS FEED: Your Daily Intake of Everything Trending.",2022-04-02T13:56:27Z,7838,https://www.youtube.com/watch?v=48qPi66aF_Q
N3sQBZ8aVUE,The best autism headphones were not made for autism,"The Impact Sport headphones may have been designed for outdoor activities, but they really shine when used for those on the autism spectrum. Here is a link you can use to find them, but we are not affiliated with their company in any way: https://www.amazon.com/Howard-Leight-Honeywell-Amplification-Electronic/dp/B00IB15S1Q/ref=sr_1_5?keywords=impact%2Bsports%2Belectronic%2Bear%2Bmuffs&qid=1653518621&sprefix=impact%2Bsport%2Caps%2C125&sr=8-5&th=1

https://www.patreon.com/autismfamily
https://www.facebook.com/Autism-Family-Youtube-107318891102628?view_public_for=107318891102628",2022-05-25T23:40:06Z,7460,https://www.youtube.com/watch?v=N3sQBZ8aVUE
F2FfF0t11HY,ඔටිසම් තත්වය ඈතිවෙන්නට හේතු What Causes  Autism-Sinhala By Gayani Champika,"Autism is invading the world more and more and many children are becoming the victims of autism due to various reason. These are many reasons for the autism. We will see the main reasons in this video. But with proper training we can make these children's future brighter.

Gayani Champika is the Principal and Managing director of Teddy's Castle Special Need School and Teddy's Castle Montessori in Kandy, Srilanka. She has a good experience in Special Need Education and General Child Education for the past many years. May Special Need Children are so effectively treated and educated in her school. For further details please contact us. Thank you!

Website: teddyscastle.lk
email: info@teddyscastle.lk
WhatsApp: +94 76 545 8368
Call: +94 71 789 5505

Fb Page(Special Need): https://www.facebook.com/specialneedkandy/?modal=admin_todo_tour

TAGS:
sinhala autism videos
autism treatment in srilanka
what is the meaning of autism in sinhala
meaning of autism in sinhala
kandy special need school
srilanka special education school
gayani champika
otisam
otisam thathwaya
otisam thathwaya video
otisam hethuwa
autism ethiwenna hethuwa
autism ethiwenna hethuw
autism suwa kala hekida
otisam suwa kala hekida
otisam thtwaye bayanaka kama
autism ethiwennata hethu
autisam walakwanne kohomada
autism walakwanne keseda
autism upades
autism upadesha
autism upadesha sinhala
otisam upadesha sinhala
autism kiyanne mokakda
autism ethiwenne ey
autism hedena marga
otisam daruwan
autism daruwan
autism daruwanbabala
autism babala
otisam prashna
otisam getaluwa
autism getaluwa",2020-06-02T02:26:26Z,19343,https://www.youtube.com/watch?v=F2FfF0t11HY
SqHXOkplMtA,Inside Dubai&#39;s Autism Friendly Cinema!,"The family and I went to the cinema, but this experience was a little different as @VOX Cinemas and Dubai Autism Center have partnered to bring sensory friendly screenings to cinema's across the UAE. 

These screenings create an experience that’s designed make people with sensory needs and their families feel inclusive, safe, and comfortable when they visit the cinema.

As a family we can truly say is that nothing makes us happier than when places go that extra mile to make people feel comfortable and included. 
Much love and God bless ❤

CLICK HERE TO SUBSCRIBE FOR MORE VIDEOS: https://www.youtube.com/khalidalameri?sub_confirmation=1

FOLLOW US HERE:
Our Tik Tok: https://vm.tiktok.com/HgGfPA
Salama's Snapchat: https://www.snapchat.com/add/salamaskin
Salama's Instagram: https://www.instagram.com/salamamohamed
Instagram: https://www.instagram.com/khalidalameri
Facebook: https://www.facebook.com/khalidalameri

MUSIC:
Ikson https://soundcloud.com/ikson
Vlad Gluschenko https://soundcloud.com/vgl9",2021-02-26T07:55:40Z,434018,https://www.youtube.com/watch?v=SqHXOkplMtA
jpJDLzWlpDA,Autism boy Adam meets Abg Azil @Adam&#39;s Autism Family,"Today we beraya with actress/entrepreneur/autism mom Zarina Zainuddin. We have been friends for a long time, always supporting each other from a far, connected thru social media and texting each other every now and then. As parents to autism children we connect on a different level. So it was good to see her and family.

Just like Adam, Azil too can snap into a meltdown anytime of the day. So it can be pretty risky to have both of them meet each other. Because of their extreme sensory issues, they can very well trigger each other into a meltdown. But we were ready for the worse, and so was Zarina. In the spirit of Eid, we just trusted in Allah to ease everything.

Something truly magical happened. When Azil came downstairs, he was unstable. I was afraid that Adam would be effected emotionally and become unstable too. To our surprise, Adam was exceptionally cool and composed about everything. We somehow felt that he was a bit affected, maybe confused. So mommy quickly took out her dōTERRA Lavender and diluted Vetiver to oils Adam. She also drop the oil on Barney. We wanted Adam to keep cool. 

Alhamdulillah. Not only was he calm about the little commotion but he actually made efforts to show his affection towards Azil. Adam tried to tell Azil not to hit himself on the face. MashaAllah. We were touched somewhat but more feeling proud of Adam.

This is evidence that people with Autism have feelings too, just like all of us. Please be kind and compassionate the next time you encounter with Autistic people. Be truly patient because they do not know how to express themselves the way you and I can.

If you love someone with Autism, give this video a LIKE, and do share it with people. Autism awareness and acceptance have so much more to accomplished. On behalf of all autism families, we thank you for making a little difference. Every bit matters.",2019-06-20T16:32:05Z,2377114,https://www.youtube.com/watch?v=jpJDLzWlpDA
CJtR29_Ba8o,Hard Times Passed,"We don't have it all figured out but I can say it's getting better. We are on the right path and Abbie is working hard on communicating her needs and why she's upset. 

If you’re looking for a link, social media, or how to get in touch with us go here - https://msha.ke/fatheringautism",2022-07-12T22:48:42Z,32018,https://www.youtube.com/watch?v=CJtR29_Ba8o
Wi1U3nWPLnI,LIAM&#39;S 4 YEAR UPDATE | Signs Of Autism,"LIAM UPDATE! Our autistic 4 year old son Liam has been diagnosed with moderate to severe autism since he was a toddler. He is considered nonverbal autism and these are his 4 year old signs of autism. 

⭐ Lex's 4 Year Old Autism Signs 👉 https://youtu.be/so2iVd7FxXY

💖 Confused about our family? Go here 👉 https://www.youtube.com/watch?v=04ulRpv4evs

🧩 Merch 👉 https://teespring.com/stores/ourlandingcrew
🧩 Amazon Store 👉 https://www.amazon.com/shop/ourlandingcrew

Join us for LIVESTREAM 👉 https://www.younow.com/OurLANDingCrew
🌈 Instagram 👉 https://instagram.com/ourlandingcrew
🌈 Facebook 👉 https://www.facebook.com/ourlandingcrew8
🌈 TikTok 👉 ourlandingcrew

🏔 We would love to hear from you👇 
Our LANDing Crew
4356 Montebello Drive
Box 25747
Colorado Springs, CO 80936

⭐ Special Needs Parent DISCORD 👉 https://discord.gg/UYYgSwe6Sr
⭐ Neurodivergent Friends DISCORD 👉 https://discord.gg/T5SkMdjFbv

Business Inquiries 👉 tubalreversalmom@gmail.com
Parent Support 👉 ourlandingcrew@gmail.com",2022-07-06T19:00:10Z,11942,https://www.youtube.com/watch?v=Wi1U3nWPLnI
qxsEguPF_V4,My Autistic Kids Aren&#39;t Showing Signs Of Autism?,"We got EXCITING news for Liam!! I also sit down and chat about why autistic kids may not show signs of autism to you. Autism signs can vary so much so I am NOT doing this video to address haters but to educate and inform how different autism can look in toddlers and young children. 

Our Lifestyle Channel 💞 https://www.youtube.com/c/landinglifestyle

💖 Confused about our family? Go here 👉 https://www.youtube.com/watch?v=04ulRpv4evs

Penelope (19 months)
💖 Her Diagnosis Story https://www.youtube.com/watch?v=z_4Cg84zhd0&t=141s
💖 Her Autism Signs https://www.youtube.com/watch?v=pr6M8RZeorw

Liam (2 years)
💖 2 year old signs https://www.youtube.com/watch?v=_fpZUy9yE0w
💖 Liam's Story https://www.youtube.com/watch?v=jgGHHmM7ZvM
💖 Actual Footage of His Signs https://www.youtube.com/watch?v=WufH7cBgW1E

Lex (4 Years)
💖 3 Year Old Signs https://www.youtube.com/watch?v=nDmEduI_Ey4
💖 His 2nd Evaluation https://www.youtube.com/watch?v=xyypJvHHXLc
💖 2nd Evaluation Results https://www.youtube.com/watch?v=z6U2fwdIacI

Noah (13 Years Old)
💖 Preteen Signs https://www.youtube.com/watch?v=3mCoUgyKs7E
💖 Noah's Story https://www.youtube.com/watch?v=BN6ofucGaMk

🌟 Lex's fabric chew necklace 👉 https://www.etsy.com/listing/290287619/best-selling-chewing-necklace-or?ref=yr_purchases

Join our exclusive OLC Farm 👉 https://www.patreon.com/ourlandingcrew
Autism Merch  teespring.com/stores/ourlandingcrew

Join us for LIVESTREAM  👉https://www.younow.com/OurLANDingCrew/channel
Instagram 👉https://instagram.com/ourlandingcrew
FB 👉 https://www.facebook.com/ourlandingcrew

❤ We would love to hear from you ❤ 

Our LANDing Crew
P.O. Box 75712
Colorado Springs, CO 80970

!KiDS SOCiAL MEDiA!
Noah's Instagram 👉https://www.instagram.com/noaholc/",2020-09-03T19:00:06Z,34637,https://www.youtube.com/watch?v=qxsEguPF_V4
D__dvj1UzHs,DAY IN THE LIFE OF A AUTISM MOM | BUSY MOM VLOG | SHE LOVES THE WATER,"DAY IN THE LIFE OF A AUTISM MOM | BUSY MOM VLOG | SHE LOVES THE WATER



regression video 
https://youtu.be/AHd1F7Py234

V's 

Messy Life
https://youtube.com/channel/UC4OZRl_NmYTJxmDOI6YRAag


Follow us on instagram 
https://www.instagram.com/blessed_mamma_v


vitamin video 
https://youtu.be/Q5CyhwDwmjs


Antonys channel Christian channel
https://youtu.be/8B8rteRv19A
tiktok
https://vm.tiktok.com/ZMe4cEbNL/


busy book 
https://amzn.to/3pcosRq


Probiotic 
https://amzn.to/3vohsRW
bioray focus 
https://amzn.to/32VCtqT
link to doodler 
https://amzn.to/3rRjtFL


US PayPal email is vguti85@gmail.com
some links are affiliate links that can earn me a small commission
thank you for the support 


please make sure you put my name and my name only or else package will not be delivered
Veronica Gutierrez
P.O BOX 601241
Sacramento Ca 95860-1241
tags 
DAY IN THE LIFE OF A AUTISM MOM,SHE LOVES THE WATER,BUSY MOM VLOG,DAY IN THE LIFE,BUSY MOM DAY IN THE LIFE,SPEND THE DAY WITH ME,christian mom life,day in the life of a autism family,autism family vlog,day in the life,autism mom,raising autism,autism mom day in the life,autism family,autism spectrum disorder,autism,this is autism,mom vlog,autism mom vlogs,sensory play,signs of autism",2022-07-12T21:52:51Z,691,https://www.youtube.com/watch?v=D__dvj1UzHs
bf-N621L8GI,Autism kids bicycle tips  #Autismmom #ஆட்டிசம்அறிவோம்,"Autism kids bicycle tips, this video has the tips about helping Autism kids to raid bicycle on their own. ASD kids always has the challenges with balance and coordination but with some clear strategy children would be able to make some significant improvement. Our long wait paid of this year, Vinnava started raiding cycle on his own. Hope this helps the parents.
#RidingBicycle #Autismmom #ஆட்டிசம்அறிவோம்
https://www.amazon.ca/Balance-Buddy-31264002-Adjustable/dp/B000MISWIW

https://www.amazon.com/LIANCHI-Children-Cycling-Trainer-Balance/dp/B073W4DC6J/ref=mp_s_a_1_2_sspa?dchild=1&keywords=balance+buddy&qid=1595650453&sr=8-2-spons&psc=1&spLa=ZW5jcnlwdGVkUXVhbGlmaWVyPUExNlc1M1A5NlRVMkNFJmVuY3J5cHRlZElkPUEwNDE0NDgxMTVKUjNJMElLTDROWSZlbmNyeXB0ZWRBZElkPUEwMDIzNDczMlczS0xJRTZYWkxWOCZ3aWRnZXROYW1lPXNwX3Bob25lX3NlYXJjaF9hdGYmYWN0aW9uPWNsaWNrUmVkaXJlY3QmZG9Ob3RMb2dDbGljaz10cnVl


Please Subscribe My Channel for More Videos 
http://www.youtube.com/c/Iamanautismmom

Email your queries to iamanautismmom@gmail.com

This channel about autism awareness and share the personal experience regarding parenting .. 
My elder son is my inspiration behind this idea to create a channel and post videos about our experience and the hurdles which we pass through at each stage and age. We sharing how we face and pass through each stage and tips to help parents who are going through this. I am not a certified therapist or a pediatrician but a mom who is trying to bring my kid on his own. I hope this will benefit parents who are having kids diagnosed with autism as well as to parents who wants to understand what autism is and the challenges behind it. 
Keep watching our channel to understand our journey with Autism and tips that might help you. If you have any queries, please let me know in the comments or contact us through social media. 
Please share this to your friends and families who need this. we are not providing any cure tips here. Our videos will give scope and confident to bring up the kids.
Thank you for your support!
🔊 LIKE ➡ SHARE ➡ SUBSCRIBE
► Subscribe For more:
😀 Follow/Like Us Socially 😀
►Face book: https://www.facebook.com/Kavidiva/
►Twitter: https://twitter.com/Iamanautismmom1
►Instagram: https://www.instagram.com/kavithadivagar

#Autism #Autismmom #AutismTamil #AutismHomeBasedTherapyTamil2020 #imausome
#Iamanautismmom #AutismTherapyinTamilbyAutismmom #autismkidsbrother #AutismJourney withAutistickid #autismkidparenting #autismintamil #autismspectrumdisordertamil#autism2020 #autismexplainedintamil #autismrecoveryintamil #whatisautismtamil #homebasedabatherapy #HomeBasedTherapyTamil #Autismparenting #Autism Father #AutismVLog #AutismParentingvLog #AutismTamilVlog #IamanautismmomvLog #ToysReviewitamil #autismpuzzler #littlepuzzler
#Austimmom #RidingBicycle",2020-07-25T02:34:49Z,6154,https://www.youtube.com/watch?v=bf-N621L8GI
5ODKcYg5v5I,The Great Fight (Full Movie) autistic high school student,"An 18 year old autistic high school student discovers his hidden talent, mixed martial arts.  A gripping fight story that will have you standing and cheering—The Karate Kid meets Rain Man. 

Directed by Sherri Kauk
2011
Starring Robert Loggia, Charles Durning, Martin Kove, Joyce DeWitt, Angela Little, Tonye Patano, Thomas G. Waites, Thomas G. Waites
Edited for Youtube ad standards

Peliculas Completas en Español (subtitulado / doblado) https://bit.ly/2qZPDA5",2018-02-03T15:00:00Z,348408,https://www.youtube.com/watch?v=5ODKcYg5v5I
JrNVXDdFchU,Stopping Melatonin *BAD SLEEPER* | Autism &amp; Sleep | Aussie Autism Family,"We have decided to stop giving Jacob melatonin for his sleep. Jacob has autism and has never slept well, we show you how this changed his sleep!
#autism&sleep #autism #sleepproblems

Join this channel to get access to perks:
https://www.youtube.com/channel/UCjGxqeBTzlGhjg8ETzXSYZQ/join

Come join our Autism family, follow our real life vlogs and create acceptance.
We are the Otter’s, we are young parents to the most gorgeous baby boy, Jacob (4yrs) and the most beautiful baby girl, Jazz (2yrs).  We love to record our memories as an Autism family and all the adventures that we take part in, so go click that beautiful, red subscribe button… you know you want to!

PRODUCTS:
- Simple Spectrum Supplement:
DISCOUNT CODE: aussiefamily10
https://simplespectrumsupplement.com/
- Autism, Non-Verbal, Help Belt® Medical Alert Seat Belt Cover - https://amzn.to/3nbb25n
- Knobby super chewy - https://amzn.to/34xXKaL
- Ear defenders - https://amzn.to/3cNMJWo
- Chewy Holder - https://amzn.to/2GrPwZ9


Social media: 
PATREON - https://www.patreon.com/aussieautismfamily
Our Instagram: https://www.instagram.com/aussieautismfamily
Our Facebook: https://www.facebook.com/AussieAutismFamilyYoutube

EARLY AUTISM SIGNS - 2YRS OLD https://www.youtube.com/watch?v=TMaCC-pdpmE&t=37s
EARLY AUTISM SIGNS - 3YRS OLD https://www.youtube.com/watch?v=_gba3JNKi5c&t=6s",2021-07-04T20:45:00Z,4350,https://www.youtube.com/watch?v=JrNVXDdFchU
ykPloehd0XQ,Kalani SPEAKS OUT About Autism!,"90 Day Fiance star Kalani has had enough of viewers diagnosing her husband and children with autism.

#90DayFiance #KalaniAndAsuelo #90DayFianceHappilyEverAfter

***For Extra Content****

Become a Channel Member: http://bit.ly/2TBan0C

Follow Me on Social Media:
https://www.instagram.com/gracereport/
https://twitter.com/gracereport
https://www.facebook.com/GraceReport/

Email: graceisunknown@gmail.com",2020-08-14T18:30:15Z,13228,https://www.youtube.com/watch?v=ykPloehd0XQ
oSAtTpgn5YE,Autism and Camping Part 1 | She Loves The Woods,"The long awaited, much anticipated... The Camping Vlog Autism and Camping Part 1 | She Loves The Woods

***Autism Camping Essentials***
Rugged Bluetooth Speaker - http://amzn.to/2scIApw
LifeProof Life Jacket For iPad - http://amzn.to/2sd0BE6
LifeProof Nude For iPad - http://amzn.to/2sd2S2v
Ark Extra Tough KryptoBite - http://amzn.to/2rQoTTO

We hadn't been family camping in a couple years and oh, how we missed it! This is day one of the Maass family (and Summer) camping trip 2017. 

-MY SOCIAL MEDIA-
-Facebook:
https://www.facebook.com/FatheringAutismYouTube/
-Snapchat: FatheringAutism
-Twitter: @fatheringautism
 
-CAMERA GEAR-
-Cameras
Panasonic G7: http://amzn.to/2nXW0AW
iPhone 6S Plus
GoPro Hero+ : http://amzn.to/2ja0Wzx
Nikon COOLPIX S6900: http://amzn.to/2jYunJi
-Microphones
Movo Lavalier: http://amzn.to/2j9XW6g
Rode VideoMicro: http://amzn.to/2ja6CJB
-Lighting
HD-160 LED Light: http://amzn.to/2kdIIPq
LimoStudio 600w: http://amzn.to/2jaat9u
-Tripods
60"" Tripod: http://amzn.to/2jNtmkH
Flexible Tripod: http://amzn.to/2ja1QMe
-Misc. Gear
Camera Grip: http://amzn.to/2jtgaAr
Pistol Grip: http://amzn.to/2jNl789
Phone Mount: http://amzn.to/2jYC7Lh
GoPro Clip: http://amzn.to/2knGyjl
GoPro Hat: http://amzn.to/2j9XDs5
GoPro Chest Harness: http://amzn.to/2ja9u9l
Camera Backpack: http://amzn.to/2jt6jdP

Music:
Keep On Going by Joakim Karud https://soundcloud.com/joakimkarud
Creative Commons — Attribution-ShareAlike 3.0 Unported— CC BY-SA 3.0 
http://creativecommons.org/licenses/b...
Music provided by Audio Library https://youtu.be/4PResyle7QA",2017-06-12T01:20:02Z,65606,https://www.youtube.com/watch?v=oSAtTpgn5YE
nCTgJAsNGyU,Caruurta Autism-ka | Garawshiyo iyo Gargaar ayey u baahan yihiin | Documentary,Caruurta Autism-ka | Garawshiyo iyo Gargaar ayey u baahan yihiin | Documentary,2021-05-30T13:55:46Z,11758,https://www.youtube.com/watch?v=nCTgJAsNGyU
g3PLKLyIbHM,Autism Camp &#39;07 FTG1 p2,,2014-12-01T19:19:52Z,305165,https://www.youtube.com/watch?v=g3PLKLyIbHM
i_Q1EGHREqw,LI opening playground for people with autism,We're expecting to learn more about plans for a new sensory-driven autism playground in Islip.,2022-07-08T11:07:31Z,554,https://www.youtube.com/watch?v=i_Q1EGHREqw
joZzOgUl3UU,"AUTISM, HYPERFOCUS &amp; FLOW STATES: Managing anxiety","#ManagingAnxiety #MentalHealth #Autism #PDA
AUTISM, HYPERFOCUS & FLOW STATES: Managing anxiety

Hyperfocus is one area of being autistic that can absolutely be considered a super power. We all experience hyperfocus at some point...it's that state we get to when we're ""in the zone"". But it can be far easier to achieve for neurodivergent people. 

I'm this episode I examine hyperfocus and flow states and how they can be used to help reduce anxiety and reduce the frequency and intensity of meltdowns and shutdowns 

IN VIDEO LINKS 
Hannah Harris Interview https://youtu.be/SiDqMPuGQW0
Hyperfocus - Emily from Arty Bohemian https://youtu.be/5BJps_qvls0
Dopamine https://youtu.be/R7EjyySdE6Y
The Grumpy Gits https://youtu.be/QzCUfDM528E
ADHD: Allyn Smith interview https://youtu.be/Ur1ivdljR2c
How to deal with Meltdowns https://youtu.be/m4KKnJLwvOk
Sleep, health and melatonin https://youtu.be/r5w_c7mCS_E
Pop-it Review https://youtu.be/CrWNzjSchMk

Merchandise (all proceeds go directly to PDA Society) https://www.redbubble.com/shop/ap/102698297

Connect with me on Social Media:
UK Autism Spectrum Parents Support Group: https://www.facebook.com/groups/ukaspsg/
Twitter @pdadaduk 
Facebook https://m.facebook.com/PDADadUK/

Watch My Recent Videos: 
War, Weather & Miney- Reducing anxiety in a world of worry https://youtu.be/DvGxYX-HbB4
Pathological Demand Avoidance traits explained https://youtu.be/BAcQatw5GiQ
Autism and PDA (Pathological Demand Avoidance) Life Hacks - https://youtu.be/NvkBnLmzg-g


You may have heard of Autism, Pathological Demand Avoidance, and other associated neurodiversities, but do you actually understand what they are, and more importantly, WHO they are?
Autism., Pathological Demand Avoidance (PDA), and other neurodiversities are, while widely known, sadly misunderstood. The purpose of this channel is to raise both autism acceptance and awareness by helping to educate with understanding and looking at all facets of autism such as Sensory Processing Disorder (SPD), ADHD, Mental Health, and other related topics.
I am a father to a beautiful autistic and Pathological Demand Avoidance (PDA) daughter. My channel is very personal and I'm very open about both the joys and  qchallenges of life with a neurodiverse family and parenting Autism and Pathological Demand Avoidance. Thank you for watching!

#autism #pathologicaldemandavoidance #anxiety",2022-03-15T13:07:02Z,5975,https://www.youtube.com/watch?v=joZzOgUl3UU
Keb0uTxVXbw,Independent Housing Initiative for People with Autism,"Grant Hardy learns about an inclusive housing opportunity in East Vancouver for neurodiverse adults, and the organization, PALS Adults Services Society, that makes it possible.",2022-07-12T13:10:02Z,39,https://www.youtube.com/watch?v=Keb0uTxVXbw
KkTiPqBSJKs,Author and Autism Advocate Jennifer Cook on What Autistic Girls Should Not Be Told,"Author and Autism Advocate Jennifer Cook remembers as a little girl, diagnosed with Asperger's Syndrome, being told she was ""too smart for her own good and invariably overly sensitive."" For her, her ""otherwise unrelated constellation of symptoms"" from being autistic felt like looking at the stars from the moon instead of from the earth; of course, they were going to look totally different ... but everyone wanted her to see and feel and experience life as if from the ""normal"" view.

See our full interview with Jennifer Cook here: https://www.readingrockets.org/teaching/experts/jennifer-cook

VISIT OUR SISTER SITES
* https://www.adlit.org/ — information and resources to the parents and educators of struggling adolescent readers and writers
* https://www.colorincolorado.org/ — a bilingual site for educators and families of English language learners
* https://www.startwithabook.org/ — engaging ideas for getting kids hooked on learning during the summer

Don’t forget to like and subscribe! 
Website: https://www.ReadingRockets.org 
Donate: https://bit.ly/ReadingRocketsDonation
Facebook: https://www.facebook.com/ReadingRockets.org
Twitter: https://twitter.com/readingrockets",2022-07-13T16:23:02Z,30,https://www.youtube.com/watch?v=KkTiPqBSJKs
UFXZijapf70,TODDLER AUTISM DIAGNOSIS | One Year Later | Aussie Autism Family,"Jacob's Autism progress update one year after his toddler autism diagnosis. 
#autism #autismdiagnosis #progressupdate

_________________________________________________________________________
Come join our Autism family, follow our real life vlogs and create acceptance.
We are the Otter’s, we are young parents to the most gorgeous baby boy, Jacob (3yrs) and the most beautiful baby girl, Jazz (1yr).  We love to record our memories as an Autism family and all the adventures that we take part in, so go click that beautiful, red subscribe button… you know you want to!

SEE MORE OF US HERE - https://www.patreon.com/aussieautismfamily

Social media: 
Our Instagram: https://www.instagram.com/aussieautismfamily
Our Facebook: https://www.facebook.com/AussieAutismFamilyYoutube

EARLY AUTISM SIGNS - 2YRS OLD https://www.youtube.com/watch?v=TMaCC-pdpmE&t=37s
EARLY AUTISM SIGNS - 3YRS OLD https://www.youtube.com/watch?v=_gba3JNKi5c&t=6s",2020-09-26T21:03:48Z,7851,https://www.youtube.com/watch?v=UFXZijapf70
EGhfAX7SdTs,Autism Cure? Color The Spectrum &amp; Mark Rober,"Autism Cure? Color The Spectrum & Mark Rober
📘50% OFF AUTISM PARENTING MAGAZINE → http://bit.ly/AUTISMPM
→ Try Online Therapy Here (sponsored) →  https://betterhelp.com/theaspieworld/
→ AUTISM ALERT CARD → http://bit.ly/AutismAlertCard
→ HEALTH GUMMIES UK → http://www.yuminutrition.com?aff=2
→ HEALTH GUMMIES USA → http://yuminutrition.us?aff=6 
→ [15% OFF] AUTISM STIM TOYS / GADGETS → http://bit.ly/StimToys
→ Autism Therapy Headphones → www.soundsory.com/ASPIE10
→ MUSIC I USE IN MY VIDS → https://www.epidemicsound.com/referral/yhkvz1/
→ SENSORY TOY BUNDLE → https://amzn.to/36zbBiA
→ AUTISM CHEWIE GADGETS → https://amzn.to/2Mh8eWR
→ PUSH POP BUBBLE SENSORY TOY → https://amzn.to/3tj2z36
→ AUTISM WEIGHTED BLANKET → https://amzn.to/3r8LCq0
→ COMPRESSION BLANKET AUTISM → https://amzn.to/3pIrXNr
→ MY CAMERA → https://amzn.to/3akFHaM
→ MY MICROPHONE → https://amzn.to/3rb8TYw
→ MY PODCAST MIC → https://amzn.to/3pFqg3v
→ THE REASON I JUMP BOOK → https://amzn.to/2MLs2kS
👕MY MERCH → http://bit.ly/TAW_Merch

💼 WORK WITH ME → TheAspieWorld@gmail.com

✅MY EXCLUSIVE MEMBERSHIP SITE: https://www.levelupautism.net 
✅MY AUTISM COURSE: https://www.learnautism.net 

🔴SUBSCRIBE ➤ http://bit.ly/AutismYouTube
📲PATREON → http://bit.ly/TAW_Patreon

📹 WATCH MORE OF MY VIDEOS → http://bit.ly/Watch_More_TAW
📹SECRET VLOG →http://bit.ly/2FHuaor

FOR MORE FOLLOW MY SOCIALS ⬇️
--------------------------------------------------
► INSTAGRAM: http://bit.ly/TAW_Insta
► TWITTER: http://bit.ly/TAW_Twitter
► FACEBOOK: http://bit.ly/TAW_FaceBook
► SNAPCHAT: http://bit.ly/TAW_SnapChat
► TIKTOK → http://bit.ly/TAW_Tik_Tok 
► MY BLOG → http://bit.ly/TAW_Blog
► MY PODCAST → http://bit.ly/TAW_Podcast
——————————————————",2021-04-26T18:30:13Z,6704,https://www.youtube.com/watch?v=EGhfAX7SdTs
k6HCzGebPOk,Autism&#39;s Got Talent 2018,"Reg Charity Number 1143630 
Please help support Autism Awareness by: 
texting AKOL01 followed by £2/£5/£10 to 70070 to donate
(JUST TEXT GIVING by Vodafone)",2018-06-17T20:23:49Z,10599,https://www.youtube.com/watch?v=k6HCzGebPOk
UMtV90uzkEA,"Well Alice, it seems we both have autism haven’t we?",You must be alice… funny undateables moment lol,2020-02-11T20:12:21Z,3959128,https://www.youtube.com/watch?v=UMtV90uzkEA
qIJvedobutY,Autistic non verbal girl throwing up! | Autism life with Ashy,"Welcome to Autism life with Ashy! Ashlyn is an 12 year old Autistic non verbal girl in the spectrum. We upload at least 2-3 times a week. Follow our journey. 

Watch my sister Aliyah’s graduation video here ⬇️
https://youtu.be/SkS5wELHQW8

Watch my sister Alizé graduation video here ⬇️
https://youtu.be/5Rgm1MXgoYI

Watch how Ashy did with her mask out in public!
https://youtu.be/fi8PH9URH3Y

Ashy is in most of our vlogmas videos. Watch our Vlogmas playlist. 

https://youtube.com/playlist?list=PLlo5uav60TI1g-JptsRVYdMrtFfqvDJoU

Disclaimer: I am speaking for/about Ashlyn. However the Autism spectrum Disorder is big and everyone is different. 

Please Like, comment, share and subscribe. Help us spread Autism Awareness around the world.

Here’s more about Ashy!
https://www.youtube.com/playlist?list=PLlo5uav60TI1q61VxXZY2YNSPyiP9h8bs 

Find more about Ashy in our Family channel:
https://youtu.be/cWRdCdir5Ck

Shop our boutique https://garciasroyaltyboutique.com/

YouTube Channels:
https://www.youtube.com/channel/UCVbwCr2CiPXEr7qw8NWZ5GA

https://www.youtube.com/channel/UCAnLRNeDKVqFzvc0ozv-s3Q

https://www.youtube.com/channel/UCOfo8861FUJdVxJdQqwuNEA

https://www.youtube.com/channel/UCJP_Sb4uhIhIWfcWik8Vhew

Let’s get social Follow us on IG:

https://instagram.com/thegarciasroyaltyfamily?igshid=1ti2g6upy16pp

https://instagram.com/garciasroyaltyboutique?igshid=1nhxc8aow3pyb

https://instagram.com/mrs.igarcia?igshid=12gpmro67eyxf

https://instagram.com/alize.cristal?igshid=1vlcjdlo60nln

https://instagram.com/ashlyns_autism_journey?igshid=19djn2o6kmi1i

 https://instagram.com/aliyahbgarcia?igshid=s2o18ds4sfv3

https://instagram.com/allysha_pauline?igshid=1xbha0f21kxk4

TikTok: https://vm.tiktok.com/ZMeyC4H1j/

https://vm.tiktok.com/ZMeyCC55G/

https://vm.tiktok.com/ZMeyCXU8t/

https://vm.tiktok.com/ZMeyCskRs/

Happy mail- Please refer package to The Garcia’s Royalty Family for Ashlyn. Thank you! 

P.O. Box 7850 White lane suite E #295 Bakersfield, CA 93309






Keywords: #autismvlogmas #Autismdiapers #4K #AutistiminRV #specialneedsvlog #ParentingAutism #Autism&siblings  #Autismnonverbal #speechtherapy #AAC #severeautismnonverbal #Autismawareness #viral #youshouldknow #teamwork #autismdoctors #severeautism #Autismsleeplessnights #ASD #SDC #Autismmedication #Autismmorningroutine #Autismnightroutine #Autismsafety #specialneedsvlog #AutismAwareness #Autismdayinthelife #Girlswithautism #Autismspectrumdisorder #Autismsensory #Autismeating #AutismOT #AutismPT #Autismspeech #AutismIEP #AutismABA #AutismBIP #Autismcommunication #Autismroutine #Autismlifeskills #Autismdiapers #Autismpottytraining #Autismshoes",2021-12-29T16:00:10Z,156618,https://www.youtube.com/watch?v=qIJvedobutY
BX4qebvkNq0,Understanding the Needs of Girls and Women on the Autism Spectrum - Part 4,,2022-07-13T17:14:12Z,4,https://www.youtube.com/watch?v=BX4qebvkNq0
SUAPwkAIrJI,autism/adhd/Neuro divergent TikTok compilation,autism/adhd/Neuro divergent TikTok compilation,2022-07-12T00:42:39Z,7689,https://www.youtube.com/watch?v=SUAPwkAIrJI
x6-ufcxnLLE,AUTISM WAA MAXAY?,,2021-04-01T18:09:38Z,11765,https://www.youtube.com/watch?v=x6-ufcxnLLE
rAgcR8KqPVI,When Autism Has Its Own Charm 💗 [FMV] Extraordinary Attorney Woo 💗 K-drama,"When Autistic Lawyers Have Their Own Charm 💗 [FMV] Extraordinary Attorney Woo 💗 K-drama

To update the next Korean Drama ""FMV (Fan Music Video)"", subscribe to the ""Pengen Info"" channel, and activate the notification button.

You can also download No Copyright Music here.

Like, Comment, and Share if you like this video.

Extraordinary Attorney Woo Kdrama Trailer
Extraordinary Attorney Woo Korean Drama
Extraordinary Attorney Woo Kissing Scene
Extraordinary Attorney Woo Kiss Scene
Extraordinary Attorney Woo Episode 4
Extraordinary Attorney Woo Episode 3
Extraordinary Attorney Woo Episode 2
Extraordinary Attorney Woo Episode 1
Extraordinary Attorney Woo Kdrama
Extraordinary Attorney Woo Trailer
Extraordinary Attorney Woo Kiss
Extraordinary Attorney Woo Ep 4
Extraordinary Attorney Woo Ep 3
Extraordinary Attorney Woo Ep 2
Extraordinary Attorney Woo Ep 1
Extraordinary Attorney Woo Klip
Extraordinary Attorney Woo Ost
Extraordinary Attorney Woo
Park Eun Bin Extraordinary Attorney Woo
Park Eun Bin Extraordinary Attorney
Park Eun Bin New Drama 2022
Park Eun Bin Drama Terbaru
Park Eun Bin Korean Drama
Park Eun Bin Kissing Scene
Park Eun Bin Extraordinary
Park Eun Bin Drama 2022
Park Eun Bin New Drama
Park Eun Bin New Movie
Park Eun Bin Kiss Scene
Park Eun Bin Drama List
Park Eun Bin Kissing
Park Eun Bin Drama
Park Eun Bin Kiss
Park Eun Bin
Kang Tae Oh New Drama
Kang Tae Oh Kiss Scene
Kang Tae Oh Drama
Kang Tae Oh Kiss
Kang Tae Oh
Romantic Kiss Scene Korean Drama
Romantic Kiss Couple Status
Romantic Kissing Drakor
Romantic Drama Movies
Romantic Korean Drama
Romantic Drama Scene
Romantic Scene Drama
Romantic Drama Korea
Romantic Kiss Kdrama
Romantic Movie 2022
Romantic Kiss Drama
Romantic Kiss Drakor
Romantic Kdrama
Romantic Drakor
Romantic Drama
Romance Kiss Drama Korea
Romance Korean Drama
Romance Kiss Drama
Romance Kdrama
Romance Korean
Romance Scene Moments Kdrama
Romance Scene Movie Scene
Romance Scene Episode
Romance Scene Kdrama
Romance Scene Drakor
Kdrama Romantic Scenes
Kdrama Romantic Scene
Kdrama Romance Scene
Kdrama New 2022
Kdrama Romantic
Kdrama Romance
Kdrama 2022
Kdrama New
Kdrama
Drama Extraordinary Attorney Woo
Drama Extraordinary Attorney
Drama Korea Terbaru 2022
Drama Korea Romantis
Drama Korea Terbaru
Drama Korea Kiss
Drama New 2022
Drama Romance
Drama New
Drama
Korean Drama Romantic Scenes
Korean Drama Romantic Scene
Korean Drama Romance Scene
Korean Drama Ongoing 2022
Korean Drama New 2022
Korean Drama Romantic
Korean Drama Romance
Korean Drama Ongoing
Korean Drama 2022
Korean Drama New
Korean Drama
Asian Romantic Drama Scene
Asian Romance Drama FMV
Asian Romantic Drama
Asian Romance Drama
Asian Drama Romance
Asian Drama Korean
Asian Drama Series
Asian Drama Korea
Asian Drama Lover
Asian Drama FMV
Asian Drama Kiss
Asian Romance
Asian Drama
FMV Kdrama Romance
FMV Drama Romance
FMV Kdrama Couple
FMV Korean Drama
FMV Drama Korea
FMV Asian Drama
FMV Kdrama
FMV Korean
FMV Drama
FMV Korea
New Korean Drama Mix Hindi Song 2022
New Korean Drama Ongoing 2022
New Korean Drama Kiss Scene
New Korean Drama 2022
New Korean Drama Kiss
Kiss Scene Korean Drama 2022
Kiss Scene Korean Drama
Kiss Scene Drama Korea
Kiss Scene Kdrama
Kiss Scene Drakor
Kiss Scene Drama
Kiss Scene

#koreandrama #kdrama #extraordinaryattorneywoo #asiandrama #fmv #fanmusicvideo #nocopyrightmusic #netflix #parkeunbin #kangtaeoh",2022-07-08T01:54:14Z,36162,https://www.youtube.com/watch?v=rAgcR8KqPVI
nn2miNUEtDM,Author and Autism Advocate Jennifer Cook: What Does It Mean to Be Autistic?,"For Author and Autism Advocate Jennifer Cook, being asked what it means to be autistic is like being asked ""what it means to be me."" The hardest part, she says, is ""feeling so smart but so stupid at the same time."" That said, she tries to think of herself as different ... so smart ""and"" anything she wants to be instead of so smart ""but"" ...

See our full interview with Jennifer Cook here: https://www.readingrockets.org/teaching/experts/jennifer-cook

VISIT OUR SISTER SITES
* https://www.adlit.org/ — information and resources to the parents and educators of struggling adolescent readers and writers
* https://www.colorincolorado.org/ — a bilingual site for educators and families of English language learners
* https://www.startwithabook.org/ — engaging ideas for getting kids hooked on learning during the summer

Don’t forget to like and subscribe! 
Website: https://www.ReadingRockets.org 
Donate: https://bit.ly/ReadingRocketsDonation
Facebook: https://www.facebook.com/ReadingRockets.org
Twitter: https://twitter.com/readingrockets",2022-07-13T16:17:53Z,15,https://www.youtube.com/watch?v=nn2miNUEtDM
eIKammWFzmU,VAD ÄR AUTISM?,"En kort och enkel förklaring om vad Autism är för något.

✔ Vill du stödja kanalen och synas i eftertexterna? Bli medlem!
https://www.youtube.com/channel/UCJzxCha0xig2L_y8zMqzQKQ/join

🔊 Snabb Fakta finns även som podcast! Du hittar den där poddar finns eller via länken:
https://www.podplay.com/sv/podcast/605664/snabb-fakta

*🎧Prova Nextory gratis i 30 dagar via länken, använd koden Snabbfakta:
http://bit.ly/nextory-snabbfakta

För samarbeten: snabbfakta1@gmail.com
Källor: https://pastebin.com/5aq8Jpi8

* Länkarna med en stjärna är samarbetslänkar och jag får en liten summa pengar ifall du klickar på dem för att registrera ett konto.",2021-10-10T06:00:06Z,49777,https://www.youtube.com/watch?v=eIKammWFzmU
yU2paLv1MGE,I Am Autism Speaks (Now with added sub-titles),"I... Am... Autism... Speaks...

I am Autism Speaks...

I am invisible to your children. And I will be invisible to you until it's too late.

I know where you live. And guess what? It's no use hiding.

I have my eyes on all of you... I am watching you all.

I am Autism speaks.

I have no color... no religion... no morals... no love....

I speak the language of despair and disease. And with every voice I steal. I grow stronger.

I work quickly to make people believe your children are suffering worse than cancer or Aids victims.

I am Autism Speaks.

And if you're happily married... I'll distroy your marriage with unattainable dreams and broken promises.

Your money will fall into my hands... And I will bankrupt you... And pay myself hundreds of thousands of dollars a year.

I don't sleep... And I'll make sure you don't either.

I will make it virtually impossible for you to leave your home without feeling the shame of diseased children.

I am Autism Speaks.

You have no defence against me...

Your advocates don't have the money to fight me. And I relish your poverty.

I will make everyone think you and your children are diseased and disordered. And then... Turn on them.

I am Autism Speaks.

I have no interest in right or wrong.

I derive great pleasure out of your loneliness.

I will take away your hope.

I will rob you of your children and of your dreams.

I will make sure you will cry everyday.

You will wonder who will look after your children when you die.

And the Truth is... I... Do... Not... Care...

I am Autism Speaks.

And you are scared...

And you should be.

I am Autism Speaks.

You ignored me... A!!nd that was a Big mistake.

I am Autism Speaks...

And I speak in voices stolen from your children.

I am Autism Speaks.",2009-09-24T17:13:13Z,73656,https://www.youtube.com/watch?v=yU2paLv1MGE
fKum4JmG-ew,When Tyler 1&#39;s autism hits,hehe xd,2017-10-19T08:31:05Z,6187947,https://www.youtube.com/watch?v=fKum4JmG-ew
rUeBvuVwcAE,The Autism Epidemic: Why It&#39;s Actually a Good Thing | Neurodivergent Magic,"Have you heard about the so-called ""autism epidemic""? Let's talk about why this is ableist nonsense, and it's actually a really good thing that we're seeing more autistic folks nowadays.

Want access to my autism diagnosis binder? Purchase here: https://neurodivergentmagic.com/the-neurodivergent-magic-shop/

😊 Hi, I'm Megan Griffith, I'm a neurodivergent life coach and content creator on a mission to help neurodivergent folks embrace their strengths, cope with their struggles, and be their true, authentic selves.

💜 Resources That Might Help You
ADHD & Autism Diagnosis Binders: https://neurodivergentmagic.com/the-neurodivergent-magic-shop/
Love & War: Navigating Neurodivergent Relationships: https://neurodivergentmagic.com/love-and-war-course/

💜 Ways to Work With Me (18+ only)
1:1 Coaching: https://neurodivergentmagic.com/coaching/
Neurodivergent Magic Coaching Program: https://neurodivergentmagic.com/neurodivergent-magic/
Patreon (Discord, Zoom calls, & more!): https://www.patreon.com/neurodivergentmagic/

If you or a loved one is experiencing an immediate mental health crisis, please go directly to the nearest emergency room.

💜 You matter. 💜",2022-07-12T15:00:27Z,105,https://www.youtube.com/watch?v=rUeBvuVwcAE
1E8jK0s335g,"Npesta&#39;s talk about having autism, and how it might effect his future","NPESTA IF YOU WANT ME TO DELETE THIS, I WILL ON THE SPOT DELETE IT.

Genuinely from the bottom of my heart, this situation and all similar really suck, and I only wish the best for Npesta, and EVERYONE in similar situations because we're living in a time where we are getting rude awakenings to everything happening in the world, and it's important we don't let them go unheard.

I am posting this not only because I feel many, just like myself, will want to know what is going on with Npesta of course, but also because it's important to be aware that the talking head behind the camera or screen or whatever isn't just a talking head, and often recently we have been made aware of this, sad as it is.

I truly, TRULY hope that cures are found for every single physically damaging thing in the world, and mental, and of course I hope everyone as myself feel the same way, because so many really good people are given the worst luck in the world, like Techno, and many children with cancer, like George Floyd, Ahmaud Arbury, Brianna Taylor, and countless other victims of police brutality, like anyone who has a mental illness like depression, anxiety, PTSD, you name it, for anyone and EVERYONE around the world to have access to, no matter how rich or poor, regardless or race or gender or sexuality or ANYTHING THAT SHOULDNT HAVE MEANT ANYTHING TO BEGIN WITH. That's my piece, again Npesta I'm really sorry if you didn't want this posted I will take it down IMMEDIATELY if so, and yea.",2022-07-06T02:58:15Z,310,https://www.youtube.com/watch?v=1E8jK0s335g
3kBjwosvcf0,Mickey Mouse discovers the AUTISM TESSERACT #shorts,,2022-06-10T00:55:01Z,186694,https://www.youtube.com/watch?v=3kBjwosvcf0
aEcFYoO8RWY,Saker du aldrig vågat fråga nån med autism!,"""Utanför dejtingsammanhang krockar jag ofta med andra som har autism""

Era frågor- era svar. Vill du svara på frågor eller fråga något du aldrig vågat innan? Skriv till oss på Instagram: @tanktill. 

Om Tänk till
Ungas berättelser om vad som är viktigt. Tänk till finns i sociala medier och produceras av UR som är en del av public service.

Följ oss i sociala medier
Facebook: https://www.facebook.com/tanktill
Instagram: http://instagram.com/tanktill

Du ansvarar själv för dina inlägg och kommentarer. UR modererar enligt: http://www.ur.se/Om-moderering",2020-09-03T15:38:13Z,261074,https://www.youtube.com/watch?v=aEcFYoO8RWY
CCIGZ01fVVQ,Autism Is My Superpower | The Better India,"#thebetterindia

Follow us for more:

Facebook: https://www.facebook.com/thebetterindia
Instagram: https://www.instagram.com/thebetterin...
Twitter: https://twitter.com/thebetterindia
LinkedIn: https://www.linkedin.com/company/theb...

Website: https://www.thebetterindia.com/",2022-07-12T12:00:09Z,268,https://www.youtube.com/watch?v=CCIGZ01fVVQ
BRIqU44UFH0,Autistic non verbal girl gets her blood 🩸 drowned! **unexpected reaction** Autism life with Ashy,"Welcome to Autism life with Ashy! Ashlyn is an 12 year old Autistic non verbal girl in the spectrum. We upload at least 2-3 times a week. Follow our journey. 

Watch my sister Aliyah’s graduation video here ⬇️
https://youtu.be/SkS5wELHQW8

Watch my sister Alizé graduation video here ⬇️
https://youtu.be/5Rgm1MXgoYI

Watch how Ashy did with her mask out in public!
https://youtu.be/fi8PH9URH3Y

Ashy is in most of our vlogmas videos. Watch our Vlogmas playlist. 

https://youtube.com/playlist?list=PLlo5uav60TI1g-JptsRVYdMrtFfqvDJoU

Disclaimer: I am speaking for/about Ashlyn. However the Autism spectrum Disorder is big and everyone is different. 

Please Like, comment, share and subscribe. Help us spread Autism Awareness around the world.

Here’s more about Ashy!
https://www.youtube.com/playlist?list=PLlo5uav60TI1q61VxXZY2YNSPyiP9h8bs 

Find more about Ashy in our Family channel:
https://youtu.be/cWRdCdir5Ck

Shop our boutique https://garciasroyaltyboutique.com/

YouTube Channels:
https://www.youtube.com/channel/UCVbwCr2CiPXEr7qw8NWZ5GA

https://www.youtube.com/channel/UCAnLRNeDKVqFzvc0ozv-s3Q

https://www.youtube.com/channel/UCOfo8861FUJdVxJdQqwuNEA

https://www.youtube.com/channel/UCJP_Sb4uhIhIWfcWik8Vhew

Let’s get social Follow us on IG:

https://instagram.com/thegarciasroyaltyfamily?igshid=1ti2g6upy16pp

https://instagram.com/garciasroyaltyboutique?igshid=1nhxc8aow3pyb

https://instagram.com/mrs.igarcia?igshid=12gpmro67eyxf

https://instagram.com/alize.cristal?igshid=1vlcjdlo60nln

https://instagram.com/ashlyns_autism_journey?igshid=19djn2o6kmi1i

 https://instagram.com/aliyahbgarcia?igshid=s2o18ds4sfv3

https://instagram.com/allysha_pauline?igshid=1xbha0f21kxk4

TikTok: https://vm.tiktok.com/ZMeyC4H1j/

https://vm.tiktok.com/ZMeyCC55G/

https://vm.tiktok.com/ZMeyCXU8t/

https://vm.tiktok.com/ZMeyCskRs/

Happy mail- Please refer package to The Garcia’s Royalty Family for Ashlyn. Thank you! 

P.O. Box 7850 White lane suite E 295 Bakersfield, CA 93309






Keywords: #Autismbirthdaymonth #specialneedsvlog #autismawareness #Autismdiapers #ABA #4K #AutistiminRV #specialneedsvlog #ParentingAutism #Autism&siblings  #Autismnonverbal #speechtherapy #AAC #severeautismnonverbal #Autismawareness #viral #youshouldknow #teamwork #autismdoctors #severeautism #Autismsleeplessnights #ASD #SDC #Autismmedication #Autismmorningroutine #Autismnightroutine #Autismsafety #specialneedsvlog #AutismAwareness #Autismdayinthelife #Girlswithautism #Autismspectrumdisorder #Autismsensory #Autismeating #AutismOT #AutismPT #Autismspeech #AutismIEP #AutismABA #AutismBIP #Autismcommunication #Autismroutine #Autismlifeskills #Autismdiapers #Autismpottytraining #Autismshoes",2022-07-12T15:00:12Z,1473,https://www.youtube.com/watch?v=BRIqU44UFH0
xihKqXFXejo,autism/adhd/Neuro divergent TikTok compilation,autism/adhd/Neuro divergent TikTok compilation,2022-07-09T22:48:31Z,7576,https://www.youtube.com/watch?v=xihKqXFXejo
Aas0Zzyq49U,THIS 9 YEAR OLD KID WITH AUTISM GOT ARRESTED AT SCHOOL! #Shorts,,2022-07-10T18:00:02Z,2115394,https://www.youtube.com/watch?v=Aas0Zzyq49U
JpqFQcV7Ot4,"Maya, copil cu autism (TSA) - cum am descoperit, ce e de facut etc. || StoryTime || Giulia B.","Follow me on Instagram : https://www.instagram.com/giulia.andreea.burlacu/
Follow me on Facebook : https://www.facebook.com/GiuliaBeautyVlogger/

E-mail : burlacu.giulia@yahoo.com

Echipament : Canon EOS M50
Lumina : Naturala / Ring light
Program de editare : Adobe Premier Pro CC",2020-01-11T16:30:01Z,195114,https://www.youtube.com/watch?v=JpqFQcV7Ot4
1AmmO3D4pn0,Autism Education: How To Overcome The Difficulties (My Story),"How to overcome the difficulties of learning, when you are autistic; what strategies to use (My Story) MASTER CLAS LINK: https://www.theaspieworld.com/steps/ 

I have been through school from primary all the way to a BSc degree in chemistry, and have had my fair share of ups and downs with the system.

Luckily I had a fantastic support system in the university I attended and I was able to pick up some awesome strategies.

Here are my top 3 autism education strategies to help you.

1. Audio Record / Cam Clip Slides
Using a smart phone and or tablet, record the lectures in audio format to listen to again later. Also take pictures of the slides and whiteboards to reference them later on.

2. Label & Date All Paper Work
Using a system of: At the start of every day when getting paper hand outs or notes, mark the date and page number at the top. You can then compile a timeline of hand outs later for revision. 

3. Buddy System / Mentor
Having a buddy or a mentor to help you emotionally and socially in academia is a very important part of the process. 

I am going more into depth about all things parent support and help in my FREE autism web-class that you can register onto right now by clicking the link HERE: https://www.theaspieworld.com/steps/",2022-07-09T14:00:00Z,1182,https://www.youtube.com/watch?v=1AmmO3D4pn0
Px50E7lDYk4,Early Signs Of Autism In Urdu/Hindi | What Is Autism In Urdu | Autism Kya Hai | Autism Ki Alamat,"Early Signs Of Autism In Urdu/Hindi | What Is Autism In Urdu | Autism Kya Hai | Autism Ki Alamat

Autism is a developmental disability that causes behavioral and social problems. Generally, the symptoms of autism appear in the first two years of life and parents are the first ones who realize that there is a problem with their child. People with autism show repetitive behavior,  inconsistent eye contact, restricted interests, difficulty in communication. The exact cause of these symptoms is not known yet. Early assessment of this problem is very important so that diagnosis can be made and treatment can begin.

In this video, Dr. Ayesha Rashid, a Consultant Psychiatrist, is going to explain Autism in detail. She discusses its symptoms that are majority shown by an autistic child.

To find more details, book an appointment, or take online consultation with Dr. Ayesha Rasheed through this website:  https://www.marham.pk/doctors/lahore/psychiatrist/prof-dr-ayesha-rasheed or call 03111222398.

MARHAM Website: https://www.marham.pk/
Marham on Twitter: https://twitter.com/marhampk 
Marham on Facebook: https://www.facebook.com/marham.pk/ 

Download the Marham App:

Android: https://play.google.com/store/apps/details?id=controllers.marham.marhammed&hl=en
IOS:  https://itunes.apple.com/pk/app/marham-find-a-doctor/id1095243102?mt=8

#Autism #Marham",2021-06-23T18:21:09Z,10144,https://www.youtube.com/watch?v=Px50E7lDYk4
_T-3mjJ4oV8,"Missing Georgia girl has autism, may have been lured by online predator, parents say",Kaylee Jones has been missing for nearly a month.,2022-07-12T22:14:41Z,1990,https://www.youtube.com/watch?v=_T-3mjJ4oV8
JhhOX73RinE,Autism and ADHD | Advanced Treatment | Life Line - TV9,"Watch LIVE: https://goo.gl/w3aQde

తాజా వార్తల కోసం : https://tv9telugu.com/ 

►TV9 LIVE : https://bit.ly/2FJGPps
►Subscribe to Tv9 Telugu Live: https://goo.gl/lAjMru
►Subscribe to Tv9 Entertainment Live: https://bit.ly/2Rg6nzL
►Big News Big Debate : https://bit.ly/2sjc9Iu
► Download Tv9 Android App: http://goo.gl/T1ZHNJ
► Download Tv9 IOS App: https://goo.gl/abC1bS
► Like us on Facebook: https://www.facebook.com/tv9telugu
► Follow us on Instagram: https://www.instagram.com/tv9telugu
► Follow us on Twitter: https://twitter.com/Tv9Telugu

#LifeLineTV9 #Autism #ADHD",2022-07-13T11:35:02Z,296,https://www.youtube.com/watch?v=JhhOX73RinE
G_Md_mGRtZE,Author - Autism advocate and global speaker Sara Bradford AKA SJ Childs,"Shannon interviews Author, Autism advocate and global speaker, Sara Bradford in this segment! Check it out!

https://sjchilds.org
https://sjchilds.org/podcasts

#autism #AutismPodcast #authortube 
Link Tree
https://linktr.ee/AutismLive

Order the book written by the host of Autism Live, Shannon Penrod! https://www.amazon.com/Autism-Parent-Sanity-Saving-Spectrum/dp/1949177858

The advice and opinions expressed by the host of Autism Live and her guests are meant solely as suggestion and should not be in any way construed as child-specific advice. Any choices you make in determining your child's treatment are completely at your own discretion.

Check out our Podcast!
Apple Podcast:
https://podcasts.apple.com/us/podcast/autism-live/id827968203

Twitch:
https://www.twitch.tv/autismlivepodcast

Spotify:
https://open.spotify.com/show/0TXbDFs8cLP0UQbNVqHThf?si=VbEfw4_oRjqJY3vK2pgmFg

IHeartRadio.com
https://www.iheart.com/podcast/263-autism-live-51537613/

Audible:
https://www.audible.com/pd/Autism-Live-Podcast/B08JJN7B28?qid=1611965289&sr=1-1&ref=a_search_c3_lProduct_1_1&pf_rd_p=83218cca-c308-412f-bfcf-90198b687a2f&pf_rd_r=M68PFW27AP000G4N9CCJ

Google Podcast:
https://podcasts.google.com/search/autism%20live

Others:
http://link.chtbl.com/dSPQc6pB

Don't forget to Like, Share and Subscribe! And Like Autism Live on Facebook at http://facebook.com/autismlive 

Sign up for Autism Live’s free newsletter at: http://www.autism-live.com/join-our-email-list.aspx",2022-07-11T23:00:04Z,36,https://www.youtube.com/watch?v=G_Md_mGRtZE
Bw-SQC5mFQc,Improving the Recognition of Women and Girls on the Autism Spectrum - Dr. William Mandy - Part 3,,2022-07-13T17:08:06Z,4,https://www.youtube.com/watch?v=Bw-SQC5mFQc
jn8Tl2wfMuU,My Autism Diagnosis Meeting | Sheepdog Says,"Another big installment in Sheepdog Says milestones!

I had my autism diagnosis meeting today where the doctor talked to me and my sister about my childhood and my general life to date, it was a 2ish hour interview about me, split into thirds which he graded according to a specific score where above X = autistic.

My sister text me during the break apologizing for how often she had to say things that made me sound rather selfish/thoughtless/rude etc but I understood the point of the questions and what she had to answer was true so like, no issues haha. It was a bizarre experience all round.",2022-07-12T18:00:17Z,188,https://www.youtube.com/watch?v=jn8Tl2wfMuU
T64bCTKX__Y,10 ka CALAAMADOOD EE LAGU GARTO AUTISM-ka!,10 ka astaan ee lagu garto AUTISM.,2019-03-24T11:34:15Z,42701,https://www.youtube.com/watch?v=T64bCTKX__Y
opBF1KiY2u0,Color and Shape Identification | Pinnacle Blooms Network - #1 Autism Therapy Centres Network,"Pinnacle Blooms Network is probably first and only of its kind chain of child development and rehabilitation centres network, core purposed to be empowering 80+ crore kids, people with cognital developmental, neurological, psychological, autism conditions across the world to be part of main stream society, Bring smiles into their families.


Through 99.5%+ proven improvement resulted practical Speech Therapy, Behavioral Therapy, Occupational Therapy, Special Education,  Hydro Therapy, Yoga Therapy, Group Teaching, Music Therapy, Dance Therapy,...  offered by qualified, certified, expertised, proven child development and rehabilitation specialists within the most hygiene, playful environment filled with empathy.


Best and Most unique part of Pinnacle Blooms Network is the way parents are made part of the entire child development process on day to day basis with the seamless interactions between parents and therapists via patentable ... award winning Mirracle Platform ... Probably one and only technology platform in 360 degree manner.
Digital therapy record on cloud about the children, Day to day training, recommendations provided to parents in such a way to groom parents to be the therapists for their own kids are few of the many firsts to be remembered introduced within this segment by Pinnacle Blooms Network.

Pinnacle Blooms Network is started, managed, run by MOTHERS for KIDS, PEOPLE with neurological, psychological, cognital conditions.

CALL 9100 181 181 for admissions, franchise inquiries.

https://www.pinnacleblooms.org 

#autism
#speechpathology
#speechtherapy
#cognitivebehavioraltherapy
#occupationaltherapy
#specialeducation
#pinnacle
#pinnacleblooms
#pinnaclebloomsnetwork
#bharathhealthcare
#kotiigroup",2022-07-13T08:00:16Z,22,https://www.youtube.com/watch?v=opBF1KiY2u0
MqFysr6evGk,How Do I Prep For Autism Web Class?,This is how I prepare for my online autism master class for parents and carers. Also you can join the web class here: https://www.theaspieworld.com/steps/,2022-07-13T14:00:12Z,462,https://www.youtube.com/watch?v=MqFysr6evGk
6AfljXHFDyE,Odd Autism Stimming Examples (YOU Don&#39;t See),"Here is a stim that you never realised was a stim! YOU HAVE TO SEE THIS!

So I have for the longest Time been in a shaker and what this means is I shake my eyes.

It’s like a muscle spasm that I can control where my eyes shaken rapidly side to side but I do this for a few reasons.

One is because hey it’s a cool party trick right but more importantly I do this to feel comfort as it’s quite comforting to just sit there and shake my eyes from side to side.

Not being on the autism spectrum I have self symmetry behaviour where I am a Rock backwards and forwards or slap my hands or rub something on a desk like a pain so it makes a noise that I really like and this is a repetitive stim behaviour.

But it wasn’t until recently that my partner pointed out to me that it is a stim that I do and my son (who may have ADHD or on the spectrum) also does it to stim. 

I found this so interesting I had to do a video on it! 

Please let me know if you do it and your thoughts in the comments below! Also follow @theaspieworld for more autism content. 

HASH TAGS:
#AspergerSyndrome   #AutismSpectrumDisorder   #autismparents  

Link:
Autism Family - Autism Stimming Examples: https://youtu.be/4ALy6I1J1uo

The Aspie World - Autism STIMMING: everything YOU NEED to know (2018): https://youtu.be/wRJ3ZIwtNLs 

Stimming: Why It Happens and How to Manage It - Healthline - https://www.healthline.com/health/autism/stimming

Stimming - National Autistic Society - https://www.autism.org.uk/advice-and-guidance/topics/behaviour/stimming",2022-07-14T18:30:09Z,1069,https://www.youtube.com/watch?v=6AfljXHFDyE
Jw2BdEz80Kc,AI for Autism   Way Forward &amp; Award Ceremony for Kaggle Competition Winners,"Register here to join the event 👉 https://bit.ly/3yo1WZe

RACE, Congratulates the Top five winners/team of the two-month-long Kaggle Community Challenge on Predicting the Likelihood of Autism. We received 2500 plus entries from 130 Kagglers who fought for the top positions. We are excited to announce the winners here. 

The top scorer is Himanshu Nayal, followed by a two-member team, Pradeek Hariram and Prakhar Jain. 3rd Position goes to Jeya Prakash followed by Suchi and Arnav. Heartiest Congratulations to all the winners!

Do join us on 14th July at 6.30 pm to learn more about AI and Autism - the way forward from expert neurologists and data science thought leaders Dr. Lokesh, Dr. Ravi, Dr. J. B Simha, Usha. 

During this special event, we will felicitate the winners and present the swags sponsored by #infosys  #SwissRe and #Terralogic 

Register here to join the event 👉 https://bit.ly/3yo1WZe

#ai #autism #kaggle #winner #competition",2022-07-11T11:05:05Z,191,https://www.youtube.com/watch?v=Jw2BdEz80Kc
jKIVHwOltzU,Singer/Songwriter Cory Singer Shares his Journey with Autism,"Cory Singer is an accomplished singer-songwriter/musician and theater performer. He began his career in 2005 in musical theater and through 2013, he celebrated many achievements as an actor in musicals and Broadway. 

As a musician, Cory Singer has performed in arenas before thousands nationwide. He starred on Bravo’s singing competition show ""The Kandi Factory,"" winning the grand prize: a song penned by Grammy-winning artist Kandi Burruss entitled “I Can Do Anything.” Cory is an exceptional songwriter in his own right. His original songs are in very high demand. Country supergroup The Highway Women (now ElectraQueens) recorded his song ""The Devil"" in 2018. 

In 2020, during the pandemic, Cory Singer took to TikTok and decided to share his journey with autism. He has since become an influencer and an advocate for children, families and adults who are on the spectrum. He has used his platform (408k followers and 13.8m likes) to promote positivity by inspiring others with his unique brand of levity, coining the phrase '""Let’s Normalize Autism."" Additionally, he is a part of the board of directors for the I Am Able Foundation and is an ambassador for Sound Mind Network. https://www.corysingermusic.com",2022-07-13T16:42:12Z,28,https://www.youtube.com/watch?v=jKIVHwOltzU
kQcoiz-Gebo,A must watch for EVERY PARENT @Mommy in the house #mustwatch,"@Mommy in the house 

DISCLAIMER :All the information provided on this channel and its videos are for helping purposes only and should not be considered as professional advice as I am a mom documenting the journey of my Autism baby and the measures we have been taking to help him transition and become socially functional. We are trying to provide perfect ,valid, specific, and detailed information. All the contents published on our channel are our research and self tested. 
Please do not use any picture and video of our family for any usage on your channel or social media platform without our permission in any way to avoid any legal action.

Hello My Autism Family,

I am hoping that you will like this video. Subscribe, like and Share our channel and help us spread Autism awareness 😊

❤✔  Instagram. (to chat) 
Kindly follow if  you wish your message to reach me otherwise the message will go to hidden request due to privacy settings later you may unfollow as per your wish

 https://www.instagram.com/ina_chawla/
❤✔  Facebook (only for updates) https://www.facebook.com/AforAutismbyIna

Viraj and new baby Vlog Page - https://www.facebook.com/mommyinthehouse

Never quit when tired , take rest and then get back to work!

Regards
Ina, Autism Mom

#sensoryintegrationtherapyathome #occupationaltherapyathome
#autism #autismsymptoms #autismfamilyvlogs #autismsuccessstory #autismsymptoms #autismawareness #autismmom #virtualautism #aforautism #autismfamilyvlogs #autismsymptoms #autismawareness#developmentaldelay#autismsymptoms #speechdelay #languagedevelopment #parentingtips #aforautism #sittingtolerance #school #nurseryclasssyllabus #nurseryrhymes",2022-07-14T14:16:42Z,1778,https://www.youtube.com/watch?v=kQcoiz-Gebo
7hgAEi_olbc,BEYOND THE LIMIT | Caring for a child with Autism,"In this edition of Beyond the Limit, Duncan Owiti a caregiver sheds light on taking care of a child with autism. Duncan is a father to a thirteen-year-old boy suffering from autism. 

""The first five years of having a special kid is also a special time for a parent, you go through trauma, for the child, he doesn't know what to do, for the society they don't know how to absorb it, for the relatives the bundle of joy has now become a problem."" Duncan

""My son had not yet walked and he was three, physical therapy took about six months before he was able to make his first step.""  Duncan",2022-07-09T17:02:41Z,355,https://www.youtube.com/watch?v=7hgAEi_olbc
cnkIkIX7aJ4,"Girl with autism drowns in family&#39;s pool in Galveston County, authorities say","A 5-year-old girl with autism drowned Tuesday afternoon after she wandered out of her family’s home and into the pool, according to Hitchcock Police Department.

READ MORE: https://www.click2houston.com/news/local/2022/07/13/5-year-old-girl-with-autism-drowns-in-familys-pool-after-wandering-out-of-home-in-hitchcock-police-say/
FOLLOW US:
Facebook | https://www.facebook.com/KPRC2
Twitter | https://twitter.com/KPRC2
Instagram | https://www.instagram.com/kprc2
SUBSCRIBE HERE:
https://www.youtube.com/channel/UCKQECjul8nw1KW_JzfBTP1A
BECOME A KPRC 2 INSIDER:
https://www.click2houston.com/",2022-07-13T16:43:23Z,888,https://www.youtube.com/watch?v=cnkIkIX7aJ4
bYerdP9hwl4,Toewalking in kids |Reasons for Toe walking || Toewalking and autism.,"Toewalking in kids. Reasons for Toewalking. when is it important to consider Toewalking. Is Toewalking a sign of autism?
#Toewalkingtamil
#autismtamil
#Toewalking2years
#parenthood
#parentingtamil


Music:Bensounds.com",2022-07-12T09:01:55Z,614,https://www.youtube.com/watch?v=bYerdP9hwl4
357vTq7Q2cg,Autism Farm Therapy,Here is a small glimpse of the therapy and joy that farm animals can bring to a child or adult with autism. My kiddo is an amazing farmer and has an unbelievable ability to connect with our farm babies.,2022-07-12T18:43:05Z,36,https://www.youtube.com/watch?v=357vTq7Q2cg
UdZdbRhsF0U,This Business of Autism,"This Business Of Autism is an expository documentary film about the economic and societal benefits of employing young adults with autism. Spectrum Designs is a custom screen-printing and embroidery business located in Port Washington, New York. 75% of Spectrum Designs’ employees are on the autism spectrum. Centered on the acquisition, renovation and launch of their new production facility, which will triple their production and staffing capacity, the film will address the positive impacts of developing profitable businesses while leveraging the unique capabilities of adults with autism. By confronting head-on the reality that an estimated 70% to 90% of these adults are unemployed or underemployed, these businesses can also provide large companies with an avenue for corporate social outreach, mitigate the economic impacts on local communities of housing and caring for adults with autism, and provide hope for families that their children might have sustainable, relevant and stimulating employment opportunities. In addition to exploring the growth and success of Spectrum Designs, the film examines several other themes and initiatives from across the country. The Autism Job Club, a networking and support organization based in San Francisco, illustrates how their group has made significant progress in placing individuals on the spectrum in high-tech Silicon Valley jobs as well as other industries. Mercyhurst University’s Autism Initiative (AIM) program is helping their students acquire not only the hard skills central to their degree, but also the “soft skills” critical in networking and interviewing. The production team traveled to Erie, PA to conduct interviews with students and administrators, and then to New York City, NY to capture the team in action as they toured companies and conducted mock interviews. Dr. Temple Grandin, a legend in the autism community, makes a special guest appearance.",2019-04-01T23:00:11Z,-1,https://www.youtube.com/watch?v=UdZdbRhsF0U
6deIfFu2sHo,Satisfying Watermelon Sugar 🐞🍉 #satisfying #popit #sensory #fidget #shorts #autism,,2022-07-11T19:46:02Z,49758,https://www.youtube.com/watch?v=6deIfFu2sHo
DULQWY3vOZQ,Autism So What Day &amp; After School Care Center Video Commercial,"The following is a video commercial about Autism So What Day & After School Center, a daycare that specifically takes care of children on the autism spectrum.",2022-07-13T10:10:42Z,31,https://www.youtube.com/watch?v=DULQWY3vOZQ
sdxdYaUfy1w,What is Autism Spectrum Disorder?,"Autism Spectrum Disorder (ASD) according to the DSM - V TR. 

Paraphrased notes by Christopher Tong.",2022-07-12T10:33:09Z,6,https://www.youtube.com/watch?v=sdxdYaUfy1w
I8sBr_FK0aE,"Autism and executive impairments,",#autism #executive,2022-07-14T15:26:40Z,29,https://www.youtube.com/watch?v=I8sBr_FK0aE
jpOkV7GVrQU,Flash Cards | Pinnacle Blooms Network - #1 Autism Therapy Centres Network,"Pinnacle Blooms Network is probably first and only of its kind chain of child development and rehabilitation centres network, core purposed to be empowering 80+ crore kids, people with cognital developmental, neurological, psychological, autism conditions across the world to be part of main stream society, Bring smiles into their families.


Through 99.5%+ proven improvement resulted practical Speech Therapy, Behavioral Therapy, Occupational Therapy, Special Education,  Hydro Therapy, Yoga Therapy, Group Teaching, Music Therapy, Dance Therapy,...  offered by qualified, certified, expertised, proven child development and rehabilitation specialists within the most hygiene, playful environment filled with empathy.


Best and Most unique part of Pinnacle Blooms Network is the way parents are made part of the entire child development process on day to day basis with the seamless interactions between parents and therapists via patentable ... award winning Mirracle Platform ... Probably one and only technology platform in 360 degree manner.
Digital therapy record on cloud about the children, Day to day training, recommendations provided to parents in such a way to groom parents to be the therapists for their own kids are few of the many firsts to be remembered introduced within this segment by Pinnacle Blooms Network.

Pinnacle Blooms Network is started, managed, run by MOTHERS for KIDS, PEOPLE with neurological, psychological, cognital conditions.

CALL 9100 181 181 for admissions, franchise inquiries.

https://www.pinnacleblooms.org 

#autism
#speechpathology
#speechtherapy
#cognitivebehavioraltherapy
#occupationaltherapy
#specialeducation
#pinnacle
#pinnacleblooms
#pinnaclebloomsnetwork
#bharathhealthcare
#kotiigroup",2022-07-14T09:37:03Z,7,https://www.youtube.com/watch?v=jpOkV7GVrQU
ty_J5QZUMSQ,autism/adhd/Neuro divergent TikTok compilation,autism/adhd/Neuro divergent TikTok compilationautism/adhd/Neuro divergent TikTok compilation,2022-07-13T22:43:15Z,4790,https://www.youtube.com/watch?v=ty_J5QZUMSQ
6TR5coz1w4E,From Autism to Asperger&#39;s to Success,"I met Joey and someone told me he has Autism growing up. I was shocked because I had no idea he had anything growing up. He was confident, funny, talkative, and a great kid to be around.. He actually was the life of the party anywhere we would go. 

My biggest takeaway from doing this podcast with him is your environment is everything ESPECIALLY for kids growing up. Bullying and name calling can ruin someone's upbringing and make a medical condition even worst. 
Support and love from people around you can make a medical condition vanish and become unknown. 

Make sure that if you see anyone in your life struggling medically or just naturally you are the person to support them and help lift them up and not put them down because you can create another Joey. His life could have went two ways and we are blessed and fortunate it is going in the uplifting way of success, love, and a fulfilled life. 

#Autism #AcezMotivation #AcezAcademy",2022-07-12T13:12:19Z,41,https://www.youtube.com/watch?v=6TR5coz1w4E
twxwfbsz6cQ,Visual Stereotypy Explained + Certified Financial Planner &amp; Autism Advocate Andrew Komarow,"Autism Live host Shannon Penrod joins us LIVE to discuss Visual Stereotypy and information about Visual Stereotypy that could be very useful for parents! After that, our host talks finances with Certified Financial Planner and Autism Advocate Andrew Komarow! Tune in and check it out! Don't forget to like and subscribe!

#Autism #VisualStereotopy #AutismParents
Jargon – Visual Stereotopy
Question – What is visually overwhelming to you?
Topic – Empowering Individuals on the Spectrum

Guest: Andrew Komarow

-Why it is important to plan, but to be flexible

-How I started my business and what I do

-Able accounts and special needs trusts


https://www.autismnetwork.com
https://autism-live.com
Recorded Live 10am PT July 13, 2022


Link Tree
https://linktr.ee/AutismLive

Order the book written by the host of Autism Live, Shannon Penrod! https://www.amazon.com/Autism-Parent-Sanity-Saving-Spectrum/dp/1949177858

https://www.fhautism.com/shop/autism-parent-to-parent/

Apple Podcast:
https://podcasts.apple.com/us/podcast/autism-live/id827968203

Twitch:
https://www.twitch.tv/autismlivepodcast

Spotify:
https://open.spotify.com/show/0TXbDFs8cLP0UQbNVqHThf?si=VbEfw4_oRjqJY3vK2pgmFg

IHeartRadio.com
https://www.iheart.com/podcast/263-autism-live-51537613/

Audible:
https://www.audible.com/pd/Autism-Live-Podcast/B08JJN7B28?qid=1611965289&sr=1-1&ref=a_search_c3_lProduct_1_1&pf_rd_p=83218cca-c308-412f-bfcf-90198b687a2f&pf_rd_r=M68PFW27AP000G4N9CCJ

Google Podcast:
https://podcasts.google.com/search/autism live",2022-07-14T06:10:05Z,0,https://www.youtube.com/watch?v=twxwfbsz6cQ
e7geFOG08ts,Cycle for Autism 2022 super cyclist,This young cyclist is taking part in Cycle for Autism 2022. How amazing!,2022-07-12T08:40:25Z,11,https://www.youtube.com/watch?v=e7geFOG08ts
2cbRnY8jPeE,"Healthier Together Special: Suicide loss, mental health, autism acceptance and more","FOX 13 News and Regence BlueShield are taking an in-depth look at important health stories that impact so many of us. Everything from suicide loss to mental health and autism acceptance.

Subscribe to Q13 FOX: https://www.youtube.com/c/q13foxnews?sub_confirmation=1

Watch Q13 FOX Live: https://www.q13fox.com/live

Q13 FOX is Seattle and Western Washington's source for breaking news, weather, traffic and sports. Home of Washington's Most Wanted with David Rose and The Divide with Brandi Kruse. Q13 FOX is the official TV partner of the Seattle Seahawks, Seattle Sounders FC and Seattle Storm Basketball.

Download the Q13 News App: https://q13fox.onelink.me/PeGO/7e4d2af8

Download the Q13 News: Seattle Weather App: https://jckig.app.link/dlUcXuM2Peb

Follow Q13 FOX on Facebook: https://www.facebook.com/Q13FOX

Follow Q13 FOX on Twitter: https://twitter.com/Q13FOX

Follow Q13 FOX on Instagram: https://www.instagram.com/q13fox

Subscribe to the Q13 FOX newsletter: https://www.q13fox.com/newsletters",2022-07-13T17:52:44Z,39,https://www.youtube.com/watch?v=2cbRnY8jPeE
TGNCNPRV_mo,Autism spectrum disorder (ASD) therapy introduction,"This video we will give you an insight into specific and non-specific therapeutic interventions for autism spectrum disorders (ASD).

Please note that this is only an introduction. In order to apply and understand specific therapy methods, you will need to study the topic in depth.",2022-07-14T12:10:47Z,3,https://www.youtube.com/watch?v=TGNCNPRV_mo
p8P8A3D9m-M,So You Want to Buy a Farm!!! #autism #farm #farmbuy,"So You Want to Buy a Farm!!! #autism #neurodivergent #healingahdh #farm #farmbuy
This is a snapshot of some of the morning chores! Having a farm is a lot of responsibility but it is also very rewarding! If you don’t mind getting dirty and working hard, then this is the life for you! 

farm,starting a farm,farming,how to start a farm,farming simulator,john deere mods,farming simulator 2019,farming simulator multiplayer,farming simulator news,the squad farmingfs19 farming simulator 2019,farming simulator 2019 camping,farming simulator mods,farming simulator 2019 news,multiplayer camping,going camping,the squad,fs19 
mods,homestead,homesteading,'camping,urban farming,starting a farm from scratch,

Playlist: https://www.youtube.com/playlist?list=PLIHmH9NjuokvwiB-ga29eJAHxu66QCynD

how to start a small farm,how to start a farm from scratch,come play with me,so you want to buy a farm!!! farming,homestead,farm,agriculture,purchasing a farm,homesteading,small farm,real estate,backyard farm,starting a homestead,moving to the country,fishing with flair,vlogging,farm tour,hobby farm,bass fishing,googan baits,andrew flair,backyard pond,googan squad,starting a farm,homesteading for beginners,buying a farm,gold shaw farm,how to start a farm,living in portugal,buy a farm

 #neurodivergent #sensoryplay #autism #quirky #tucson #healingautism #horsetherapy #dogtherapy #Thequirkyfarm #farmlife #adhd
#TheQuirkyFarm #sensoryplay #quirky #Tucson #TheQuirkyFarmInTucson #horsetherapy #goattherapy #dogtherapy #neurodiverse #neurodivergent #healingautism #familyfarm #sensoryseeking #autismandadhd #healingadhd",2022-07-13T14:50:08Z,1126,https://www.youtube.com/watch?v=p8P8A3D9m-M
G2L0YIZr6t0,What are the 3 levels of Autism,"ඔටිසම් සහිත දරුවන්ගේ හැකියාවන් ඔවුන්ගේ මේ තිබෙන Level එක අනුව වෙනස් වෙනවා. 

ඒ නිසා මම ඔටිසම් වල තිබෙනවා අදියර තුන ගැන ඔබව දැනුවත් කිරීම සිදු කරනවා. 

දෙමාපියන් වශයෙන් ඔබ දැනගත යුතු වන්නේ දරුවන්ගේ හැකියාව සහ නොහැකියාව පමණයි.

ඔබේ දරුවා කුමන අදියරක සිටියත් දරුවාට කථන චිකිත්සාව (Speech Therapy) ඇතුළු අනෙකුත් චිකිත්සක ප්‍රතිකාර සිදුකිරීම අත්‍යවශ්‍ය වෙනවා.

ඔබට මේ ගැන වැඩිවිස්තර දැනගැනීමට හෝ  ප්‍රතිකාර (speech therapy) අවශ්‍යනම් මාව සම්බන්ධ කරගන්න...

For Appointments
Miracle L Speech & Hearing Center 
☎️ +94 761 83 84 84
WhatsApp +94 761 83 84 84
www.speechandhearing.lk
Batttaramulla | Ambalangoda

Follow my Facebook Page : https://www.facebook.com/speechandhearingshow
E MAIL : talktodishan@gmail.com

red flags of autism
autism sign and symptoms 
autism hadunaganne kohomada
autism lakshana
autism lakshan
sinhala autism videos
autism srilanka
speech therapy for autism
autism treatment in srilanka
autism speech therapy treatment in sinhala
communication in autism
ඔටිසම් පූර්ව ලක්ෂණ 
social interaction in austim children
what is the meaning of autism in sinhala
meaning of autism in sinhala
srilanka special education
special education srilanka
srilankan speech therapist
speech therapist near me
autism therapy
autism babala
autism gatalu
autism hethu
otisam prashna
otisam getaluwa
dishan de silva speech therapy
ASD
autism spectrum disorder sinhala
autism occupational therapy 
autism getaluwa
otisam
otisam thathwaya
otisam thathwaya video
otisam hethuwa
autism ethiwenna hethuwa
autism ethiwenna hethuw
autism suwa kala hekida
otisam suwa kala hekida
otisam thtwaye bayanaka kama
autism ethiwennata hethu
autism level 1
autism level 2
autism level 3
autisam walakwanne kohomada
autism walakwanne keseda
autism upades
autism upadesha
autism upadesha sinhala
otisam upadesha sinhala
autism kiyanne mokakda
autism ethiwenne ey
autism hedena marga
otisam daruwan
autism daruwan
autism daruwanbabala
autism babala
otisam prashna
otisam getaluwa
autism getaluwa
autism treatment
autism speech therapy
best speech therapy srilanka
speech pathologist for autism
speech therapy for autism 
vishesha awashtaha ammalata
otisam daruwan
autism daruwan
vishesha avashyatha daruwan






#autismsinhala #speechtherapy #dishandesilva",2022-07-14T14:30:04Z,75,https://www.youtube.com/watch?v=G2L0YIZr6t0
ssgEW__HzJo,Adult with Autism | Thinking Out Loud | Autistic 9 Year Old Has Meltdown in KFC,"A 9 year old Autistic girl had a meltdown in KFC over the volume of the music, leading to her screaming on top of the table and causing herself potential injury. 

Is the family or the shop at fault?

Video solely considered via the news article below.

News Story: https://www.mirror.co.uk/news/family-disabled-girl-distraught-after-26591089

|| SUPPORT THIS CHANNEL ||
Patreon: https://www.patreon.com/user?u=65938570
Paypal: https://paypal.me/AdultwithAutism
Buy Me a Coffee: https://www.buymeacoffee.com/adultwithautism

|| SOCIAL ||
Instagram: https://www.instagram.com/adultwithautism
***Not on any other Social Media***

|| LINKS ||
T-Shirts: https://www.redbubble.com/people/adultwithautism/
Soundcloud: https://soundcloud.com/adultwithautism
Audio Podcast: https://adultwithautism.podbean.com
Videos: https://odysee.com/@AdultwithAutism:3

|| OTHER ||
For enquires and general contact, email: oldandautistic@gmail.com",2022-07-13T17:00:38Z,218,https://www.youtube.com/watch?v=ssgEW__HzJo
4r7DumA0tm8,Generation A: Portraits of Autism &amp; The Arts,"GENERATION A: Portraits of Autism & the Arts is a documentary about youths on the autism spectrum; and how creative therapies and arts programs, which stimulate different parts of the brain, help these young people reach their highest potential.
 Autism can be viewed not only as a disability but also as a gift.  Through these gifts, individuals are able to make pathways into their communities. Our goal is to help families with children on the spectrum and the public-in-general envision a better quality of life for individuals with autism. The film shines a spotlight on innovative behavioral and creative art therapies which are enabling young people on the spectrum to be the best that they can be, and for families and educators to embrace full inclusion; a sharp contrast to the historical practices of segregation and institutionalization. (Temple Grandin ~ HBO Award winning biopic Temple Grandin), Ed Asner, Stephen Shore, Elaine Hall (HBO Autism the Musical), Joanne Lara (Autism Movement Therapy~ aut-erobics)",2016-05-19T01:47:22Z,-1,https://www.youtube.com/watch?v=4r7DumA0tm8
kvwhSnupAdM,Autism awareness 💙💙,Got him a piñata in April for autism awareness month 💙 he loves piñatas #autism #autismawareness #tiktok #tiktokvideo #autistic #short #shorts,2022-07-13T02:21:20Z,8,https://www.youtube.com/watch?v=kvwhSnupAdM
0HJkTMMLli0,Autism Sensory Seekers Love The Water!,"Previous Video:
https://www.youtube.com/watch?v=eGF5rw6-gE4

Shop The Vlog:
Storefront: https://www.amazon.com/shop/ourausomelife

Facebook Group - Search ""Our Ausome Life Special Group""

*RECIPES HERE* :
https://www.youtube.com/channel/UCoeOARau1w97T2-vQ3CVZfg

**The best way to support Our Ausome Life is just by watching our videos  and give a thumbs up! We love you all!**

About Us:
Parents to:
Kaden (15), Jaelee (14), and Kenzlee (8).
All 3 kids are diagnosed as being on the autism spectrum.
Autism doesn't have a look and despite the challenges we live an AUSOME life. 

WE HAVE NEW MERCH!
www.teespring.com/stores/our-ausome-life

TIKTOK:  @ ElizabethAusome

FACEBOOK: https://www.facebook.com/OurAUsomeLife/

INSTAGRAM: https://www.instagram.com/our_ausome_life

BUSINESS EMAIL: OurAusomeLife@gmail.com


M U S I C 
EPIDEMIC SOUND
SOUNDCLOUD : DJ QUADS, DYALLAS & ATCH

#autism #ditl #autismmom",2022-07-14T20:53:12Z,41,https://www.youtube.com/watch?v=0HJkTMMLli0
tX-tzNTyKpM,Live with I Know Autism,What is career justice for people with autism?,2022-07-12T12:37:46Z,0,https://www.youtube.com/watch?v=tX-tzNTyKpM
amzcpqCzqMw,Autism sticker #shorts #autism #autismawareness,,2022-07-11T23:06:56Z,588,https://www.youtube.com/watch?v=amzcpqCzqMw
PGCCFHwn_6M,UNYAA Autism Ride With Crazy Train Riders Club,This was a great ride and we had perfect weather. We Stopped at two clubhouses for food and refreshments. Crazy train put on a huge spread of food and there were basket raffles.  Crazy Train has been doing this ride for 4 years now and it just keeps getting better. If you are local make sure to follow Crazy Trains Rides Club Facebook page for all the benefit rides they do. It is a family-friendly atmosphere and great people.,2022-07-13T15:00:38Z,26,https://www.youtube.com/watch?v=PGCCFHwn_6M
BfOgHHMPnsc,What’s it like to have a love one with autism?￼,,2022-07-12T13:33:25Z,10,https://www.youtube.com/watch?v=BfOgHHMPnsc
Xyk6knCN5Kw,Girl autism vs boy autism,,2022-07-13T08:30:43Z,1,https://www.youtube.com/watch?v=Xyk6knCN5Kw
TPSeyAUfgEI,Success Story of Autism child | Hear out from happy parent | IYURVED,"Speech Delay. Focus. Concentration. Eye contact. Improve these with one single Food. Brain Booster Chocolate Spread!!

Check out this video to know what to do to overcome the signs of speech delay, lack of eye contact and improve focus and concentration.

Like, comment, and share with family and friends👨‍👩‍👦‍👦.


To know more about BRAIN BOOSTER CHOCOLATE SPREAD visit: https://iyurved.com/products/kids-teens-brain-booster-chocolate-spread

⚡Subscribe now here: https://www.youtube.com/channel/UCDd05nkjVAU2AKsAqsLqotA?sub_confirmation=1

⚡For all products: https://iyurved.com/collections/all-collection

📩Connect with Iyurved:
Website: https://iyurved.com/
Instagram: https://www.instagram.com/iyurved/
Facebook: https://www.facebook.com/Iyurved
Pinterest: https://in.pinterest.com/Iyurved/

❓Have doubts? Message Iyurved nutrition expert: https://api.whatsapp.com/send?phone=919740818202


#speechdelay #autism #latetalker #focus #attention #eyecontact  #adhd #speech #speechdelaycauses #speechdelayfoods #speechdelayremedies #brainfoods #brainhealth #concentration #braindevelopment #latetalker #language delay #speechdelaytherapy #delayedspeechdisorder #18montholdspeechdelay #latetalkersspeechdelay #mysonis3andstillnottalkingproperly #mysonisnotspeakingproperly #speechdelaysigns #daughternottalkingat2 #22montholdonlysayingafewwords #notabletospeakclearly #mildspeechdelay #homeremediesforspeechdelay #homeopathymedicineforspeech #bestbraintonicforchild #foodsthathelpwithspeech",2022-07-14T06:48:28Z,85,https://www.youtube.com/watch?v=TPSeyAUfgEI
hgPxWRmiqAs,Live with I Know Autism,"Inspire people with autism, they're families, and repeat!!",2022-07-14T03:47:00Z,1,https://www.youtube.com/watch?v=hgPxWRmiqAs
jKbBXmgcOZA,Getting out of the Autism Nightmare,"Mark's experience in both worlds.

Mark and Michelle Hedges have been married 28 years. For the first 19 years of the marriage, Mark was undiagnosed autistic. In 2013 they went on the GAPS Diet for 6 years and then in 2018 the Medical Medium protocol to heal Michelle's autoimmune issues and heal Mark's autism. 

In late 2020 Michelle picked up a pendulum and was suddenly able to help the entire family heal from knowing rather than guessing.

To purchase books and readings, go to www.12thlightuniversity.com/store

Follow us on Instagram and Facebook @healyourautism for autism related information. For weirder stuff, follow @12thlightu.",2022-07-13T22:33:30Z,15,https://www.youtube.com/watch?v=jKbBXmgcOZA
4-e1C6-jBqI,Farm Walk With The Dogs #autism #farmwalk #evening,"The dogs are a huge part of our farm life here at The Quirky Farm, they keep us happy, entertained and safe:)

Farm Walk With The Dogs #autism #farmwalk #evening

Playlist: https://www.youtube.com/playlist?list=PLIHmH9NjuokvwiB-ga29eJAHxu66QCynD

#thequirkyfarm #autism #autism awareness #autismmom #adhd #horsetherapy #animaltherapy #dogtherapy #goattherapy #soundtherapy #soundhealingbowls #yogatherapy #horses #yogaonhorseback #rightbrainconnection #neuroplacisity #healingautism #healingadhd #autoimmunetherapy #arizonafarmlife #farmtherapy #tucsonautism #tucsonadhd #gooutside 
#TheQuirkyFarm #sensoryplay #quirky #Tucson #TheQuirkyFarmInTucson #horsetherapy #goattherapy #dogtherapy #neurodiverse #neurodivergent #healingautism #familyfarm #sensoryseeking #autismandadhd #healingadhd",2022-07-14T19:03:08Z,844,https://www.youtube.com/watch?v=4-e1C6-jBqI
6mUPDesoOUo,Live with I Know Autism,"Inspire people with autism, they're families, and repeat!!",2022-07-14T05:37:01Z,0,https://www.youtube.com/watch?v=6mUPDesoOUo
iXYs1DITWkE,Autism child BRAIN BOOSTER for speech/attention/memory,"Autism spectrum disorders, Learning disabilities, ADHD",2022-07-13T14:32:29Z,6,https://www.youtube.com/watch?v=iXYs1DITWkE
dbphkYycy1M,Girls with autism vs boys with autism,,2022-07-13T19:14:53Z,3,https://www.youtube.com/watch?v=dbphkYycy1M
puJjbA2tmSI,Watermelon Sugar Pirate ☠ #sensory #popit #fidget #shorts #autism #Flopit #satisfying,,2022-07-14T10:02:00Z,5974,https://www.youtube.com/watch?v=puJjbA2tmSI
8UlQw7L3l-k,Live with I Know Autism,What is career justice for people with autism?,2022-07-12T10:24:02Z,0,https://www.youtube.com/watch?v=8UlQw7L3l-k
M6TiAXgICbU,Meus tipos de hipersensibilidade 🥰 #autismo #autism #disability,,2022-07-11T22:55:04Z,154459,https://www.youtube.com/watch?v=M6TiAXgICbU
vLuTRR4OOmg,Watermelon Sugar pea pod  🦕 squishy #sensory #popit #fidget #shorts #autism #squishy,,2022-07-14T03:09:25Z,5410,https://www.youtube.com/watch?v=vLuTRR4OOmg
wUmpCERPB1I,Watermelon Sugar 🍪 Oreo 🍩 #sensory #popit #fidget #shorts #autism #satisfying #sprinkles,,2022-07-13T22:25:21Z,31711,https://www.youtube.com/watch?v=wUmpCERPB1I
jDSuu4gGDRs,Watermelon Sugar 🍉 🍌 🦕 🦈 #sensory #popit #fidget #shorts #autism #satisfying #squishy #squish,,2022-07-13T22:14:56Z,11485,https://www.youtube.com/watch?v=jDSuu4gGDRs
A4Wtr24demQ,Watermelon Sugar Pikachu 🍉 #sensory #popit #fidget #shorts #autism #satisfying,,2022-07-14T03:39:49Z,20100,https://www.youtube.com/watch?v=A4Wtr24demQ
Ob9nfnr8AwA,De Ce Acest Copil De 9 Ani Cu Autism A Fost Arestat La Scoala! #romania #shorts,,2022-07-14T14:00:13Z,53683,https://www.youtube.com/watch?v=Ob9nfnr8AwA
B7mkLiN_kWg,part 1 please support autism awareness and this song is dedicated to our 3rd subscriber,My name is Joseph Randazzo both Me and my Brother Anthony James Randazzo both have Autism were please support Autism and our channel Autismtribe#gamers. please support autism awareness this is a song dedicated to our 3rd subcriber,2022-07-14T12:14:20Z,6,https://www.youtube.com/watch?v=B7mkLiN_kWg
