video_id,title,description,date,fav_count,url
1aP7FE0ws0s,Dominion Voting wins key decision in lawsuit against Fox News,"A judge in Delaware has found that Fox News' coverage of election fraud after the 2020 election may have been inaccurate, and is allowing a major defamation case against the TV network to move forward. CNN legal analysts weigh in on the ruling. #CNN #News",2021-12-17T15:39:45Z,1015986,https://www.youtube.com/watch?v=1aP7FE0ws0s
46CAKyyObls,"Dominion Voting Machine Flaws -- 2020 Election Coffee County, Georgia Video 1","The Dominion voting machines that Georgia and several other states use are unsecure and open to manipulation during the counting process. This first of two videos shows the weaknesses of the system and the ways in which an unscrupulous election official may alter ballots with virtually no chance of being caught.

Visit www.DouglasNow.com for late breaking news in Douglas, Ga, Coffee County and surrounding South Georgia news areas. Send your news tips, photos and videos to us via our facebook page at https://www.facebook.com/douglasnowcom or by email at news@douglasnow.com",2020-12-09T13:51:51Z,268850,https://www.youtube.com/watch?v=46CAKyyObls
DQw5NtBPll4,The facts behind Georgia&#39;s Dominion voting machines,"Georgia Secretary of State Brad Raffensperger details how his office updated the state's voting machines and the importance of paper ballots. https://cbsn.ws/38uuFjo

Subscribe to the 60 Minutes Channel HERE: http://bit.ly/1S7CLRu
Watch Full Episodes of 60 Minutes HERE: http://cbsn.ws/1Qkjo1F
Get more 60 Minutes from 60 Minutes: Overtime HERE: http://cbsn.ws/1KG3sdr
Relive past episodes and interviews with 60 Minutes Rewind HERE: http://cbsn.ws/1PlZiGI
Follow 60 Minutes on Instagram HERE: http://bit.ly/23Xv8Ry
Like 60 Minutes on Facebook HERE: http://on.fb.me/1Xb1Dao
Follow 60 Minutes on Twitter HERE: http://bit.ly/1KxUsqX

Get the latest news and best in original reporting from CBS News delivered to your inbox. Subscribe to newsletters HERE: http://cbsn.ws/1RqHw7T

Get your news on the go! Download CBS News mobile apps HERE: http://cbsn.ws/1Xb1WC8

Get new episodes of shows you love across devices the next day, stream local news live, and watch full seasons of CBS fan favorites anytime, anywhere with CBS All Access. Try it free! http://bit.ly/1OQA29B

---
60 Minutes, the most successful American television broadcast in history, began its 52nd season in September. Offering hard-hitting investigative reports, interviews, feature segments and profiles of people in the news, the broadcast began in 1968 is still a hit in 2020. 60 Minutes makes Nielsen’s weekly Top 10 nearly every week and was the #1 weekly television broadcast three times last season.


The program still averages more than 10 million viewers, more than double the audience of its nearest network news magazine competitor. The average audience for a 60 Minutes broadcast is 150% higher than those of the network morning news programs; the audience dwarfs the number of viewers drawn by the most popular cable news programs.


About a million more people listen to the 60 Minutes radio simulcast in several major cities and on its companion podcast. Tens of thousands each week experience 60 Minutes online. The broadcast’s segments can be watched at 60Minutes.com and on the CBS All Access app. Its webcast, 60MinutesOvertime.com, offers content originally produced for the web, including behind-the-scenes video about the production of 60 Minutes stories and timely archival segments.


60 Minutes has won every major broadcast award. Its 25 Peabody and 150 Emmy awards are the most won by any single news program. It has also won 20 duPont-Columbia University journalism awards. Other distinguished journalism honors won multiple times include the George Polk, RTDNA Edward R. Murrow, Investigative Reporters and Editors, RFK Journalism, Sigma Delta Chi and Gerald Loeb awards.

60 Minutes premiered on CBS September 24, 1968. Bill Owens is the program’s executive producer. The correspondents and contributors of 60 Minutes are Sharyn Alfonsi, Anderson Cooper, John Dickerson, Norah O’Donnell, Scott Pelley, Lesley Stahl, Bill Whitaker and L. Jon Wertheim.",2021-01-11T02:29:48Z,136353,https://www.youtube.com/watch?v=DQw5NtBPll4
Q7kPSzYsR6Y,Dominion Voting Systems representative demonstrates voting machines,"Mark Beckstrand, a regional sales manager for Dominion Voting Systems, based in Denver, demonstrates the latest voting machines to officials of the Stark County Board of Elections and the Stark County commissioners. The demonstration took place at the Board of Elections office in Canton on Sept. 12, 2018. The county is set to receive a state grant of $3 million to buy new voting machines, which could be first used by Stark County voters in 2019.",2018-09-13T00:05:59Z,17995,https://www.youtube.com/watch?v=Q7kPSzYsR6Y
nJESuhKk_zM,Dominion Voting Systems CEO: Company&#39;s intention is to get the facts on the table,"Dominion Voting Systems sued MyPillow CEO Mike Lindell for more than $1.3 billion in damages for spreading misinformation. ""This is definitely not the last lawsuit, we are taking a very measured evidence-based approach on what we file next and we are not ruling anyone out,"" Dominion Voting Systems CEO John Poulos said. He joins CNBC's Eamon Javers on 'Closing Bell' to discuss. For access to live and exclusive video from CNBC subscribe to CNBC PRO: https://cnb.cx/2NGeIvi

» Subscribe to CNBC TV: https://cnb.cx/SubscribeCNBCtelevision
» Subscribe to CNBC: https://cnb.cx/SubscribeCNBC
» Subscribe to CNBC Classic: https://cnb.cx/SubscribeCNBCclassic

Turn to CNBC TV for the latest stock market news and analysis. From market futures to live price updates CNBC is the leader in business news worldwide.

The News with Shepard Smith is CNBC’s daily news podcast providing deep, non-partisan coverage and perspective on the day’s most important stories. Available to listen by 8:30pm ET / 5:30pm PT daily beginning September 30: https://www.cnbc.com/2020/09/29/the-news-with-shepard-smith-podcast.html?__source=youtube%7Cshepsmith%7Cpodcast

Connect with CNBC News Online
Get the latest news: http://www.cnbc.com/
Follow CNBC on LinkedIn: https://cnb.cx/LinkedInCNBC
Follow CNBC News on Facebook: https://cnb.cx/LikeCNBC
Follow CNBC News on Twitter: https://cnb.cx/FollowCNBC
Follow CNBC News on Instagram: https://cnb.cx/InstagramCNBC

https://www.cnbc.com/select/best-credit-cards/

#CNBC
#CNBCTV",2021-02-23T22:32:19Z,10384,https://www.youtube.com/watch?v=nJESuhKk_zM
CSJKzhvx8nU,Eric Shawn presses spokesperson for Dominion voting systems on fraud claims,"Spokesman Michael Steel explains how the machines work and how accusations of voter fraud are simply not true.

Subscribe to Fox News! https://bit.ly/2vBUvAS
Watch more Fox News Video: http://video.foxnews.com
Watch Fox News Channel Live: http://www.foxnewsgo.com/

FOX News Channel (FNC) is a 24-hour all-encompassing news service delivering breaking news as well as political and business news. The number one network in cable, FNC has been the most-watched television news channel for 18 consecutive years. According to a 2020 Brand Keys Consumer Loyalty Engagement Index report, FOX News is the top brand in the country for morning and evening news coverage. A 2019 Suffolk University poll named FOX News as the most trusted source for television news or commentary, while a 2019 Brand Keys Emotion Engagement Analysis survey found that FOX News was the most trusted cable news brand. A 2017 Gallup/Knight Foundation survey also found that among Americans who could name an objective news source, FOX News was the top-cited outlet. Owned by FOX Corporation, FNC is available in nearly 90 million homes and dominates the cable news landscape, routinely notching the top ten programs in the genre.

Watch full episodes of your favorite shows
The Five: http://video.foxnews.com/playlist/longform-the-five/
Special Report with Bret Baier: http://video.foxnews.com/playlist/longform-special-report/
The Story with Martha MacCallum: http://video.foxnews.com/playlist/longform-the-story-with-martha-maccallum/
Tucker Carlson Tonight: http://video.foxnews.com/playlist/longform-tucker-carlson-tonight/
Hannity:  http://video.foxnews.com/playlist/longform-hannity/
The Ingraham Angle: http://video.foxnews.com/playlist/longform-the-ingraham-angle/
Fox News @ Night: http://video.foxnews.com/playlist/longform-fox-news-night/

Follow Fox News on Facebook: https://www.facebook.com/FoxNews/
Follow Fox News on Twitter: https://twitter.com/FoxNews/
Follow Fox News on Instagram: https://www.instagram.com/foxnews/",2020-11-22T19:35:00Z,317593,https://www.youtube.com/watch?v=CSJKzhvx8nU
lH-m_-kzvvo,Dominion Voting Systems sues Giuliani over election claims,Dominion is seeking more than $1.3 billion in damages against former President Donald Trump's lawyer Rudy Giuliani.,2021-01-25T22:51:12Z,4656,https://www.youtube.com/watch?v=lH-m_-kzvvo
0IICuw38zE4,Kern County Board of Supervisors approves use of Dominion Voting Systems in upcoming elections,Kern County Board of Supervisors approves use of Dominion Voting Systems in upcoming elections,2022-04-07T01:39:11Z,122,https://www.youtube.com/watch?v=0IICuw38zE4
YLIS68YfMYU,Voting Equipment Expo: Dominion Voting Systems Presentation,"Presentation by Dominion Voting, the fourth of four vendors to outline new voting equipment options in Chicago on April 13, 2017. Includes questions from the public. (Fourth of four videos.)",2017-04-14T22:45:51Z,18870,https://www.youtube.com/watch?v=YLIS68YfMYU
v62C-riEZ0I,Will Georgia&#39;s new voting machines solve election problems -- or make them worse?,"Protecting the American voting process from outside interference is a top priority this election season. But public and political opinion are divided over the best voting systems to prevent tampering. Miles O’Brien takes a look at the latest technology being used in Georgia -- and whether it provides a stronger defense against meddling than the traditional paper ballot.

Editor's note: This report stated that “In 2019, Georgia bought the devices from a Canadian company called Dominion Voting systems.” In fact, Dominion was founded in Canada in 2003. However, in 2009 it also established a US corporation with headquarters in Denver. NewsHour apologizes for the error.

Stream your PBS favorites with the PBS app: https://to.pbs.org/2Jb8twG
Find more from PBS NewsHour at https://www.pbs.org/newshour
Subscribe to our YouTube channel: https://bit.ly/2HfsCD6

Follow us:
Facebook: http://www.pbs.org/newshour
Twitter: http://www.twitter.com/newshour
Instagram: http://www.instagram.com/newshour

Subscribe:
PBS NewsHour podcasts: https://www.pbs.org/newshour/podcasts
Newsletters: https://www.pbs.org/newshour/subscribe",2020-10-26T23:54:36Z,60783,https://www.youtube.com/watch?v=v62C-riEZ0I
cHhiDXrk5Do,Dominion Voting Systems sues Fox News,Dominion owns the voting machines Georgia used during the 2020 presidential election.,2021-03-26T23:25:22Z,1142,https://www.youtube.com/watch?v=cHhiDXrk5Do
HCWMHTl9ux4,Dominion voting machines and Canadian history,"The story behind the Dominion of Canada, an old name that's been in the news a lot lately.

SUBSCRIBE: https://www.youtube.com/jjmccullough?sub_confirmation=1

FOLLOW ME:

🇨🇦Support me on Patreon! https://www.patreon.com/jjmccullough
🤖Join my Discord! https://discord.gg/3X64ww7
🇺🇸Follow me on Instagram! https://www.instagram.com/jjmccullough/
🇨🇦Read my latest Washington Post columns: https://www.washingtonpost.com/people/jj-mccullough
🇨🇦Visit my Canada Website http://thecanadaguide.com

HASHTAGS: #dominion #canada #history",2021-05-05T15:22:09Z,66707,https://www.youtube.com/watch?v=HCWMHTl9ux4
hnxDJKheI44,Dominion Voting Systems suing Rudy Giuliani for defamation,Dominion was at the center of the conspiracy claims pushed by the president and his allies who wanted to overturn the election results.,2021-01-25T17:23:02Z,2569,https://www.youtube.com/watch?v=hnxDJKheI44
dWgWP-EU-Gw,DOMINION VOTING: Georgia Says NO PROBLEM With Controversial Voting System,"Watch what’s happening right NOW from FOX. We are a non-stop stream of breaking news, live events and stories taking place across the nation. Experience news as it occurs with limited commentary and no opinion.",2020-11-09T17:52:06Z,17407,https://www.youtube.com/watch?v=dWgWP-EU-Gw
cIEuYflHuTc,Georgia election official outlines how state chose Dominion Voting Systems,"Three companies made bids with Georgia during the process last year. .
11Alive is your source for facts about Georgia’s elections. For full coverage, visit: https://www.11alive.com/politics

Check out this election 2020 playlist for the latest videos: https://www.youtube.com/playlist?list=PLxSDPGC2EVp-G6qgbNYiGXQjFQKzjI_w6

11Alive is Where Atlanta Speaks. We believe that news shouldn’t be a one-way conversation, but a dialogue with you. Join in, share your thoughts and connect with new perspectives.

Follow 11Alive on Social:
Facebook: https://www.facebook.com/11Alive/
Twitter: https://twitter.com/11AliveNews
Instagram: https://www.instagram.com/11Alive/

Subscribe to 11Alive for exclusive content: http://bit.ly/11AliveSubscribe
Visit Site: https://www.11Alive.com/",2020-11-30T16:50:34Z,5400,https://www.youtube.com/watch?v=cIEuYflHuTc
QtWP0KDx2hA,How Hackers Can Target Voting Machines | NBC News Now,"The world’s largest underground hacking conference just ended in Las Vegas. NBC News’ technology correspondent Jacob Ward gives an inside look into how hackers can target voting systems with ease.
» Subscribe to NBC News: http://nbcnews.to/SubscribeToNBC
» Watch more NBC video: http://bit.ly/MoreNBCNews

NBC News Digital is a collection of innovative and powerful news brands that deliver compelling, diverse and engaging news stories. NBC News Digital features NBCNews.com, MSNBC.com, TODAY.com, Nightly News, Meet the Press, Dateline, and the existing apps and digital extensions of these respective properties.  We deliver the best in breaking news, live video coverage, original journalism and segments from your favorite NBC News Shows.

Connect with NBC News Online!
NBC News App: https://smart.link/5d0cd9df61b80
Breaking News Alerts: https://link.nbcnews.com/join/5cj/breaking-news-signup?cid=sm_npd_nn_yt_bn-clip_190621
Visit NBCNews.Com: http://nbcnews.to/ReadNBC
Find NBC News on Facebook: http://nbcnews.to/LikeNBC
Follow NBC News on Twitter: http://nbcnews.to/FollowNBC
Follow NBC News on Instagram: http://nbcnews.to/InstaNBC

How Hackers Can Target Voting Machines | NBC News Now",2019-08-13T01:52:11Z,113995,https://www.youtube.com/watch?v=QtWP0KDx2hA
LkJAHFJSDto,Dominion employee in Colorado describes threats he&#39;s received following election conspiracies,"Eric Coomer, Director of Product Security and Strategy for Dominion Voting Systems, filed a lawsuit against the Trump campaign and others related to the threats.",2020-12-23T02:23:37Z,8703,https://www.youtube.com/watch?v=LkJAHFJSDto
wmoxE1sJc1c,I Bought a Voting Machine Online … Then Hacked It,"Learn more at https://www.symantec.com/solutions/election-security

To demonstrate how vulnerable some of our digital election infrastructure really is, we bought two voting machines from an online auction site for less than $200. They were last used in State and Federal elections in 2012 and 2013. What vulnerabilities will we find?

Elections are under assault across the globe, as we continually see in the news. Well-resourced malicious cyber actors have tampered with our elections, whether it’s hacking voting machines or waging information warfare through social media.",2018-10-03T17:24:30Z,921195,https://www.youtube.com/watch?v=wmoxE1sJc1c
Lg3Yztn22R8,Dominion Voting Systems sues Fox News for $1.6 billion over 2020 election claims,"Dominion Voting Systems on Friday filed a $1.6 billion defamation lawsuit against Fox News, arguing the cable news giant falsely claimed in an effort to boost faltering ratings that the voting company had rigged the 2020 election.",2021-03-26T11:57:17Z,1303,https://www.youtube.com/watch?v=Lg3Yztn22R8
eXlG93Tz8_g,"Jefferson County GOP asks for an election audit, expressing doubts about Dominion Voting Systems","The Jefferson County GOP is calling for an audit of the 2018 and 2020 elections, expressing concerns with the Dominion Voting Systems technology the county and 61 others across the state use in elections.",2020-11-25T01:26:57Z,7619,https://www.youtube.com/watch?v=eXlG93Tz8_g
i_SpWzv2cVw,Rigged Dominion Voting Machines? Did Dodgy Voting Machines Actually Swing the Election? - TLDR News,"TLDR Daily: https://youtube.com/tldrdaily
TLDR UK: https://youtube.com/tldrnews
TLDR EU: https://youtube.com/tldrnewseu

Since the election lots of people (including the President) have raised concerns about the reliability of voting machines used in the election - most notably Dominion voting machines. There have been some pretty wild allegations thrown around, so in this video we examine the claims and see if anything suspicious happened to change the result of the election.


Follow TLDR on Facebook: http://www.facebook.com/tldrnewsus
Follow TLDR on Instagram: http://www.instagram.com/tldrnewsus
Follow TLDR on Twitter: https://twitter.com/tldrnewsus
Discord: https://discord.gg/BMrk6MC

Support TLDR on Patreon: http://www.patreon.com/tldrnews
Donate by PayPal: https://tldrnews.co.uk/funding
TLDR News Store: https://www.tldrnews.co.uk/store
TeeSpring Store: https://teespring.com/en-GB/stores/tldr-news-us
Learn About Our Funding: https://tldrnews.co.uk/funding
Discord: https://discord.gg/BMrk6MC

TLDR is a super small company, run by a few people with the help of some amazing volunteers. We are primarily fan sourced with most of our funding coming from donations and ad revenue. No shady corporations, no one telling us what to say. We can't wait to grow further and help more people get informed. Help support us by subscribing, following and backing on Patreon. Thanks!


////////////////////////////////////////

1 - https://www.scientificamerican.com/article/an-expert-on-voting-machines-explains-how-they-work/
2 - https://www.michigan.gov/sos/0,4670,7-127-1640_9150-544676--,00.html
3 - https://apnews.com/article/fact-check-trump-tweets-tall-tale-votes-13c104367924b8192b4fcecf334f7806
4 - https://www.dominionvoting.com/
5 - https://www.cisa.gov/rumorcontrol#rumor17
6 - https://apnews.com/article/3a32cb1dba464c78b5332311367d1b1b
7 - https://apnews.com/article/fact-checking-afs:Content:9740535009
8 - https://apnews.com/article/fact-checking-afs:Content:9740535009
9 - https://www.bbc.co.uk/news/election-us-2020-54959962
10 - https://www.dominionvoting.com/
11 - https://apnews.com/article/fact-checking-9754011363
12 - https://www.cisa.gov/news/2020/11/12/joint-statement-elections-infrastructure-government-coordinating-council-election",2020-12-03T15:30:03Z,52971,https://www.youtube.com/watch?v=i_SpWzv2cVw
MXDP27O54_Y,Dominion Voting Systems on its defamation lawsuit against Rudy Giuliani,"Read the full story here: https://www.politico.com/news/2021/01/25/dominion-voting-system-giuliani-election-462122

-----------------------------------------

Subscribe to our channel! https://www.youtube.com/channel/UCgjtvMmHXbutALaw9XzRkAg?view_as=subscriber
Check out our video catalog: https://www.politico.com/video   
   
Follow POLITICO here:   
➤ Twitter: https://twitter.com/politico/
➤ Instagram: https://www.instagram.com/politico/
➤ Facebook: https://www.facebook.com/politico/

#Politics #News #Giuliani",2021-01-26T15:42:25Z,3146,https://www.youtube.com/watch?v=MXDP27O54_Y
A1F6-OMmufM,How to Pronounce Dominion Voting Systems? (CORRECTLY),"Hear MORE FAMOUS BRAND NAMES pronounced: https://www.youtube.com/watch?v=2ZhYGLsus4M&list=PLd_ydU7Boqa1_Qi2sWyRPbdddkAoEuixD
Listen how to say this word/name correctly with Julien (English vocabulary videos), ""how do you pronounce"" free pronunciation audio/video tutorials.

Learn how to say words in English, French, Spanish, German, Italian, and many other languages with Julien Miquel and his pronunciation tutorials! In the world of words and the diversity of accents and local dialects, some words can be extremely hard to pronounce. There are mobile apps, online tools, dictionary websites to help you as well, but this dedicated channel is you go-to directory to improve your diction, voicing elocution, enunciation, and intonation.
Julien’s instructional and educational videos make pronunciation easier as I detail the correct pronunciation as fluent speaker many languages such as French, English, Spanish, or Italian, and curious student of world idioms such as Chinese, Japanese, Portuguese, Polish, or Russian.
-If you found this video helpful please like the video to support my work.
-If you would like help with any future pronunciations, be sure to subscribe!
-Thanks for Watching How To Pronounce with Julien and happy pronouncing.

#EnglishWithJulien

What does this word/name mean? Words’ meaning, dictionary definition, explanation, information.
Information & Source:
Dominion Voting Systems Corporation is a company that sells electronic voting hardware and software, including voting machines and tabulators, in the United States and Canada. The company's international headquarters are in Toronto, Canada, and its U.S. headquarters are in Denver, Colorado. https://en.wikipedia.org/wiki/Dominion_Voting_Systems",2020-11-14T18:43:26Z,12864,https://www.youtube.com/watch?v=A1F6-OMmufM
clgYLEM-hG0,Voting equipment makers: Machines not 100% secure,"(9 Jan 2020) The House Administration Committee on Thursday heard from the CEOs of the three biggest U.S. voting equipment manufacturers who all say voting machines are not 100 percent secure.
In the first election security hearing at the start of a presidential election year, top executives from Dominion Voting Systems, Hart InterCivic and Election Systems and Software (ES&amp;S) testified before congress.
When asked by the ranking member of the committee Rep. Rodney Davis of Illinois if voting machines were 100% secure, the executives unanimously stated ""no.""
The executives represent companies believed to control more than 90% of the voting equipment market in the U.S., according to a report put out by the University of Pennsylvania's Wharton Public Policy Initiative.

Find out more about AP Archive: http://www.aparchive.com/HowWeWork
Twitter: https://twitter.com/AP_Archive
Facebook: https://www.facebook.com/APArchives ​​
Instagram: https://www.instagram.com/APNews/


You can license this story through AP Archive: http://www.aparchive.com/metadata/youtube/6d707c096d1045e5850e57fb68002081",2020-01-14T19:14:42Z,12749,https://www.youtube.com/watch?v=clgYLEM-hG0
fjSID4CLRrE,WisEye Morning Minute: Wisconsin Elections Commission on Dominion Voting Systems,"Wisconsin Elections Commission Chair Ann Jacobs and Commissioner Robert Spindell debate issues with Dominion voting systems during their review of the November 2020 election report. Spindell argues that Dominion has allegedly been a problem throughout the country which means those voting systems should be re-checked before the upcoming elections. Jacobs argues that his statement is a lie.
Watch the full program: https://wiseye.org/2021/02/03/wisconsin-elections-commission-february-2021-meeting/
Subscribe to Morning Minute: https://wiseye.org/morning-minute/
#Wisconsin #Election2020 #Election2021",2021-02-04T14:37:02Z,1387,https://www.youtube.com/watch?v=fjSID4CLRrE
GPBagXouCvU,Former Dominion Voting employee&#39;s defamation suit can proceed,"A judge in Colorado denied motions to dismiss the suit against President Donald Trump's campaign, attorneys and conservative media figures. | FULL STORY: https://www.9news.com/article/news/local/next/denver-judge-dominion-voting-defamation-suit-coomer-colorado/73-10a7ec3a-6d6c-4443-bd48-3ba692ad31c1",2022-05-14T01:06:18Z,1644,https://www.youtube.com/watch?v=GPBagXouCvU
2NAhl4Hi_LE,Inside Texas Politics: New voting machines coming to Dallas County,"The machines are so different from the old ones that Dallas’ elections administrator Toni Pippins-Poole came on Inside Texas Politics to demonstrate how they work.


Subscribe to WFAA: https://bit.ly/subscribetowfaa
For more Inside Texas Politics: https://www.wfaa.com/insidetexaspolitics
Check out our political podcast: https://www.wfaa.com/yallitics",2019-10-27T18:24:36Z,32253,https://www.youtube.com/watch?v=2NAhl4Hi_LE
53m4RlBzhOk,Dominion files $1.6 billion defamation lawsuit against Fox News,"Dominion Voting Systems, a voting technology company that was the target of baseless conspiracy theories about the 2020 election, filed a $1.6 billion defamation lawsuit against the right-wing channel Fox News..
The company alleged that the network ""recklessly disregarded the truth"" and participated in a disinformation campaign against it because ""the lies were good for Fox's business.""
In the immediate aftermath of the 2020 election, then-President Donald Trump falsely asserted that the election had been rigged against him. His allies promoted outlandish conspiracy theories about Dominion to support Trump's false claims.
""Fox took a small flame"" of disinformation and ""turned it into a forest fire,"" Dominion said in its lawsuit.
A spokesperson for Fox said the network was ""proud"" of its 2020 election coverage, describing it as standing ""in the highest tradition of American journalism."" The spokesperson added that Fox will ""vigorously defend against this baseless lawsuit in court.""

#CNN #Newday #CNNBusiness",2021-03-26T15:34:41Z,832214,https://www.youtube.com/watch?v=53m4RlBzhOk
T6YGxCkS3BM,Trump Exercising Right To Complain About Vote Counting Or Putting Up A Show Before Exit?,Trump and his supporters attacked Dominion Voting Systems one of the most widely used technology firms in the US. They’ve claimed that Dominion deleted 2.7 million Trump’s votes nationwide.,2020-11-13T07:53:02Z,12459,https://www.youtube.com/watch?v=T6YGxCkS3BM
61EqSsVnm5w,"Dominion Voting employee defamation suit against 15 people, groups has pivotal hearing in Denver cou","Former Dominion Voting Systems employee, Eric Coomer, has sued 15 people, groups for defamation after they spread the 2020 election rigging conspiracy theory.",2021-10-15T00:46:24Z,1180,https://www.youtube.com/watch?v=61EqSsVnm5w
HA2DWMHgLnc,We watched hackers break into voting machines,"At the DEF CON hacking conference, hackers were invited to try their hand at infiltrating the technology we rely on every election, including voting machines and a mock elections office. CNNTech's Laurie Segall reports.",2017-08-11T20:53:48Z,381244,https://www.youtube.com/watch?v=HA2DWMHgLnc
3qEno6P6PSQ,"Dominion Voting Systems Sues MyPillow, Founder Mike Lindell, For $1.3 Billion Over Election Claims",Denver-based Dominion Voting Systems has followed through on threats and filed a lawsuit against MyPillow and founder Mike Lindell over claims their voting machines rigged the 2020 Presidential Election. Dominion is seeking $1.3 billion from MyPillow and Lindell in D.C. Federal Court.,2021-02-22T19:17:12Z,725,https://www.youtube.com/watch?v=3qEno6P6PSQ
4IMDmpYkY-E,Mixed outlook on Georgia&#39;s new election system,A company called Dominion Voting Systems has been operating in Colorado for four years and will start in Georgia this year.,2019-07-31T22:32:53Z,5135,https://www.youtube.com/watch?v=4IMDmpYkY-E
L-KLjB_Olko,Mesa County Elections Office To Replace Dominion Voting Systems Equipment,Mesa County is going to replace all Dominion voting equipment.,2021-08-25T14:32:01Z,390,https://www.youtube.com/watch?v=L-KLjB_Olko
mt6-aSIX2Bk,"POLITICAL RUNDOWN: Georgia Runoff, Dominion Voting Machines, Biden Picks and MORE | NewsNOW from FOX","NewsNOW's Daytona Everett and Andrew Craft break down today's top political headlines including the Georgia senate race, Dominion Voting Machines, President Trump's phone calls to top officials regarding the election, Pfizer's global vaccine distribution, Biden's newest nominations and more.

Subscribe to NewsNOW from FOX! https://bit.ly/3lMoziB
Where to watch NewsNOW from FOX: https://www.newsnowfox.com/
Follow us @NewsNOWFOX on Twitter: https://twitter.com/NewsNOWFOX

Raw and unfiltered. Watch a non-stop stream of breaking news, live events and stories across the nation. Limited commentary. No opinion. Experience NewsNOW from FOX.",2020-12-08T03:07:13Z,10634,https://www.youtube.com/watch?v=mt6-aSIX2Bk
bI2vhCV8JZw,What election officials think about paper ballots and voting machines,"During this election, early and absentee voting are expected to reach record levels, with mail-in ballots drawing significant attention as a result. President Trump has repeatedly claimed, without evidence, that voting by mail is not safe or reliable -- but what do election experts say is the best method? Miles O’Brien reports on the security of paper ballots compared to older voting machines.

Stream your PBS favorites with the PBS app: https://to.pbs.org/2Jb8twG
Find more from PBS NewsHour at https://www.pbs.org/newshour
Subscribe to our YouTube channel: https://bit.ly/2HfsCD6

Follow us:
Facebook: http://www.pbs.org/newshour
Twitter: http://www.twitter.com/newshour
Instagram: http://www.instagram.com/newshour

Subscribe:
PBS NewsHour podcasts: https://www.pbs.org/newshour/podcasts
Newsletters: https://www.pbs.org/newshour/subscribe",2020-10-15T00:51:27Z,23682,https://www.youtube.com/watch?v=bI2vhCV8JZw
3gWhxI5LqU8,"Dominion Voting employee sues 16 people, groups for defamation in Denver courtroom",Coomer's come out suing. Suing former President Trump's campaign - and the people who pushed the conspiracy theory.,2021-10-14T00:54:47Z,291,https://www.youtube.com/watch?v=3gWhxI5LqU8
VO-sIk1htVQ,5 of 5 Dominion Voting Machines 6 27 2018,"Lebanon PA, 6.27.2018:  Dominion Voting Machines were the fifth and final company to present their wares to Lebanon County Commissioners, Judges of Election, and staff.",2018-06-27T21:56:29Z,99316,https://www.youtube.com/watch?v=VO-sIk1htVQ
L7ExnUvqxpw,Dominion Voting Machines,Dominion Voting Machines,2021-01-25T23:10:24Z,498,https://www.youtube.com/watch?v=L7ExnUvqxpw
hvOKWeW_Fog,A Hacker Shows Us How Easy it is To Manipulate Voting Machines,"Earlier this week the FBI confirmed breaches have been detected in electronic voter registration databases in Arizona and Illinois. The FBI is now urging states to take new steps to enhance the security of their computer systems ahead of the November election. We traveled across the state and found that elections are messy and hacking isn't as uncommon as you think.

Subscribe to Fusion: https://www.youtube.com/c/thisisfusion?sub_confirmation=1

Watch more from Fusion friends:
F-Comedy: https://www.youtube.com/c/fcomedy?sub_confirmation=1
Chris Gethard Show: https://www.youtube.com/user/chrisgeth?sub_confirmation=1",2016-09-01T17:38:03Z,335511,https://www.youtube.com/watch?v=hvOKWeW_Fog
jV20dWObhBY,Voting with the Dominion ImageCast X (ICX),"Made in partnership with Disability Rights Michigan and other disability rights advocates, as well as the Stanford-MIT Healthy Elections Project

Learn more about the Dominion ImageCastX
https://www.michigan.gov/sos/0,4670,7-127-1633_8716_45458_82066-451178--,00.html",2020-11-02T06:55:04Z,893,https://www.youtube.com/watch?v=jV20dWObhBY
rpcMwiTx86w,Defamation Lawsuit: Dominion Voting Systems Sues Rudy Giuliani For $1.3 Billion,"Dominion Voting Systems, based in Denver, is suing former President Donald Trump's personal lawyer, Rudy Giuliani for $1.3 billion. They are going after him for defamation because of his claims about election fraud.",2021-01-25T17:21:01Z,1070,https://www.youtube.com/watch?v=rpcMwiTx86w
oULMv-bopN4,Dominion Voting Systems equipment has been certified in Mesa County,"Designated Election Official, Wayne Williams was present during the certification.",2021-08-31T23:14:43Z,31,https://www.youtube.com/watch?v=oULMv-bopN4
cUV8h7f-mAg,Dominion Voting System Sues &#39;MyPillow Guy&#39; For $1.3 Billion,"The lawsuit, filed in federal court in the District of Columbia, alleges that Mike Lindell ignored repeated warnings from Dominion, a voting technology company that has filed similar lawsuits against Donald Trump lawyers Rudolph Giuliani and Sidney Powell.",2021-02-23T01:01:25Z,2591,https://www.youtube.com/watch?v=cUV8h7f-mAg
S5Xzagfvv-g,Fox News Sued On Election Fraud Claims By Dominion Voting | MSNBC,"NBC's Pete Williams reports on the $1.6 billion lawsuit Dominion Voting Systems has filed against Fox News alleging the network made false allegations about the 2020 election. Fox News has released a statement saying it stands by their coverage. Aired on 03/26/2021.
» Subscribe to MSNBC: http://on.msnbc.com/SubscribeTomsnbc

MSNBC delivers breaking news, in-depth analysis of politics headlines, as well as commentary and informed perspectives. Find video clips and segments from The Rachel Maddow Show, Morning Joe, Meet the Press Daily, The Beat with Ari Melber, Deadline: White House with Nicolle Wallace, Hardball, All In, Last Word, 11th Hour, and more.

Connect with MSNBC Online
Visit msnbc.com: http://on.msnbc.com/Readmsnbc
Subscribe to MSNBC Newsletter: http://MSNBC.com/NewslettersYouTube
Find MSNBC on Facebook: http://on.msnbc.com/Likemsnbc
Follow MSNBC on Twitter: http://on.msnbc.com/Followmsnbc
Follow MSNBC on Instagram: http://on.msnbc.com/Instamsnbc

#FoxNews #Lawsuit #MSNBC

Fox News Sued On Election Fraud Claims By Dominion Voting | MSNBC",2021-03-26T14:54:50Z,504510,https://www.youtube.com/watch?v=S5Xzagfvv-g
otiDjYtQlgE,How to Pronounce Dominion Voting Systems (Real Life Examples!),,2020-11-13T18:47:09Z,312,https://www.youtube.com/watch?v=otiDjYtQlgE
QTCmkIxve0c,US voting machines are failing. Here’s why.,"The greatest threat to American voting machines might not be hacking, but old age.

Subscribe to our channel! http://goo.gl/0bsAjO

In our latest collaboration with ProPublica, we take a look at US election security and the status of American voting machines. Check out the full ProPublica report at: https://bit.ly/2Hw3Dcb.

Stay tuned for more stories in this collaboration! If you’d like to sign up to receive more ProPublica journalism, go here: https://bit.ly/2IYkXqO

In 2017, hackers Rick Rolled a voting machine in Las Vegas. Even though the machine was out-of-date and the demonstration didn’t replicate real-life conditions, the stunt brought national attention to an election crisis that has been building ever since the “hanging chad” fiasco that occurred during the 2000 Presidential election recount.

In her story on American election security, ProPublica’s Kate Rabinowitz revealed that many state and local election officials are suffering a funding crisis. Without the money needed to maintain and update electronic voting machines, officials are having to make do with equipment that was manufactured in 2008 or even earlier. At that time, most machines had recently been replaced thanks to the 2002 Help America Vote Act, but few have been updated since.

By isolating machines from the internet and keeping them in secure locations, officials are able to reduce the threat of widespread hacking, but the machines are plagued with more mundane technical problems that states have been slow to address and could have major consequences for future elections.

On the bright side, the omnibus spending bill that was passed in March 2018 allocated $380 million dollars for state election officials to update their voting infrastructure. Whether that money is actually provided and how it will be spent, however, remains to be seen.

Vox.com is a news website that helps you cut through the noise and understand what's really driving the events in the headlines. Check out http://www.vox.com.

Watch our full video catalog: http://goo.gl/IZONyE
Follow Vox on Facebook: http://goo.gl/U2g06o
Or Twitter: http://goo.gl/XFrZ5H",2018-03-29T11:00:15Z,951836,https://www.youtube.com/watch?v=QTCmkIxve0c
69OFP3K-BUI,"Dominion Voting Systems Sues MyPillow CEO Mike Lindell, Seeking More Than $1.3B In Damages",Dominion Voting Systems has filed a lawsuit against MyPillow CEO Mike Lindell over his election fraud claims. Katie Johnston reports.,2021-02-22T15:37:09Z,284,https://www.youtube.com/watch?v=69OFP3K-BUI
KmihqVmKGT4,Professor demonstrates how to hack a voting machine,Princeton professor insists Americans should vote using paper ballots,2016-09-19T01:31:48Z,69411,https://www.youtube.com/watch?v=KmihqVmKGT4
q6ydDq4878c,DOMINION VOTING: Inside Look At Election System AND Conspiracy Theory Claims| NewsNOW From FOX,"NewsNOW From FOX's Andrew Craft speaks with Dominion Voting on the Election 2020 season.
Subscribe to NewsNOW from FOX! https://bit.ly/3lMoziB
Where to watch NewsNOW from FOX: https://www.newsnowfox.com/
Follow us @NewsNOWFOX on Twitter: https://twitter.com/NewsNOWFOX

Raw and unfiltered. Watch a non-stop stream of breaking news, live events and stories across the nation. Limited commentary. No opinion. Experience NewsNOW from FOX.",2020-12-07T22:15:16Z,13244,https://www.youtube.com/watch?v=q6ydDq4878c
onjEieXFYgs,President Trump tweets the Dominion Voting Systems have deleted million of votes for him,,2020-11-12T17:15:35Z,91238,https://www.youtube.com/watch?v=onjEieXFYgs
yYtxxMX9-jo,France electoral system explained: Will Emmanuel Macron win 2nd term? | WION Originals,"About Channel:

WION -The World is One News, examines global issues with in-depth analysis. We provide much more than the news of the day. Our aim to empower people to explore their world. With our Global headquarters in New Delhi, we bring you news on the hour, by the hour. We deliver information that is not biased. We are journalists who are neutral to the core and non-partisan when it comes to the politics of the world. People are tired of biased reportage and we stand for a globalised united world. So for us the World is truly One.

Please keep discussions on this channel clean and respectful and refrain from using racist or sexist slurs as well as personal insults.

Subscribe to our channel at https://goo.gl/JfY3NI
Check out our website: http://www.wionews.com
Connect with us on our social media handles:
Facebook: https://www.facebook.com/WIONews
Twitter: https://twitter.com/WIONews

Follow us on Google News for latest updates

Zee News:- https://bit.ly/2Ac5G60
Zee Bussiness:- https://bit.ly/36vI2xa
DNA India:- https://bit.ly/2ZDuLRY
WION: https://bit.ly/3gnDb5J
Zee News Apps : https://bit.ly/ZeeNewsApps",2022-03-31T15:00:36Z,4111,https://www.youtube.com/watch?v=yYtxxMX9-jo
FGY6K3lahBA,Hanks shoots at fake Dominion voting machine in new campaign video,"Colorado State Rep. Ron Hanks, from Cañon City, wants to compete against Democratic Senator Michael Bennet.",2021-10-07T02:06:47Z,2111,https://www.youtube.com/watch?v=FGY6K3lahBA
HzQycpY4RqU,‘Rigged!’: Trump Says Denver-Based Dominion Voting Systems Ruined Election,"“Dominion is running our Election. Rigged!” Pres. Trump tweeted Sunday night.
Twitter flagged that tweet as well, stating, “This claim about election fraud is disputed.” Katie Johnston reports.",2020-11-16T18:02:01Z,1101,https://www.youtube.com/watch?v=HzQycpY4RqU
AL3S_1x5_uA,Dominion Election Night Reporting Video (Oct 2018),,2018-10-10T15:29:41Z,5147,https://www.youtube.com/watch?v=AL3S_1x5_uA
3KO8iVBic-0,Mesa County Commissioners choose Dominion voting systems,Mesa County Commissioners choose Dominion voting systems,2021-08-26T01:17:04Z,64,https://www.youtube.com/watch?v=3KO8iVBic-0
jCuSsbsZsSs,"After Spreading False Election Fraud Claims, Powell Claims ‘Reasonable People’ Wouldn’t Believe Her","Joy’s choice for the absolute worst: Ex-Trump attorney Sidney Powell's weekslong campaign to invalidate the results of the 2020 election was not based in fact, her lawyers said Monday. Joy’s message to Trump supporters: “Hey guys, I think she’s calling y’all suckers.” Aired on 03/23/2021.
» Subscribe to MSNBC: http://on.msnbc.com/SubscribeTomsnbc

About The ReidOut with Joy Reid: Joy Reid conducts one-on-one conversations with politicians and newsmakers while addressing provocative political issues both inside and outside of the beltway. Reid, who is also a best-selling author and public speaker, joined MSNBC in 2011 as a contributor. Drawing from her decades-long experience in politics, passion for addressing the intersection of race, justice and culture, as well as her signature tenacious interviewing style, Reid kicks off MSNBC’s primetime lineup by delving into American politics as it unfolds.
MSNBC delivers breaking news, in-depth analysis of politics headlines, as well as commentary and informed perspectives. Find video clips and segments from The Rachel Maddow Show, Morning Joe, Meet the Press Daily, The Beat with Ari Melber, Deadline: White House with Nicolle Wallace, Hardball, All In, Last Word, 11th Hour, and more.

Connect with MSNBC Online
Visit msnbc.com: http://on.msnbc.com/Readmsnbc
Subscribe to MSNBC Newsletter: http://MSNBC.com/NewslettersYouTube
Find MSNBC on Facebook: http://on.msnbc.com/Likemsnbc
Follow MSNBC on Twitter: http://on.msnbc.com/Followmsnbc
Follow MSNBC on Instagram: http://on.msnbc.com/Instamsnbc

#Trump #ElectionFraud #MSNBC

After Spreading False Election Fraud Claims, Powell Claims ‘Reasonable People’ Wouldn’t Believe Her",2021-03-24T00:59:52Z,899859,https://www.youtube.com/watch?v=jCuSsbsZsSs
y8-v3BkwmJU,How to Vote Using a Dominion Voting Systems Ballot Marking Device | Animated Tutorial Video,"This is an example of an animated step-by-step tutorial video we produced for Dominion Voting Systems.  In this video we educate viewers on how to use the Dominion Ballot Marking Device (BMD).

This particular video was also localized into 5 different languages making it accessible for all voters who use the device.

Using animation to provide step-by-step instructions is one of the easiest ways to ensure that your customers will have a positive product experience.

To learn more about our Denver animation company please visit www.telideo.com.

To learn more about Dominion Voting systems please visit www.dominionvoting.com.",2022-03-22T19:16:18Z,23,https://www.youtube.com/watch?v=y8-v3BkwmJU
1rrjJyTYbWI,RCV Symposium Session 9: Dominion Voting Systems RCV Capabilities,Dominion Voting Systems will present the company's latest voting systems and how these systems can be used for ranked choice voting ballot design and tabulation.,2018-05-14T14:23:55Z,88,https://www.youtube.com/watch?v=1rrjJyTYbWI
LkH2r-sNjQs,Why Electronic Voting Is Still A Bad Idea,"We still shouldn't be using electronic voting. Here's why. • Sponsored by Dashlane — for free on your first device @  https://www.dashlane.com/tomscott

MORE BASICS: https://www.youtube.com/playlist?list=PL96C35uN7xGLLeET0dOWaKHkAlPsrkcha

REFERENCES:

Computerphile video: https://www.youtube.com/watch?v=w3_0x6oaDmI

Stories about voter identification happening outside the law: https://www.theguardian.com/notesandqueries/query/0,,-1051,00.html

Voting machines left connected to the internet: https://www.vice.com/en_us/article/3kxzk9/exclusive-critical-us-election-systems-have-been-left-exposed-online-despite-official-denials

Hackers getting voting machines to play Doom: https://www.salon.com/2019/08/14/hackers-can-easily-break-into-voting-machines-used-across-the-u-s-play-doom-nirvana/

""Small, well-funded team backed by a national government"": https://www.nytimes.com/2019/07/25/us/politics/russian-hacking-elections.html

Scottish election: https://www.theguardian.com/politics/2007/jun/20/scotland.devolution and http://news.bbc.co.uk/1/hi/scotland/6627657.stm - with the Excel detail on page 50 of https://www.openrightsgroup.org/wp-content/uploads/org_election_report.pdf?page=50

Report on e-voting in Estonia: https://estoniaevoting.org/


Written with Sean Elliott https://twitter.com/SeanMElliott/
Directed by Tomek
Graphics by Mooviemakers https://www.mooviemakers.co.uk/
Audio mix by Haerther Productions https://haerther.net/

I'm at https://tomscott.com
on Twitter at https://twitter.com/tomscott
on Facebook at https://facebook.com/tomscott
and on Instagram as tomscottgo",2019-12-09T16:00:07Z,3585666,https://www.youtube.com/watch?v=LkH2r-sNjQs
72QdD58JiUs,Lou Dobbs’ Show Canceled As Fox News Faces Lawsuit Over Voting Machine Claims | TODAY,"Lawsuits over false claims of fraud in the 2020 presidential election are piling up, and there is new fallout for some of the people who pushed them, including Lou Dobbs of Fox Business. NBC senior Washington correspondent Hallie Jackson reports for TODAY.
» Watch TODAY All Day: http://www.youtube.com/today
» Subscribe to TODAY: http://on.today.com/SubscribeToTODAY
» Watch the latest from TODAY: http://bit.ly/LatestTODAY

About: TODAY brings you the latest headlines and expert tips on money, health and parenting. We wake up every morning to give you and your family all you need to start your day. If it matters to you, it matters to us. We are in the people business. Subscribe to our channel for exclusive TODAY archival footage & our original web series.

Connect with TODAY Online!
Visit TODAY's Website: http://on.today.com/ReadTODAY
Find TODAY on Facebook: http://on.today.com/LikeTODAY
Follow TODAY on Twitter: http://on.today.com/FollowTODAY
Follow TODAY on Instagram: http://on.today.com/InstaTODAY
Follow TODAY on Pinterest: http://on.today.com/PinTODAY

#LouDobbs #Lawsuit #TODAY

Lou Dobbs’ Show Canceled As Fox News Faces Lawsuit Over Voting Machine Claims | TODAY",2021-02-08T15:30:00Z,96209,https://www.youtube.com/watch?v=72QdD58JiUs
-v17_7ojPNg,Dominion ICX Step 3 – Accessible Voting on the ICX version 2,,2019-05-15T19:24:55Z,1500,https://www.youtube.com/watch?v=-v17_7ojPNg
4Bol3Cdln5g,Judge Upholds Defamation Suit Against Fox Corp,"Former U.S. attorney Harry Litman, New York Times Congressional reporter Luke Broadwater, and editor-at-large of the Bulwark Charlie Sykes discuss a judge denying an attempt by Fox Corporation to dismiss a $1.6 billion defamation lawsuit from Dominion
» Subscribe to MSNBC: http://on.msnbc.com/SubscribeTomsnbc

About: MSNBC is the premier destination for in-depth analysis of daily headlines, insightful political commentary and informed perspectives. Reaching more than 95 million households worldwide, MSNBC offers a full schedule of live news coverage, political opinions and award-winning documentary programming -- 24 hours a day, 7 days a week.

Connect with MSNBC Online
Visit msnbc.com: http://on.msnbc.com/Readmsnbc
Subscribe to MSNBC Newsletter: MSNBC.com/NewslettersYouTube
Find MSNBC on Facebook: http://on.msnbc.com/Likemsnbc
Follow MSNBC on Twitter: http://on.msnbc.com/Followmsnbc
Follow MSNBC on Instagram: http://on.msnbc.com/Instamsnbc

#FoxCorp #Media #News",2022-06-22T22:30:00Z,1147543,https://www.youtube.com/watch?v=4Bol3Cdln5g
pjKXvqSNIkk,Georgia election official refutes Trump&#39;s voter fraud claims,"Gabriel Sterling walks 60 Minutes though surveillance footage from Fulton County taken the night of the 2020 Presidential Election. https://cbsn.ws/38uuFjo

Subscribe to the 60 Minutes Channel HERE: http://bit.ly/1S7CLRu
Watch Full Episodes of 60 Minutes HERE: http://cbsn.ws/1Qkjo1F
Get more 60 Minutes from 60 Minutes: Overtime HERE: http://cbsn.ws/1KG3sdr
Relive past episodes and interviews with 60 Minutes Rewind HERE: http://cbsn.ws/1PlZiGI
Follow 60 Minutes on Instagram HERE: http://bit.ly/23Xv8Ry
Like 60 Minutes on Facebook HERE: http://on.fb.me/1Xb1Dao
Follow 60 Minutes on Twitter HERE: http://bit.ly/1KxUsqX

Get the latest news and best in original reporting from CBS News delivered to your inbox. Subscribe to newsletters HERE: http://cbsn.ws/1RqHw7T

Get your news on the go! Download CBS News mobile apps HERE: http://cbsn.ws/1Xb1WC8

Get new episodes of shows you love across devices the next day, stream local news live, and watch full seasons of CBS fan favorites anytime, anywhere with CBS All Access. Try it free! http://bit.ly/1OQA29B

---
60 Minutes, the most successful American television broadcast in history, began its 52nd season in September. Offering hard-hitting investigative reports, interviews, feature segments and profiles of people in the news, the broadcast began in 1968 is still a hit in 2020. 60 Minutes makes Nielsen’s weekly Top 10 nearly every week and was the #1 weekly television broadcast three times last season.


The program still averages more than 10 million viewers, more than double the audience of its nearest network news magazine competitor. The average audience for a 60 Minutes broadcast is 150% higher than those of the network morning news programs; the audience dwarfs the number of viewers drawn by the most popular cable news programs.


About a million more people listen to the 60 Minutes radio simulcast in several major cities and on its companion podcast. Tens of thousands each week experience 60 Minutes online. The broadcast’s segments can be watched at 60Minutes.com and on the CBS All Access app. Its webcast, 60MinutesOvertime.com, offers content originally produced for the web, including behind-the-scenes video about the production of 60 Minutes stories and timely archival segments.


60 Minutes has won every major broadcast award. Its 25 Peabody and 150 Emmy awards are the most won by any single news program. It has also won 20 duPont-Columbia University journalism awards. Other distinguished journalism honors won multiple times include the George Polk, RTDNA Edward R. Murrow, Investigative Reporters and Editors, RFK Journalism, Sigma Delta Chi and Gerald Loeb awards.

60 Minutes premiered on CBS September 24, 1968. Bill Owens is the program’s executive producer. The correspondents and contributors of 60 Minutes are Sharyn Alfonsi, Anderson Cooper, John Dickerson, Norah O’Donnell, Scott Pelley, Lesley Stahl, Bill Whitaker and L. Jon Wertheim.",2021-01-11T02:28:53Z,852435,https://www.youtube.com/watch?v=pjKXvqSNIkk
Y15D19usS0g,2020 Election Security: Perspectives from Voting System Vendors and Experts (EventID=110346),"On Thursday, January 9th, 2020, the Committee on House
Administration will hold a hearing entitled “2020 Election Security - Perspectives from Voting System Vendors and Experts”

The Committee hearing will take place at 10:00am at 1310 Longworth HOB. For Media inquiries, please contact Peter Whippy, Communications Director, at Peter.Whippy@mail.house.gov or 202-225-3244. For other inquiries, please contact Sean Jones, Legislative Clerk, at Sean.Jones@mail.house.gov or 202-225-3061 if you need additional information.

Persons requiring special accomodation should contact Mariam Malik at 202-225-2061 at least 48 hours prior to the scheduled hearing.",2020-01-09T17:57:28Z,6061,https://www.youtube.com/watch?v=Y15D19usS0g
svEuG_ekNT0,Voting Machines: Last Week Tonight with John Oliver (HBO),"John Oliver discusses how voting machines work, how they don’t, and how we can fix them.

Connect with Last Week Tonight online...

Subscribe to the Last Week Tonight YouTube channel for more almost news as it almost happens: www.youtube.com/lastweektonight

Find Last Week Tonight on Facebook like your mom would: www.facebook.com/lastweektonight

Follow us on Twitter for news about jokes and jokes about news: www.twitter.com/lastweektonight

Visit our official site for all that other stuff at once: www.hbo.com/lastweektonight",2019-11-04T07:30:01Z,5802583,https://www.youtube.com/watch?v=svEuG_ekNT0
ijjwS6h-PyU,"Dominion Voting Machine Flaws -- 2020 Election Coffee County, Georgia Video 2","The Dominion voting machines that Georgia and several other states use are unsecure and open to manipulation during the counting process. This second of two videos shows the weaknesses of the system and the ways in which an unscrupulous election official may alter ballots with virtually no chance of being caught.

Visit www.DouglasNow.com for late breaking news in Douglas, Ga, Coffee County and surrounding South Georgia news areas. Send your news tips, photos and videos to us via our facebook page at https://www.facebook.com/douglasnowcom or by email at news@douglasnow.com",2020-12-09T13:45:01Z,117136,https://www.youtube.com/watch?v=ijjwS6h-PyU
qTGrNAw8Ekk,&#39;Ridiculous&#39; reports of Dominion Voting Systems &#39;flipping votes&#39; must be &#39;put to bed&#39;,"The hand recount of election ballots conducted in Georgia revealed there were no problems with the Dominion Voting Systems which were well within the margin of error, Georgia Election Official Gabriel Sterling reported at a press conference.

“Everybody might be familiar with the fact that the president wanted us to do a hand recount … which we ended up doing under our audit,” he said.

“That audit showed that there was no problems with the machine scanning.

“If somebody took a stack of ballots and scanned them multiple times you would have a lot of votes with no corresponding ballots.

“For the sheer number of ballots, they were off by 0.1053 per cent. For the margin they were off by 0.0099 per cent which shows that the machines scanned properly.”

Mr Sterling described reports suggesting the Dominion voting machines were using “fractional voting or flipping votes” as “ridiculous”.

He urged voters in Georgia to “put to bed” claims of election fraud and said people who “cared about the future of this nation” were obliged to turnout on election day.

More information about the Georgia Senate run-off election and the State Farm Arena counting facility during the presidential election can be found on the government website securevotega.com",2021-01-05T01:27:31Z,6154,https://www.youtube.com/watch?v=qTGrNAw8Ekk
PDFzO_X9vo4,Dominion &amp; Smartmatic Sue Fox and Others for Billions,"After facing election falsehoods for months, are Dominion and Smartmatic getting their revenge against Fox, Sidney Powell, and Rudy?
📲 Try Ting Mobile and get a $25 service credit! https://legaleagle.link/ting

GOT A VIDEO IDEA? TELL ME!
▀▀▀▀▀▀▀▀▀▀▀▀▀▀▀▀▀▀▀▀▀▀▀▀▀▀
Send me an email: devin@legaleagle.show

MY COURSES
▀▀▀▀▀▀▀▀▀▀▀▀▀▀▀▀▀▀▀▀▀▀▀▀▀▀
Interested in LAW SCHOOL?  Get my guide to law school! https://legaleagle.link/lawguide
Need help with COPYRIGHT? I built a course just for you! https://legaleagle.link/copyrightcourse

SOCIAL MEDIA & DISCUSSIONS
▀▀▀▀▀▀▀▀▀▀▀▀▀▀▀▀▀▀▀▀▀▀▀▀▀▀
Twitter:           https://legaleagle.link/twitter
Facebook:      https://legaleagle.link/facebook
Tik Tok:          https://legaleagle.link/tiktok
Instagram:     https://legaleagle.link/instagram
Reddit:            https://legaleagle.link/reddit
Podcast:         https://legaleagle.link/podcast
OnlyFans        https://legaleagle.link/onlyfans
Patreon          https://legaleagle.link/patreon

BUSINESS INQUIRIES
▀▀▀▀▀▀▀▀▀▀▀▀▀▀▀▀▀▀▀▀▀▀▀▀▀▀
Please email my agent & manager at legaleagle@standard.tv

LEGAL-ISH DISCLAIMER
▀▀▀▀▀▀▀▀▀▀▀▀▀▀▀▀▀▀▀▀▀▀▀▀▀▀
Sorry, occupational hazard:  This is not legal advice, nor can I give you legal advice.  I AM NOT YOUR LAWYER.  Sorry!  Everything here is for informational purposes only and not for the purpose of providing legal advice. You should contact your attorney to obtain advice with respect to any particular issue or problem.  Nothing here should be construed to form an attorney-client relationship.  Also, some of the links in this post may be affiliate links, meaning, at no cost to you, I will earn a small commission if you click through and make a purchase.  But if you click, it really helps me make more of these videos!  All non-licensed clips used for fair use commentary, criticism, and educational purposes.  See Hosseinzadeh v. Klein, 276 F.Supp.3d 34 (S.D.N.Y. 2017); Equals Three, LLC v. Jukin Media, Inc., 139 F. Supp. 3d 1094 (C.D. Cal. 2015).

Special thanks:
Stock video and imagery provided by Getty Images
Music provided by Epidemic Sound
Short links by pixelme.me (https://pxle.me/eagle)",2021-02-09T17:43:37Z,1043088,https://www.youtube.com/watch?v=PDFzO_X9vo4
YSreS7_zX7E,Dominion ICX Step 2 – Voting on the ICX,,2019-05-15T19:25:00Z,4955,https://www.youtube.com/watch?v=YSreS7_zX7E
vPriOpIek0E,WATCH: Why Bill Barr didn’t believe Trump’s baseless election fraud claims | Jan. 6 hearings,"In a recorded deposition played by the House committee investigating the Jan. 6 attack, Bill Barr addressed the myriad false claims of election fraud he encountered as the former attorney general.

“I was influenced by the fact that early claims that I understood were bogus and silly and usually based on misinformation, so I did not consider the quality of claims right out of the box to give me any feeling there was substance here,” he said in a video played on June 13.

Rep. Zoe Lofgren, D- Calif., noted that former President Donald Trump continued to lie about election fraud even after Barr told him those claims were false, adding that Trump berated and nearly fired Barr.

Barr said that he was particularly disturbed by baseless and “idiotic” claims regarding the functionality of Dominion Voting machines because they influenced members of the public, causing some to believe the nonsensical idea that the machines were controlled by people and emblematic of systemic corruption.

“I told them that it was crazy stuff and they were wasting their time on that,” Barr said. “It was doing a great, grave disservice to the country.”

Barr detailed an exchange with the former president in which Trump handed Barr a misleading report that he said indicated those machines were designed to engage in fraud. Barr emphasized that he did not see any information to support that conclusion.

“I was somewhat demoralized because I thought ‘Boy, if he really believes this stuff, he’s become detached from reality,’” Barr said. He added that when he told Trump that those allegations were “crazy,” the former president did not show much interest in “what the actual facts were.” Barr reiterated that in his opinion, the 2020 presidential election was not stolen by fraud and he has not seen any evidence since then to change his mind.

The hearing was the second of several planned by the Jan. 6 committee that focused on how Trump actively spread false information about the 2020 election outcome – what has become known as the “big lie” – in the run up to the Jan. 6 insurrection. In the year since its creation, the committee has conducted more than 1,000 interviews, seeking critical information and documents from people witness to, or involved in, the violence that day.

Stream your PBS favorites with the PBS app: https://to.pbs.org/2Jb8twG
Find more from PBS NewsHour at https://www.pbs.org/newshour
Subscribe to our YouTube channel: https://bit.ly/2HfsCD6

Follow us:
Facebook: http://www.pbs.org/newshour
Twitter: http://www.twitter.com/newshour
Instagram: http://www.instagram.com/newshour",2022-06-13T16:53:54Z,677130,https://www.youtube.com/watch?v=vPriOpIek0E
UeRkdZz_Clk,Dominion Voting Sues MyPillow CEO Mike Lindell for $1.3 Billion,"MyPillow Inc. Chief Executive Officer Mike Lindell boosted pillow sales by echoing Donald Trump’s false claim that a voting machine company rigged the election, according to a $1.3 billion defamation lawsuit.

Lindell, an outspoken Trump ally whose pillows were endorsed by the former president, repeated the bogus election-conspiracy theory for months despite knowing that no such fraud had occurred, Dominion Voting Systems Inc. said in a suit filed Monday in federal court in Washington.

Dominion claims Lindell increased sales as much as 40% by pitching the “Big Lie” about the election on conservative media outlets, issuing promotional codes for his products like “FightForTrump,” “45,” and “QAnon,” the name of another debunked conspiracy theory that contends leading Democrats and celebrities are part of a satanic cult of sex-trafficking pedophiles. In 2019, MyPillow’s revenue exceeded $300 million, according to the lawsuit.

The complaint is the latest in a series of multibillion-dollar court actions taken by voting-machine companies against high-profile Trump supporters, including Rudy Giuliani and Sidney Powell, for spreading disinformation about voter fraud. Earlier this month, Fox Corp. canceled the Lou Dobbs Tonight show a day after the network and Dobbs were named in a $2.7 billion suit by Smartmatic Corp. Fox, Dobbs and other defendants called those claims meritless and have filed motions to dismiss the suits.

Dominion warned Lindell in several letters in December and January to stop making false accusations about the company, according to the lawsuit. Lindell allegedly continued to do so, including by sponsoring the “March For Trump” bus tour across the U.S. that advertised the Jan. 6 rally in Washington to protest the election results. That rally turned into a deadly riot at the Capitol. Twitter banished Lindell in late January after persistently tweeting that Trump was the real winner of the presidential election, while retailers including Kohl’s Corp. and Bed Bath & Beyond Inc. dropped MyPillow from their stores.

“Despite repeated warnings and efforts to share the facts with him, Mr. Lindell has continued to maliciously spread false claims about Dominion, each time giving empty assurances that he would come forward with overwhelming proof,” Dominion CEO John Poulos said in a statement. “These claims have caused irreparable harm to Dominion’s good reputation and threatened the safety of our employees and customers.”

Subscribe to our YouTube channel: https://bit.ly/2TwO8Gm

Bloomberg Quicktake brings you live global news and original shows spanning business, technology, politics and culture. Make sense of the stories changing your business and your world.

To watch complete coverage on Bloomberg Quicktake 24/7, visit http://www.bloomberg.com/qt/live, or watch on Apple TV, Roku, Samsung Smart TV, Fire TV and Android TV on the Bloomberg app.

Have a story to tell? Fill out this survey for a chance to have it featured on Bloomberg Quicktake: https://cor.us/surveys/27AF30

Connect with us on…
YouTube: https://www.youtube.com/user/Bloomberg
Breaking News on YouTube: https://www.youtube.com/c/BloombergQuickTakeNews
Twitter: https://twitter.com/quicktake
Facebook: https://www.facebook.com/quicktake
Instagram: https://www.instagram.com/quicktake",2021-02-22T19:21:44Z,49500,https://www.youtube.com/watch?v=UeRkdZz_Clk
oKyJas9DShE,Dominion Voting Systems,"Dominion Voting Systems Corporation is a company that sells electronic voting hardware and software, including voting machines and tabulators, in the U.S. and Canada. The company's international headquarters are in Toronto, Canada, and its U.S. headquarters are in Denver, Colorado. As of September 2019, Dominion voting machines are used in 2,000 jurisdictions in 33 U.S. states and Puerto Rico. The company also has over 100 municipal customers in Canada and clients in other countries. The company carries out in-house software development for its customers in the U.S., Canada and Serbia.",2020-11-08T09:36:06Z,2194,https://www.youtube.com/watch?v=oKyJas9DShE
HTc3LRLM8gU,Who is behind Dominion Voting Systems and Smartmatic?,"Ken discusses Dominion and Smartmatic with Bob Sellers and Heather Childers on NewsmaxTV on Tuesday, Nov. 17, 2020. Smartmatic Chairman was investment partner of George Soros...

Get the book here: https://amzn.to/2VBuKvF",2020-11-19T16:09:22Z,104438,https://www.youtube.com/watch?v=HTc3LRLM8gU
rJI_cwAt9y0,Dominion ICP Step 2 – Marking and Casting the Ballot,,2019-05-15T19:24:48Z,6885,https://www.youtube.com/watch?v=rJI_cwAt9y0
90O-q7dgS-I,Plot to Overturn the Election (full documentary) | FRONTLINE,"How did false claims of election fraud make their way to the center of American politics? FRONTLINE and ProPublica investigate the plot to overturn the 2020 U.S. presidential election.

This journalism is made possible by viewers like you. Support your local PBS station here: http://www.pbs.org/donate.

FRONTLINE and ProPublica uncover how a small group of people helped to create some of the core narratives of fraud that President Donald Trump and many others would go on to champion after the election — and how the legacy of their effort is impacting democracy and shaping elections to come.

“Plot to Overturn the Election” is a FRONTLINE production with Midnight Films, LLC in partnership with ProPublica. The correspondent is A.C. Thompson. The producer, writer and director is Samuel Black. The executive producer for FRONTLINE is Raney Aronson-Rath.

#2020Election #USPolitics #Documentary

Love FRONTLINE? Find us on the PBS Video App, where there are more than 300 FRONTLINE documentaries available to watch any time: https://to.pbs.org/FLVideoApp

Subscribe on YouTube: http://bit.ly/1BycsJW
Instagram: https://www.instagram.com/frontlinepbs
Twitter: https://twitter.com/frontlinepbs
Facebook: https://www.facebook.com/frontline

FRONTLINE is produced at GBH in Boston and is broadcast nationwide on PBS. Funding for FRONTLINE is provided through the support of PBS viewers and by the Corporation for Public Broadcasting. Additional support for FRONTLINE is provided by the Abrams Foundation, the John D. and Catherine T. MacArthur Foundation, the Park Foundation; and the FRONTLINE Journalism Fund with major support from Jon and Jo Ann Hagler on behalf of the Jon L. Hagler Foundation, and additional support from Koo and Patricia Yuen.",2022-03-30T02:00:03Z,1095056,https://www.youtube.com/watch?v=90O-q7dgS-I
zEWYhRYshK0,New Voting Machine Demonstration,A demonstration of the new voting system citizens of the state of Georgia will be using in the upcoming elections.,2019-11-02T01:23:55Z,20681,https://www.youtube.com/watch?v=zEWYhRYshK0
SJZItdQOR1s,Trump’s Lies Trickle Down To Local Elections,"“Like everything else,” says Mehdi, “Trump’s effort to cement victory is still happening.” Trump’s big election lie has trickled all the way down to local elections, infecting “the people responsible for carrying out *how* Americans vote.” Politico’s Kyle Cheney joins Mehdi to talk about the impact of these false claims and how they will be talked about in this week’s January 6th hearings.

» Subscribe to MSNBC: http://on.msnbc.com/SubscribeTomsnbc

About: MSNBC is the premier destination for in-depth analysis of daily headlines, insightful political commentary and informed perspectives. Reaching more than 95 million households worldwide, MSNBC offers a full schedule of live news coverage, political opinions and award-winning documentary programming -- 24 hours a day, 7 days a week.

Connect with MSNBC Online
Visit msnbc.com: http://on.msnbc.com/Readmsnbc
Subscribe to MSNBC Newsletter: MSNBC.com/NewslettersYouTube
Find MSNBC on Facebook: http://on.msnbc.com/Likemsnbc
Follow MSNBC on Twitter: http://on.msnbc.com/Followmsnbc
Follow MSNBC on Instagram: http://on.msnbc.com/Instamsnbc

Trump’s Lies Trickle Down To Local Elections",2022-06-21T01:15:03Z,128181,https://www.youtube.com/watch?v=SJZItdQOR1s
xQmfLDeghpI,An Election Security Disaster - Hybrid Voting Machines (Part 1: Dominion vs. The Experts),"A new type of hybrid voting machine with a security flaw so serious that election security experts say there is no way to mitigate the problem without changing the design of the machine, is being rapidly sold across the country; six swing states have already purchased these machines.

Part 1 of a 3-Part investigative series. Shot, produced and edited by Lulu Friesdat for SMART Elections.
http://smartelections.us/

© 2019 Shugahworks",2019-04-27T14:34:20Z,23955,https://www.youtube.com/watch?v=xQmfLDeghpI
yj6KpT23UnQ,DS200 Digital Scanner Voting Machine,Step-by-step on how to cast your ballot using our new voting system.,2015-12-14T20:56:26Z,7847,https://www.youtube.com/watch?v=yj6KpT23UnQ
ofZOWzd4YjE,Giuliani&#39;s witness draws audible laughter during testimony,"Matthew Travis, a former US election security official, evaluates the unfounded testimony of Melissa Carone, an IT contractor for Dominion Voting Systems, who spoke with Rudy Giuliani at a hearing in Michigan.
#CNN #News",2020-12-04T03:37:27Z,2464160,https://www.youtube.com/watch?v=ofZOWzd4YjE
cOVYUkLh8Qw,Georgia uses Dominion Voting Systems for every county. Where the hand count audit stands in N. GA,"To watch more videos about politics in the Southeastern U.S. & stories about UNITED STATES MILITARY VETERANS SUBSCRIBE to this channel HERE
https://www.youtube.com/channel/UCAZGv4hsOOceesmw0j6i9rg?sub_confirmation=1

Georgia uses Dominion Voting Systems for every county. Where the hand count audit stands in N. GA

**here is the latest county by county info in the five Georgia Counties in our viewing area.

**Reporting by NewsChannel 9's Bliss Zechmann

Murray - no differences between Biden and trump; no irregularities

Catoosa- one vote switched from Biden to Trump; otherwise no irregularities

Walker- no changes between Biden or trump; no irregularities other than a couple of ballots were invalid because the voter entered both names for president

Dade- no difference and no irregularities

Whitfield- no irregularities or problems; they weren’t certain if any votes switched in the audit

All the counties in our Georgia viewing area --- have now finished re-counting their ballots by hand cast in the Presidential election.

But others across the state are still racing against the clock to count them all.

Counties across the state have until Wednesday night to finish the re-count.

This comes as President Trump maintains his claims of voter fraud.

 We spoke to election officials in our area today...where audit efforts just wrapped up.

Bliss Zechman has the story on if they found any irregularities when going through those ballots by hand.

Each election official NewsChannel 9 spoke with on Monday say the results are very close to the same as they were on Election Day.

""I think the process worked the first time on Election Day and I think this audit will prove that. What people believe I guess is up to them,"" said Danielle Montgomery who is the Elections Director in Walker County.

The same sentiments were echoed in Catoosa County.

""Everything is seeming to match up to exactly what we expected it to match,"" said Rickey Kittle, the Chairman of the Catoosa County Election Board.

We checked in with election officials in with all five counties in our Northwest Georgia viewing area.

Each is expected finished tallying tens of thousands of ballots by hand by close of business Monday.

At last check, Walker County expected to finish theirs well before 5:00 p.m.

All others confirmed they were completely finished.

""We were really surprised at how fast it went,"" said Montgomery.
Despite widespread allegations of voter fraud from the top down, Montgomery and Kittle say Georgia's risk-limiting audit proves the system works.

""Our numbers match as far as how many ballots that were cast and how many ballots we counted,"" said Kittle.
During this process, anyone was welcome to watch, but very few took advantage of the opportunity.""

In Walker County, Montgomery says two people made the trip.

""I did think we'd have much more people interested in the process or whatever, but no,"" said Montgomery.

In Catoosa County, Kittle says there were three or four.

""You hear everybody who says, 'I don't trust the election,' but when you open it up for somebody they don't come see how the system works. They just have in their mind it doesn't work, so it doesn't matter,"" said Kittle.
In Catoosa County, election officials say they found one vote that switched from Biden to Trump during the audit.

They say that was likely just a matter of someone putting a ballot in the wrong stack.

Even with that in mind, they say it's unlikely this audit will change the outcome.

To be clear, what's happening in Georgia isn't a recount. It is a post-election audit.

If the margin is less than 0.5 percentage points, the trailing candidate could request a recount.

As it stands now, Trump could do that later on.",2020-11-17T01:40:38Z,3132,https://www.youtube.com/watch?v=cOVYUkLh8Qw
mQsNkt9yuKI,America&#39;s Voting Machines Are F**ked: The Daily Show,"Ronny Chieng examines how outdated technologies and overpriced voting machines threaten America's election process.

Watch full episodes of The Daily Show now: http://on.cc.com/1h5ThRg",2015-11-10T23:27:52Z,2032274,https://www.youtube.com/watch?v=mQsNkt9yuKI
q2VRcpP1I1s,Dominion Voting,This is how to vote on the ImageCast X.,2020-02-11T03:25:33Z,390,https://www.youtube.com/watch?v=q2VRcpP1I1s
BGdIHlqJAU8,Virtual Election Education Seminar Part 1: Primary Election,"“Watch our virtual election education seminar. Our subject matter experts will provide election information, discuss election security and how you can get involved in Maricopa County’s upcoming Primary Election.”

SUBSCRIBE ►http://www.youtube.com/c/MaricopaVote
SUBSCRIBASE ► http://www.youtube.com/c/MaricopaVote

🌵 For Maricopa County, Arizona Voters🌵
🌵 Para votantes del Condado Maricopa, Arizona🌵
***************************************

[Virtual Election Education Seminar Part 1: Primary Election]

Election Connection Episode 1 ► https://www.youtube.com/watch?v=_lr9FL2FkKA

Election Connection Episode 2 ► https://www.youtube.com/watch?v=U6GB1c0zWoQ&t=28s

Check-out Our New Website ► https://elections.maricopa.gov/

***************************************

01:00 Welcome to the Maricopa County Election Education Seminar!
01:32 Agenda
02:33 Primary Election Dates
04:19 How Do I Vote in Maricopa County?
06:57 How is Voting in Maricopa County Different?
07:34 Find a Vote Center Near Me
08:20 What Kind of Vote Center Equipment Does Maricopa County Use?
12:10 What Happens To My Ballot After I Vote?
13:05 Where Do I Find My Voter Information?
13:45 Meet Our Poll Workers!
14:45 Panel Introduction
15:02 Meet the Directors!
17:36 Why are elections important?
22:22 What you need to know about elections this year
28:02 How Can Maricopa County make elections better?
38:34 Panel answers viewer questions
01:00:14 Meet Our Poll Workers!
01:01:13 Meet Our Information Security Officer!
01:02:44 What does the Maricopa County Elections Department System look like?
01:03:38 How have we improved in-person voting?
01:04:19 How does the Dominion Election Management System work?
01:05:51 Are voting machines secure?
01:07:54 How does Maricopa County Elections Department ensure its tech is secure?
01:10:33 How We Prevent Hackers
01:12:21 Elections Command Center
01:14:14 Cyber Security Monitoring War Room
01:14:38 How to spot elections misinformation, disinformation, and malinformation (MDM)
01:17:32 Current MDM Threat Landscape
01:19:05 Fake Tweets
01:21:12 Final words on election security
01:23:43 Recap
01:24:00 About Voter Outreach
01:24:14 Our New Website
01:25:54 Save the Date! Our upcoming events
01:26:57 Get Involved at the Maricopa County Elections Department!

---------------------------------------------------------------------------------------------
Maricopa County, Arizona is the fastest growing county in the United States.
With more than 2.5 million registered voters, the Elections Department serves the second largest voting jurisdiction in the United States.
The Elections Department helps Maricopa County voters exercise their right to vote by teaching them how to be ballot ready.

El Condado Maricopa, Arizona es el condado de más rápido crecimiento en los Estados Unidos.
Con más de 2.5 millones de votantes registrados, el Departamento de Elecciones presta servicio a la segunda mayor jurisdicción de votación en los Estados Unidos.
El Departamento de Elecciones ayuda a los votantes del Condado Maricopa a ejercer su derecho al voto enseñándoles cómo estar listos para votar.

WELCOME to Maricopa County Elections:
https://www.youtube.com/watch?v=D34x9esCBm0

🤝 JOIN our team ►https://GetInvolved.Maricopa.Vote
🧠 LEARN about our organization ►https://www.Maricopa.Vote
👍 SUBSCRIBE ►http://www.youtube.com/c/MaricopaVote

---------------------------------------------------------------------------------------------
CONNECT with Maricopa County Elections:

📰 Maricopa.Vote  ► https://maricopa.vote
🧔 Facebook  ► https://www.facebook.com/MaricopaVote
🐦 Twitter  ► https://twitter.com/MaricopaVote
📹 YouTube  ► http://www.youtube.com/c/MaricopaVote
✉ E-mail  ► voterinfo@risc.maricopa.gov",2022-07-06T22:00:27Z,34,https://www.youtube.com/watch?v=BGdIHlqJAU8
dRjdkTcqizQ,Jurassic Park Dominion..... Voting System? Joe Biden Cameo?,#JurassicParkDominion #JoeBiden #Meme #Shorts,2022-04-29T15:22:38Z,120,https://www.youtube.com/watch?v=dRjdkTcqizQ
2pVwt3-RZxI,Dominion Voting Systems files $1.3B defamation suit against Rudy Giuliani,"Dominion Voting Systems on Monday filed a lawsuit against Rudy Giuliani alleging that the former New York City mayor spread numerous defamatory statements about the voting machine company while he helped lead former President Trump’s failed post-election legal campaign.

READ MORE: http://hill.cm/RIGLB1i",2021-01-25T16:15:03Z,26212,https://www.youtube.com/watch?v=2pVwt3-RZxI
hNFueUCOQDc,Mobile Dominion Voting Systems and WiFi,"Mobile Voting Vehicles and Dominion Voting Systems and
WiFi connection",2020-12-04T02:28:07Z,149,https://www.youtube.com/watch?v=hNFueUCOQDc
HAl2JJjbu0c,January 6th Committee Holds Public Hearing On 2021 Capitol Attack | Day Two,"The second public hearing held by the House committee investigating the Jan. 6 riot will have witness testimony and video footage surrounding last year's attack on the Capitol. Get the latest updates from The NBC News live blog here: https://www.nbcnews.com/politics/congress/live-blog/january-6-hearings-day-two-live-updates-rcna32975.

» Subscribe to NBC News: http://nbcnews.to/SubscribeToNBC
» Watch more NBC video: http://bit.ly/MoreNBCNews

NBC News Digital is a collection of innovative and powerful news brands that deliver compelling, diverse and engaging news stories. NBC News Digital features NBCNews.com, MSNBC.com, TODAY.com, Nightly News, Meet the Press, Dateline, and the existing apps and digital extensions of these respective properties.  We deliver the best in breaking news, live video coverage, original journalism and segments from your favorite NBC News Shows.

Connect with NBC News Online!
NBC News App: https://apps.nbcnews.com/mobile
Breaking News Alerts: https://link.nbcnews.com/join/5cj/breaking-news-signup?cid=sm_npd_nn_yt_bn-clip_190621
Visit NBCNews.Com: http://nbcnews.to/ReadNBC
Find NBC News on Facebook: http://nbcnews.to/LikeNBC
Follow NBC News on Twitter: http://nbcnews.to/FollowNBC
Follow NBC News on Instagram: http://nbcnews.to/InstaNBC

LIVE: Jan. 6 Committee Holds Public Hearing On 2021 Capitol Attack | NBC News",2022-06-13T17:14:39Z,1822214,https://www.youtube.com/watch?v=HAl2JJjbu0c
jblC2Ooog2U,WATCH LIVE: Jan. 6 Committee hearings - Day 2,"Warning: This hearing includes graphic language.

The House panel investigating the Jan. 6 insurrection presents more of its findings to the public on Monday, June 13. The hearing, the second of several planned by the Jan. 6 committee in the coming weeks, will focus on former President Donald Trump's level of involvement leading up to and on the day of the attack on the Capitol.

Stream your PBS favorites with the PBS app: https://to.pbs.org/2Jb8twG
Find more from PBS NewsHour at https://www.pbs.org/newshour
Subscribe to our YouTube channel: https://bit.ly/2HfsCD6

Follow us:
TikTok: https://www.tiktok.com/@pbsnews
Twitter: http://www.twitter.com/newshour
Instagram: http://www.instagram.com/newshour
Facebook: http://www.pbs.org/newshour

Subscribe:
PBS NewsHour podcasts: https://www.pbs.org/newshour/podcasts
Newsletters: https://www.pbs.org/newshour/subscribe",2022-06-13T17:13:01Z,3426285,https://www.youtube.com/watch?v=jblC2Ooog2U
rscduTc3oys,"Dominion Voting Systems filed a defamation lawsuit against lawyer Sidney Powell on Friday, seeking a","Dominion Voting Systems filed a defamation lawsuit against lawyer Sidney Powell on Friday, seeking at least $1.3 billion US for Powell's ""wild accusations"" that the company rigged the presidential election for Joe Biden.
Please Subscribe: https://www.youtube.com/channel/UC5uItZ5InfVuqRegsoir_dQ?sub_confirmation=1
Source: https://www.cbc.ca/news/world/dominion-voting-systems-defamation-lawsuit-sidney-powell-1.5866815
#DominionVotingSystems, #filed, #defamation, #lawsuit, #against, #lawyer, #SidneyPowell, #Friday, #seeking, #least, #1",2021-01-09T12:41:25Z,57,https://www.youtube.com/watch?v=rscduTc3oys
4g0TYwgfQOc,REPORT: Dominion Voting Systems Didn’t Cause Voter Fraud In Michigan Or Georgia,"The Dominion voting voting machines did not cause voting inaccuracies in Michigan and Georgia on Election Day, despite claims from President Donald Trump and others in his campaign, the New York Times reported Thursday.  Trump suggested as recently as Thursday morning that the company “attempted to alter our election and got caught,” but an NYT county-by-county investigation found that the issues were caused by human error or merely caused a delay in reporting numbers, not a change in vote counts. The vast majority of counties in Michigan and Georgia that experienced issues on Election Day did not use Dominion voting systems.  “In the two Michigan counties that had mistakes, the inaccuracies were because of human errors, not software problems, according to the Michigan Department of State, county officials and election-security experts. Only one of the two Michigan counties used Dominion software,” NYT wrote.  “Issues in three Georgia counties had other explanations. In one county, an apparent problem with Dominion software delayed officials’ reporting of the vote tallies, but did not affect the actual vote count. In two other counties, a separate company’s software slowed poll workers’ ability to check-in voters,” the report added.     Trump highlighted Thursday an unsubstantiated report from One America News Network (OANN) claiming Dominion had deleted 2.7 million Trump votes.   Tina Barton, the Republican city clerk of Rochester Hills, MI, which is in one of the affected counties, tweeted out a video criticizing GOP Chairwoman Ronna McDaniel for making insinuations about the county’s vote tally.     The accusations against Dominion are just one of the many avenues Trump and his campaign are using to challenge President-elect Joe Biden’s wide lead in the presidential election. The Associated Press, Fox News and numerous other outlets have called the race for Biden. Georgia and potentially other states are subject to a recount, and Trump has legal challenges pending in Arizona, Pennsylvania and Michigan. The campaign’s lawsuits have been thrown out in Georgia and Nevada.",2020-11-14T21:49:57Z,408,https://www.youtube.com/watch?v=4g0TYwgfQOc
J8AHHbiic98,Dominion Voting Sues MyPillow CEO Mike Lindell For Defamation Over Election Conspiracy | Forbes,"Dominion Voting Systems filed a lawsuit Monday against MyPillow and its CEO Mike Lindell for defamation after the Trump ally spread baseless claims about the company’s voting machines, the latest in a string of high-dollar lawsuits Dominion has waged against right-wing figures who spread conspiracy theories about election fraud.

Subscribe to FORBES: https://www.youtube.com/c/ForbesUnder30?sub_confirmation=1

Stay Connected
Forbes on Facebook: http://fb.com/forbes
Forbes Video on Twitter: http://www.twitter.com/forbes
Forbes Video on Instagram: http://instagram.com/forbes
More From Forbes:  http://forbes.com",2021-02-23T01:00:03Z,9638,https://www.youtube.com/watch?v=J8AHHbiic98
MF62gzBoQuQ,Dominion Voting System vs. Mike Lindell,,2021-02-23T14:59:46Z,21719,https://www.youtube.com/watch?v=MF62gzBoQuQ
_QoThsSmMJA,"Nov 18, 2020: Dominion Voting Systems Used in Ontario","Belinda asks the Ontario government whether the concerns surrounding Dominion voting systems (used in the 2018 Ontario provincial election) have been alleviated, and whether using machines that ""glitch"" instead of counting by hand is really worth the cost.

Follow Belinda on
Facebook: https://www.facebook.com/KarahaliosNewBlue
Twitter: https://twitter.com/BKarahalios
Instagram: https://www.instagram.com/belinda_karahalios/
SoundCloud: https://soundcloud.com/belindakarahalios

A donation to the New Blue Party of Ontario will help us keep building and provide you with a generous tax credit. Visit our website to donate or sign up for updates! https://www.newblueontario.com",2020-11-19T16:02:52Z,1557,https://www.youtube.com/watch?v=_QoThsSmMJA
Zgs3-_sXPsg,Dominion Voting Machine Demonstration &amp; Tutorial,"Misty Martin ""votes"" as the election supervisor for Coffee County, Georgia. She is demonstrating the election supervisor's job during an election.

Dominion Voting Machine Software Demonstration and Tutorial

After the November 2020 election, Misty explains how the Dominion Voting Systems software works when a ballot is needing adjudication, or alternately, it is desired that it be changed for some other purpose.

The persons who scan, adjudicate, and administrate ballots can change the election results.

They are the ones who ensure that every ballot counts.
These parties can either operate in support of a fair election, or alternately, they can easily be source of disenfranchisement.

It seems to be unlikely that observers of this type of system would be able to help ensure that all ballots are counted unless every step is watched in real-time.

Misty shows off Imagecast Central (the scanner software) that she calls the ICC System.
EMS Tally and Reporting is the other software on the screen on the left. (She calls this the RTR System)
DEMOCRACY SUITE® Election Management System (EMS) is the primary software used.
Videos taken 11/12/2020 around 1:00 pm.

Timestamps:
-------------
00:00:00 Pre-roll
00:00:23 Misty Martin ""votes"" as the election supervisor for Coffee County, Georgia.
00:04:26 Voting like a ""pro"" – Vote early and vote often!
00:07:18 Counting your vote, as many times as you want
-------------

Music soundtrack:
––––––––––––––––––––––––––––––
Show Me The Way by Vendredi https://soundcloud.com/vendrediduo
Creative Commons — Attribution 3.0 Unported  — CC BY 3.0
Free Download / Stream: http://bit.ly/2CEYbCb
Music promoted by Audio Library https://youtu.be/ZcAiMZtYrv8
––––––––––––––––––––––––––––––


Source videos:
https://www.youtube.com/watch?v=46CAKyyObls
https://www.youtube.com/watch?v=ijjwS6h-PyU",2020-12-17T00:48:22Z,2576,https://www.youtube.com/watch?v=Zgs3-_sXPsg
mfb0D3P9org,The Georgia Voting Machine,"GEORGIA VOTING MACHINE. A reboot of the 2004 original 'FLORIDA VOTING MACHINE' from Boom Chicago Theater, Amsterdam. Dedicated to all the voters who stood in line for hours on end, just to participate in democracy. Stand strong! And if you haven't voted yet, VOTE!

Animation: Jamie Wright, Lekker Media
Voice: Greg Shapiro
Based on the 'Florida Voting Machine video,' which went viral in 2004 - before there was YouTube.
Created by: Greg Shapiro, Jamie Wright, Pep Rosenfeld, Andrew Moskos

See more live at our comedy show Lock Him Up at Boom Chicago Amsterdam. We can’t change the result, but we can make it funnier!

Final shows: https://boomchicago.nl/lock-him-up/",2020-11-02T08:36:20Z,2278,https://www.youtube.com/watch?v=mfb0D3P9org
Si7dntPP3S4,"Trump now finds fault with Dominion Voting Systems, after losing election","Incumbent American President Donald Trump and campaign surrogates have claimed, without evidence, that widespread voter fraud occurred in the key battleground states that gave President-elect Joe Biden edge over the Trump.
The latest claim, that Dominion Voting Systems, a voting software company used in 28 states, deleted and switched votes intended for  Trump, also does not hold water.

""There is no evidence that any voting system deleted or lost votes, changed votes, or was in any way compromised,"" said a statement posted Thursday by the federal Cybersecurity & Infrastructure Security Agency (CISA). The joint statement, from the Election Infrastructure Government Coordinating Council and the Election Infrastructure Sector Coordinating Executive Committees, called the 2020 election ""the most secure in American history.""

Nevertheless, Donald Trump on Thursday tweeted an unauthenticated  story from the pro-Trump One America News Network that Dominion ""deleted 2.7 million Trump votes nationwide. 2,21,000 votes in Pennsylvania were converted into Biden’s votes. 9,41,000 votes for Trump here were deleted. Also 4,35,000 votes of Trump were switched to Biden.",2020-11-13T13:06:15Z,1738,https://www.youtube.com/watch?v=Si7dntPP3S4
Q88so45WKjk,Dominion Voting Systems! When you screwed up and need s scapegoat,"Each episode we like to thank the fake sponsors that make or podcast possible. This weeks episode was brought to you by Dominion voting systems, the premiere voting system if you royally f'd something up and need a scapegoat.

Subscribe and follow us on
Instragram: @Degeneratesclubhouse
Twitter: @DegeneratesCH",2021-01-08T20:57:53Z,12,https://www.youtube.com/watch?v=Q88so45WKjk
ZfenoKfibJE,Watch: Full Jan. 6 Committee Hearing - Day 4,"Watch MSNBC coverage of the fourth public January 6th House committee hearing investigating the Capitol riot.
» Subscribe to MSNBC: http://on.msnbc.com/SubscribeTomsnbc

About: MSNBC is the premier destination for in-depth analysis of daily headlines, insightful political commentary and informed perspectives. Reaching more than 95 million households worldwide, MSNBC offers a full schedule of live news coverage, political opinions and award-winning documentary programming -- 24 hours a day, 7 days a week.

Connect with MSNBC Online
Visit msnbc.com: http://on.msnbc.com/Readmsnbc
Subscribe to MSNBC Newsletter: MSNBC.com/NewslettersYouTube
Find MSNBC on Facebook: http://on.msnbc.com/Likemsnbc
Follow MSNBC on Twitter: http://on.msnbc.com/Followmsnbc
Follow MSNBC on Instagram: http://on.msnbc.com/Instamsnbc

#january6 #msnbc #FullHearing",2022-07-02T00:05:06Z,1041773,https://www.youtube.com/watch?v=ZfenoKfibJE
GLgUG8lPHzE,Watch: Full Jan. 6 Committee Hearing - Day 2,"Watch MSNBC coverage of the second public January 6th House committee hearing investigating the Capitol riot.

» Subscribe to MSNBC: http://on.msnbc.com/SubscribeTomsnbc

About: MSNBC is the premier destination for in-depth analysis of daily headlines, insightful political commentary and informed perspectives. Reaching more than 95 million households worldwide, MSNBC offers a full schedule of live news coverage, political opinions and award-winning documentary programming -- 24 hours a day, 7 days a week.

Connect with MSNBC Online
Visit msnbc.com: http://on.msnbc.com/Readmsnbc
Subscribe to MSNBC Newsletter: MSNBC.com/NewslettersYouTube
Find MSNBC on Facebook: http://on.msnbc.com/Likemsnbc
Follow MSNBC on Twitter: http://on.msnbc.com/Followmsnbc
Follow MSNBC on Instagram: http://on.msnbc.com/Instamsnbc

#january6 #msnbc #FullHearing",2022-07-01T22:13:51Z,371661,https://www.youtube.com/watch?v=GLgUG8lPHzE
t244U1TqPwE,Fox vs Dominion | The Hill Reports on Defamation Lawsuit (H&amp;H | 7-6-22),"We're back!  And what better way to return than with a new look, a new time, and new headlines?

Can Fox be successfully sued by voting systems companies for their commentary on the 2020 election?  Will this video be demonetized for even talking about the issue?  So many questions!

Let's discuss.

#headlines #foxnews #dominion

***
CHAPTERS
00:00 Good Morning! (Hang-Outs)
14:19 Fox vs Dominion (Headlines)
 39:50 Hang-Outs!

***
Welcome to Hang-Outs and Headlines!  The media suggests and shapes our understanding of the news items that fill our days (and our social media timelines) - sometimes fairly and sometimes quite unfairly.

Here Hoeg (and often friends) dive deep into just what's happening in the story behind the stories, with a whole lot of hanging-out, chatting, and wild tangents as well.

***
THE HEADLINES (will be revised following episode):

https://thehill.com/homenews/media/3547447-fox-news-hires-new-legal-counsel-in-defamation-case-with-dominion/

https://thehill.com/media/3532580-judge-dismisses-latest-bid-from-fox-corp-to-toss-dominion-lawsuit/

https://courts.delaware.gov/Opinions/Download.aspx?id=334260

***
WANT TO SUPPORT THE CHANNEL?
UTREON - https://utreon.com/c/hoeglaw/
PATREON - https://www.patreon.com/VirtualLegality
STORE - https://teespring.com/stores/hoeg-law-store

YOUTUBE MEMBERSHIP
https://www.youtube.com/channel/UCi5RTzzeCFurWTPLm8usDkQ/join

BITCAST (Sundays 11AM Eastern) - https://www.youtube.com/channel/UCgHBXONMT06nX_8RZ5r32UA

***
SOME PREVIOUS GUESTS
@Nate The Lawyer
@LegalBytes
Law and Lumber (https://www.youtube.com/c/lawlumber/)
@Law Talk With Mike
@Runkle Of The Bailey
@Emily D. Baker
@Uncivil Law
@natalielawyerchick

***
For other shows on this channel:

""Virtual Legality"" is a continuing series discussing the law, video games, software, and everything digital, hosted by Richard Hoeg, of the Hoeg Law Business Law Firm (Hoeg Law).

CHECK OUT THE REST OF VIRTUAL LEGALITY HERE:
https://www.youtube.com/playlist?list=PL1zDCgJzZUy9YAU61GoW-00K0TJOGnPCo

***
ALL DISCUSSION IS PROVIDED FOR INFORMATIONAL PURPOSES ONLY AND IS NOT TO BE CONSTRUED AS LEGAL ADVICE.  INDIVIDUALS INTERESTED IN THE LEGAL TOPICS DISCUSSED IN THIS VIDEO SHOULD CONSULT WITH THEIR OWN COUNSEL.

***
Twitter: @hoeglaw
Web: hoeglaw.com

***
DESIGN WORK
Joe Ellis (Logo Design)
Chris Leroux (Logo Design, Thumbnails, and Motion Graphics)
For more information contact Chris at @Chrisleroux on Twitter",2022-07-07T12:24:30Z,5288,https://www.youtube.com/watch?v=t244U1TqPwE
8ZxQ5GThciI,GA uses Dominion Voting state-wide. Hand count audit in 5 counites near TN show very little change.,"To watch more videos about politics in the Southeastern U.S. & stories about UNITED STATES MILITARY VETERANS SUBSCRIBE to this channel HERE
https://www.youtube.com/channel/UCAZGv4hsOOceesmw0j6i9rg?sub_confirmation=1

**About 2600 uncounted ballots were found in Floyd Count. The change adds about 800 votes to the margin in the President’s favor.

MORE ON THAT HERE: https://newschannel9.com/news/nation-world/georgias-presidential-race-recount-finds-some-ballots-werent-tallied-officials-say

All of the Georgia counties in our viewing area have finished with the audit for the presidential election.

All counties across the state have two more days to finish.

President Trump has been very critical of Dominion Voting Systems.

This has made headlines over the last few days.

And to be clear there has been no evidence presented to back up his claims involving Dominion.

Every county in Georgia uses Dominion. It's state-wide.

That is the machine system they used during the election, but in this audit the ballots are counted by hand no machines

We talked to election officials about how this audit is going they say Georgia's audit shows the machines the system worked well during the election.

We talked to officials in the 5 counties in our North Georgia Viewing area.

In Catoosa County election officials say they found one vote that switched from Joe Biden to Donald Trump.

In Dade and Murray Counties they found nothing irregular and the votes for Biden and President Trump stayed the same as before.

In Walker County a couple of ballots were ruled invalid because the voter entered both names for president

In Whitfield County they told us there were no problems, but they were not certain if any votes switched in the audit.

To be clear this is not a re-count. This is a post-election audit.",2020-11-17T05:02:09Z,623,https://www.youtube.com/watch?v=8ZxQ5GThciI
IZotfTLCins,Dr. Jim Sneeringer Shares Why the Dominion Voting System Failed to Meet Texas Election Standards,"Dr. Jim Sneeringer, expert in electronic data communication systems, Co-Founder of iVoterGuide, and a member of iVoterGuide’s Board of Directors, shares with Tony Perkins why the Dominion voting system failed to meet Texas election standards.

For more Washington Watch with Tony Perkins, visit www.tonyperkins.com.",2020-11-19T18:44:58Z,280,https://www.youtube.com/watch?v=IZotfTLCins
41P0xr22SXQ,PBS Tested Dominion Voting Systems in Georgia 1 Week Before Election,Tons of problems found by PBS 1 week before election in Georgia. -- Follow us @ http://www.survivethenews.com,2020-11-21T03:26:57Z,328,https://www.youtube.com/watch?v=41P0xr22SXQ
SC9TvDX6R08,"✅  In the lawsuit, Dominion Voting Systems product security director Eric Coomer said the defendants","💖 Please Subscribe: https://www.youtube.com/channel/UCP9xWB8GHxofRqzMlmUUKpw?sub_confirmation=1
✍  Eric Coomer, director of product strategy and security for Dominion Voting Systems, filed a defamation lawsuit against President Donald Trump's re-election campaign, Trump's personal lawyer Rudy Giuliani, attorney Sidney Powell and others on Tuesday. Voting machines provided by Dominion became the center of controversy after Trump and others claimed that the equipment was a factor in widespread voting fraud. Some connected to the Trump camp claimed that Dominion machines were capable of running software that flipped votes from Trump to President-elect Joe Biden. Dominion has previously denied the allegations. Trump's lawyers have yet to provide any tangible evidence for their claims. Coomer said that the theories about Dominion machines have caused him to receive death threats. ""The widespread dissemination of false conspiracy theories about the 2020 presidential election has had devastating consequences both for me personally and for many of the thousands of American election workers ...
💖 #US, #donaldtrump, #dominionvotingsystems, #sidneypowell, #rudygiuliani, #lawsuit, #votingfraud, #election",2020-12-23T12:08:34Z,186,https://www.youtube.com/watch?v=SC9TvDX6R08
zAcR6qoNO9o,146. Change the Narrative - Reply to a Dominion Voting Comment,,2021-04-19T18:02:31Z,143,https://www.youtube.com/watch?v=zAcR6qoNO9o
s7scSfpwnqw,🔴 LIVE: Dominion Voting CEO Testimony at Michigan Legislature Hearing,"December 15, 2020: Watch LIVE as John Poulos, the CEO of Dominion Voting Systems, testifies before a Michigan State Legislature hearing.

Join this channel to get access to perks:
https://www.youtube.com/channel/UCHqC-yWZ1kri4YzwRSt6RGQ/join

🔴  Subscribe to RSBN for more LIVE streams and Breaking NEWS: http://bit.ly/2gDGbkh

🔴  Donate to RSBN and help keep us on the air: http://rsbn.tv/donate

🔴  Follow us on Twitter for breaking news updates: http://twitter.com/RSBNetwork

🔴  Like us on Facebook for more live streams and updates: http://facebook.com/rightsidebroadcasting",2020-12-15T21:16:02Z,263483,https://www.youtube.com/watch?v=s7scSfpwnqw
y62k3eFoMZc,"Antrim County officials are blaming the election software system, the &#39;Dominion Voting System,&#39; for","A Michigan county has flipped from a win for Democrat Joe Biden to one for President Donald Trump after the discovery of a software glitch and a manual recount.  “Officials with Antrim County posted updated results showing President Trump won the county with 9,783 votes making up 56.46% of ballots cast. Joe Biden earned 7,289 votes or 42.07%,” WLNS-TV reported.  Results in Antrim County published on Wednesday morning showed Biden winning by slightly more than 3,000 votes, with 98 percent of precincts reporting, according to the Detroit Free Press.   Trump carried the northwestern Michigan county over Hillary Clinton by approximately 4,000 votes in 2016.  Antrim County officials blamed the election software system, explaining that totals counted did not match tabulator tapes.    The “Dominion Voting System” used in the county is also used in 64 others across the Wolverine State, WLNS-TV reported.  However, a spokesperson for Michigan Secretary of State Jocelyn Benson told the outlet “t ...",2020-11-09T04:51:31Z,375,https://www.youtube.com/watch?v=y62k3eFoMZc
augKOxUZWE8,Is Dominion Voting Systems a State Actor?,"Are elections a state function?

(share your own rhetorical questions in the comments below)",2021-04-01T05:31:26Z,351,https://www.youtube.com/watch?v=augKOxUZWE8
8hKXl7KD2m0,Sidney Powell countersues Dominion Voting Systems after failing to get its lawsuit against her tosse,"Sidney Powell countersues Dominion Voting Systems after failing to get its lawsuit against her tossed in court
-------------------------------------------
Please SUBSCRIBE my YOUTUBE chanel",2021-09-26T00:59:02Z,142,https://www.youtube.com/watch?v=8hKXl7KD2m0
ZegSmm9Jkmo,"Georgia court issues, then reverses order to prevent Dominion voting machines being ‘wiped’","| World News Today
Welcome to World News Channel. Please Subscribe and click the Bell button to get the newest news on this channel.
eorgia court issues, then reverses order to prevent Dominion voting machines being ‘wiped’
A Georgia court briefly granted an order to prevent voting machines being wiped on Sunday, before reversing course.
A lawyer fighting to overturn Georgia’s election results touted a short-lived victory on Sunday, with a federal judge briefly granting, then reversing, an order seeking to prevent voting machines being wiped.

L. Lin Wood is suing Georgia Governor Brian Kemp, Secretary of State Brad Raffensperger and several members of the state election board in an attempt to de-certify the election results and have Donald Trump declared the winner.
* Email: backsun95@gmail.com
#WorldNews #NewsToday #News",2020-11-30T03:15:05Z,2582,https://www.youtube.com/watch?v=ZegSmm9Jkmo
saWPdEDa_R8,Dominion Voting wins key decision in lawsuit against Fox News - #DominionVoting #winskey #decisionla,"Dominion Voting wins key decision in lawsuit against Fox News

A judge in Delaware has found that Fox News' coverage of election fraud after the 2020 election may have been inaccurate, and is allowing a major defamation case against the right-wing TV network to move forward.#DominionVoting #winskey #decisionlawsuit #FoxNews (CNN Business) A judge in Delaware has found that Fox News' coverage of election fraud after the 2020 election may have been inaccurate, and is allowing a major defamation case against the right-wing TV network to move forward.

Judge Eric Davis of the Delaware Superior Court declined to dismiss Dominion Voting System's lawsuit against Fox News in a significant ruling Thursday.

The ruling will now allow Dominion to attempt to unearth extensive communications within Fox News as they gather evidence for the case, and the company may be able to interview the network's top names under oath.

At this stage, the court must assume Dominion's claims about Fox News are true.

Still, Davis called out, in the 52-page opinion, that Fox News may have slanted its coverage to push election fraud, knowing the accusations were wrong.

Read More",2021-12-17T12:01:38Z,71,https://www.youtube.com/watch?v=saWPdEDa_R8
UhRBX9oYz1A,Dominion Voting Systems Reportedly Sends Letter To Sidney Powell Demanding She Retract ‘False Accusa,"Dominion Voting Systems reportedly sent a harshly worded letter Wednesday evening to Sidney Powell, demanding she retract the “wild, knowingly baseless and false accusations” about alleged voter fraud involving Dominion’s machines.  “While you are entitled to your own opinions, Ms. Powell,” the letter reads, “you are not entitled to your own facts,” before stating that Powell’s claims were “predicated on lies” and had “endangered Dominion’s business and the lives of its employees.”  A November 19, 2020 photo shows Sidney Powell speaking during a press conference at the Republican National Committee headquarters in Washington, DC. –  President Donald Trump’s personal lawyer Rudy Giuliani and campaign lawyer Jenna Ellis reportedly said that Powell is not a member of the Trump legal team. (Photo by MANDEL NGAN/AFP via Getty Images)  The  itself from Powell following a November press conference at the Republican National Convention, where she claimed that Dominion had colluded with Hugo Chavez and Venezuelan communists to rig the election, which, according to , Dominion denied in its letter.  The company added that it also does not have any ties to “Big Foot” or the “Loch Ness Monster.” Dominion’s letter further noted that Powell’s pubic claims were not included in any of the election lawsuits Powell filed, all of which had been dismissed by federal judges.    Powell has more recently focused her attention on the Georgia Senate runoff elections, partnering with lawyer Lin Wood to urge Georgia residents not to vote Republican unless Georgia Gov. Brian Kemp and Secretary of State Brad Raffensperger overturn the results of the 2020 general election.   A number of top national Republicans, and , have harshly criticized Powell and Wood’s rhetoric.  Powell did not return the Daily Caller’s inquiries by press time.",2020-12-18T02:28:25Z,239,https://www.youtube.com/watch?v=UhRBX9oYz1A
x0ARaJQQbas,A Closer Look At The Dominion Voting System Shows How The Machines Can Actually Change Your Vote,"Dr. Andrew Appel demonstrates how easy it is to hack and change votes within the Dominion ImageCast Evolution (also called Dominion ICE) is an “all-in-one” voting machine that combines in the same paper path an optical scanner (for hand-marked bubble ballots) with a printer (for machine-marked ballots via a touchscreen or audio interface).

Dr. Appel explained that why this is such a bad idea that it should be considered a design flaw: if a hacker were able to install fraudulent software into the ICE, that software could print additional votes onto a voter’s ballot after the last time the voter sees the ballot. Appel gives an example of what the hacker’s vote-stealing software could do: In any race where the voter undervotes (does not mark a choice), the hacked software could print a vote into the bubble for the candidate that the hacker wants to win.",2020-11-15T13:21:13Z,895,https://www.youtube.com/watch?v=x0ARaJQQbas
P5vwrzaQOUQ,Watch: Full Jan. 6 Committee Hearing - Day 5,"Watch MSNBC coverage of the fifth public January 6th House committee hearing investigating the Capitol riot.

» Subscribe to MSNBC: http://on.msnbc.com/SubscribeTomsnbc

About: MSNBC is the premier destination for in-depth analysis of daily headlines, insightful political commentary and informed perspectives. Reaching more than 95 million households worldwide, MSNBC offers a full schedule of live news coverage, political opinions and award-winning documentary programming -- 24 hours a day, 7 days a week.

Connect with MSNBC Online
Visit msnbc.com: http://on.msnbc.com/Readmsnbc
Subscribe to MSNBC Newsletter: MSNBC.com/NewslettersYouTube
Find MSNBC on Facebook: http://on.msnbc.com/Likemsnbc
Follow MSNBC on Twitter: http://on.msnbc.com/Followmsnbc
Follow MSNBC on Instagram: http://on.msnbc.com/Instamsnbc

#january6 #msnbc #FullHearing",2022-07-02T00:18:10Z,672477,https://www.youtube.com/watch?v=P5vwrzaQOUQ
TffQa4KGeuo,"Rip-Off Of The Week (2020), Ep. 24: Dominion Voting Systems Reaps Millions","Just how much does it ""cost"" to run a modern election? Tune in for our deep dive into the Dominion Voting Systems.

Learn more - read our investigation published at Forbes: https://bit.ly/DominionVotingSystems

Thank you for watching! Please like, comment, share & SUBSCRIBE for more great content.

OpenTheBooks.com",2020-12-11T16:53:03Z,470,https://www.youtube.com/watch?v=TffQa4KGeuo
moDwlGWjGe8,President and CEO of Dominion Voting Systems John Poulos,Voter fraud???,2020-11-15T09:16:12Z,448,https://www.youtube.com/watch?v=moDwlGWjGe8
igWKPlD5MiI,Dominion Voting Systems Execs Lawyer Up And Do A No Show At Pennsylvania Hearing,"Rep. Seth Grove discusses the cancellation of the House State Government Committee hearing with Dominion Voting Systems who lawyered up and did a no-show at the hearing.

FAIR USE STATEMENT

This video may contain copyrighted material the use of which has not been specifically authorized by the copyright owner. This material is being made available within this transformative or derivative work for the purpose of education, commentary and criticism, and is believed to be ""fair use"" in accordance with Title 17 U.S.C. Section 107.",2020-11-20T23:50:35Z,550,https://www.youtube.com/watch?v=igWKPlD5MiI
40o4ONuR3mA,DOMINION VOTING SYSTEMS,#trump2020 #trump #maga #trumptrain #republicans #conservative #vote #voterfraud #stopthesteal #KeepTheFaith2020 #dominion #smartmatic #dominionvoting,2020-11-20T00:04:26Z,100,https://www.youtube.com/watch?v=40o4ONuR3mA
N2b5Vh3KF4A,Fact Check: Dominion Voting Systems Did NOT Delete 2.7 Million Trump Votes,"Read full story here: https://hoax-alert.leadstories.com/2020/11/fact-check-dominion-voting-systems-did-not-delete-2.7million-trump-votes.html

FACT CHECK: DOMINION VOTING SYSTEMS DID NOT DELETE 2.7 MILLION TRUMP VOTES

Does data analysis show that an election software supplier deleted 2.7 million Trump votes and switched 435,000 votes from Donald Trump to Joe Biden? No, that's not true. The states using Dominion Voting Systems software have reported that minor hiccups in the vote-tallying process were the result of user errors, were corrected by the bipartisan ""canvassing"" system and would not have changed the outcome in any state. The ""data analysis"" referred to is a string of internet posts for which no one accepts responsibility and the election data firm whose data an anonymous poster claims to have stolen dismisses the claim as a likely fabrication.",2020-11-12T23:16:40Z,287,https://www.youtube.com/watch?v=N2b5Vh3KF4A
mizD483gFxw,"Dominion Voting, 11-22-2020, GAP GodAndPeople, James Land","Dominion Voting System has been the accused of the controversy in the 2020 presidential election.
A lot of thought is usually given to naming something you have created.  So I looked up the word Dominion [Webster's] (1) sovereignty or rule, (2) the supreme authority.
Later that day I decided to read the whole book of Daniel in the Bible, in one sitting.
I hit the brakes when I came to the seventh chapter, because that word  Dominion was repeated several times and stood out to me.
Although this passage is speaking of the ""end times"" as it relates to book Revelation, Daniel 7:25-27 have several points that seem to mirror our times.
1. The beast spoke pompous words against the Most High, words as if he were God Almighty.
2. The beast persecuted the saints, God's people, just as today Christians are viewed equal to, if not worse than, murderous terrorists.
3. The beast intent is to change times and law (times speaks of Holy Feasts or Celebrations of and to God (Thanksgiving, Christmas, Easter etc.???)
BUT THE COURT OF THE MOST HIGH SHALL BE SEATED (bring justice)
A. The Court shall take away the beast's Dominion, to consume it (gradually) and destroy it (suddenly).
B. The Court shall then give the kingdom & Dominion & greatness of the kingdoms over to the people of God, believers of the Most High God.
How dare anyone or anything declare Dominion, for it belongs only to the Most High God and who He desires to share it with.
Daniel 2:21; It is God who changes times and seasons.  It is God who removes and raises up rulers.
Christ's rule is far above all rule & authority & power & Dominion & every name that is named (Ephesians 1:19-21) because (Philippians 2:9) God gave Jesus the Name which is above every name!
This message today is an encouragement to me that God is about to take back Dominion (voting systems or any other usurped authority) and place it into the hands of his people....his church.
1 Timothy 2:1 & 2; We are to pray & intercede for...ALL men and our rulers and ALL those who are in authority.
DECLARE THIS
*God shut the mouths of the blasphemers
**Rescue the believers, children of the Most High
***Restore once again the times (Your holy days & Your glory)
****Reestablish Your Law to rule USA...Your morality not society's morals.
*****Change the Dominion now!",2020-11-24T07:49:44Z,30,https://www.youtube.com/watch?v=mizD483gFxw
JaxisLq4krg,6/27/2018 Voting Machine Demo- Dominion Voting,"The 5th of 5 presentations by voting machine manufacturers to the Lebanon County Election Board.  Governor Wolf has mandated that all Pennsylvania Counties must implement a ""Voter-verifiable paper trail"" by Primary Election 2020. The Election Board is in the process of investigating the capabilities and features of machines available on the market. Also in attendance are the Voter Registration/Election staff, representatives of the Republican and Democratic County Committees, and several elected Judges of Election.",2018-07-05T12:36:32Z,1017,https://www.youtube.com/watch?v=JaxisLq4krg
pT_bX9rkqvg,"Defendants: Dominion Voting Systems, Facebook, Zuckerburg, and others",Visit DominionClassAction.com to learn more about the lawsuit and join the class or support the cost of litigation. Many others are being added daily for the amended complaint.,2021-02-11T01:50:57Z,135,https://www.youtube.com/watch?v=pT_bX9rkqvg
5qWt1wSUMLg,Dominion Voting Systems election management system,,2020-11-07T02:21:36Z,879,https://www.youtube.com/watch?v=5qWt1wSUMLg
DQDfAQo20k8,Watch: Full Jan. 6 Committee Hearing - Day 1,"Watch MSNBC coverage of the first public January 6th House committee hearing investigating the Capitol riot.

» Subscribe to MSNBC: http://on.msnbc.com/SubscribeTomsnbc

About: MSNBC is the premier destination for in-depth analysis of daily headlines, insightful political commentary and informed perspectives. Reaching more than 95 million households worldwide, MSNBC offers a full schedule of live news coverage, political opinions and award-winning documentary programming -- 24 hours a day, 7 days a week.

Connect with MSNBC Online
Visit msnbc.com: http://on.msnbc.com/Readmsnbc
Subscribe to MSNBC Newsletter: MSNBC.com/NewslettersYouTube
Find MSNBC on Facebook: http://on.msnbc.com/Likemsnbc
Follow MSNBC on Twitter: http://on.msnbc.com/Followmsnbc
Follow MSNBC on Instagram: http://on.msnbc.com/Instamsnbc

Watch: Full Jan. 6 Committee Hearing - Day 1

#january6 #msnbc #FullHearing",2022-07-01T21:49:24Z,78748,https://www.youtube.com/watch?v=DQDfAQo20k8
HK8d3cUXMGc,Wait-for-the-facts update:  Dominion Voting System edition,"ARTICLES:


“Dominion Cancels Planned Appearance Before Pennsylvania Lawmakers”

https://www.theepochtimes.com/dominion-cancels-planned-appearance-before-pennsylvania-lawmakers_3587425.html?utm_source=newsnoe&utm_medium=email&utm_campaign=breaking-2020-11-20-3



MY MUSIC CHANNEL (as ""Gene Allan""):

https://bit.ly/2SEftre

""BEAUTIFUL AT NIGHT""
https://youtu.be/DsDhJpc0yro

""ON THE BALL""
https://youtu.be/UNlMnUVuVmE

""77 MOEBIUS STRIP""

https://youtu.be/8VrEw_8bhqI",2020-11-23T13:15:01Z,22,https://www.youtube.com/watch?v=HK8d3cUXMGc
6Z8cRXpuQDM,GOP Sen. Johnson says experts must examine and investigate Dominion Voting Systems,"At a Senate oversight committee hearing on Wednesday, chairman of the Senate Homeland Security and Governmental Affairs Committee Ron Johnson (R-Wisc.) said that experts must be given the opportunity to examine and investigate the Dominion Voting Systems machines used during the 2020 presidential election.",2020-12-17T00:14:24Z,1788,https://www.youtube.com/watch?v=6Z8cRXpuQDM
guS4-iShCNQ,Dominion Voting Software Robot keeps elections safe in Detroit,Trump 2020 claims election fraud but with the new AI systems in place at Dominion  all Americans should know that they can count on honesty and integrity in their elections,2020-11-20T09:22:53Z,163,https://www.youtube.com/watch?v=guS4-iShCNQ
UJdTEvhXELA,REPORT: Dominion Voting Systems Caused Delay In Georgia Recount,"The recount process was reportedly paused Sunday in Fulton County, Georgia, after a newly-purchased Dominion Voting Systems mobile server crashed.  “Technicians from Dominion have been dispatched to resolve the issue,” Fulton County officials said in a statement, according to 11Alive. “The Georgia Secretary of State’s office has also been alerted to the issue and is aware of efforts to resolve the problem.”  Fulton is expected to resume the counting process Monday, according to the report. It is unclear whether the issue has been fixed.  Fulton County officials and Republican Georgia Secretary of State Brad Raffensperger’s office did not respond to the Daily Caller’s request for comment at the time of publication.    Fulton has reportedly finished counting 88 percent of all ballots cast, including absentee, early in-person and provisional ballots, according to 11Alive. All Georgia counties must complete the recount by Dec. 2.  Republican Gov. Brian Kemp certified the election results Nov. 20, cementing President-elect Joe Biden as the winner. Biden won the state by 12,670 votes, prompting the Trump campaign to request a recount.   President Donald Trump accused Kemp on Sunday of having done “absolutely nothing” to question the election results while branding Raffensperger as an “enemy of the people” for allowing what he called a “fraudulent system” to operate in the state, according to Fox News.  Trump suggested Monday that Kemp, “the hapless Governor of Georgia,” should force Georgia counties to match signatures on envelopes during the recount.      When voters submit an absentee ballot request on a paper application, they must sign it. Election officials then compare that signature with the signature in voter registration files before a ballot is sent out, according to the Associated Press (AP). When the ballots are returned, the signature on the outer envelope is again compared to the signature in the voter registration system, according to the AP.  However, the recount process does not include the revivification of signatures found on absentee ballots, according to The New York Times (NYT). Once election officials match the signature on the outer envelope to the signature in the voting registration system upon receipt of an absentee ballot, the envelope and ballot are separated to protect voters’ privacy, according to the NYT. Therefore, there is no way to match the ballot signatures during a recount.",2020-11-30T18:45:51Z,40,https://www.youtube.com/watch?v=UJdTEvhXELA
Q5FNKoQWDHE,Dr Appel Testifies re: DOMINION VOTE TALLY MACHINE VULNERABILITIES before senate,"House Committee on ELECTION FRAUD.

NOTE:
When  an individual intentionally casts an illegal ballot [as] an individual , that's VOTER FRAUD.

ELECTION FRAUD is when someone counting, transporting, storing, installing software, a mail carrier, or INTERFERING WITH LEGAL OVERSIGHT occurs (etc).",2020-11-13T03:47:57Z,817,https://www.youtube.com/watch?v=Q5FNKoQWDHE
ryEwPqRMFXU,Vegan Fail to...?,"From vegan fail to full time activist. Yuri spends most of his time living out of his van as he travels doing activism as Southeast Outreach Coordinator for Vegan Outreach.Yuri shares some of his struggles initially trying to go vegan in 2007 to finally to finding his way in 2008 and evolving into a nomadic advocate living out of a van doing all he can to help change the world.

This video was brought to you by VeganLinked. If you like our work and want to help us keep the cameras rolling considering contributing here: https://veganlinked.com/fundme/

For more awesome vegans check out our playlist ""Vegan Stories, Insights & Perspectives"" https://youtube.com/playlist?list=PLmSzj4R9w2MC2b0L_07bRyphvPsxcz7Px

To experience 50 different influential vegan authors get the book ""Vegan Voices""! Purchase through our affiliate link here https://amzn.to/2Z6wBwe",2022-07-08T18:00:31Z,2440,https://www.youtube.com/watch?v=ryEwPqRMFXU
S8flK6wE8Cg,NewsMax RETRACTS Claims Of Fraud By Dominion &amp; Smartmatic Voting Systems After Lawsuit Threat!,"NewsMax RETRACTS Claims Of Fraud By Dominion & Smartmatic Voting Systems After Lawsuit Threat!

#NewsMax #Trump #DonaldTrump #Dominion #Smartmatic

https://www.cnn.com/2020/12/21/media/newsmax-clarification/index.html

Newsmax 'clarifies' election conspiracy theories after legal threat from voting technology company

All throughout Monday, Newsmax viewers were treated to a short — yet remarkable — disclosure from the network's hosts: That Newsmax has no evidence Dominion or Smartmatic manipulated votes in the 2020 election; that Newsmax has no evidence Dominion or Smartmatic has any relationship with George Soros; that Newsmax has no evidence Dominion uses Smartmatic's software or vice versa; and that Smartmatic is a US company, not owned by the Venezuelan government. Newsmax framed the disclosure as a ""clarification,"" though the network maintained it itself had never peddled any conspiracy theories about the companies.
The extraordinary about-face came after Smartmatic sent a blistering legal threat to Newsmax and other right-wing media outlets earlier this month. Ben Rhodes summed up the Monday messages succinctly, tweeting, ""So, we're going to spread massive amounts of total disinformation like cancer metastasizing through American democracy, but we also don't want to get sued so we're offering this clarification.""

Support The Show & Watch Exclusive Content: https://www.patreon.com/theprogressivevoice

Donate: https://www.paypal.me/theprogressivevoice

Listen to the audio podcast format on Itunes: https://itunes.apple.com/us/podcast/the-progressive-voice/id1265065271?mt=2

Purchase Progressive Voice Merch: https://teespring.com/stores/theprogressivevoice

Donate On Bitcoin: 1LYYaW9T1pe2r3P5dqXCAgdZFJBYF1TDiU
Ethereum: 0x7699AE5E4A4b491Cf2cF3dAc3EE14Adf8c29b438

Follow me on Twitter: https://twitter.com/Progressvoice",2020-12-22T23:00:12Z,2168,https://www.youtube.com/watch?v=S8flK6wE8Cg
9AhucgvQzGI,‘Completely False’: Conservative Website Issues Statement Retracting Reports On Dominion Voting Mach,"The conservative blog American Thinker walked back multiple claims it made alleging that Dominion Voting Systems participated in a conspiracy to steal the 2020 presidential election for President-elect Joe Biden.  Publisher Thomas Lifson explained in a post on Friday that the blog received a letter from Dominion’s lawyers “explaining why they believe that their client has been the victim of defamatory statements.”  After considering their legal options, the American Thinker published a statement explaining that some of their posts “falsely accuse US Dominion Inc., Dominion Voting Systems, Inc., and Dominion Voting Systems Corporation (collectively “Dominion”) of conspiring to steal the November 2020 election from Donald Trump… are completely false and have no basis in fact.”  Multiple media outlets have issued corrections and retractions following legal demands from Dominion and Smartmatic, another company that provides voting technology to states.    Fox hosts Maria Bartiromo, Lou Dobbs, and Jeanine Pirro all aired pre-taped question and answer segments about election security in response to lawsuit threats from Smartmatic, the Associated Press reported. Dobbs’ show airs on Fox Business, while Bartiromo and Pirro are hosts on Fox News.  Newsmax anchor John Tabacco also issued a statement on air saying, “No evidence has been offered that Dominion or Smartmatic used software or reprogrammed software that manipulated votes in the 2020 election.” NATIONAL HARBOR, MD – FEBRUARY 24: Lou Dobbs of Fox Business Network speaks during the Conservative Political Action Conference at the Gaylord National Resort and Convention Center February 24, 2017 in National Harbor, Maryland. Dobbs and other TV hosts were forced to walk back election fraud claims following legal threats. (Photo by Alex Wong/Getty Images)  “This sort of complete and thorough reversal and apology is likely the result of threatened legal action,” a Washington lawyer with a long history in the media business told the Daily Caller. “Real news companies that investigated the Dominion story knew there was nothing to it and stayed away. Outlets reckless or partisan enough to print those outright lies are now going to have to deal with the legal consequences.”    Pro-Trump attorney Sidney Powell is currently a defendant in a $1.3 billion defamation lawsuit filed by Dominion over her comments alleging that the company changed votes from President Donald Trump to Joe Biden. She was disavowed by the Trump campaign prior to the lawsuit.   The American Thinker did not immediately respond to a request for comment from the Daily Caller.",2021-01-16T21:53:12Z,79,https://www.youtube.com/watch?v=9AhucgvQzGI
0muLhWNJVjQ,Fact Check: Dominion Voting Machine Algorithm Was NOT &#39;Broken&#39; By Test Run On &#39;Sequestered&#39;...,"Read full story here: https://hoax-alert.leadstories.com/2020/12/fact-check-dominion-voting-machine-algorithm-not-broken-by-test-run-on-sequestered-machine-in-georgia.html

FACT CHECK: DOMINION VOTING MACHINE ALGORITHM WAS NOT 'BROKEN' BY TEST RUN ON 'SEQUESTERED' MACHINES IN GEORGIA

Did a test run using Dominion voting machines ""sequestered"" in Ware County, Georgia, reveal that an algorithm secretly gave Biden 26% extra votes? No, that's not true: The chief election officer in Ware County told Lead Stories the claim is ""100% fake."" No machines were sequestered and no test run was conducted, Elections Supervisor Carlos Nelson said. A high-ranking official with the Georgia secretary of state's office also confirmed to Lead Stories it was false. Lead Stories previously debunked the claim that ""Trump Team"" had seized Ware County machines for testing. The apparent main source of this claim said he heard it from a woman who told him she heard it from a friend and did not know where her friend heard it.",2020-12-07T23:56:08Z,236,https://www.youtube.com/watch?v=0muLhWNJVjQ
L86lAdEGQ0U,PBS on dominion voting system errors and hacking 2 weeks before election,,2020-11-17T04:38:41Z,231,https://www.youtube.com/watch?v=L86lAdEGQ0U
npRzgcUqVfQ,Maga &#39;Tard Melissa Carone is Sued by Dominion Voting Systems Inc. for Defamation,"Rudy Giuliana's star witness in the sham hearings on voter fraud has been sent a letter from a legal firm retained by Dominion, the company that is accused by the Trump legal team of conspiring to rig the election for President-Elect Joe Biden. Dominion lays into the trumptard letting the world know that the idiot was not hired for IT expertise and she doesn't posses any insider knowledge.

Melissa Carone may now face a defamation lawsuit her baseless claims of fraud. The drunk superstar of the MAGA world may finally have to face a judge and answer for spouting lies. Possibly the first person in the MAGA delusional world that will face any accountability for their slander and lies.

Melissa has gone on tour to promote her claims after she has attained a rock star status in the world of the functionally retarded. It is unknown whether she has profited from any of her actions but all records pertaining to her communications including depositions, public or not are being retained.

Surely she will come clean and retract her lies as several right wing media outlets have  been forced to do. If Melissa chooses to live out this fantasy any further it is possible that Dominion will make an example of her by breaking her financially. It is always possible that in the sick MAGA world, either Trump or his lemmings raise the funds to pay the settlement she is sure to owe. Hopefully Dominion will play this out all the way and teach the brainless fake patriots a lesson.


Please think about helping support me so I can bring you more and continually better videos.

https://www.patreon.com/bePatron?u=28436192

Please visit my website and check out my videos, writing and other related things

http://aintthatamerica.net/",2020-12-26T21:55:33Z,284,https://www.youtube.com/watch?v=npRzgcUqVfQ
mhT4LEcSqnU,Why Did Georgia Switch To Dominion Voting Machines?,"Why Did Georgia Switch To Dominion Voting Machines?

Experience Matters!

The experienced Republican candidate for Georgia Secretary of State.

Let's Take Back Our Elections through TJ's 17 Years of Elections Experience & Proven Leadership.


A Man of Many Firsts!

- First African American male to be elected Probate Judge in Georgia.
- In 2018 TJ became the first African American to swear in a Governor of Georgia.
- First Probate Judge to ever swear in a Governor of Georgia.

Join us in making TJ Hudson the first African American to be elected Georgia Secretary of State!


* Fix the Mail-In Ballot Problems and Violations!
* Mitigate the Dominion Voting Machine Security Risks!
* Push Back Attacks on Our Election Integrity!
* Stop the Radical Dis-Information with TJ's Proven Leadership!
* Support South and Rural Georgia Elections Teams!
* Bring Back Humble, Public Servant Leadership from the Heart of Georgia!
* Put a Lock on Georgia and Put Order in the Vote!

#TJforGa, #ExperienceMatters, #SaveTheVote, #GeorgiaSecretaryOfStateElection, #GeorgiaSecretaryOfState, #GaSecOfState, #GaSecOfStateCandidate, #MitigateDominionVoting, #MitigateDominion, #ElectionIntegrity, #VotingMachineSecurity, #DominionVoting, #BringBackESNS, #ESNSVoting",2022-04-18T22:09:23Z,7607,https://www.youtube.com/watch?v=mhT4LEcSqnU
md7i1YZ9Puo,Pro-Trump Media Walk Back Election Fraud Conspiracies,"Some far-right news organizations such as Newsmax and OAN, are now issuing on-air retractions of their vote fraud claims against electronic voting system companies, Smartmatic and Dominion.

Subscribe to HuffPost today: http://goo.gl/xW6HG
Support our work: https://www.huffpost.com/subscribe
Read: https://www.huffpost.com/
Like: https://www.facebook.com/HuffPost
Follow: https://twitter.com/huffpost",2020-12-22T20:55:13Z,31007,https://www.youtube.com/watch?v=md7i1YZ9Puo
Co91BdP_G_o,Dominion Voting Machine Modem Presentation,,2022-03-30T19:58:43Z,67,https://www.youtube.com/watch?v=Co91BdP_G_o
-88fOpUQw_A,2020 Election Denier Loses Her Own Election,"Colorado GOP gubernatorial candidate tina peters want you to get out and vote! Jayar Jackson and Farron Cousins break it down on The Watchlist. Watch LIVE weekdays at noon ET. http://youtube.com/watchlisttyt/live

Read more HERE: https://www.thedailybeast.com/mesa-county-clerk-tina-peter-loses-race-for-colorado-secretary-of-state
""Tina Peters, the Colorado county clerk who flogged election conspiracy theories and was then indicted for allegedly breaching her own voting machines, lost her primary bid to become the secretary of state.

And then she did exactly what you would expect: She denied she lost, cried fraud, and vowed to keep fighting.""
***

Host Jayar Jackson reacts to a must-watch list of videos of the day, which will cover news, politics, society, culture, current events, and more.

Help support our mission and get perks. Membership protects TYT's independence from corporate ownership and allows us to provide free live shows that speak truth to power for people around the world. See Perks:  https://www.tyt.com/join


SUBSCRIBE on YOUTUBE: ☞ http://youtube.com/watchlisttyt
FACEBOOK: ☞ http://www.facebook.com/watchlisttyt
TWITTER: ☞ https://twitter.com/watchlisttyt
INSTAGRAM: ☞ https://instagram.com/watchlisttyt
TWITCH: ☞ http://www.twitch.com/tyt


 Merch: http://shoptyt.com

 Donate: http://www.tyt.com/go

 Website: https://www.tyt.com

App: http://www.tyt.com/app

 Newsletters: https://www.tyt.com/newsletters/


If you want to watch more videos from TYT, consider subscribing to other channels in our network:


Indisputable  https://www.youtube.com/indisputabletyt

The Young Turks  https://www.youtube.com/theyoungturks

The Damage Report  https://www.youtube.com/thedamagereport

TYT Sports  https://www.youtube.com/tytsports

The Conversation  https://www.youtube.com/tytconversation

Rebel HQ  https://www.youtube.com/rebelhq

TYT Investigates  https://www.youtube.com/channel/UCwNJt9PYyN1uyw2XhNIQMMA

#TYT #TheWatchlist #JayarJackson


220629__WL06_Election_Denier_Tina",2022-07-03T14:00:00Z,5483,https://www.youtube.com/watch?v=-88fOpUQw_A
ckH0RDVueo4,Smartmatic AKA Dominion Voting Systems rigged the Venezuela election in 2004; Sound Familiar?,"#belcherman #games #comedy
Description: Smartmatic AKA Dominion Voting Systems rigged the Venezuela election in 2004. Here is CNN actauly doing a story on it; imagine that?
FACEBOOK group: Belching Toad Clan: http://BTCgroup.mbdevpro.com
YOUTUBE channel: Belching Toad Clan: http://BTCyoutube.mbdevpro.com
TWITCH.TV: https://www.twitch.tv/belchingtoadclan
WEBSITE: http://www.BelchingToadProductions.com


******* MORE SOCIAL MEDIA *******
FACEBOOK GROUPS:
BelchingToadClan http://BTCgroup.mbdevpro.com
Driving Around The World http://DATWgroup.mbdevpro.com
VIDEO Recording, Editing, Producing, Publishing: http://Vgroup.mbdevpro.com
MBDEVpro: Games, Science, & Technology http://GSTgroup.mbdevpro.com
The Body Human: Health, Fitness, & Science: http://TBHHFSgroup.mbdevpro.com
Shrewsbury, Pennsylvania: http://ShrewsburyPA.mbdevpro.com
Baltimore, Maryland: http://BaltimoreMD.mbdevpro.com


YOUTUBE CHANNELS:
Driving Around The World: http://DATWyoutube.mbdevpro.com
MBDEVpro: Games, Science, & Technology: http://GSTyoutube.mbdevpro.com
Belcherman: http://BTCyoutube.mbdevpro.com",2020-11-28T18:16:39Z,421,https://www.youtube.com/watch?v=ckH0RDVueo4
VxbrlCzthec,Fact Check: Myanmar Did NOT Use Dominion Voting Systems In Its Election Before Military Coup,"Read full story here: https://hoax-alert.leadstories.com/2021/02/fact-check-myanmar-did-not-use-dominion-voting-systems--in-election-before-military-coup.html

FACT CHECK: MYANMAR DID NOT USE DOMINION VOTING SYSTEMS IN ITS ELECTION BEFORE MILITARY COUP

Did Myanmar use Dominion Voting Systems to calculate election results prior to the military coup in that country? No, that's not true: A Dominion spokesperson told Lead Stories that they ""do not have systems in Myanmar, and never have.""",2021-02-02T22:36:06Z,109,https://www.youtube.com/watch?v=VxbrlCzthec
Uixa2JtNCUg,Dominion Says They May Sue Trump And More Of His Friends,"Dominion Voting Systems has filed a flurry of defamation lawsuits in recent months, and the company says that they aren't done yet. They hinted this week that they could be filing defamation lawsuits against former President Donald Trump in the near future, and they are currently looking into what that would take. They could also be bringing more lawsuits against some of Trump's friends at Fox News. Ring of Fire's Farron Cousins explains what's happening.

Link - https://www.businessinsider.com.au/dominion-voting-systems-machines-fox-news-lawsuit-defamation-trump-2021-3

Become a member today!: https://www.youtube.com/channel/UCYWIEbibRcZav6xMLo9qWWw/join

Support us by becoming a monthly patron on Patreon, and help keep progressive media alive!: https://www.patreon.com/TheRingofFire

Find our merchandise at Teespring: https://teespring.com/stores/rof-store

Spread the word! LIKE and SHARE this video or leave a comment to help direct attention to the stories that matter. And SUBSCRIBE to stay connected with Ring of Fire's video content!

Support Ring of Fire by subscribing to our YouTube channel: https://www.youtube.com/theringoffire

Be sociable! Follow us on:
Facebook: http://www.facebook.com/RingofFireRadio
Twitter: http://www.twitter.com/RingofFireRadio
Google+: http://plus.google.com/118415831573195648557
Instagram: https://www.instagram.com/ringoffirenetwork/

Follow more of our stories at http://www.TROFIRE.com

Subscribe to our podcast: http://www.ROFPodcast.com

*This transcript was generated by a third-party transcription software company, so please excuse any typos.

Representatives for dominion voting systems, admitted this week that they have not ruled out suing former president Donald Trump for defamation and various different reports out over the last 48 hours indicate that the voting system company might actually be putting together a bit of a legal team to figure out exactly how to go after the former president of the United States. Again, there's lots of different reports on what's happening, but right now let's focus on the one part and that is that dominion will not rule out suing Donald Trump for defamation. They will also not rule out suing other media outlets and possibly other personalities for defamation as well. Donald Trump has been one of the obviously largest perpetrators, I guess if you will, of the big lie and the big lie of course, was that the 2020 election was stolen. It was stolen for various reasons, depending on who you ask.

You know, it was the voting machines. It was the voting machine software. It was the voting machine company. It was the mail in voting and yada yada, but all this is focusing on obviously the voting machines. So Donald Trump has mentioned those things in the past. He has gone after the voting machine company. So my question is why even consider it at this point? Why not just do it? You know he will never, ever, ever under any circumstances, issue an apology or a retraction. You know that he knew the truth. He had spoken to too many people who told him to truth, the truth, excuse me. So it would be pretty easy to go ahead and prove actual malice with his statements. So why not just go for it? Go big. Bankrupt the dude. You, you, you really, really have the power to sue this guy. You do not have to worry about it. As of yesterday, Donald Trump is now the defendant already in 30 different lawsuits. That number was 29 yesterday morning. By the end of the day, it rose to 30 as you had Capitol police officers sue the president. So why not make it 31 dominion?

Come on, you can do this. Go out there, file the defamation lawsuit against Donald Trump and of course file it against any other media outlet who also spread the big lie because that's what has to happen. That's, that's how accountability works. If these media outlets get away with telling this lie this time, they're going to do it again next time. And this was a big one, right? We're not even talking about them saying you were wearing brown shoes when you were wearing blue shoes. Right? This is them saying that you colluded somehow with foreign powers, whether it's, you know, Venezuela or China to somehow steal the election for Joe Biden. That is the claim that has been made against these voting companies, including dominion. Sue them all. Sue every single one of them. That's what has to happen. These outlets have to understand that they can't just make crap up and put it on the air. Donald Trump has to understand, he cannot just make things up and sell it to millions of supporters. If you do not sue them, they win and you lose. Is that really how you want the 2020 election to end for you? I imagine it's not.",2021-03-31T17:00:09Z,185223,https://www.youtube.com/watch?v=Uixa2JtNCUg
fF4ZbTvyjbg,LEAKED Dominion Voting Systems Training Videos (11/18/2020),"These are Dominion Voting Systems training videos from a non-public source, which show how votes in the 2020 election were counted. These clips were originally posted by Kyle Becker on Twitter.",2020-11-19T02:11:54Z,507,https://www.youtube.com/watch?v=fF4ZbTvyjbg
P7tta7OKJSk,ドミニオン　スキャナー　voting system dominion,オプションで　ワイヤレス伝送できると書いてあります。,2020-12-31T22:49:07Z,19,https://www.youtube.com/watch?v=P7tta7OKJSk
2vmrvyMeLmE,Dominion Admits it Uses Chinese Components in Voting Machines,Dominion Admits it Uses Chinese Components in Voting Machines,2020-11-11T20:52:17Z,1176,https://www.youtube.com/watch?v=2vmrvyMeLmE
ami4y706qvU,11-20-2020 PA House committe press conference regarding Dominion Voting Machines.,,2020-11-20T15:23:48Z,2374,https://www.youtube.com/watch?v=ami4y706qvU
UxtSSbXiYng,McConnell was instrumental in protecting Dominion Voting Systems from required reforms. ASL.,"ROUGH TRANSCRIPT:
Hello and welcome to ASL Patriot Broadcast!
Senate Majority Leader Mitch McConnell is a (R-Ky.) but President Trump feels like Mitch betrayed the party.  Mitch is just a RINO. RINO means Republican in name only.  Mitch has not supported Trump throughout this process. McConnell is reportedly telling GOP senators to acquiesce to the Democrats robbing the election, because it would ultimately result in a “terrible vote” in which Republicans would side with Democrats against President Trump’s push for electoral transparency and accountability.  Guess what a part of Mitch’s history is now with Dominion?  McConnell was instrumental in protecting Dominion Voting Systems from required reforms to improve the system which, ironically was introduced by Democrats that could have prevented fraud on Election Day.  What?  When was this?  This was in 2019.  Several Democratic and Republican members of Congress have submitted legislation to shore up election security. Proposals from Sen. Ron Wyden (D-Ore.), Sen. James Lankford (R-Okla.) and Rep. John Sarbanes (D-Md.) include replacing paperless electronic voting machines with hand-marked paper ballots and optical scanners, subjecting voting equipment vendors to rigorous cybersecurity standards, and requiring vendors to report cybersecurity incidents.
Newsweek reported that Mitch squashed two bills intended to ensure voting security on Thursday, July 25th.  Mitch received some money from Dominion lobbyists before killing substantial electoral reform bills in 2019. Several of the lobbyists working for ES&S and Dominion Voting Systems have made contributions to McConnell’s campaign and joint fundraising committee.  David Cohen, who worked for Dominion in 2019, gave $2,000 donation to McConnell.  Cohen’s associate, Brian Wild, also a Dominion lobbyist, gave McConnell a $1,000 donation as well. During 2019, on February 19 and March 4 Emily Kirlin and Jen Olson, who have lobbied on behalf of Election Systems & Software also donated $1,000 to McConnell each. Prior to this in 2018, Emily has also donated $1k on 4/17/18 and $1k on 6/30/18 according to this chart.
What were those two bills that Mitch wanted to squash?  The first bill, presented by Senate Minority Leader Chuck Schumer would authorize $775 million to bolster election security and require states to keep paper trails of all votes cast. The second, presented by Senator Richard Blumenthal, would require political candidates and their staff and family members to notify the FBI about any offers of assistance from foreign governments.  ""It's not surprising to me that Mitch McConnell is receiving these campaign contributions,"" the Brennan Center for Justice's Lawrence Norden said. ""Mitch seems single-handedly to be standing in the way of anything passing in Congress around election security, and that includes things that the vendors might want, like money for the states to replace antiquated equipment.""  Sen. Ron Wyden (D-Ore.) said, “The only logical conclusion is that Senator McConnell wants American elections to be vulnerable to hackers and foreign interference.”
Could the whole mess have been avoided back in 2019?  You be the judge…judge…and judge.
Facebook link: https://www.facebook.com/ASLPB2020
MeWe link: https://mewe.com/join/aslpatriotbroadcast
Gab link: https://gab.com/ASLPatriotBroadcast
Rumble link:  https://rumble.com/user/ASLPatriotBroadcast
YouTube link: https://www.youtube.com/channel/UCKmOZpjcn6dK0HifpTpJzGA",2020-12-18T20:39:50Z,84,https://www.youtube.com/watch?v=UxtSSbXiYng
89Q8OK6p9aE,"What you need to know about Dominion Voting Systems | Wed, Nov. 18, 2020",,2020-11-19T06:27:53Z,88,https://www.youtube.com/watch?v=89Q8OK6p9aE
YtqIpWMezGw,Dominion Sues Mike Lindell For Over $1 Billion,"Dominion Voting Systems has officially filed a $1.3 billion lawsuit against Trump ally and My Pillow founder, Mike Lindell.",2021-02-23T00:32:43Z,65,https://www.youtube.com/watch?v=YtqIpWMezGw
b4dLYd2E-_c,Dominion voting system and Venezuela connection,Dominion / Smartmatic voting system and Venezuela connection,2020-11-30T02:01:01Z,28,https://www.youtube.com/watch?v=b4dLYd2E-_c
BbCmq0jPUxY,Dr. Eric Coomer VP at Dominion admits they don&#39;t update software to protect against voter fraud.,"THE KEY TESTIMONY BEGINS AT 6:11 COOMER starts around 7:27 - Quality? I shot this on an IPad.

Those wishing to discuss voter integrity in context to this video have my consent to use.  Please attribute credit to ""From August 2016 - Sharon Meroni - DefendTheVote.com""

by Sharon Meroni,
(Sep. 1, 2016) — On Friday, August 26th, during a meeting at the Illinois State Board of Elections, the Vice President of Engineering for Dominion Voting, Dr. Eric Coomer*, was asked if it was possible to bypass election systems software and go directly to the data tables that manage systems running elections in Illinois. His response was, “Yes, if they have access.”

Bypassing the election systems software means whoever has access can potentially manipulate the vote without many risks of detection. So the question needs to be asked, who has access to these data tables?

We asked Dr. Coomer that question. Dr. Coomer replied, ‘Vendors, election officials, and others who need to be granted access.’

This is explosive information. Dr. Coomer’s statement is an admission that various vendors, election officials, and others have access to the back end data tables that permit bypassing the operating system’s configuration. It is notable that when someone accesses these systems from a data table, their actions are not logged by the system; thereby making detection much more problematic. This contradicts Dr. Coomer’s assurances that the system is secure.

Our letter to the Illinois State Board of Elections on August 17th specifically requested the Board to answer the following questions:

At the ISBE level:
Who has access to software produced by vendors?
Has the ISBE had an expert examine the computer code?
How is access granted and documented?
What role does the ISBE play in monitoring the GEMS software used in each election jurisdiction?

As is typical for the Board members at the Illinois State Board of Elections, with its rich history in treating citizens concerned about election security with disregard and disrespect, the Board refused to say a single word regarding Defend the Vote’s concerns expressed during ‘public comments’. Only 4 of the 8 members of the Board bothered to stay to hear our comments. To date, the Board has failed to provide answers to the questions asked in our letter.

And that is not all! The Board asked Dr. Coomer if he had any comments. In direct response to the Illinois State Board, Dr. Coomer made the following statement:

“We are constantly assessing different threat models against all of our systems we have fielded across the US and internationally as well. Due to the certification environment that we are in, no we are not allowed to do routine updates without having to go through re-certification efforts, but we do routinely give guidance on how to best secure systems and also going back again, to the final mitigation against all of this is a robust auditing canvasing process which all of our jurisdictions have implemented.”

Dr. Coomer failed to mention that Illinois does not have any auditing procedure for absentee mail-in ballots. In 2014, mail-in paper balloting was 8% of the vote. Across Illinois, many election jurisdictions are working to increase this percentage! Illinois does not require any justification when audits show a vote discrepancy. They simply correct the total votes that are reported to the new totals found in the audit. Further, it is not a blind audit.  Auditors know what vote totals were reported before they begin the post-election re-count. So much for Coomer’s robust auditing process…

Dr. Coomer’s statement brings to light a very serious issue all voters should understand. Voting systems must be re-certified each time they make changes to the hardware or software. Recertification is an expensive and time consuming process. What Dr. Coomer told the Board is that Dominion Voting does not go back for recertification of software when threats to their code are discovered. Rather, they rely on post-election audits and providing advice to election jurisdictions about security. I have reviewed all of the recertification documents produced by Dominion, and I do not recall any software adjustments for security purposes.

This is the reality of the security of your vote. Software systems that count and record the vote across Illinois and throughout the USA are not updated to address security problems, and even if they were, the software can be completely bypassed by going to the data tables that drive the systems.

I am not an expert on how other states audit the vote after an election. I do know that in Illinois, at least 8% of the vote never see any post-election audit. At least that amount of the vote is vulnerable to be manipulated without much chance for detection.

*Before coming to Dominion Voting, Dr. Coomer was Senior Information Services Manager of Smartmatic Corporation and Vice President of Research and Product Development for Sequoia Voting Systems Inc."" Wikipedia",2016-08-30T18:56:48Z,101293,https://www.youtube.com/watch?v=BbCmq0jPUxY
phH2lTDAN9o,OUCH! Dominion Voting Systems sue Fox News for $1.6 Billion Dollars - Fox in a Legal hole,OUCH! Dominion Voting Systems sue Fox News for $1.3 Billion Dollars - Fox in aLegal hole,2021-03-26T15:01:22Z,4587,https://www.youtube.com/watch?v=phH2lTDAN9o
RD_f8UhNtLs,US Election system |Trumps Conspiracy against dominion voting system,"Read all the conspiracy theories expounded by Trump regarding the Dominion Voting System at

https://www.mshomi.com/dominion-voting-system-trump-allegations-elections/

Flawed election lawsuits, pocketing Republican supporters’ election campaign money and using that in personal business, accusing Democrats of election theft, and conspiring a coup with the military describe the post-election days of Donald Trump. With all of this propaganda in line, Trump is now pursuing his agenda to defame the Dominion voting system.

After biting the dust in all of his legal battles and losing the electoral college vote, his last attempt to portray the notion of election fraud came in the form of targeting the Dominion software.

The Dominion voting system was responsible for providing voting machines and software for the 2020 elections. Throwing unsubstantiated allegations on the reputable company is just a tactic to satisfy the ego of the millions of Republicans who still believe that the election was stolen from Donald Trump.

The Trump campaign opined that the votes cast to Republicans were deleted or switched from the voting machines, and they were transferred to a vote for Joe Biden.

Trump’s baseless claims were wrong both mathematically and technically. Dominion and CISA rejected these claims to defend the American mandate.

While criticizing the Dominion software, Trump said

""Dominion deleted 2.7 million Trump votes nationwide. Data analysis finds 221,000 Pennsylvania votes switched from President Trump to Biden. 941,000 Trump votes deleted. States using Dominion Voting Systems switched 435,000 votes from Trump to Biden.""
Trump accused Dominion of switching or deleting 941,000 of his votes alone in Pennsylvania. However, a simple mathematical calculation is enough to bust this theory of Donald Trump.


Dominion served only 14 counties in Pennsylvania in the 2020 presidential election, where 1.3 million votes were cast in total. Out of these, Trump got 676,000 votes leaving just 624,000 votes in return, most of which were cast in favor of Biden.

This sum itself is less than what Trump claimed to be switched. This indicates that all the post-election talks of Donald Trump regarding the voting machine fraud in the 2020 presidential election were just a failed attempt to manipulate minds.

The Trump campaign voiced that the Dominion voting system deliberately orchestrated the machines in favor of Biden to give him an unfair means of winning the election.

However, Dominion rejected all the conspiracy theories and said that

""(The company) denies claims about any vote switching or alleged software issues with our voting systems.""

CISA also said that CISA said

""There is no evidence that any voting system deleted or lost votes, changed votes, or was in any way compromised. ""


Conservative media outlets have also pursued this falsified narrative of Donald Trump. Although major media networks stayed away from the conspiracy theories of Trump, he still managed to reach a handful of people waiting to be brainwashed by Trump’s narrative building.

One of the emerging highly-Republican leaning media networks, OANN, supported the fake news initiated by Trump.

For promoting these conspiracies, Dominion has sued Donald trump which will just add up to all the lawsuits already waiting for Trump.

Subscribe to our channel: https://www.youtube.com/channel/UCvDkhOERZV4qHpBWLcGQSYg/featured


 Attribution: ""This video contains images that were used under a Creative Commons License. Click here to see the full list of images and attributions: https://link.attribute.to/cc/1786412 ""


 #DominionVotingSystem   #USElections  #DonuldTrump",2021-01-05T20:00:00Z,61,https://www.youtube.com/watch?v=RD_f8UhNtLs
nYd9EkZadDw,1/09/20:  John Poulos- President and CEO of Dominion Voting Software During House Committee Hearing,"January 9, 2020:

John Poulos-

President and CEO of
Dominion Voting Software

I put together testimonials from Dominion President John Poulos as he was asked to respond accurately and accordingly to any and all questions asked by the House Committee regarding a hearing into the New Voting Systems looking to be put in place before the 2020 Presidential Election, and the overall security of said software.
I apologize for the length of the video. It’s the best I could do project wise.
It’s well worth the watch.

#dominion #dominionvotingsystems #housecommittee #presidentialelections #votingsystems #johnpoulos #usa #america #government #elections",2020-11-20T04:09:05Z,347,https://www.youtube.com/watch?v=nYd9EkZadDw
OR3UMT2ZSjY,1 Gold Coin #10 - Dominion Voting Systems,"You Found 1 Gold Coin
How Many Coins?
Comment First & I PIN COMMENT
& FAKE Worthless Gold Coins in Video Is Yours
#1goldcoin",2020-11-12T22:11:29Z,51,https://www.youtube.com/watch?v=OR3UMT2ZSjY
oou9INxAcA8,Dominion Voting System&#39;s MAJOR WIN in Defamation Lawsuit | Dominion v My Pilliow,"#DominionVoting #Mypillow #MikeLindell

Dominion vs Rudy Giuliani, Sidney Powell, and Mike Lindell
Defamation Lawsuit

Dominion Voting Systems lawsuit will go forward after Judge denied a motion to dismiss.

Join me on the journey to 1 Million Subscribers.

Locals: https://natethelawyer.locals.com/

Join the Channel
https://www.youtube.com/channel/UCD5_...

Paypal
https://www.paypal.me/BroadyLaw

Consider Becoming a Patreon:
https://www.patreon.com/NateBroady

Join the Broady Bunch
https://www.youtube.com/channel/UCD5_...

Non -Subscriber SPECIAL Link
https://www.youtube.com/channel/UCD5_...

DON'T' FORGET TO LIKE, SUBSCRIBE, COMMENT AND SHARE!!!

Holla at me on -
Twitter : https://twitter.com/NateTheLawyer
Facebook: https://www.facebook.com/nate.broady.946",2021-08-22T01:37:45Z,12830,https://www.youtube.com/watch?v=oou9INxAcA8
cfglyweLjqc,Pelosi Sr Advisor = Lobbyist for Clinton favored controversial Dominion Voting Systems,,2020-11-09T22:28:17Z,849,https://www.youtube.com/watch?v=cfglyweLjqc
8au6UGaO7zs,Dominion Voting systems runs from hearing 11 20 20 House News Conference,"Applications that are pending as well as patents that have already been granted by the united states patent and trademark office (uspto) Dominion Patent Number - 9870666 Inventors - John Poulos, James Hoover, Nick Ikonomakis, Goran Obradovic A system,method and computer program for tabulating votes and creating an audit trail is provided. A ballot processing device may include a paper feed machine mechanism, a computer, a ballot processing application loaded onto the computer and a digital scanning device link to the computer. the ballot processing application may process digital image to establish a series of processing results defining one or more vote results for the paper ballot and also an audit trail. The ballot processing application may process the digital image to define the voting results based on criteria established by the election officials, including ambiguous mark criteria. the audit trail enables election officials to verify that particular paper ballots have been processed correctly in accorance with these criteria. type - grant Filed - may 3, 2012 date of patent - January 16, 2018 Assignee - Dominion Voting Systems, Inc. Inventors - John Poulos, James Hoover, Nick Ikonomakis, Goran Obradovic Also Esnos is as bad as dominion more info on them to come #foxnews #cnn #msnbc #abc #nbc #cbs #skynews #tyt #oan #rsb #bbc",2020-12-04T21:38:04Z,105,https://www.youtube.com/watch?v=8au6UGaO7zs
BQ0LBdheupI,Exploring the Potential Connection Between the Nashville Bombing and Dominion Voting Systems,"#NashvilleBombing - We explore the potential connection between the AT&T Bombing in Nashville and Dominion Voting Systems. Was there really election fraud? Was this a black flag? Let's discuss.

Copyright Chillhop Music - https://chll.to/0758f774

–––––––––––––––––––––––
My Book, Thoughts of a Dreamer: https://amzn.to/2DxtMcK
👚 MERCH: https://blackicetbn.live/merch
–––––––––––––––––––––––
📲  Become a Sponsor on Patreon: https://www.patreon.com/theblacknarrative
📲  Donate Through CashApp: https://cash.app/$nekked
📲  Donate Through Paypal: https://blackicetbn.live/tip
–––––––––––––––––––––––",2020-12-30T14:10:27Z,463,https://www.youtube.com/watch?v=BQ0LBdheupI
7xgiSjwlWL8,Dominion Voting Democracy Suite® EMS Results Tally &amp; Reporting Training Video,"Parler: @GKChesterton
Twitter: @GKCinspiredCSL
Other Socials / Secret Twitter: https://linktr.ee/GKChesterton

https://www.dominionvoting.com/training/rtr/index.html#

https://twitter.com/graphiccons/status/1333928101215133697?s=20",2020-12-02T02:00:23Z,120,https://www.youtube.com/watch?v=7xgiSjwlWL8
tNnl5ol3P2g,LIVE: Dominion Voting CEO Testimony at Michigan Legislature Hearing,"Stream via RSBN. Subscribe to RSBN: http://bit.ly/2gDGbkh

LIVE: Dominion Voting CEO Testimony at Michigan Legislature Hearing",2020-12-15T21:19:24Z,13222,https://www.youtube.com/watch?v=tNnl5ol3P2g
DiBqdzs1shY,PLEASE READ USER GUIDE  DOMINION VOTING,"""Please Read"" the user guide is an tutorial of Dominion Voting's manual on how to tabulate/manipulate the ballots in an election.

This video will explain to you one of the ways to alter vote totals, and it is all in writing and all upfront... no hidden data here...",2020-12-01T20:31:02Z,67,https://www.youtube.com/watch?v=DiBqdzs1shY
8Up73bFTsQg,Clip from &#39;Kill Chain&#39; HBO doc about Dominion Voting Systems,This clip from the HBO doc 'Kill Chain: The Cyber War on America’s Elections' covers the Dominion Voting Systems and how vote can not possibly be audited.,2021-07-19T22:25:58Z,156,https://www.youtube.com/watch?v=8Up73bFTsQg
AjPCOim0jgI,Spokesperson for Dominion Voting Systems responds to Trump campaign claims,"Welcome to ShareNewsIN

""This is a non-partisan, American company. It is not physically possible for our machines to switch votes from one candidate to the other.""

In an interview with Fox News' Eric Shawn on ""America's News Headquarters"" Sunday, Dominion spokesperson Michael Steel addressed the allegations that Dominion Voting Systems has faced and explained why he believes they are without merit. https://fxn.ws/2UR8Cfq

Subscribe : https://tinyurl.com/y6pyccgw
More Video Daily Thanks You!!!
#PleaseHelpSubscribe⛪✝More Video Daily Thanks You!!!",2020-11-23T10:09:38Z,105,https://www.youtube.com/watch?v=AjPCOim0jgI
G_aSatgbsM8,Dominion Voting Systems Runs From Transparency,"Dominion Backed out of a hearing in Pennsylvania. ""How hard is it to say our ballot machines...are 100 percent accurate? If they have nothing to hide, why are they hiding from us?""",2020-11-21T02:08:17Z,4155,https://www.youtube.com/watch?v=G_aSatgbsM8
H4MvbmSoSw8,District judge halts 3 Georgia counties from erasing Dominion voting machine data,"closeVideoA district judge on Sunday night blocked three Georgia counties from altering or erasing data on Dominion voting machines after Republican nominees to the Electoral College filed an emergency motion.Judge Timothy C. Batten Sr.'s order applies to Dominion voting machines in Cobb, Gwinnett and Cherokee counties, which are clustered in the Atlanta metropolitan area. The order does not apply to Georgia's other 156 counties.  ""After a general election and hand recount audit, Vice President [Joe] Biden was declared the winner of Georgia’s General Election for President by a margin of 12,670 votes on November 20, 2020,"" the plaintiffs wrote on Friday. ""But the vote count certified by the Defendants on November 20 is wrong. Tens of thousands of votes counted toward Vice President Biden’s final tally were the product of illegality, and physical and computer-based fraud leading to 'outright ballot stuffing.'"" ""Georgia's election process depends entirely on voting machines, tabulators and software purchased from Dominion Voting Systems Corporation ('Dominion') that was compromised. Computerized vote recording and tabulations are controlled by software programs that were designed to cheat, and which were open to human manipulation,"" the filing continued. The elector nominees, who include conservative teen pundit C.J. Pearson, are seeking an order to allow them to inspect Dominion voting machines. They name Georgia Gov. Brian Kemp and Georgia Secretary of State Brad Raffensperger, both Republicans, among the defendants.  ""WE WILL STOP THE STEAL,"" Pearson tweeted on Monday. Dominion countered that ""allowing such forensic inspections would pose substantial security and proprietary/trade secret risks,"" Batten wrote. Dominion has until Wednesday ""to file a brief setting forth in detail the factual bases they have, if any, against allowing the three forensic inspections. The brief should be accompanied and supported by affidavit or other evidence, if appropriate,"" Batten ordered. Batten's order comes as all eyes are on Georgia amid twin Senate runoff races and President Trump's criticism of Kemp and Raffensperger over the election, which he lost. ""Why won't Governor @BrianKempGA, the hapless Governor of Georgia, use his emergency powers, which can be easily done, to overrule his obstinate Secretary of State, and do a match of signatures on envelopes,"" Trump wrote on Twitter on Monday morning. ""It will be a 'goldmine' of fraud, and we will easily WIN the state."" Michael Steel, a spokesman for Dominion, previously denied claims that vote cast through the company’s systems were at risk of being altered. He said it is physically impossible to alter votes in the system. ""Look, when a voter votes on a Dominion machine, they fill out a ballot on a touch screen. They are given a printed copy which they then give to a local election official for safekeeping. If any electronic interference had taken place, the tally reported electronically would not match the prin",2020-11-30T17:18:10Z,153,https://www.youtube.com/watch?v=H4MvbmSoSw8
HUNeozupEf4,Is Dominion Voting Systems Owned by China?,"Exclusive video/written content for as little as £5 a month: https://www.lotuseaters.com/register

Full Video: https://www.youtube.com/watch?v=-3sjKE2doHw&ab_channel=ThePodcastoftheLotusEaters

Subscribe to our other channel:
https://www.youtube.com/channel/UCnw5I-wliudW8YO1vr5O4IQ

Follow us:
Parler - https://parler.com/profile/lotuseatersdotcom/posts
Twitter - https://twitter.com/lotuseaters_com
Gab - https://gab.com/lotuseaters_com
Minds - https://www.minds.com/lotuseaters_com/
Facebook - https://www.facebook.com/lotuseatersdotcom
VK - https://vk.com/lotuseaters_com
Sound Cloud - https://soundcloud.com/lotuseaters_com
BitChute - https://www.bitchute.com/channel/lotuseaters_com/
Instagram - https://www.instagram.com/lotuseaters_com/
Rumble - https://rumble.com/c/c-340087
Ruqqus - https://ruqqus.com/+lotuseaters_com
Reddit  - https://www.reddit.com/r/Lotuseaters_com/
Spotify - https://open.spotify.com/show/3bXokLwz40Wt5iQjDClghI
DLive - https://dlive.tv/lotuseaters_com
Twitch - https://www.twitch.tv/lotuseaters_com
Google Podcasts - https://podcasts.google.com/feed/aHR0cHM6Ly9mZWVkcy5zb3VuZGNsb3VkLmNvbS91c2Vycy9zb3VuZGNsb3VkOnVzZXJzOjg5NjIxMzU3NS9zb3VuZHMucnNz?sa=X&ved=0CAIQ9sEGahcKEwjIxrePtdDtAhUAAAAAHQAAAAAQFA
Apple Podcast - Pending verification
__________________________________________________________________________

Dominion owned by China? - Newsmax WH correspondent
https://twitter.com/EmeraldRobinson/status/1339016655893114880

Seems to have had connection to SolarWinds scrubbed
Today: https://dvsfileshare.dominionvoting.com/Web%20Client/Mobile/MLogin.htm
14 Dec: https://web.archive.org/web/20201214093452/http://dvsfileshare.dominionvoting.com/Web%20Client/Mobile/MLogin.htm

Sequoia was acquired by Smartmatic
https://en.wikipedia.org/wiki/Sequoia_Voting_Systems

Smartmatic Affadavit
https://www.centerforsecuritypolicy.org/2020/11/21/evidence-smartmatic-voter-fraud/

Not sure who owns Dominion, frankly
https://www.nbcnews.com/news/all/chinese-parts-hidden-ownership-growing-scrutiny-inside-america-s-biggest-n1104516

Dominion received $400m from a China-linked Swiss Bank account
https://www.lotuseaters.com/sec-filing-dominion-received-usd400-million-from-swiss-account-linked-to-07-12-20

Antrim County forensic audit of Dominion
https://archive.is/3Hjfy

Powell: Trump could trigger executive order on foreign election interference
https://archive.is/ahGDH

The executive order
https://archive.is/N1SWr",2020-12-16T18:30:02Z,13041,https://www.youtube.com/watch?v=HUNeozupEf4
fvXGmwVVQeM,Chicago Election / Dominion Voter Systems Open /  Remote access to U.S. Elections. (election fraud.),,2020-11-21T20:08:26Z,68,https://www.youtube.com/watch?v=fvXGmwVVQeM
Sq81MXCmcMs,PBS investigates Dominion Voting Systems in GA finding huge lack of software security.,,2020-11-14T14:38:28Z,1389,https://www.youtube.com/watch?v=Sq81MXCmcMs
wWvj-6OJRtw,Dominion Voting Systems and Smartmatic Software,"In this edition, Mike summarizes the press conference given by the Trump team's lawyers.  Some concerning information behind the story of the dominion voting system and Smartmatics software.  Joe Biden's ""charity"" organization.  And finally, a Danish study about the efficacy of protection provided by masks as it relates to covid-19.

Sidney Powell Claims Smartmatic Can Change Votes Undetected:
https://www.washingtonexaminer.com/news/trump-lawyer-sidney-powell-claims-venezuelan-whistleblower-warned-smartmatic-can-change-votes-without-detection

Smartmatic's connection to George Soros:
https://www.ibtimes.com/chavez-soros-my-cousin-vinny-giulianis-wild-vote-fraud-presser-3085732

Joe Biden's Cancer ""Charity"":
https://www.dailymail.co.uk/news/article-8950275/Joe-Bidens-cancer-charity-spent-3-7million-staff-salaries.html

Danish Mask Study:
https://www.acpjournals.org/doi/10.7326/M20-6817

You have criticisms, recommendations, or topics for new videos: thefederalistfiles@gmail.com
Catch this podcast on apple podcasts: https://podcasts.apple.com/us/podcast/the-federalist-files/id1536517953
Spotify: https://open.spotify.com/show/0hpUFhzr8AXqXLKl6daQKq
Rumble: https://rumble.com/user/Thefederalistfiles
Please like, share, and subscribe
Support our veterans: https://www.woundedwarriorproject.org

Follow on parler: @MichaelDeMato
Follow on Twitter: @michael_demato",2020-11-21T17:00:30Z,133,https://www.youtube.com/watch?v=wWvj-6OJRtw
t1TpR53yPHU,Dominion voting system may be used Again for Georgia’s Senate Runoff!,"Dominion voting system may be used Again for Georgia’s Senate Runoff!

MASSIVE GLOBAL BOYCOTT 2020 ~ December 5th&6th. Let’s send them a message that our voices have the right to be heard and we will turn them off.


Please like,❤️share, share, share,🤍 and 💙. ~Please help me reach 1000 subscribers by subscribing today. Thank you🙏🏾

Just in case you would like to Donate please use PayPal: https://www.PayPal.me/CynthiaRaglin

Email:1stHeiress@gmail.com

Thank you and God Bless❣️",2020-11-27T00:15:26Z,50,https://www.youtube.com/watch?v=t1TpR53yPHU
8YI5hGucHSg,Canadian Citizenship Test 2022 (414 Questions),"This video is designed to help you prepare for and pass your Canadian Citizenship Test in 2022.

––––––––––––––––––––––––––––––
Happy Life by FREDJI https://soundcloud.com/fredjimusic
https://www.facebook.com/fredjimusic
Music promoted by Audio Library https://youtu.be/u4PI5p5bI9k
––––––––––––––––––––––––––––––",2022-07-08T06:02:54Z,2486,https://www.youtube.com/watch?v=8YI5hGucHSg
jJSKCHNsmfI,Democrats Complain About Dominion Voting Systems Fraud,I'm old enough to remember when it was the Democrats crying foul about Dominion Voting Systems being used for fraud in 2016 and other US election.,2020-11-18T16:40:15Z,822,https://www.youtube.com/watch?v=jJSKCHNsmfI
MjUNVO2Whkw,Texas rejected the Dominion voting system before the election,,2020-11-15T12:14:52Z,34,https://www.youtube.com/watch?v=MjUNVO2Whkw
3sUyFLWT3Y8,"Live with Ezra Levant - Canadian Law, Dominion Voting, &amp; MORE! Viva Frei Live Stream","Ezra Levant is back joining us live. We're going to follow-up on some old stories, and discuss some new stuff. Enjoy!

#EzraLevant #RebelNews #DominionVoting",2020-11-19T20:08:29Z,36178,https://www.youtube.com/watch?v=3sUyFLWT3Y8
mX4KbcGt-Us,BREAKING: SHOCKING Discovery on Dominion Voting Machine,Michigan ( MI ) attorney Matt DePerno in Antrim county shows that Dominion voting machines may have the capability to manipulate vote tallies,2021-05-10T23:00:15Z,935,https://www.youtube.com/watch?v=mX4KbcGt-Us
8gkwiUcqMzg,Top 5 Findings from the Forensic Analysis of Dominion Voting Systems,"Links to the source material

Antrim County Forensics Report on Dominion Voting System: https://www.scribd.com/document/488105156/Antrim-County-Forensics-Report-on-Dominion-Voting-System

Hot to cheat at adjudication:  https://mobile.twitter.com/KanekoaTheGreat/status/1336888454538428418

Democracy Suite EMS Results Tally and Reporting User Guide: https://www.sos.state.co.us/pubs/elections/VotingSystems/DVS-DemocracySuite511/documentation/UG-RTR-UserGuide-5-11-CO.pdf

Democracy Suite High-Level Diagram:  https://www.sos.state.co.us/pubs/elections/VotingSystems/DVS-DemocracySuite511/documentation/2-03-EMS-FunctionalityDescription-5-11-CO.pdf

#Dominion #Forensic #Votes",2020-12-15T02:22:46Z,292,https://www.youtube.com/watch?v=8gkwiUcqMzg
Oui5_FnaZBc,05 Q&amp;A Session 3 | MI Senate Oversight Committee Hearing with Dominion Voting Sys Testimony,"On December 15th, 2020 Members of the MI Senate Oversight Committee heard sworn testimony from Dominion Voting Systems.

For more information about this and other voting system technologies, visit us on the following platforms: https://linktr.ee/krakeninstitute",2020-12-17T10:00:16Z,29,https://www.youtube.com/watch?v=Oui5_FnaZBc
qMED6Y_wCIw,pa legislature address Dominion voting machines,,2020-11-20T18:08:02Z,402,https://www.youtube.com/watch?v=qMED6Y_wCIw
5jPkQc_NXLQ,Dominion Voting Systems tied to Nacy Pelosi,,2020-11-08T21:13:35Z,227,https://www.youtube.com/watch?v=5jPkQc_NXLQ
34CEjFwz6rQ,Princeton Andrew Appel Hacks Dominion Voting System. Proof It Can Be Done. #StopTheSteal,,2020-11-13T04:43:59Z,938,https://www.youtube.com/watch?v=34CEjFwz6rQ
ik7SxHGA4PY,OBVIOUS Dominion Voting Machine Fraud | Arizona REFUSES To Conduct Audit - #FactsMatter,"As beautiful of a state as it may be, Arizona has denied Trumps legal team the right to Audit corrupt and outdated Dominion Voting Machines. Confirmed by data scientists, analysts, government officials, sworn affidavit, and even prior employees; the question is not whether voting machines failed, but rather how many people across the Globe they have ""one-sided"". Worse yet, Dominion Voter Systems have been in use since 2002.





ORIGINAL CREATOR DESCRIPTION:

Facts Matter with Roman Balmakov
350K subscribers
In Georgia, the Senate released an election report which found evidence of “coordinated illegal activity.”

In Arizona, election officials are refusing to comply with a subpoena to audit the voting machines and as well as the ballots.

In Pennsylvania, the Trump legal team is pushing a new case to be heard by the US Supreme Court.

And as all this is happening, BIG TECH is censoring information about the election across all platforms.

Resources:

🔵 Instagram:

https://ept.ms/2VW5HST

🔵 Gift Package:

http://ept.ms/3awKIi8

🔵 Giuliani's New Plan:

http://ept.ms/3az8jP5

🔵 Censorship:

http://ept.ms/3axQPms

🔵 Arizona:

http://ept.ms/3mHqtRj

http://ept.ms/34vHYxx

🔵 Georgia:

http://ept.ms/3aw8sD9

http://ept.ms/38nPM5K

http://ept.ms/3nFFWCx

http://ept.ms/3nGnQAB

🔵 Pennsylvania:

http://ept.ms/38pok7M

🔵 Relief Bill:

http://ept.ms/3h76IRS

------------------
🔔Subscribe for updates: https://bit.ly/FactsMatter_Roman
🔔For more news and videos visit: https://www.theepochtimes.com/c-facts...
🔔Get real news other media outlets don’t report: https://bit.ly/EpochNews1
-------------------------------------------------
Support us: https://donorbox.org/facts_matter
Contact us: FactsMatterRoman@gmail.com
Follow us on Parler: https://parler.com/profile/FactsMatte...
Follow us on Twitter: https://twitter.com/FactsMatterRB
Follow us on Instagram: https://www.instagram.com/epoch.times...
Follow us on Rumble: https://rumble.com/c/FactsMatterWithR...
-------------------------------------------------
Trump’s New Election Strategy; Arizona REFUSES To Conduct Audit; Big Tech Censorship | Facts Matter
-------------------------------------------------
#GeorgiaElection #Censorship #SupremeCourt
-------------------------------------------------
© All Rights Reserved.",2020-12-22T12:28:13Z,905,https://www.youtube.com/watch?v=ik7SxHGA4PY
stTKMtKTVxc,The Anatomy of a Lie | How the Right Became Obsessed with Dominion Voting Systems,"I’ve spent the last week on various social media platforms exploring the dominant theories among Trump voters for how the election was rigged against him, and one particularly persistent theory has caught my attention. Before this year’s election, you’d probably only heard of Dominion Voting Systems if you’re a regular watcher of John Oliver or reader of white papers of voting, but all of that changed on November 12th when Trump tweeted the lie that Dominion Voting Systems had fraudulently switched millions of votes for himself to Joe Biden, costing him the election. Now, I can’t talk to a single Trump voter without them asserting as truth that Dominion swung the election despite there being absolutely no evidence for this, much less proof. This made me curious. How does such a broad population of people all come to believe the same flimsy lie so quickly?

https://apnews.com/article/election-2020-joe-biden-us-news-media-michigan-43bdaa186e3b8d9d897cae3bd0c6cdc0

https://apnews.com/article/joe-biden-donald-trump-technology-voting-michigan-6beeef230376e75252d6eaa91db3f88f

https://www.nytimes.com/2020/11/11/technology/no-dominion-voting-machines-did-not-delete-trump-votes.html

https://www.usatoday.com/story/news/factcheck/2020/11/14/fact-check-dominion-voting-machines-didnt-delete-switch-votes/6282157002/

https://www.businessinsider.com/trumps-lawyer-claims-without-evidence-won-millions-of-votes-2020-11

https://www.insider.com/trump-tweets-out-fake-voting-claim-right-after-oan-segment-2020-11

https://en.wikipedia.org/wiki/One_America_News_Network

https://www.theverge.com/2020/10/5/21499009/harvard-berkman-klein-center-paper-voting-misinformation-trump-tweets-media-framing

https://cyber.harvard.edu/publication/2020/Mail-in-Voter-Fraud-Disinformation-2020

https://www.washingtonpost.com/national-security/trump-fires-dhs-election-official/2020/11/17/97d3fa5c-251c-11eb-952e-0c475972cfc0_story.html

https://www.npr.org/2020/09/29/917747123/you-literally-cant-believe-the-facts-tucker-carlson-tells-you-so-say-fox-s-lawye

https://www.cisa.gov/news/2020/11/12/joint-statement-elections-infrastructure-government-coordinating-council-election",2020-11-22T17:12:54Z,82,https://www.youtube.com/watch?v=stTKMtKTVxc
nhjwWyvuKvY,Dominion Voting Systems lawsuit &#39;bombshell&#39; about an OAN News &#39;expert&#39; witness,"Today Axios is reporting that Dominion Voting Systems filed a lawsuit against conservative media outlets Newsmax, OAN News Network as well as Rudy Giuliani and others claiming defamation.

Dominion has been one of the most maligned companies in America- maligned by the conservative media, maligned by republican lawmakers, maligned by the president and all his men in a vast media eco system that perpetuated and reinforced the lies in an effort to overturn the last election. What Republicans did to Dominion to promote their fraud is inexcusable- Dominion hasn't done anything wrong and is now fighting back to protect their reputation. In that lawsuit, there's a nugget that details a so-called 'expert witness' that OAN used to promote the theory of Dominion election fraud that you may find interesting..",2021-08-11T02:12:55Z,107,https://www.youtube.com/watch?v=nhjwWyvuKvY
7cIktf7_Izo,120820 #2 | GMVA | Du Miên | DOMINION VOTING SYSTEMS LÊN TÒA | VNATV,"#chinhtrimy #trump #vnatv
Mời Qúy Vi xem Đài Truyền Hình VNA-TV 57.3 trực tiếp tại vnatv573.com và vnatv.com Facebook – Youtube: VNATV. Điểm Báo và Đọc Tin hàng ngày trên Đài Truyền Hình 57.3, Orange County, California / San Jose 16.10 và Houston 27.4 - USA (truyền hình trực tiếp 24/24). Ngoài tin tức còn nhiều chương trình đặc sắc như: - Good Morning America và Cộng Đồng do Du Miên Thực Hiện -Thế Sự Thăng Trầm do Phương Thanh thực hiện – Bình luận thời sự do LS Đỗ Thái Nhiên- (Local News) - Cải Lương ""Tình Người Viễn Xứ"" do nhóm Nghệ Sĩ Thu hồng thực hiện. - Người Việt Đó Đây do Tiến Sĩ Lê Minh Nguyên thực hiện - Anh Vẫn Sống do Ban Tù Ca Xuân Điềm thực hiện. Y kiến, ủng hộ, chia sẽ, đóng góp xin email về email: vietnamamericatv@gmail.com or info@vnatv.com.
Tại Youtube  https://www.youtube.com/channel/UCkSGlG3AKCz8unaLW3uoQOQ
Tại Facebook https://www.facebook.com/Vnatv/
Tại website https://vnatv.com/",2020-12-08T21:50:19Z,364,https://www.youtube.com/watch?v=7cIktf7_Izo
E0OVMCU8rnA,DOMINION VOTING SYSTEMS= F R A U D,"The Dominion Voting Systems company was turned down multiple times for certification. Texas made the right choice it seems.

Disclaimer: For legal reasons this video is for educational purposes only. I am not claiming that anything is or is not true.",2020-11-07T16:59:40Z,14827,https://www.youtube.com/watch?v=E0OVMCU8rnA
WAdJAxLAJjE,Dominion Voting Systems tip of iceberg of election irregularities,"November 12, 2020 - NO Soundbites Allowed - ** Breaking post recording Update: PA judge declares overreach of power by PA Secretary of State on changes to vote regulations ** With the focus on a growing number of irregularities of Dominion Voting Systems software, other election issues are being overshadowed. The rush to declare Joe Biden President-elect masks the on-going suppression of facts, and concerns of voter fraud per YouGov polling.

Sources:
https://trends.google.com/trends/trendingsearches/daily?geo=US
https://www.mcall.com/news/nation-world/ct-nw-nyt-dominion-voting-machines-problems-20201112-dfhvga5uzjatdah2azb3fytlaa-story.html
https://twitter.com/CIS_org/status/1326944705393864704
https://twitter.com/JRubinBlogger/status/1324792225260253184
https://youtu.be/ZtQ_6g2OPfE
https://nypost.com/2020/11/06/aoc-facing-heat-for-wanting-to-archive-posts-by-trump-sycophants/
https://www.trumpaccountability.net/
https://www.facebook.com/photo?fbid=10220860542801945&set=a.10200508915103972
https://youtu.be/k2MnWoDiNf0
https://www.breitbart.com/politics/2020/11/10/joe-biden-in-september-i-will-not-declare-victory-until-the-election-is-independently-certified/
https://nypost.com/2020/11/02/dead-people-caught-voting-in-nyc-elections-records-show/
https://freebeacon.com/2020-election/watchdog-finds-21000-dead-registrants-on-pa-voter-rolls-in-final-weeks-of-election/
https://www.theepochtimes.com/nevada-gop-announces-at-least-3062-instances-of-voter-fraud_3567872.html
https://www.nytimes.com/2020/11/10/us/politics/voting-fraud.html
** Breaking - https://www.theepochtimes.com/mkt_app/pennsylvania-court-rules-secretary-of-state-improperly-changed-deadline-2-days-before-election-day_3576585.html **

About Us:

GoFundMe - https://www.gofundme.com/f/Support-Free-Press

Political Commentary - http://www.mvass.com

Twitter - @MVConsult

Parker - @Vassmike68",2020-11-12T21:21:43Z,130,https://www.youtube.com/watch?v=WAdJAxLAJjE
PR66TN-Mlig,"Rep. Ron Hanks: China attacking US via Dominion voting machines, &quot;weaponized bio-agents&quot;","Recorded in the Colorado House, 1/18/22.",2022-01-18T19:28:19Z,136,https://www.youtube.com/watch?v=PR66TN-Mlig
gnTOecbEy0U,1. Indian Polity | General studies for AAI ATC JE Exam preparation | General studies for AAI ATC JE,"1. Indian Polity | General studies for AAI ATC JE Exam preparation | General studies for AAI ATC JE
Airport Authority of India announces 400 vacancies for junior Executive Air Traffic Control | All Graduates with Physics & Maths is eligible | YourPedia starting the preparation module for the same AAI JE ATC Written. preparation. 50% Topics & 90% weightage of these topics of Physics & Mathematics | AAI ATC JE Exam preparation

Interested fill google form: https://forms.gle/KBXvgfHryiva7yek8

#AAI_ATC_JE_Exam_Preparation
#AAI_JE_ATC_Preparation
#AAI_ATC_JE_General_studies

For more educational video such as preparation strategy for entrance exam or motivational videos, make sure you SUBSCRIBE our channel and click on bell icon for future updates.
______________________________
Check out our website:
https://www.yourpedia.in/
______________________________
YourPedia Mock Interview GD GT Channel –
https://www.youtube.com/channel/UCc5I2-ufNOnPmrwFQKwpeig
YourPedia Jobs Update & Preparation Channel - https://www.youtube.com/channel/UCltheKNKEczg5eKWbVCouig
______________________________
Follow Us On
Facebook:- https://www.facebook.com/Yourpedia/
Telegram:-https://t.me/yourpedia
Telegram(Job Notification): -https://t.me/yourpediajob
Telegram (CIVIL & ES GATE Preparation):
Instagram: -https://www.instagram.com/yourpedia/
___________________________
POST GATE COUNSELLING Playlist:
https://www.youtube.com/watch?v=VdtCjic2_s0&list=PLLtWVVE-awYjhkfbnzroDLQAaYIg15IqI
Inspirational Videos of Selected Students:
https://www.youtube.com/watch?v=OjiDkQ-izi0&list=PLLtWVVE-awYhDs3PtnIDthNjGYbqw6d4M
Environmental Science & Engineering GATE Preparation:
https://www.youtube.com/watch?v=JYT6Zf72P24&list=PLLtWVVE-awYhF-_oZtvpJcOVyCT9BSIXy
YourPedia Selections:
https://www.youtube.com/watch?v=YdtC9Bb_ffA&list=PLLtWVVE-awYiI9K4tCQ0a4uHhTqD4R86w
Foreign Admissions (Dream Big Series):
https://www.youtube.com/watch?v=Vl1276SNTSo&list=PLLtWVVE-awYhYrILSo5YDSeSRW-D3rmr_
=====================
Interview Questions for IIT(MTech/MS/Direct PhD)/PSU/Campus Placement-Production
https://www.youtube.com/playlist?list=PLLtWVVE-awYiy0j7bEMdVpawD7DelpXBj
Interview Questions for IIT(MTech/MS/Direct PhD)/PSU/Campus Placement-FM
https://www.youtube.com/playlist?list=PLLtWVVE-awYj4O8iL6KHDjoDWK5TQVubl
Interview Questions for IIT(MTech/MS/DirectPhD)/PSU/Campus Placement-THERMODYNAMICS
https://www.youtube.com/playlist?list=PLLtWVVE-awYgA5WJHslKKklbY7jMxeM9S
Interview Questions for IIT(MTech/MS/Direct PhD)/PSU/Campus Placement-SOM
https://www.youtube.com/playlist?list=PLLtWVVE-awYgLBkZ1GFgiFPzhJw-Yc_r3
===========================================================
For any Details or Guidance feel FREE to call us at 9855273076",2022-07-05T02:44:16Z,2551,https://www.youtube.com/watch?v=gnTOecbEy0U
ZzvOBHnoyGs,Antonio Mujica n Smartmatic Dominion voting machines,,2020-12-03T23:15:13Z,42,https://www.youtube.com/watch?v=ZzvOBHnoyGs
qaqGHxjGleI,MyPillow CEO: Dominion Voting Systems &#39;hired hit groups&#39; to &#39;cancel me out&#39;,"MyPillow CEO Mike Lindell on Tucker Carlson's show says Dominion ""hired hit groups and bots and trolls and went after all my vendors and box stores to cancel me out.""",2021-01-27T03:42:38Z,303,https://www.youtube.com/watch?v=qaqGHxjGleI
5PtbMLA6cfM,Dominion Voting Systems (2016-Fox) - Demonstrating How Easy it is to Hack Dominion and Switch Votes,A broadcast from 2016 demonstrates how easy it is to switch votes over from one candidate to another by hacking Dominion voting systems.   These are the same systems at work in the U.S. 2020 election swing states.,2020-11-12T19:48:48Z,942,https://www.youtube.com/watch?v=5PtbMLA6cfM
wZOR_gsSWeg,Using Our Voices in Legislation with Mercedes Sparks,Using Our Voices in Legislation with Mercedes Sparks,2022-07-08T20:12:04Z,134,https://www.youtube.com/watch?v=wZOR_gsSWeg
j2f2t0VP2iM,WELCOME TO DOMINION | Apostle Joshua Selman Nimmak,"Join this channel to get access to perks:
https://www.youtube.com/channel/UCP0ZvC29N_YLCMlBYtjmPLA/join

Commanding Results | Apostle Joshua Selman Sermons | Koinonia Global

To Join In Mobile Evangelism Check Our Store via - http://bit.ly/SBiCConnectStore God Bless You

#ApostleJoshuaSelmanVideos
#KoinoniaAbuja
#KoinoniaZaria
#KoinoniaGlobal
#OnlineSermons

Note: We Share Sermons from Koinonia Global, Koinonia Abuja, and Koinonia Zaria alongside other Online Sermons. Catch Up Koinonia Sunday Services From Koinonia Abuja, and Koinonia Miracle Services with Apostle Joshua Selman Videos

Apostle Joshua Selman Powerful Sermon 2021
Powerful Sermon Of Apostle Joshua Selman 2021

SBiC Connect is a Media Platform connecting you with REVIVAL Materials that will prepare you for the COMING REVIVAL via free eBooks, Sermons, and Music, to know more about us follow this link http://bit.ly/SBiCConnectdotcom

Join Us On:
Telegram via https://t.me/SBiCConnect
Facebook https://www.facebook.com/sbicconnect
Instagram https://www.instragram.com/sbicconnect
Twitter https://www.twitter.com/sbicconnect

Kindly Subscribe to Our Channel and tell your friends about us too via this link http://bit.ly/SBiCConnectChannel

Download All Koinonia Audio Messages 2011 to 2020 at https://wp.me/P9XusK-7

You can also get the External Ministrations of Apostle Joshua Selman Nimmak Away From Koinonia at https://wp.me/P9XusK-v

Please to connect directly or officially with Apostle Joshua Selman or His Ministry kindly use the following Official Social Media Handle:
Facebook: https://www.facebook.com/koinoniaeni
Twitter: https://www.twitter.com/koinoniaeni
Instagram: @koinoniaglobal
YouTube: @koinoniaglobal
Website: https://www.koinoniaglobal.org
Or
CALL THE OFFICIAL LINES:
For ANY Enquiry About Apostle Joshua Selman and Ministry On:
Public Relations Department: +2348147214444 and +2349077777853
Protocol Department: +2347087777765
Media Department: +2348100289892
Finance Department: +2349065996660

Glory Cloud:
Do you want to be updated always about koinonia Sermons and Apostle Joshua Selman Nimmak?

You want to download Christian Literatures free of charge and interact with like minds?

We have got you covered! Search for Glory Cloud on Google Play or follow this link http://bit.ly/DownloadGloryCloudApp",2022-07-04T16:30:10Z,1312,https://www.youtube.com/watch?v=j2f2t0VP2iM
YM6k2pyyim8,Rudy Giuliani To File A Counter Lawsuit Against Dominion Voting System,"SUPPORT MY MINISTRY
Cash App, - $Jeroneld
Pastor Jerone  Paypal -  https://www.paypal.me/PastorJerone
Venmo - www.venmo.com/Jerone-Davison
https://streamlabs.com/pastorjeronetv/tip
ADVANCED 300 Donation - https://www.paypal.com/donate?hosted_button_id=Q2TL2TA88A5NU
ADVANCE 300 Monthly Donation - https://py.pl/8VmicF5NtkN",2021-02-23T05:50:42Z,220,https://www.youtube.com/watch?v=YM6k2pyyim8
HB39LLaOCgM,"Dominion Voting systems and their issues, also Voting fraud reported by one of their employees 🤔","Pre election concerns and  employee witnesses' voting fraud. #MAGA #Biden #2020election

News articles
https://www.theepochtimes.com/pre-election-concerns-over-dominion-voting-systems-highlighted-in-georgia-lawsuit_3576863.html

https://www.ntd.com/a-closer-look-at-dominion-voting-systems_526302.html

https://www.theepochtimes.com/dominion-contractor-says-she-witnessed-fraudulent-actions-in-detroit-during-ballot-counting_3576395.html",2020-11-14T19:06:39Z,148,https://www.youtube.com/watch?v=HB39LLaOCgM
nfkPJYWiUrg,How easy it is to hack a Dominion Voting Machine!,"🙏  S U B S C R I B E  A N D   H I T   T H E  🔔 !  :
http://www.youtube.com/c/QNewsNetwork

S O U R C E S:
Q DROPS:  qmap.pub

S O C I A L   M E D I A:
TWITTER:  https://twitter.com/qnewsnetwork17
INSTAGRAM: https://www.instagram.com/qnewsnetwork17
FACEBOOK:  https://www.facebook.com/QNewsNetwork17
EMAIL: qnewsnetwork17@gmail.com

P L E A S E   S U P P O R T   T H I S   C H A N N E L:

A TIP WOULD BE APPRECIATED (ANY AMOUNT):
https://paypal.me/qnewsnetwork17

MY GEAR:
COMPUTER:  https://amzn.to/358z9Yf
EDITING SOFTWARE: https://amzn.to/2ZGS3o0
SCREEN CAPTURING SOFTWARE: https://amzn.to/2tc8yMv
HEADPHONES: https://amzn.to/2ZASSyy

********************************************************************
D I S C L A I M E R :
This video and description contains affiliate links, which means that if you click on one of the product links, I will receive a small commission. This helps support my channel and allows me to continue making more videos like this. The price does not change from the original list price.

Thank you for the support!
********************************************************************

#QNEWS #WWG1WGA #QNEWSNETWORK  #THEGREATAWAKENING",2020-11-19T18:03:55Z,738,https://www.youtube.com/watch?v=nfkPJYWiUrg
639OF1EodAA,Dominion Voting Systems has a history of controversy in Canadian elections,"CORRECTION: An earlier version of this story claimed that Dominion Voting Systems' machines were responsible for ballots being torn. That was incorrect. It was a mail opening tool that was responsible for the ballot destruction in the 2020 Conservative Party of Canada Leadership race. Rebel News apologizes for this mistake. 

The U.S. should have asked Canada about the problems with Dominion Voting Systems before bringing it on board to so many important swing states. Problems have arisen time and again when Dominion has been involved in Canadian elections.
FULL REPORT from Keean Bexte: https://rebelne.ws/36Ee2j7

Rebel News: Telling the other side of the story. https://www.rebelnews.com for more great Rebel content.

Unlike almost all of our mainstream media competitors, Rebel News doesn’t receive any government funding. We rely on our generous audience to help keep us reporting. Please consider supporting Rebel News by making a donation, purchasing a RebelNews+ subscription, shopping in our online store, or any of the other methods below:

►Support our independent journalism - https://rebelne.ws/donation
►Donate in cryptocurrency - http://rebelne.ws/crypto
►Make a donation through PayPal - https://rebelne.ws/paypal
►Rebel News Plus  - Become a Premium Content subscriber - https://rebelne.ws/plus
►BUY Rebel News gear - https://rebelne.ws/store
►LISTEN to our FREE podcast - https://rebelne.ws/podcast

Make sure to follow Rebel News on social media too!
FACEBOOK - https://rebelne.ws/fbook
TWITTER - https://rebelne.ws/twitter
INSTAGRAM - https://rebelne.ws/Instagram

An original video production by Rebel News.

#RebelNews #KeeanBexte #DominionVotingSystem #Dominion",2020-11-16T16:51:34Z,20746,https://www.youtube.com/watch?v=639OF1EodAA
XmMD_1KBCIo,Trump Biden Dominion Voting Systems Georgia 黃世澤幾分鐘 #評論 20201111,"#Trump #Biden #DominionVotingSystems

00:00 Trump Biden Dominion Voting Syetems Georgia
03:30 Georgia 州喺今年六月用 Dominion Voting System出咗事，係New York Times報導
06:44 New York Times 直指 Georgia 用 Dominion Voting System嘅系統有問題
13:35 左膠為咗反Trump搬龍門，無視事實

本節目採用嘅資料來源
1. https://www.nytimes.com/2020/06/11/us/politics/georgia-voting-machines.html
2. https://www.nytimes.com/2020/06/10/us/politics/georgia-primary-election-voting.html

#Nytimes #USElections #Georgia #Democrat #StayHome #WithMe #跟我一樣 #宅在家
https://martinoei.com/",2020-11-11T23:00:10Z,63495,https://www.youtube.com/watch?v=XmMD_1KBCIo
SGwNDGvffBw,Exposing Dominion Voting System. All the FACTS about the Sketchy Voting Software,Exposing Dominion Voting System. All the FACTS about the Sketchy Voting Software,2020-11-20T05:12:11Z,667,https://www.youtube.com/watch?v=SGwNDGvffBw
_rofgBfVlfM,CodeMonkeyZ summarizes the Dominion Voting System Manual | Security Concerns,Good tweet thread by @codemonkeyz on twitter concerning his understanding of the voting manual for Dominion Voting System. Notes there are vulnerabilities open to exploits by IT professionals and others.,2020-11-12T05:08:09Z,5559,https://www.youtube.com/watch?v=_rofgBfVlfM
51jyRZeiGPg,Trump said Dominion Voting System Part (Chip)from China,,2020-11-16T14:30:47Z,19,https://www.youtube.com/watch?v=51jyRZeiGPg
eb3JAoY4wkQ,Eric Coomer explains how to alter votes via the Dominion voting system,"“Eric” was telling the Antifa members they needed to “keep up the pressure.” When one of the caller’s on a September group call asked, “Who’s Eric?” someone answered, “Eric, he’s the Dominion guy.” Oltmann said that as the conversation continued, someone asked, “What are we gonna do if F*cking Trump wins?” Oltmann paraphrased how Eric (the Dominion guy) responded, “Don’t worry about the election, Trump’s not gonna win. I made f*cking sure of that!” Oltmann, who runs a Denver data company, started to investigate “Eric from Dominion,” following the call and came upon Eric Coomer.

Source:

https://www.thegatewaypundit.com/2020/11/denver-business-owner-dominions-eric-coomer-unhinged-sociopath-internet-profile-deleted-erased-audio/

Eric Trump:

https://twitter.com/EricTrump/status/1328802449889562626

Coomer: “Don’t worry about the election, Trump’s not gonna win. I made f*cking sure of that!”",2020-11-24T08:58:48Z,9828,https://www.youtube.com/watch?v=eb3JAoY4wkQ
HorAGhRHyJw,Cops Arrest Eric Coomer of Dominion Voting System! Caught Lying To Police #conservatives #patriots,See full video @Patriot News Network on yt,2022-03-05T02:09:57Z,77,https://www.youtube.com/watch?v=HorAGhRHyJw
YtJB5oikN3U,Texas rejected Dominion Election Software for cause.,Dan Patrick calls Dominion Software junk!,2020-11-13T04:26:04Z,1267,https://www.youtube.com/watch?v=YtJB5oikN3U
pBwCNpYMJCA,Dominion Voting System in Question for 2020 Election,"#calltheadhero

LIKE & SUBSCRIBE for new videos every day.

Dominion Voting System has been in question since 2004 for the Venezuelan election. These voting machines might have given millions of votes to Joe Biden when the votes might have been meant for President Trump.
Fact Checkers around the net on every news site downplaying President Trump's allegations.
Also, Twitter & Facebook in another hearing about censorship. And Joe Biden asked softball questions.

FOLLOW ME:
Podcast: https://anchor.fm/realquickwithgenogiovanni
Advertise: https://adsemble.com
Parler: @genogiovanni
Twitter: https://twitter.com/ggadhero
Facebook: https://www.facebook.com/ggadhero
Instagram: http://www.instagram.com/ggadhero",2020-11-23T20:30:02Z,2,https://www.youtube.com/watch?v=pBwCNpYMJCA
Y7M8T0HAWGE,Lou Dobbs - Sidney Powell - Breaking News: New Affidavit On Dominion Voting Systems - 11-16-20,,2020-11-17T14:50:51Z,618,https://www.youtube.com/watch?v=Y7M8T0HAWGE
FdGf06a4LCU,Dominion Voting Systems Abruptly Cancel Scheduled Hearing Appearance PA❗️,,2020-11-20T21:47:27Z,114,https://www.youtube.com/watch?v=FdGf06a4LCU
anEuZft_ut8,Federal Investigation Of Foreign Influence In Dominion Voting System!  Dick Morris TV: Lunch ALERT!,"Sign up today…It’s FREE…
http://www.dickmorris.com/subscribe/",2020-12-16T20:49:19Z,2647,https://www.youtube.com/watch?v=anEuZft_ut8
c5zCa9GhbaM,Dominion Voting Systems Report In 2019 Supported By Elizabeth Warren &amp; Others As Insecure,"Craig ""Pasta"" Jardula, Fiorella Isabel, Jonny Tsunami discuss on The Convo Couch.

---------------------------------------------------------------
Have your chat appear ON-SCREEN!
https://streamlabs.com/theconvocouch/tip

PAYPAL Donate any amount when you like and provide your email and we will respond if you like:
https://www.paypal.com/cgi-bin/webscr?cmd=_s-xclick&hosted_button_id=C3RHNTB6ENS66&source=url

or https://paypal.me/TheConvoCouch

To support us further:
Patreon: http://bit.ly/tccpat4
or
Sign up on Rokfin and get access to all the creators Premium Content
https://rokfin.com/TheConvoCouch
(Creators include: Niko House, Ron Placone, Graham Elwood, Jimmy Dore, Kim Iversen, Tina-Desiree Berg, Jackson Facts, The American Vagabond, Papi Chulomin Richard Medhurst & more!)
---------------------------------------------------------------
Keep Up With THE CONVO COUCH 🛋
📺 Youtube: http://bit.ly/tccyt27
💵Patreon: http://bit.ly/tccpat4
👾Rokfin: https://rokfin.com/TheConvoCouch
🤖Twitch: https://twitch.tv/theconvocouch
🐦Twitter: https://twitter.com/theconvocouch
👮‍♀️Facebook: http://bit.ly/tcc2fb
🍑Instagram:  http://instagram.com/theconvocouch


🍝Craig ""Pasta"" Jardula
Twitter: https://twitter.com/yopasta
Facebook: http://bit.ly/pasta2fb


💃Fiorella Isabel:
Twitter: https://twitter.com/Fiorella_im
Facebook: http://bit.ly/tccfifb27


🌊Jonny Tsunami:
Twitter: https://twitter.com/jonathanmayorca
Jonny started a new channel! But will still be producing The Convo Couch :)
Subscribe to True Rebel Network: https://www.youtube.com/c/truerebelnetwork

Support True Rebel Network: https://www.patreon.com/truerebelnetwork",2020-11-14T14:30:02Z,3637,https://www.youtube.com/watch?v=c5zCa9GhbaM
CEz5A6PZEKM,Why is this that moment is history. To defeat dominion voting system with election lawsuit.,"Visit DominionClassAction.com for more information about joining the class action civil rights lawsuit against dominion voting systems, facebook, zuckerburg, and others.",2021-02-11T04:49:35Z,235,https://www.youtube.com/watch?v=CEz5A6PZEKM
xnhGmCx6cTo,"Georgia hearing reveals LIVE, real-time hacking of Dominion Voting Systems. *Bombshell.*🔻","Today- 12/30/2020 in Georgia hearing: Expert Witness Claims He Hacked Into Georgia Runoff Election DOMINION System!

🚨

*In his words, “WE ARE IN.”

""At this very moment at a polling location in the county, *NOT ONLY* do we now have access through the devices to the POLL PAD, to the system, but *WE ARE IN.*""

You can’t get any better proof than this!",2020-12-31T04:58:28Z,633,https://www.youtube.com/watch?v=xnhGmCx6cTo
p9_LCZpriwQ,"Sustainable Diets: Jessica Sansom in conversation with MD, Nick Gold","Sustainable Diets: Sustainability Director at Huel, Jessica Sansom, in conversation with MD Nick Gold

In this episode of 'In conversation with' the Former Head of Sustainability at Innocent drinks and the current Sustainability Director at Huel, Jessica Sansom joined our MD, Nick Gold on the topic of sustainability. Jessica and Nick discussed another aspect of sustainability, which is sustainability in the food industry.

There are two global issues in terms of food sustainability. As we have over 2 billion people around the world who are overweight and obese, the first issue that needs to be tackled is what should we eat to benefit our health. The other one concerns the impact of our diet on climate change, biodiversity, and so on. About a quarter of global greenhouse gas emissions come from the food system; thus, we should consider consuming more sustainable food and beverages to benefit the planet.

Jessica said Huel tried to address these two significant issues by offering their customers what they needed to eat while ensuring that the products matched, limiting global warming.

In this video, Nick and Jessica also discuss our role in saving the planet and what we should do to achieve the long-term goal.

Key highlights in this video

00:00 – 00:24 Intro

00:24 – 3:12 What's Jessica been doing at Huel?

3:12 -5:34 How does Huel make it simpler for consumers to achieve a sustainable lifestyle?

5:34 – 8:09 Being sustainable could be started by doing small things that fit the guidelines

8:09 – 9:08 We are the ones who control and are responsible for sustainability

9:08 – 10:38 Could businesses achieve sustainability and profit at the same time?

10:38 – 12:37 What we need to do for the future

About Jessica Sansom

Jessica is a sustainability professional who has spent her time agitating, motivating, and convincing companies to move to sustainable business models.

She is the former Head of Sustainability at innocent drinks, where she was led the company's commitment to become a highly successful model of sustainable capitalism - working to negate major impact areas, engage and motivate employees, influence supply chain and industry, and developing a business model to proactively address global sustainability challenges and ensure the long-term viability of the business.

For more information about Jessica Sansom, please visit https://www.speakerscorner.co.uk/keynote-speakers/jessica-sansom

If you want to watch more videos in the ""In Conversation with MD Nick Gold"" series, please visit 👉 https://www.youtube.com/playlist?list=PLkc0UNW91JVobKHAcvFD1fGY4zIJDIrXv

For more information or to book a speaker for your in-person or virtual event, please visit https://www.speakerscorner.co.uk or call +44 (0) 20 7607 7070

Say Hi on Social Media

👋 Instagram 👉 https://www.instagram.com/speakerscornerbureau/?hl=en

👋 Facebook 👉 https://www.facebook.com/SpeakersCornerBureau

👋 Twitter 👉 https://twitter.com/Speakers_Corner

👋 LinkedIn 👉 https://www.linkedin.com/company/speakers-corner/",2022-07-11T08:00:28Z,2,https://www.youtube.com/watch?v=p9_LCZpriwQ
cpg2jYrdgSk,"DOMINION VOTING-CANADA CONNECTION, UN BIOMETRIC DIGITAL ID &amp; MORE!","Join us weeknights at 8pm for live discussions on political and social issues, spirituality and God. To get more news visit our telegram account on https://t.me/TruthForHope

DON'T HAVE A VPN YET? Get a Virtual Shield VPN here by using our affiliate link: https://bit.ly/3kCXhcY",2020-11-20T14:19:03Z,344,https://www.youtube.com/watch?v=cpg2jYrdgSk
g0bx8QjoTmc,Coffee County Election Board officials demonstrate flaws in Dominion Software,"A video was presented during Thursday's Georgia House Governmental Affairs committee showing Coffee County Georgia Elections Supervisor, Misty Martin, providing a hands on demonstration of how certain Voting Machines process ballots.",2020-12-10T18:22:25Z,6602,https://www.youtube.com/watch?v=g0bx8QjoTmc
c7fhwzuRoVk,Fact Check: Dominion Voting Systems Subsidiary Board Chairman Is NOT On Joe Biden&#39;s Transition Team,"Read full story here: https://hoax-alert.leadstories.com/2020/11/fact-check-dominion-voting-systems-subsidiary-chairman-is-not-on-biden-transition-team.html

FACT CHECK: DOMINION VOTING SYSTEMS SUBSIDIARY BOARD CHAIRMAN IS NOT ON JOE BIDEN'S TRANSITION TEAM

Is the chairman of a Dominion Voting Systems subsidiary on Joe's Biden's transition team? No, that's not true: Retired U.S. Coast Guard Vice Adm. Peter Neffenger is the chairman of Smartmatic and a volunteer on Joe's Biden's presidential transition team, but he has no affiliation with Dominion. Smartmatic is a competitor of Dominion, not a subsidiary.",2020-11-15T22:35:54Z,232,https://www.youtube.com/watch?v=c7fhwzuRoVk
lvBCkyip2is,ELECTION 2020 FRAUD: CNN’s report on Dominion Voting Machines Smartmatic software,"#MelissaTate [TWITTER]: #CNN’s #BOMBSHELLreport on #Dominion #Smartmaticsoftware back when they had no #vestedinterest to lie like they do now, translation they used to report the #realnews not the #fakenews to swing the #election2020 to the #communistparty aka #demokkkrat party #stopthesteal.",2020-11-29T00:01:46Z,330,https://www.youtube.com/watch?v=lvBCkyip2is
ji2YzmBJFtY,&quot;RELEASE THE KRAKEN&quot; - Sidney Powell - Drain the Swamp - Dominion Voting Systems - We Stand Together,"Sidney Powell was asked by CNN Reporter why hasn't President Trump answered any questions in 17 days.  Sidney Powell said she already released the Kraken, so now President Trump is just sitting back and enjoying the Show!

Wake up America!
Count Every Vote

Enjoy the Video!

Know someone with a birthday coming up?
Check out http://www.awesomebirthdaysong.com and make someone's day!

Visit Channel Pals for all types of channels to anything and everything.
http://www.channelpals.com

Christmas is Coming!

Don't forget to submit your wish list to Santa
http://www.santashake.com

as well as our Christmas 365 Channel
https://www.youtube.com/channel/UCLULvTKnyiKP87XVKgNRIrg

Don't forget to check us out on our other Social Media Sites

https://www.instagram.com/awesomemosewa2020/
https://twitter.com/maggic_time
https://www.tiktok.com/@awesomemosewa",2020-12-08T08:00:04Z,40,https://www.youtube.com/watch?v=ji2YzmBJFtY
63QY0Coq0wA,Dominion Voting Systems (Pt 2),"On this episode, Max and Joe do another deep dive into Dominion voting systems and talk about the latest insight into voter irregularities and ""switched votes."" Watch.

We just hit the #62!!! most popular political podcast in America and jumped over The Young Turks! Help us reach even higher by subscribing to the podcast on Apple Podcasts and leaving a good review here: http://bit.ly/ConservativeDailyPodcast

Make sure you Like, Comment, and Share!

Text FREEDOM to 89517 to receive text alerts when our podcast goes Live!

Please join our newsletter to receive our action alerts: https://bit.ly/joinconservativedaily

We are now on Parler! Follow us @ConservativeDaily and we will follow you back!

Help the channel grow by buying Conservative Daily t-shirts and merch. Check it out here: https://teespring.com/stores/conservative-daily-3

Subscribe to our daily podcast at Apple Podcasts: http://bit.ly/ConservativeDailyPodcast

And on Google Play Store (for Android users): http://bit.ly/CDPodcastGooglePlay

We are also available on Spotify! https://open.spotify.com/show/2wD8YleiBM8bu0l3ahBLDN

And on Pandora: https://www.pandora.com/podcast/conservative-daily-podcast/PC:37034

And on iHeart Radio: https://www.iheart.com/podcast/256-conservative-daily-podcast-53710765/

And on TuneIn: https://tunein.com/radio/Conservative-Daily-Podcast-p1350272/

And on Podbean:  https://conservative.podbean.com/

Don't forget to like and follow our Facebook page to get notified when we go live with our podcast! http://www.Facebook.com/conservativedaily

And lastly, don't forget to subscribe to our new YouTube channel as well! https://www.youtube.com/channel/UCkxItqCoYlToavUYY4unsJg?sub_confirmation=1",2020-11-11T20:35:18Z,3218,https://www.youtube.com/watch?v=63QY0Coq0wA
-6FNOekfn_A,"Trump, 8kun, and the Dominion Election Fraud Conspiracies","DOOMED with Matt Binder breaks down the Dominion Voting System conspiracies on the day Donald Trump turns to 8chan /  8kun's former administrator for ""expert analysis"" on unfounded voter fraud.

Support the show: http://www.patreon.com/mattbinder",2020-11-20T04:24:10Z,1810,https://www.youtube.com/watch?v=-6FNOekfn_A
nT0u6tSeAig,This totally isn&#39;t a training video for using Dominion voting machines,"This totally isn't a training video for using Dominion voting machines, because Dominion voting machines are totally secure

This must then be something else instead",2020-12-15T20:07:46Z,621,https://www.youtube.com/watch?v=nT0u6tSeAig
fjiwOpwy1m4,Dominion voting system chaos,"The system is not bad but it's  vulnerable to wide spread fraud and manipulation to be exact .

There have been issues with these machines in several states .",2020-11-13T23:32:29Z,63,https://www.youtube.com/watch?v=fjiwOpwy1m4
Uh2Dn-wNdY4,Dominion Voting Machines Venezuela Chavez - How Electronic Voting Machines Could Hack Your Vote,"(Checkout The Full 6 Part Video Playlist Here)
https://www.youtube.com/watch?v=hZfuRH_-TKY&list=PL21QyQSkxSOCdJK_xGRQ1REMbmRlx5YDe
#dominionvotingmachinesvenezuela#dominionvotingmachinesvenezuelachavez#dominionvotingmachinesinantrimcounty#dominionvotingmachinemanualdownload#dominionvotingmachinesownersmanual#dominionvotingmachineforensicreport#dominionvotingmachinesinantrimcountymichigan#USGAVotingMachines
dominion voting machines venezuela chavez -
dominion voting machines in antrim county - judge allows forensic audit of dominion voting machines in antrim county, michigan.
crucial logs missing from antrim county dominion voting machines: forensics report.

mathew deperno  a constitutional attorney representing voters in an election lawsuit in antrim county  has revealed the truth about what happened after a forensic audit of at least 22 dominion voting machines in michigan....

forensic audit of 22 dominion machines in antrim county michigan confirms what we all knew.
results from the forensic examination by the trump team of the 22 dominion voting machines in antrim county michigan have been blocked by the attorney general and secretary of state.

 of state block results found in antrim county mi dominion voting machines!!
a judge in michigan has blocked the results of the antrim county forensic audit of dominion voting machines.
13th circuit court judge elsenheimer granted permission to william bailey and his team of it experts to conduct the forensic study of the dominion voting machines in antrim county.
dominion voting machine manual download - good tweet thread by @codemonkeyz on twitter concerning his understanding of the voting manual for dominion voting system.

dominion voting machines were built to be manipulated 7:28.. hackers were able to break into dominion voting machines in under 2 minutes...  phil waldron  reveals that dominion voting machines. dominion voting machines can connect to the internet; results may be overwritten by a spreadsheet.
the dominion voting machines that georgia and several other states use are unsecure and open to manipulation during the counting process. dominion voting machines were connected to the internet during election  which is illegal in the united states...
since the election lots of people (including the president) have raised concerns about the reliability of voting machines used in the election - most notably dominion voting machines.
dominion voting machines owners manual - good tweet thread by @codemonkeyz on twitter concerning his understanding of the voting manual for dominion voting system.

2018:  dominion voting machines were the fifth and final company to present their wares to lebanon county commissioners  judges of election  and staff. 5 of 5 dominion voting machines 6 27 2018.
hackers were able to break into dominion voting machines in under 2 minutes...  phil waldron  reveals that dominion voting machines. dominion voting machines can connect to the internet; results may be overwritten by a spreadsheet. dominion voting system user manual , deletion a feature. dominion voting machines were connected to the internet during election  which is illegal in the united states...

dominion voting machine forensic report - sample check of dominion voting machine uncovers glaring errors- war room  pandemic ep 565.
the trump team is celebrating a forensic audit of dominion machines in michigan.

antrim county judge orders for a forensic inspection of 22 dominion voting machines.
dominion voting machines in antrim county michigan - judge allows forensic audit of dominion voting machines in antrim county, michigan.
mathew deperno  a constitutional attorney representing voters in an election lawsuit in antrim county  has revealed the truth about what happened after a forensic audit of at least 22 dominion voting machines in michigan.... forensic audit of 22 dominion machines in antrim county michigan confirms what we all knew.
results from the forensic examination by the trump team of the 22 dominion voting machines in antrim county michigan have been blocked by the attorney general and secretary of state.  of state block results found in antrim county mi dominion voting machines!!

a judge in michigan has blocked the results of the antrim county forensic audit of dominion voting machines.
antrim county michigan forensic audit of dominion voting machines. org  to talk about the forensic audit of dominion voting machines in antrim county.


forensic examination of dominion voting machines | footage show potential fraud in georgia. trump has obtained conclusive evidence that dominion voting machines in ware

lou dobbs guest forensic audit of mi dominion voting machine.
crucial logs missing from antrim county dominion voting machines: forensics report. trump obtained conclusive evidence that dominion voting machines transferred trump votes to biden.
 US GA Voting Machines (Lon NR) - new georgia voting machine tutorial.
three counties to freeze voting",2020-11-21T07:42:36Z,401,https://www.youtube.com/watch?v=Uh2Dn-wNdY4
lGhI8ac4JdA,Come Research With Me   Dominion Voting Systems Part 1B   John Poulos 4,"Please find the sources in the filing cabinet below 🗄, I recommend you to look further into the information provided.

These videos are for educational purposes, and help people to start their own research into subjects. Research is so important, as it helps with critical thinking, and to see their own biases, as you can become wrapped up in confirmation bias.

But most of all have fun with it, and learn new cool things!

Sources to follow along:

https://perfectlyresearchdrops.files.wordpress.com/2021/03/come-research-with-me-john-poulos-4.pdf

Social Media Links 💻

My Rumble Channel: https://rumble.com/user/PerfectlyfadedResearchDrops

My Odysee Channel: https://odysee.com/@PerfectlyResearchDrops:4

My Minds: https://www.minds.com/Perfectlyfadeddelusions/

My Twitter if you would like to send me drop for me anything to research: https://twitter.com/P_ResearchDrops

My Brighteon Channel: https://www.brighteon.com/channels/perfectlyfadedresearchdrop

My Brand New Tube: https://brandnewtube.com/@Perfectlyfadeddelusions

My Bitchute Channel: https://www.bitchute.com/channel/pntr0gSBBxx8/

My Bittube: https://bittube.tv/profile/PerfectlyfadedResearchDrops",2021-03-07T15:30:12Z,96,https://www.youtube.com/watch?v=lGhI8ac4JdA
UEoIsBrYua0,Η Sidney Powell Αποκαλύπτει Πως Έκλεψαν Με Το Dominion Voting System,"Μέρος Δεύτερο της σειράς: Τι δεν θα σου πουν τα media για τις εκλογές στις ΗΠΑ. Σε αυτό το βίντεο η δικηγόρος του Ντόλαντ Τραμπ, Σίντευ Πάουελ αποκαλύπτει πως λειτουργεί το σύστημα Dominion και έκλεβαν ψήφους από τον Τραμπ και τις δίναν στον Μπάιντεν.

Links:
https://www.donaldjtrump.com/
https://www.youtube.com/watch?v=akqeL9AtJYI
https://www.youtube.com/channel/UC-9J07yyuXQTx_uZQchtwsg
https://twitter.com/realDonaldTrump
https://youtu.be/3GBws-KmD6g

Θέλεις να μάθεις να επενδύεις σωστά τα χρήματα σου; Πάρε πρόσβαση στο καλύτερο πρόγραμμα βελτίωσης οικονομικού IQ με όνομα Money Psychology.

Με το ειδικό κουπόνι ""TRUMP"" κερδίζεις έκπτωση!
Money Psychology Link: https://terry.gr/trump

Πάτησε το link και ολοκλήρωσε την εγγραφή: https://link.terry.gr/join

Shoutout to my Gold members του καναλιού αυτού:

ΗΛΙΑΣ ΜΠΟΛΩΣΗΣ
Dimitris Loupakis
Θεοδωρος Παπαδακης
costas deve
Vicky Papadopoulou
David Jamson
Dimitri Korexenos
Efi Skandalaki
Panagiotis Pantazis
Στρατης Λαδοπουλος
Ιωάννης Κοτσακιαχίδης
Ξενοφών Τσιτος
The_mountain_honey_and_oil ΜΗΤΣΑΝΗΣ ΔΗΜΟΣ
Panagiotis Chorozoglou
ΓΕΩΡΓΙΑ ΦΙΛΤΣΟΥ
chris mouzakis
Andreas Kay
Thodoris Tr
George Papatsimpas
Konsta Ntina
Matvei Georgiadis
tachoexpert
Lykourgos StatusLK
Christos Hougiazos
maraki m
Rayleigh
George Gianisis
AKIS CHARITOS
Dimitrios Mavridis
Γιαννης Χαντζης

Ευχαριστώ πολύ για την υποστήριξη!
Πάτησε το link και ολοκλήρωσε την εγγραφή: https://link.terry.gr/join

#election2020 #powell #trump",2020-11-21T16:30:40Z,23650,https://www.youtube.com/watch?v=UEoIsBrYua0
Fvwqt6Govy0,Christian and Country,,2022-07-05T18:00:36Z,12,https://www.youtube.com/watch?v=Fvwqt6Govy0
OlOeZGk0MoM,CNN Reports Dominion - FINALLY,"oh wait, they did that already, 14 years ago in fact.",2020-11-22T23:34:09Z,3514,https://www.youtube.com/watch?v=OlOeZGk0MoM
3dVvNC-r5P8,What’s Holding You Back? | Think Like a Champion EP 18,"Wednesday | July 6 | 7PM

Welcome to episode eighteen of our weekly podcast, Think Like a Champion—a podcast dedicated to helping us win in every way and enjoy every day. We are all affected by inflation and challenging times. How can we break through the ceiling and the barriers that limit us and try to hold us back? In this week's episode, Pastor Gregory Dickow unpacks what's holding us back and how we can thrive by trusting God in difficult circumstances. The secret to life is what we believe about ourselves and how we value ourselves. We can refuse to let moments of failure or circumstances dictate our beliefs. God has a purpose and destiny for us. As we embrace these truths, they will infuse us with hope, faith, positive expectation, and assurance that God will abundantly supply!

""What's Holding You Back? ""

Verses:
Matthew 14:16 (NASB)
John 5:1–14 (NKJV)
Psalm 78:41 (KJV, CEV)
Philippians 1:12–14 (NKJV)

Instagram: https://www.instagram.com/gregorydickow
Twitter: https://twitter.com/gregorydickow
Youtube: https://www.youtube.com/gregorydickow
Website: https://gregorydickow.com",2022-07-07T16:12:16Z,879,https://www.youtube.com/watch?v=3dVvNC-r5P8
Sd9up1Lw5T8,Cyber Warfare Specialist Details Vulnerabilities of Dominion Voting Machines,Retired Army colonel cyber warfare specialist Phil Waldron details vulnerabilities with Dominion voting machines and provides an analysis of network traffic for Dominion servers on Election Day. He also talks about Dominion’s relationship to the Department of Homeland Security.,2020-12-11T04:21:41Z,114,https://www.youtube.com/watch?v=Sd9up1Lw5T8
Ge9_a-2R4_s,"Sunday 8:05 AM Worship Service ~ July 3, 2022","Sunday 8:05 AM Worship Service ~ July 3, 2022",2022-07-04T01:09:18Z,84,https://www.youtube.com/watch?v=Ge9_a-2R4_s
A5JMoZ43NSg,"Matins and Holy Liturgy, Sunday July 10, 2022","Matins and Holy Liturgy, Sunday July 10, 2022",2022-07-10T17:33:03Z,9,https://www.youtube.com/watch?v=A5JMoZ43NSg
OqnkHrtMb9Q,Trump obtained conclusive evidence that Dominion voting machines transferred Trump votes to Biden,"Trump has obtained conclusive evidence that Dominion voting machines in Ware County, Georgia, transferred Trump votes to Biden",2020-12-08T09:19:23Z,434,https://www.youtube.com/watch?v=OqnkHrtMb9Q
fx5bjj33SrQ,Dominion Voting Systems: Connecting the Dots,"Dominion Voting Systems: Connecting the Dots


12-2-20:

Witness Testimony by a Retired Army Colonel during the Georgia Hearing that took place with Rudy Giuliani and the rest of his legal team.

Now, two things pop up after watching this. One, It almost sounds like he read from my article, even as he says, “to connect the dots”.

Even if this wasn’t the case at the end of the day, it still means one thing. That what I wrote on my essay as far as Dominion Voting Systems and their different names they acquired over the years, was in fact correct and they’ve been doing this since 2002.

Unreal to see how long an operation like this took to accomplish. A corrupt system that was set in place 2 decades ago, and I’m sure even longer then that before the switch to e-voting. It’s time for a change.

@gatewaypundit

#dominionvotingsystems #connectingthedots #dieboldvotingmachines #sequoiavotingsystems #premiervotingsystems #corruption #election #gatewaypundit",2020-12-05T20:36:33Z,30,https://www.youtube.com/watch?v=fx5bjj33SrQ
tj1Hxmd55ys,The Life Of Jon Snow (Game Of Thrones),"The Life Of Jon Snow (Game Of Thrones)

Be Sure To Subscribe:
https://www.youtube.com/channel/UCkbrlVKUj1hjQ9Bat0CvJLQ?sub_confirmation=1

Jon Snow, born Aegon Targaryen, is the son of Lyanna Stark and Rhaegar Targaryen, the late Prince of Dragonstone. From infancy, Jon is presented as the bastard son of Lord Eddard Stark, Lyanna's brother, and raised alongside Eddard's lawful children at Winterfell. Jon's true parentage is kept secret from everyone, including Jon himself, in order to protect him from those that sought the complete annihilation of House Targaryen. Jon joins the Night's Watch and is later elected as Lord Commander. As a result of several controversial decisions, such as allowing the wildlings to settle south of the Wall, Jon is murdered in a mutiny but is resurrected by Melisandre. Freed from his Night's Watch vows, Jon and his half-sister Sansa Stark retake Winterfell from House Bolton, restoring House Stark's dominion over the North. Jon is declared King in the North. Jon negotiates with Daenerys Targaryen for an alliance against the White Walkers in the imminent Great War. Later he pledges himself and his army to Daenerys, whom he falls in love with, subsequently abdicating his throne and being named Warden of the North.

***

CHAPTERS

00:00:00 Intro
00:02:43 Secret Origin
00:05:01 Early Life
00:07:28 Season One
00:14:09 Season Two
00:18:42 Season Three
00:28:19 Season Four
00:40:37 Season Five
00:52:51 Season Six
01:05:09 Season Seven
01:21:10 Season Eight

***

FOLLOW ME

INSTAGRAM: https://www.instagram.com/ethanschulteis/
TWITTER: https://twitter.com/the_amagi
VLOG CHANNEL: @Ethan Schulteis
SECOND CHANNEL: @The Amagi 2

***

POTC WIKI

WEBSITE: https://gameofthrones.fandom.com/
ARTICLE: https://gameofthrones.fandom.com/wiki/Jon_Snow

***

CREDITS

PRODUCER: @Ethan Schulteis
NARRATOR: @Lovely Dorrie
EDITOR: @Imubi5
WRITER: @Game of Thrones Wiki
MUSIC: @Christian Andersen

***

This video uses material from the ""Jon Snow” article on the Game of Thrones Wiki at Fandom, licensed under the Creative Commons Attribution-Share Alike License.",2022-07-03T15:18:42Z,11791,https://www.youtube.com/watch?v=tj1Hxmd55ys
HlgEi-XRkFs,#4. Eric Coomer - falsely accused of Changing votes on Dominion Voting Systems,"Shortly before the 2020 election, a right-wing figure Joe Oltmann in Denver, Colorado heard ""Eric from Dominion"" on an Antifa call say that he was going to make sure Trump did not win the election. After a google search, Joe Oltmann found a man named ""Eric Coomer"" who worked for the widely used Dominion Voting systems, and assumed the worst. Unfortunately for Eric Coomer, none of the accusations are true, but he still lives in danger because of death threats to himself, his coworkers, and his family.",2021-01-19T18:55:25Z,100,https://www.youtube.com/watch?v=HlgEi-XRkFs
WYd4ebub7tU,Georgia Judge HALTS Attempt To Erase Dominion Voting Data,"After another recount in Georgia , a judge sides with Trumps legal team to halt the erasing or date on Dominion voting machines. However, magically as these cases continued in court, there was yet ANOTHER ""error"" in the Dominion machines causing the Dominion ""technicians"" to be sent out and fix the issue.

Thanks for watching!
If you enjoyed please leave a like, comment, and subscribe.",2020-11-30T20:32:18Z,103,https://www.youtube.com/watch?v=WYd4ebub7tU
RH4EdCReNyA,Dominion Voting Software &amp; ES&amp;S Voting Systems,"Dominion Voting Systems and ES&S Systems & Software voting software are owned by democratic high tech companies. It seems that ES&S the second largest voting software that is being used across the US is possibly owned by or partnered with Microsoft. Making this a huge conflict of interest!

ES&S Systems & Software
https://www.essvote.com
https://twitter.com/TomBurt45
https://freedom-to-tinker.com/2018/09/14/serious-design-flaw-in-ess-expressvote-touchscreen-permission-to-cheat/

Dominion Voting Systems
https://www.dominionvoting.com/
County Technician
https://www.linkedin.com/in/teniecia-rumphs-4689851bb/

Data Info & Download (https://verifiedvoting.org)
https://verifiedvoting.org/api/api_sandbox.php?advanced&year=2020&download=excel",2020-12-07T08:33:01Z,114,https://www.youtube.com/watch?v=RH4EdCReNyA
k93ozoL9nrA,01 Hearing Opening | MI Senate Oversight Committee Hearing with Dominion Voting Sys Testimony,"On December 15th, 2020 Members of the MI Senate Oversight Committee heard sworn testimony from Dominion Voting Systems.

For more information about this and other voting system technologies, visit us on the following platforms: https://linktr.ee/krakeninstitute",2020-12-17T09:56:20Z,112,https://www.youtube.com/watch?v=k93ozoL9nrA
E54mmOIowt8,"2020 US Presidential Election, Dominion Voting Systems, Parts Chips From China",,2020-11-15T18:05:20Z,91,https://www.youtube.com/watch?v=E54mmOIowt8
wUIJZsR-lAk,&#39;PRESIDENT TRUMP WILL DRAIN THE SWAMP&quot; - Dominion Voting Systems - Election Fraud - Another 4 Years,"President Trump will drain not just a portion of the swamp, but with another four years, all of it!  The scary part is that with the Election fraud, this has pushed the draining up a little bit, possibly getting those swamp creatures out faster than what we thought!

Wake up America!
Count Every Vote

Enjoy the Video!

Know someone with a birthday coming up?
Check out http://www.awesomebirthdaysong.com and make someone's day!

Visit Channel Pals for all types of channels to anything and everything.
http://www.channelpals.com

Christmas is Coming!

Don't forget to submit your wish list to Santa
http://www.santashake.com

as well as our Christmas 365 Channel
https://www.youtube.com/channel/UCLULvTKnyiKP87XVKgNRIrg

Don't forget to check us out on our other Social Media Sites

https://www.instagram.com/awesomemosewa2020/
https://twitter.com/awesomemosewa20
https://www.tiktok.com/@awesomemosewa",2020-11-18T01:58:20Z,24,https://www.youtube.com/watch?v=wUIJZsR-lAk
kbAxY0MWNho,Smartmatic SGO  Mark Malloch-Brown explains the licensing of Dominion Voting Systems to Smartmatic,,2020-12-31T01:14:10Z,36,https://www.youtube.com/watch?v=kbAxY0MWNho
wbmQIqhvs24,Dominion Voting Machine aka The ICE Machine,,2020-11-13T07:36:43Z,35,https://www.youtube.com/watch?v=wbmQIqhvs24
xKlj_b3h_iM,Eric Coomer- VP Dominion Voting System SAID &quot;You can bypass the software&quot; ? Wtf,"Eric Coomer - The vice president of dominion voting systems... told election officials in the state of Illinois

one America news posted this 11/24 2020
https://youtu.be/qZ_ks_sNITg

 ""You can bypass the software and go directly into the database of the vote count system, as long as you have permission to do so""

and that is based on his own admission.

Yep!! he actually said that. TRUE STORY.",2020-11-17T22:08:00Z,219,https://www.youtube.com/watch?v=xKlj_b3h_iM
ph5xcj0pF28,Dominion Voting System admit some componus from China,#Dominion #Dominionvotingsystem,2020-11-16T23:12:21Z,16,https://www.youtube.com/watch?v=ph5xcj0pF28
-Wy0XLgzijM,&quot;MILLION MAGA MARCH&quot; - Trump Supporters in DC - Dominion Voting Systems Fraud - Fight for America,"Million MAGA March going on in DC today.  Millions of Trump Supporters there to fight for our rights as Americans.

Joe Biden, go back to your basement because after the Courts come out with the evidence collected from the Dominion Voting System, your next home will be Prison, along with your son Hunter!

Wake up America!
Count Every Vote

Enjoy the Video!

Know someone with a birthday coming up?
Check out http://www.awesomebirthdaysong.com and make someone's day!

Visit Channel Pals for all types of channels to anything and everything.
http://www.channelpals.com

Christmas is Coming!

Don't forget to submit your wish list to Santa
http://www.santashake.com

as well as our Christmas 365 Channel
https://www.youtube.com/channel/UCLULvTKnyiKP87XVKgNRIrg

Don't forget to check us out on our other Social Media Sites

https://www.instagram.com/awesomemosewa2020/
https://twitter.com/awesomemosewa20
https://www.tiktok.com/@awesomemosewa",2020-11-14T17:54:11Z,28,https://www.youtube.com/watch?v=-Wy0XLgzijM
VWvGpwqeqJ8,&#39;DOMINION VOTING SYSTEMS FRAUD&quot; - Ballots Switched - Voter Fraud - Election 2020 Fraud,"Dominion Voting Systems in Germany was raided by the FBI and US Army.  The evidence ceased will be enough to bring the entire Democratic Party down!!!

Wake up America!
Count Every Vote

Enjoy the Video!

Know someone with a birthday coming up?
Check out http://www.awesomebirthdaysong.com and make someone's day!

Visit Channel Pals for all types of channels to anything and everything.
http://www.channelpals.com

Christmas is Coming!

Don't forget to submit your wish list to Santa
http://www.santashake.com

as well as our Christmas 365 Channel
https://www.youtube.com/channel/UCLULvTKnyiKP87XVKgNRIrg

Don't forget to check us out on our other Social Media Sites

https://www.instagram.com/awesomemosewa2020/
https://twitter.com/awesomemosewa20
https://www.tiktok.com/@awesomemosewa",2020-11-14T18:08:40Z,45,https://www.youtube.com/watch?v=VWvGpwqeqJ8
nJI8jft0yGM,06 Closing | MI Senate Oversight Committee Hearing with Dominion Voting Sys Testimony,"On December 15th, 2020 Members of the MI Senate Oversight Committee heard sworn testimony from Dominion Voting Systems.

For more information about this and other voting system technologies, visit us on the following platforms: https://linktr.ee/krakeninstitute",2020-12-17T10:01:24Z,78,https://www.youtube.com/watch?v=nJI8jft0yGM
ausoh13e_Ck,Dominion voting systems conspiracy theories peddled by Mark Levin and Rush Limbaugh,"Mark Levin and Rush Limbaugh never used to be like this. They never used to peddle conspiracy theories so easily.. why do I follow them? You have to know and confront what they say to their listeners, otherwise, like a mushroom in the darkness, their lies flourish.. you have to drag their conspiracy theories out in the sunlight and debunk the crazy or they will flourish in the vacuum of darkness.

The two people peddling these theories being promoted by Mark and Rush are Lin Wood and Sydney Powell.. listen to the crazy talk and then why we shouldn’t believe a word of it..

We’ll talk about Dominion voter systems and Smartmatic and why there is no fraud with respect to America’s elections..",2020-11-19T16:23:35Z,112,https://www.youtube.com/watch?v=ausoh13e_Ck
00omGqjfigw,12-15-20: Dominion Voting Systems CEO John Poulos Testifies in Front of Michigan Legislature Part 2,"12-15-20:

CEO of Dominion Voting Systems John Poulos testifies before the Michigan Legislature Oversight Committee regarding allegations of widespread election fraud as a result of the Dominion Voting Systems. The Oversight Committee inquires about everything regarding the votings systems, from their source code to their hard drives.

#dominionvotingsystems #johnpoulos #presidentialelection2020 #usa #america #americans #voting #votingsystems #michigan",2020-12-16T03:50:55Z,69,https://www.youtube.com/watch?v=00omGqjfigw
Xl99-hBQpQQ,WEDNESDAY Q&amp;A,"WEDNESDAY Q&A
Take Over U: More Than a prayer!
Releasing the kingdom within part 2",2022-07-07T12:34:31Z,204,https://www.youtube.com/watch?v=Xl99-hBQpQQ
oLQKD2WMav4,U.S. SPECIAL FORCES CEIZED DOMINION VOTING SYSTEM CENTRAL SERVICE FARM - LT. GEN. THOMAS McINERNEY,"""GENERAL McINERNEY SAID THE VOTE SWITCHING APPLICATION'S HAMMER AND SCORE CARD WERE IN USE IN THIS ELECTION, AS WELL AS IN 2016.  HE SAYS DOMINION VOTING SYSTEM CENTRAL SERVICE FARM WAS MOVED TO FRANKFURT GERMANY WHERE ROGUE ELEMENTS OF THE CIA HAD.  U.S. SPECIAL FORCES THEN CEIZED IT AND HE SAYS THE WHITE HOUSE HAS CONFIRMED THE U.S. HAS POSSESSION OF THEM.  HE SAYS HE DOES NOT KNOW WHETHER OR NOT THERE WERE CASUALTIES DURING THE CEIZURE.""",2020-12-04T21:42:34Z,368,https://www.youtube.com/watch?v=oLQKD2WMav4
WVLDhT-nDO4,Come Research With Me   Dominion Voting Systems Part 1B - John Poulos 1,"Please find the sources in the filing cabinet below 🗄, I recommend you to look further into the information provided.

Reminder: please do not doxx, bully, or harass anybody, nor the person featured this video. ⚠️ Please do not state accusations of crimes as facts without proof. Please be respectful of each other in the comments.  ️

These videos are for educational purposes, and help people to start their own research into subjects. Research is so important, as it helps with critical thinking, and to see their own biases, as you can become wrapped up in confirmation bias.

But most of all have fun with it, and learn new cool things!

Sources for you to follow

https://perfectlyresearchdrops.files.wordpress.com/2021/03/come-research-with-me-john-poulos.pdf

Social Media Links 💻

My Rumble Channel: https://rumble.com/user/PerfectlyfadedResearchDrops

My Odysee Channel: https://odysee.com/@PerfectlyResearchDrops:4

My Minds: https://www.minds.com/Perfectlyfadeddelusions/

My Twitter if you would like to send me drop for me anything to research: https://twitter.com/P_ResearchDrops

My Brighteon Channel: https://www.brighteon.com/channels/perfectlyfadedresearchdrop

My Brand New Tube: https://brandnewtube.com/@Perfectlyfadeddelusions

My Bitchute Channel: https://www.bitchute.com/channel/pntr0gSBBxx8/

My Bittube: https://bittube.tv/profile/PerfectlyfadedResearchDrops",2021-03-03T19:19:44Z,105,https://www.youtube.com/watch?v=WVLDhT-nDO4
c6LX2BpO_IM,Dominion voting systems in Canada | Politician ties to the great reset- Diverge Media,"https://divergemedia.ca/donate-to-diverge/

Join Diverge Media as we go through the Canadian side of the dominion voting systems and recap what we know about dominion in general. we are going to also show how we exposed all three political party ties to the great reset... and we always cover more

Music by Retrofile © 2017 - https://www.youtube.com/watch?v=7ri-gsTt_cQ

#thegreatreset #greatreset #dominion #dominionvoting #divergemedia #charter #federalelection #provincialelection #municipalelection #gregstaley #broderickvisser",2020-11-27T15:21:40Z,358,https://www.youtube.com/watch?v=c6LX2BpO_IM
F5tCPNEIb48,Was Dominion VP and machine Inventor Present at the time of alleged ballot fraud?,"A contractor for Dominion Voting Systems said in a new sworn statement that she saw “fraudulent actions take place” at Detroit’s ballot-counting site on Election Day. She reported the actions to her supervisor who dismissed them. Her supervisor is a VP with Dominion and listed as an Inventor of the software.

Subscribe to PT News Network! http://bit.ly/ptnewsyt
Check out our website! www.ptnewsnetwork.com
Follow PT News Network on Twitter: www.twitter.com/ptnewsnetwork
Follow PT News Network on Facebook: www.facebook.com/ptnewsnetwork1

#finallyrealnews #breakingnews #ptnewsnetwork #minneapolis",2020-11-12T22:12:08Z,8607,https://www.youtube.com/watch?v=F5tCPNEIb48
6SJDSEsZQuQ,ELECTION FRAUD 2 Lewindowski Doesn&#39;t Doubt Powell &quot;Dominion Voting Systems&quot;,"All rights reserved. Content created under 'Fair Use'.
The News Now, 2020",2020-11-25T01:32:45Z,40,https://www.youtube.com/watch?v=6SJDSEsZQuQ
cTRmHmRUZGM,Sample check of Dominion voting machine uncovers glaring errors- War Room  Pandemic Ep 565,Dominion voting machine gave Biden extra votes while taking votes from Trump.,2020-12-08T04:00:00Z,687,https://www.youtube.com/watch?v=cTRmHmRUZGM
UaV1epLTwY8,Crucial Logs Missing From Antrim County Dominion Voting Machines  Forensics Repo,"Crucial Logs Missing From Antrim County Dominion Voting Machines: Forensics Report
BY IVAN PENTCHOUKOV December 14, 2020 Updated: December 14, 2020biggersmaller Print
Crucial security and adjudication logs are missing from Dominion Voting Systems machines from Michigan’s Antrim County, according to a forensics report (pdf) released on Dec. 14 in compliance with a court order.
“Significantly, the computer system shows vote adjudication logs for prior years; but all adjudication log entries for the 2020 election cycle are missing. The adjudication process is the simplest way to manually manipulate votes. The lack of records prevents any form of audit accountability, and their conspicuous absence is extremely suspicious since the files exist for previous years using the same software,” the report, authored by Russell Ramsland, states.
“We must conclude that the 2020 election cycle records have been manually removed.”

The absence of the adjudication logs is particularly alarming because the forensic exam found that the voting machines rejected an extraordinary number of ballots for adjudication, a manual process in which election workers determine the ultimate outcome for each ballot.
“The allowable election error rate established by the Federal Election Commission guidelines is of 1 in 250,000 ballots,” Ramsland said. “We observed an error rate of 68.05 percent. This demonstrated a significant and fatal error in security and election integrity.”
“These errors resulted in overall tabulation errors or ballots being sent to adjudication. This high error rates proves the Dominion Voting System is flawed and does not meet state or federal election laws,” he added. “Because the intentional high error rate generates large numbers of ballots to be adjudicated by election personnel, we must deduce that bulk adjudication occurred. However, because files and adjudication logs are missing, we have not yet determined where the bulk adjudication occurred or who was responsible for it. Our research continues.”
Ramsland manages the Allied Security Operations Group (ASOG), which includes former Department of Defense, Department of Homeland Security, and Central Intelligence Agency officials. The group focuses on cybersecurity and open-source network penetration testing.
ASOG examined Dominion products in Antrim County earlier this month as part of an ongoing case. The team inspected and performed forensic duplication on the county’s election management server, which was running Dominion Democracy Suite 5.5.3-002, compact flash cards used by local precincts in their Dominion ImageCast system, USB memory sticks used by Dominion Voter Assist Terminals, and USB memory sticks used for the poll book.
In addition to missing adjudication logs, the examination found that the systems are also missing security logs prior to 11 p.m. on Nov. 4.

“This means that all security logs for the day after the election, on Election Day, and prior to Election Day are gone. Security logs are very important to an audit trail, forensics, and for detecting advanced persistent threats and outside attacks, especially on systems with outdated system files,” Ramsland said.
“These logs would contain domain controls, authentication failures, error codes, times users logged on and off, network connections to file servers between file accesses, internet connections, times, and data transfers,” he added. “Other server logs before November 4, 2020 are present; therefore, there is no reasonable explanation for the security logs to be missing.”
13th Circuit Judge Kevin Elsenheimer approved the forensic examination in Bailey v. Antrim County, which alleges the infamous vote flip county officials reported last month may have not been the result of human error, as officials had alleged.

Elsenheimer earlier Monday agreed to let the report on the examination be published.

The office of Michigan’s Democrat Secretary of State Jocelyn Benson, Dominion, and a spokesman for Antrim County didn’t respond to requests for comment.

Erik Grill, an assistant attorney general, told the judge on Monday morning that Ramsland’s preliminary report was “inaccurate, incomplete, and misleading.” Haider Kazim, an attorney for the county, said it contained several errors the county believes were based on “faulty assumptions and incorrect assumptions.”",2020-12-15T02:46:49Z,75,https://www.youtube.com/watch?v=UaV1epLTwY8
j9UKonsLvAA,&quot;GABRIEL STERLING SAYS GONE TOO FAR&quot; - Dominion Voting System Fraud - Life Threats - Drain the Swamp,"""It. Has. All. Gone. Too. Far,"" says Gabriel Sterling.

Georgia Sec of State after a Dominion tech's life was threatened with a noose. ""Mr. President, you have not condemned these actions or this language....all of you who have not said a damn word are complicit in this.""

So has the Voter Fraud!  So let's have the guilty ones step up and condemn the ones that committed fraud!

Wake up America!
Count Every Vote

Enjoy the Video!

Know someone with a birthday coming up?
Check out http://www.awesomebirthdaysong.com and make someone's day!

Visit Channel Pals for all types of channels to anything and everything.
http://www.channelpals.com

Christmas is Coming!

Don't forget to submit your wish list to Santa
http://www.santashake.com

as well as our Christmas 365 Channel
https://www.youtube.com/channel/UCLULvTKnyiKP87XVKgNRIrg

Don't forget to check us out on our other Social Media Sites

https://www.instagram.com/awesomemosewa2020/
https://twitter.com/maggic_time
https://www.tiktok.com/@awesomemosewa",2020-12-08T18:10:55Z,49,https://www.youtube.com/watch?v=j9UKonsLvAA
b8ROBELtymc,CNN Admits Dominion Software HAS Flaws,"Rumble = https://rumble.com/user/SweetHomeStAugustine

Locals = https://sweethomesa.locals.com/

POPULIST REVOLT = https://populistrevolt.com

https://www.cnn.com/2022/05/28/politics/dominion-voting-system-software-vulnerabilities/index.html

Federal cybersecurity officials have verified there are software vulnerabilities in certain ballot-marking devices made by Dominion Voting Systems, discovered during a controversial Georgia court case, which could in theory allow a malicious actor to tamper with the devices, according to a draft analysis reviewed by CNN.

The vulnerabilities have never been exploited in an election and doing so would require physical access to voting equipment or other extraordinary criteria standard election security practices prevent, according to the analysis from the US Cybersecurity and Infrastructure Security Agency.

But because the subject is Dominion voting equipment, which has been the target of conspiracy theorists who falsely claim there was large-scale fraud in the 2020 election, federal and state and local officials are bracing for election deniers to try to weaponize news of the vulnerabilities ahead of midterm elections.

“While these vulnerabilities present risks that should be promptly mitigated, CISA has no evidence that these vulnerabilities have been exploited in any elections,” reads the draft CISA advisory, which the agency shared in a briefing with state and local officials on Friday.

The Washington Post first reported on the CISA advisory.

In preparing for the disclosure of the software vulnerabilities, CISA on Friday updated its “Rumor Control” website, which it used to rebut claims of election fraud during the 2020 election, with a new entry.

“The existence of a vulnerability in election technology is not evidence that the vulnerability has been exploited or that the results of an election have been impacted,” the new Rumor Control posting reads.

The vulnerabilities affect a type of Dominion ballot-marking device known as the Democracy Suite ImageCast X, according to the CISA advisory, that is only used in certain states.

“We are working closely with election officials to help them address these vulnerabilities and ensure the continued security and resilience of US election infrastructure,” CISA Executive Director Brandon Wales said in a statement to CNN. “Of note, states’ standard election security procedures would detect exploitation of these vulnerabilities and in many cases would prevent attempts entirely. This makes it very unlikely that these vulnerabilities could affect an election.”

The CISA analysis is of a security assessment of Dominion Voting Systems’ ballot-marking devices done by a University of Michigan computer scientist at the behest of plaintiffs in a long-running lawsuit against Georgia’s Secretary of State.

The computer scientist, J. Alex Halderman, was given physical access over several weeks to the Dominion ballot-marking devices, which print out a ballot after voters make their choice on a touch screen.

Halderman’s  report is still under seal with the court.

But according to Halderman and people who have seen the report, it claims to demonstrate how the software flaws could be used to alter QR codes printed by the ballot-marking devices, so those codes do not match the vote recorded by the voter. Postelection audits, which compare paper trails with votes recorded on machines, could catch the discrepancy.

The nature of computing means all software has vulnerabilities if you look closely enough, and software used in elections is no different. But election experts say physical access controls and other layers of defense, along with postelection audits, help mitigate the threat of votes being manipulated via cyberattacks.

The CISA warning notes most jurisdictions using the machines tested already have adapted the mitigations recommended by the agency. Dominion has provided updates to machines to address the vulnerability, one person briefed on the matter said.

CNN has reached out to Dominion for comment.

Separately, the Georgia’s Secretary of State’s office released a statement Friday on a review of the state’s election systems conducted by Mitre Corp., a federally funded nonprofit. While the Mitre report has not been made public, Gabriel Sterling, Georgia’s deputy Secretary of State, said in a statement Friday the report showed “existing procedural safeguards make it extremely unlikely for any bad actor to actually exploit any vulnerabilities.”",2022-06-01T01:15:34Z,84,https://www.youtube.com/watch?v=b8ROBELtymc
7DJWBsKRFlk,Dominion Voting System interview by RebelNews in Canada HQ,Dominion Voting System interview by RebelNews in Canada Headquarter,2020-12-27T05:11:51Z,230,https://www.youtube.com/watch?v=7DJWBsKRFlk
v_eOl9dwa_w,Dominion voting systems; Why are we hearing this?,"If you hold Truth above all things (even your own hearts desires,wants,feelings etc.) you will follow The Lord Jesus Christ and The Holy Spirit and The Spirit of Truth will make residence in you and dwell inside of you and you will be able to see with spiritual eyes as oppose to viewing things from a physical and worldly perspective. God bless you",2020-11-16T23:45:20Z,90,https://www.youtube.com/watch?v=v_eOl9dwa_w
oyENy_QrEd8,Dominion Voting Machines “Designed with Inherent Errors”   Election Fraud Update,,2020-12-19T22:43:11Z,39,https://www.youtube.com/watch?v=oyENy_QrEd8
CPEQRs70af4,Glen Beck on Dominion Voting Machines,,2020-11-14T21:55:35Z,450,https://www.youtube.com/watch?v=CPEQRs70af4
sIFfNJ3lCZI,Giuliani Revealed Issues On Dominion voting Software &amp; President Trump Claims &quot;He Concedes Nothing.&quot;,"Breaking News:
00:06 - Rudy Giuliani Reveals Issues On Dominion voting Software.
01:43 - President Trump Claims ""He Concedes Nothing.""
---------------------
#TrumpLegalTeam #Giuliani #
---------------------
Subscribe For More Conservative News, and Politics Commentary:
https://www.youtube.com/channel/UCOyR7gSLHwCQlMIYv133IAQ?sub_confirmation=1
----------------------
Support US by Joining our membership for Patriots Only by as little as $1.99:
https://www.youtube.com/channel/UCOyR7gSLHwCQlMIYv133IAQ/join",2020-11-15T23:15:06Z,3133,https://www.youtube.com/watch?v=sIFfNJ3lCZI
NMgBySFdsfU,04 Q&amp;A Session 2 | MI Senate Oversight Committee Hearing with Dominion Voting Sys Testimony,"On December 15th, 2020 Members of the MI Senate Oversight Committee heard sworn testimony from Dominion Voting Systems.

For more information about this and other voting system technologies, visit us on the following platforms: https://linktr.ee/krakeninstitute",2020-12-17T09:59:26Z,23,https://www.youtube.com/watch?v=NMgBySFdsfU
7yy1ruFDOy0,Dominion voting system executive Eric Coomer says he will make sure Trump does not win!,"Take a listen to the testimony of FEC United founder Joe Oltmann, who hears a top executive of Dominion Voting System, Eric Coomer say he made sure that Trump won’t win! #Dominionvoting #Dominion #EricCoomer",2020-11-26T17:47:15Z,1031,https://www.youtube.com/watch?v=7yy1ruFDOy0
V3156pdduJ8,🚨BREAKING! Rudy Giuliani Sued by Dominion Voting Systems Over False Election Claims,"An election technology company that has been the focus of consistent conspiracy theories by Donald Trump and his allies has sued the former President's lawyer Rudy Giuliani for defamation after he pushed the ""Big Lie"" about election fraud on his podcast and TV appearances.

Dominion Voting Systems is seeking more than $1.3 billion in damages.
""Just as Giuliani and his allies intended, the Big Lie went viral on social media as people tweeted, retweeted, and raged that Dominion had stolen their votes. While some lies -- little lies -- flare up on social media and die with the next news cycle, the Big Lie was different,"" lawyers for Dominion wrote in the lawsuit, filed in DC District Court on Monday morning. ""The harm to Dominion's business and reputation is unprecedented and irreparable because of how fervently millions of people believe it.""
The lawsuit notes that while Giuliani spread falsehoods about Dominion being owned by Venezuelan communists and corrupting the election, he did not make those claims in lawsuits he pushed on behalf of Trump.
--------------------------------------------------
Thanks for all your Support, LIKE the video, Sharing the video, and leaving a comment are always appreciated!!
...........................................................
Donation
https://streamlabs.com/roybling
https://cash.app/$roybling12
--------------------------------------------------
🖲 Check out my last video 🖲
► https://youtu.be/twB765zunwY
--------------------------------------------------
►Affiliates, Sponsors & Referrals:
--------------------------
GAMING LAPTOP
https://www.amazon.com/shop/roybling12?listId=1EWV16LJK6LUV&ref=idea_share_inf
VLOGGING ITEMS
https://www.amazon.com/shop/roybling12?listId=1J0BKSQ0DRZKC&ref=idea_share_inf
LIVE STREAMING ITEMS
https://www.amazon.com/shop/roybling12?listId=PAG4XEPKU9R3&ref=idea_share_inf
BMW E46 ITEMS
https://www.amazon.com/shop/roybling12?listId=36C954729A2KX&ref=idea_share_inf
BMW E90 ITEMS
https://www.amazon.com/shop/roybling12?listId=459REX1QJREP&ref=idea_share_inf
————————————————————————————
SUBSCRIBE AND HIT THE BELL SO YOU DON'T MISS ANYTHING!
----------------------------------------------------------------------------- •••••••••••••••••••••••••••••CONTACT/SOCIALS•••••••••••••••••••••••••••••••••••••••
Find me @RoyBling on all major music platforms!
TWITCH: https://www.twitch.tv/roybling
INSTAGRAM: https://instagram.com/roybling12
TWITTER: https://twitter.com/nerdstudiosja1
TIKTOK: https://www.tiktok.com/@roybling12
YOUTUBE: https://www.youtube.com/roybling
---------------------------------------------------------------------------------------------------
Join our growing community for new videos every Tuesday and Friday!

#Giuliani #Dominion #Sued #BlackLivesMatter  #Vote #GetPaidTo #CloutEarn #Scam #Election2020 #WalterWallace #BLM #WESTPhiladelphia #youtubers #youtube #youtuber #youtubechannel #like #instagram #youtubevideos #subscribe #sub #follow #youtubevideo #love #tiktok #likes #likeforlikes #memes #explorepage #instagood #video #gaming #viral #edits #gamer #vlogger #explore #influencer #a #vlog #followforfollowback #bhfyp",2021-01-28T03:17:53Z,113,https://www.youtube.com/watch?v=V3156pdduJ8
kOP1Pgez3zA,Chinese - 75% owner Dominion Voting Machines and New York!,#Chinese - 75% owner #Dominion #Voting #Machines and New York!,2020-12-05T05:37:49Z,236,https://www.youtube.com/watch?v=kOP1Pgez3zA
P3TO-T__7oI,BERNIE SANDERS WAS CHEATED BY DOMINION VOTING SYSTEM!,"Even crazy Bernie Sanders got rigged for Sleepy Joe to ""win"" 😅 lmaooo. The Dominion voting system is horrible🇺🇸❗

Don't worry. We're only on step 1. If one step doesn't work, it goes to the next.
🚨
1st step: District Courts
2nd step: Supreme Court
3rd step: 12th Amendment w/ House Of Representatives electing the President and VP.
🇺🇸
If non is choosen by January 20th, for INGUARGRUAN, the speaker of the house will be temporarily set in place until answer is found upon.
If the VP is picked first, then the VP would temporarily be President until that spot was picked. For instance, Mike Pence or Kamala Harris.
🤯
The way the constitution is setup, it leaves room for a mix match complication of a Republican/ Democrat President and VP.
🚨🚨🚨🚨
There's also more Red States than Blue states so it gives Republicans the upperhand if this comes a Contingent Election
🇺🇸
Which is unlikely but it could happen. there's procedures that President Trump knows, he knows how to win. He's been calm & collectively telling us this for a while.
🇺🇸
FOR MORE CONTENT, FOLLOW: @republican_news_outlet
🙏❤🤍💙🇺🇸❗
#Trump2020 #Election2020",2020-11-23T21:57:44Z,57,https://www.youtube.com/watch?v=P3TO-T__7oI
rliQR_b1wpk,Forensic Examination of Dominion Voting Machines | Footage show potential Fraud in Georgia,"Surveillance footage from State Farm Arena was presented by Trump's legal time in Georiga Judiciary Subcommittee Hearing is claimed to be evidence of fraud but officials keep denying it is normal. Governor has directed GA Secretary of State to make a signature audit.

Arizona legislature leaders are seeking an independent audit of Dominion Voting System's software. Sidney Powell also claims forensic examination will uncover more evidence of fraud.

Antrim County judge orders for a forensic inspection of 22 Dominion Voting Machines. Michigan is the first state to order for a forensic investigation while Dominion keeps denying all the allegations.

#Dominion #Sidney Powell #Georgia #Michigan #ForensicAudit",2020-12-05T12:33:04Z,9504,https://www.youtube.com/watch?v=rliQR_b1wpk
h3jjjefZyCM,"Melissa Carone, contractor of Dominion Voting Systems explains voter irregularities in Detroit",,2020-11-28T09:28:15Z,598,https://www.youtube.com/watch?v=h3jjjefZyCM
FlFI8FGTXXE,Cnn on dominion voting machines,Cnn on dominion voting machine years ago but does recognize them now.🤪,2020-12-16T02:23:58Z,181,https://www.youtube.com/watch?v=FlFI8FGTXXE
mI8j6euk0lM,"Dominion CEO LIES About How Their Voting Machine Works, Michigan Hearing",Dominion CEO testifies at Michigan legislature hearing (Dec. 15),2020-12-18T03:19:27Z,41,https://www.youtube.com/watch?v=mI8j6euk0lM
6t10DG7CUNQ,Kill Chain: The Cyber War on America&#39;s Elections,"With the integrity of 2016’s election in question, 2020 is also at risk as malware may already be in place to disrupt aspects of the election system. Following Harri Hursti, the legendary Finnish hacker turned election expert, as he investigates election-related hacks, the film provides a chilling look at this threat--and reveals how unprotected our voting systems really are.",2020-09-26T04:02:02Z,-1,https://www.youtube.com/watch?v=6t10DG7CUNQ
PiogOB0ypfQ,Dominion Voting Systems Sidney Powell vs CNN,"We all know CNN hates the President, they're saying there is no evidence of voter fraud. We've all seen CNN's track record, Sidney Powell with an amazingly pristine track record of honesty and integrity has a completely different position on the topic of Dominion Voting Systems.
Watch Like and Subscribe for more videos like this thank you.
Footage credit CNN and Fox News",2020-11-19T07:13:34Z,42,https://www.youtube.com/watch?v=PiogOB0ypfQ
aAQL3FhCvfg,The BEST HOI4 Mod Is Back With a HUGE Update!,"Kaiserreich has returned with a huge update, expanding the BEST HOI4 Mod even further!
Devs say this might be one of the biggest updates and patches they have done in a while.
And what's a better way to start playing the NEW Kaiserreich update than to play one of the hardest countries Sardinia which was also freshly updated to make Italy even better in the best mod for Hearts of Iron 4!

This Kaiserreich update changes a lot of stuff.
The patch brings plenty of changes to the world tension system as well as introducing an advisor rework.
The most important part is always the focus trees and there has been a good amount of changes when it comes to that department.
The new Kaiserreich HOI4 ""DLC"" gives Scotland, Korea and Sardinia new focus trees, while updating and tweaking South Africa, Argentina, German Africa and more.
Anyways there's a lot of changes and the best way to find out is to just watch the video or just go play one of the BEST HOI4 Mods yourself!
Also btw this new Italy aka Sardinia is super fun, you have to play this country!
It's legitimately a hard challenge to try and save Italy and survive as 1 small island...

The Full Gameplay - https://youtu.be/aKQNLQA3rE4

------------------------------------------------------------------------
➤ SUPPORT US:
PATREON - https://www.patreon.com/TommyKay
BECOME A MEMBER - https://www.youtube.com/channel/UCl-9FxBYUjsIsC_FASvhymw/join
MERCH - https://vikingsinparis.net/
------------------------------------------------------------------------
➤ GET INVOLVED:
TWITCH - https://www.twitch.tv/tommykaylive
DISCORD - https://discord.gg/TommyKay
TIKTOK - https://www.tiktok.com/@tommykaydaily
TWITTER - https://twitter.com/TheRealTommyKay
MORE VIDEOS - https://youtu.be/zGoq-Zwz3Os
------------------------------------------------------------------------
➤ Edited and Produced by Markoni:
Twitter - https://twitter.com/Markoni1100
Discord - Markoni# 4822
Business Email: themarkoni1199@gmail.com
➤ Thumbnail by MrBart
Website - http://tobiasmuller.eu/
------------------------------------------------------------------------
#hoi4 #kaiserreich #heartsofiron4 #hoi4kaiserreich #tommykay #german",2022-07-02T14:00:00Z,195436,https://www.youtube.com/watch?v=aAQL3FhCvfg
fqg1b5tsAaA,The Disturbing TRUTH About ERIC COOMER Head Of Security for DOMINION Voting Systems! MUST SEE!,"Subscribe TODAY: https://www.youtube.com/channel/UC-BHnFgHzMjyq0CFCsGBHyQ?sub_confirmation=1

Today, we learn the truth about The Director Of Security for DOMINION VOTING SYSTEMS ERIC COOMER and his Far Left Radical Views. This is important information that is being suppressed and I politely ask you to please share this video!

#Dominion #EricCoomer #Trump",2020-11-14T03:00:57Z,4844,https://www.youtube.com/watch?v=fqg1b5tsAaA
TXvhf1M-Rpo,BUSTED DOMINION REMOTELY TAKING OVER VOTING MACHINE,,2020-12-11T05:34:17Z,32,https://www.youtube.com/watch?v=TXvhf1M-Rpo
_lsnAGG-9e0,"MICHIGAN ALLOWS TRUMP, Forensic Audit To 22 DOMINION VOTING MACHINES-Huge WIN","This is massive news,  and this will reveal the truth my friends..",2020-12-06T18:01:22Z,201,https://www.youtube.com/watch?v=_lsnAGG-9e0
2iP-Wve_T8w,How Dominion Voting Machines Eric Coomer determined the US election,"5 area of critical information about Dominion voting system and Georgia/USA election 2020. How the design or organization of voting have big problems.

Dominion, Now the Largest or Second Largest Voting System Company, Is
Foreign Controlled and Depends Upon Secret Source Code Created and Owned by Smartmatic, a Foreign Controlled Company With Ties to The Venezuelan Government Led by Hugo Chavez. source: https://www.nist.gov/system/files/documents/itl/vote/2010-07-06VoterActionLetter2TGDC.pdf

Dominion’s got a couple of people who are permanently employed and stationed here in our warehouse.  https://whowhatwhy.org/2020/10/26/election-transparency-can-be-achieved-scrutineers-part-viii/",2020-11-29T15:01:26Z,243,https://www.youtube.com/watch?v=2iP-Wve_T8w
yuFdWlJmjZI,"Dominion Voting Machine Secrets Revealed Ties to Scytl, Smartmatic   Beyond the Noise","Dominion,ELECTION, Ballots,trump,Biden,SMARTMATIC,usa",2020-12-10T04:39:24Z,182,https://www.youtube.com/watch?v=yuFdWlJmjZI
kDK10pe4k7Y,Eric Coomer is the latest Dominion Voting Conspiracy target for the right,"Eric Coomer is a director of product strategy and security for Dominion Voting Systems and is the target of a conspiracy theory for what some investigator allegedly heard him say about “Trump not winning this election.. hahaha”..

Rudy Giuliani, in his last press conference, spoke as if this allegation was a fact but listen to why it’s not..

For all we know, Sidney Powell will probably attempt to drag this into her lawsuit due out later today.",2020-11-25T20:30:53Z,84,https://www.youtube.com/watch?v=kDK10pe4k7Y
8Wtf4drsKeA,ELECTION FRAUD 10 THe Dominion Voting Systems &amp; Smartmatic Story,"All rights reserved. Content created under 'Fair Use'.
The News Now, 2020",2020-11-25T01:03:21Z,15,https://www.youtube.com/watch?v=8Wtf4drsKeA
tFfRIrSsp78,"CPN News Update: From DOMINION VOTING SYSTEMS Executive, VOTES CAN Be CHANGED By &#39;OFFICIALS&#39;!","Christian Patriot Network News Update!  Another fresh upload for you viewers!  Tell us what you think in the comments!  As always, please like, share, subscribe and hit the notification bell!  Thank you all and God Bless!

Source: https://www.thegatewaypundit.com/2020/11/dominion-voting-systems-officer-strategy-security-eric-coomer-admitted-2016-vendors-election-officials-access-manipulate-vote

Bitchute:  https://www.bitchute.com/channel/B5CMbtMKkw00/
Faith Social:  https://www.faithsocial.com/cpatriotnetwork
Parler:  https://parler.com/profile/christianpatriotnetwork
Pilled:  https://pilled.net/#/profile/13972
Twitter:  https://twitter.com/cpatriotnetwork
YouTube:  https://www.youtube.com/channel/UC6lRObsAS5qKleG7tHVRd9w

Music: The Lounge by Benjamin Tissot (also known as Bensound)
https://www.bensound.com",2020-11-22T23:00:11Z,28,https://www.youtube.com/watch?v=tFfRIrSsp78
k9K2xvKbPXQ,Georgia Voting - Dominion Machines,"#Georgia #Dominion #2020Election

Georgia just spent over $100 Million on Dominion voting machines. Election security officials warned legislators of the MANY vulnerabilities the machines have AND the fact that a recount would NOT show anything wrong.
Former Security Advisor for the Obama Administration Jake Braun’s “brainchild” DEFCON assembles hackers from around the World to come and display HOW TO HACK the new voting machines.",2020-11-12T23:20:56Z,1881,https://www.youtube.com/watch?v=k9K2xvKbPXQ
L5oH_W_Srsg,2.7 Million Trump Ballots Deleted; Witnesses Alleging Ballot Fraud in Dominion Voting Systems--1114,"#FraudBallots #Election2020 #VoterFraud #DonaldTrump #TankmanNation

Interested in Political Debate?
Link to join our free speech promotion server: https://discord.gg/mMGTGx7nf7
Tankman Nation is hosting a debate show where political issues are discussed. A show to which debaters will be given a topic to debate on one week prior to the event. Debaters will have time to prepare and present their political view. Through their constructive speeches arguments will be formed to allow room for discussion.

We promote a free speech community and urge all who have strong feelings on their side of the political party to speak out and let the world hear your voice!

In addition to the free speech debate, we are also welcoming promotion partner that have the same ideology. We fight for a world that has free speech and protected human rights ! Together we will see a better tomorrow.",2020-11-14T03:20:14Z,125,https://www.youtube.com/watch?v=L5oH_W_Srsg
vDy0zg85Eww,Arizona’s Maricopa County Refusing Subpoena To Audit Dominion Voting Machines,"12-18-20:

Clint Hickman, the Chair of the Maricopa County Board of Supervisors is refusing to comply with the subpoena that would require Maricopa County to allow audits to be done on the Dominion Voting Systems that are currently used by and were used in the 2020 Presidential Election in their districts.

This subpoena was requested by both the Republican Run House and Senate Members out of Arizona after claims came from a Maricopa County Republican Chairwoman, who saw first hand votes for Trump being switched to Biden by the Dominion machines during Election Night.

#arizona #maricopacounty #republicans #democrats #electionfraud #electionirregularities #voting #voterfraud #joebiden #donaldtrump #presidenttrump #dominionvotingsystems #dominionvoting",2020-12-18T23:08:45Z,167,https://www.youtube.com/watch?v=vDy0zg85Eww
dBVlDPBQlvo,A rundown on the dominion voting machines and Trump&#39;s path to WIN!,"A rundown on the dominion voting machines and Trump's path to WIN! I'm talking Sidney Powell talks about voting anomalies, Rudy Giuliani, sounds of evidence, and how Joe Biden is on the hot seat.",2020-11-16T23:55:25Z,56,https://www.youtube.com/watch?v=dBVlDPBQlvo
hUnXtAR4FAE,"Complaining About A Chaotic World, While Rejecting The God of Order","It’s either Christ or chaos. You cannot reject God and still expect order in the world. Subscribe to our YouTube channel for more content like this!

Watch the full episode here: https://youtu.be/xETqPEHWEvM

To support Right Response Ministries, visit: https://rightresponseministries.com/donate

Subscribe to Theology Applied full episodes below:
Apple podcast: https://bit.ly/theologyapplied
Spotify podcast: https://bit.ly/theologyappliedspotify

If you live in the Austin area, Pastor Joel just started planting a brand new church called Covenant Bible Church in Hutto, Texas. He would love for you to come visit on a Sunday. Check out the church’s website for details: https://covenantbible.org/

#God #DelanoSquires #theology
_________________________________________________
Keywords: theology, Reformed theology, podcast, Christian podcast, theology podcast, theology show, Christian show, the gospel, Delano Squires",2022-07-09T15:00:19Z,662,https://www.youtube.com/watch?v=hUnXtAR4FAE
JevmThopvxo,28 Blessings of Deuteronomy 28 Pt.  2,"YeHoVaH reveals the secret to prosperity in Deuteronomy 28.  Deuteronomy 28:1 captures the prerequisite of True Biblical Prosperity.  The blessings are for those who obey the Commandments of YeHoVaH, and the curses are for those who disobey. The people had incentives to do the right thing and be blessed.  The people knew what YeHoVaH expected of them, there were no surprises.

Part 2 of this 4 part series in Deuteronomy 28 captures the benefits of a Torah Observant Life and covers Blessings 4-10.

4. Dt 28:4 A blessing on the fruit of your body,
5. Dt 28:4 Blessing on the fruit of your land.  Your land will be fertile.  Let it rest
6. Dt 28:4 The fruit of your livestock. Your Oxen and Cattle will be fertile.
7. Dt 28:4 The young of your cattle will grow strong and be fruitful; not sickly and weak
8. Dt 28:4 And flocks. Goats, geese, ducks, chicken, etc.
9. Dt 28:5 A blessing on your grain–basket: Barley, wheat, oats, rice, etc.
10. Dt 28:5 And kneading–bowl. Challah, matza, breads, cakes, etc.

In preparation for the study of The 28 Blessings of Deuteronomy 28 Part 2, please read Deuteronomy 28:1-14.


Welcome to ArthurBaileyMinistries.com YouTube channel. Please visit our website @ https://www.ArthurBaileyMinistries.com/

Please join us Live on the Internet @ https://ArthurBaileyMinistries.com/live-broadcast/ or join us Live at House of Israel in Charlotte NC, at 3601 Rose Lake Dr 28217 Saturdays at 11AM ET & Thursdays @7PM ET

Download the Arthur Bailey Ministries App
https://arthurbaileyministries.com/arthur-bailey-ministries-app-and-roku-channel

Get Free Ebooks @ http://ArthurBaileyMinistries.com/ebooks/



Visit our Store @ https://store.ArthurBaileyMinistries.com/collections/all



Support our ministry at https://ArthurBaileyMinistries.com/tithes-offering/



Follow us on Facebook @ https://www.facebook.com/Arthur-Bailey-120278244653367/



Follow us on Instagram @ApostleArthurBailey",2022-07-07T23:00:15Z,441,https://www.youtube.com/watch?v=JevmThopvxo
1tKnBPorjJo,Should Senators Be Showing Solidarity With Ekweremadu?,"Here’s today’s Big Hard Fact:

The Ekweremadu Trial has been adjourned until the 4th of August.

Should Senators Be Showing Solidarity With Ekweremadu?

#NigeriainfoHF | Sandra Ezekwesili

📻 http://nigeriainfo.fm/lagos/player/
☎️ 0700993993993
☎️ 01 4657190 (Female Only)
📩 08095975805

#NigeriaInfoFM993",2022-07-07T17:01:46Z,227,https://www.youtube.com/watch?v=1tKnBPorjJo
Ogqd4qiHO1Y,"Government of India Act, 1935","To download the PDF , Join our Telegram Group: - https://t.me/SleepyClasses
OR
To join our Free initiative, click on the link given below:
https://courses.sleepyclasses.com/learn/home/Mains-Crash-Course---2022/section/288115/lesson/1770024

______________________________________________________________________________________
 ➡️Mains Crash Course for UPSC 2022 - https://sleepyclasses.com/mains-2022-crash-course/
➡️UPSC 2023 General Studies Course: https://sleepyclasses.com/general-studies-2023/
➡️Sociology Optional for UPSC : https://sleepyclasses.com/sociology-2023/
➡️Political Science and IR for UPSC : https://sleepyclasses.com/political-science-i-r/
➡️Signup here - https://sleepyclasses.com/

Have any query related to UPSC preparation:  📞Contact Us ► Toll-Free: 1800 890 3043 ► Mobile: 6280133177 ► Email: Sleepy.Classes@gmail.com ► WhatsApp: 6280133177

Check out our most popular course plans:
- Instalment plans for UPSC courses: https://sleepyclasses.com/instalment-plans/
- Combo courses: https://sleepyclasses.com/combo-courses/
______________________________________________________________________________________
Our FREE Initiatives | Recommended:

➡️ PSIR Crash Course for UPSC 2022: https://www.youtube.com/watch?v=eB-T9Oe_Hxk&list=PLYSuG-KZy7JCNkg6mXAj3FWnQabGtERZ0
➡️ Sociology Mega Videos: https://www.youtube.com/watch?v=BczvWh0fimI&list=PLYSuG-KZy7JDdE4yuDCzs5UrZyip-uAe6
➡️ Daily articles: https://sleepyclasses.com/daily-editorials-upsc-2022/
➡️ Free mains answer writing for General Studies: https://sleepyclasses.com/mains-answer-writing-practice/
➡️ Previous year UPSC prelims solved questions: https://sleepyclasses.com/pyq-marathon-session-onlineoffline/
➡️ One minute series : https://www.youtube.com/watch?v=EkOVGcGROwI&list=PLYSuG-KZy7JAhOtDor8KNYSaoI_g9zzLe
______________________________________________________________________________________
Our Paid Initiatives | Recommended:
➡️Essay 2022 and 2023:  https://sleepyclasses.com/essay-course-2023/
➡️CSAT Course: https://sleepyclasses.com/csat-courses/
➡️State PCS courses (PPSC/MPPSC/UPPSC/HPAS): https://sleepyclasses.com/statepcs/
______________________________________________________________________________________
Follow us on Social Media Platforms
➡️Facebook: https://www.facebook.com/mysleepyclasses
➡️Twitter: https://twitter.com/SleepyClasses
➡️Instagram: https://www.instagram.com/sleepy_classes/ ______________________________________________________________________________________

🏆Sleepy Classes strives to make Civil Services and other government exam preparation Affordable and Accessible to all. 🏆In our pursuit we have given top-rankers to civil services from all corners of the country now (Check some of our past toppers: https://sleepyclasses.com/toppers-corner/ . 🏆We now have single-digit rank holders in UPSC as well as all the state exams of the country. Sleepy Classes is the Best Youtube Channel providing a lot of free content on a daily basis (Watch what our toppers have to say about our YouTube channel: https://www.youtube.com/watch?v=C9ijolPPM9o ).

Download - SleepyClasses Free Learning App
► Android: https://play.google.com/store/apps/details?id=com.sleepyclasses.testseries&hl=en_IN&gl=US
► iOS: https://apps.apple.com/in/app/sleepy-classes/id1479977575",2022-07-06T06:30:11Z,1817,https://www.youtube.com/watch?v=Ogqd4qiHO1Y
yG1KuF-Whsk,Dominion Voting Machines bought by Hackers on Ebay?,,2020-11-14T22:08:51Z,471,https://www.youtube.com/watch?v=yG1KuF-Whsk
N0TcDspQ_cs,"Nov. 7, 2020 The election software system in Michigan is called &quot;Dominion Voting Systems’","Every video clip in this channel is for educational purpose and has not made any profit.

If it infringes any copyrights, please leave a message, and the video will be removed.

😊

The clip is from twitter account


Kyle Becker
@kylenabecker
Former Associate Producer/Writer
@FoxNews
. Former Director of Viral Media & Sr. Mg. Ed.
@TheIJR Also
@DailyCaller


tweet link is here


Kyle Becker (@kylenabecker) Tweeted:
The election software system in Michigan that switched 6,000 votes from Trump to Biden is called ""Dominion.""

It is used in 30 states including:

☑️Nevada
☑️Arizona
☑️Minnesota
☑️Michigan
☑️Wisconsin
☑️Georgia
☑️Pennsylvania

Every single major swing state. EVERY. SINGLE. ONE. https://t.co/R6s2RnVmEF https://twitter.com/kylenabecker/status/1324867717808050176?s=20

music royalty free

title: Hero
composer: MK2",2020-11-07T05:33:09Z,388,https://www.youtube.com/watch?v=N0TcDspQ_cs
ePXcDNrCljg,"Eric Cr0m3r, Antifa and Dominion Voting Machine",,2020-11-22T04:33:52Z,67,https://www.youtube.com/watch?v=ePXcDNrCljg
IUxtewUJhC8,DOMINION VOTING MACHINES EXPOSED,HogDexter,2020-12-03T19:31:34Z,187,https://www.youtube.com/watch?v=IUxtewUJhC8
er51uj8UWbQ,&quot;Sidney Powell Releases the Kraken&quot; - Lou Dobbs - Dominion Voting Systems - Joe Biden - Nancy Pelosi,"Sidney Powell says is true, all hell is going to break loose.  The fate of the Democratic Party and the media is on the line. Losing the election will be the least of their worries!

For days after the election, adherents to the QAnon conspiracy movement had been trying to get President Donald Trump’s attention with constant false claims about voter fraud connected to a company that makes voting machines.

On Thursday, they celebrated. Trump tweeted in all-caps about a conspiracy theory that baselessly alleges that Dominion Voting Systems, a company that makes voting machines, “deleted” millions of Trump votes, citing a report on the far-right cable news outlet One America News Network.

While the theory has already been debunked — including by Chris Krebs, director of the Cybersecurity and Infrastructure Security Agency, which is tasked with national security related to the internet and technology — Trump's tweet offered a sliver of energy at a time when the QAnon movement had stalled, waiting for its leader, “Q,” to return with guidance from a hiatus that began on the morning of Election Day and lasted more than a week.

But QAnon is far from done. The movement's recent evolution and activity around the Dominion conspiracy theory highlight how even Joe Biden's election win and the disintegration of the broader QAnon narrative do not spell the end of the broader conspiracy ecosystem it has built.

Advance Democracy, a nonpartisan nonprofit that tracks misinformation, found that 1 in 7 tweets about “#Dominion” since Nov. 5 originated from accounts that self-identified as QAnon accounts. Tweets featuring the #Dominion hashtag rose from about 75 tweets per day to over 35,700 each day in the last week.

QAnon adherents had been reeling in the last week, as the conspiracy prophecy had seemingly failed. The conspiracy theory posited that Trump was secretly working to save the world from a cabal of high-profile Democrats who murder children to appease Satan, and that an anonymous user named “Q” on the extremist website 8kun was outlining his secret plan to round up and execute them.

President Trump will win the Election!

The Dominion Voting Machine was used by the Democrats to switch the Trump votes with the Biden votes.

Wake up America!
Count Every Vote

Enjoy the Video!

Know someone with a birthday coming up?
Check out http://www.awesomebirthdaysong.com and make someone's day!

Visit Channel Pals for all types of channels to anything and everything.
http://www.channelpals.com

Christmas is Coming!

Don't forget to submit your wish list to Santa
http://www.santashake.com

as well as our Christmas 365 Channel
https://www.youtube.com/channel/UCLULvTKnyiKP87XVKgNRIrg

Don't forget to check us out on our other Social Media Sites

https://www.instagram.com/awesomemosewa2020/
https://twitter.com/awesomemosewa20
https://www.tiktok.com/@awesomemosewa",2020-11-14T16:31:15Z,182,https://www.youtube.com/watch?v=er51uj8UWbQ
lQzQKacLEXY,"NEWSMAX APOLOGIZES, walks back all Dominion voting fraud claims.","Here's the link:
https://www.nbcnews.com/politics/2020-election/newsmax-apologizes-vote-manipulation-claims-against-dominion-leader-n1266040",2021-05-01T08:47:41Z,136,https://www.youtube.com/watch?v=lQzQKacLEXY
xGv6ykrLC3I,Lenius: A Terrifying New Level of Magical DPS | Unit Showcase | Last Cloudia,"I hope you guys enjoy! This was definitely a fun one to make!

Shoutout to Lake for his amazing information regarding units, to help me make this kind of showcase!

Cheers!
~Tweacz

#lenius #lastcloudia

Join the LC Discord: https://discord.gg/lastcloudia
Check out Lake's Goldmine (the best LC resource): https://www.lastcloudia-goldmine.com/
Check out Lake's Farming Tool: https://tinyurl.com/LakesGodlyFarmingTool
Check out the GL Tier List: https://tinyurl.com/LastCloudiaTL

Timestamps:
00:00 Intro
00:11 Overview
01:18 Traits
03:58 Regular Attack, Skills, Special
08:00 Magic Spells
11:06 Passives
20:46 Equipment Selections
25:40 Ark Selections
29:40 vs Lambda (Thunder Magic)
31:10 vs Mother System (Thunder Magic)
34:54 vs Mardagade (Ice Magic)
36:00 vs Green Gate (Earth Magic)
37:46 Multiplayer Suggestions
40:52 Closing Thoughts on Lenius",2022-07-09T12:59:31Z,1953,https://www.youtube.com/watch?v=xGv6ykrLC3I
aZnJS1Xt6ps,Dominion Voting Fraud,"PERKINS COIE IS NOW LEGALLY REPRESENTING DOMINION VOTING. They have lawyered-up.

WHO WORKS AT PERKINS COIE?

MARC C ELIAS.

Who is that?

Marc Elias is the same DEMOCRAT operative that laundered #CrookedHillary’s money to #ChristopherSteele’s infamous dossier to frame #PresidentTrump. Crooked H paid a British guy to find dirt on her political opponent, and the Obama admin and James Comey and John Brennan all knew about it, lied about it, and used it to spy on the Trump campaign.  Journalists of course were asleep because they wouldn’t dream of reporting negatively on Democrats, so they either ignored it or found elaborate ways to excuse it and of course, deflect / project.

So that same guy is now working hard to change election rules all over America after the fact. Democrat loyalists and sycophants are claiming this was “the most secure election in U.S. History.” 😂 I think they’re wrong. It would have been even more secure if #HillaryClinton and her personal lawyers counted the votes themselves.  Maybe next time. Notice how elections that Democrats win (or believe they’ve won) are always super secure and legit and shouldn’t even be questioned — according to our wonderful and totally objective news media. But any election Republicans win, oh that’s either because of racism, or voter suppression, or Russian collusion and is always illegitimate.  Democrats and their PR wing the mainstream media delegitimize every election they lose. They did it after the 2016 election by calling Trump a Putin-puppet and endlessly investigating him and anyone in the White House.  Meanwhile, these same “journalists” always seem to ignore actual instances of corruption and real links between the Biden family and communist China. They’re not that stupid, they just sold out to the Democrat party-which sold out to China decades ago. 🇨🇳 It’s too bad Democrats have no other way to make money other than to destroy this country by selling it out to the highest bidder.",2020-11-20T21:16:37Z,346,https://www.youtube.com/watch?v=aZnJS1Xt6ps
Xw4JTFat4ac,Chairwoman Kelli Wardaz peels back the curtains to EXPOSE Dominion Voting Software,Chairwoman Kelli Wardaz peels back the curtains to EXPOSE Dominion Voting Software,2020-11-24T05:00:21Z,157,https://www.youtube.com/watch?v=Xw4JTFat4ac
trJyenLrwVA,La Dominion Voting System aveva la sede sullo stesso piano dello stesso edificio della Tides Canada,,2020-11-24T19:52:06Z,107,https://www.youtube.com/watch?v=trJyenLrwVA
a6IpeIWzi6E,Dominion Voting Purchased Sequoia and Smartmatic in June 2010 - Huffpost,"Dominion Voting Purchased Sequoia and Smartmatic in June 2010 - Huffpost


SEQUOIA VOTING SYSTEMS, INC. USES VOTE-COUNTING SOFTWARE
DEVELOPED, OWNED, AND LICENSED BY FOREIGN-OWNED
SMARTMATIC, A COMPANY LINKED TO THE
VENEZUELAN GOVERNMENT OF HUGO CHÁVEZ
https://www.nist.gov/system/files/documents/itl/vote/SequoiaSmartmaticReport61208.pdf

Canadian eVoting Firm Dominion Also Acquires Sequoia, Lies About Chavez Ties in Announcement by Brad Friedman
https://www.huffpost.com/entry/exclusive-on-heels-of-die_b_620084",2020-12-25T06:24:19Z,19,https://www.youtube.com/watch?v=a6IpeIWzi6E
y6OpIy7muk0,"US election voting Dominion  voting ,Smartmatic voting. Democratic party.",TrumpCampaign should encourage everyone in the US to confirm their Trump vote at http://Vote.DonaldJTrump.com then drill down to the precinct level to prove our Trump votes were swapped in the machines stored on hacked EAC “certified” memory cards tallied,2020-11-24T20:26:58Z,64,https://www.youtube.com/watch?v=y6OpIy7muk0
kY3JxxxkstE,Why you should share and must the gospel with others today!,Why you should share and must the gospel with others today!,2022-07-06T00:17:31Z,109,https://www.youtube.com/watch?v=kY3JxxxkstE
u_lc_E3nGtw,VoterGA announced today it has confirmed the Dominion Democracy Suite 5.5 system,"ROUGH TRANSCRIPT:
Hello and welcome to ASL Patriot Broadcast!

Press Release Contact: December 3, 2020   ATLANTA GA –    VoterGA announced today it has confirmed the Dominion Democracy Suite 5.5 system used throughout Georgia flipped dozens of votes cast in at least one county for President Donald Trump to former Vice President Joe Biden during the November 3rd 2020 election. Dominion vote flipping from Trump to Biden was previously believed to have occurred only in Antrim County, Michigan where the system swapped 6,000 votes from Trump to Biden. In Georgia, Ware County Elections Director confirmed that the recently completed hand count audit totals showed the total electronic vote count shorted Donald Trump 37 votes and added those 37 votes to totals for Joe Biden. The 37 swapped votes of the 74 total impacted represents .26% of the 14,192 county votes cast, exactly the same as Biden’s total statewide margin of .26%. State Election Director Chris Harvey’s November 16 th memo instructed counties to certify all Dominion results if they included all ballots cast. After Harvey pressed counties to disregard any potential Dominion counting inaccuracies, Secretary of State (SOS) Brad Raffensperger ordered counties to reset their machines for the U.S. Senate race, which would destroy potential evidence of tabulation malware. Secretary Raffensperger forced Georgia counties to enter their audit results into a centralized ARLO system rather than their own data sources. That broke the audit reporting chain and allowed the SOS office to tell counties what their results are rather than counties reporting their results to the state using generally accepted American election reporting principles. VoterGA polled all 159 counties and found roughly 150 of them had no electronic totals for their own hand count audit. ARLO was supported in Georgia by VotingWorks, whose founder Ben Adida posted anti-Trump profanity on social media. The same is true for Dominion’s Eric Coomer, the V.P of Systems Strategy and Security, a software patent holder and expert state defense witness in the Curling V. Raffensperger case against Georgia’s Dominion voting system. Coomer, whose many historical posts on Social media prove he is an ultimate Trump hater, was also identified on an Antifa conference call telling members that: “Trump is not going to win. I made f***ing sure of it”.  HOWEVER the Democrats are saying it did not happen.  Instead, “Ware County Election Supervisor Carlos Nelson told the Associated Press that an election worker made a small tabulation error that involved the 37 votes.
Election officials discovered the mistake during an internal audit and corrected the figure in the full hand recount of paper ballots, he said. There was never an issue with the technology from Dominion.”  Dominion Voting Systems has also repeatedly denied claims that its machines deleted or switched votes. A statement on its website notes that ""all baseless claims have been debunked by election officials, subject matter experts and third-party fact-checkers.""  The fact checker for THIS article says it’s not true based on what the Ware co supervisor said.  Well, guess what?  At the VERY bottom of the fact checker article, it said, “Our fact check work is supported in part by a grant from Facebook.”  Wow! Facebook is everywhere!!! Even in USA TODAY!  Does USA Today need Facebook’s money???
Really? Here’s some MORE evidence!!!  We are seeing pictures of different examples where the print out papers shows votes has been changed!  One area had 524 votes about MM legality.  Tied at 262 each.  Recounted came out to 262 yes and 261 no. 523 total votes.  This law passed.  Here’s another better example.  One county school board voting had a total of 1068 votes.   Printout was a little out of focus so let me sum it up… Melaine had 519 while Keith  had 525 votes, then “write in”  had 24.  They redid the count and suddenly Melaine has 852 (up from 519) and Keith has 846(up from 525).   HOW???  Then in one other board school in different CO. They had a total of 663 votes.  Mark had 333 and Christopher had 320.
 They AUDITED the ballots (Not recount) then the qualifying ballots that were left were drastically different.  Each of them got 3 votes.  Total qualifying votes were down from 663 votes to 6 votes.   This might seem small. But on numbers that goes into the thousands or hundreds of thousands, those little percentages adds up.

There is EVIDENCE of fraud out there.  Go and look.

Facebook link: https://www.facebook.com/ASLPB2020
MeWe link: https://mewe.com/join/aslpatriotbroadcast
Gab link: https://gab.com/ASLPatriotBroadcast
Rumble link:  https://rumble.com/user/ASLPatriotBroadcast
YouTube link: https://www.youtube.com/channel/UCKmOZpjcn6dK0HifpTpJzGA",2020-12-09T19:25:23Z,294,https://www.youtube.com/watch?v=u_lc_E3nGtw
-L-wvLFDjGs,Dominion Voting Machines to be Seized! John Hopkins paper &quot;Total death numbers are not above normal&quot;,"On this episode we go over lots of stories!

Here is the story about the paper from John Hopkins
https://justthenews.com/politics-policy/coronavirus/johns-hopkins-published-then-deleted-study-questioning-us-coronavirus

Here is the link to the story about the bets. Don't bet against TRUMP!
https://freepress.ie/2020/11/1-7-billion-in-presidential-election-bets-and-trump-is-coming-like-a-train/",2020-11-29T02:50:34Z,86,https://www.youtube.com/watch?v=-L-wvLFDjGs
ES3bHdHCc4A,&quot;TRUMP MOTOCADE AT MILLION MAGA MARCH IN DC&quot; - Dominion Voting Systems is Election Fraud,"Million MAGA March going on in DC today.  Millions of Trump Supporters there to fight for our rights as Americans.

Joe Biden, go back to your basement because after the Courts come out with the evidence collected from the Dominion Voting System, your next home will be Prison, along with your son Hunter!

Wake up America!
Count Every Vote

Enjoy the Video!

Know someone with a birthday coming up?
Check out http://www.awesomebirthdaysong.com and make someone's day!

Visit Channel Pals for all types of channels to anything and everything.
http://www.channelpals.com

Christmas is Coming!

Don't forget to submit your wish list to Santa
http://www.santashake.com

as well as our Christmas 365 Channel
https://www.youtube.com/channel/UCLULvTKnyiKP87XVKgNRIrg

Don't forget to check us out on our other Social Media Sites

https://www.instagram.com/awesomemosewa2020/
https://twitter.com/awesomemosewa20
https://www.tiktok.com/@awesomemosewa",2020-11-14T17:56:07Z,39,https://www.youtube.com/watch?v=ES3bHdHCc4A
ldjZtKC6U9Q,Sidney Powell on Dominion Voting Machines,Lou Dobbs Fox Business,2020-11-14T23:42:37Z,381,https://www.youtube.com/watch?v=ldjZtKC6U9Q
9l1a2dE25Hw,POLICE RELEASED 54 WOMEN AFTER THE UN FREEDOM OF ASSOCIATION URGED THE GOVERNMENT TO DO SO,"Police has released 54 protestors arrested and detained for illegal and unlawful demonstrating on Monday without charges.
This came as a result of the tweet from the UN Special Rapporteur Freedom of Association i quote '' #SierraLeone - I’m concerned about reports related to yesterday's arrest & #detention by police of a number of people, mainly women, who demonstrated against the cost of living. I urge the State to immediately release those detained and to guarantee their access to #justice.
#SierraLeone - I remind the government of its obligation to guarantee the right to peaceful assembly, whether planned or spontaneous, and regardless of the organizers’ registration status. Authorities should facilitate peaceful #assemblies.

However;Femi Claudius-Cole and Dennis Bright remain in custody.

THIS AND MORE FOR YOU IN THIS EDITION OF WI YARD 06/07/22",2022-07-06T16:55:21Z,11031,https://www.youtube.com/watch?v=9l1a2dE25Hw
8-W24yYj_n0,"Joe Biden and Dominion Voting Machines that Flipped Votes in 28 States, 9 Top Counties",MSM doesn't care what Joe Biden says but you should,2020-11-12T22:03:44Z,3555,https://www.youtube.com/watch?v=8-W24yYj_n0
VoGzak3GuTk,JIC:: Disgraced Antifa Sympathizer and Former Dominion Exec. Eric Coomer Describes Flaws in Software,"In a second video, former Dominion Voting Systems executive and antifa sympathizer Eric Coomer explained to officials in Illinois how votes could be manually manipulated on their system, showing yet another flaw and bringing about even more questions as it pertains to the integrity of the 2020 presidential election.


Stay connected with Drew and find news commentary here: https://www.drewberquist.com
————————————
Follow Me On:
————————————
PARLER: https://parler.com/profile/RealDrewBerquist/posts
TWITTER: https://twitter.com/drewberquist
FACEBOOK: https://www.facebook.com/drewtberquist

Donate to the show:
https://www.paypal.com/donate?hosted_button_id=CF57P82PYVKWC",2020-11-25T00:15:01Z,8785,https://www.youtube.com/watch?v=VoGzak3GuTk
v324ldxBtRA,&quot;TRUMP SUPPORTERS&quot; - Patriots of America - Dominion Voting Systems Fraud is Real,"Patriots are out supporting President Trump.  We need to fight for our rights and can't let the Democrats run us over with this massive election Fraud.

The Democrats have been planning this for a long time, trying to get President Trump out of office before the election! They knew he had dirt on them and only a matter of time, the ENTIRE SWAMP WILL BE DRAINED!

Wake up America!
Count Every Vote

Enjoy the Video!

Know someone with a birthday coming up?
Check out http://www.awesomebirthdaysong.com and make someone's day!

Visit Channel Pals for all types of channels to anything and everything.
http://www.channelpals.com

Christmas is Coming!

Don't forget to submit your wish list to Santa
http://www.santashake.com

as well as our Christmas 365 Channel
https://www.youtube.com/channel/UCLULvTKnyiKP87XVKgNRIrg

Don't forget to check us out on our other Social Media Sites

https://www.instagram.com/awesomemosewa2020/
https://twitter.com/awesomemosewa20
https://www.tiktok.com/@awesomemosewa",2020-11-16T17:28:06Z,10,https://www.youtube.com/watch?v=v324ldxBtRA
DNmmwkujW20,Globalization with the Pastoral Team | Sons of Light,June 15 Sons of Light - Globalization & Open Borders,2022-06-16T15:23:03Z,12,https://www.youtube.com/watch?v=DNmmwkujW20
uaQwy7IvC20,Latest on Lawsuits of Voter Fraud &amp; Election Fraud with the Dominion Voting System 11/16/20,,2020-11-17T08:12:55Z,149,https://www.youtube.com/watch?v=uaQwy7IvC20
QIw2B475t0w,Why Did Texas Reject Dominion Voting Machines? &quot;Colonel Waldron Testimony&quot; -  Part 3,"Az Election Fraud 2020 Election

https://wrawake.com/",2020-12-10T14:00:10Z,45,https://www.youtube.com/watch?v=QIw2B475t0w
GFVpY7EqTIo,Dominion CEO Admits Using Parts Made in Communist China in a House Hearing in January,"Dominion CEO Admits Using Parts Made in Communist China in a House Hearing in January

Ref:
https://gnews.org/590751/

Before the House Administration Committee (Jan. 9, 2020), CEOs of voting system companies, including the Election Systems & Software (ES&S) president & CEO, Tom Burt and the Dominion Voting System’s President & CEO, John Poulos, admitted that their voting systems used components made-in-Communist-China. All 3 CEOs admitted that none of the voting systems was 100% safe.

#stopthesteal #Verifythevote #Voterfraud #Trump #prayforamerica #Whistleblowermovement #TakeDownCCP #TheNewFedralStateOfChina",2020-11-26T01:37:59Z,41,https://www.youtube.com/watch?v=GFVpY7EqTIo
FLByD2e9PJw,part 1 on dominion voting servers in Germany for Americans election,,2020-11-15T01:16:48Z,469,https://www.youtube.com/watch?v=FLByD2e9PJw
RrO11lT0aaY,Sidney Powell 11/17/20 Newsmax Dominion Voting,,2020-11-18T04:25:01Z,743,https://www.youtube.com/watch?v=RrO11lT0aaY
qxw6rM0_Gys,Abort Abortion: 23 Scriptures that Oppose Abortion,"In light of the recent US Supreme Court overturn of Roe vs. Wade, Pastor Mark shares this topical sermon with 23 different Scripture verses giving reasons why true Christians must oppose abortion.

Connect with Me:
Twitter:  http://twitter.com/pastormark
Instagram:  http://instagram.com/markdriscoll
Facebook:  http://facebook.com/pastormark

Follow Our Church:
Twitter:  https://twitter.com/TheTrinityChrch?s=20
Instagram:  https://www.instagram.com/trinitychrch/
Facebook:  https://www.facebook.com/trinitychrch
Abort Abortion: Realfaith.com/abortabortion",2022-07-04T05:11:18Z,1725,https://www.youtube.com/watch?v=qxw6rM0_Gys
YNoqtkyhVls,KAMALA HARRIS AND DOMINION VOTING ARRANGE A COUP ON ELYSIUM,"Who acted better, Kamala Harris or the Dominion CEO John Poulos? Leave your answer in comments. https://SILVIEW.media “Minecraft"" ""ASMR"" ""pewdiepie"" ""music"" ""Fortnite"" ""markiplier"" “YouTube is a perfectly balanced game with no exploits.” ""Runescape"" ""World of Warcraft"" ""Shadowlands"" ""Dream"" ""MrBeast"" ""Warzone"" ""FaZe Clan"" ""100 Thieves"" ""Call of Duty"" ""Pokemon"" ""Pokemon cards"" ""card unboxing"" ""Charizard"" ""they don't want you to know"" ""Flat earth"" ""round earth"" ""triangle earth"" ""the earth is not earth"" ""omg government is lying to you"" ""Minecraft"" ""ASMR"" ""pewdiepie"" ""music"" ""Fortnite"" ""markiplier"" “YouTube is a perfectly balanced game with no exploits” ""Runescape"" ""World of Warcraft"" ""Shadowlands"" ""MrBeast"" ""Warzone"" ""FaZe Clan"" ""100 Thieves"" ""Call of Duty"" ""Pokemon"" ""Halo"" ""Devil may cry"" “YouTube is a perfectly balanced game with no exploits.” “Cocomelon” “t series” “Minecraft"" ""ASMR"" ""pewdiepie"" ""music"" ""Fortnite"" ""markiplier"" “YouTube is a perfectly balanced game with no exploits.” ""Runescape"" ""World of Warcraft"" ""Shadowlands"" ""Dream"" ""MrBeast"" ""Warzone"" ""FaZe Clan"" ""100 Thieves"" ""Call of Duty"" ""Pokemon"" ""Pokemon cards"" ""card unboxing"" ""Charizard"" ""they don't want you to know"" ""Flat earth"" ""round earth"" ""triangle earth"" ""the earth is not earth"" ""omg government is lying to you"" ""Minecraft"" ""ASMR"" ""pewdiepie"" ""music"" ""Fortnite"" ""markiplier"" “YouTube is a perfectly balanced game with no exploits.” ""Runescape"" ""World of Warcraft"" ""Shadowlands"" ""Dream"" ""MrBeast"" ""Warzone"" ""FaZe Clan"" ""100 Thieves"" ""Call of Duty"" ""Pokemon"" ""Halo"" ""Devil may cry"" “YouTube is a perfectly balanced game with no exploits.” “Cocomelon” “t series”",2020-12-16T21:02:47Z,68,https://www.youtube.com/watch?v=YNoqtkyhVls
TbUrzCA9Jio,&quot;RUSS RAMSLAND EXPLAINS CHANGING VOTES FROM ANYWHERE&quot; - Dominion Voting Software is Lethal - Fraud,"We began to look and realized how easy it is to change votes.

Election security expert Russ Ramsland has performed many investigations on US election machines. The most interesting thing about this interview is it took place just days BEFORE the election.  It's scary to realize how many people, Democrats knew about this cheating scheme.

Think about it.  Joe Biden hardly did any campaigning like President Trump.  He hid in his basement, ""Hiden Biden"" and only came out when he was told to come out by the Democrats or the higher party.  They knew he was gonna win because of the fraud, so why worry about him trying to win votes!

So many variations of fraud in this election.

Big Tech helped out by censoring a lot of social media!
Joe hardly did any campaigning, none at all the week of the election!
Democrats constantly said they were gonna win!
Six swing States changed over night from Trump to Biden!

No way this fraud didn't happen and still, the Democrats are trying to tell Trump to concede, even though Sidney Powell has already claimed so much evidence for Court. They must really think the Republicans are stupid!

And still, no Stimulus check!  Where's our check Nancy???

Wake up America!
Count Every Vote

Enjoy the Video!

Know someone with a birthday coming up?
Check out http://www.awesomebirthdaysong.com and make someone's day!

Visit Channel Pals for all types of channels to anything and everything.
http://www.channelpals.com

Christmas is Coming!

Don't forget to submit your wish list to Santa
http://www.santashake.com

as well as our Christmas 365 Channel
https://www.youtube.com/channel/UCLULvTKnyiKP87XVKgNRIrg

Don't forget to check us out on our other Social Media Sites

https://www.instagram.com/awesomemosewa2020/
https://twitter.com/awesomemosewa20
https://www.tiktok.com/@awesomemosewa",2020-11-16T17:21:56Z,184,https://www.youtube.com/watch?v=TbUrzCA9Jio
3OG0TX7wpvs,MSNBC Exposes Voting Machines Like Dominion Easy To Hack Can Be Bought On Ebay,"https://www.engadget.com/2019-09-27-us-voting-machines-hackers-2020-election.html



engadget.com
Researchers easily breached voting machines for the 2020 election
Christine Fisher

A number of flaws allowed the hackers to access the machines, including weak default passwords and shoddy encryption. The group says the machines could be hacked by anyone with access to them, and if poll workers make mistakes or take shortcuts, the machines could be infiltrated by remote hackers.

This isn't the first time we've been told the machines are susceptible to hacks. This summer we learned that key election systems may have been exposed online for months, and at least one voting machine maker sold states systems with remote access. With the 2020 election quickly approaching, states have little time to secure their systems. As The Washington Post reports, Senate Majority Leader Mitch McConnell (R-Ky.) is blocking bills that would mandate election security fixes. McConnell has endorsed giving $250 million in federal funds to state election officials, but that's significantly less than the $600 million Democrats in the Senate and House have proposed.

We also know that Russian hackers accessed voter databases in two Florida counties before the 2016 election. There's reason to believe that hackers -- and not just those from Russia -- would attempt to access the vulnerable voting machines in 2020. Homeland Security's Cybersecurity Infrastructure Security Agency (CISA) is preparing for ransomware attacks like we've seen in Atlanta and Baltimore, and NYU has identified all of the ways social media disinformation tactics could be used to undermine the election. Now, we've been warned that the voting machines pose yet another risk.",2020-11-22T12:08:57Z,206,https://www.youtube.com/watch?v=3OG0TX7wpvs
KerqDHrR8xY,Democrats warn about election voter fraud and vulnerable voting machines | Dominion | ESS | Hart,"Starring:
Kamala Harris
Amy Klobuchar
Ron Wyden
J. Alex Halderman
Zoe Lofgren
Douglas Lute

Share, subscribe, and like if you enjoy seeing the left look dumb.",2021-06-08T18:59:14Z,487,https://www.youtube.com/watch?v=KerqDHrR8xY
dPixqLHb6oU,Paganism 2 - Apostle Arome Osayi,Wonderful sermon by the Man of God,2022-07-05T03:13:06Z,352,https://www.youtube.com/watch?v=dPixqLHb6oU
5tr0W9vT4Dk,Eric Coomer dominion,"Eric Coomer director of product strategy and security for Dominion Voting Systems, bragged about rigging the 2020 election against Donald Trump in an antifa conference call.",2020-11-22T06:29:58Z,3072,https://www.youtube.com/watch?v=5tr0W9vT4Dk
Eh1mZCQHFiY,4th of July Political Tarot Readings with Jenn Lynn,"#politicalnews  #economy #Tarot #readings #housing
Reading topics include : What is happening to the Amazon Rainforest and can it be saved?
Fox Daytime News breaking away from Donald Trump will Tucker and Sean Hannity follow too?
SCOTUS taking over the electoral system state by state?
Merrick Garland DOJ going to indictment of a higher up Gov official soon?
Ronna McDaniel's political future... did she know about the fake electoral system plan?
Is Giuliani in more trouble because of Lev Parnas? Will more republicans be named from taking oligarch money funneled through Lev Parnas?
Governor Newsom running adds in Florida, how does DeSantis feel about that?
How will most Americans feel they are doing financially by Christmas time?
How will we be doing financially by early spring 2023?
How will the housing market be doing by early spring 2023?
Will prices go down by early spring?
The crownbug numbers are rising here, will we have a new wave in Fall?
Will the new vaccine that targets Omicron be successful and will people take it?
Alex Jones from Infowars said Roger Stone told him that Trump would announce he's running for President in 2024 on July 4th, will he or will there be a delay?
A reading for you and I , what do we need to know for rest of the week?

***If you would like to schedule a reading with me please visit my website to book your appointment
https://www.thewayofpositivechange.com/
To donate to my channel and thank you  https://www.paypal.me/loricrawford11
The NEW Super Thanks button has been activated below the current videos if you would like to donate that way as well, thank you!",2022-07-04T17:50:49Z,8161,https://www.youtube.com/watch?v=Eh1mZCQHFiY
ki5WWQm6j9g,Bit Flips: Does Your Computer Crash Because of Cosmic Rays?,"Your computer suddenly crashes again. Is there a 'bit flip' at play here?

Simon's Social Media:
Twitter: https://twitter.com/SimonWhistler
Instagram: https://www.instagram.com/simonwhistler/

Love content? Check out Simon's other YouTube Channels:

SideProjects: https://www.youtube.com/channel/UC3Wn3dABlgESm8Bzn8Vamgg
Biographics: https://www.youtube.com/channel/UClnDI2sdehVm1zm_LmUHsjQ/
Geographics: https://www.youtube.com/channel/UCHKRfxkMTqiiv4pF99qGKIw
Casual Criminalist: https://www.youtube.com/channel/UCp1tsmksyf6TgKFMdt8-05Q
Today I Found Out: https://www.youtube.com/user/TodayIFoundOut
TopTenz: https://www.youtube.com/user/toptenznet
Highlight History: https://www.youtube.com/channel/UCnb-VTwBHEV3gtiB9di9DZQ
XPLRD: https://www.youtube.com/channel/UCVH8lH7ZLDUe_d9mZ3dlyYQ
Business Blaze: https://www.youtube.com/channel/UCYY5GWf7MHFJ6DZeHreoXgw",2022-07-04T17:30:04Z,34506,https://www.youtube.com/watch?v=ki5WWQm6j9g
Wr_0m19U2YU,Ben Shapiro: Protects baby boys in the womb but comes after them with knife when they&#39;re out.,"✅ If you find value in my work and want to contact me personally, come and join me on Patreon: https://www.patreon.com/thatveganteacher
✅ Do you know someone who loves animals and also coffee? Here is the perfect gift for them!https://teespring.com/stores/that-vegan-teachers-store - All profits go towards helping animals and those who rescue them.

🐷  Twitter:  https://twitter.com/MissKadieIsHere
🐷   TikTok at the time of filming:
https://www.tiktok.com/@songsbythatveganteacher
🐷   Instagram: @thatveganteachermisskadie
🐷  Email: its.that.vegan.teacher.miss.kadie@gmail.com
🐷  My English as a Second Language website: misskarenenglishteacher.com

RELIGION IS NO EXCUSE FOR ANIMAL ABUSE
🟢  Bite Size Vegan + Gary Yourofsky on religion: https://www.youtube.com/watch?v=QmvpzB11AMg&t=312s
🟢  Alex Hershaft on the holocaust: https://www.youtube.com/watch?v=gNV26q89zYg

LEARN HERE:
🍎   https://dontwatch.org/
🍎   http://watchdominion.com
🍎   http://earthlings.com ( nationearth.com )
🍎   Gary Yourofsky's Speech: https://www.youtube.com/watch?v=U5hGQDLprA8
🍎   Dairy Is Scary: https://www.youtube.com/watch?v=UcN7SGGoCNI
🍎   Inspiring video about becoming vegan: https://www.youtube.com/watch?v=C8gM3Gzxsv4
🍎   Earthling Ed: 30 excuses: https://earthlinged.org/30excuses

STUDY TO UNDERSTAND
🍉   http://nutritionfacts.org
🍉   http://befairbevegan.com
🍉   http://howdoigovegan.com

ABOUT MISS KADIE, THAT VEGAN TEACHER:
💜  Born: Sept 24, 1964, Montreal, Quebec, Canada.
💜  Career: Registered Nurse (25 years) & English as a Second Language Teacher In French Schools (9 years), then online teaching.
💜  Vegan: Since June 27, 2016.
💜  Bella Vegan Dog: Vegan since August 2017. Adopted at 10 months old.

LIFE GOALS
🥕   To minimize pain, to stop needless death and suffering for all sentient beings, including the forgotten and tortured animals who continue to live through a holocaust of unbelievable pain every second of the day on factory farms around the world.
🥕  To be open, to never stop learning, to be as honest as possible.
🥕  To be accountable for my actions and encourage others to do the same: to take charge of their lives and help them realize they have a moral duty to help the most vulnerable - no matter what their age, race, religion, body type, social status or excuses are. (Stop stepping on ants, stop stealing from bees, cows, chickens, pigs, lambs or any others who have never done a single thing wrong to you ever).
🥕  To leave the world a better place than when I came.

THINGS THAT MAKE MY HEART SMILE
🥦   When people say they are sorry for spreading hate about me after finally watching Earthlings, Dominion Movement, Cowspiracy,  Seaspiracy.
🥦   When my kids, son-in-law, mother-in-law,  hubby, or granddaughter smile proudly after doing something good for the world.
🥦   When I see animals that looks safe and relaxed.

FACTS
🥑  I am against racism, sexism, ageism, ableism, homophobia and veganphobia. I believe in equality for all.
🥑   No, I did not ""make fun of someone who died"". Nobody died. People lie about veganism to avoid seeing the cruelty they partake in.
🥑   Telling a college-aged student to eat their fruits and veggies is not ""sexualizing a minor"". We live in a carnistic world where veganphobia is so bad that people are triggered daily just by the truth.
🥑   My vegan dog Bella is doing just fine! No, she does not just eat apples, she eats vegan dog kibble approved by the vet. She's been vegan since August 2017.
🥑   No, I was not fired from my job . I quit (during Covid August 2020), teach online so I could have more of an impact to promote animal liberation & healthy eating.

FREE HELP TO BECOME VEGAN! YOU CAN DO THIS!
🔵  Join Challenge 22: https://challenge22.com/
🔵  Facebook: What Broke Vegans Eat

VEGAN FOOD & RECIPES
🍉   AvantGardeVegan channel: https://www.youtube.com/c/avantgardevegan
🍉   Rainbow Plant Life:  https://www.youtube.com/channel/UCDbZvuDA_tZ6XP5wKKFuemQ
🍉   http://bosh.tv

THANK YOU SO MUCH TO MY PATREON SUPPORTERS WHO ENCOURAGE ME TO GO ON
💚  https://www.patreon.com/thatveganteacher

ANIMAL ABUSE IN CANADA: W5 Documentary on ITR Labs: 🥺  https://www.ctvnews.ca/w5/undercover-investigation-reveals-what-goes-on-inside-montreal-animal-research-lab-1.3320123

BOOKS AND PRODUCTS
🟡   https://www.amazon.com/shop/thatveganteacher
🟡  https://teespring.com/stores/that-vegan-teachers-store
🟡   VGRRR 100% Vegan Pet Food: (affiliate link): https://vgrrr.com/?ref=8f1iwazzqogb

THAT VEGAN TEACHER MISS KADIE ON SPOTIFY https://open.spotify.com/artist/78j4HPfOemAw26MXynXiVy?si=HTe-wOm0QPiEmpYZkH2AZA

ENVIRONMENT
🟩   Study on the Environment: https://www.independent.co.uk/life-style/health-and-families/veganism-environmental-impact-planet-reduced-plant-based-diet-humans-study-a8378631.html

#thatveganteacher #vegan #veganism",2022-07-06T00:00:09Z,10775,https://www.youtube.com/watch?v=Wr_0m19U2YU
JI08fK_CEAc,"BREAKING: Dominion System SWITCHES 512,095 to Biden and Erases 2,865,757 Votes from TRUMP across USA","BREAKING EXCLUSIVE: Analysis of Election Night Data from All States Shows MILLIONS OF VOTES Either Switched from President Trump to Biden or Were Lost

We’ve reported on numerous events in the 2020 election which are being referred to as system ‘glitches’ in the media.
Last night we provided another ‘glitch’, this time in Wisconsin, which if reversed would eliminate Biden’s reported vote lead in the state.

Tonight we have obtained an unaudited analysis of data available for all the states looking for system glitches and other oddities in vote counts related to the Presidential race only.
Last night we reported on another so called system ‘glitch’, this time in a county in Wisconsin.  Evidence was provided to us that showed that the vote totals for Rock County appeared to be switched between President Trump and Joe Biden.  9,516 votes were eliminated from President Trump and moved to Joe Biden. This 19,032 vote difference when corrected would eliminate Biden’s lead in Wisconsin.

In the post last night we also identified issues we’ve reported on in Michigan, Pennsylvania and Georgia where similar ‘glitches’ occurred.

We next attempted to obtain more data on this issue so we could determine how widespread this issue may be and/or if there are reasonable explanations for what is occurring.

In the piece the author claims his work is a full list of votes switched from Trump to Biden or votes erased by Dominion (the vote machines used in many states across the US).

(The author claims that his work has been verified but we have not verified the results so we currently are labeling his results unaudited.)

The author decided to obtain the data himself and perform an analysis of national votes switched from Trump to Biden and votes erased (the total amount of votes counted decreased by that amount throughout the counting).

The author obtained data that has been passed around that was reportedly captured by the New York Times on election night.

By examining the data the author was able to locate an instance where votes were switched from Trump to Biden so he decided to perform an analysis on the entire data set, starting with the states where Dominion voting machines are used.

The author also claims that the data is from Edison Research and it is the same data that is used for election coverage by at least ABC News, CBS News, CNN and NBC News.

It is also used for the website of the NYT, and probably others as well.

The Chart Lists Votes Switched from Trump to Biden and Votes That Were Lost by Trump
Switched Votes Lost Votes

Dominion Systems

Pennsylvania    220,883 941,248
New Jersey              80,242 20
Florida                     21,422 456
Michigan             20,213 21,882
New York             18,124 623,213
Georgia                     17,407 33,574
Ohio                     14,965 5,102
Virginia                     12,163 789,023
California                7,701 10,989
Arizona                       4,492 0
Minnesota               2,766 195,650
Tennessee               2,330 0
Louisiana               2,322 0
Illinois                       2,166 54,730
Wisconsin               2,078 3,408
Colorado               1,809 0
Utah                       1,627 0
New Hampshire          973 116
Iowa                          938 477
New Mexico                   268 4,610
Missouri                       0 20,730
Nevada                               0 0
Alaska                               0 0
Washington                       0 0
Hawaii                               0 0
                                  434,889 2,705,228

Kansas and Texas use Premier Election Solutions, Owned by Dominion

Texas                     14,954 30,557
Kansas                       1,674 2,154
                                    16,628 32,711

Election Systems & Software

Nebraska               30,086 50
Kentucky                 8,129 23,849
Arkansas                 3,664 20,748
South Carolina              2,779 2,119
Montana                  2,330 1,276
South Dakota          1,347 1
North Dakota            234 681
Maryland                    203 0
North Carolina                0 15
District of Columbia        0 0
                                      48,772 48,739
Unknown Systems
Connecticut                  3,834 272
Massachusetts           3,613 51
Oregon                          2,557 0
Alabama                  1,170 408
Mississippi                    355 0
Maine                             271 35
Rhode Island                       6 13
West Virginia               0 78,300
Idaho                               0 0
Oklahoma                       0 0
Indiana                               0 0
Delaware                       0 0
Vermont                               0 0
                                    11,806 79,079
OVERALL TOTALS 512,095 2,865,757

Based on this initial analysis over 500,000 votes were identified that were switched from President Trump to Joe Biden.

In addition to this another 2,865,757 votes were deleted.",2020-11-11T03:06:25Z,536,https://www.youtube.com/watch?v=JI08fK_CEAc
sEvaOMJ7jV0,Not like in Canada! Dominion Voting counties must be audited: Keean Bexte with Ezra Levant,"Watch the full Ezra Levant Show (SUBSCRIBERS ONLY) ► https://rebelne.ws/38RUE52

Rebel News: Telling the other side of the story. https://www.rebelnews.com for more great Rebel content.

Unlike almost all of our mainstream media competitors, Rebel News doesn’t receive any government funding. We rely on our generous audience to help keep us reporting. Please consider supporting Rebel News by making a donation, purchasing a RebelNews+ subscription, shopping in our online store, or any of the other methods below:

►Support our independent journalism - https://rebelne.ws/donation
►Donate in cryptocurrency - http://rebelne.ws/crypto
►Make a donation through PayPal - https://rebelne.ws/paypal
►Rebel News Plus  - Become a Premium Content subscriber - https://rebelne.ws/plus
►BUY Rebel News gear - https://rebelne.ws/store
►LISTEN to our FREE podcast - https://rebelne.ws/podcast

Make sure to follow Rebel News on social media too!
FACEBOOK - https://rebelne.ws/fbook
TWITTER - https://rebelne.ws/twitter
INSTAGRAM - https://rebelne.ws/Instagram

An original video production by Rebel News.

#RebelNews #EzraLevant #KeeanBexte #DominionVotingSystems #SidneyPowell",2020-11-19T20:16:23Z,17532,https://www.youtube.com/watch?v=sEvaOMJ7jV0
oSy6Ytmq0LE,FED Choking Out CRYPTO MARKETS (MAJOR BACKLASH Over Job Outlook),"Today we will be discussing June’s stronger than expected jobs report and with that means for the economy going forward. Next we’ll look at new crypto ethics rules put out by the US office of Gov. Ethics and last we’ll talk about one of Canada’s biggest telecommunications networks going down across the country.

Around the Blockchain is your favorite Cryptocurrency show discussing Bitcoin, Ethereum, Cardano, and the top altcoins. Our four crypto experts RiceTVx, The Crypto Factor, Cryptostache, & Johnny Hopper. Tune in for their insightful crypto analysis.

RiceTVx:
[https://www.youtube.com/c/RICETVx](https://www.youtube.com/c/RICETVx ""‌"")
[https://twitter.com/RiceTVx](https://twitter.com/RiceTVx ""‌"")

The Crypto Factor:
[https://www.youtube.com/c/TheCryptoFactor](https://www.youtube.com/c/TheCryptoFactor ""‌"")
[https://twitter.com/mcpauld](https://twitter.com/mcpauld ""‌"")

Cryptostache:
[https://www.youtube.com/c/CryptoStache](https://www.youtube.com/c/CryptoStache ""‌"")
[https://twitter.com/CryptoStache](https://twitter.com/CryptoStache ""‌"")

Johnny Hopper:
[https://www.youtube.com/channel/UCMQ90convZ6yyzj0r-IgDGQ](https://www.youtube.com/channel/UCMQ90convZ6yyzj0r-IgDGQ ""‌"")
[https://twitter.com/johnny___crypto/](https://twitter.com/johnny___crypto/ ""‌"")

Intro music by Gregario Franco. Song - Nacht
[https://gregoriofranco.bandcamp.com/](https://gregoriofranco.bandcamp.com/ ""‌"")

Top Videos:
📓Crypto 101: https://youtu.be/AaNfHskwLdg
🏘️Housing Crisis: https://youtu.be/a51Oi34c6Jc
🌐Internet Is Rotting Away: https://youtu.be/_rB6vjvYjNE
💻Cyber Warfare: https://youtu.be/gubDnq8jJxI
🌍World Economic Forum: https://youtu.be/ZOOtPB1pYtE


Learn more about crypto ➡️ https://bitlabacademy.com
How to join Cardano (ADA) BitPool ➡️ https://bitboycrypto.com/how-to-stake-ada-with-bpool/
➡️ MERCHANDISE: https://www.hitmerch.com/
●▬▬▬▬▬▬▬▬▬▬▬▬▬▬▬▬▬▬▬▬▬▬▬▬▬▬▬▬●
Connect with Me & the BitSquad!
Join the BitSquad ➡️ http://t.me/BitSquad
Join BitSquad Traders ➡️ http://t.me/BitSquadTraders
Join Me on Twitter ➡️ https://twitter.com/Bitboy_Crypto
Join Me on Instagram ➡️ https://www.instagram.com/bitboy_crypto
Join Me on TikTok ➡️ https://www.tiktok.com/@RealBitBoyCrypto
Join Me on Minds ➡️ https://www.minds.com/bitboy_crypto
●▬▬▬▬▬▬▬▬▬▬▬▬▬▬▬▬▬▬▬▬▬▬▬▬▬▬▬▬●
ByBit, Market Cipher, Ledger, TokenMetrics, Crypto.com & more!
Find deals on hardware wallets, trading indicators, exchanges & more.
Find Crypto DEALS ➡️ https://bitboycrypto.com/deals
●▬▬▬▬▬▬▬▬▬▬▬▬▬▬▬▬▬▬▬▬▬▬▬▬▬▬▬▬●
All of our videos are strictly personal opinions. Please make sure to do your own research. Never take one person's opinion for financial guidance. There are multiple strategies and not all strategies fit all people. Our videos ARE NOT financial advice.

#bitcoin #ethereum #crypto #news #nft #economy #money #blockchain #invest #inflation",2022-07-08T21:44:55Z,32739,https://www.youtube.com/watch?v=oSy6Ytmq0LE
N8wLjw67lgQ,"The Rachel Maddow Show 7/6/22 | MSNBC Breaking News Today July 6, 2022","The Rachel Maddow Show 7/6/22 | MSNBC Breaking News Today July 6, 2022",2022-07-07T01:56:01Z,2773,https://www.youtube.com/watch?v=N8wLjw67lgQ
qiWHa04qugU,"Are FFXIV Billboards Illegal? | Copyright, Trademark and Square Enix (VL686)","Final Fantasy XIV is one of the most popular multiplayer RPG's on Earth.  So popular, in fact, that it seems that everyone wants to get the word out.  But are billboards advertising a risque community get together going, perhaps, too far?

We like to make sure things are ""above board""...in Virtual Legality.

#ffxiv #copyright #billboard

***
WANT TO SUPPORT THE CHANNEL?

UTREON - https://utreon.com/c/hoeglaw/
PATREON - https://www.patreon.com/VirtualLegality
STORE - https://teespring.com/stores/hoeg-law-store

BITCAST (Sundays 11AM Eastern) - https://www.youtube.com/channel/UCgHBXONMT06nX_8RZ5r32UA

***
CHAPTERS
00:00 Introduction
2:40 Copyright Fundamentals
7:00 Trademark Fundamentals
11:37 Square Enix Account Agreement
21:02 User Agreement and Software License
31:56 Materials Usage Agreement
43:08 Conclusion

***
Discussed in this episode:

TWEETS
https://twitter.com/Mrhappy1227/status/1544401751586918400
https://twitter.com/Julia_CaSsian/status/1544391962610089988

LAW AND LEGAL ANALYSIS
https://www.law.cornell.edu/uscode/text/17/106
https://www.copyright.gov/circs/circ14.pdf
https://www.law.cornell.edu/uscode/text/17/107
https://www.uspto.gov/trademarks/basics/what-trademark
https://www.uspto.gov/trademarks/basics/trademark-patent-copyright
https://www.law.cornell.edu/uscode/text/15/1114

SQUARE ENIX AGREEMENTS
https://na.finalfantasyxiv.com/lodestone/topics/detail/c4aeca0b14ab2c96fe48fcf83cca93e6cb552c29
https://support.na.square-enix.com/rule.php?id=496&la=1&tag=sqexaccount
https://support.na.square-enix.com/rule.php?id=5382&la=1&tag=users_en
https://support.na.square-enix.com/rule.php?id=5382&la=1&tag=software_en
https://support.na.square-enix.com/rule.php?id=5382&la=1&tag=authc

***
""Virtual Legality"" is a continuing series discussing the law, video games, software, and everything digital, hosted by Richard Hoeg, of the Hoeg Law Business Law Firm (Hoeg Law).

CHECK OUT THE REST OF VIRTUAL LEGALITY HERE:
https://www.youtube.com/playlist?list=PL1zDCgJzZUy9YAU61GoW-00K0TJOGnPCo

DISCUSSION IS PROVIDED FOR INFORMATIONAL PURPOSES ONLY AND IS NOT TO BE CONSTRUED AS LEGAL ADVICE.  INDIVIDUALS INTERESTED IN THE LEGAL TOPICS DISCUSSED IN THIS VIDEO SHOULD CONSULT WITH THEIR OWN COUNSEL.

***
Twitter: @hoeglaw
Web: hoeglaw.com

***
DESIGN WORK
Joe Ellis (Logo Design)
Chris Leroux (Motion Graphics)
For more information: contact Chris at @Chrisleroux on Twitter.

PODCAST VERSIONS ALSO AVAILABLE",2022-07-06T16:27:40Z,41692,https://www.youtube.com/watch?v=qiWHa04qugU
16SIS28O2sU,"Biden Got 74% of Votes with Dominion, 46% on non-Dominion machines","GA Hearing Witness testifies that, according to his team's research, Biden got 74% of votes with Dominion voting machines, 46% with all other voting machines. He also testifies that 96,600 mail-in ballots were never marked returned and yet they were tabulated as votes.

(Clip starts about 45:00 into the GA hearing on December 3.)",2020-12-05T18:14:07Z,65875,https://www.youtube.com/watch?v=16SIS28O2sU
IXeO1Bp2OBw,Did The 1980 Liberia Coup Set The Black Race Back 100 Years? w/ Kala Genesis,"Did The 1980 Liberia Coup Set The Black Race Back 50 Years? w/ Kala Genesis
Cash App: $amirdynast
Patreon: https://www.patreon.com/searchforuhuru
Instagram: Searchforuhuru
instagram: Africapersonified
Facebook: https://www.facebook.com/searchforuhuru
Facebook: https://www.facebook.com/Africapersonified/
Twitter: https://twitter.com/searchforuhuru/",2022-07-07T03:22:08Z,3332,https://www.youtube.com/watch?v=IXeO1Bp2OBw
bNtbBIHJ2vI,ELON MUSK &amp; Shivon Zilis | JAPAN&#39;S EX-PRIME MINITER SHINZO ABE |KAT VON D SUED OVER COPYRIGHT| LIVE,"💎 Subscribe and ring the bell to get notified when I post a video!

🐮MOOMOO 6 FREE STOCKS AFTER SIGN UP + DEPOSIT $1 💵https://j.moomoo.com/00jXVI
Up to 25K in Free stocks with 2K deposit
(PROMO 06/09/2022 - 07/31/2022 )

💸🟢GET STARTED ON ROBINHOOD AND GET A FREE STOCK JUST FOR SIGNING UP:
https://join.robinhood.com/lucyw52

🚀🚀6 FREE STOCKS TOTAL VALUE BETWEEN $34- $12600 AFTER SIGN UP + DEPOSIT OF 1 PENNY WITH WEBULL!‼️💸
https://a.webull.com/i/LivingwithLuci
(PROMO 07/01/2022 - 07/31/2022)

🇸🇬WEBULL SINGAPORE 🚀https://a.webull.com.sg/i/LivingwithLuciSG
🇸🇬 MOOMOO SINGAPORE 🇸🇬 🐮 💰https://j.moomoo.com/00km7l
⚡️VOYAGER : EARN $50 of free Bitcoin after you Trade $100 of Crypto https://voyager.onelink.me/WNly/referral?af_sub5=C2A5C71B9
📊FTX US Use my referral code and get a free coin when you trade $10 worth & Receive 5-8% APY:https://link.blockfolio.com/9dzp/e501c889

🔥 Social Media🔥
🎬  Main Channel: https://www.youtube.com/c/LivingwithLuci
🎉2nd Channel: https://www.youtube.com/c/TheLuciShow
⭐️ Living with Luci Member to Support Channel & Priority Comment response:https://www.youtube.com/c/LivingwithLuci/join
📝 Patreon: https://www.patreon.com/LivingwithLuci (Trade Alerts + Blog + Member Only Posts + DMs)
🛍 Merch Store:https://livingwithlucishop.com/
📸  Instagram: https://www.instagram.com/livingwithluci123/?hl=en
🦋Twitter: https://twitter.com/LivingwithLuci
🐾 Luci Doge Wallet Address: DKWgsDn8Bz8bzhbhZ68UEkZbBV6K5jeEXu
🧿Luci's ETH Wallet Address: 0x0F3688eF88E74EE39d2B2cBDe4586BC337882490
✖️Luci’s XRP Wallet Address: rnj4s7qJf1X4wJogN6vcUmKkYTpHhFAj7x
💠Luci’s BSC Address: 0x0F3688eF88E74EE39d2B2cBDe4586BC337882490
🎨Luci’s NFT: https://opensea.io/LivingwithLuci

🛒🛍💜RAKUTEN CASH BACK APP:https://www.rakuten.com/r/JESSLE813?e...
Get $30 Back for Spending $30 in 1st 3 months of sign up

🔸🧾🧡FETCH REWARD APP:
https://fetchrewards.onelink.me/vvv3/referraltext?code=YNEXKJ
Turn useless receipts into FREE gift cards! 💸

🟦 BlockFi get $10 BTC after Sign up + $100 Deposit:
https://blockfi.com/?ref=7538d27a
♊️GEMINI REFERRAL Earn $10 USD of Bitcoin after you Trade $100 of Crypto
https://gemini.com/share/r479977u6
🔵COINBASE GET $10 IN FREE BTC AFTER BUYING OR SELLING $100 OF CRYPTO :
https://www.Coinbase.com/join/ha_7s
🟨BINANCE US REFERRAL:
https://accounts.binance.us/en/register?ref=52917087
***********************************************************************************


Do Only Good Everyday
*vid made 7/7

#LIVE #elonmusk   #shinzoabe
_______________________________________________________
Disclaimer:

By viewing any material or using the information within my video, video description  or comments within this channel, you agree that this is general entertainment and you will not hold anyone responsible for loss or damages resulting from the content provided here or any of its members.

Please Understand that this is not financial, legal, or tax advice. I do not guarantee a particular outcome. Please do your own research to make your own decisions. Some of the links on this page are affiliate links and I may earn a commission or referral bonus if you click through and make a purchase and/or subscribe. The ideas presented in this video are personal opinions and for entertainment purposes ONLY. In no event will Living with Luci, or anyone associated with this channel be liable for any loss or damage including, without limitation, indirect or consequential loss or damage, or any loss or damage whatsoever arising from loss of data or profits arising out of, or in connection with, the use of Living with Luci content on YouTube, Patreon, and any other links included on the Youtube Channel.The video and links provided may not be accurate in the future.Some of the offers mentioned may no longer be available.",2022-07-08T18:33:20Z,256,https://www.youtube.com/watch?v=bNtbBIHJ2vI
PaqazsehB7M,Georgia Guide Stones Bombed/Carlson Blames Women For Mass Shootings/Bannon Insults Rogan/&quot;Butt-Gate&quot;,"After social media accounts post pictures of Trump blowing up the Georgia Guide Stones the monument gets bombed in real life, Tucker Carlson Blames nagging women for mass shootings, Steve Bannon insults Joe Rogan and his audience after Rogan said he would not interview Trump, Bryce Dallas Howard goes viral after internet accuses Jurassic Park movie of butt hijinks, Plus 50 other topics!

If you enjoy my work, please consider supporting it by becoming a Patreon! Every little bit really helps. http://www.patreon.com/codcast

We now have a P.O. Box so you can send us anything you want and we will unbox it live on the show. Send whatever you want to see me unbox to: Dusty Smith
1231 SUNSET DR STE 302
GRENADA, MS 38901-4025

Amazon Wishlist for Animal Sanctuary: https://www.amazon.com/hz/wishlist/ls/2RZVIUQ36Y1BD?ref_=wl_share

Personal Amazon Wishlist in the unlikely case someone wants to send me something personally. All gifts unboxed during the show! https://www.amazon.com/hz/wishlist/ls/W3KCEZIXWNE6?ref_=wl_share

CODcast Discord server! https://t.co/SG3cuZ77Fi


Direct tips: http://www.streamlabs.com/dustysmith or directly via paypal @ cultofdusty2@gmail.com

Follow me for exclusive content on Twitch! http://www.twitch.tv/dustysmith

Facebook @ http://www.facebook.com/cultofdusty

Twitter @ http://www.twitter.com/cultofdusty1

Listen to the CODcast audio version on Soundcloud! https://soundcloud.com/user-898456190

New Merch! Support the show and get a cool tee for you! https://teespring.com/stores/codcast",2022-07-09T03:05:53Z,9635,https://www.youtube.com/watch?v=PaqazsehB7M
7af77gSgzVo,Welcome to the Sacred Garden,Gathering of key organizations working to conserve and protect entheogenic plants and indigenous communities.,2022-07-07T11:42:47Z,158,https://www.youtube.com/watch?v=7af77gSgzVo
uWMSPw8NCEQ,The Woman Riding the Beast: How to Spot Her Today,"The Woman Riding the Beast: How to Spot Her Today

Prophecy was given to us as a map to tell us where we are in time.  Join me for this important study as we look at current events in light of Scripture.  Learn how to spot the woman of Revelation 17.",2022-07-03T10:26:05Z,397,https://www.youtube.com/watch?v=uWMSPw8NCEQ
bdOuqqkJgRw,"Dennis Prager Debates Teenage Girls Into Tears, Destiny To Step And Pushes Back","Destiny meets Dennis Prager at a high school event...

Date: 2 Jul, 2022

▼Follow Destiny▼
►STREAM - http://www.destiny.gg/bigscreen
►DISCORD - https://discordapp.com/invite/destiny
►REDDIT - https://www.reddit.com/r/Destiny
►INSTAGRAM - https://www.instagram.com/destiny
►MERCH - https://shop.destiny.gg/

Check Out My Amazon: https://www.amazon.com/shop/destiny
Buy My Merch: https://shop.destiny.gg/

#Destiny",2022-07-03T22:00:23Z,210296,https://www.youtube.com/watch?v=bdOuqqkJgRw
UFGJ-VMrHF8,401 - BASED AF AMERICA - Happy 4th!,"Follow  @Darth Caul  here!
https://www.twitch.tv/darthcaul
https://www.youtube.com/channel/UCvVZmDohdVpOALCQH_G0smg
https://twitter.com/DarthCaul

Follow  @Flawdzilla  here!
https://www.instagram.com/Flawdzilla/
https://www.youtube.com/c/FLAWDZILLA
https://twitter.com/Flawdzilla

Follow George Here!

https://twitter.com/GeorgeMolho
https://www.youtube.com/GeorgeTheGiantSlayer

Follow Andreas Here!

https://www.youtube.com/user/xirtus
https://twitter.com/andreasxirtus

Follow Garrett Here!

https://twitter.com/QTRBlackGarrett
https://www.youtube.com/channel/UC3t53FEAhZ79aTnkOzDE20w
https://linktr.ee/14BlackGarrett

    -Support me & my work -
💌 Donate: https://www.paypal.com/paypalme/adamcrigler
🛎 YouTube Membership: https://www.youtube.com/channel/UCCNLO0GPt_8zB3hcbFEcDog/join
☕ Crigler Coffee: https://www.criglercoffee.com/
📮 Bitcoin: https://www.adamcrigler.com/donate

     - Watch my shows & game streams -
🌐 Website: https://www.adamcrigler.com/
📺 Youtube: https://www.youtube.com/c/TheCriglerShow
🎮 Twitch: https://www.twitch.tv/CommodoreCrigler
🔱 Odysee: https://odysee.com/@AdamcastIRL:7

     - Listen to my show -
🔊 RSS Feed: https://feeds.podiant.co/adamcast/rss.xml
📻 Podcast: https://adamcast.castos.com/
🍎 Apple: https://podcasts.apple.com/us/podcast/adamcast/id1536229442
🟢 Spotify: https://open.spotify.com/show/5HfM1lt1CXZjLi0Yoq17ur

     - Stay connected -
🐦 Twitter: https://twitter.com/adamcrigler/
🎙 Parler: https://parler.com/#/user/Adamcrigler
🌰 Carbon: https://crbn.social/AdamCrigler
📷 Instagram: https://www.instagram.com/adamcrigler/
�� Facebook: https://www.facebook.com/adamcrigler/
🚀 Gab: https://gab.com/RealAdamCrigler/
💡 Minds: https://www.minds.com/adamcrigler/",2022-07-05T02:17:06Z,12521,https://www.youtube.com/watch?v=UFGJ-VMrHF8
nmUZUgBPpME,1776 RM DC  #FreeBIGD,This stream is created with #PRISMLiveStudio,2022-07-08T23:09:55Z,4274,https://www.youtube.com/watch?v=nmUZUgBPpME
BRMXxRFepBg,"The Message You Should Be Heeding From Julie Green ( July 02, 2022 )","The Message You Should Be Heeding From Julie Green ( July 02, 2022 )
  #JulieGreen #Prophetic #PropheticWordToday
#juliegreen
#juliegreenjuliegreen
#juliegreen2022
#juliegreenprophecy
#juliegreenministriesinternational
#juliegreen
#oregon
#joelosteen
#life
#universityoforegon
#eugene
#brettwatsonministries
#oregonstateuniversity
#preaching
#corvallis
#therapture
#brettwatson
#rapturedream
#deathpenalty
#endtimesprophecy
#capitalpunishment
#ineedapropheticword
#propheticdream
#prophetichwordtoday
#usaupdate
#newsbible
#prophecy
✔ Subscribe to receive weekly messages of hope, encouragement, and inspiration from.
✔ Thanks For Watching! Please like,comment and Share Message to Everyone!
GOD BLESS ALL! HALLELUJAH",2022-07-02T22:00:10Z,326,https://www.youtube.com/watch?v=BRMXxRFepBg
it_gdtaHwzc,Live Tariq Nasheed Talks Supreme Court Banning Abortion And Reparations,Tariq joins at 30:10,2022-06-25T11:01:41Z,465,https://www.youtube.com/watch?v=it_gdtaHwzc
EIa5lOZhB5Y,The Monday Discourse 2022-07-04,"Powered by Restream https://restre.am/yt

Submit a Question: http://stepbackhistory.com/streamquestion

-~-~~-~~~-~~-~-
Please watch: ""Why White Nationalists are Terrorizing LGBTQ+ People""
https://www.youtube.com/watch?v=iEZQYrNOxfY
-~-~~-~~~-~~-~-",2022-07-04T18:14:48Z,1641,https://www.youtube.com/watch?v=EIa5lOZhB5Y
FGW_ZXnKl-M,Amanda Grace PROPHETIC WORD🔥[PRIDE COMES BEFORE THE FALL] Sudden Exposure Prophecy,"💥 Join us in 🆃🅴🅻🅴🅶🆁🅰🅼 : https://t.me/propheticvoices1
💥 Special Thanks to Amanda Grace
💥 For entire program, visit Amanda Grace
https://www.youtube.com/channel/UClrFMiY-Gle5LUa571eyQQg
💥 For entire program, visit His Glory
https://www.facebook.com/hisgloryme
💥 For more from Amanda Grace:
Website - https://amandagrace4him.blogspot.com
Amanda Grace 💥 Prophetic Word
💥 God Releases A Way For Americans July 8, 2022

#amandaGrace #propheticword #prophetic",2022-07-09T01:01:59Z,1249,https://www.youtube.com/watch?v=FGW_ZXnKl-M
wV8HRN-kP54,"Scotus, human rights and scorched earth tactics... There&#39;s a lot to cover. DV will get worse.","https://www.scotusblog.com/case-files/cases/moore-v-harper-2/
https://www.washingtonpost.com/opinions/2022/07/05/supreme-court-independent-state-legislature-theory/
https://www.scotusblog.com/
https://www.voanews.com/a/polarizing-us-supreme-court-decisions-headline-blockbuster-term/6642017.html
https://www.voanews.com/a/polarizing-us-supreme-court-decisions-headline-blockbuster-term/6642017.html
https://www.southernborder.org/100_mile_border_enforcement_zone
https://www.npr.org/2022/06/24/1102305878/supreme-court-abortion-roe-v-wade-decision-overturn
https://www.npr.org/2022/07/05/1109779581/with-roe-v-wade-overturned-doctors-expect-to-see-more-self-induced-abortions
https://www.kff.org/womens-health-policy/slide/16-states-and-dc-have-state-laws-protecting-the-right-to-abortion-if-roe-v-wade-is-overturned/",2022-07-06T13:51:59Z,58,https://www.youtube.com/watch?v=wV8HRN-kP54
MkKF306Jznc,ORGAN HARVESTING EKWEREMADU CASE TODAY! ODUMEJE DEMOLISHED,"my videos is all about Nigeria trending gist\celebrity gist\ gossip politics in naija latest happening in naija. Nigeria news headlines latest,latest nollywood news, Nollywood movies,Nigeria news live, politics in Nigeria todad ooni of ife, regina daniels",2022-07-07T20:17:23Z,1090,https://www.youtube.com/watch?v=MkKF306Jznc
m8fRZcl9BOg,Volcanoes And Earthquakes - Happy Fourth Of July Live With World News Report Today!,"World News Report Today
July 4th 2022!

Volcanoes And Earthquakes - Happy Fourth Of July Live With World News Report Today!

Fare Use Disclosure..

#spaceweather #solarstorm #space #weather #earthquakes #earthquake #solarwinds #plasma #hurricanes #breaking #wildfires #fires #tropicalweather


Please share and Subscribe..",2022-07-05T04:42:17Z,2139,https://www.youtube.com/watch?v=m8fRZcl9BOg
xkNqRQIZV0o,China &amp; Russia’s Coordinated Plan to Take Down America (Gen. Robert Spalding Interview),"LIVE AT 2PM: Everywhere we look, the America we once knew is barely recognizable. Empty shelves, a collapsing dollar, tent cities, soaring drug overdoses, riots, race wars, drag queen story hour, thought control and censorship, and a hatred and social unrest that’s reaching boiling point. It’s as if we woke up in a dystopian novel, with attacks coming from all angles. And what if that’s precisely the point? What if these aren’t just isolated events? What if everything we’re seeing in our country right now is part of a diabolical 100 year plan by the Chinese Communist Party to crush America, and gain dominion over the entire world. Today I’ll be speaking with General Robert Spalding, a retired brigadier general from the US Airforce and a national security expert who has studied the Chinese Communist Party for decades—and who is warning us of the imminent threat they pose.

Today’s show is brought to you by RiseTV, where it’s our mission to awaken, uplift, and unite America—one show at a time. Get your free trial of RiseTV: https://bit.ly/3AsdhtX

Follow Man in America on Telegram: https://t.me/maninamerica

To learn about investing in gold visit http://goldwithseth.com, or call 877-646-5347.

Save up to 66% at https://MyPillow.com using Promo Code MAN

LISTEN VIA PODCAST:

Apple: https://apple.co/3bEdO1S
Spotify: https://spoti.fi/3u9k8Vd
Podbean: https://bit.ly/3A4Jasy
iHeart: https://bit.ly/3npOBea

FOLLOW AND WATCH:

Website: https://maninamerica.com/
Telegram: https://t.me/maninamerica
Truth Social: https://truthsocial.com/@maninamerica
Rumble: https://rumble.com/c/ManInAmerica
YouTube: https://www.youtube.com/c/maninamerica
Gab: https://gab.com/ManInAmerica
Facebook: https://www.facebook.com/ManInAmerica
Gettr: https://gettr.com/user/maninamerica
Twitter: https://twitter.com/ManInAmericaUS
Parler: https://parler.com/user/ManInAmerica
SafeChat: https://safechat.com/channel/2776713240786468864
Tik Tok: https://www.tiktok.com/@maninamerica2
Instagram: https://www.instagram.com/maninamericaus",2022-07-05T19:08:27Z,7169,https://www.youtube.com/watch?v=xkNqRQIZV0o
pf9TvgYnrr8,Satanic Georgia Guidestones Destroyed,"Support
https://evangelicaldarkweb.org/join/

About Evangelical Dark Web
https://evangelicaldarkweb.org/about/

Gab
https://gab.com/raymondfava

MeWe
https://mewe.com/i/raymondfava",2022-07-07T11:00:25Z,333,https://www.youtube.com/watch?v=pf9TvgYnrr8
YeEW1oeLaVE,"Hannity on the horrible, inaccurate and anything but secure Dominion Voting System","WATCH: Sean Hannity on the horrible, inaccurate and anything but secure Dominion Voting System, used in States where tens of thousands of votes were stolen from Donald Trump and given to Biden!",2020-11-13T04:12:34Z,481896,https://www.youtube.com/watch?v=YeEW1oeLaVE
vla7NxqKA5g,ROBBIE RANTS ABOUT ABORTION  | CT Radio Ep. 146,"Robbie Davidson rants about abortion. Celebrate Truth Radio Ep. 146

Catch the shows LIVE on Revolution Radio every Sat 7pm-9pm PST 10pm - Midnight EST.
http://Revolution.Radio

Catch previous shows
https://www.youtube.com/watch?v=yoUqD2Gej0g&list=PLkIcBnCTWa71qYsFePsFbqPdpnOidAHLv

Video Credit
Abort Abortion: 23 Scriptures that Oppose Abortion by Mark Driscoll
https://youtu.be/qxw6rM0_Gys


Robbie Davidson - Celebrate Truth
http://YouTube.com/CelebrateTruth
http://YouTube.com/RobbieDtv

#abortion #prolife #roevwade

Support the stream: https://streamlabs.com/celebratetruth

Scientism Exposed 1 & 2 on DVD and Digital Download & the brand new book is available now! https://celebratetruth.org/

CELEBRATE TRUTH
✔Subscribe http://bit.ly/1UCqKlZ
✉EMAIL: iCelebrateTruth@gmail.com
•WEBSITE: https://celebratetruth.org
•FACEBOOK: https://www.facebook.com/celebratetruth
•GROUP: https://www.facebook.com/groups/CelebrateTruth

ROBBIE DAVIDSON
✔Subscribe https://www.youtube.com/user/RobbieDtv
•FACEBOOK: https://www.facebook.com/robbie.davidson
•TWITTER: http://twitter.com/mrrobbied
•INSTAGRAM: http://instagram.com/mrrobbied

▪If you enjoy my work, I would love your support▪
💲 Become a Patron! http://bit.ly/2r0nieF
💲 Donate on PayPal http://paypal.me/CelebrateTruth
💲 Send a Tip! https://streamlabs.com/celebratetruth


SHARE, LIKE & SUBSCRIBE!

Celebrate Truth - John 14:6 - Blessings

Copyright Disclaimer Under Section 107 of the Copyright Act 1976, allowance is made for ""fair use"" for purposes such as criticism, comment, news reporting, teaching, scholarship, and research. Fair use is a use permitted.
""Fair Use"" guidelines: www.copyright.gov/fls/fl102.html",2022-07-06T21:00:11Z,1106,https://www.youtube.com/watch?v=vla7NxqKA5g
8oljKVXFuDY,Is the Great Reset really a conspiracy theory? Look at these briefing notes written for Trudeau,"►http://www.RebelNewsPlus.com | Watch our full-length premium shows
On this episode of the Ezra Levant Show, we discussed an access to information document, 34 pages long, of briefing notes prepared for Trudeau — all about the WEF and the Great Reset. Then Ezra speaks with Ann McElhinney, host of 'Serial Killer: A True Crime Podcast that tells the horrific story of Dr. Kermit Gosnell.' | FULL REPORT: https://rebelne.ws/3R9JVq9

0:00 | Preamble
0:43 | Introduction
0:58 | Monologue - part 1
7:14 | Rebel News Store promo
8:04 | Monologue - part 2
24:50 | Interview: Ann McElhinney on serial killer, Dr. Kermit Gosnell
40:27 | Viewer feedback
42:47 | Subscribe to RebelNews+

Rebel News: Telling the other side of the story. https://www.RebelNews.com for more great Rebel content.

Unlike almost all of our mainstream media competitors, Rebel News doesn’t receive any government funding. We rely on our generous audience to help keep us reporting.

Please consider supporting Rebel News by making a donation, purchasing a RebelNews+ subscription, shopping in our online store, or any of the other methods below:

►DONATE - https://rebelne.ws/donation
►EMAILS - https://rebelne.ws/emails
►Crypto - http://rebelne.ws/crypto
►SUBSCRIBE - https://rebelne.ws/plus
►SHOP - https://rebelne.ws/store
►PODCAST - https://rebelne.ws/podcast

Make sure to follow Rebel News on social media too!
RUMBLE - http://rebelne.ws/rumble
ODYSEE - https://odysee.com/@RebelNews:9
SUPERU - https://rebelne.ws/SuperU
FACEBOOK - https://rebelne.ws/fbook
TWITTER - https://rebelne.ws/twitter
INSTAGRAM - https://rebelne.ws/Instagram
TIKTOK - https://www.tiktok.com/@rebelnews
TELEGRAM - https://t.me/RealRebelNews

Subscribe to the ""Rebel News Clips"" channel on YouTube: https://www.youtube.com/c/RebelNewsClips

An original video production by Rebel News.",2022-07-04T22:06:02Z,26210,https://www.youtube.com/watch?v=8oljKVXFuDY
vgNTgI3beTM,7-6-22  The Globalists’ Transgender Tactic [Prophecy Update],"Why is transgenderism starting to escalate around the world?  Why is there such a growing phenomenon among teens on this issue?  Why is behind all of this?  What are the Globalist up to?  What is Saran up to?  We answer these questions today on our broadcast so join us as we analyze from a Biblical standpoint why this is happening.

If you would like to be added to our text alerts, please click here and complete your contact information. https://rockharborchurchca.ccbchurch.com/goto/forms/6/responses/new

Look for us on:
Rumble - Rock Harbor Church Bakersfield - https://rumble.com/user/RHCBakersfield
BitChute - RHCBakersfield - https://www.bitchute.com/channel/wNE8T3mKF8RN/
Sermon Audio - Rock Harbor Church -  https://www.sermonaudio.com/dashboard/

I am Pastor Brandon Holthaus, and I want to welcome you to our Rock Harbor Church’s YouTube Channel. We desire to reach people with the truth; believers and unbelievers alike. We connect dots of events that are happening in the world from a Biblical perspective and also a prophetic perspective. We offer prophecy updates, discipleship lessons, and sermons to help people grow in the Lord and come to the knowledge of the truth. https://rockharborchurch.net

Here is the Link to Rumble:
https://rumble.com/v1bcdkz-7-6-22-the-globalists-transgender-tactic-prophecy-update.html

Here is the Link to BitChute:
https://www.bitchute.com/video/E46tInKHlzTX/",2022-07-06T21:11:04Z,10915,https://www.youtube.com/watch?v=vgNTgI3beTM
CZPpXpU7uGE,"Former Japanese PM Assassinated, Revolts in Netherlands &amp; Europe, BoJo Resigns, Jayland Walker","Former Japanese Prime Minister Assassinated, Revolts in Netherlands & Europe, Boris Johnson Resigns, Jayland Walker




https://www.paypal.com/cgi-bin/webscr?cmd=_s-xclick&hosted_button_id=C3RHNTB6ENS66&source=url

To support us further:
Patreon: http://bit.ly/tccpat4
or
Sign up on Rokfin and get access to all the creators Premium Content
https://rokfin.com/TheConvoCouch
(Creators include: Niko House, Ron Placone, Graham Elwood, Jimmy Dore, Kim Iversen, Jackson Facts, The American Vagabond, Richard Medhurst & more!)
---------------------------------------------------------------
Keep Up With THE CONVO COUCH 🛋
📺 Youtube: http://bit.ly/tccyt27
💵Patreon: http://bit.ly/tccpat4
👾Rokfin: https://rokfin.com/TheConvoCouch
🤖Twitch: https://twitch.tv/theconvocouch
🐦Twitter: https://twitter.com/theconvocouch
👮‍♀️Facebook: http://bit.ly/tcc2fb
🍑Instagram:  http://instagram.com/theconvocouch


🍝Craig ""Pasta"" Jardula
Twitter: https://twitter.com/yopasta
Facebook: http://bit.ly/pasta2fb.


💃Fiorella Isabel:
Twitter: https://twitter.com/Fiorella_im
Facebook: http://bit.ly/tccfifb27",2022-07-08T20:53:26Z,3779,https://www.youtube.com/watch?v=CZPpXpU7uGE
k4r6D4W7Jfw,Liberals tease Covid vaccines every nine months,"The Liberal government is poised to adopt the view that you can never be “fully vaccinated” against Covid, but have to get boosted every nine months to keep your vaccination “up to date.” This is what Health Minister Jean-Yves Duclos said, though he stopped short of announcing any policy changes (for now).

True North’s Andrew Lawton discusses the latest moving goalposts of public health and explains why Canadians should be nervous about a full-throttled return of restrictions and mandates in the fall.

Also, journalist Ann McElhinney joins to discuss her new true crime podcast about the murderous abortion Dr. Kermit Gosnell, “Serial Killer: A True Crime Podcast.” Ann’s podcast is available at https://serialkillerpod.com",2022-07-04T23:20:07Z,15841,https://www.youtube.com/watch?v=k4r6D4W7Jfw
t820bJnsVnc,Happy 4th of July! Supreme Court Further CRUSHES Native Americans - w/ Nick Estes,"SUPPORT Status Coup's ON-THE-GROUND and investigative reporting on the stories the corporate media COVERS UP: https://www.StatusCoup.com/Join

Shop our collection of clothes that are both high quality, and from sustainable sources: Get shirts based on different quotes from Jordan Chariton such as 'The United Corporations of America' Now! Get yours at https://www.StatusCoup.com/Store

Join this channel to get access to perks:
https://www.youtube.com/channel/UC0pCsHlEEmCfxllZSlRB2Og/join

Other ways to support Status Coup
https://www.gofundme.com/f/statuscoup
https://www.paypal.com/paypalme/StatusCoup
$StatusCoup on CashApp

SIGN UP for our email list for breaking news alerts and alerts when we're LIVE: https://statuscoup.pub/email

SIGN UP for our text alerts to get a message as soon as we're LIVE
https://statuscoup.com/text/

Wholesome by Kevin MacLeod
Link: https://incompetech.filmmusic.io/song/5050-wholesome
License: https://filmmusic.io/standard-license

#StatusCoup #SupremeCourt #NickEstes #politics #2022midterms #NativeAmerican",2022-07-02T20:00:08Z,5453,https://www.youtube.com/watch?v=t820bJnsVnc
vC0MoHk8zeA,Why Christians Don&#39;t Support Abortion - It&#39;s NOT Healthcare,"Born-again Christians don't support abortion we're pro-life and most importantly pro-Christ. So why are so-called Pastors like William Murphy and Jamal Bryant rallying support for abortions? The  Bible is clear on shedding innocent blood. There should be no confusion unless someone is not of Christ's flock.  We are to love what God loves and hate what He hates.

Margaret Sanger founder of Planned Parenthood was a eugenicist that led the way for birth control and abortion.

Books and References Used or Research:
Opening - Norma McCorvey abortion Roe v Wade commercial https://www.youtube.com/watch?v=T_MUUvcvjEg

Norma McCorvey fighting for abortion after Roe v Wade https://www.youtube.com/watch?v=gbGk6_36pw0

Reverened Clenard Childress Interview The most Dangerous Place for an African American is in the womb  - https://www.youtube.com/watch?v=ZWNFUmBbam4&t=188s

Maafa 21 https://www.youtube.com/watch?v=I6XfU8KVkzI

Norma McCorvey Won by Love https://www.amazon.com/Won-Love-McCorvey-Speaks-Conviction/dp/0785272372

The Negro Project - Margaret Sanger https://www.amazon.com/Negro-Project-Diabolical-Duplicitous-Disastrous/dp/1480918628

Medical Apartheid https://www.amazon.com/Medical-Apartheid-Experimentation-Americans-Colonial/dp/076791547X

BCV Podcast Sellouts in the Spirit 2 https://www.youtube.com/watch?v=6g_5eWg0nJ4

BCV Podcast Sellouts in the Spirit 1 https://www.youtube.com/watch?v=3thsDcxJX1M

A Biblical Response to Roe v Wade https://www.youtube.com/watch?v=NI2JNIOlLX4&t=354s

That Christian Fam - Biblical Response to Roe v Wade Overturn https://www.youtube.com/watch?v=2-fu3DoiD2A&t=2530s

The DNA of Christ - Abortion Blood Has a Voice https://www.facebook.com/dnachrist/

++++++++++++++++++++++++++++++++++++++++++++++++++++++++++++++++++++++

 In Cure 4 the Soul Ministries: https://cure4thesoul.com/

Weekly Writings https://cure4thesoul.com/blog-2/

Cure 4 Her Soul https://www.youtube.com/channel/UCH6jfleHJ01kdVo1phSPsRg

Soul Check-Up https://cure4thesoul.com/soul-check-up/

DOWNLOAD FREE RESOURCES for Spiritual Growth click here: https://cure4thesoul.com/shop/free-resources/

PARTNER OR GIVE:
https://cure4thesoul.com/donate/

If you are seeking a deeper relationship with God click here:

Salvation:
How to Be Saved and Go to Heaven https://www.youtube.com/watch?v=8KXT8V0sOIo
https://cure4thesoul.com/about-us/relationship-with-god/

Social:
Instagram/ Facebook / Twitter / Pinterest @cure4thesoul
Share a Testimony https://cure4thesoul.com/prayer/testimonies/

Please LIKE – COMMENT – SHARE - SUBSCRIBE

#roevwade #abortion #prolife  #prochoice

Corey Minor - Smart Christian Channel
Saiko Woods - The BCV Podcast
Jermaine That Christian Fam Channel",2022-07-07T14:30:11Z,1969,https://www.youtube.com/watch?v=vC0MoHk8zeA
LIAQ1SwnSz0,TAROT BY JANINE | MEL K &amp; CATHERINE EDWARDS : TRUTHER LIONESSES ROUND TABLE 10TH Jul 22,TAROT BY JANINE | MEL K & CATHERINE EDWARDS : TRUTHER LIONESSES ROUND TABLE 10TH Jul 22,2022-07-09T01:31:20Z,1331,https://www.youtube.com/watch?v=LIAQ1SwnSz0
ZOrUhx_0ZuQ,The Dominion Voting System Was Hacked,"The Dominion Voting System Was Hacked
Proof In The Google Drive Below



https://drive.google.com/drive/u/1/folders/1TJr6JCO-wa6SYB5-qn_elb2SKnICWAZT",2021-09-13T07:15:19Z,68,https://www.youtube.com/watch?v=ZOrUhx_0ZuQ
fj1HVzUIv7c,Dominion Voting Systems Changed More Votes Than Vladimir Putin,"""We spent 3-4 years and tens of millions of dollars on this fiction of Russian collusion with the Trump campaign. I'd say a few more weeks ensuring that we had a fair election in 2020 is worth this great nation's time.""

Fox News, Hannity (11/12/2020)

Follow Rep. Gaetz on Twitter: https://twitter.com/RepMattGaetz
Follow Rep. Gaetz on Facebook: https://www.facebook.com/CongressmanMattGaetz
Follow Rep. Gaetz on Instagram https://www.instagram.com/repmattgaetz/
Subscribe to Hot Takes with Matt Gaetz casts.apple.com/us/podcast/hot-takes-with-matt-gaetz/id1512848110",2020-11-13T14:42:08Z,113384,https://www.youtube.com/watch?v=fj1HVzUIv7c
Rys_3J_m2VM,Tech expert says Dominion Voting Systems VERY easy to hack,"There’s been a lot of discussion recently about Dominion Voting Systems — the paperless voting system implemented in Georgia before the election — and whether or not the software used by Dominion is safe from attempted voter fraud or ballot manipulation. To find those answers, founder of Brownstone Research & tech expert Jeff Brown read the entire Dominion software manual, and what he found is HORRIFYING. Brown explains to Glenn just how easy it is for somebody to hack, change, or manipulate the votes within these systems. So easy, in fact, Brown says it’s almost as if these voting booths were DESIGNED to be high risk.

► Click HERE to subscribe to Glenn Beck https://bit.ly/2UVLqhL
►Click HERE to subscribe to BlazeTV: https://www.blazetv.com/glenn

Connect with Glenn on Social Media:
http://twitter.com/glennbeck
http://instagram.com/glennbeck
http://facebook.com/glennbeck",2020-11-17T19:45:01Z,57646,https://www.youtube.com/watch?v=Rys_3J_m2VM
1BbrFbeikew,EXPOSED: Dems Complained About Dominion Voting Systems Too!,"The concerns over Dominion Voting Systems haven't just come from Republicans.

In December 2019, Democrat Senators Elizabeth Warren, Ron Wyden,
and Amy Klobuchar sent letters expressing their concern with Dominion's propensity to potentially switch the result of a cast ballot.

(FOX News/ The Story with Martha MacCallum/11.13.20)

Follow Rep. Gaetz on Twitter: https://twitter.com/RepMattGaetz
Follow Rep. Gaetz on Facebook: https://www.facebook.com/CongressmanMattGaetz
Follow Rep. Gaetz on Instagram https://www.instagram.com/repmattgaetz/
Subscribe to Hot Takes with Matt Gaetz casts.apple.com/us/podcast/hot-takes-with-matt-gaetz/id1512848110",2020-11-14T18:45:45Z,14603,https://www.youtube.com/watch?v=1BbrFbeikew
8SV04gMa4vI,Dominion Voting Systems had back door,"Ken Timmerman discusses the latest on Dominion Voting Systems, the Nov. 30, 2020 testimony of former Defense Intelligence official Colonel Phil Waldron, and U.S. vote counting in Frankfurt, Germany. On Newsmax TV with Bob Sellers and Heather Childers.",2020-12-02T00:03:56Z,436,https://www.youtube.com/watch?v=8SV04gMa4vI
8U2-aVAqfz0,DOMINION VOTING SYSTEMS,"#FRAUD #ELECTION #DOMINION
ELECTION UPDATE PART 3
MICHIGAN...WHAT'S GOING ON BRUH??


Follow me on IG: @MoreGrayson
Twitter, Facebook, tiktok, snapchat: @GraysonCoats

SONG: THE PATRIOT'S DRUNK (Patriot J)
https://open.spotify.com/artist/2SZeRlgbhlfe5GjDG6K6LH?si=zpe9Rc2FQuujHrUVl0F25w

Check out my brotha Justice Lucero's new EP on Spotify, Apple Music or YouTube!
https://music.apple.com/us/album/the-szn-ep/id1477911391

SUBSCRIBE TO MY GIRLFRIEND'S CHANNEL
⇩⇩⇩⇩⇩⇩⇩⇩⇩⇩⇩⇩⇩⇩⇩⇩⇩⇩⇩⇩
https://www.youtube.com/channel/UCajc...

MAKE MUSIC & NEED A STUDIO?
⇩⇩⇩⇩⇩⇩⇩⇩⇩⇩⇩
TheWilliamsonStudios.com

CHECK OUT MY LAST TWO VIDEOS
⇩⇩⇩⇩⇩⇩⇩⇩⇩⇩⇩⇩⇩
SEE YOU THERE!
https://www.youtube.com/watch?v=1hIAgRcMjME

HATE HIM OR LOVE HIM..
https://www.youtube.com/watch?v=c8w1mMJseVs


MAKE SURE YOU'RE SUBSCRIBED AND HAVE MY NOTIFICATIONS ON SO YOU NEVER MISS A POST!

THANK YOU SO MUCH IF YOU KEEP UP!

CHECK OUT MY SERIES!
⇩⇩⇩⇩⇩⇩⇩⇩⇩⇩⇩⇩⇩⇩⇩⇩
EPISODE 1-https://www.youtube.com/watch?v=D88Y4...

EPISODE 2- https://www.youtube.com/watch?v=aS0FP...

FOLLOW ME ON MY SOCIAL MEDIAS TO STAY UPDATED!
⇩⇩⇩⇩⇩⇩⇩⇩⇩⇩⇩⇩⇩⇩⇩⇩⇩⇩
https://www.Twitter.com/GraysonCoats
https://www.Instagram.com/GraysonCoats
https://www.Facebook.com/GraysonCoats

If you made it this far, tag your best friend in my recent Instagram post and tell them they still owe you that $5",2020-11-13T01:06:27Z,1566,https://www.youtube.com/watch?v=8U2-aVAqfz0
Nlsv0FbEsFI,"【Tarot Trump 3 】True or False voter fraud, Dominion Voting system, 专业人士讲解： Hummer and Scorecard",# dominion voting system # fraud voting,2020-11-13T15:48:30Z,102,https://www.youtube.com/watch?v=Nlsv0FbEsFI
uZcQHliNSkk,Dominion Voting System Investigation by PBS and Sidney Powell - Part I 720p,"This video contains a public record PBS sound clip about their investigation of automated voting system weaknesses and then an interview with Trump attorney, Sidney Powell, discussing ongoing legal issues over the recent Nov 3, 2020 election BS.

If you haven’t been staying in the loop, this one speaks for itself.  Rigged voting elects Biden (supposedly) and Trump must fight in court to correct the corruption.

This is the 25 minute full meal deal version.  The important Sidney Powell interview begins at the 8 minute and 45 second mark.

Part II can be found here...

https://www.youtube.com/watch?v=Q3CSdi-F6fM

Then watch PBS for more investigative details prior to the election…

https://www.pbs.org/newshour/show/october-26-2020-pbs-newshour-full-episode

Start at the 38 minute mark for the Dominion voting machine investigation segment.

Watch closely to see the ""green button"" many complained of to change votes in some reports.

Also note the signature feature which is impossible to use to write a signature like voters would do with pen and paper when they registered; thus judges were talked into allowing no signature verification, overriding state law (for both in person and mail in ballots) and letting people rig the election if they wanted to.

And note the comment by the voting official that they wanted to stay off of the media's radar screen (wonder why?).

Note also that the ""QR code"" (Quick Response code) can be easily tampered with but is what is really read by a scanner to do the actual counting; not the person's ""human readable"" part of the ballot (which is only used if a hand recount is ordered by a non-partisan judge).",2020-11-17T20:37:47Z,456,https://www.youtube.com/watch?v=uZcQHliNSkk
U6YsWOiucPs,Dominion Voting Systems [WikiThings EN],"Dominion Voting Systems Corporation is a company that sells electronic voting hardware and software, including voting machines and tabulators, in the United States and Canada.[1] The company's headquarters are in Toronto, Ontario, and Denver, Colorado.[2] It develops software in-house in offices in the United States, Canada, and Serbia.[3]

Dominion was the subject of a 2020 hoax, amplified by followers of the far-right QAnon conspiracy theory and later spread by One America News Network, President Donald Trump, and Trump surrogates and supporters. They have alleged that the company’s voting machines were compromised, resulting in millions of votes for Trump being deleted or switched to votes for Joe Biden in the 2020 United States presidential election.[4][5][6] Some have made false claims that Dominion had close ties to the Clinton family or other Democrats.[7] There is no evidence supporting these claims, which have been debunked by various groups including election technology experts, government and voting industry officials, and the Cybersecurity and Infrastructure Security Agency (CISA).[4][5][6]

Dominion Voting Systems Corporation was founded in 2002 in Toronto, Ontario, Canada, by John Poulos and James Hoover.[8] The company develops proprietary software in-house and sells electronic voting hardware and software, including voting machines and tabulators, in the United ...

[WikiThings EN] | Wikipedia.org | TTS
This excerpt dated 23.11.2020 from the website https://en.wikipedia.org/wiki/Dominion_Voting_Systems.
The responsibility for content, timeliness and accuracy is hereby withdrawn.",2020-11-23T10:38:38Z,50,https://www.youtube.com/watch?v=U6YsWOiucPs
tHbxPadyuoQ,Why We Fight Like Hell | Louder With Crowder,"Shop the official Louder With Crowder store: https://crowdershop.com

Want to watch the full show every day? Join MugClub! http://louderwithcrowder.com/mugclub

Use promo codes ""student"" ""veteran"" ""military"" to get daily access for $69/year!

Follow me on Twitter: https://twitter.com/scrowder
Like me on Facebook: https://www.facebook.com/stevencrowderofficial

Find behind the scenes footage on instagram: http://www.instagram.com/louderwithcrowder

#fightlikehell #scotus #roevwade

""Eat My Butt""",2022-07-05T14:00:25Z,82162,https://www.youtube.com/watch?v=tHbxPadyuoQ
jOmadvfLG30,DOMINION VOTING SYSTEMS ACTUAL REAL-TIME VOTE SWITCHING ON TELEVISION HARD EVIDENCE,"The exact same amount of votes switches live on TV from one candidate to the other in real-time. The exact same number of votes from one candidate to the other from the Dominion Voting Systems which are owned by Democrats (look it up Nancy Pelosi has stock in it or something like that, but is also connected to the the other former Governor from San Francisco Dianne Feinstein - her husband is something like half-owner of the company which donated to the Clintons... I dunno just look it up if you don't already know vote machines on Twitter was shadow trending)

Here's the video of the evidence, which is really a smoking gun - and there is probably a lot of this out there which shows for sure how it is true, and the machines do this: as has occurred in Michigan on record already with 6,000+ votes from Trump to Biden... which means this has had to occurred numerous times, and probably a whole lot on television. Share this with everybody who can help get this out there. #stopthesteal #voterfraud election 2020",2020-11-08T09:12:23Z,6053,https://www.youtube.com/watch?v=jOmadvfLG30
Hvywu0ST-z4,Dominion Whistleblower Calls Out Election Fraud,"A contractor for Dominion Voting Systems said in a sworn statement that she saw poll workers count some ballots up to 8 times.
Poll workers were also seen filling out, and signing blank ballots after receiving unreadable documents.
The whistleblower was brushed off by her manager when confronted.",2020-11-20T06:01:29Z,16984,https://www.youtube.com/watch?v=Hvywu0ST-z4
-PgKc5gzBFQ,Dominion Voting Systems [WikiThings EN],"Dominion Voting Systems Corporation is a company that sells electronic voting hardware and software, including voting machines and tabulators, in the United States and Canada.[1] The company's headquarters are in Toronto, Ontario, and Denver, Colorado.[2] It develops software in-house in offices in the United States, Canada, and Serbia.[3]

Dominion was the subject of a 2020 hoax, amplified by followers of the far-right QAnon conspiracy theory and later spread by One America News Network, President Donald Trump, and Trump surrogates and supporters. They have alleged that the company’s voting machines were compromised, resulting in millions of votes for Trump being deleted or switched to votes for Joe Biden in the 2020 United States presidential election.[4][5][6] Some have made false claims that Dominion had close ties to the Clinton family or other Democrats.[7] There is no evidence supporting these claims, which have been debunked by various groups including election technology experts, government and voting industry officials, and the Cybersecurity and Infrastructure Security Agency (CISA).[4][5][6]

Dominion Voting Systems Corporation was founded in 2002 in Toronto, Ontario, Canada, by John Poulos and James Hoover.[8] The company develops proprietary software in-house and sells electronic voting hardware and software, including voting machines and tabulators, in the United ...

[WikiThings EN] | Wikipedia.org | TTS
This excerpt dated 23.11.2020 from the website https://en.wikipedia.org/wiki/Dominion_Voting_Systems.
The responsibility for content, timeliness and accuracy is hereby withdrawn.",2020-11-25T10:43:06Z,16,https://www.youtube.com/watch?v=-PgKc5gzBFQ
u4h7_k8gbIs,Dominion Voting machine Switching Trump votes to Biden. Sidney Powell,"I posted a 55 sec clip before, here is the full interview 4 minutes w #MariaBartiromo. #sidneypowell said she uncovered the evidence of #voterfraud in the 2020 election, said on Friday, Nov. 13, that she’s going to “#releasetheKraken.”
During an interview with #LouDobbs, Powell said she has “staggering” statistical evidence and testimony from witnesses to show Dominion voting machines altered ballots. #Dominion is linked to foreign influence from #Venezuela, #Cuba, and the #ChineseCommunistParty.
The Heavy reported that #DominionVotingSystems has ties to the #ClintonFoundation, #NancyPelosi’s former chief of staff, and #WilliamEarlKennard, a former ambassador to the EU appointed #Obama.
In a tweet, Powell revealed that the vote-counting system is connected to #GeorgeSoros and his friend #MarkMallockBrown, a member of the #OpenSocietyGlobalBoard.
Sens. #ElizabethWarren, #AmyKlobuchar and #RonWyden have raised concerns about #Dominionvotingtechnology for years and reported it to the FBI, but they ignored the problem. 
Powell told Dobbs that people are coming forward every day and are willing to testify under oath. However, the only FBI involvement so far appeared to be trying to #intimidate a witness and to get him to change his testimony.
“This is essentially a new #AmericanRevolution,” Powell said. “It’s a foul mess, it’s further, wider, and deeper than any of us ever thought, and I’m going to expose every one of them.”
The #mentality of the #bidenvoters who would vote for the disintegration of a #freenation in exchange for #socialism, for the simpletons, a free nation is not where everything is free. Every single #lielie, hoax the #democRATS falsely accused #presidenttrump of doing they had done it themselves.",2020-11-17T12:20:11Z,116,https://www.youtube.com/watch?v=u4h7_k8gbIs
HVrN_Yx08ZY,CERN The 5TH!  Shiva Switch,"Tuesday 7/5/2022
Starting @9:30amEST/8:30amCST

CERN is ready to restart its Large Hadron Collider July 5th to mark the ten-year anniversary of the Higgs-boson particle’s discovery. Live coverage of Cern's Shiva switch being flipped on.  Join us as we witness a Modern day Nimrod device activated.

NYSTV Network: https://www.nystv.org . Use Promo Code: Edge For your first month free.
#NYSTV YT: https://www.youtube.com/user/NowYouSeeTV
#Midnight Ride Channel : https://www.youtube.com/c/MidnightRide
#Pounders Live Channel: https://www.youtube.com/channel/UCNvQOKLG3UXZW8XSLX7vn-g
#Breaking Babylon Channel: https://www.youtube.com/c/BreakingBabylon
CuttingEdge Channel: https://www.youtube.com/channel/UC9HcD39gVhCrsBPDl1sKhYg
#RemnantRestoration Channel: https://www.youtube.com/channel/UCXZoc6WcYCS8qe-Tb7yjdNA


Checkout FOJCRADIO here:
#FOJCRadio: https://www.fojcradio.com/
#FOJCRadio Channel: https://www.youtube.com/channel/UC0RmdJ0nhShuDLp8Q41Blwg #FOJCRadio Ministry News & More: https://www.fojcradio.com/news/?fbclid=IwAR0pYzLnIdrLe005aZd0cgaedVoka1I1JgTPcgd9yuOyVjvyDFJRZ-VacI8

Refuge Training at the Puritan Barn Links Responder I: https://refugetraining.com/products/0... Responder II: https://refugetraining.com/products/0... Essential Responder: https://refugetraining.com/products/0...

Please also checkout these Channels as well:
#TruthRadioShow: http://truthradioshow.com/
#Shake & Wake Radio: http://shakeandwakeradio.com/wp/
#Visual Disturbance:  https://www.youtube.com/channel/UCkk67AxIfnOqn30W9D_f5eg
HeWalksWithUs Everywhere: https://www.youtube.com/channel/UCQnCXsTVGl5jOc_fTJD2AfQ

Support your local businesses! CE Supports- Sugar and Spice Soap https://sugarandspicesoap.com. Every day hard working people!

T-Shirts and Mugs: https://nystvwear.com

Get Prints of MR Art: https://www.etsy.com/shop/PlainPaints Coupon Code: RIDE15 for 15% off purchases

""If I Were The Devil""  Paul Harvey 1965:
https://youtu.be/Tc_LnR6G0N8",2022-07-05T15:35:46Z,10593,https://www.youtube.com/watch?v=HVrN_Yx08ZY
oBIkbUk8tfc,"THE PLOT AGAINST PRESIDENT TRUMP; Dominion Voting Systems | Fri, Nov. 13, 2020",,2020-11-14T06:44:15Z,220,https://www.youtube.com/watch?v=oBIkbUk8tfc
vTR2D0GiEJY,Let&#39;s Talk About Dominion Voting Systems,"Forget the unverified rumors for just a minute. Here's what we know for a fact, and it's REALLY bad.",2020-11-18T18:31:17Z,189,https://www.youtube.com/watch?v=vTR2D0GiEJY
9_0-ZKBuMjc,"November 17, 2020 - The Dominion Voting Machine","Ward discusses #VotingFraud, #SidneyPowell, and gives up an update on #AlachuaCounty revisions on this episode of The Ward Scott Files.

_________

Make sure to LIKE, FOLLOW, and SHARE this episode!

www.WardScottFiles.com",2020-11-18T03:06:36Z,46,https://www.youtube.com/watch?v=9_0-ZKBuMjc
1DyFYq9jnv0,Dominion Voting - Electronic voting machines changing votes.,"Learn how safe and secure our election is by huffing carbon dioxide for 10 minutes. - Twitter Warning

But really. Hundreds of counties across the country utilizing compromised voting machines. Everyone should be concerned about this, Democrats included.

Update: It's not ""Hammer & Scorecard"". It still looks like electronic fraud occurred but the Dennis Montgomery based thread is a distraction.",2020-11-07T04:37:57Z,1038,https://www.youtube.com/watch?v=1DyFYq9jnv0
cCZ5gBUiMzw,Dominion Voting Systems Are A Scam [REACTION],This shows just one instance where the Chinese Communist Party paid to rig American elections.There's a lot more moving parts and of course there's a lot more evidence and trails to follow through Smartmatic and other voting  machine tampering involved in this case. They're about to blow the lid clean off this corruption case. Heads will roll. Oh my...,2020-12-09T02:51:40Z,103,https://www.youtube.com/watch?v=cCZ5gBUiMzw
vEbpkUXAD14,Hack the &quot;unhackable&quot; Dominion voting machine,"How to hack the ""unhackable"" (according to Democrats) Dominion voting machines in less than 90 seconds, to get full administrator access.",2020-11-27T10:38:04Z,251,https://www.youtube.com/watch?v=vEbpkUXAD14
qfMo1CcseRo,Election integrity incredulity: More than just Dominion Voting Systems,"December 4, 2020 - NO Soundbites Allowed - A full month after the 2020 election and the public still lacks clear answers. It's not just votes switched and Dominion machines connected to the internet. It's not just dead voters and suitcases filled with ballots counted after everyone poll watcher is sent home. It's unregistered voters, unconstitutional rules and ""found"" votes. Voter fatigue is no excuse for what is happening.

Sources:
https://m.facebook.com/story.php?story_fbid=10222006482564476&id=1033174221
https://www.youtube.com/watch?v=N1MmTEtwsl0
https://www.youtube.com/watch?v=t7AYqWxRtoI
https://www.youtube.com/watch?v=t75xvZ3osFg
https://www.forbes.com/sites/jodywestby/2020/04/16/hbo-documentary-shows-the-value-of-cybersecurity-in-election-security/?sh=fa716203f1cf
https://en.wikipedia.org/wiki/Hursti_Hack
https://www.cnn.com/videos/business/2019/08/10/voting-booth-hack-def-con-orig.cnn-business
https://www.nbcnews.com/politics/elections/online-vulnerable-experts-find-nearly-three-dozen-u-s-voting-n1112436
https://apnews.com/article/election-2020-ap-fact-check-joe-biden-donald-trump-technology-49a24edd6d10888dbad61689c24b05a5
https://www.bbc.com/news/election-us-2020-54959962
https://apnews.com/article/2nd-georgia-county-find-uncounted-votes-018eac6ac24733d63d356ee76f485530
https://www.cbs46.com/news/lawmakers-hear-bombshell-allegations-of-georgia-election-fraud/article_8404e930-35e5-11eb-8ac3-1fc96e3b52d8.html
https://www.youtube.com/watch?v=xEpy89d5aW4
https://en.wikipedia.org/wiki/List_of_electronic_voting_machines_in_New_York_state
https://apnews.com/article/new-york-elections-claudia-tenney-house-elections-voting-c12927a8c3c0481c6da3b8acf79dd79c
https://www.politico.com/states/new-york/albany/story/2020/12/03/new-york-house-rematch-plays-out-the-only-way-it-could-strange-and-complicated-1341046
https://www.youtube.com/watch?v=P0udDRxCeTU
https://youtu.be/oQ9YGSMY2xg

About Us:

GoFundMe - https://www.gofundme.com/f/Support-Free-Press

Political Commentary - http://www.mvass.com

Twitter - @MVConsult

Parler - @Vassmike68",2020-12-04T13:53:46Z,65,https://www.youtube.com/watch?v=qfMo1CcseRo
JgZyLIu-pD4,DOMINION VOTING SYSTEMS ACTUAL REAL-TIME VOTE SWITCHING ON TELEVISION TRUMP BIDEN PA THIS TIME!!,"READ THIS!!! Start of video PA total votes are:
Donald Trump
 1,690,589

Biden
 1,252,537

At the end of the video the totals on the screen are for PA are:

Trump 1,670,631 = -19,958 VOTES

Biden 1,272,495 = +19,958

The exact same amount of votes switches live on TV from one candidate to the other in real-time. The exact same number of votes from one candidate to the other from the Dominion Voting Systems which are owned by Democrats (look it up Nancy Pelosi has stock in it or something like that, but is also connected to the the other former Governor from San Francisco Dianne Feinstein - her husband is something like half-owner of the company which donated to the Clintons... I dunno just look it up if you don't already know vote machines on Twitter was shadow trending)

Here's the video of the evidence, which is really a smoking gun - and there is probably a lot of this out there which shows for sure how it is true, and the machines do this: as has occurred in Michigan on record already with 6,000+ votes from Trump to Biden... which means this has had to occurred numerous times, and probably a whole lot on television. Share this with everybody who can help get this out there. #stopthesteal #voterfraud election 2020",2020-11-09T00:59:22Z,4287,https://www.youtube.com/watch?v=JgZyLIu-pD4
OuXNWB_w18c,"Giuliani, Powell, Ellis expose Cheaters, Dominion voting system popular with dictators of Venezuela","Waaaa, I didnot know that Our Votes in the USA are counted Overseas by #Dominion, #Smartmatic, #Scytl, run by #Soros and his minion #Brown. The #Voting system are designed to cheat, invented by Venezuelans to defraud their election and used by Dictators to stay in power, I learned that China has its dirty hand in this as well, it all make sense now I witnessed the Vote count were actually going backwards for #Trump in MI, at the real time coverage on #ELECTION Night,  the Cyber Cheaters were grabbing votes with the click of a mouse and transfer them to #Biden  Crazy! See for yourself.",2020-11-19T23:26:56Z,20,https://www.youtube.com/watch?v=OuXNWB_w18c
HWEPWIvi1hE,THE TRUTH ABOUT DOMINION VOTING MACHINES (THEY DO NOT WANT YOU TO SEE THIS),,2020-12-08T21:12:42Z,71,https://www.youtube.com/watch?v=HWEPWIvi1hE
1USGGnx1eds,"America&#39;s Independence Day | Loosening the Yoke of Progressive tyranny | July 4th, 2022","===
Support Independent journalist DIRECTLY via Streamlabs tip page:
https://chriswyatt.live/tip

Join the Chris Wyatt Africa YouTube channel to support INDEPENDENT journalism and to get access to perks:
https://www.youtube.com/channel/UCo-3Qu7AoKwo0co8v79mcYw/join

https://www.tiktok.com/@africamatters

All Things Africa podcast on Podbean: https://allthingsafrica.podbean.com/

👉 Follow me on Odysee: https://odysee.com/@ChrisWyattAfrica:5
👉 Follow me on bitchute: https://www.bitchute.com/channel/cul8PoB6nC3n/
👉 Follow me on youtube:https://www.youtube.com/channel/UCo-3Qu7AoKwo0co8v79mcYw
👉 Follow me on rumble: https://rumble.com/c/c-402047
👉 Follow me on subscribestar: https://www.subscribestar.com/chris-wyatt-africa
🔴 Check out my merch store: https://teespring.com/stores/my-store-10367682
Support cogent conversation & objective analysis @ Chris Wyatt Africa:
👉 Paypal: wmwchris@outlook.com

https://linktr.ee/IndabaAfrica
https://beacons.page/wmwchris
https://wlo.link/@ChrisWyattAfrica

Credits:
Music: Jezelle http://www.jezelle.co.za/

Music: https://www.bensound.com
Animation credit: Talon Bezuidenhout
Opening news drums sequence: Kevin Nicklin

© All Rights Reserved.",2022-07-05T05:44:47Z,395,https://www.youtube.com/watch?v=1USGGnx1eds
HpQBRQHabhE,Sidney Powell 11/13/20 Release The Kraken. Dominion Voting System. Expose Everyone. #FightBack,,2020-11-13T23:27:54Z,9143,https://www.youtube.com/watch?v=HpQBRQHabhE
419Spj6OtVg,MI live testimony - Dominion Voting System analysis,,2020-12-03T05:04:25Z,5,https://www.youtube.com/watch?v=419Spj6OtVg
GLOYVribjeA,Dominion Voting Tied to Smartmatic MSM nothing to see here!,"Well George Soro's Hands once again caught in the cookie jar!

#Trump2020 #JaamesJohnson #GeorgeSoros",2020-11-18T07:13:24Z,105,https://www.youtube.com/watch?v=GLOYVribjeA
R7mLoAwJOVQ,Is this REAL journalism? Fox News talks with Dominion Voting Systems Rep.,"After a media blackout, a spokesman for Dominion Voting Systems actually appeared on a news network.  Dominion representative Michael Steel, who has represented Paul Ryan and Jeb Bush in the past, appeared on Fox News with host Eric Shawn.  The interview did not ask ANY in-depth questions on widespread voting fraud, the ability to hack the Dominion machines, or the affidavits of people who have come forward to say that Dominion was used to change votes.

As President Trump continues to contest the election, the media -- including Fox News -- continue to not provide any actual investigative reporting on what could be the biggest story ever.

🇺🇸 LET'S REACH 150,000 SUBSCRIBERS! 🇺🇸
https://www.youtube.com/bobbyeberle13?sub_confirmation=1

👕 Support the show with new MERCHANDISE! 👕
BE shirts, mugs, and stickers
https://teespring.com/stores/bobbyeberle13

Please support the channel by becoming a Patreon subscriber
https://www.patreon.com/bobbyeberle13

Ask BE -- Want to be on the show? Send in your video questions or comments
https://www.gopusa.com/ask-be/

--

🏡 WorldFare - Hand-made Custom Sketches 🏡

Order today: https://etsy.me/2Zv1EA9

Use coupon code: BOBBY13 for 10% off

--

A special thanks to our friends at Bottle Breacher.

Check out their awesome selection of Made in America products!

Use coupon code: Bobby13 for 15% off

http://www.bottlebreacher.com

--

🔧 More Resources 🔧

Welcome to the 13-Minute News Hour hosted by Bobby Eberle.  This show contains a combination of news, culture, tech, and movies... all the things that interest Bobby and hopefully interest you as well. Bobby's experiences in politics, engineering, and sports help form the content and his perspective.  Please jump in and leave comments and encourage your friends to subscribe.  (13-minute run time is approximate) :)

LIKE and SUBSCRIBE
https://www.youtube.com/bobbyeberle13?sub_confirmation=1

Also, check out GOPUSA for more great political stories.
https://www.GOPUSA.com

Sign up for updates
https://www.gopusa.com/subscribe-to-gopusa/

Learn more about Bobby
https://www.gopusa.com/bobby-eberle/

Contact Bobby
https://www.gopusa.com/contact-us/

#BobbyEberle #Trump #DomionMachines",2020-11-24T16:07:29Z,5161,https://www.youtube.com/watch?v=R7mLoAwJOVQ
TTE4n_onCtI,Adjudication on Dominion Democracy Suite,This video explains how the Dominion Voting adjudication workstation operates. Any admin on the system has full control of the way ballots are counted. We know from testimony that poll workers overvoted ballots during inspection to force them into adjudication. Also blank ballots were scanned and marked as the admin wanted. Ballots can also be manipulated or discarded.,2020-12-10T12:55:23Z,1100,https://www.youtube.com/watch?v=TTE4n_onCtI
V3reSAtLZSs,Company Who Acquired Dominion Voting Systems Has Board Member Tied to Obama,"(After reading this, go online and do your own research into it to verify its validity and authenticity.)


Introducing William Earl Kennard.

Sitting Board Member of
Staple Street Capital LLC.

The same
Staple Street Capital LLC that bought out...

You guessed it,

Dominion Voting Systems Inc.

They quickly deleted most of their website but if you google William Kennard Staple Street, you will still see the page link before it got removed.

Fast Forward.....

Kennard served as the U.S. Ambassador to the European Union (2009–13) and chairman of the Federal Communications Commission (1997–2001).

He was nominated as ambassador to the EU by President Barack Obama in August 2009

Prior to this, Kennard was Managing Director of the global private equity firm the Carlyle Group.

(The same Carlyle Group Of Which George Soros has invested hundreds of millions into and a quarter of its Executive Members of Staple Street are former Carlyle Group members.)

He was also chairman of the FCC appointed by President Bill Clinton in November 1997, from November 3, 1997-January 19, 2001.

This guy seems awful friendly with enemies of Trump, yet he owns the company that bought out the company of the voting systems we used...

#clinton #dominion #dominionvotingsystems #obama  #trump #usa #carlylegroup #staplestreet #williamkennard #presidentialelection",2020-11-21T01:29:03Z,1976,https://www.youtube.com/watch?v=V3reSAtLZSs
vZIP339XePw,Whistleblower Detroit dominion voting system fried,,2020-11-11T23:27:54Z,317,https://www.youtube.com/watch?v=vZIP339XePw
DK4BI_HlC1Y,What Everyone is Forgetting About Election Fraud - Dominion Voting Systems - Diebold Blues,"John Brisson discusses John Kenneth Blackwell, Dominion Voting Systems, and election fraud.

Please like, share, and subscribe, thank you!

Follow me on Twitter: https://twitter.com/weve_read

We've Read the Documents Fedbook Group: https://www.facebook.com/groups/932163273812057/

I have made a Subscribe Star / Patreon for We've Read the Documents. You can subscribe for $5 a month if you would like for more content. New content will be uploaded to both services. So no need to subscribe to both.

https://www.subscribestar.com/wevereadthedocuments
https://www.patreon.com/weveread

I have made a Substack for We've Read the Documents. You can subscribe for $5 a month if you would like access to the rough drafts of my book on The Finders Operation and other blogs.

https://weveread.substack.com/

If your would like to donate to We've Read:

https://streamlabs.com/wevereadthedocuments/tip

All subscriptions and donations are much appreciated!

The views, opinions, and information, guests, our YouTube/LBRY channel's live chat, or our YouTube/LBRY channel's comment section disclose do not necessarily reflect the views or beliefs of We've Read the Documents. Do your own research!",2020-11-08T06:32:21Z,2018,https://www.youtube.com/watch?v=DK4BI_HlC1Y
jAIu5HG8CRU,"Clinton ties to Dominion voting system, which &#39;glitched&#39; for Biden","Software used by the voting system Dominion reportedly “glitched” in favor of Joe Biden in key parts of Michigan. As it turns out, key members of Dominion have ties that go back to Hillary Clinton. One America's Chief White House Correspondent Chanel Rion has more.

Visit us at:

Tired of censorship from other social media platforms? Join us on Free Talk
Free Talk is OANs new social platform.
Users can post, chat and connect with other members.
It allows Free Speech at home, on the go and anywhere in the world, No SHADOWBANNING!
https://freetalk.app

Website: https://www.oann.com
Facebook:
https://www.facebook.com/OneAmericaNewsNetwork
Twitter: https://twitter.com/OANN
Instagram:
https://www.instagram.com/one_america_news_

KlowdTV:
Watch OAN Live on KlowdTV subscription prices start at $4.99 /mo
https://klowdtv.com",2020-11-11T00:01:47Z,213146,https://www.youtube.com/watch?v=jAIu5HG8CRU
PGPpssKI9kM,485 Dominion Voting System,http://eleventhhourpolitics.com/,2020-12-01T12:33:25Z,15,https://www.youtube.com/watch?v=PGPpssKI9kM
XBEMEtc5hWw,Lou Dobbs w/ Sidney Powell - Massive Election Fraud Using Dominion Voting Systems - 11-14-20,"Sidney Powell, a member of President Trump's legal team, releases information concerning massive election fraud in many states that used Dominion Voting Systems for this election.",2020-11-16T10:33:02Z,1444,https://www.youtube.com/watch?v=XBEMEtc5hWw
hu-jgE8XJXE,"Trump&#39;s Lawsuits, Michigan Election Fraud?, Dominion Voting Systems &amp; more!","Trump's Lawsuits, Michigan Election Fraud?, Dominion Voting Systems & more!

#2020Election #Biden2020 #Trump2020

https://streamlabs.com/theconvocouch/tip
to have your chat show up ON SCREEN!


Thanks to the support of our amazing fams, we were able to upgrade our equipment to produce clean interviews as well as having the means to travel and bring you ON THE GROUND footage that mainstream media WILL NOT SHOW YOU...


To support us further:
Patreon: http://bit.ly/tccpat4
or
Sign up on Rokfin and get access to all the creators Premium Content
https://rokfin.com/TheConvoCouch
(Creators include: Niko House, Ron Placone, Graham Elwood, Jimmy Dore, Kim Iversen, Tina-Desiree Berg, Jackson Facts, The American Vagabond, Papi Chulomin Richard Medhurst & more!)
---------------------------------------------------------------
Keep Up With THE CONVO COUCH 🛋
📺 Youtube: http://bit.ly/tccyt27
💵Patreon: http://bit.ly/tccpat4
👾Rokfin: https://rokfin.com/TheConvoCouch
🤖Twitch: https://twitch.tv/theconvocouch
🐦Twitter: https://twitter.com/theconvocouch
👮‍♀️Facebook: http://bit.ly/tcc2fb
🍑Instagram:  http://instagram.com/theconvocouch


🍝Craig ""Pasta"" Jardula
Twitter: https://twitter.com/yopasta
Facebook: http://bit.ly/pasta2fb


💃Fiorella Isabel:
Twitter: https://twitter.com/Fiorella_im
Facebook: http://bit.ly/tccfifb27


🌊Jonny Tsunami:
Twitter: https://twitter.com/jonathanmayorca
Jonny started a new channel! But will still be producing The Convo Couch :)
Subscribe to True Rebel Network: https://www.youtube.com/c/truerebelnetwork


Support True Rebel Network: https://www.patreon.com/truerebelnetwork",2020-11-13T23:09:47Z,4258,https://www.youtube.com/watch?v=hu-jgE8XJXE
yql-mpgNY2U,Jenna Ellis on the MI judge that gave Team Trump access to 22 Dominion voting machines,"Jenna Ellis on the Antrim County, #Michigan judge that gave Team Trump access to 22 Dominion voting machines to conduct a forensic audit TODAY!",2020-12-06T14:47:44Z,622124,https://www.youtube.com/watch?v=yql-mpgNY2U
mnZJtpBiofk,OAN interviews Joe Oltman about Antifa and Dominion Voting Systems Eric Coomer,"Corrupt Election Info (cont)

David Oltman is interviewed by 2 different networks about his experience discovering Eric Coomer, VP of Dominion Systems first on an Antifa conference call in spring 2020.  There, Eric Coomer was asked “What if f**ing Trump” wins the election and Eric’s response was “You don’t need to worry about the election.  Trump’s not going to win. I made sure of it.”
Eric Coomer’s facebook page included posts of “The Antifa Manifesto”, “vitriolic posts against all Trump voters”, song links like “Dead Pres” and “F*** the police” and “F*** the USA”.

One disturbing question is, will the FBI step up to investigate?


Also see:
https://www.youtube.com/watch?v=kST_253DWJg",2020-11-21T22:07:34Z,662,https://www.youtube.com/watch?v=mnZJtpBiofk
_aO1CXBNb2I,Dominion Voting Systems CEO is a DONOR to Justin Trudeau,"►Help support our independent journalism: http://www.HelpRebelNews.com
Keean Bexte uncovers donations made by Dominion Voting Systems CEO John Poulos to Canada's Liberal Party and to Prime Minister Justin Trudeau. Is this company a fair and non-partisan arbiter of elections?
FULL REPORT from Keean Bexte: https://rebelne.ws/399sv9P

Rebel News: Telling the other side of the story. https://www.rebelnews.com for more great Rebel content.

Unlike almost all of our mainstream media competitors, Rebel News doesn’t receive any government funding. We rely on our generous audience to help keep us reporting. Please consider supporting Rebel News by making a donation, purchasing a RebelNews+ subscription, shopping in our online store, or any of the other methods below:

►Support our independent journalism - https://rebelne.ws/donation
► Donate in cryptocurrency - http://rebelne.ws/crypto
►Make a donation through PayPal - https://rebelne.ws/paypal
►Rebel News Plus  - Become a Premium Content subscriber - https://rebelne.ws/plus
►BUY Rebel News gear - https://rebelne.ws/store
►LISTEN to our FREE podcast - https://rebelne.ws/podcast

Make sure to follow Rebel News on social media too!
FACEBOOK - https://rebelne.ws/fbook
TWITTER - https://rebelne.ws/twitter
INSTAGRAM - https://rebelne.ws/Instagram

An original video production by Rebel News.

#RebelNews #KeeanBexte #DominionVotingSystems #Nonpartisan #Election #CatherineMcKenna #AdamVaughan #JoeBiden #LiberalParty #Canada #USA",2020-11-24T21:42:32Z,41489,https://www.youtube.com/watch?v=_aO1CXBNb2I
ODAH4Ci3Ca8,Dominion Voting Systems &quot;Credibility&quot; Issues,"Not surprisingly to ME, Dominion Voting Systems are tied to many allegations of ""rigging"" elections and votes worldwide, and to democrats. Nothing to see hear folks, just move along...",2020-11-10T14:15:01Z,111,https://www.youtube.com/watch?v=ODAH4Ci3Ca8
E_aKwjMApxY,Washington Expose on #GlitchGate: Dominion Voting Systems Ownership Shock,"MUST HEAR: Washington Expose Podcast today details #GlitchGate, and the state of the election fraud.

https://freepressers.com/washington-expose/washington-expose-episode-140-top-story-dominion-voting-systems-ownership-shock",2020-11-10T10:34:04Z,357,https://www.youtube.com/watch?v=E_aKwjMApxY
o4LuCn87Nsg,Testimony ：Dominion Voting System is very easy to hack！,#Dominion #DominionVotingSystem,2020-11-21T14:45:53Z,89,https://www.youtube.com/watch?v=o4LuCn87Nsg
sIdfSO8PwDk,Communists Software (Dominion Voting System)used to Cheat in This Presidential Election  (Allegedly),"Communists Software was use to Steal/Cheat in This election from President Trump (Allegedly)

MASSIVE GLOBAL BOYCOTT 2020 ~ December 5th&6th. Let’s send them a message that our voices have the right to be heard and we will turn them off.


Please like,❤️share, share, share,🤍 and 💙. ~Please help me reach 1000 subscribers by subscribing today. Thank you🙏🏾

Just in case you would like to Donate please use PayPal: https://www.PayPal.me/CynthiaRaglin

Email:1stHeiress@gmail.com

Thank you and God Bless❣️",2020-11-15T23:00:23Z,45,https://www.youtube.com/watch?v=sIdfSO8PwDk
ig99mO_XDoA,Dominion voting systems,,2022-02-14T14:35:51Z,14,https://www.youtube.com/watch?v=ig99mO_XDoA
_zyE6f5IMxs,Syncretism Society with Archaix No. 3,Check out the Syncretism Society channel at https://www.youtube.com/channel/UCpDrSOtQ552LXmdRVYvTLyQ,2022-07-03T04:19:55Z,15571,https://www.youtube.com/watch?v=_zyE6f5IMxs
dCMbv8b2ABg,Rudy Giuliani Claims Widespread Voting System Rigging with Chinese Owned Dominion Voting Systems,Lawyer to President Trump Rudy Giuliani gives statement regarding Chinese Owned and Operated Voting Machine Dominion and how the voting machine had glitches in multiple states leading to votes being made in Joe Biden’s favor. These devices were used in over 28 states! #presidentialelection #voterfraud #dominionvotingsystems #trump,2020-11-13T11:59:05Z,154,https://www.youtube.com/watch?v=dCMbv8b2ABg
gPFevdt9i4g,Dominion Voting Systems - ELECTION FRAUD,"https://www.patreon.com/OTUmedia/

Shop at our store: https://oklahomataxpayersunite.com/ot...
https://oklahomataxpayersunite.com/pr...
https://oklahomataxpayersunite.com/pr...
https://oklahomataxpayersunite.com/pr...
https://oklahomataxpayersunite.com/pr...

!!!ON SALE NOW!!!
https://oklahomataxpayersunite.com/pr...
We have T-Shirts too! One shirt any size is only $25! All funds help OTU get the word out.

CHECK THIS OUT!!! https://oklahomataxpayersunite.com/pr...
...or find it @ https://www.cryptomoore.com/product-p... written by a local Oklahoma author. Put in PROMO CODE: OTU to get 20% OFF

SAVE BIG LEAGUE ON www.lastamericanpresident.com written by a local Oklahoma author. Put in PROMO CODE: OTU to get 50% OFF all hardbacks!!! HALF OF YOUR PURCHASE PRICE WILL BE DONATED TO #OTUmedia SO PAY EXTRA!!!",2020-11-18T21:23:08Z,87,https://www.youtube.com/watch?v=gPFevdt9i4g
YHVs9OQkiJU,Fraction Magic Vote Theft -- Dominion Voting Systems documentary (with CORRECTED AUDIO),"Audio fixed for even level. The Gem program is used in Dominion Voting Systems. This is a re-upload of the original video which was fraught with extensive audio problems. I downloaded the original, extracted and leveled the audio, put it back into the video and uploaded that new version to this channel. The original video is here: https://www.youtube.com/watch?v=Fob-AGgZn44&t=599s",2020-11-21T23:37:13Z,201,https://www.youtube.com/watch?v=YHVs9OQkiJU
uG15SGKNSeM,Dominion Voting Fraud Evidence Finally Revealled,This is the evidence everyone is crying for.,2020-11-24T02:36:10Z,297,https://www.youtube.com/watch?v=uG15SGKNSeM
WOBFrwLuFys,&quot;RUDY GIULIANI TALKS ABOUT BATTLEGROUND STATES&quot; - Dominion Voting System and Ballot Fraud - Part 2,"Wake up America!
Count Every Vote

Enjoy the Video!

Know someone with a birthday coming up?
Check out http://www.awesomebirthdaysong.com and make someone's day!

Visit Channel Pals for all types of channels to anything and everything.
http://www.channelpals.com

Christmas is Coming!

Don't forget to submit your wish list to Santa
http://www.santashake.com

as well as our Christmas 365 Channel
https://www.youtube.com/channel/UCLULvTKnyiKP87XVKgNRIrg

Don't forget to check us out on our other Social Media Sites

https://www.instagram.com/awesomemosewa2020/
https://twitter.com/awesomemosewa20
https://www.tiktok.com/@awesomemosewa",2020-11-15T21:41:35Z,56,https://www.youtube.com/watch?v=WOBFrwLuFys
2k5RLVEHSgk,dominion voting system (REPOST),"rudy giuliani repost NOT MY VID
DO YOUR OWN RESEARCH
FAIR USE EDUCATIONAL",2020-11-20T23:34:34Z,4,https://www.youtube.com/watch?v=2k5RLVEHSgk
cw17F9ufjkQ,Dominion Voting system fraud!,,2020-11-17T01:41:25Z,42,https://www.youtube.com/watch?v=cw17F9ufjkQ
w3a98ODl8js,Public information Identifies LINKS BETWEEN China and Dominion Voting Systems..,"Lin Wood [TWITTER]: Looks like NTD “China In News” reads my Tweets.

Dominion voting machines are in fact financially tied to Communist China (CCP).

DIRECT LINK: https://twitter.com/LLinWood/status/1336172897233199105?s=20",2020-12-08T05:25:34Z,882,https://www.youtube.com/watch?v=w3a98ODl8js
UU6hnKQ5-As,"Dominion Voting Systems tied to Clintons, widely used in battleground states",Powered by Restream https://restre.am/yt,2022-06-12T21:41:57Z,4,https://www.youtube.com/watch?v=UU6hnKQ5-As
SW5v5FPNomg,Dominion voting machine tutorial (Georgia),"https://www.youtube.com/watch?v=mJIqfYHKpVk


Credit for this video goes to Borg Clone


Watch as ballots are scanned and manipulated in the Dominion voting system...Runs on Windows LOL!",2020-12-10T16:46:12Z,32,https://www.youtube.com/watch?v=SW5v5FPNomg
m91unr2YE18,&quot;SIDNEY POWELL AND MARIA BARTIROMO TALK ABOUT DOMINION VOTING SYSTEM FRAUD&quot; - Part 4 - Voter Fraud,"Sidney Powell, attorney General Michael Flynn and for the Trump campaign, is vowing to expose voter fraud she believes took place during the presidential election.

Although the Dominion voting systems says there was no foreign interference in the presidential election, Powell says she will soon present “staggering” evidence that will prove otherwise.

This will be enough evidence for the Trump Team to overturn the Election of 2020.

Wake up America!
Count Every Vote

Enjoy the Video!

Know someone with a birthday coming up?
Check out http://www.awesomebirthdaysong.com and make someone's day!

Visit Channel Pals for all types of channels to anything and everything.
http://www.channelpals.com

Christmas is Coming!

Don't forget to submit your wish list to Santa
http://www.santashake.com

as well as our Christmas 365 Channel
https://www.youtube.com/channel/UCLULvTKnyiKP87XVKgNRIrg

Don't forget to check us out on our other Social Media Sites

https://www.instagram.com/awesomemosewa2020/
https://twitter.com/awesomemosewa20
https://www.tiktok.com/@awesomemosewa",2020-11-16T00:24:33Z,48,https://www.youtube.com/watch?v=m91unr2YE18
1L0JvxVE-pI,Qanon ~ STAPLE STREET CAPITAL OWNS CLINTON DOMINION VOTING SYSTEM MACHINES.CEO DONOR TO BARACK OBAMA,Yes. More.... You Can't Make this up!!!!.. PT 1. Here (https://www.youtube.com/watch?v=ohxGp... Sources: https://www.opensecrets.org/pres08/se... http://staplestreetcapital.com/Team WAKE UP IT'S 1984,2020-11-09T02:51:52Z,432,https://www.youtube.com/watch?v=1L0JvxVE-pI
pLi12TPNGfc,"Update of DEMS Irregular Vote Change using DOMINION Voting System, SMARTMATIC and more.","From Dan Bongino Ep. 1394 highlights FROM THE WASHINGTON  TIMES showing Dems involvement and even Dems Pre Election Concerns THEMSELVES about Manipulated Vote Counting Schemes.


Key players in Vote Corruption range from Chavez Era Venezuela Engineers founding Smartmatic company Deleware Boca Raton.  Bizta, Sequoia, Bain Capital, and the CIA bad players systems called Hammer & Scorecard.  Rumors and Fact of player from Senator friends and staff to George Soros and Bill Gate possible meddling.  LET ALL BE EXPOSED!!


Note to YouTube: Under Dept of Homeland Security Program ""SEE SAY"" If You See Something Say Something Program, I present following videos as SEEING AND SAYING THE FOLLOWING VIDEO information out of concern of Possible Federal Election Fraud and evidence of Crimes. THIS VIDEO IS WITHIN guidelines of SEE SAY protocols OF Homeland Security cautioning lookout for and USE OF BACKPACKS IN concealing THEFT OF PROPERTY or carrying explosives or unlawful tools or materials. CAUTION YOUTUBE: Any Concealing or Restricting ""SEE SAY"" of A CITIZEN OR VOTERS OBLIGATION AND freedom to PUBLICLY  ""SEE SAY"" may be a crime itself. No names identity or faces are exposed in videos due to covid mask use  and no audio.

NOTICE: ALL BACKPACKS SHOWN ""ARE NOT necessarily BAD or CRIMINAL""  but VIDEOS SHOW common sense should RULE THAT NO BACKPACKS BE ALLOWED IN SENSITIVE GOVERNMENT VOTE COUNT AREAS. (Websters definition of BACKPACK include ""load carried on back"" (load of what?), actual Websters example of BACKPACK used in a sentence: ""stuffed her BACKPACK with so many books (or ballots??) that she could barely walk"".",2020-11-17T19:00:02Z,15,https://www.youtube.com/watch?v=pLi12TPNGfc
KuvfeY6nBDI,Dominion voting system,#Dominionvotingsystem #smartmatic,2020-11-14T16:19:35Z,40,https://www.youtube.com/watch?v=KuvfeY6nBDI
LnVjot4mo1E,Sleeping With The Enemy: Dominion Voting Systems Signs Over Their Voting Machine Patents to China,"On September 12, 2018 Donald Trump quietly signed off on an Executive Order in the White House that targeted countries, companies and people who interfered with any US government election - including that of the President. Trump declared this (election interference) as a National Emergency and signed off on it. Until this day the United States is still listed as being under a National Security for voter interference. One of the major penalties for those invioved in voter interference and misleading voters with miscommunication is asset freezes and asset losses. Meaning - if it is true and Dominion Voting Systems interfered with the US Elections the United States Department of Homeland Security could seize their on American soil assets including buildings and equipment. On September 25th, 2019 in a very strange move Dominion Voting Systems signed off all 18 patents to their Voting Machines to China as what was mentioned in the patent transfer as 'collateral'. China must be offering Dominion financing in return for their patents. With this transaction being completed a year ago before the recent US Election - where the performance of Dominion voting machines has come into question - the other concern is - once again did China have anything to do with  the 'rigging' of this latest US Election and will Trump see this as an abuse of Dominion domestic position in running several states ballot handling?

#DominionVoting #Patents #CCP

Related links:

https://www.presidency.ucsb.edu/documents/executive-order-13848-imposing-certain-sanctions-the-event-foreign-interference-united

https://www.conservativebusinessjournal.com/2020-stolen-election-hammer-and-scorecard/

https://www.dailysignal.com/2020/11/09/4-things-to-know-about-voting-machine-company-thats-causing-stir/

https://projectcamelotportal.com/2020/11/13/dominion-voting-systems-patents-given-in-2019-to-china-bank-for-collateral/

Thanks for watching and listening. All the best. Mark @G.A.

Global Agenda Paypal: https://www.paypal.me/GlobalAgenda

Email: globalagendarebound@gmail.com

Please Subscribe to my Social Media Channels and Follow me on Twitter.

Global Agenda on Twitter
https://twitter.com/BD007Marky

@GlobalAgenda on Parler
https://parler.com/profile/GlobalAgenda

GlobalAgenda
https://www.youtube.com/channel/UClwdQ8YQDo9Sx3O8xwp8UJQ

GlobalAgenda II
https://www.youtube.com/channel/UCASoo-Dv5sztEWgts5Nq7EQ

GlobalAgenda@BitChute
https://www.bitchute.com/channel/globalagendabitchute/

GlobalAgenda @ Brighteon
https://www.brighteon.com/channels/globalagenda

Flote.app
https://flote.app/GlobalAgenda

COPYRIGHT DISCLAIMER:
Under Section 107 of the Copyright Act 1976, allowance is made for ""fair use"" for purposes such as criticism, comment, news reporting, teaching, scholarship, and research. FAIR USE is a use PERMITTED by copyright statute that might otherwise be infringing. Non-profit, ''educational'' or personal use tips the balance in favour of FAIR USE.",2020-11-16T18:54:00Z,585,https://www.youtube.com/watch?v=LnVjot4mo1E
FtlSDYPx4kg,"Dominion Voting System fraud.  Eric Coomer, Dominion VP, says sys can CHANGE VOTES after election!!","Democratic senators warn that electronic voting machines are “highly vulnerable to hacking”. GOP election attorney Sidney Powell states that Dominion Voting System can monitor and change votes.
More damning is a clip from 2017 where Eric Coomer, VP of Dominion Voting System is giving a presentation about his Dominion Voting System and he says that their system’s “adjudication system” can alter the votes in real time and after the election.  Combine that with the sizable donation that Dominion made to the Clinton Foundation and other pro-Democrat biases, it does not bode well for American voters.",2020-11-21T21:36:59Z,273,https://www.youtube.com/watch?v=FtlSDYPx4kg
cWZP7QvJn50,&quot;RUDY GIULIANI TALKS ABOUT BATTLEGROUND STATES&quot; - Dominion Voting System and Ballot Fraud - Part 1,"Rudy Giuliani talks about winning the battleground States. After the Dominion Voting System fraud comes out in Court, there will be a tremendous amount of Democrats and other high end people going down for this fraud!

Not only will the Dominion Voting Fraud show proof, but ballot fraud will also be proven!

Oh Joe!  Don't think it's your time!  President Trump will continue to be President of America for another four years!

Wake up America!
Count Every Vote

Enjoy the Video!

Know someone with a birthday coming up?
Check out http://www.awesomebirthdaysong.com and make someone's day!

Visit Channel Pals for all types of channels to anything and everything.
http://www.channelpals.com

Christmas is Coming!

Don't forget to submit your wish list to Santa
http://www.santashake.com

as well as our Christmas 365 Channel
https://www.youtube.com/channel/UCLULvTKnyiKP87XVKgNRIrg

Don't forget to check us out on our other Social Media Sites

https://www.instagram.com/awesomemosewa2020/
https://twitter.com/awesomemosewa20
https://www.tiktok.com/@awesomemosewa",2020-11-15T21:41:11Z,59,https://www.youtube.com/watch?v=cWZP7QvJn50
WoD4e2nJ7Nk,Sidney Powell Uncovering Systemwide Election Fraud With Dominion Voting System,,2020-11-15T06:36:01Z,44,https://www.youtube.com/watch?v=WoD4e2nJ7Nk
ymFFnwB0eZU,&quot;MARIA BARTIROMO AND SIDNEY POWELL INTERVIEW&quot; - Part 1 Dominion Voting Systems Fraud - Election,"Sidney Powell, attorney General Michael Flynn and for the Trump campaign, is vowing to expose voter fraud she believes took place during the presidential election.

Although the Dominion voting systems says there was no foreign interference in the presidential election, Powell says she will soon present “staggering” evidence that will prove otherwise.

This will be enough evidence for the Trump Team to overturn the Election of 2020.

Wake up America!
Count Every Vote

Enjoy the Video!

Know someone with a birthday coming up?
Check out http://www.awesomebirthdaysong.com and make someone's day!

Visit Channel Pals for all types of channels to anything and everything.
http://www.channelpals.com

Christmas is Coming!

Don't forget to submit your wish list to Santa
http://www.santashake.com

as well as our Christmas 365 Channel
https://www.youtube.com/channel/UCLULvTKnyiKP87XVKgNRIrg

Don't forget to check us out on our other Social Media Sites

https://www.instagram.com/awesomemosewa2020/
https://twitter.com/awesomemosewa20
https://www.tiktok.com/@awesomemosewa",2020-11-16T00:19:03Z,5941,https://www.youtube.com/watch?v=ymFFnwB0eZU
yABflAKvBco,EXPOSED!! DOMINION VOTING SYSTEM in States &quot;GLITCHED?&quot; or SWITCH or LOST VOTES make irregularities??,"EXPOSED!! DOMINION VOTING SYSTEM in States ""GLITCH"" SWITCHED VOTES & LOST VOTES IN FAVOR OF BIDEN??
QUESTION EVERYTHING???
THIS VIDEO LINK: https://youtu.be/yABflAKvBco

(Note to YouTube: Under Dept of Homeland Security Program ""SEE SAY"" If You See Something Say Something Program, I present following videos as SEEING AND SAYING THE FOLLOWING VIDEO information out of concern of Possible Federal Election abnormalities or breaking of rules . THIS VIDEO IS WITHIN guidelines of SEE SAY protocols OF Homeland Security cautioning lookout for and USE OF BACKPACKS IN concealing THEFT OF PROPERTY or carrying explosives or unlawful tools or materials. CAUTION YOUTUBE: Any Concealing or Restricting ""SEE SAY"" of A CITIZEN OR VOTERS OBLIGATION AND freedom to PUBLICLY  ""SEE SAY"" may be a crime itself. No names identity or faces are exposed in videos due to covid mask use  and no audio.

NOTICE: ALL BACKPACKS SHOWN ""ARE NOT necessarily BAD or CRIMINAL""  but VIDEOS SHOW common sense should RULE THAT NO BACKPACKS BE ALLOWED IN SENSITIVE GOVERNMENT VOTE COUNT AREAS. (Websters definition of BACKPACK include ""load carried on back"" (load of what?), actual Websters example of BACKPACK used in a sentence: ""stuffed her BACKPACK with so many books (or papers??) that she could barely walk"".",2020-11-11T01:47:08Z,122,https://www.youtube.com/watch?v=yABflAKvBco
_mUXK6ihm9g,Sidney Powell on Dominion voting system,Lou Dobbs does a phone interview with Sidney Powell from the evening of 11/16/2020,2020-11-18T03:47:28Z,47,https://www.youtube.com/watch?v=_mUXK6ihm9g
saVsBcYpcQM,Lou Dobbs 11/12/20 Dominion Voting Systems,,2020-11-13T04:31:25Z,459,https://www.youtube.com/watch?v=saVsBcYpcQM
EO4KDVbgYfs,Did Dominion Voting Systems Cause Widespread Voter Fraud?,"Thank you for watching The Morgan Streetman Show.  Morgan, Roxanne and Pat George discuss everything from world, national and local issues to information from the unknown, and since Morgan is an attorney there probably be a little something from the law.

The Morgan Streetman Show - November 9, 2020

Check us out LIVE every Monday from 10 AM to 11 AM and 5 PM to 6 PM (E.T.) on www.MoneyTalk1010.com

Follow us on Twitter:
Morgan Streetman: twitter.com/mostreetman
Roxanne Wilder: twitter.com/roxannewilder

""We recommend that you exercise your brain at least once a week""

#2020Elections #Fraud #Dominion",2020-11-13T17:30:03Z,45,https://www.youtube.com/watch?v=EO4KDVbgYfs
Ex4hHLwqFJ4,Mark Levin interviews Sidney Powell on Dominion Voting Systems on his Mark Levin Radio Show 11-16-20,"Listen to Mark Levin's full show here: https://www.podbean.com/media/share/dir-5j7jk-c112e98 On Monday's Mark Levin Show, Dominion Voting System was recently profiled by PBS as part of their reporting on making elections more secure. However, Democrats filed multiple lawsuits prior to the election to weaken the safeguards protecting elections in all of the battleground states.

Alex Halderman, a white-hat hacker checking for vulnerabilities, found that glitches in the programs caused candidate names to disappear. There were several systemic issues with the Dominion Voting System that affected the election and they were known at least three weeks prior to the election. Yet, federal judge Amy Totenberg allowed the State of Georgia to use this system anyway even after the vulnerabilities were known and a last-minute patch was issued to repair it.

Then, Federal litigator Sidney Powell calls in to discuss an affidavit from a witness that has come forward to testify of their involvement in using this software to change vote counts in Venezuela and at least one other country. Powell re-iterated that there is plenty of opposition from all sides to end this litigation. Sen.'s Elizabeth Warren (D-MA) and Sen. Ron Wyden (D-KS) have issued letters in the past requesting information on the security of this software.

Powell believes that Dominion Voting System has negatively affected several million votes in favor of Joe Biden. The people attacking the recount are undermining our constitutional system. Those trying to eliminate Trump's due process are showing their fascistic colors.",2020-11-17T14:27:59Z,1694,https://www.youtube.com/watch?v=Ex4hHLwqFJ4
VsnC2kV25lY,Dominion Voting Systems and Election Irregularities,"In this video I talk about Dominion Voting Systems and how it could have caused election irregularities. I also talk about the connection to the Hammer super computer and the Scorecard program. The main stream media and big tech won't let you see this or talk about it. If you had posted the link to the Fox Business video, you would have been banned or the video taken down. Americans are being censored and it's not right.

https://tennesseestar.com/2020/11/10/glitch-prone-dominion-voting-software-used-in-georgia-counties/

https://www.msn.com/en-us/news/politics/republicans-expand-probe-into-dominion-voting-systems-after-michigan-counting-snafu/ar-BB1aOewQ

https://www.politico.com/news/2020/11/04/georgia-election-machine-glitch-434065

https://www.freep.com/story/news/politics/elections/2020/11/06/antrim-county-results-election-2020/6185031002/

https://www.9and10news.com/2020/11/04/antrim-co-clerk-every-vote-will-be-counted-as-cast-despite-early-unofficial-result-error/

https://conservativedailypost.com/evidence-cia-scorecard-and-the-hammer-used-to-alter-election-counting-machines-for-biden/

#electionfraud #voterfraud #stopthesteal",2020-11-10T17:23:55Z,108,https://www.youtube.com/watch?v=VsnC2kV25lY
v5EA0EgLyQg,&quot;SIDNEY POWELL TALKS ABOUT DOMINION VOTING SYSTEMS&quot; - China and Others Are Behind Election Breach,"Sidney Powell talks to everyone about the Dominion Voting Software fraud!  So many Countries are involved in this and all will be released in Court!

Wake up America!
Count Every Vote

Enjoy the Video!

Know someone with a birthday coming up?
Check out http://www.awesomebirthdaysong.com and make someone's day!

Visit Channel Pals for all types of channels to anything and everything.
http://www.channelpals.com

Christmas is Coming!

Don't forget to submit your wish list to Santa
http://www.santashake.com

as well as our Christmas 365 Channel
https://www.youtube.com/channel/UCLULvTKnyiKP87XVKgNRIrg

Don't forget to check us out on our other Social Media Sites

https://www.instagram.com/awesomemosewa2020/
https://twitter.com/maggic_time
https://www.tiktok.com/@awesomemosewa",2020-12-08T18:10:18Z,20,https://www.youtube.com/watch?v=v5EA0EgLyQg
42apP5HIKVg,&quot;Sidney Powell and Maria Bartiromo Interview about Dominion Voting Systems Fraud&quot; - Part 2  Election,"Sidney Powell, attorney General Michael Flynn and for the Trump campaign, is vowing to expose voter fraud she believes took place during the presidential election.

Although the Dominion voting systems says there was no foreign interference in the presidential election, Powell says she will soon present “staggering” evidence that will prove otherwise.

This will be enough evidence for the Trump Team to overturn the Election of 2020.

Wake up America!
Count Every Vote

Enjoy the Video!

Know someone with a birthday coming up?
Check out http://www.awesomebirthdaysong.com and make someone's day!

Visit Channel Pals for all types of channels to anything and everything.
http://www.channelpals.com

Christmas is Coming!

Don't forget to submit your wish list to Santa
http://www.santashake.com

as well as our Christmas 365 Channel
https://www.youtube.com/channel/UCLULvTKnyiKP87XVKgNRIrg

Don't forget to check us out on our other Social Media Sites

https://www.instagram.com/awesomemosewa2020/
https://twitter.com/awesomemosewa20
https://www.tiktok.com/@awesomemosewa",2020-11-16T00:20:53Z,1384,https://www.youtube.com/watch?v=42apP5HIKVg
tqWWdabjyaM,Did Dominion Voting Machine Software [Potentially] Steal The 2020 Election From President Trump?,"DOMINION Voting Systems Machine Software in conjunction with SMARTMATIC and SCYTL have been under a lot of scrutiny over the pass couple days for suspected voter manipulation using their dominion voting machines. In this exclusive video produced by China Observer the viewer will be presented with some little known facts, evidence and sworn testimony from government officials, Dominion Software and Systematic executives on the security of the dominion voting machines used in the 2020 Presidential election between President Donald J Trump and Joe Biden. It has been verified that the Dominion voting systems software has also been all over the world from countries like Venezuela to swing states like Georgia and Michigan in past elections.

DOMINION VOTING SYSTEMS INVESTORS
DOMINION VOTING SYSTEMS STOCK
DOMINION VOTING SYSTEMS SHAREHOLDERS
DOMINION VOTING SYSTEMS OWNERS
DOMINION VOTING SYSTEMS BOARD OF DIRECTORS
DOMINION VOTING SYSTEMS VENEZULA
DOMINION VOTING SYSTEMS JOBS
DOMINION VOTING SYSTEMS CAREERS
DOMINION VOTING SYSTEMS MICHIGAN
DOMINON VOTING MACHINES
DOMINION SOFTWARE OWNER
DOMINION SOFTWARE INVESTORS
DOMINION SOFTWARE LOGO
DOMINION SOFTWARE COMPANY
DOMINION SOFTWARE MANUAL
DOMINION SOFTWARE SIDNEY POWELL
DOMINION SOFTWARE TEXAS
DOMINION SOFTWARE EMPLOYEES
DOMINION SOFTWARE MICHIGAN
DOMINION SOFTWARE SMARTMATIC
SCYTL

For more truth bombs visit us DigiTruth.tv",2020-11-18T23:44:39Z,707,https://www.youtube.com/watch?v=tqWWdabjyaM
c2YtGsPqLR4,"BREAKING - Dominion Voting machine from Ware County, GA Confirms Vote Switching from Trump to Biden",12/04/20,2020-12-05T01:57:31Z,653,https://www.youtube.com/watch?v=c2YtGsPqLR4
qpUcMFplx8w,Breaking Dominion Voting Machine Systems Don&#39;t Testify to Pennsylvania House Committee Election 2020,"The Dr. Nasir Shaikh Show on the Conservative Commandos Radio Network & AUN-TV Friday November 20th, 2020 Show Segment #2

TODAYS SHOW TOPIC:    It's the Romeo & Juliet of Politics.  ""Wherefore Art Thou Dominion Voting Company....Wherefore Art Thou"".  The CEO, CFO, COO and other management officials of the Dominion Voting Systems Company never showed up for their meeting to testify before the Pennsylvania House Committee on Friday.  They are in hiding and not willing to stand up for the integrity of their voting machines and software.

I ask a simple question!  If you have NOTHING TO HIDE, WHY NOT BE TRANSPARENT AS TELL THE ENTIRE WORLD the allegations against your company and it voting machines are all lies.  But Dominion Voting Systems will never do that because their is TRUTH to the allegations being made and President Trumps legal team is in the process of gathering evidence to back up their allegations made against the voting machines built by Dominion as well as the Smartmatic software used to tabulate the votes.

------------------------------------------

The Dr. Nasir Shaikh Show is part of the Conservative Commandos Radio Network & The AUN-TV Broadcasting System in California. It can be heard weekly on The Conservative Commandos Radio Network on our affiliate stations in Jacksonville, Tampa and The Villages, Florida, Las Vegas and Reno, Nevada, Macon, Georgia, Lancaster and Pittsburgh, Pennsylvania, Boulder and Colorado Springs, Colorado, Milwaukee, Wisconsin, Long Beach, California, Arlington, Virginia and Washington, DC.

The Dr. Nasir Shaikh Show can be seen on TV broadcast on the America Uncensored TV Network (AUN-TV) in the following cites in California like San Francisco, San Rafael, Marin, North Bay, San Jose, Silicon Valley, Santa Rosa, Wine Country, Redding, Sacramento, Chico and Monterey. We will soon be in Carson City, Tahoe and Reno, Nevada.

Dr. Nasir brings his own unique style of Reagan Conservative ""Media Talk"" & Trumpian ""Prag-Servatism"" (Pragmatic Conservatism) philosophical approach to everyday topics dealing with issues ranging from ""American Exceptionalism"", Globalism vs Populist Nationalism, Conservatism vs Leftism, Defending the 1st & 2nd Amendments, Promoting Pro-Life, God & Religion in America and sprinkling in Geo-Political world events, Arts & Entertainment along with Sports all the while battling against the Marxist Media Industrial Complex which consists of the Main Stream Media, The Alphabet Networks, The DemoKKKratic State Party Media Cabal, The Elitist Hollywood Hypocrites & Leftwing Academic Institutions.

Our Mission Statement & Purpose for this show is to enlist help of Like-Minded Freedom & Liberty loving patriots who LOVE AMERICA UNCONDITIONALLY.  All of want to be able to pursue ""Life, Liberty and the Pursuit of Happiness. Together we are battling for the ""SOUL"" of this Republic by fighting against the ""Planetary Pandemic Virus"" {PPV} of Academic Postmodernism, Globalism, Marxism, Socialism, Communism, ISIS-ism, Elitism, The Marxist Mainstream Media, The Democratic State Party controlled Alphabet Network Cabal & forces from within the Deep State.  This PPV is sweeping across Europe & has already made it onto our American shores & penetrated deep into our country, our homes, our schools, our colleges & universities,  our children, our workplaces, our places of worship, our government & all every other aspect of our daily lives.

We proclaim with one Common Voice All Lives Matter, All Black Lives Matter, All White Live Matter, All Brown Lives Matter, All Blue Lives Matter, All Colors of Lives Matter & especially All Babies Lives Matter.

We are 1000% Pro-Life, we ""Give Voice to the Voiceless"", ""Defend the Un-Defended"".  We cherish our 1A, Defend & Protect our 2A because as we all know, w/o the 2A we don't have the 1st.

We would be honored if you SUBSCRIBED to our channel & shared our videos with all your friends, family & like minded American patriots.

Thank you
From Dr. Nasir, The Conservative Commandos Radio Network & AUN-TV

Follow Dr. Nasir on Social Media:

Website: https://www.drnasirshaikh.com
Twitter:   https://twitter.com/NasirShaikhShow
Website for Conservative Commandos Radio Network::
http://www.ccrshow.com
FaceBook:  https://www.facebook.com/TheDrNasirSh...",2020-11-22T01:05:26Z,236,https://www.youtube.com/watch?v=qpUcMFplx8w
xpm52DBtkNU,Exposing Dominion Voting Systems Using Excel,"Always do your own research before coming to conclusions. This video is in no way meant to harm or offend any person watching it. We condemn violence against any group especially based on race, gender, orientation, age, disability and immigration status in the strongest sense.

Fact Checking Websites:
https://www.snopes.com/
https://factcheck.org/
https://climatefeedback.org/
https://www.politifact.com/

More Resources:
COVID-19 Factsheet: https://www.afn.ca/wp-content/uploads...
Learn about mail-in voting: https://twitter.com/i/events/13063265...
Learn about election security: https://www.lawfareblog.com/2020-elec...
Learn about facemasks: https://www.nature.com/articles/d4158...",2020-11-21T21:41:46Z,136,https://www.youtube.com/watch?v=xpm52DBtkNU
PucOesJh-4o,Sydney Powell Bombshell - Dominion Voting Systems CORRUPTION,"Sydney Powell Bombshell - Dominion Voting Systems CORRUPTION

Sydney Powell, Donald Trump's election lawyer, and her team have discovered MASSIVE amounts of evidence of widespread voter fraud and election irregularities, all stemming from Dominion Voting Systems!

Please consider following me on my social media accounts.
www.Facebook.com/Conservative.familyman
www.Instagram.com/AaronJenkins1776
www.Twitter.com/TheRealAaronCJ
www.Parler.com/TheRealAaronJenkins
If you would like to donate to help out the channel, it would be very much appreciated.
paypal.me/porchsidepolitics",2020-11-19T20:45:38Z,380,https://www.youtube.com/watch?v=PucOesJh-4o
dk2-0EnUOsY,Must See Sean Hannity Takedown Dominion Voting Systems w/ Powerful Peice f/ Lou Dobbs #MAGA,,2020-11-13T06:20:27Z,316,https://www.youtube.com/watch?v=dk2-0EnUOsY
Fv56SBjqzm8,Georgia Senate Runoff Dominion Voting Returns Go NUTS -- Live Returns,"Sorry that this isn't better quality, but I had to grab it from the Internet Archive because Twitter deleted it from a User's Twitter page even though he took the video himself.


Please watch it three or four times, each time looking at the live update of the different returns. There are 8 returns being listed here in all: Dem/Repub at the State level (four returns) and Dem/Repub for Fulton County.


These types of rapid changes could NEVER happen if the returns were being uploaded the way Dominion claims, with each precinct brings a thumb drive containg that precinct's tabulatoions to a central location.


But I'll let you view and you can follow up for yourselves.


H/T to @JamesRoss on Twitter.",2021-01-15T02:00:02Z,119,https://www.youtube.com/watch?v=Fv56SBjqzm8
XfrZZydzXhw,Sidney Powell discussing  D-o-m-i-n-i-o-n V-o-t-i-n-g Machine Software,Sidney Powell discussing  D-o-m-i-n-i-o-n V-o-t-i-n-g Machine Software a potential proof of vote tally cheating,2020-11-11T18:43:15Z,2222,https://www.youtube.com/watch?v=XfrZZydzXhw
IbqNLx1KXDw,Joe Oltmann Discusses Dominion Voting Systems and Antifa Communications with Gateway Pundit,"Joe Oltmann discussed his shocking findings on the Dominion Voting Systems and his Antifa Communications.  This is a shocking report!

https://www.thegatewaypundit.com/2020/11/report-anti-trump-dominion-voting-systems-security-chief-participating-antifa-calls-posted-antifa-manifesto-letter-trump-online/",2020-11-16T14:27:44Z,26309,https://www.youtube.com/watch?v=IbqNLx1KXDw
hMNylTmmH1s,Dominion Voting System is a Trojan Horse from Chinese Communist Party. We need to fight back! MAGA!,Dominion Voting System is a Trojan Horse from Chinese Communist Party. We need to fight back! MAGA!,2020-11-23T12:00:16Z,46,https://www.youtube.com/watch?v=hMNylTmmH1s
Pzp8Bx3oc4o,The Holt Report | Rudy Giuliani | Dominion Voting System | Whistle Blowers,New evidence about the Dominion Voting System and representatives turning states evidence about how the fraud occurred.,2020-11-11T18:53:11Z,117,https://www.youtube.com/watch?v=Pzp8Bx3oc4o
6GR5ldkcG8I,&quot;MARIA BARTIROMO INTERVIEWS SIDNEY POWELL&quot; - Part 3 - Dominion Voting Systems Fraud,"Sidney Powell, attorney General Michael Flynn and for the Trump campaign, is vowing to expose voter fraud she believes took place during the presidential election.

Although the Dominion voting systems says there was no foreign interference in the presidential election, Powell says she will soon present “staggering” evidence that will prove otherwise.

This will be enough evidence for the Trump Team to overturn the Election of 2020.

Wake up America!
Count Every Vote

Enjoy the Video!

Know someone with a birthday coming up?
Check out http://www.awesomebirthdaysong.com and make someone's day!

Visit Channel Pals for all types of channels to anything and everything.
http://www.channelpals.com

Christmas is Coming!

Don't forget to submit your wish list to Santa
http://www.santashake.com

as well as our Christmas 365 Channel
https://www.youtube.com/channel/UCLULvTKnyiKP87XVKgNRIrg

Don't forget to check us out on our other Social Media Sites

https://www.instagram.com/awesomemosewa2020/
https://twitter.com/awesomemosewa20
https://www.tiktok.com/@awesomemosewa",2020-11-16T00:23:20Z,98,https://www.youtube.com/watch?v=6GR5ldkcG8I
1y83Cd2dKCQ,Dominion Voting Machine in Real Time Flipping Votes #2,Think there is no proof of the Dominion voting machines flipping 20K votes at a clip… in real time… right before the public’s eyes?  See for yourself.,2020-11-17T18:01:04Z,693,https://www.youtube.com/watch?v=1y83Cd2dKCQ
tE0aRAZDcjE,Sean Hannity 11/12/20 Dominion Voting System #StopTheSteal #MAGA,,2020-11-13T05:55:33Z,216,https://www.youtube.com/watch?v=tE0aRAZDcjE
VvcpJjIrVOw,Clinton Foundation and Dominion Voting Systems,"In this video I talk about the Clinton Foundation and Dominion Voting Systems. Dominion Voting Systems donated $2,250,000 to the Clinton foundation. Thank you for watching.

https://www.clintonfoundation.org/clinton-global-initiative/commitments/delian-project-democracy-through-technology",2020-11-17T12:42:54Z,30,https://www.youtube.com/watch?v=VvcpJjIrVOw
hFpWc4FLrnU,Dominion Voting Machines Online Access Proof,"""Then you will know the truth, and the truth will set you free.""
John 8:32

--

A whistleblower reached out with footage filmed of the Dominion Election Management System inside an ele
).
As you will see in the video, the whistleblower initially discusses with a Dominion employee about who holds the BIOS password and it is discovered that the STATE is keeping the password - not Dominion, and not the county.
Later, the whistleblower asks the Dominion employee about connectivity and whether or not the machines can be connected to the internet...",2021-08-03T15:21:18Z,24,https://www.youtube.com/watch?v=hFpWc4FLrnU
guTyil46GH4,DOMINION VOTING SYSTEM TO DEFEAT TRUMP IN ELECTION,"MR ERIC COOMER WAS  ANTIFA LOVER AND TRUMP HATERS. HE WAS IN CHARGE OF DOMINION VOTING SYSTEM. AS A  VICE PRES. HE MADE SURE TRUMP DOESNT WIN. - FELONY CASE:  VICE PRES. ERIC COOMER , DENVER , COLORADO",2020-11-22T09:12:48Z,26,https://www.youtube.com/watch?v=guTyil46GH4
9BphC2BL-Ag,Truth Behind Dominion Voting Systems Fraud Plus Million MAGA March Watch Till End! *News USA*,"This Video Is An Effort To Reach As Many MAGA Supporters To Tell Them What The President Wont. The Million MAGA March Is Today 11/14/2020, Hopefully Violence Does Not Ensue.",2020-11-14T18:04:37Z,40,https://www.youtube.com/watch?v=9BphC2BL-Ag
ctDs1qVN65M,&quot;CIA DIRECTOR HASPEL SHOULD BE FIRED&quot; - Dominion Voting Systems Fraud,"CIA Director Haspel Should Be Fired For Ignoring Warnings About ""Rotten"" Dominion Voting.  All of this should have been addressed a long time ago instead of letting the Democrats try to run the table.  Not in office, they still tried to run the tables on the Republicans but you know what?

President Trump will drain the swamp and all will be in prison soon!!!

Wake up America!
Count Every Vote

Enjoy the Video!

Know someone with a birthday coming up?
Check out http://www.awesomebirthdaysong.com and make someone's day!

Visit Channel Pals for all types of channels to anything and everything.
http://www.channelpals.com

Christmas is Coming!

Don't forget to submit your wish list to Santa
http://www.santashake.com

as well as our Christmas 365 Channel
https://www.youtube.com/channel/UCLULvTKnyiKP87XVKgNRIrg

Don't forget to check us out on our other Social Media Sites

https://www.instagram.com/awesomemosewa2020/
https://twitter.com/awesomemosewa20
https://www.tiktok.com/@awesomemosewa",2020-11-16T08:04:39Z,85,https://www.youtube.com/watch?v=ctDs1qVN65M
nuSesGvq8es,2020 Most Secure Election? Dominion Voting Systems &amp; SmartMatic works with DHS? - Lou Dobbs 11/17/20,"Just in from President Trump: ""The recent statement by Chris Krebs on the security of the 2020 Election was highly inaccurate, in that there were massive improprieties and fraud - including dead people voting, Poll Watchers not allowed into polling locations, “glitches” in the voting machines which changed votes from Trump to Biden, late voting, and many more. Therefore, effective immediately, Chris Krebs has been terminated as Director of the Cybersecurity and Infrastructure Security Agency."" - President Trump Tweet 11/17/20",2020-11-18T01:16:59Z,223,https://www.youtube.com/watch?v=nuSesGvq8es
VZzVuwDe2D4,Episode 1113 - Dominion Voting Machines Connected To Internet? +,"Source:
https://www.spreaker.com/user/lokiluckiii/episode-1113-dominion-voting-machines-co

Done a brief rant & narrated these articles:
* Billy's Cancer Treatments
https://www.gofundme.com/f/billy039s-cancer-treatments
* Poll Challenger, Dominion Contractor Say Voting Machines in Detroit Were Connected to Internet
https://www.theepochtimes.com/poll-challenger-dominion-contractor-say-voting-machines-in-detroit-were-connected-to-internet_3597825.html
* Revenge
https://americanfreepress.net/revenge/

Music Credit:
* TeknoAxe - High Tech Suspense
http://teknoaxe.com/Link_Code_3.php?q=1181&genre=Intro

Contact:
* LokiLuck3@gmail.com
* LokiLuck03@protonmail.com

Donations @ https://paypal.me/LokiLuck3ev",2020-12-01T01:22:51Z,29,https://www.youtube.com/watch?v=VZzVuwDe2D4
vym5N3_M4Jc,Sidney Powell Exposes The Dominion Voting System Software Providing Proof To Wide Spread Voter Fraud,"Former New York Mayor and attorney Rudy Giuliani held a Press Conference together with attorney Sidney Powell to clear up a lot different things concerning the lawsuits filed post US Election - as irregularities in the Trump / Biden election have been revealed.

They explaining the origin of Dominion - that were created on the order of the former President of Venezuela Hugo Chavez.

Powell talks about close ties between Dominion leadership to both George Soros and the Clinton Foundation.

#domion #voterfraud #2020elections",2020-11-20T09:32:54Z,34,https://www.youtube.com/watch?v=vym5N3_M4Jc
7j7V1Uldbg4,&quot;SIDNEY POWELL WILL PROVE FRAUD&quot; - Part 5 - Dominion Voting Systems - Overturn the Election of 2020,"Sidney Powell, attorney General Michael Flynn and for the Trump campaign, is vowing to expose voter fraud she believes took place during the presidential election.

Although the Dominion voting systems says there was no foreign interference in the presidential election, Powell says she will soon present “staggering” evidence that will prove otherwise.

This will be enough evidence for the Trump Team to overturn the Election of 2020.

Wake up America!
Count Every Vote

Enjoy the Video!

Know someone with a birthday coming up?
Check out http://www.awesomebirthdaysong.com and make someone's day!

Visit Channel Pals for all types of channels to anything and everything.
http://www.channelpals.com

Christmas is Coming!

Don't forget to submit your wish list to Santa
http://www.santashake.com

as well as our Christmas 365 Channel
https://www.youtube.com/channel/UCLULvTKnyiKP87XVKgNRIrg

Don't forget to check us out on our other Social Media Sites

https://www.instagram.com/awesomemosewa2020/
https://twitter.com/awesomemosewa20
https://www.tiktok.com/@awesomemosewa",2020-11-15T21:24:41Z,96,https://www.youtube.com/watch?v=7j7V1Uldbg4
VOaGDITEvVU,Fontgate how the Dominion voting system tricked you with a font: by The Revolution Televised,"https://www.youtube.com/c/TheRevolutionTelevised?sub_confirmation=1
^^^CLICK THIS LINK TO SUBSCRIBE TO OUR CHANNEL^^^
At the request of Pennsylvania they asked the Dominion voting system executives for a straight ticket vote option where you could vote straight Republican or Democrat ticket.  But President Trump was listed in the Repubiican Party, so he would not get any votes on a straight Republican ticket vote.  That's because the Dominion voting system using the Arial font would replace the capital I as you can see here, instead of the lower case l you also see here.  A simple misspelling explains how so many Republicans won in voting districts that Trump lost in........The Democrats almost got away with this one.
To see more videos like this please subscribe here and click on the notification bell. And visit us on the web at www.TheRevolutionTelevised.com to see restricted videos not available to the general public and to purchase merchandise and gear to show your support for the Conservative movement and President Donald Trump.",2020-11-23T14:10:09Z,278,https://www.youtube.com/watch?v=VOaGDITEvVU
iL-z5Y0lojo,One America News Investigates: &#39;Dominion-izing&#39; the Vote,"How compromised was the 2020 election? Dominion Voting Systems, which is used in 29 states, has had a history of problems. Stolen laptops, “switched” votes, Clinton ties, Antifa CEOs, undeniable data... Join OAN’s Chanel Rion for this exclusive investigation. Exclusive interviews with Rudy Giuliani, Sidney Powell & hackers who break down Dominion’s shocking vulnerabilities.



Tune in Saturday, Nov. 21st & Sunday, Nov. 22nd at 10 p.m. ET / 7 p.m PT -- only on One America News!



Visit us at:

Tired of censorship from other social media platforms? Join us on Free Talk
Free Talk is OANs new social platform.
Users can post, chat and connect with other members.
It allows Free Speech at home, on the go and anywhere in the world, No SHADOWBANNING!
https://freetalk.app


Website: https://www.oann.com
Facebook:
https://www.facebook.com/OneAmericaNewsNetwork
Twitter: https://twitter.com/OANN
Instagram:
https://www.instagram.com/one_america_news_

KlowdTV:
Watch OAN Live on KlowdTV subscription prices start at $4.99 /mo
https://klowdtv.com",2020-11-17T15:02:18Z,32049,https://www.youtube.com/watch?v=iL-z5Y0lojo
VTty3treJr0,"The Dominion Voting Systems, brief introduction &amp; and investors behind it","The video is from a research report of Fan Matisse.

https://link.medium.com/lHOqtDRPwbb

You are welcome to share but do respect copyright and cite the original sources and credit Fan Matisse.

There’s no intention to make a profit out of the research.

The truth should always prevail and if there’s nothing to hide behind the investors of Dominion Voting Systems, why there’s no open information of who actually invested in the company, instead the real investors are hiding behind the private equity firm, The Staple Street Capital.

There’s no coincidence.

Joe Biden is from Delaware.

Staple Street Capital is registered in Delaware.

🤔🤔🤔🤔🤔🤔🤔🤔🤔🤔",2020-11-19T01:57:07Z,43,https://www.youtube.com/watch?v=VTty3treJr0
urAnXdwdH2k,&quot;Dominion Voting Systems&quot; - Part 4 - Sidney Powell Has Evidence to Prove Fraud to Overturn Election,"Sidney Powell, attorney General Michael Flynn and for the Trump campaign, is vowing to expose voter fraud she believes took place during the presidential election.

Although the Dominion voting systems says there was no foreign interference in the presidential election, Powell says she will soon present “staggering” evidence that will prove otherwise.

This will be enough evidence for the Trump Team to overturn the Election of 2020.

Wake up America!
Count Every Vote

Enjoy the Video!

Know someone with a birthday coming up?
Check out http://www.awesomebirthdaysong.com and make someone's day!

Visit Channel Pals for all types of channels to anything and everything.
http://www.channelpals.com

Christmas is Coming!

Don't forget to submit your wish list to Santa
http://www.santashake.com

as well as our Christmas 365 Channel
https://www.youtube.com/channel/UCLULvTKnyiKP87XVKgNRIrg

Don't forget to check us out on our other Social Media Sites

https://www.instagram.com/awesomemosewa2020/
https://twitter.com/awesomemosewa20
https://www.tiktok.com/@awesomemosewa",2020-11-15T21:23:46Z,26,https://www.youtube.com/watch?v=urAnXdwdH2k
UJrvDdEKveE,Sidney Powell on Lou Dobbs talking about Dominion Voting Machines and prosecute of 2020 voter fraud,,2020-11-14T10:58:45Z,5728,https://www.youtube.com/watch?v=UJrvDdEKveE
t_AncYkygBM,&quot;DOMINION VOTING SYSTEMS FRAUD&quot; - Part 3 - Sidney Powell Presents Staggering Evidence of Fraud,"Sidney Powell, attorney General Michael Flynn and for the Trump campaign, is vowing to expose voter fraud she believes took place during the presidential election.

Although the Dominion voting systems says there was no foreign interference in the presidential election, Powell says she will soon present “staggering” evidence that will prove otherwise.

This will be enough evidence for the Trump Team to overturn the Election of 2020.

Wake up America!
Count Every Vote

Enjoy the Video!

Know someone with a birthday coming up?
Check out http://www.awesomebirthdaysong.com and make someone's day!

Visit Channel Pals for all types of channels to anything and everything.
http://www.channelpals.com

Christmas is Coming!

Don't forget to submit your wish list to Santa
http://www.santashake.com

as well as our Christmas 365 Channel
https://www.youtube.com/channel/UCLULvTKnyiKP87XVKgNRIrg

Don't forget to check us out on our other Social Media Sites

https://www.instagram.com/awesomemosewa2020/
https://twitter.com/awesomemosewa20
https://www.tiktok.com/@awesomemosewa",2020-11-15T21:22:25Z,26,https://www.youtube.com/watch?v=t_AncYkygBM
ngQAKIwObJQ,SYNCRETISM SOCIETY - EP 58 - Archaix and the Simulacrum- Part 3- LIVE &amp; Taking Calls,"Become a part of The Syncretism Society Virtual Academy.
Today is the day to reclaim your life and your sovereignty!
Take back the Truth!
Join us now and relearn with many other like-minded Syncretists.
https://www.syncretismsociety.com/become-a-member
https://www.syncretismsociety.com/


We greatly appreciate your donations! To continue to support the Grand Rise of the Syncretism Academy please use our new PayPal, https://www.paypal.com/paypalme/SyncretismSociety?locale.x=en_US

**If possible when making your donation please send it via “Friends and Family” not “Goods and Services”.**


Join us on Instagram for daily updates: https://www.instagram.com/syncretismsociety/",2022-07-03T01:10:32Z,6416,https://www.youtube.com/watch?v=ngQAKIwObJQ
mQGZaiNb2oQ,Most Censored Report by NewsMax Blows the Lid Off Dominion Voting Machine Hack,"Get a Free Satellite Phone Here: https://freesatphone.joshwhotv.com  - ✅Please Help Support the Channel: https://mytipjar.org/SeekingTheTruth or https://www.paypal.com/cgi-bin/webscr?cmd=_donations&business=ts@seekingthetruth.info&item_name=Tip¤cy_code=USD&bn=PP%2dDonationsBF

Join my Free Speech Social Network, that is way better than Parlor and has lots of down to earth people: https://loop.joshwho.net/share/Qu_na2NZKNS9FWro?utm_source=manual
💻 Fastest Web Hosting with 30 day Trial JoshWho Hosting https://JoshWho-Hosting.net
📻Listen to JoshWho Radio https://www.joshwhoradio.net/

💻 Replace Windows OS for free with JoshWho OS and get your privacy back. https://www.joshwho.net/joshwho-os/

💻50% Off Coupon for Life Torguard VPN Promo code: truth101
💻Torguard Offshore No Logs VPN Services: https://goo.gl/iBDGTj

#SeekingTheTruth
My YouTube Channel:  https://www.youtube.com/seekingthetruth101

#seekingTheTruth Podcast: http://www.joshwhoradio.net/directory/joshwho-seekingthetruth-podcast/

Find me on
JoshWho TV: https://www.joshwhotv.com/channel/SeekingTheTruth
Steemit: https://steemit.com/@truthseeker101
Bitchute: https://www.bitchute.com/channel/seekingthetruth/
Loop: https://loop.joshwho.net/members/837095
Minds: https://www.minds.com/SeekingTheTruth101

Copyright Disclaimer Under Section 107 of the Copyright Act 1976, allowance is made for ""fair use"" for purposes such as criticism, comment, news reporting, teaching, scholarship, and research. Fair use is a use permitted.
""Fair Use"" guidelines: www.copyright.gov/fls/fl102.html

VIdeo is also protected under Section 230
Section 230 of the Communications Decency Act of 1996 (a common name for Title V of the Telecommunications Act of 1996) is a landmark piece of Internet legislation in the United States, codified at 47 U.S.C. § 230. Section 230(c)(1) provides immunity from liability for providers and users of an ""interactive computer service"" who publish information provided by third-party users.",2020-11-14T04:06:35Z,762,https://www.youtube.com/watch?v=mQGZaiNb2oQ
1wsS-DU1u3o,Electoral Fraud? Dominion Voting machine!!! 🗳,please Like share and subcribe to keep expose the FRAUD.,2020-11-16T05:03:02Z,48,https://www.youtube.com/watch?v=1wsS-DU1u3o
UuPx7vr5psk,"Nan Su Presents New Dominion Voting Info, General Vallely Provides An Insider Perspective","Nan Su begins the show talking about the Dominion Voting System's parent company Staple Street Capital's reception of $400 million dollars from Swiss Bank UBS, while the majority ownership of UBS happens to be the CCP.

Amy reminds everyone that she had met the young lady whose diary she had read and who she was asked to denounce.  The girl had let her inside her house after sharing a quote from a book they both knew.

The Shanghai Caring Committee had found out that Ling had had a baby with her boyfriend Ling, but left the baby on a beach hoping someone would rescue the child, only to find out the child had been washed away and died.  Ling was being accused with murder.

Old Chen had asked Ling in an interrogation to sign a paper accusing her boyfriend of rape. Old Chen also required Ling to have sex with him.  In exchange she was told her and her boyfriend would eventually be released and transferred to a different location.

Amy struggled to convince Ling not to take her own life.  Amy mentions how many suicides meant to protest their conditions had no effect.  Amy talks to her about believing in some kind of creator who gives life a purpose.  Amy warns her about the imminent denunciation and offers to talk to Old Chen.  When she talks to Old Chen, he cancels the meeting and moves Ling to another village.

40 years later, Amy went back for a reunion.  She finds out Ling had eventually died in a mental hospital. Lee had been released 20 years later, but had lost everything.  Another girl had escaped to Hong Kong and became a human rights attorney. She had collected the many stories of what really happened.  Amy thought they should consult the victims.

Nan introduces the sound bite of General Flynn discussing how fast Communist China has moved to become the sole global superpower.  He believes their disappointment with the 2016 US election caused them to seek influence in the 2020 elections.  He asks how we can accept a voting system that is not domestic.  He explains that ""The Kracken"" referred to by Sydney Powell is the Military Intelligence Battalion who has identified China, Iran and Russia as being involved with US vote manipulation.  He describes how special forces seized servers in Frankfurt Germany.

Bill Graff finds it disturbing that US mainstream media has not reported on any of this.  Amy mentions that her friends in other countries are asking about these things, but no one knows about it in the US.

Nan mentions how strange it is that US media does not cover this topic.  He wants to know why no one would care if Chairman Xi possibly chooses the US president.  Nan introduces General Vallely.

General Vallely explains that from the reports he has been able to receive and what he has heard in D.C., when you connect the dots, these voting machines have been manipulated to change the votes. Nan asks how it is possible to change what are supposed to be secure votes.  General Vallely says, ""It's called hacking.""  He describes a web of deceit, fraud and treason to steal the election.

Amy asks about William Bar's conclusion that there is no widespread fraud. General Vallely explains that the Department of Justice and FBI are corrupt, citing the Russian collusion hoax as an example.  The General mentions that Bars actual statement was that they did not have evidence ""so far"".  General Vallely describes the Department of Justice, the FBI and the CIA as politically corrupt.  He suggests the divisions are so great in the US we are headed toward a civil war.

Bill Graff asks how the General ""as a military guy"" sees this whole situation.  The General describes how many people in the giant bureaucracy of the pentagon are not loyal to the constitution.  However, many generals, admirals and special forces in particular are supportive of the president.

Billy asks if we are in danger of being taken over by the CCP.  General Vallely describes how the CCP is moving ""on all fronts"", pointing out how aggressively they are acting across the board.

Nan asks about why the voting machines is connected to the internet and even counted in servers outside the country.  The General confirms the situation ""as far as I know"".  He point out the ""tragedy"" of what happened to General Flynn.  The General thinks the ""Democratic Socialist Party"" is corrupt and a Biden administration is unacceptable.

Billy asks if we can monitor what Chinese hackers are trying to do to us.  The General suggests that we absolutely can, but we have been very lax, leading the the theft of a lot of technology.  He feels we have become more proficient recently, though it is a lot of work...

China Über Alles is a weekly radio show airing Thursdays 2PM - 4PM Pacific Time on KSCO Talk Radio - Santa Cruz, CA.

Visit http://ChinaUberAlles.com to listen to our show live and sign up for our informational newsletter.

#China #Decoupling #CCP",2020-12-04T12:09:41Z,25,https://www.youtube.com/watch?v=UuPx7vr5psk
2TsGILjQhlE,Eric Coomer Dominion VP saying that their voting system can change votes on the fly and after the vo,"Eric Coomer, VP of Dominion Voting System is giving a presentation about his Dominion Voting System and he says that their system’s “adjudication system” can alter the votes in real time and after the election.  Combine that with the sizable donation that Dominion made to the Clinton Foundation and other pro-Democrat biases, Antifa and others, it does not bode well for American voters.",2020-12-28T18:46:06Z,78,https://www.youtube.com/watch?v=2TsGILjQhlE
TJyOjPz_Y1M,How Dominion Voting Machines Work,,2020-12-10T11:15:24Z,23,https://www.youtube.com/watch?v=TJyOjPz_Y1M
eTqiaGyDX58,Evidence of Dominion VOTE FRAUD in COLORADO,It happened here too.,2020-12-08T07:40:49Z,24355,https://www.youtube.com/watch?v=eTqiaGyDX58
QqwdwIejnKo,Mr. Lindell talked about how dominion voting system stolen the president election,The New Federal State of China will broadcasting the event the will hold in July to review how the hackers from China hacked the election result.,2021-06-17T22:47:03Z,26,https://www.youtube.com/watch?v=QqwdwIejnKo
MXLdRtAZ1ds,Voter Fraud and Dominion Voting Machines. 🙅‍♂️🥷,Not my President! Proof of Evil 🦹‍♂️,2020-11-25T17:57:48Z,24,https://www.youtube.com/watch?v=MXLdRtAZ1ds
c8cUO2ug_kQ,Those Dominion voting software systems changed more votes than Vladimir Putin ever did,,2020-11-15T12:11:20Z,70,https://www.youtube.com/watch?v=c8cUO2ug_kQ
5k5R1IapDpQ,US Elections: Does the Dominion voting software have ties to Clinton Foundation and Nancy Pelosi,"US Elections: Does the Dominion voting software have ties to Clinton Foundation and Nancy Pelosi
Join me on telegram: https://t.me/davepartnermedia
Get your business courses: https://braintem.org

Importation course:
Level 1: https://braintem.org/courses/2
Level 2: https://braintem.org/courses/3

Youtube course:
For mobile:  https://braintem.org/courses/5
For Mobile and Laptops: https://braintem.org/courses/4

Software Programming Course: https://braintem.org/courses/7
Web development course: https://braintem.org/courses/9

As poll workers tallied votes from the U.S. presidential election, many social media users interpreted a clerk’s error in a small, Republican-leaning Michigan county as vote-rigging because it wrongly favored Joe Biden before being fixed.

A week later, that misinterpreted mistake has snowballed into a deluge of false claims that Democrats have deep ties to Dominion Voting Systems, the company that supplies election equipment to Michigan and dozens of other states nationwide.

Claims that House Speaker Nancy Pelosi, California Sen. Dianne Feinstein and the Clinton Foundation have interest or influence in Dominion are all unsubstantiated. But that didn’t stop tens of thousands of social media users from amplifying them on Facebook, Twitter and Instagram this week.
donald trump,trump,2020 election,speaker pelosi,dominion voting,dominion voting software,cnn dominion voting software,latest news,happening now,cnn,politics,president donald trump,us news,lawsuits,nancy pelosi george stephanopoulos interview,nancy pelosi good morning glitch,hillary clinton,2020 election night,2020 election debate highlights",2020-11-12T09:09:29Z,4044,https://www.youtube.com/watch?v=5k5R1IapDpQ
c38ZOp1vWLs,"800,000 votes deleted among 2.1M from Dominion voting system in 14 counties, Pennsylvania",,2020-11-15T02:58:18Z,9,https://www.youtube.com/watch?v=c38ZOp1vWLs
ACpNtBnBCLY,"Dominion Voting Systems: CHINESE SUPPLIERS, acquired company w/ suspected ties to HUGO CHAVEZ","Today we're going over the 15 years of security concerns surrounding Dominion Voting Systems and two other voting infrastructure manufacturers.

We're also diving into a company acquisition Dominion made in 2010 - they purchased a company that had been under scrutiny by U.S. investigators for suspected ties to the Venezuelan dictator, Hugo Chavez.


IF YOU LOVE MY WORK:

Please consider donating to keep me a journalist: https://thenomanzone.com/index.php/donate/

Read all of my articles: https://thenomanzone.com/index.php/nomanslandarticles/

Find me on Twitter: https://twitter.com/coangelaramirez

Support our Facebook page: https://www.facebook.com/thenomanslandEP",2020-11-12T18:58:21Z,118,https://www.youtube.com/watch?v=ACpNtBnBCLY
AK9LgRvvPJQ,Trump Team Exposes How Dominion Voting Machines REALLY work,,2020-12-11T04:25:35Z,29,https://www.youtube.com/watch?v=AK9LgRvvPJQ
MsCpjqMjNnQ,ANTIFA Dominion Employee GOES MISSING!,"Eric Coomer, VP Executive at Dominion Voting Systems is nowhere to be found after making anti-Trump posts on his social media page and admitting voter fraud.The criminals are FLEEING THE SCENE #StoptheSteal #DominionVotingSystems",2020-11-22T14:03:03Z,3219,https://www.youtube.com/watch?v=MsCpjqMjNnQ
ccAFvw7XYV4,Dominion vote machine TrumanBlack thedonald.win 1 American News Network Edison Research Larry Rosin,[REDACTED],2020-11-15T01:52:03Z,291,https://www.youtube.com/watch?v=ccAFvw7XYV4
58ZoytowdAE,Dominion Voting Systems Exposed During The American 2020 Election,"Dominion voting systems continues to hide and keep silent after being questioned if there was any voter fraud during the American 2020 Election.

#dominion #2020election #america",2020-11-28T12:09:31Z,70,https://www.youtube.com/watch?v=58ZoytowdAE
v4xQMQN6BUM,Dominion vs Lindell MyPillow Lawsuit for $1.3 Billion over Election Claims,"MyPillow CEO Mike Lindell is facing a new lawsuit from Dominion Voting Systems of 2020 election claims. Dominion is claiming that Mike Lindell knew his statements about the election were false, but he continued to promote fraudulent statements for his own capital gain.

• Founder and CEO of MyPillow Mike Lindell facing new lawsuit from Dominion Voting Systems for $1.3 billion
• Filed in U.S. District Court for the DC Circuit, we review the new lawsuits

Full LIVE stream here: https://www.youtube.com/watch?v=QmJ1HCZLvZs

#WatchingtheWatchers #MyPillowLawsuit #MyPillow #dominion #dominionvoting #voterfraud #DominionVotingSystems #Lindell #MikeLindell #fradulentstatements

Connect with us:
• Locals! https://watchingthewatchers.locals.com
• Podcast (audio): https://watchingthewatchers.buzzsprout.com/
• Facebook: https://www.facebook.com/robertgruleresq
• Rumble: https://rumble.com/c/RobertGrulerEsq
• BitChute: https://www.bitchute.com/channel/m2WJcVReGpCv/
• Gab TV: https://tv.gab.com/channel/RobertGrulerEsq
• Homepage with transcripts: https://www.watchingthewatchers.tv​
• Miss Faith: https://www.instagram.com/faithie_joy/
• NEW! Now on Clubhouse: @RobertGrulerEsq @faith_joy

Don't forget to join us on Locals! https://watchingthewatchers.locals.com​

Head over to Locals to continue the conversation before and after the show. You can also grab the slides (and other stuff) from the show as well as a free PDF copy of Robert’s book which is also available to buy on Amazon here: https://rcl.ink/hHB​

The firm can be reached at:
R&R Law Group, PLLC.
5111 N. Scottsdale Road, Suite 275.
Scottsdale, AZ 85259
Phone: (480) 787-0394
www.rrlawaz.com tips@rrlawaz.com (these go to Robert)

📞 We offer FREE case evaluations. Call today (480) 787-0394 to schedule!

⚠ Disclaimer! Please remember that this video is for analytical and informational purposes only. Watching content on this channel does not create an attorney-client relationship. Robert's views are not the views of the firm.

🙏 Thank you for watching, subscribing and sharing!",2021-02-23T05:05:14Z,7033,https://www.youtube.com/watch?v=v4xQMQN6BUM
cSwC_qe3eyQ,&quot;DOMINION VOTING SOFTWARE&quot; - Sidney Powell and Maria Bartiromo Interview - Election Fraud,"Sidney Powell, attorney General Michael Flynn and for the Trump campaign, is vowing to expose voter fraud she believes took place during the presidential election.

Although the Dominion voting systems says there was no foreign interference in the presidential election, Powell says she will soon present “staggering” evidence that will prove otherwise.

This will be enough evidence for the Trump Team to overturn the Election of 2020.

Wake up America!
Count Every Vote

Enjoy the Video!

Know someone with a birthday coming up?
Check out http://www.awesomebirthdaysong.com and make someone's day!

Visit Channel Pals for all types of channels to anything and everything.
http://www.channelpals.com

Christmas is Coming!

Don't forget to submit your wish list to Santa
http://www.santashake.com

as well as our Christmas 365 Channel
https://www.youtube.com/channel/UCLULvTKnyiKP87XVKgNRIrg

Don't forget to check us out on our other Social Media Sites

https://www.instagram.com/awesomemosewa2020/
https://twitter.com/awesomemosewa20
https://www.tiktok.com/@awesomemosewa",2020-11-16T04:59:17Z,105,https://www.youtube.com/watch?v=cSwC_qe3eyQ
jSqTPYEbMDE,Trump Still Believes!!! Dominion Voting Systems Laid Bare,Trump still believes. Dominion voting systems is laid bare in this video. Trump is pursuing several legal avenues and Dominion has been caught. They will be exposed in court and it will be a serious problem for those who perpetuated this fraud.,2020-11-22T10:30:03Z,52,https://www.youtube.com/watch?v=jSqTPYEbMDE
wYQI3C-7rp0,PROOF: Dominion Voting Machines flipped 1000s of votes from Trump to Biden!,"Remember the AP does not certify election results...

These machines look like the perfect way to establish and manage puppet governments around the world hmmm...

#election
#Trump2020
#ItsTimeToConcede

https://twitter.com/LouDobbs/status/1327024215887851521?s=20",2020-11-13T18:15:41Z,177,https://www.youtube.com/watch?v=wYQI3C-7rp0
d2-PZ09X5xk,How Dominion &quot;ADJUDICATED&quot; Ballots,"An election supervisor in Georgia, Misty Martin, demonstrated how Dominion Voting Systems allows votes to be changed manually, a process known as “adjudication”.

The system can adjudicate all scanned ballots, even blank ones,  without leaving a trace.

The ballots adjudication started weeks before election.
This means ballots were opened before Election Day, allegedly in violation to the state's law.

Coffee County in Georgia has refused to certify its election results, citing issues with the Dominion software.",2020-12-14T22:19:18Z,10847,https://www.youtube.com/watch?v=d2-PZ09X5xk
po2QLLgLyLc,Dominion Voting Systems shared office is INCUBATOR for radical left-wing organizations,"►Help support our independent journalism: http://www.HelpRebelNews.com
Keean Bexte continues to dig into the connections between Dominion Voting System and far-left organizations that share an office with the supposedly non-partisan elections company.
FULL REPORT from Keean Bexte: https://rebelne.ws/35QS39m

Rebel News: Telling the other side of the story. https://www.rebelnews.com for more great Rebel content.

Unlike almost all of our mainstream media competitors, Rebel News doesn’t receive any government funding. We rely on our generous audience to help keep us reporting. Please consider supporting Rebel News by making a donation, purchasing a RebelNews+ subscription, shopping in our online store, or any of the other methods below:

►Support our independent journalism - https://rebelne.ws/donation
► Donate in cryptocurrency - http://rebelne.ws/crypto
►Make a donation through PayPal - https://rebelne.ws/paypal
►Rebel News Plus  - Become a Premium Content subscriber - https://rebelne.ws/plus
►BUY Rebel News gear - https://rebelne.ws/store
►LISTEN to our FREE podcast - https://rebelne.ws/podcast

Make sure to follow Rebel News on social media too!
FACEBOOK - https://rebelne.ws/fbook
TWITTER - https://rebelne.ws/twitter
INSTAGRAM - https://rebelne.ws/Instagram

An original video production by Rebel News.

#RebelNews #KeeanBexte #DominionVotingSystems #OpenSocietyFoundations #GeorgeSoros #RadicalLeft #Toronto #Election #ElectionFraud #USElection",2020-11-20T23:15:11Z,78218,https://www.youtube.com/watch?v=po2QLLgLyLc
7R1eWkPZPUY,Dominion Voting Machines CEO said their machines &quot;are not connected to the internet.&quot; He lied.,"Dominion Voting Machines CEO John Poulos said their machines ""are not connected to the internet.""

But Dominion's own training manual says they are connected to the internet.


Why did Poulos lie about this?


#stopthesteal",2021-03-07T00:58:19Z,73,https://www.youtube.com/watch?v=7R1eWkPZPUY
HOVT5GOeHJY,The Dominion Machine Voter Scandal.,"The Dominion Voting System.

A Company that had been Reported to Count the votes for the presidential election turns out to be the same voting system used 15 years ago in another voting scandal. since then their names have changed the company has built a different reputation only to come short with this result that nothing has changed.
Writer's Note:
I often wonder how long has the presidential voting system been manipulated?
My second question is how many people in the past have had the potential to be your president and could have been a great president?

#TruthWarriors
#DominiinVoterFruad",2020-11-14T19:20:00Z,15,https://www.youtube.com/watch?v=HOVT5GOeHJY
u8lM2AkMNyY,Sidney Powell with Eric Bolling on the accuracy of Dominion voting machines 1,,2020-11-15T21:58:56Z,156,https://www.youtube.com/watch?v=u8lM2AkMNyY
lSewrCeF6JM,9▪Dominion Voting • E Coomer says we can change the votes,Eric Commer from Dominion  DVS,2020-11-18T00:53:06Z,205,https://www.youtube.com/watch?v=lSewrCeF6JM
WZepqpeeSz0,Dominion Voting Machines and Voter Fraud Allegations,"Were electronic voting machines, like Dominion Voting Machines and ES&S, involved in voter fraud? For years, experts have warned that voting machines have security vulnerabilities, a kill chain that could suffer from hacking. And the Trump campaign alleges that a lack of election security resulted in widespread voter fraud and election fraud. Three main companies supply 80% of the country’s voting machines and vote counting machines: Election Systems & Software or ES&S, Dominion Voting, and Hart InterCivic  And they're used in many swing states, like Georgia. The Georgia vote is now in a recount. Will other recounts of ballots happen? What will a Trump lawsuit achieve? And will the Trump Supreme Court might grant him the recount he wants? Find out on America Uncovered!

SUPPORT US:
Patreon.......►https://www.patreon.com/americauncovered

SOCIAL:
Parler: @AmericaUncovered
Facebook...► https://www.facebook.com/usuncovered
Instagram..► https://www.instagram.com/americauncovered
Twitter........► https://twitter.com/USUncovered

#dominion
 dominion voting systems",2020-11-17T19:00:03Z,154075,https://www.youtube.com/watch?v=WZepqpeeSz0
mNEDpJVxIco,The 2020 Election Heist: How the Democrats and Dominion Voting Systems stole the presidency,"#dominionvotingsystems #hammer #scorecard #trump #biden

Subscribe to my channel for more content:
https://www.youtube.com/channel/UCttDE2h54h5xuYZ_GetuzXw

The media does not get to decide elections. The voters do, and not the dead ones that voted for Biden in #Pennsylvania, #Georgia, #Nevada, and #Michigan.

See you at the Supreme Court.",2020-11-08T20:19:25Z,1128,https://www.youtube.com/watch?v=mNEDpJVxIco
1Xcah1dHEdI,Dominion voting fubar,"Dominion voting fubar, This is me reviewing some information that Glenn Beck released on his show. It's pretty interesting. All of Glenn Becks clips are own totally by him, this is simply a opinion of the information he released.",2020-11-18T08:40:59Z,18,https://www.youtube.com/watch?v=1Xcah1dHEdI
h1cY6ZaCH6g,&quot;Glitch&quot; Heard Around the World: Dominion Voting Software Switched/Erased Millions of Trump&#39;s Votes!,"When the President says, ""Wait until you see what's coming!"", one has to ask themselves if he's talking about the rampant voter fraud and intimidation seen across this country. Is it the backdating or was it the vans of ballots that showed up across this country at zero-dark-thirty? While these historic instances of fraud played a large role, the bigger picture lays within the irregularities caused by Dominion voting software. The Democrats foresaw their own destiny when they predicted Amy Coney Barret would end Biden as the Supreme Court WILL have no choice but to review this evidence.

Checkmate!

Thank you for watching and enjoy the show!

Show Notes: https://www.americanreveille.com/glitch-heard-around-the-world-notes

Please follow me on Parlor at - http://ow.ly/QNma50AwfEg

Please like and follow me on Facebook - http://ow.ly/uwTu50zvkTU

Please follow me on Twitter - http://ow.ly/i4nO50zvkON

Listen to the ARP on Spotify - http://ow.ly/gOON50zPya7

Listen to the ARP on Apple Podcasts - http://ow.ly/Nlsw50zvkUT

Listen to the ARP on Google Podcasts - http://ow.ly/rvTE50A7g7u

Listen to the ARP on iHeartRADIO - http://ow.ly/eDYB50A7gc8

Listen to the ARP on Tune In / Alexa - http://ow.ly/QOH650A7gdc

Listen to the ARP on Stitcher - http://ow.ly/ZlLT50A7gev

Listen to the ARP on Podcast Addict - http://ow.ly/9DDh50A7gg0

Listen to the ARP on Podchaser - http://ow.ly/iSsY50A7gh9

Listen to the ARP on Deezer - http://ow.ly/cDP950A7gmk

Please follow me on LinkedIn - http://ow.ly/x8Xc50zvkOh

Please subscribe on Youtube - http://ow.ly/XqVA50zvkWv

Please follow me on Instagram - http://ow.ly/1jWI50zvkZS

Please visit the American Reveille Podcast website - http://ow.ly/EerK50zvl0A",2020-11-11T05:53:20Z,1782,https://www.youtube.com/watch?v=h1cY6ZaCH6g
fBixWXuVdHM,Sidney Powell 11/15/20 w/ Eric Bolling Dominion Voting Machines,,2020-11-18T03:45:24Z,136,https://www.youtube.com/watch?v=fBixWXuVdHM
3g_WTCAV6Ks,Dominion Voting System,"This morning, #BKP discusses the Dominion Voting Lawsuits. Who all is Dominion Suing? Are they trying to take down Mike Lindell's company? #BKP also discusses the need for Brad Raffensperger to turn in his Republican Card. Will Brian Kemp ask him to? What say you?

8 AM Just click  https://fyntv.net/
#BKPpolitics with #BKP #AnythingGoes
BKP's Opinion on Local, State and National news and also Politics Monday through Friday.
At anytime contact BKP at 706-889-9700 or Chief@FetchYourNews.com
Thank you for tuning in and watching! Comment and Like below!",2021-02-24T16:24:31Z,16,https://www.youtube.com/watch?v=3g_WTCAV6Ks
5oNqq6DpLf4,11/24/20 Dominion Voting System and Sidney Powell talks about court beginning in GA,Lou Dobbs interviews Sidney Powell about Dominion voting system and what is going on currently in GA. She is most likely filing for court tomorrow! #SidneyPowell #Dominionsoftware #Dominionvoting #Georgia,2020-11-25T04:32:00Z,144,https://www.youtube.com/watch?v=5oNqq6DpLf4
bOU-fRfi9pU,Sidney Powell says she&#39;s ready to release the Kraken on Dominion Voting Systems,"This week,

Brushfiremind.locals.com  Join our community and engage with like-minded conservatives.
Facebook: https://www.facebook.com/BrushFireMind/
Twitter: https://twitter.com/brushfiremind
BFM Site: http://brushfiremind.com/

The Brush Fire Mind is a Veteran Owned project established against all enemies of the United States, foreign and domestic.

Our Mission is:
Examine contemporary issues as true conservatives.
Read and discuss comic books, film, television, literature, classic rock, heavy metal, and real man art.
Beer, meat, whiskey, coffee, cigars, guns, and all of the other things that make manliness equally awesomeness.
Expose the modern GOP republican party for the squishy liberal beta males that they are.
Expose the enemy left for the regressive tyrants that they are.

HARASSMENT NOTICE
It is not my intention to cause the original video publisher to receive any kind of harassment or abuse. My intention is to provide a counter-argument to claims they have made in a civil and courteous manner. While I have no control over the feedback you choose to provide, I’d kindly ask that you avoid any forms of harassment or abuse. Thanks!
FAIR USE NOTICE
This video may contain copyrighted material; the use of which has not been specifically authorized by the copyright owner. We are making such material available for the purposes of criticism, comment, review, and news reporting which constitute the 'fair use' of any such copyrighted material as provided for in section 107 of the US Copyright Law. Notwithstanding the provisions of sections 106 and 106A, the fair use of a copyrighted work for purposes such as criticism, comment, review, and news reporting is not an infringement of copyright.
#STOPTHESTEAL #Dominion #DominionVotingSystems",2020-11-18T01:22:13Z,403,https://www.youtube.com/watch?v=bOU-fRfi9pU
DzavT9ArkZc,&quot;SIDNEY POWELL PRESENTS EVIDENCE OF FRAUD&quot; - Part 2 - Election 2020 Fraud - Dominion,"Sidney Powell, attorney General Michael Flynn and for the Trump campaign, is vowing to expose voter fraud she believes took place during the presidential election.

Although the Dominion voting systems says there was no foreign interference in the presidential election, Powell says she will soon present “staggering” evidence that will prove otherwise.

This will be enough evidence for the Trump Team to overturn the Election of 2020.

Wake up America!
Count Every Vote

Enjoy the Video!

Know someone with a birthday coming up?
Check out http://www.awesomebirthdaysong.com and make someone's day!

Visit Channel Pals for all types of channels to anything and everything.
http://www.channelpals.com

Christmas is Coming!

Don't forget to submit your wish list to Santa
http://www.santashake.com

as well as our Christmas 365 Channel
https://www.youtube.com/channel/UCLULvTKnyiKP87XVKgNRIrg

Don't forget to check us out on our other Social Media Sites

https://www.instagram.com/awesomemosewa2020/
https://twitter.com/awesomemosewa20
https://www.tiktok.com/@awesomemosewa",2020-11-15T21:20:55Z,26,https://www.youtube.com/watch?v=DzavT9ArkZc
-dUvx3SwRDI,Dominion Vote Counting System Audit,,2022-05-31T21:11:14Z,21,https://www.youtube.com/watch?v=-dUvx3SwRDI
fj9Cp1UCdpE,"Eric Coomer/Dominion Updated GA Software Weeks Before Election, Biden Lead Shrinks in AZ","Several new election-related updates, including news of former Dominion executive and Antifa supporter Eric Coomer updating voting machines in Georgia several weeks before the election.

UFM Underwear
Visit https://ufmunderwear.com/ and Use Promo Code DREW to receive $6 off!

Stay connected with Drew and find news commentary here: https://www.drewberquist.com
————————————
Follow Me On:
————————————
PARLER: https://parler.com/profile/RealDrewBerquist/posts
TWITTER: https://twitter.com/drewberquist
FACEBOOK: https://www.facebook.com/drewtberquist

Donate to the show:
https://www.paypal.com/donate?hosted_button_id=CF57P82PYVKWC",2020-11-25T22:00:08Z,15365,https://www.youtube.com/watch?v=fj9Cp1UCdpE
YCrcSjQHNXg,Sydney Powell: How the Landslide Broke the Fraud Algorithm of the Dominion Voting Machines,"The following clip from attorney Sydney Powell’s press conference is a good explanation of what happened on #Election Day. It ties several elements of the complex voter fraud operation that was perpetrated on the American people.

President Trump’s electoral victory was such a landslide, it broke the fraud algorithm the Democrats were relying on through the #Dominion voting machines. It was supposed to flip votes from Trump to Biden in a way no one would notice and to fake a smooth win for Biden that wouldn’t raise red flags. Makes sense!

But it was a landslide for President Trump and it broke their algorithm. At that point the #Fraudocrats activated their Plan B and began dumping mail-in ballots. But they needed time to find out how many and where. Hence the counting stoppage (unheard of in previous elections). The statistical analysis shows the spikes matching this scenario as well. Notice all these spikes happened in the contested states only!

The operators of this fraud figured out (or so they thought) how many mail-in ballots they needed to fabricate and to work they went. Luckily for us we are now finding out how sloppy they were and how much evidence they left behind.

Unfortunately investigations like this take time and this is what the #Fraudocrats are counting on.

To some people this narrative might seem unlikely. Yet no one until now has offered a better investigative analysis of how the election fraud was executed.

The now confirmed seizure of Dominion servers in Germany by US Special Forces is absolutely unprecedented. Had the mainstream media been honest, it would be all over the news. But it isn’t since the media is part of the globalist cabal trying to take down Donald Trump and America.

This will be an uphill battle because whether it ends up in front of a judge or state electors to decide the outcome of the elections, they are all human beings who are influenced by lies or truth. If they aren’t informed of what went on and they don’t have access to the evidence, they will be inclined to go along with giving the election to Biden so as to avoid civil unrest. Which means they will be bullied into it.

Let’s hope this doesn’t go down this way but it might be prudent to prepare for the worst. After witnessing how the globalists were able to shut down the whole world over a “pandemic” with over 99% survival rate for the average person, it’s safe to conclude that anything is possible for the globalist cabal.

The full press conference can be seen here https://youtu.be/F1mJQiKIqH8",2020-11-21T15:42:13Z,653,https://www.youtube.com/watch?v=YCrcSjQHNXg
RfzqmqhBA1Q,CEO of Overstock Patrick Byrne Weighs in on the Dominion Election Steal,"CEO of Overstock Patrick Byrne Weighs in on the Dominion Election Steal.
Patrick Byrne, who founded Overstock.com and has led a highly successful life as an entrepreneur and observer of facts, including cyber-security issues. In this interview, he shares what he has discovered about the Dominion system voting system.

GET YOUR TRUMP2020 GEAR AT OUR STORE: https://JohnMarkNielsen.com/trump2020

@FreedomForumUSA
PLEASE NOTE: for those who cannot link back to our YouTube page (this is an unresolved YouTube issue) here is the link to the rest of our videos: https://www.johnmarknielsen.com/freedom-forum-video-collection/
You can help keep Freedom Forum AD-FREE in the following ways:
DONATE: https://paypal.me/truenorthambition
LIKE LifeVerse Books on Facebook - https://www.facebook.com/LifeVerseBooks to receive our Daily Deals list of FREE Inspirational Kindle eBooks.
SUBSCRIBE to LifeVerse Books: https://www.lifeversebooks.org/subscribe/ (to receive the Daily Deals by email.
Professional and affordable Web design/webmaster Services: https://webdesign.truenorthambition.com",2020-11-25T16:54:17Z,17417,https://www.youtube.com/watch?v=RfzqmqhBA1Q
1fJtsY7yPHo,Sidney Powell 11/11/20 #StopThe Steal Dominion System #HoldTheLine,,2020-11-11T15:56:49Z,13099,https://www.youtube.com/watch?v=1fJtsY7yPHo
gBfOJG1bFzI,Dominion Software owner Nick Ikonomakis,"Applications that are pending as well as patents that have already been granted by the united states patent and trademark office (uspto)

Dominion Patent Number - 9870666
Inventors - John Poulos, James Hoover, Nick Ikonomakis, Goran Obradovic

A system,method and computer program for tabulating  votes and creating an audit trail is provided. A ballot processing device may include a paper feed machine  mechanism, a computer, a ballot processing application loaded onto the computer  and a digital scanning device  link to the computer. the ballot processing  application may process digital image  to establish a series of processing results defining one or more vote results for the paper ballot  and also an audit trail. The ballot processing application  may process the digital image to define the  voting results based on criteria established by the election officials, including ambiguous mark criteria. the audit trail enables election officials to verify that particular paper ballots have been processed correctly in accorance with these criteria.

type - grant
Filed - may 3, 2012
date of patent - January 16, 2018
Assignee - Dominion Voting Systems, Inc.
Inventors - John Poulos, James Hoover, Nick Ikonomakis, Goran Obradovic

Also Esnos is as bad as dominion more info on them to come
#foxnews #cnn #msnbc #abc #nbc #cbs #skynews #tyt #oan #rsb #bbc
Staple Street Voter Fraud Investigation p5 An investigation into SEC filings has revealed that the firm which owns Dominion Voting Systems received $400 million dollars from a Swiss bank with close links to the Chinese government less than a month before the election.

The investigation centers on Staple Street Capital, which acquired Dominion Voting Systems in 2018.

Dominion Voting Systems operates voting machines in 28 states and has been accused by President Trump and his supporters of being involved in deleting millions of votes for Trump in addition to switching votes to Biden on election night.

“On Oct 8, 2020, Staple Street Capital filed SEC Form D offerings and sales amount of $400,000,000 with the Sales Compensation Recipient identified as UBS Securities,” states the investigation, which also notes that another payment of $200,000,000 was received in December 2014.

“UBS Securities is a Swiss investment bank which owns 24.99% of UBS Securities Co LTD, a Chinese Investment Bank. The remaining 75% of UBS Securities CO LTD is owned by the Chinese government,” states the report.

The overall owners of UBS Securities Co LTD are;

– Beijing Guoxiang (33%)
– UBS (24.99%)
– Guangdong Comm. Group [zh] (14.01%)
– China Guodian (14%)
– COFCO Group (14%)

Aside from UBS, the other four owners of UBS Securities are all Communist Chinese front groups.

Beijing Guoxiang is a state owned asset.

Guangdong Comm. Group 100% stakeholder is the Guangdong Provincial Government.

China Guodian is state owned enterprise administered for the SASAC for the state Council

COFCO Group is a state owned enterprise under the direct supervision of the SASAC.

SASAC The State-owned Assets Supervision and Administration Commission of the State Council (SASAC) is a special commission of the People’s Republic of China, directly under the State Council.

The revelation that Dominion Voting Systems has financial ties to the Chinese government via UBS Securities will bolster claims by Trump supporters that foreign actors working on behalf of Communist China may have sought to meddle in the presidential election to help Joe Biden.

Other connections between Dominion Voting Systems and the Chinese government have also emerged in recent weeks, including the company’s Core Infrastructure Manager of Information Technology, Andy Huang, who previously worked for China Telecom, which is “wholly run by the Chinese government,” reported the National Pulse.

View the full document batch here: 1 – 2 – 3 – 4 – 5

Editor’s Note: A previous version of this article incorrectly credited a particular research firm for performing this investigation. That information was erroneous, and this article has been updated to correct that. We apologize for the confusion.

#cnn #foxnews #msnbc",2020-12-04T21:42:52Z,168,https://www.youtube.com/watch?v=gBfOJG1bFzI
tsuKoAPsROg,White Hat Hacker ~ Dominion Voting Interrelationships China and Iran?,"Dominion Voting Systems’ server connected to China and Iran, affidavit claims, A former military intelligence analyst claims to have “unambiguous evidence” that the Dominion Voting Systems servers were both accessible to and compromised by rogue actors like Iran and China thanks to digital forensic analysis.
Investigation in to any possible election fraud, voter fraud, in Georgia, Michigan, Arizona, Pennsylvania, to see foreign actors meddling in the United States 2020 election. Dominion server, with Smartmatic voting system together influence may have changed votes.",2020-12-08T02:47:01Z,76,https://www.youtube.com/watch?v=tsuKoAPsROg
Er4KWrP1oRs,Dominion Voting shares office with far-left George Soros linked group,"►Help support independent journalism: http://www.HelpRebelNews.com
Update: After publication of this news story, Tides Canada contacted us by email. They state they moved out of the office building at 215 Spadina Avenue last year, although their name remains in the building door entry system and on the building's directory of tenants.

Tides Canada also told us that they do not receive or disburse “cash” from George Soros. In fact, the Tides Foundation (the parent of Tides Canada) has received more than $22 million from Soros foundations.

Keean Bexte visits the Toronto headquarters of Dominion Voting Systems to try and ask some questions about the organization's involvement in the 2020 American election.
FULL REPORT from Keean Bexte: https://rebelne.ws/3f76zNv

Rebel News: Telling the other side of the story. https://www.rebelnews.com for more great Rebel content.

Unlike almost all of our mainstream media competitors, Rebel News doesn’t receive any government funding. We rely on our generous audience to help keep us reporting. Please consider supporting Rebel News by making a donation, purchasing a RebelNews+ subscription, shopping in our online store, or any of the other methods below:

►Support our independent journalism - https://rebelne.ws/donation
► Donate in cryptocurrency - http://rebelne.ws/crypto
►Make a donation through PayPal - https://rebelne.ws/paypal
►Rebel News Plus  - Become a Premium Content subscriber - https://rebelne.ws/plus
►BUY Rebel News gear - https://rebelne.ws/store
►LISTEN to our FREE podcast - https://rebelne.ws/podcast

Make sure to follow Rebel News on social media too!
FACEBOOK - https://rebelne.ws/fbook
TWITTER - https://rebelne.ws/twitter
INSTAGRAM - https://rebelne.ws/Instagram

An original video production by Rebel News.

#RebelNews #KeeanBexte #DominionVotingSystems #Smartmatic #USElection2020 #ElectionFraud #StapleStreetCapital #JohnPoulous",2020-11-17T23:15:12Z,198394,https://www.youtube.com/watch?v=Er4KWrP1oRs
tvy8SPpwOhM,2022 06 25 Connecting Consciousness,"www.simonparkes.org

Telegram:
https://t.me/simon_parkes

Parler:
https://parler.com/profile/SimonParkes/

Bitchute Channel:
https://www.bitchute.com/simon_parkes/

Youtube:
https://www.youtube.com/simonparkes",2022-06-25T21:13:05Z,151718,https://www.youtube.com/watch?v=tvy8SPpwOhM
mBOU5yjwwRI,Georgia Still Using Fraudulent Voting System DOMINION For 2020 Senate Runoff,"This voting system was created in Venezuela to allow Chavez to rig elections. The voting system allows for USB port tinkering, ballot editing, and
ballot deletion.",2020-12-19T20:31:39Z,58,https://www.youtube.com/watch?v=mBOU5yjwwRI
noZNQMRqXx4,"Dominion Voting Machines Found Connected to Internet in Fulton County, Georgia","Dominion Voting Machines Found Connected to Internet in Fulton County, Georgia
Dominion Voting Systems, which maintains electronic voting machines in Fulton County, Georgia were found to be connected to the internet in real time. CNN did a report in 2017 on how Dominion Voting machines if connected to the internet could be at the risk of hackers. #DominionNet Full Story below.
We watched hackers break into voting machines: Aug 11, 2017 https://youtu.be/HA2DWMHgLnc
Georgia election official outlines how state chose Dominion Voting Systems: Nov 30, 2020 https://youtu.be/cIEuYflHuTc
Need More Evidence? Other evidence https://hereistheevidence.com/
Find me John Reon on these platforms.
https://youtu.be/QQvqeTOXTOk
https://parler.com/profile/JohnReon
https://www.facebook.com/TheTrueSource/
https://twitter.com/RealJohn919
https://rumble.com/c/John919
https://www.bitchute.com/channel/john919/",2020-12-31T01:26:31Z,3583,https://www.youtube.com/watch?v=noZNQMRqXx4
r9bjwBSfEBE,"Seized Servers Grab of Dominion, Scytle ~ Does Trump have them?","Voter fraud, election fraud, dominion voter machines changed votes, scytl voting machines changes votes, there will be no certification or certify and election in the states. Investigation in to Dominion voter machines located in Toronto  Canada. Major voter interference in the United States. Mayor Rudy Giuliani, and Sidney Powell, Presidents Trumps attorney are investigating the alleged crime.
 in the 2020 United states election,Trump may have dominion  foreign owned company, Dominion-based theft "" Foreign"" interference in Canada, Scytl voter fraud company, Spain,  server in Spain. Voter fraud interference in the united states election of 2020

Agent Dominion Voting Systems through a so-called “glitch”, now GreatGameIndia has found involvement of another dubious foreign company in US Election meddling. The votes cast by Americans were counted by a bankrupted Spanish company Scytl in Spain. Like Dominion Voting Systems, Scytl has a long history of election fraud in various nations including injecting backdoors in its election software",2020-11-17T22:13:46Z,249,https://www.youtube.com/watch?v=r9bjwBSfEBE
Je83y6T5Akk,"68% Error Rate for Dominion Voting Systems In Antrim County, Michigan","Link To Full Audit: https://www.9and10news.com/content/uploads/2020/12/Antrim_Michigan_Forensics_Report_121320_v2_REDACTED.pdf
Link to The SF News: https://www.thesfnews.com/
Link to The Canyon News: https://www.canyon-news.com/
Thank you for reading the San Francisco and Canyon News, the only unbiased newspapers in all of California.",2020-12-14T23:13:23Z,313,https://www.youtube.com/watch?v=Je83y6T5Akk
qub2mClm8l8,Rudy Giuliani  confirmed whistleblowers from Dominion have come forward,"Help Us TAKE DOWN The Liberal Media With Our Free Pro-Trump App
https://ilovemyfreedoms.com/optin7ekmnppn

Socials:
facebook.com/pg/trendingpoliticsdotcom
twitter.com/Trend_Politics
instagram.com/trendingpolitics
www.twitter.com/ILMForg",2020-11-11T17:13:45Z,32507,https://www.youtube.com/watch?v=qub2mClm8l8
j-n__SBTvbs,Breaking Trump Election 2020 Michigan Legislature Hearing Fraudulent Votes Dominion Voting Machines,"The Dr. Nasir Shaikh Show on the Conservative Commandos Radio Network & AUN-TV Tuesday December 1st, 2020 Show Segment #2

TODAYS SHOW TOPIC:    Explosive testimony from witnesses speaking at   Michigan State Legislature showing video of Dominion employee downloading data on USB drive as well as another eyewitness  sworn testimony account in Michigan that all military ballots she saw looked like Xerox Copies and all were for Joe Biden.

Another eye witness in Michigan whose sworn testimony said she was a Dominion Voting Company trained  ""IT"" Contractor and she saw that people in charge of vote tabulation were re-scanning and counting ballots 8-10 times over and over again and these ballots were all for Joe Biden.

Col. Waldron is now saying that they have proof and evidence that ""traffic and packets"" of election vote data were sent to Frankfort, Germany!!!!


The Dr. Nasir Shaikh Show is part of the Conservative Commandos Radio Network & The AUN-TV Broadcasting System in California. It can be heard weekly on The Conservative Commandos Radio Network on our affiliate stations in Jacksonville, Tampa and The Villages, Florida, Las Vegas and Reno, Nevada, Macon, Georgia, Lancaster and Pittsburgh, Pennsylvania, Boulder and Colorado Springs, Colorado, Milwaukee, Wisconsin, Long Beach, California, Arlington, Virginia and Washington, DC.

The Dr. Nasir Shaikh Show can be seen on TV broadcast on the America Uncensored TV Network (AUN-TV) in the following cites in California like San Francisco, San Rafael, Marin, North Bay, San Jose, Silicon Valley, Santa Rosa, Wine Country, Redding, Sacramento, Chico and Monterey. We will soon be in Carson City, Tahoe and Reno, Nevada.

Dr. Nasir brings his own unique style of Reagan Conservative ""Media Talk"" & Trumpian ""Prag-Servatism"" (Pragmatic Conservatism) philosophical approach to everyday topics dealing with issues ranging from ""American Exceptionalism"", Globalism vs Populist Nationalism, Conservatism vs Leftism, Defending the 1st & 2nd Amendments, Promoting Pro-Life, God & Religion in America and sprinkling in Geo-Political world events, Arts & Entertainment along with Sports all the while battling against the Marxist Media Industrial Complex which consists of the Main Stream Media, The Alphabet Networks, The Democratic State Party Media Cabal, The Elitist Hollywood Hypocrites & Leftwing Academic Institutions.

Our Mission Statement & Purpose for this show is to enlist help of Like-Minded Freedom & Liberty loving patriots who LOVE AMERICA UNCONDITIONALLY.  All of want to be able to pursue ""Life, Liberty and the Pursuit of Happiness. Together we are battling for the ""SOUL"" of this Republic by fighting against the ""Planetary Pandemic Virus"" {PPV} of Academic Postmodernism, Globalism, Marxism, Socialism, Communism, ISIS-ism, Elitism, The Marxist Mainstream Media, The Democratic State Party controlled Alphabet Network Cabal & forces from within the Deep State.  This PPV is sweeping across Europe & has already made it onto our American shores & penetrated deep into our country, our homes, our schools, our colleges & universities,  our children, our workplaces, our places of worship, our government & all every other aspect of our daily lives.

We proclaim with one Common Voice All Lives Matter, All Black Lives Matter, All White Live Matter, All Brown Lives Matter, All Blue Lives Matter, All Colors of Lives Matter & especially All Babies Lives Matter.

We are 1000% Pro-Life, we ""Give Voice to the Voiceless"", ""Defend the Un-Defended"".  We cherish our 1A, Defend & Protect our 2A because as we all know, w/o the 2A we don't have the 1st.

We would be honored if you SUBSCRIBED to our channel & shared our videos with all your friends, family & like minded American patriots.

Thank you
From Dr. Nasir, The Conservative Commandos Radio Network & AUN-TV

Follow Dr. Nasir on Social Media:

Website: https://www.drnasirshaikh.com
Twitter:   https://twitter.com/NasirShaikhShow
Website for Conservative Commandos Radio Network::
http://www.ccrshow.com
FaceBook:  https://www.facebook.com/TheDrNasirSh...",2020-12-02T00:32:51Z,147,https://www.youtube.com/watch?v=j-n__SBTvbs
0F_g-eKY1QI,"2020 Election Software Fraud: Dominion, Hammer &amp;  Scorecard Rigging Election","Evidence of the dominion voting software used in over half of the states being used with The Hammer and Scorecard program to rig the election for Biden, flipping republican votes to democrats. Sidney Powell of the Trump team is now publicly claiming on mainstream TV that the Hammer and Scorecard program was used to flip votes for Biden, along with the Dominion voting software which has been caught doing just that on multiple occasions in Michigan. Dominion's shady ties with the Clinton Foundation and establishment democrat insiders is touched on, with evidence of vote count flipping stealing votes from republican senator to give them to democrat opponent in Kentucky is documented as well. Voting machine problems, 'errors' and 'glitches' were also widely reported all across the country on election night, and there are numerous occasions where 100% of large chunks of ballots were all being counted for Biden. The evidence of fraud continues to mount, and electronic rigging seems to be playing a major key part in the steal.


Companion post with links & additional related info: https://hive.blog/hive-122315/@jasonliberty/2020-electronic-fraud-dominion-hammer-and-scorecard-rigging-election
 All my work and research is on my blog: https://hive.blog/@jasonliberty

BitChute channel: https://www.bitchute.com/channel/XFrEynwNR21M/

Bitcoin Donations: 3NvDtqUYrT7SuRFF6J21kquaaXSTs1iosB
Support my work & spread the message of peace with a T-shirt at the same time: https://teespring.com/stores/peace-products",2020-11-09T17:38:19Z,1190,https://www.youtube.com/watch?v=0F_g-eKY1QI
FHIqRzUJcGA,&quot;Xavier Khouri&quot; Dominion owner &quot;Nick Ikonomakis&quot;  - voter fraud videos,"https://youtu.be/Iw5muLNhkLc  thats all his personal info publicly available to anyone. phone number adresses and so on
#Foxnews #Cnn #MSNBC #Tucker #breakingnews #XavierKhouri




An investigation into SEC filings has revealed that the firm which owns Dominion Voting Systems -received $400 million dollars from a Swiss bank with close links to the Chinese government less than a month before the election.

The investigation centers on Staple Street Capital, which acquired Dominion Voting Systems in 2018.

Dominion Voting Systems operates voting machines in 28 states and has been accused by President Trump and his supporters of being involved in deleting millions of votes for Trump in addition to switching votes to Biden on election night.

“On Oct 8, 2020, Staple Street Capital filed SEC Form D offerings and sales amount of $400,000,000 with the Sales Compensation Recipient identified as UBS Securities,” states the investigation, which also notes that another payment of $200,000,000 was received in December 2014.

“UBS Securities is a Swiss investment bank which owns 24.99% of UBS Securities Co LTD, a Chinese Investment Bank. The remaining 75% of UBS Securities CO LTD is owned by the Chinese government,” states the report.

The overall owners of UBS Securities Co LTD are;

– Beijing Guoxiang (33%)
– UBS (24.99%)
– Guangdong Comm. Group [zh] (14.01%)
– China Guodian (14%)
– COFCO Group (14%)

Aside from UBS, the other four owners of UBS Securities are all Communist Chinese front groups.

Beijing Guoxiang is a state owned asset.

Guangdong Comm. Group 100% stakeholder is the Guangdong Provincial Government.

China Guodian is state owned enterprise administered for the SASAC for the state Council

COFCO Group is a state owned enterprise under the direct supervision of the SASAC.

SASAC The State-owned Assets Supervision and Administration Commission of the State Council (SASAC) is a special commission of the People’s Republic of China, directly under the State Council.

The revelation that Dominion Voting Systems has financial ties to the Chinese government via UBS Securities will bolster claims by Trump supporters that foreign actors working on behalf of Communist China may have sought to meddle in the presidential election to help Joe Biden.

Other connections between Dominion Voting Systems and the Chinese government have also emerged in recent weeks, including the company’s Core Infrastructure Manager of Information Technology, Andy Huang, who previously worked for China Telecom, which is “wholly run by the Chinese government,” reported the National Pulse.",2020-12-01T19:15:16Z,1114,https://www.youtube.com/watch?v=FHIqRzUJcGA
Iu0XMvMTIUc,Dominion Contractor says Democrats took EVERY Avenue Possible to Commit Fraud for Joe Biden,"Melissa Carone, a contractor who worked with Dominion Voting System at Detroit’s TCF Center, testified at the Michigan Senate Committee hearing on Tuesday.

MILLION VIEW VIDEO - https://youtu.be/wQN0stFPySU

Joe Biden talks about Donald Trump and his Brain Gives Out
https://youtu.be/aUpgHlLiSow

Joe Biden EVENT gets Literally ZERO Supporter Turnout in Arizona 😂😂😂
https://youtu.be/LudFURJdPy8

Joe Biden RALLY draws HOW many People in New Hampshire?? 😂😂😂
https://youtu.be/nG8kZXor3Hk

Joe Biden gets Absolutely NO APPLAUSE in Michigan 😂😂😂
https://youtu.be/dum-URVZqvY

Joe Biden said something that should END his Campaign
https://youtu.be/iLmn88Xv_ig

T W I T T E R - https://twitter.com/j_t_starwars

I N S T A G R A M - https://www.instagram.com/john_talks/

P A T R E O N - https://www.patreon.com/johnpomajr

THANKS FOR WATCHING!

#JoeBiden #Michigan #Trump",2020-12-04T19:15:00Z,18812,https://www.youtube.com/watch?v=Iu0XMvMTIUc
