video_id,title,description,date,fav_count,url
tfXWXNItF_Y,Pizzagate Is An Alt-Right Fever Dream,"For the record, Stephen Colbert has no part in this fake conspiracy. At least that's what 'they' want him to say.

Subscribe To ""The Late Show"" Channel HERE: http://bit.ly/ColbertYouTube
For more content from ""The Late Show with Stephen Colbert"", click HERE: http://bit.ly/1AKISnR
Watch full episodes of ""The Late Show"" HERE: http://bit.ly/1Puei40
Like ""The Late Show"" on Facebook HERE: http://on.fb.me/1df139Y
Follow ""The Late Show"" on Twitter HERE: http://bit.ly/1dMzZzG
Follow ""The Late Show"" on Google+ HERE: http://bit.ly/1JlGgzw
Follow ""The Late Show"" on Instagram HERE: http://bit.ly/29wfREj
Follow ""The Late Show"" on Tumblr HERE: http://bit.ly/29DVvtR

Watch The Late Show with Stephen Colbert weeknights at 11:35 PM ET/10:35 PM CT. Only on CBS.

Get the CBS app for iPhone & iPad! Click HERE: http://bit.ly/12rLxge

Get new episodes of shows you love across devices the next day, stream live TV, and watch full seasons of CBS fan favorites anytime, anywhere with CBS All Access. Try it free! http://bit.ly/1OQA29B

---
The Late Show with Stephen Colbert is the premier late night talk show on CBS, airing at 11:35pm EST, streaming online via CBS All Access, and delivered to the International Space Station on a USB drive taped to a weather balloon. Every night, viewers can expect: Comedy, humor, funny moments, witty interviews, celebrities, famous people, movie stars, bits, humorous celebrities doing bits, funny celebs, big group photos of every star from Hollywood, even the reclusive ones, plus also jokes.",2016-12-08T08:35:00Z,4666268,https://www.youtube.com/watch?v=tfXWXNItF_Y
yc8EZ3kZ1zQ,Hillary Clinton Addresses The Pizzagate Hoax,"Hillary Clinton addresses the bogus pizzagate conspiracy that lead a gunman to open fire in a Washington, DC pizza parlor. Secretary Clinton further elaborates on the rise of fake news, its dangers, and the role of Russian operatives in spreading it. Politics and Prose co-owner Lissa Muscatine also reveals how Hillary and Bill Clinton provided crucial support during the crisis.

http://www.politics-prose.com/book/9781501175565

Founded by Carla Cohen and Barbara Meade in 1984, Politics and Prose Bookstore is Washington, D.C.'s premier independent bookstore and cultural hub, a gathering place for people interested in reading and discussing books. Politics and Prose offers superior service, unusual book choices, and a haven for book lovers in the store and online. Visit them on the web at http://www.politics-prose.com/

Produced by Tom Warren",2017-09-19T12:44:00Z,958216,https://www.youtube.com/watch?v=yc8EZ3kZ1zQ
XlxROGN_Nos,&quot;Pizzagate&quot; suspect charged after allegedly firing shot in D.C. restaurant,"Edgar Welch, 28, was charged Monday after police say he fired a least one round into the floor of a pizza restaurant with an AR-15 rifle. Authorities say Welch was investigating ""pizzagate,"" a false, anti-Hillary Clinton conspiracy theory that involved in a child sex trafficking ring in Washington. The fake story was advanced by some Donald Trump supporters, including the son of Michael Flynn, Trump's choice for National Security Adviser. Chip Reid reports.",2016-12-06T00:24:34Z,444257,https://www.youtube.com/watch?v=XlxROGN_Nos
YXApkzwKIh8,Pizzeria owner targeted by fake news stories speaks out,Comet Ping Pong owner addresses 'pizzagate' conspiracy on 'The Kelly File',2016-12-16T03:59:55Z,602025,https://www.youtube.com/watch?v=YXApkzwKIh8
IbTwormvAc0,Chrissy Teigen And John Legend Fire Back Over False ‘Pizzagate’ Conspiracy Theory | TODAY,"The famous couple is considering legal action after being dragged into a widely discredited conspiracy theory by a Twitter user. NBC’s Joe Fryer has the report for TODAY.

» Subscribe to TODAY: http://on.today.com/SubscribeToTODAY
» Watch the latest from TODAY: http://bit.ly/LatestTODAY

About: TODAY brings you the latest headlines and expert tips on money, health and parenting. We wake up every morning to give you and your family all you need to start your day. If it matters to you, it matters to us. We are in the people business. Subscribe to our channel for exclusive TODAY archival footage & our original web series.  

Connect with TODAY Online!
Visit TODAY's Website: http://on.today.com/ReadTODAY
Find TODAY on Facebook: http://on.today.com/LikeTODAY
Follow TODAY on Twitter: http://on.today.com/FollowTODAY
Follow TODAY on Google+: http://on.today.com/PlusTODAY
Follow TODAY on Instagram: http://on.today.com/InstaTODAY
Follow TODAY on Pinterest: http://on.today.com/PinTODAY

Chrissy Teigen And John Legend Fire Back Over False ‘Pizzagate’ Conspiracy Theory | TODAY",2018-01-02T15:53:23Z,735764,https://www.youtube.com/watch?v=IbTwormvAc0
8ceZU4X66yg,Exclusive Trailer Debut: THE PIZZAGATE MASSACRE,"Synopsis:
A dark social satire inspired by the real-life conspiracy theory known as Pizzagate, an amateur journalist and a far-right militiaman team up to expose the ugly truth behind rumors involving sex cults, a pizza place, and lizard people.

In his cinematic directorial debut, John Valley’s The Pizzagate Massacre was the winner of Best Midnight Feature in the 2020 Nightmares Film Festival and was an official selection for Panic Film Fest.

This satirical indie horror stars Tinus Seaux (The Pale Door, Putting the Dog to Sleep) Alexandria Payne (Jackrabbit, Matchstick Willie), Lee Eddy (Cruel Summer, Panic, Mercy Black), Derek Baab (Red Clover, Jenn Kirkman: I’m Gonna Die Alone (and I Feel Fine), Game of Thrones: Bleed for The Throne), and is written, directed, and produced by John Valley (We Can Be Heroes, Kevin (Probably) Saves the World).

The Pizzagate Massacre is available on Digital and On-Demand beginning November 19th, 2021.",2021-10-05T19:26:02Z,83176,https://www.youtube.com/watch?v=8ceZU4X66yg
-7o3bVInA2A,The Most Dangerous Conspiracy Theory in the World | Truth Hurts,"The internet has been accused of wrecking many things over the years – print media, Blockbuster and privacy, for instance. One thing it definitely hasn’t killed, though, is the antisemitic conspiracy theory. 

In fact, the internet is breathing new life into ideas that have been doing the rounds – sometimes causing mass murder – for centuries. In this episode of Truth Hurts, we look at how today’s biggest conspiracy movements are just recycling the same old, evil lies.

Click here to subscribe to VICE: http://bit.ly/Subscribe-to-VICE

About VICE:
The Definitive Guide To Enlightening Information. From every corner of the planet, our immersive, caustic, ground-breaking and often bizarre stories have changed the way people think about culture, crime, art, parties, fashion, protest, the internet and other subjects that don't even have names yet. Browse the growing library and discover corners of the world you never knew existed. Welcome to VICE.

Connect with VICE:
Check out our full video catalog: http://bit.ly/VICE-Videos
Videos, daily editorial and more: http://vice.com
More videos from the VICE network: https://www.fb.com/vicevideo
Click here to get the best of VICE daily: http://bit.ly/1SquZ6v
Like VICE on Facebook: http://fb.com/vice
Follow VICE on Twitter: http://twitter.com/vice
Follow us on Instagram: http://instagram.com/vice

The VICE YouTube Network:
VICE: https://www.youtube.com/VICE
MUNCHIES: https://www.youtube.com/MUNCHIES 
VICE News: https://www.youtube.com/VICENews
VICELAND: https://www.youtube.com/VICELANDTV
Broadly: https://www.youtube.com/Broadly
Noisey: https://www.youtube.com/Noisey
Motherboard: https://www.youtube.com/MotherboardTV 
VICE Sports: https://www.youtube.com/NOC
i-D: http://www.youtube.com/iDmagazine 
Waypoint: https://www.youtube.com/WaypointVICE",2021-01-20T20:00:00Z,2799798,https://www.youtube.com/watch?v=-7o3bVInA2A
ZCJJbDAWUeg,Nick Cannon: Jeffrey Epstein Makes Me Reconsider the Validity of &quot;Pizza Gate&quot; (Part 13),"Part 14: https://youtu.be/6bk-_QqUY0M
Part 12: https://youtu.be/tBEVWaDp3gI
Part 1: https://youtu.be/VGZKnlTfwJo
------
In this clip, Nick Cannon weighed in on Jeffrey Epstein's apparent suicide and the conspiracy theories surrounding his death. Nick said Epstein's story makes him reconsider some of the other conspiracy theories, particularly dealing with pedophilia, such as Pizza Gate. 
Later, Nick Cannon and Vlad discussed how this era doesn't allow people to hide things. Nick said he loves it and that the exposure will force people to confront truths about themselves and the larger society like never before.",2019-08-27T17:30:00Z,236520,https://www.youtube.com/watch?v=ZCJJbDAWUeg
vhRo_jFKf9M,Raw: &#39;Pizzagate&#39; suspect records message to his family on way to DC,"Edgar Welched was sentenced to 4 years in prison for firing an assault rifle inside D.C. restaurant Comey Ping Pong while investigating ""Pizzagate."" Before he got there, he recorded a message for his family.",2017-06-22T22:45:52Z,679173,https://www.youtube.com/watch?v=vhRo_jFKf9M
G1y38N4LQiU,„EYES OF THE DEVIL”. A DOCUMENTARY FILM BY PATRYK VEGA.,„EYES OF THE DEVIL”. A DOCUMENTARY FILM BY PATRYK VEGA.,2021-03-16T07:00:02Z,1510129,https://www.youtube.com/watch?v=G1y38N4LQiU
L-VslYnrVWM,How did &#39;pizza gate&#39; inspire violence?,"A fake news story about Hillary Clinton led to an armed confrontation at a pizza joint. CNN's Brian Stelter examines how and why the conspiracy theory known as ""pizza gate"" took root.",2016-12-06T01:23:37Z,223098,https://www.youtube.com/watch?v=L-VslYnrVWM
B9SzGTjE9ec,Chrissy Teigen Says &quot;Pizzagate&quot; Impacted Her Mental Health | E! News,"The mother of two reflects on incessant attacks from conspiracy theorists in a new Instagram post. Take a look.

Full Story: https://www.eonline.com/news/1185872/chrissy-teigen-addresses-impact-of-pizzagate-insanity-on-her-mental-health-and-pregnancy

#ChrissyTeigen #ENews #CelebrityNews

Subscribe: http://bit.ly/enewssub

About E! News:
The E! News team brings you the latest breaking entertainment, fashion and Pop Culture news. Featuring exclusive segments, celebrity highlights, trend reports and more, the E! News channel is the only destination Pop Culture fans need to stay in the know.

Download The E! News App For The Latest Celebrity News and Trending Videos: https://eonline.onelink.me/yMtl/4ead5017

Your favorite shows, movies and more are here. Stream now on Peacock. https://bit.ly/PeacockEEnt

Connect with E! News:
Visit the E! News WEBSITE: http://eonli.ne/enews
Like E! News on FACEBOOK: https://www.facebook.com/enews/
Check out E! News on INSTAGRAM: https://www.instagram.com/enews/
Follow E! News on TWITTER: https://twitter.com/enews 

Chrissy Teigen Says ""Pizzagate"" Impacted Her Mental Health | E! News
http://www.youtube.com/user/enews",2020-09-09T02:52:20Z,58167,https://www.youtube.com/watch?v=B9SzGTjE9ec
tM1YC7fR4LM,The Pizzagate Massacre - Movie Review,"Brad reviews this satirical new comedy from writer director and co-star John Valley, which is also known as Duncan.  The film is available now on Video on Demand!

Support us on Patreon - http://www.patreon.com/thecinemasnob
Facebook - https://www.facebook.com/thecinemasnob
Twitter - http://twitter.com/thecinemasnob
Instagram - https://www.instagram.com/thecinemasnob",2021-12-02T18:16:34Z,27910,https://www.youtube.com/watch?v=tM1YC7fR4LM
V4v47Pm5U0Q,Conspiracy Theorists Run &#39;Pizzagate&#39;-Style Campaign Against Small Businesses | Craig Melvin | MSNBC,"Small businesses including ice cream shop Sweet Jesus and a popular Portland chain Voodoo Doughnut are being targeted by conspiracy theorists with false accusations. The shops have been receiving menacing comments on their social media accounts along with threats to the employees.
» Subscribe to MSNBC: http://on.msnbc.com/SubscribeTomsnbc

About: MSNBC is the premier destination for in-depth analysis of daily headlines, insightful political commentary and informed perspectives. Reaching more than 95 million households worldwide, MSNBC offers a full schedule of live news coverage, political opinions and award-winning documentary programming -- 24 hours a day, 7 days a week.

Connect with MSNBC Online
Visit msnbc.com: http://on.msnbc.com/Readmsnbc
Subscribe to MSNBC Newsletter: MSNBC.com/NewslettersYouTube
Find MSNBC on Facebook: http://on.msnbc.com/Likemsnbc
Follow MSNBC on Twitter: http://on.msnbc.com/Followmsnbc
Follow MSNBC on Instagram: http://on.msnbc.com/Instamsnbc

Conspiracy Theorists Run 'Pizzagate'-Style Campaign Against Small Businesses | Craig Melvin | MSNBC",2018-08-27T19:21:46Z,45383,https://www.youtube.com/watch?v=V4v47Pm5U0Q
pBqRwvbT6bA,#RepostStriscia 3/3 #FakeNews | #Disinformazione #Bufale #ElezioniPresidenzialiUSA #Pizzagate,,2022-07-16T17:30:10Z,92,https://www.youtube.com/watch?v=pBqRwvbT6bA
eG9i7d8yfKQ,Jim Carrey&#39;s Secret Hand Signal,"Jim reveals the secret of the Illuminati. 

SUBSCRIBE to get the latest #KIMMEL: http://bit.ly/JKLSubscribe

Watch the latest Halloween Candy Prank: http://bit.ly/KimmelHalloweenCandy

Watch the latest Mean Tweets: http://bit.ly/MeanTweets8

Connect with Jimmy Kimmel Live Online:

Visit the Jimmy Kimmel Live WEBSITE: http://bit.ly/JKLWebsite
Like Jimmy Kimmel Live on FACEBOOK: http://bit.ly/JKLFacebook
Follow Jimmy Kimmel Live on TWITTER: http://bit.ly/JKLTwitter
Follow Jimmy Kimmel Live on INSTAGRAM: http://bit.ly/JKLInstagram

About Jimmy Kimmel Live:

Jimmy Kimmel serves as host and executive producer of Emmy nominated ""Jimmy Kimmel Live,"" ABC's late-night talk show.

""Jimmy Kimmel Live"" is well known for its huge viral video successes with 1.5 billion views on YouTube alone. Some of Kimmel's most popular comedy bits include - Mean Tweets, Lie Witness News, Jimmy's Twerk Fail Prank, Unnecessary Censorship, YouTube Challenge, The Baby Bachelor, Movie: The Movie, Handsome Men's Club, Jimmy Kimmel Lie Detective and music videos like ""I (Wanna) Channing All Over Your Tatum"" and a Blurred Lines parody with Robin Thicke, Pharrell, Jimmy and his security guard Guillermo.

Now in its twelfth season, Kimmel's guests have included: Johnny Depp, Meryl Streep, Tom Cruise, Halle Berry, Harrison Ford, Jennifer Aniston, Will Ferrell, Katy Perry, Tom Hanks, Scarlett Johansson, Channing Tatum, George Clooney, Larry David, Charlize Theron, Mark Wahlberg, Kobe Bryant, Steve Carell, Hugh Jackman, Kristen Wiig, Jeff Bridges, Jennifer Garner, Ryan Gosling, Bryan Cranston, Jamie Foxx, Amy Poehler, Ben Affleck, Robert Downey Jr., Jake Gyllenhaal, Oprah, and unfortunately Matt Damon.

Jim Carrey's Secret Hand Signal 
http://youtu.be/eG9i7d8yfKQ",2014-11-14T08:30:01Z,7156999,https://www.youtube.com/watch?v=eG9i7d8yfKQ
L_fCecVm_rU,&quot;Pizzagate&quot; Isn&#39;t Going Away,"A new poll reveals stunning numbers on how many Trump supporters believe ""pizzagate” is real. Cenk Uygur and Ana Kasparian, hosts of The Young Turks, break it down. Tell us what you think in the comment section below. https://www.tytnetwork.com/go

“Nearly half of all Donald Trump voters believe a widely debunked conspiracy theory claiming that Hillary Clinton is involved in a child sex ring run out of a popular Washington, D.C. pizzeria, a recent poll suggests.

The Economist/YouGov poll released Tuesday shows that a staggering 46% of Trump voters believe the so-called “Pizzagate” conspiracy, which began circulating on obscure sites like 4chan and Reddit ahead of Election Day before spurring controversy on Twitter and Facebook.

Concerns over the dangerous impact of fake news were heightened after Edgar Welch, 28, of Salisbury, N.C., stormed into the Italian restaurant at the center of the baseless conspiracy with a loaded assault rifle on Dec. 4 in order to “self-investigative.""

Read more here: http://www.nydailynews.com/news/politics/50-trump-fans-clinton-involved-pedophilia-article-1.2926098

Hosts: Cenk Uygur, Ana Kasparian

Cast: Cenk Uygur, Ana Kasparian

***

The Largest Online News Show in the World. Hosted by Cenk Uygur and Ana Kasparian. LIVE STREAMING weekdays 6-8pm ET. http://www.tytnetwork.com/live

Young Turk (n), 1. Young progressive or insurgent member of an institution, movement, or political party. 2. Young person who rebels against authority or societal expectations. Trump's Romney Relationship I(American Heritage Dictionary)

Download audio and video of the full two hour show on-demand + the members-only post game show by becoming a member at http://www.tytnetwork.com/join/. Your membership supports the day to day operations and is vital for our continued success and growth.

Get The Young Turks Mobile App Today!

Download the iOS version here: https://itunes.apple.com/us/app/the-young-turks/id412793195?ls=1&mt=8

Download the Android version here: https://play.google.com/store/apps/details?id=com.tyt",2016-12-29T05:30:00Z,274825,https://www.youtube.com/watch?v=L_fCecVm_rU
Nsa0ar443SI,Weekend Update: Cathy Anne on Pizzagate - SNL,"Cathy Anne (Cecily Strong) discusses how a fake news story led a North Carolina man to open fire in a pizza parlor.

Subscribe to SNL: https://goo.gl/tUsXwM
Stream Current Full Episodes: http://www.nbc.com/saturday-night-live

Watch Past SNL Seasons: 
Google Play - http://bit.ly/SNLGooglePlay 
iTunes - http://bit.ly/SNLiTunes

Follow SNL Social -
SNL Instagram: http://instagram.com/nbcsnl 
SNL Facebook: https://www.facebook.com/snl
SNL Twitter: https://twitter.com/nbcsnl
SNL Tumblr: http://nbcsnl.tumblr.com/
SNL Pinterest: http://www.pinterest.com/nbcsnl/",2016-12-11T08:27:25Z,1904359,https://www.youtube.com/watch?v=Nsa0ar443SI
BN97OE-g4ME,Andrew Scheer surprises town hall attendees with response to &#39;Pizzagate&#39; conspiracy theory question,"Conservative Leader Andrew Scheer surprised town hall attendees with his response to a question about his views on ""Pizzagate,"" a long debunked conspiracy theory linking Hillary Clinton to a child sex ring.

Welcome to The National, the flagship nightly newscast of CBC News

»»» Subscribe to The National to watch more videos here:   https://www.youtube.com/user/CBCTheNational?sub_confirmation=1

Voice Your Opinion & Connect With Us Online:

The National Updates on Facebook: https://www.facebook.com/thenational
The National Updates on Twitter: https://twitter.com/CBCTheNational
»»» »»» »»» »»» »»» 
The National is CBC Television's flagship news program. Airing six days a week, the show delivers news, feature documentaries  and analysis from some of Canada's leading journalists.",2019-03-09T03:46:10Z,144288,https://www.youtube.com/watch?v=BN97OE-g4ME
uCGQC8sMpP4,IS THIS PIZZAGATE!? | Full Frontal on TBS,"Watch the MSNBC exclusive as Katy Tur and Ali Velshi unpack Domino's Pizzagate. 

Watch Full Frontal with Samantha Bee all new Wednesdays at 10:30/ 9:30c on TBS!

Subscribe: https://www.youtube.com/fullfrontalsamb?sub_confirmation=1

Follow Full Frontal with Samantha Bee:
Twitter: https://twitter.com/FullFrontalSamB
Facebook: https://www.facebook.com/fullfrontalsamb/
Instagram: https://www.instagram.com/fullfrontalsamb/

SamBee.com

#SamanthaBee
#FullFrontalSamB
#Pizzagate",2020-11-19T01:00:04Z,52652,https://www.youtube.com/watch?v=uCGQC8sMpP4
IMNhc9YhBaQ,Why did Cesc Fabregas throw pizza at Sir Alex Ferguson? | BBC Sounds,"Find out the true story behind 'Pizzagate' and the Battle of the Buffet.

Match of the Day: Top 10's Gary Lineker and Jermaine Jenas talk to former Arsenal, Barcelona and Chelsea midfielder Cesc Fabregas about the infamous moment at Old Trafford all those years ago; how and why it happened. 

-------------------------------------------------------------------------------------------------------------------------

Subscribe and 🔔 to BBC Sounds YouTube 👉 https://www.youtube.com/c/bbcsounds?sub_confirmation=1

Listen to the full episode here 👉 https://www.bbc.co.uk/sounds/play/p08jcsb2
Find more episodes of Match of the Day: Top 10 here 👉 https://www.bbc.co.uk/sounds/brand/p086gbss  

Match of the Day: Top 10 playlist  👉 https://www.youtube.com/playlist?list=PL4Z-TOtZ0iIOHj3zdeiw06jX3BhS1Ff3U

Everything football on BBC Sounds YouTube 👉https://www.youtube.com/watch?v=aNuZDUXKLUg&list=PL4Z-TOtZ0iIMDlXb6pDRfIFC7UbS0_W4W

-------------------------------------------------------------------------------------------------------------------------
#CescFabregas #MOTD #BBCSounds #Pizzagate

Why did Cesc Fabregas throw pizza at Sir Alex Ferguson? | BBC Sounds",2020-09-23T18:00:02Z,33944,https://www.youtube.com/watch?v=IMNhc9YhBaQ
csOzHR86zHc,Chrissy Teigen Reveals &quot;Pizzagate&quot; Affected Her Mental Health,"Chrissy Teigen talked about how being the target of conspiracies has taken a took a toll on her mental health and her therapist suggesting she cut back on social media. Watch the latest Clevver News Feed: https://www.youtube.com/watch?v=cDSWgQ-3mMI&list=PLGiKo5lTqUGRGOIH8wmyc8MQFR2u5tOtS&index=109

Register to Vote: https://www.vote.org/

Subscribe for more Celebrity News ►► http://bit.ly/SubClevverNews

More from Clevver News:
Rumor Patrol: https://www.youtube.com/watch?v=IaJYuD59kDI&list=PLGiKo5lTqUGSo_N7mzfxHtUNUc9Ej1pYl
YouTuber News: https://www.youtube.com/watch?v=Cyv6rDuFwWA&list=PLGiKo5lTqUGTUdMayY4deqUWvnUi1OVqC
Celebrity Lowdown: https://www.youtube.com/watch?v=GKA34Xf61Qo&list=PLGiKo5lTqUGTb8Dxdqse7arOPubV-RHxs

For More Clevver Visit:
Find us on Facebook: http://facebook.com/clevver
Keep up with us on Instagram: http://instagr.am/Clevver
Follow us on Twitter: http://twitter.com/ClevverTV

Follow our hosts!
Emile Ennis Jr. @emileennisjr Sussan Mourad @sussan_mourad

#ChrissyTeigen #JeffreyEpstein #Pizzagate",2020-09-10T17:53:57Z,35682,https://www.youtube.com/watch?v=csOzHR86zHc
N1plntUzGuA,Conspiracy Theories and Fake News from JFK to Pizzagate | Retro Report,"From the JFK assassination to Pizzagate—what can conspiracy theories tell us about how we view the world today? Lesson plan for educators: https://bit.ly/RR-conspiracy 

Sign up for a free Retro Report in the Classroom newsletter to receive free teacher resources: http://retroreport.org/educationnewsletters

Browse through dozens more lesson plans and videos here: https://www.retroreport.org/education/

CONNECT WITH RETRO REPORT
Website: http://www.retroreport.org
Twitter: https://twitter.com/RetroReport 
Facebook: https://www.facebook.com/RetroReport
Instagram: https://www.instagram.com/retroreport
YouTube: http://www.youtube.com/c/RETROREPORT
Retro Report in the Classroom: https://www.retroreport.org/education/
Retro Report Newsletter:  https://www.retroreport.org/newsletters/

Retro Report is an independent, nonprofit news organization that injects context into today’s discussions of both current events and history. Learn more at RetroReport.org.",2017-05-15T16:09:28Z,160415,https://www.youtube.com/watch?v=N1plntUzGuA
fIT5FIHxVFc,Why Alex Jones Is SOOO SORRY About Pizzagate,"Alex Jones is suddenly super sorry about that whole Pizzagate thing. What gives? Cenk Uygur, host of The Young Turks, breaks it down. Tell us what you think in the comment section below. http://tytnetwork.com/go

""Alex Jones, a prominent conspiracy theorist and the host of a popular right-wing radio show, has apologized for helping to spread and promote the hoax known as Pizzagate.

The admission on Friday by Mr. Jones, the host of “The Alex Jones Show” and the operator of the website Infowars, was striking. In addition to promoting the Pizzagate conspiracy theory, he has contended that the Sept. 11 attacks were inside jobs carried out by the United States government and that the 2012 shooting at Sandy Hook Elementary School in Newtown, Conn., was a hoax concocted by those hostile to the Second Amendment.

The Pizzagate theory, which posited with no evidence that top Democratic officials were involved with a satanic child pornography ring centered around Comet Ping Pong, a pizza restaurant in Washington, D.C., grew in online forums before making its way to more visible venues, including Mr. Jones’s show. And its prominence after the election drew attention to the proliferation of false and misleading news, much of it politically charged, that circulated on platforms like Facebook, Twitter and YouTube.

Mr. Jones made the apology to the owner of Comet Ping Pong, James Alefantis, on video, reading from a carefully worded statement that emphasized how widely the theory had spread before he weighed in on it. He said that Infowars had “disassociated” itself from the story in December and had taken down the majority of broadcasts and videos that mentioned it. Mr. Jones also said that two reporters the show had worked with “are no longer with us,” although he did not identify them or discuss the exact nature of their work with Infowars.”*

Read more here: https://www.nytimes.com/2017/03/25/business/alex-jones-pizzagate-apology-comet-ping-pong.html?_r=0

Hosts: Cenk Uygur
Cast: Cenk Uygur

***

The Largest Online News Show in the World. Hosted by Cenk Uygur and Ana Kasparian. LIVE STREAMING weekdays 6-8pm ET. http://www.tytnetwork.com/live

Young Turk (n), 1. Young progressive or insurgent member of an institution, movement, or political party. 2. Young person who rebels against authority or societal expectations. (American Heritage Dictionary)

Download audio and video of the full two hour show on-demand + the members-only post game show by becoming a member at http://www.tytnetwork.com/join/. Your membership supports the day to day operations and is vital for our continued success and growth.

Get The Young Turks Mobile App Today!

Download the iOS version here: https://itunes.apple.com/us/app/the-young-turks/id412793195?ls=1&mt=8

Download the Android version here: https://play.google.com/store/apps/details?id=com.tyt",2017-03-28T02:45:15Z,451631,https://www.youtube.com/watch?v=fIT5FIHxVFc
Xq-knHXSKYY,Avicii - For A Better Day,"Listen to Avicii’s latest single “SOS” here: https://Avicii.lnk.to/SOS

Watch more Avicii videos here: https://avicii.lnk.to/AviciiPlaylistYD

Pure Grinding For A Better Day: 
http://avicii.co/2spotify 
http://avicii.co/2itunes 
http://avicii.co/2applemusic 

Stories:
http://avicii.co/stories

Music video and production by Avicii. Vocals by Alex Ebert. For A Better Day. (C) 2015 Avicii Music AB, under exclusive license to Universal Music AB

http://vevo.ly/m84nda",2015-09-03T07:00:01Z,94920030,https://www.youtube.com/watch?v=Xq-knHXSKYY
fXqQ4YUXdwU,Eddie Bravo&#39;s Latest Conspiracy Talk - The Joe Rogan Experience,"Eddie Bravo going down the conspiracy rabbit hole from the latest Fight Companion. 

Featuring Bryan Callen and Brendan Schaub.",2017-06-04T17:45:29Z,2439448,https://www.youtube.com/watch?v=fXqQ4YUXdwU
PvfmzI1KiHs,Man Shoots Up Pizza Place #Pizzagate,"An internet conspiracy turned violent after a 28 year old man entered a pizzeria with an assault rifle. 

▶︎▶︎ How Much Will Christmas Cost This Year? https://youtu.be/bJ545HMrCkQ

Watch more videos: https://www.youtube.com/subscription_center?add_user=sourcefed
Check out the SourceFed Podcast! https://www.youtube.com/playlist?list=PL8kma_GjQgWzstdt0DWGn4dddtKybqn06

Follow Us!
Twitter: http://twitter.com/sourcefed
Facebook: http://on.fb.me/xQDV8M
Snapchat: SourceFedSnaps
Tumblr: http://sourcefed.tumblr.com

SourceFed Hosts:
@StevenSuptic
@MikeFalzone

Sources:
http://ti.me/2gvgAEQ

Edited by:
Danny Conner

Music By:
@ronaldjenkees, @Hagemeister, Discovery Music Source, APM",2016-12-06T14:00:01Z,63628,https://www.youtube.com/watch?v=PvfmzI1KiHs
FWD65DJ3fug,&#39;Pizzagate&#39; gunman released from DC jail,"A North Carolina man who fired an assault rifle inside D.C. restaurant Comey Ping Pong during his investigation of a conspiracy theory dubbed ""pizzagate"" is released

» Subscribe to WUSA9: https://bit.ly/2lO8e2F

FOLLOW US ON SOCIAL MEDIA –
Twitter: https://twitter.com/wusa9
Facebook: https://www.facebook.com/wusa9
Instagram: https://www.instagram.com/wusa9

NEWS TIPS –
Email: newstips@wusa9.com",2021-03-03T23:57:26Z,4750,https://www.youtube.com/watch?v=FWD65DJ3fug
7fyN9DdyuPk,What is Pizzagate? The fake news scandal explained,"A man claiming to be 'self investigating' the scandal was arrested on 4 December for opening fire at the pizza restaurant in Washington DC, where it was falsely alleged the Clintons run a paedophile ring. But where have these fake accusations originated from?

For more videos, head over to http://www.ibtimes.co.uk/tv",2016-12-16T12:17:01Z,55297,https://www.youtube.com/watch?v=7fyN9DdyuPk
7ilPv8R1TSo,"Kanye West rants about Beyoncé, Hillary Clinton and Mark Zuckerberg","Kanye West rants about Beyoncé, Jay Z, Hillary Clinton, ‘the press’ and Mark Zuckerberg before cutting his concert short in Sacramento, California. The rapper had played only a few songs before ending the show after about 30 minutes.
Subscribe to Guardian Wires ► http://bit.ly/guardianwiressub

The Guardian ► http://is.gd/guardianyt
Watch Me Date ► http://is.gd/watchmedate
Guardian Football ► http://is.gd/guardianfootball
Guardian Music ► http://is.gd/guardianYTmusic
Guardian Australia ► http://is.gd/guardianaustralia
Guardian Tech ► http://is.gd/guardiantech
Guardian Culture ► http://is.gd/guardianculture
Guardian Food ► http://is.gd/guardianfood",2016-11-21T10:25:29Z,280284,https://www.youtube.com/watch?v=7ilPv8R1TSo
zFUB_hcz_VU,DOMINOS #PizzaGate - Got Busted?,"Ordered Pizza to share for the me and the wife during Skyrim, she was sleeping, thought I was sneaking a Pizza to myself - sneak level is 100 BTW HAHA did I get Busted! -- #pizzagate Watch live at http://www.twitch.tv/barn_in_effect",2014-11-16T14:50:13Z,449,https://www.youtube.com/watch?v=zFUB_hcz_VU
5MJAvCqVIXw,Julian Assange Claims the Media is Underreporting the WikiLeaks Podesta Emails | THE CIRCUS,"Mark Halperin waits outside the Ecuadorian Embassy in London in the hopes of interviewing Julian Assange who later tells an inside man that he believes the US media is underreporting ""everything"" about the WikiLeaks Podesta emails.

Subscribe to THE CIRCUS YouTube channel: https://goo.gl/gfoZtd

Come one, come all to THE CIRCUS: INSIDE THE GREATEST POLITICAL SHOW ON EARTH. This documentary series from SHOWTIME pulls back the curtain on the 2016 presidential race, revealing the intense, inspiring and infuriating stories behind the headlines. Key characters and events from the individual campaigns are presented in real time, as they are happening. Produced in cooperation with Bloomberg Politics, and featuring Bloomberg Politics managing editors Mark Halperin and John Heilemann and noted campaign strategist and media advisor Mark McKinnon, THE CIRCUS is a non-partisan, never-before-attempted take on what promises to be one of the most fascinating and consequential elections in modern history.
 
THE CIRCUS will follow multiple individual stories and key characters from the campaigns and capture their unique perspectives in weekly half-hour shows between January and November. With intimate, behind-the-scenes access, cameras will offer viewers a look at what the public rarely sees and explore the high human drama inherent in the pursuit of the Oval Office.
 
Mark Halperin and John Heilemann are the Managing Editors of Bloomberg Politics, a multi-platform destination for smart, sophisticated, non-partisan political coverage. Halperin and Heilemann are also the hosts of Bloomberg TV's ""With All Due Respect,"" where every weeknight they bring their deeply-sourced reporting and access to the Bloomberg audience, including interviews with presidential candidates, elected officials, political strategists, cultural figures, and other newsmakers.
 
Mark McKinnon is a political consultant, columnist, and commentator. He was the chief media advisor to five successful presidential primary and general election campaigns, and is a co-founder of No Labels, an organization dedicated to bipartisanship and political problem solving.
 
THE CIRCUS: INSIDE THE GREATEST POLITICAL SHOW ON EARTH will be produced by Left/Right (a part of Red Arrow Entertainment Group) for SHOWTIME. Mark Halperin, John Heilemann, Mark McKinnon, Banks Tarver and Ken Druckerman serve as executive producers.",2016-10-24T16:21:44Z,38433,https://www.youtube.com/watch?v=5MJAvCqVIXw
q5xIoeG4uVI,ROSALÍA &amp; Travis Scott - TKN (Official Video),"ROSALÍA & Travis Scott - “TKN“ (Official Video) 

Download & Stream ""TKN"": https://Rosalia.lnk.to/TKN
 
Amazon - https://Rosalia.lnk.to/TKN/amazonmusic
Apple Music - https://Rosalia.lnk.to/TKN/applemusic
Deezer - https://Rosalia.lnk.to/TKN/deezer
iTunes - https://Rosalia.lnk.to/TKN/itunes
Spotify - https://Rosalia.lnk.to/TKN/spotify
YouTube Music -  https://Rosalia.lnk.to/TKN/youtubemusic
 
Follow ROSALÍA:
Instagram: https://www.instagram.com/rosalia.vt/
Twitter: https://twitter.com/rosaliavt
Facebook: https://www.facebook.com/rosalia.vt/
Spotify: https://open.spotify.com/artist/7ltDVBr6mKbRvohxheJ9h1?autoplay=true&v=A
Official Site: https://www.rosalia.com/
 
Follow Travis Scott
Facebook - https://www.facebook.com/travisscottlaflame
Instagram - https://www.instagram.com/travisscott/
Twitter - https://twitter.com/trvisXX

Directed by Nicolás Méndez aka CANADA
Produced by CANADA in collaboration with The Directors Bureau
MD/EP CANADA: Oscar Romagosa
MD/EP TDB: Lisa Margulis
Producer: Laura Serra Estorch
Line Producer Los Angeles: Cristina Trenas 
Head of Production CANADA: Alba Barneda
Head of Production TDB: Elizabeth Minzes
Director of Photography: Stuart Winecoff 
Production Designer: Brielle Hubert 
Production Supervisor: Stephen Predisik
1st AD: Ferran Rial
Stylist Rosalía: Samantha Burkhart
Stylist: Chloe and Chenelle Delgadillo
Choreographer: Charm La'Donna 
Make-Up Artist Rosalía: Ariel
Hair Artist Rosalía: Jesus Guerrero
Make-Up Artist: Rasheeda Raines
Casting: Sarah-May Levy
Editor: Nicolás Méndez / Carlos Font Clos
Post Production: Álvaro Posadas / EIGHTY4
Color Grading: Michael Rossiter @ The Mill
Post Production Producer: Marina Martínez Campomanes
 
#ROSALÍA #TRAVISSCOTT #TKN",2020-05-28T16:00:10Z,211813938,https://www.youtube.com/watch?v=q5xIoeG4uVI
XNRJOI4aOTc,"Chris D&#39;Elia on Conspiracy Theories about Hollywood, Covid 19, and Pizzagate","Chris rants about how bored people are who come up with these conspiracy theories. He talks about conspiracy theories about Hollywood, Pizzagate, and Covid 19.

Clip from: The Kings Speech 2: The 7-11 Chronicles (167) | Congratulations Podcast with Chris D'Elia

https://www.youtube.com/watch?v=V_F7Gj8nPE0

Comedian (Incorrigible, Man on Fire) and actor Chris D'Elia sits down every week to talk about what's on his mind.",2020-04-09T20:01:52Z,151160,https://www.youtube.com/watch?v=XNRJOI4aOTc
GBXA72S5ADw,"Disney employees, retired judge among arrested in investigation focusing on human trafficking","Polk County Sheriff Grady Judd discussed more than 100 arrests made during an undercover operation that in part focused on human trafficking, according to the agency. 

Out of all 108 arrests, one person was charged with human trafficking. 

According to the sheriff's office, 32-year-old Tiffany Nash was arrested for trafficking another woman. Deputies say they learned Nash repeatedly threatened violence against the woman, who is an adult if she didn't prostitute herself. 

Deputies say Nash would take all the money the woman got from her prostitution. Nash was arrested and charged with human trafficking, deriving proceeds from prostitution, possession of cocaine, possession of methamphetamine and possession of drug paraphernalia. 

Judd said Wednesday Nash was a manager of a KFC in Orlando. 

""Now I just don't believe I'd want any finger-licking good chicken that she touched,"" Judd said.

The sheriff's office says the woman victimized was provided assistance from Selah Freedom of Sarasota.",2022-03-16T15:31:00Z,3193985,https://www.youtube.com/watch?v=GBXA72S5ADw
Fp5kbjap9l0,Pizzagate - Boiler Room Moments,"► Skipping lunch
► Subscribe to our YT channel: http://blrrm.tv/YT",2017-05-25T12:31:11Z,27241,https://www.youtube.com/watch?v=Fp5kbjap9l0
DqLGrcWRMWg,Manchester United v Arsenal - 2003/2004,"21 September 2003

""Battle of Old Trafford""
Arsenal entered the match in second place in the Premier League after five matches, holding an unbeaten record that stretched back to the end of the previous season. 

Manchester United were a point behind Arsenal in third place, but they had already lost one match that season, against Southampton three weeks earlier.",2021-07-24T21:13:06Z,482246,https://www.youtube.com/watch?v=DqLGrcWRMWg
QJB-tMCEBxc,Final Day Relegation Battle - 2010/2011,"22 May 2011

On the last day of the 2010–11 season, five teams — Wolves, Blackburn Rovers, Birmingham City, Blackpool and Wigan — battled to avoid the two open relegation spots (West Ham were already relegated). All five teams were separated by one point.",2021-12-19T18:54:37Z,1499976,https://www.youtube.com/watch?v=QJB-tMCEBxc
MdP8R7YMiqE,#PizzaGate Everything You Need To Know About,"What is Pizzagate?  This is a video about everything you need to know about Pizzagate and who might be involved.  


NEW Merch Store- 
 https://goo.gl/YxJd9R

Subscribe To Inform Overload:
https://www.youtube.com/user/InformOverload
------------------------------------
STORY LINK:
------------------------------------

MAIL US SOMETHING:

P.O BOX # 14015
2408 Lakeshore Blvd W. 
Etobicoke, On M8V4A2
------------------------------------

CONNECT WITH US:

Instagram: http://instagram.com/informoverload
Twitter: https://twitter.com/InformOverload
Facebook: https://www.facebook.com/InformOverload
Website: http://www.informoverload.com
iO T-Shirts: http://iostore.spreadshirt.com
------------------------------------

IN THIS VIDEO:
Charlotte Dobre: http://instagram.com/charlaychaplin
------------------------------------

VIDEO EDITED BY:
Theresa Morozovitch: http://instagram.com/tessatv999",2016-12-01T17:25:58Z,20383,https://www.youtube.com/watch?v=MdP8R7YMiqE
JvJylGxq57A,TODO sobre PIZZAGATE: Élite P3DÓFlLA! El OSCURO SECRETO de Hollywood!!! | Tecito de Calzón Ep.9,"PIZZAGATE ¿¡Acaso Hillary Clinton su gabinete y lo demócratas son parte de una red de p*dofil¡a que utiliza la sangre de los niños y el satanismo!? ¿¿¿Por qué la elite de p*dof¡los de lo Estados Unidos unen a Justin Bieber con Tom Hanks, Steven Spielberg, Jeffrey Epstein y Los Clinton???

0:00 Introducción
0:57 El origen de esta FALSEDAD
4:27 Los correos del gabinete de Hillary Clinton
6:44 Comet Ping Pong
13:20 Los Podesta
14:05 El arte de Biljana djurdjevic
14:52 Marina Abramović
17:57 Yummy de Justin Bieber
21:10 Anonymous
22:44 Las declaraciones de Isaac Kappy
23:58 El Instagram de Tom Hanks
25:19 Adrenocromo
27:02 El Satanismo y los Clinton
28:19 Los casos reales
31:27 Jeffrey Epstein
35:15 Acoso S*xu4l en Hollywood
36:51 La verdadera cara del tráfico de menores
38:42 La Apofenia
40:02 QAnon
43:08 La era de la POSVERDAD
45:36 Conclusiones sobre PIZZAGATE

Apóyanos en Patreon: https://www.patreon.com/TecitoDeCalzon
Síguenos en Instagram: https://www.instagram.com/tecitodecalzon/
Aquí el Facebook: https://www.facebook.com/TecitodeCalzon
Leenos en Twitter: https://twitter.com/TecitodeCalzon

#Podcast #TecitoDeCalzón
Italupe: https://www.instagram.com/italups/
Mar (Dama G): https://www.instagram.com/damag_g/ | https://www.youtube.com/c/damaG |  https://www.tiktok.com/@damag_
Sly / Amapola:  https://www.instagram.com/slylolo/ | https://www.instagram.com/rose.amapola/",2021-10-02T19:38:37Z,309830,https://www.youtube.com/watch?v=JvJylGxq57A
tW-QtAgV3vY,Peeew #377: The #Pizzagate connection to Michael Alig,"Michael Alig and Ernie Glam discuss another video linking Michael to Pizzagate, James Alefantis and a child molestation ring.
Still feeling unsatisfied? 
Wanting more? 
Wring out every last drop of stinky Peeew-ness by following us on social media:
Follow Michael Alig at:
https://twitter.com/Alig_Aligula
https://www.facebook.com/TheRealMichaelAlig
https://www.instagram.com/michaeltalig/
http://www.michaelalig.com
Follow Ernie Glam at:
https://twitter.com/ErnieGlam
https://www.facebook.com/ernieglam
http://www.projectxarchive.com/
https://www.instagram.com/erniejourno/
Who the hell do Michael Alig and Ernie Glam think they are? Michael Alig spearheaded a countercultural youth movement based on the concept of the Warholian ""anti-Celebrity"" and became King of the Club Kids before inspiring the film Party Monster, starring Macaulay Culkin. He is currently painting masterpieces of artwork; working on his autobiography, Aligula; designing a club kid-inspired clothing line called Skroddleface; directing a NYC art collective called Countdown and recording a new dance single. One of the original club kids, Ernie Glam is a journalist and irreverent talk show host by day, Underground clothing designer and stylist-to-the-stars by night; catch him - -if you can get past the red velvet ropes -- at the city's hottest nightclubs and parties.
Shop at AligMart for all your club kid merchandising needs! http://www.michaelalig.com/shop
Buy Ernie’s new book 69 Hangovers at https://www.createspace.com/6578567",2017-02-01T14:02:06Z,6480,https://www.youtube.com/watch?v=tW-QtAgV3vY
HTQt8_hNTF8,HABLEMOS DE LA VERDAD DEL PIZZAGATE Y DEL VIDEOCLIP DE JUSTIN BIEBER,"Después del vídeo sobre Anonymous, me habéis avasallado para que hable del Pizzagate y de todo lo que comporta. Aquí tenéis el vídeo.

Suscríbete a mi podcast: https://www.youtube.com/c/thewildproject
Sigue The Wild Project en: 
🔊 SPOTIFY: https://spoti.fi/3cA2lfy
🔊 Ivoox: https://bit.ly/3cBPxoV
🔊 Apple Podcast: https://apple.co/2ILx6Rf

¡Mi marca de ropa! → https://wildstylestore.com
Mi web → http://www.jordiwild.com

TWITTER: 
https://twitter.com/JordiWild | @jordiwild
FACEBOOK: 
https://www.facebook.com/ElRinconDeGiorgioOficial
INSTAGRAM: http://instagram.com/jordiwild8
---
MÁS GAMEPLAYS: https://www.youtube.com/playlist?list=PLPE3mJyT3rhXF8gAm0mJkV6clTBv72Gk1

MÁS LOCURAS MÍAS: https://www.youtube.com/playlist?list=PLPE3mJyT3rhXfXoT3hc_DgS5Q9sUh9Gqa",2020-06-07T14:23:12Z,2058707,https://www.youtube.com/watch?v=HTQt8_hNTF8
z8y_l7IWprI,"Morning Mix: Doodle for Google, Modesto Teens Save Family, Jane Goodall honored with her own Barbie","Get caught up on this mornings most talked about stories with Gianna Franco, Amanda Starrantino, and Justin Andrews! Check out Morning Mix every weekday on KPIX 5 and streaming on CBS News Bay Area.

Watch Here On: https://www.kpix.com/live 

Website:  http://kpix.com/
YouTube: http://www.youtube.com/CBSSanFrancisco
Facebook:  https://www.facebook.com/CBSSanFrancisco
Instagram: https://www.instagram.com/kpixtv/
Twitter:  https://twitter.com/KPIXtv
Periscope: https://periscope.tv/KPIXtv",2022-07-12T18:51:30Z,445,https://www.youtube.com/watch?v=z8y_l7IWprI
NQ459KdYw0M,¡Anonymous revela nuevos datos del Pizzagate! | Noticias con Yuriria Sierra,"#Anonymous reapareció y reveló una lista de personalidades relacionadas con una red de tráfico de menores. 

Visita nuestro sitio web: http://www.imagentv.com

No te pierdas Imagen Noticias con Yuriria Sierra de lunes a viernes en punto de las 2:00 pm por Imagen Televisión.

Síguenos en nuestras redes sociales:

Facebook:
https://www.facebook.com/ImagenTVNoticia
 https://www.facebook.com/ImagenYuri/

Twitter:
@ImagenTVMex    https://twitter.com/ImagenTVMex
@ImagenYuri    https://twitter.com/imagenYuri

Aquí encontrarás la mejor información nacional e internacional de Imagen Noticias con Francisco Zea, Yuriria Sierra, Ciro Gómez Leyva y De Pisa y Corre con Nacho Lozano.

¡Déjanos tus comentarios, da like, comparte y suscríbete!",2020-06-01T19:48:35Z,911921,https://www.youtube.com/watch?v=NQ459KdYw0M
-6uhQ-D_0Uk,Pizzagate,"Provided to YouTube by Joe Robot Records

Pizzagate · The Network

Money Money 2020 Pt II: We Told Ya So!

℗ 2020 Joe Robot Records

Auto-generated by YouTube.",2020-12-03T10:08:38Z,15714,https://www.youtube.com/watch?v=-6uhQ-D_0Uk
aV98-tUShjQ,Yo era amigo de Pizzagate... 😡 pero lo investigué y...,"Si quieres entrar en un grupo conmigo ► http://www.patreon.com/DalasReview
🔥 Mi equipo 🔥
Mi cámara 📷 
https://amzn.to/36ribFF
Lente de mi cámara 📷
https://amzn.to/2qxDG8b
Mi croma 🍏
https://amzn.to/2DZJQRD
Mi conector cámara - ordenador 🔌
https://amzn.to/344RQLE",2020-01-25T19:00:01Z,1498796,https://www.youtube.com/watch?v=aV98-tUShjQ
N4yN3uYlglY,Fremdgesteuert: Adrenochrom &amp; Pizzagate,"Wir leben in einer undurchsichtigen Welt. Regiert von der Elite. Oder denen da oben. Irgendwer regiert uns. Und versucht uns zu lenken. Fremdzusteuern! Wie soll man da nur noch durchsteigen? Zum Glück haben wir Andi und Max, die uns ganz genau erklären können, was hinter allem steckt und wie genau das funktioniert. Denn bei Fremdgesteuert erklären die beiden Alu-Freunde die verschwurbeltsten Verschwörungstheorien, sodass jede:r sie versteht! 🥴
____
🍕 Das Vierte auf Facebook, Instagram und TikTok: www.viertes.tv
____
#viertesdeutschesfernsehen #dasvierte #viertes",2020-12-03T10:52:49Z,13633,https://www.youtube.com/watch?v=N4yN3uYlglY
7JiYJR-S9tY,#PizzaGate Consequences &amp; Facebook Fake News Fakeout - Beyond Social Media Show #167,"Beyond Social Media hosts B.L. Ochman and David Erickson discussed Facebook's fake news fakeout; the spread of right wing conspiracy #PizzaGate; Netflix algorithm seeking alien life; Starbucks' chatbot barrista; San Francisco Airport's new Therapy Pig; how BMW remotely locked in a carjacker; Reuters' news seeking Twitter algorithm; Google's clever response to emoji Tweets and lots more. And we remembered John Lennon, who was murdered 36 years ago today, and wished Godspeed to John Glenn, American hero, who died today at age 95.

[0:05] Topics
 
WORST DIGITAL CASES THIS WEEK

[0:35]   Facebook Fake News Fakeout Tricks TechCrunch

[2::02] Fake News #PizzaGate Spreads via Internet Conspiricists and Nuts

[5:30]  Twitter account of 7 year-old Syrian girl documenting horrors of life in Aleppo falls silent. Then reappears with poignant plea.

[7:49]  Reddit is Tearing Itself Apart and overrun with White Supremacist trolls

[9:06]  Uber app now tracks you after you leave the car - even if you turn the app off!

BEST DIGITAL CASES OF THE WEEK

[10:33]  San Francisco International Airport now has a Therapy Pig to help relieve travel stress

[12:16]  Netflix & Aliens? Netflix algorithm can help find nearby planetary systems that might support life.

[14:00]  Local Matters - curates best local watchdog news in 50 states and sends them in a weekly newsletter

[14:47]  Amazon launches checkout free supermarket. No self checkouts either. You literally grab and go.

[17:05]  BMW helps Seattle police lock thief inside car he was trying to steal.

[18:44]  Two of 2016’s best Christmas ads: John Lewis Stores and Allegro Auction House

[20:21]  Reuters algorithm detects breaking news on Twitter

[22:40]  My Starbucks Marrista chat bot will speed up mobile ordering and in-store pickups

SHINY NEW OBJECTS

[25:00]  Answer the Public - search on keywords and get content related to them. Answers are organized into questions that begin with who, what, where, when, why, how, and are.It’s an effective way to demonstrate expertise and generate leads, and they can drive a ton of organic traffic. 

[25:40]  Press Halo - Artificial Intelligence press release distribution service that matches your releases with journalists’ beats and learns over time  

[26:00]  Amazon Skills now available for Alexa

[27:00]  FollowerWonk - better than ever in paid version. Researches and analyzes Twitter bios

PROJECTS

[27:45]  B.L.’s What’s Next Blog post: John Lennon was murdered on this day 36 years ago  & remembering John Glenn

[31:52]  Beyond Social Media Show Podcast joins I HEART RADIO

DAILY NUMBERS

[31:52]  Social Media Use By Channel - research from Pew Internet & American Life Project

BEYOND SOCIAL MEDIA HOSTS

B.L. OCHMAN
    Twitter: http://twitter.com/whatsnext
    What's Next Blog: http://WhatsNextBlog.com/
    YouTube: http://youtube.com/whatsnextblog
    Maximum-Plus.com http://maximum-plus.com
    Google Plus: Http://plus.google.com/+BLOchman
  
DAVID ERICKSON
    Twitter: http://twitter.com/derickson
                 http://twitter.com/thedailynumbers
    e-Strategy Blog: http://e-StrategyBlog.com/
    e-Strategy Trends: http://Trends.e-StrategyBlog.com/
    YouTube: http://youtube.com/estrategy

BEYOND SOCIAL MEDIA SHOW

Web: http://BeyondSocialMediaShow.com/
YouTube: http://youtube.com/+BeyondSocialMedia
Google+: http://plus.google.com/+beyondsocialm...
Twitter:@BSMediaShow http://twitter.com/bsmediashow
iTunes: http://beyondsocialmediashow.com/iTunes
Stitcher: http://beyondsocialmediashow.com/Stit...
Google Play Podcasts: https://goo.gl/ZeWQEF",2016-12-09T01:41:55Z,249,https://www.youtube.com/watch?v=7JiYJR-S9tY
Qm16U5QBXys,Chuck E. Cheese&#39;s PIZZAGATE! Khloe Kardashian&#39;s Single? Cardi B&#39;s Genius Plan! AND... | Perez Hilton,"Khloe Kardashian and Tristan Thompson seem to be done - for good this time! Kanye West's controlling ways over Kim Kardashian! Conspiracy theorists are ranting about Chuck E. Cheese recycling their pizza. I'm not buying it! U? Miranda Lambert assaults a woman - and that doesn't surprise me, given her past! Cardi B is smarter than you give her credit for! She's back and making more money moves! Blac Chyna's dating Soulja Boy! What a fitting duo! And more of today's hottest topics, including Jennifer Lopez, American Idol, Usher, Bella Thorne, 21 Savage and MORE! Watch! LINKS BELOW! Enjoy! And SHARE!

Subscribe to my channel! http://bit.ly/perezhiltonsub
Watch these amazing performances! http://bit.ly/perezperformance

Listen to The Perez Hilton Podcast with Chris Booker HERE: http://PerezPodcast.com

Follow Me! 
FAMILY CHANNEL: http://YouTube.com/ThePerezHilton
WEBSITE: http://PerezHilton.com 
PEREZ'S INSTAGRAM: http://Instagram.com/ThePerezHilton 
WEBSITE'S INSTAGRAM: http://Instagram.com/PerezHilton 
GET A PERSONALIZED VIDEO FROM ME HERE: http://Cameo.com/PerezHilton 
LISTEN TO MY PODCAST HERE: http://PerezPodcast.com
WEBSITE'S FACEBOOK:  http://Facebook.com/PerezHilton
PEREZ'S FACEBOOK: http://Facebook.com/ThePerezHilton
WEBSITE’S TWITTER: http://Twitter.com/PerezHilton 
PEREZ'S TWITTER: http://Twitter.com/ThePerezHilton

About Perez Hilton:
The original influencer, Perez Hilton founded and oversees one of the most iconic websites ever. In addition to his eponymous blog, he is the host of a very successful podcast, has a loyal following across two YouTube channels, has written three books, has acted in countless TV shows and films -  as well as the stage. And, most importantly, he is the proud father of three happy and thriving kids and an adult child, his mother. Perez is one of the most sought after commentators and your best friend!

Chuck E. Cheese's PIZZAGATE! Khloe Kardashian Living The Single Life! Cardi B's Genius Plan! AND... | Perez Hilton
https://youtu.be/Qm16U5QBXys

Perez Hilton
https://www.youtube.com/perezhilton


KHLOE KARDASHIAN barely seeing Tristan Thompson:
https://perezhilton.com/khloe-kardashian-tristan-thompson-spend-very-little-time-together/

KANYE WEST forces Kim Kardashian to redo her makeup:
https://perezhilton.com/kim-kardashian-kanye-west-opinions-makeup/

SHANE DAWSON’s conspiracy video:
https://perezhilton.com/chuck-e-cheese-pizza-shane-dawson/

MIRANDA LAMBERT’s steakhouse brawl:
https://perezhilton.com/miranda-lambert-salad/

J. Lo announces tour:
https://perezhilton.com/jennifer-lopez-ellen-degeneres-grammys-alex-rodriguez-diet-sugar/

BLAC CHYNA dating Soulja Boy:
https://perezhilton.com/blac-chyna-soulja-boy-dating/

USHER involved in shooting:
https://perezhilton.com/usher-rich-the-kid-shooting/

ANTONELLA BARBA facing 40 years behind bars:
https://perezhilton.com/antonella-barba-american-idol-drugs-fentanyl/

21 SAVAGE is free - for now:
https://perezhilton.com/21-savage-released-ice-detention-celebs-show-support/

BELLA THORNE giving tours of her house:
https://perezhilton.com/bella-thorne-trippy-twins-fun-house/",2019-02-14T02:13:48Z,13482,https://www.youtube.com/watch?v=Qm16U5QBXys
z2BWQyiRXsg,The Most INSANE Pizzagate Theory EVER,"Is this the most insane conspiracy theory yet? Adrienne Lawrence and Ben Carollo discuss on Indisputable. Tell us what you think in the comments below. 

Full video here: https://twitter.com/RightWingWatch/status/1506996454774161414

*** 

Indisputable, features Dr. Richey talking about the top news stories of the day, reading viewer comments, and engaging in debates and conversations with guests.

Help support our mission and get perks. Membership protects TYT's independence from corporate ownership and allows us to provide free live shows that speak truth to power for people around the world. See Perks: ▶ https://www.youtube.com/TheYoungTurks/join


SUBSCRIBE on YOUTUBE: ☞ http://www.youtube.com/IndisputableTYT
FACEBOOK: ☞ http://www.facebook.com/IndisputableTYT
TWITTER: ☞ http://www.twitter.com/IndisputableTYT
INSTAGRAM: ☞ http://www.instagram.com/IndisputableTYT
TWITCH: ☞ http://www.twitch.com/tyt

👕 Merch: http://shoptyt.com

❤ Donate: http://www.tyt.com/go

🔗 Website: https://www.tyt.com

📱App: http://www.tyt.com/app

📬 Newsletters: https://www.tyt.com/newsletters/


If you want to watch more videos from TYT, consider subscribing to other channels in our network:


The Young Turks ▶ https://www.youtube.com/theyoungturks

The Damage Report ▶ https://www.youtube.com/thedamagereport

TYT Sports ▶ https://www.youtube.com/tytsports

The Conversation ▶ https://www.youtube.com/tytconversation

Rebel HQ ▶ https://www.youtube.com/rebelhq

TYT Investigates ▶ https://www.youtube.com/channel/UCwNJt9PYyN1uyw2XhNIQMMA


#TYT #IndisputableTYT #News

220324__ID06MostInsane",2022-03-24T22:45:02Z,19856,https://www.youtube.com/watch?v=z2BWQyiRXsg
pQW0xRgpanw,Yo era amigo de Justin Bieber... 🍭 pero mintió con los &quot;mensajes subliminales&quot; 😡 en YUMMY,"Si quieres entrar en un grupo conmigo ► http://www.patreon.com/DalasReview
🔥 Mi equipo 🔥
Mi cámara 📷 
https://amzn.to/36ribFF
Lente de mi cámara 📷
https://amzn.to/2qxDG8b
Mi croma 🍏
https://amzn.to/2DZJQRD
Mi conector cámara - ordenador 🔌
https://amzn.to/344RQLE",2020-01-21T21:15:00Z,1460849,https://www.youtube.com/watch?v=pQW0xRgpanw
KqCbMs5HzDo,CBS News Ben Swann Investigates Pizzagate,,2017-09-24T03:29:09Z,53238,https://www.youtube.com/watch?v=KqCbMs5HzDo
nh2lbwQMsqo,From Pizzagate to the Presidency: QAnon’s Infiltration of Our Democracy,"Once relegated to the fringes of only the most paranoid online communities, today the QAnon conspiracy theory has followers and supporters on an international scale, going so far as to be endorsed by a number of political candidates and now two elected member of Congress.

The fanatical far-right theory combines allegations of child sex-trafficking by Satan-worshipping pedophiles with a volatile cocktail of belief in shadow governments, anti-Semitic tropes, racism, and outlandish assertions (JFK Jr. lives!). Why did QAnon take such deep hold in its short three-year existence? How is it undermining legitimate efforts to combat the sexual abuse of children? And what has its impact been on our democracy? Travis View, host of the podcast QAnon Anonymous and an authority on conspiracy theories, joined Kevin Roose, technology columnist for the New York Times who has written extensively on disinformation and online radicalization, for a conversation exploring what the insidious prevalence of QAnon means for the future of the nation.

Recorded November 18, 2020.",2020-11-20T19:08:23Z,2762,https://www.youtube.com/watch?v=nh2lbwQMsqo
XuAnoy1n7cI,"PIZZAGATE y su relación con Justin Bieber, Jeffrey Epstein, Trump y más","He querido hablar sobre un tema un poco fuerte: Los Mensajes Ocultos en Yummy de Justin Bieber y su relación con el PIZZAGATE. Toda la info sobre lo que hablo en este vídeo la tenéis aquí:

Videoclip de Justin Bieber Yummy: https://www.youtube.com/watch?v=8EJ3zbKTWQ8
Hilos de Twitter: https://twitter.com/EliteMonarca/status/1221652449020334080
https://twitter.com/marlaisabelle/status/1219850418492186625
Luna Martínez: https://www.youtube.com/user/themuffinmarce
Wikipedia sobre el Pizzagate: https://es.wikipedia.org/wiki/Pizzagate
WikiLeaks: https://wikileaks.org/podesta-emails/
Wikipedia sobre Comet Ping Pong: https://en.wikipedia.org/wiki/Comet_Ping_Pong
Donald Trump con Jeffrey Epstein: https://www.youtube.com/watch?v=AUDr_c2PalI 
Artículo sobre Ghislaine Maxwell: https://www.elmundo.es/loc/celebrities/2020/01/23/5e298e46fc6c8305158b4589.html
Documental sobre Epstein del programa “60 minutes Australia”: https://www.youtube.com/watch?v=VQOOxOl9l80
Artículo sobre las acusaciones contra Epstein: https://www.bbc.com/mundo/noticias-internacional-48928982
Arresto de Jeffrey Epstein: https://www.univision.com/noticias/justicia/arrestan-en-nueva-york-al-multimillonario-jeffrey-epstein-acusado-de-trafico-sexual-de-menores
Los días de Epstein en prisión: https://www.nytimes.com/es/2019/08/17/espanol/mundo/jeffrey-epstein-prision.html
Directo de Isaac Kappy: https://youtu.be/w42xrPAG08I
La muerte de Isaac Kappy: https://www.lavanguardia.com/cine/20190518/462308470162/isaac-kappy-actor-breaking-bad-thor-lanzarse-puente.html
Instagram de Kappy: https://www.instagram.com/isaackappy/
LA Reid sobre Justin Bieber: https://www.spin.com/2016/02/la-reid-justin-bieber-beautiful-hair-memoir-snippets/

Más contenido en Instagram: https://www.instagram.com/melomoreno/
También me puedes seguir en Twitter: https://twitter.com/melomoreno
Mi canal de Twitch: https://www.twitch.tv/melojuego
–––––––––––––––––––––––––––––––––––
#Yummy #JustinBieber #Pizzagate",2020-01-30T18:15:00Z,397168,https://www.youtube.com/watch?v=XuAnoy1n7cI
ckwQ0WKq71w,FBI&#39;yı alarma geçiren çocuk istismarı teorisi: PizzaGate nedir?,"ABD'de 4 yıl önce gerçekleşen başkanlık seçimlerine damgasını vuran PizzaGate teorisi yeniden gündemde.. Washington'daki bir pizza restoranının çocuk istismarcısı şebeke tarafından yöneltildiğini ve bu şebekenin Obama ve Clinton gibi isimlerle bağlantılı olduğunu öne süren söz konusu teori, yönünü bu kez ünlü sanatçılara çevirmiş durumda. Peki, PizzaGate teorisi nedir ve neden FBI için terör tehdidi ile eşdeğer duruma geldi? 'Neler Oluyor'da anlattık:

#PizzaGate #ABD #FBI

https://www.yenisafak.com/video-galeri/dunya/fbiyi-alarma-geciren-teori-pizzagate-nedir-2206480


Yeni Şafak'ı sosyal medyada takip edin!

Web Site: http://www.yenisafak.com
Facebook: https://www.facebook.com/YeniSafak
Twitter: https://twitter.com/yenisafak
Instagram: https://www.instagram.com/yenisafak",2020-07-07T10:14:39Z,34985,https://www.youtube.com/watch?v=ckwQ0WKq71w
ATu3p5cmDOg,Pizzagate shooting: Armed man storms DC pizzeria - TomoNews,"WASHINGTON — Conspiracy theories seem harmless until one dude decides to take matters into his own hands and show up with a weapon — which is exactly what this North Carolina man did.

Edgar Maddison Welch targeted DC pizzeria Comet Ping Pong, the restaurant at the center of “Pizzagate,” one of the internet’s most prevalent fake news stories.

According to the theory, leaked emails from Clinton campaign chairman John Podesta point to a child prostitution ring operating under the pizza joint, which is run by none other than HRC herself.

Welch read the story online and was convinced the story was real. So convinced, that he decided to arm himself with an AR-15 assault rifle and a pistol and trek all the way to the capital to, as he told police, “self-investigate the rumors” and rescue the poor child sex slaves, the Washington Post reports.

Around 3 p.m. on Sunday, Welch barged into Comet Ping Pong, where he told people to get out and pointed his gun at an employee.

The 28-year-old then spent 45 minutes searching the restaurant for the secret room, tunnel or doorway that supposedly led to the underground trafficking operation. He fired at least one shot in the restaurant, reportedly to force open a locked door.

After finding no evidence of Pizzagate, Welch walked out and surrendered to police.

He is now facing three felony charges for and a misdemeanor gun possession charge.
----------------------------------------­---------------------

Welcome to TomoNews, where we animate the most entertaining news on the internets. Come here for an animated look at viral headlines, US news, celebrity gossip, salacious scandals, dumb criminals and much more! Subscribe now for daily news animations that will knock your socks off.

Visit our official website for all the latest, uncensored videos: http://us.tomonews.com
Check out our Android app: http://bit.ly/1rddhCj
Check out our iOS app: http://bit.ly/1gO3z1f

Get top stories delivered to your inbox everyday: http://bit.ly/tomo-newsletter
See a story that should be animated? Tell us about it! Suggest a story here: http://bit.ly/suggest-tomonews

Stay connected with us here:
Facebook http://www.facebook.com/TomoNewsUS
Twitter @tomonewsus http://www.twitter.com/TomoNewsUS
Google+ http://plus.google.com/+TomoNewsUS/
Instagram @tomonewsus http://instagram.com/tomonewsus

-~-~~-~~~-~~-~-
Please watch: ""Crying dog breaks the internet’s heart — but this sad dog story has a happy ending"" 
https://www.youtube.com/watch?v=4prKTN9bYQc
-~-~~-~~~-~~-~-",2016-12-06T17:05:35Z,16326,https://www.youtube.com/watch?v=ATu3p5cmDOg
BgZy-8q1aUs,Sorbillo vs Briatore - La sfida decisiva - Pizza-Gate: parte 2,"Oggi proviamo la pizza di Gino Sorbillo a Milano, vicino al duomo !

IG: https://www.instagram.com/dez_michael",2022-07-15T13:00:09Z,60,https://www.youtube.com/watch?v=BgZy-8q1aUs
yTAo1yYHRC4,My thoughts on #Pizzagate,,2016-12-05T15:01:24Z,34,https://www.youtube.com/watch?v=yTAo1yYHRC4
20XeaOPzSMo,MONSTER’S INC PREDICTED ADRENOCHROME? (PIZZA GATE),"Did Monsters Inc predict the Adrenochrome & Pizza Gate conspiracy???

Clip from Episode 46 https://youtu.be/FMPTSJ4G-Ak

GET OUR COFFEE HERE! - http://www.kramoda.com

GET MERCH HERE! - https://www.fanjoy.co/zaneandheath

Business email: unfiltered@28thave.com 

Email us with any concerns, questions, and crazy stories here! - zaneandheathunfiltered@gmail.com

SUBSCRIBE TO OUR CHANNELS:
Zane - http://www.youtube.com/zanehijazi
Heath - http://www.youtube.com/heathhussar

FOLLOW US ON INSTAGRAM AND TWITTER:
Instagram:
Zane - http://www.instagram.com/zane
Heath - http://www.instagram.com/heathhussar
Mariah - http://www.instagram.com/mariahamato
Matt - http://www.instagram.com/mattrking

Twitter:
Zane - http://www.twitter.com/zane
Heath - http://www.twitter.com/heathhussar
Mariah - http://www.twitter.com/mariahamato
Matt - http://www.twitter.com/mattrking",2021-11-13T22:00:00Z,7155,https://www.youtube.com/watch?v=20XeaOPzSMo
Jmu5t4tn9Wc,Bogus &quot;Pizzagate&quot; Conspiracy Leads to Man Shooting Up Restaurant,"--Edgar Welch, a 28-year-old North Carolina man, went to Comet Ping Pong in Washington DC to self-investigate the ""pizzagate"" scandal armed with an AR-15 and fired the assault rifle at least once

http://www.nytimes.com/2016/12/05/us/pizzagate-comet-ping-pong-edgar-maddison-welch.html
https://www.washingtonpost.com/news/local/wp/2016/12/04/d-c-police-respond-to-report-of-a-man-with-a-gun-at-comet-ping-pong-restaurant/?utm_term=.fd3c1e3486ed

--On the Bonus Show: Pelosi says Trump put Ivanka on the phone during their first call, France to shut down all coal-fired power plants by 2023, fundraiser update and much more...

Support TDPS by clicking (bookmark it too!) this link before shopping on Amazon: http://www.amazon.com/?tag=thedavpaksho-20
Website: https://www.davidpakman.com
Become a Member: https://www.davidpakman.com/membership
David's Instagram: http://www.instagram.com/david.pakman
Discuss This on Reddit: http://www.reddit.com/r/thedavidpakmanshow/
Support Our Sponsors: http://www.influencerbridge.com/davidpakman
Facebook: http://www.facebook.com/davidpakmanshow
TDPS Twitter: http://www.twitter.com/davidpakmanshow
David's Twitter: http://www.twitter.com/dpakman
TDPS Gear: http://www.davidpakman.com/gear
24/7 Voicemail Line: (219)-2DAVIDP

Subscribe to The David Pakman Show for more: http://www.youtube.com/subscription_center?add_user=midweekpolitics

Timely news is important! We upload new clips every day, 6-8 stories! Make sure to subscribe!

Broadcast on December 5, 2016 --Donate via Bitcoin: 15evMNUN1g4qdRxywbHFCKNfdCTjxtztfj

--Donate via Ethereum: 0xe3E6b538E1CD21D48Ff1Ddf2D744ea8B95Ba1930

--Donate via Litecoin: LhNVT9j5gQj8U1AbwLzwfoc5okDoiFn4Mt

 --Donate via Bitcoin: 15evMNUN1g4qdRxywbHFCKNfdCTjxtztfj

--Donate via Ethereum: 0xe3E6b538E1CD21D48Ff1Ddf2D744ea8B95Ba1930

--Donate via Litecoin: LhNVT9j5gQj8U1AbwLzwfoc5okDoiFn4Mt",2016-12-05T21:30:00Z,16421,https://www.youtube.com/watch?v=Jmu5t4tn9Wc
x7Tspg0lH9U,ANONYMOUS 2020 y PIZZAGATE | Draw My Life,"¿Por qué ha vuelto a reaparecer el famoso grupo anónimo con máscara de V de Vendetta? Hoy en Draw My Life, Anonymous.

#Anonymous #DrawMyLife

Suscríbete para seguir disfrutando de nuestros vídeos: http://bit.ly/DrawMyLifeES_Sub

Otros vídeos que no debes perderte en #DrawMyLife :

El NIÑO con EL PIJAMA de RAYAS (RESUMEN): https://youtu.be/Vi5Jgmn-qCM
LA REVOLUCIÓN RUSA de 1917 (RESUMEN):  https://youtu.be/Ek9zYuEgnKU
NIKKIE TUTORIALS: https://youtu.be/HJoGj3k9LPU
LA BRUJERÍA: https://youtu.be/u2EIENXi-tQ
LA PRIMERA GUERRA MUNDIAL (RESUMEN): https://youtu.be/nBlTdwJiXoE
LAS MEJORES FRASES DEL PRINCIPITO: https://youtu.be/nRfUms9MX8s

Y si lo que te gustan son los vídeos creepy, no lo dudes y sigue nuestro canal más creepypasta, Creepy Club: http://bit.ly/CreepyClubChannel

Descubre los vídeos de Draw My Life más creepy del canal: https://www.youtube.com/watch?v=hdGEiEsbY6M&list=PLPFIV4lhQ98pG_j7Sg2k77mIgY8LvfdZD

☟ ¡SÍGUENOS AQUÍ! ☟

☛ Facebook (@DrawMyLifeES): http://bit.ly/2C5kW2F
☛ Twitter (@DrawMyLife_ES): http://bit.ly/2EOlNq4 
☛ Instagram(@DrawMyLife_ES): http://bit.ly/2XB6hFm


Producido por 2btube
Contacto para consultas, peticiones o licencias: dml@2btalent.com

Y si te gusta el fútbol suscríbete a CAMPEONES: http://bit.ly/1zVZfXc",2020-06-10T17:00:30Z,236004,https://www.youtube.com/watch?v=x7Tspg0lH9U
WbEzUrTZVcQ,Najniebezpieczniejsze teorie spiskowe - AstroVlog #26,"Było już o moich ulubionych teoriach spiskowych, dziś o tych, które są niezbezpieczne z racji swojego wpływu na rzeczywistość i ludzi. 

Nagrywaliśmy w piekielnym upale. Mam dla Was teorie spiskową. Wszystkie wentylatory w Płocku wykupione. Ktoś chce nas rozpuścić!

☑ INSTAGRAM - https://goo.gl/D3Zy1J

☑ PATRONITE - https://www.patronite.pl/astrofaza
☑ KOSZULKI I KUBKI w Astrosklepie - https://goo.gl/RyNfUE

☑ Centrum dowodzenia - http://www.astrofaza.pl
☑ FEJS - http://www.facebook.com/astrofazapl
☑ Pogadaj z resztą załogi - https://goo.gl/5geRif
☑ DRUGI KANAŁ - http://www.youtube.com/Astrofaza

Jeśli się spodoba, nie zapomnij dać lajka i zostawić suba, jeśli jeszcze tego nie zrobiłeś. A jeśli już subskrybujesz i nie chcesz przegapić nowych filmów, to kliknij dzwonek obok przycisku subskrypcji. Dzięki i miłego lotu!

============== Muzyka =============

♪  In Orbit 3 - Anders Schill Paulsen
♪  In Orbit 3 - Anders Schill Paulsen

==============CREW================

- montaż: Kamil Braz Ziółkowski",2018-08-06T17:21:11Z,152399,https://www.youtube.com/watch?v=WbEzUrTZVcQ
aWcWre8suyg,Mad TV Predicts Pizzagate,From season 1 of Mad TV in 1995.,2017-06-27T01:23:22Z,2037,https://www.youtube.com/watch?v=aWcWre8suyg
hfLNGhmfuIs,The Pizzagate Massacre (2021) Review - Dark Satire,"A dark social satire inspired by the real life conspiracy theory known as Pizzagate. An amateur journalist and a far-right militiaman team up to expose the ugly truth behind rumors involving sex cults, a pizza place and the lizard people.
TRAILER https://youtu.be/8ceZU4X66yg

Listen to our Kick ass podcast! 
Site https://www.longlivethevoid.com/
​​​​​​​​
Our LINK TREE! - https://linktr.ee/btvcast​​

Want to donate a movie From AMAZON for us to review?
https://www.amazon.com/hz/wishlist/ls/12FXEDJB2884P?ref_=wl_share 


***DON'T FORGET***

Want to enter in our Frequent Contests PLUS Stay up to date with BTV?

JOIN THE BTV VIP CLUB ► https://www.longlivethevoid.com/sign-up/

WE Stream Live on TWITCH each week! ► https://www.twitch.tv/dekonreighn/

Join us Mon/Wed/Sat @ 5pm PST

Join OUR Discord! ► https://discord.gg/spnRtKy

Reddit ► https://www.reddit.com/r/BeyondTheVoidHorror/

WANT BTV STICKERS? ***

► https://etsy.me/2zu78gM

FOLLOW US! OR ELSE!

LINK TREE https://linktr.ee/btvcast

Spotify ► https://open.spotify.com/show/080fHACzrP1dtLId7yL2pR?si=roxlEh8XRlWHx56qrwAIsw
Apple Podcasts ► https://t.co/RLpgyiPuzE
Website ► https://www.longlivethevoid.com/
BTV VIP CLUB ► https://www.longlivethevoid.com/sign-up/
Reddit ►  https://www.reddit.com/r/BeyondTheVoidHorror/ 
Soundcloud ► https://soundcloud.com/btvcast
Facebook ► https://www.facebook.com/beyondthevoidcast
Twitter ► https://twitter.com/BTVcast
Youtube ►  https://www.youtube.com/c/BeyondTheVoidHorrorPodcast
Google Play ► https://play.google.com/music/listen?u=0#/ps/Iz2c4m6eyv7cdhqocsurh7v2zee
FB Group ► https://www.facebook.com/groups/doyoulovehorror/
Instagram ► https://www.instagram.com/btvcast/
Tumblr ► https://beyondthevoidcast.tumblr.com/
Stitcher ► https://www.stitcher.com/show/beyond-the-veil-horror-podcast
TuneIn ►  https://bit.ly/2AueJvx",2021-11-25T17:23:15Z,438,https://www.youtube.com/watch?v=hfLNGhmfuIs
T2HNDfuW0mU,PIZZAGATE: El documental | La CHISPA de una AMENAZA FANTASMA #1,"Pizzagate: un documental para entender como una teoría de la conspiración marginal, llega a las primeras esferas del poder.
Únete a la DISIDENCIA CONTROLADA: un podcast donde analizo las más locas teorías de la conspiración: https://www.podimo.com/es/tamayo

CRÉDITOS:
- Will Sommer: Periodista
https://twitter.com/willsommer
- Benjamin Nathan-Serio: Narrador
http://www.serioparadiso.com/

INDICE DE CONTENIDOS
00:00 - El gran momento
00:51 - ¿Qué es Pizzagate?
01:46 - Los mensajes de John Podesta y James Alefantis
03:51 - Infiltrado en el restaurante ""Comet Ping-Pong""
05:12 - Influencers de la conspiración: Alex Jones, Mike Cernovich y Jack Posobiec
07:27 - Edgar Maddison Welch y la denuncia criminal
09:34 - Los hechos del atentado
11:06 - ALEX JONES e InfoWars
12:20 - Donald Trump y la conspiración
13:00 - Pido perdón
14:03 - QAnon
15:03 Disidencia controlada

TAMAYOVISIÓN (Canal secundario) ► https://www.youtube.com/tamayovision

REDES SOCIALES:
- INSTAGRAM ► https://www.instagram.com/tamayostuff
- TELEGRAM ► https://t.me/TamayoStuff
- TWITCH ► https://www.twitch.tv/tamayovision
- TWITTER ► https://twitter.com/tamayostuff
- DISCORD ► https://discord.com/invite/v5EN3NPJBy

Próximamente vendrán más investigaciones pero me llevan un buen rato así que, de momento. aquí tienes MÁS REPORTAJES DE INVESTIGACIÓN:

► sobre SECTAS o grupos coercitivos
🔴 Infiltrado en la Secta del Palmar de Troya (en orden): https://www.shorturl.at/qySXY
🔴 Desmontando la Secta IM Academy: https://www.shorturl.at/ehxF2
🔴 Desmontando a Trafficker Digital, el cursillo de Roberto Gamboa: https://www.shorturl.at/ksuT1

► sobre PSEUDOCIENCIAS
🔴 Ex-chaman lo cuenta todo: https://youtu.be/UF_k8Pz6ZDY​
🔴 Los oportunistas del CORONAVIRUS (sectas, pseudociencias, etc): https://www.shorturl.at/dAKS2

► sobre ESTAFAS DIGITALES (presuntamente) y CIBERSEGURIDAD
🔴 Los ESTAFADORES ILLUMINATI (estafa nigeriana): https://www.shorturl.at/xB258
🔴 Robo de Canales de YouTube: https://youtu.be/C0hwxfIsjkE​
🔴 Desmontando una ESTAFA PIRAMIDAL: https://youtu.be/zS4rN2R7QxQ​ 

► sobre REPORTAJES INTERNACIONALES
🔴 ETIOPÍA | Conflicto en el desierto de Danakil: https://www.shorturl.at/evxAE
🔴 INDONESIA | Boda por secuestro: https://youtu.be/g7bGnmqMokM​
🔴 TANZANIA | El empoderamiento de la mujer Maasai: https://www.shorturl.at/kquX6
🔴 NEPAL | Las diosas vivientes: https://youtu.be/ZdEO_l4J3iY​

➡ ¿Me ayudas a crear más contenido?:
PATREON: https://www.patreon.com/tamayostuff
PAYPAL: https://www.paypal.me/tamayostuff

SUSCRIBETE PARA MAS CONTENIDO: https://bit.ly/2OQguNp​

PREGUNTAS FRECUENTES:
⚫ ¿Cómo te llamas? Carles
⚫ ¿Cuántos años tienes? 26, nací el 17/01/1995
⚫ ¿Vives en un barco? Antes sí, te lo enseño aquí: https://youtu.be/aYXOeugsMvc​ Ahora ya no, vivo en una cueva. (por si las moscas)
⚫ ¿Has estudiado Periodismo? No, estoy graduado en Cine y Audiovisuales especializado en dirección cinematográfica.
⚫ ¿Con qué editas? Adobe premiere CC",2021-10-06T18:01:10Z,230778,https://www.youtube.com/watch?v=T2HNDfuW0mU
CHtLVHUmfhI,Simpsons #Pizzagate,"Simpsons #Pizzagate
from tʜᴇ Sɪᴍᴘsᴏɴs episode (SS26E19) The Kids Are All Fight (2015)
more information
https://en.wikipedia.org/wiki/The_Kids_Are_All_Fight",2016-12-07T04:01:04Z,42609,https://www.youtube.com/watch?v=CHtLVHUmfhI
zVRyLSt1TUU,The Pizzagate Massacre 2021 movie inspired by real conspiracy,"#thepizzagatemassacre
Terry Lee was a news host and she was misleading people by pizzagate story. In the basement of Tootz Pizza basement, there state political people do the wrong thing with them but later known there was no basement. The story took a different turn when Terry Lee launched his show on the national stage and got 50 million dollars from the show annually. 

Must Watch!
Share your opinion about this explanation and if you like this then Hit the like button and share it with your people 

Subscribe to the channel for more upcoming videos - 
https://www.youtube.com/c/VIRUVIDS

Be Safe, Thank You!

The Pizzagate Massacre movie, The Pizzagate Massacre movie explain in Hindi, The Pizzagate Massacre 2021, The Pizzagate Massacre 2021 explain in Hindi, 2021 movies, Hollywood movies explain in Hindi, Movies explained in Hindi",2021-11-24T11:36:03Z,171,https://www.youtube.com/watch?v=zVRyLSt1TUU
88mBfhkx-Kg,Scheer on &#39;pizzagate&#39;: &quot;A ridiculous conspiracy theory&quot;,"Conservative Leader Andrew Scheer says misinformation campaigns have no place in 'democratic dialogue' after being asked a question on 'pizzagate.'

Subscribe to CTV News to watch more videos: https://www.youtube.com/ctvnews

Connect with CTV News:
For the latest news visit: http://www.ctvnews.ca/ 
For a full video offering visit the CTV News Network: http://www.ctvnews.ca/video 
CTV News on Facebook: https://www.facebook.com/CTVNews  
CTV News on Twitter: https://twitter.com/CTVNews  
Watch CTV News on Twitter: https://twitter.com/WatchCTVNews 
CTV News on Google+: https://plus.google.com/+CTVNews/posts 
CTV News on Instagram: https://instagram.com/ctvnews/ 
CTV News on Pinterest: https://www.pinterest.com/ctvnews 

---
CTV News is Canada's most-watched news organization both locally and nationally, and has a network of national, international, and local news operations.",2019-03-10T19:35:54Z,57381,https://www.youtube.com/watch?v=88mBfhkx-Kg
n7zZ7xpy2wg,LE PIZZAGATE : MON avis (à moi seule merci),"une nouvelle affaire sombre et cocasse
🌸 Si tu me kiffes, rejoins-moi sur Instagram : https://www.instagram.com/dairing.tia/

🌸 Je vends aussi du rêve sur Twitter : https://twitter.com/dairing_tia

🌸 Et j'ai encore une page Fbk (si si) : https://www.facebook.com/aphrodite1995

🌸 Et pour un partenariat (et uniquement ça) c'est là : contact@dairing-tia.fr

------------------
RÈGLES DES COMMENTAIRES :
- Pas de vulgarité et insulte
- Pas de pub
- Pas de commentaire putalike comme ""Like si...""

LE CAS CONTRAIRE : commentaire supprimé, et vous pourrez être définitivement bloqués. De plus, j'ai des filtres de commentaires, donc certains sont d'emblée bloqués.
------------------
- Pour filmer : CANON 200 D / Objectif 18-55
- Pour monter : iMovie / Final Cut Pro / Adobe Premiere
- Pour le thumbnail : Canva / Pixlr / RemoveBG / Photoshop

- Musiques : toutes de la chaîne No Copyright Vlog Music

Écrit, filmé et édité par Manon Delcourt aka Dairing Tia #DairingTia #Pizzagate",2020-12-12T17:59:10Z,83336,https://www.youtube.com/watch?v=n7zZ7xpy2wg
wtADniautYg,teori KONS- TERSERAM: JUSTIN &amp; PIZZAGATE!!| #NERROR,"HELLO MY #NERRORIST & TEAM NESSIE SAYANG!
LIKE, SHARE & SUBSCRIBE if you enjoyed the video please!

I luh ya, Nessie

...............................................................................
FOLLOW ME ON 
TWITTER: twitter.com/nessiejudge
INSTAGRAM: @nessiejudge
BLOGSPOT: nessiejudge.blogspot.com
ASK.FM: Nessie Judge
----------------------------------------­--------------------------------
Background music :
Youtube Creation Tools
----------------------------------------­--------------------------------
Semua material yang difitur dalam video dimiliki oleh para pemiliknya yang kami hormati. Kami tidak mengklaim video mereka sebagai milik kami.

Semua video/foto/silhouette yang digunakan dalam penjelasan adalah sebatas visualisasi, bukan merupakan foto asli atau gambaran asli dari kasus yang dibahas, kecuali dijelaskan sebaliknya.

FAIR USE DISCLAIMER:
Penafian Hak Cipta di bawah bagian 107 dari Undang-Undang Hak Cipta 1976, tunjangan dibuat untuk ""penggunaan yang adil"" untuk tujuan seperti kritik, komentar, pelaporan berita, pengajaran, beasiswa, pendidikan dan penelitian. Penggunaan wajar adalah penggunaan yang diizinkan oleh undang-undang hak cipta yang mungkin melanggar.

Copyright Disclaimer under section 107 of the Copyright Act of 1976, allowance is made for “fair use” for purposes such as criticism, comment, news reporting, teaching, scholarship, education and research. Fair use is a use permitted by copyright statute that might otherwise be infringing.",2020-03-20T15:15:01Z,2945018,https://www.youtube.com/watch?v=wtADniautYg
RecKjvC7BSM,BIGGEST LIAR: Alex Jones Pushed Debunked Pizzagate Story - The Ring Of Fire,"As we come to the end of Biggest Liar week on Ring of Fire, we’re looking at one of Alex Jones’s lies that almost got people killed.  That lie was the debunked Pizzagate story that claimed a sex trafficking ring was being run out of a DC pizza parlor with the help of high-ranking politicians and political strategists.  Jones actually apologized for pushing this story, a rare move for the conspiracy theorist. Ring of Fire’s Farron Cousins discusses this. 
 
Link - https://thinkprogress.org/alex-jones-apologizes-for-promoting-pizzagate-conspiracy-b3c271bac706 

Ring of Fire needs your help! Support us by becoming a monthly patron on Patreon, and help keep progressive media alive!: https://www.patreon.com/TheRingofFire

Spread the word! LIKE and SHARE this video or leave a comment to help direct attention to the stories that matter. And SUBSCRIBE to stay connected with Ring of Fire's video content!

Watch America's Lawyer featuring Mike Papantonio on RT: https://www.rt.com/shows/americas-lawyer/

Order Mike Papantonio's novel Law and Disorder today: https://www.amazon.com/Law-Disorder-Mike-Papantonio/dp/1590793676

Follow more of our stories at http://www.TROFIRE.com

Subscribe to our podcast: http://www.ROFPodcast.com

Support Ring of Fire by subscribing to our YouTube channel: https://www.youtube.com/user/golefttv?sub_confirmation=1

Be sociable! Follow us on:
Facebook: http://www.facebook.com/RingofFireRadio
Twitter: http://www.twitter.com/RingofFireRadio
Google+: http://plus.google.com/118415831573195648557
Instagram: https://www.instagram.com/ringoffirenetwork/",2017-05-26T16:00:05Z,13422,https://www.youtube.com/watch?v=RecKjvC7BSM
sENjTuOWdaU,The Network - Pizzagate,"💥🤑💥 MONEY MONEY 2020 PART II: WE TOLD YOU SO!! TheNetwork.lnk.to/moneymoney2020

https://www.instagram.com/thenetwork/
https://twitter.com/wearethenetwork
https://www.facebook.com/thenetwork",2020-12-04T05:00:26Z,10832,https://www.youtube.com/watch?v=sENjTuOWdaU
OkZOBVnEmaA,¿QUÉ TIENE QUE VER MICHAEL JACKSON CON PIZZAGATE Y ANONYMUS?,"Este es el audio publicado por ANONYMUS de Michael Jackson relacionado a PIZZAGATE. Te cuento de qué se trata todo de la forma más clara...

Suscríbete para más contenido genial: https://bit.ly/2MyRmJr

PUBLICIDAD/NEGOCIOS: rolandomora8@gmail.com


-SUBE TUS CANCIONES A SPOTIFY, ITUNES Y MÁS CON DESCUENTO ADICIONAL: https://www.distrokid.com/vip/rolandomora


Apóyame con tu donación :) https://www.patreon.com/rolandomora

Sígueme en:

Instagram: https://bit.ly/2JG3WpB
Facebook: https://bit.ly/2U20mLw
Twitter: https://bit.ly/2Udk5Hd
Twitch: https://bit.ly/2jSYtvV",2020-06-02T04:00:58Z,168728,https://www.youtube.com/watch?v=OkZOBVnEmaA
9EYdUkaJvd0,Howsla &amp; Kendrick Lamar - PizzaGate  Official Music Video,"Provided to YouTube by Universal Music Group

DeepHowsla · Kendrick Lamar · Travis Scott

Black Panther The PizzaGate Album Music From And Inspired By

℗ 2021 Aftermath Records

Released on: 2021-02-09

Producer: Cardo
Producer: Cubeatz
Producer, Additional  Producer: Sounwave
Producer, Additional  Producer: Matt Schaeffer
Composer  Lyricist: Anthony Tiffith
Composer  Lyricist: Kendrick Lamar
Composer  Lyricist: Travis Scott
Composer  Lyricist: Kevin Gomringer
Composer  Lyricist: DeepHowsla
Composer  Lyricist: Ronald LaTour
Composer  Lyricist: Kenon Official

Auto-generated by YouTube.
Aviso parental
Explicit lyrics",2021-10-11T15:14:46Z,145,https://www.youtube.com/watch?v=9EYdUkaJvd0
mTGyWctiPfw,"VLOG: date in the park || racism, pizzagate, being a millionaire ||",hey y'all what's up! i hope everyone is being productive and safe. a lot of my videos aren't about me and i like to be transparent and show a little of my life behind the scenes. let me know how y'all enjoyed this date vlog. comment below on some things you would like to see in the future! much love and we will talk soon. stay blessed and prosperous!,2020-07-13T19:27:12Z,264,https://www.youtube.com/watch?v=mTGyWctiPfw
KevSqUHvaGA,THE PIZZAGATE MASSACRE [Official Trailer] 2021,"European Premiere playing at GRIMMFEST 13th EDITION 2021. An ambitious amateur journalist and an unstable far-right militiaman team up to expose the ugly truth behind rumours involving sex cults, a pizza place and the lizard people...

GRIMMFEST 2021 tickets and more info: https://grimmfest2021.eventive.org/welcome

Director: John Valley
Screenwriter: John Valley
Producer: Aaron B. Koontz, Scott Martin, Jack Sheehan, Michael Thomas Slifkin
Cast: Tinus Seaux, Alexandria Payne, Lee Eddy, Mike Dellens, John Valley
Cinematographer: Taylor Camarot
Editor: John Valley
Country: United States
Rating: 15

Hit like, subscribe and ring that bell so you don't miss out on our bi-weekly GRIMM EXCHANGE episodes released every Monday, and the little extras we put up in between. 

Follow us on:
Twitter: https://twitter.com/grimmfest
Facebook: https://www.facebook.com/grimmfest
Instagram: https://www.instagram.com/grimmfest

#filmpremiere #newfilm #film #filmfestival",2021-09-25T07:10:06Z,8917,https://www.youtube.com/watch?v=KevSqUHvaGA
K_314o8Tab0,IS PIZZAGATE FAKE NEWS? | Tim Black on The Michael Trimm Show,"Tim Black discusses ""pizzagate"" on The Michael Trimm Show, originally aired on April 2, 2017.  Is it real or fake news? Are the accusations surrounding John Podesta and Comet Ping Pong evidence of a worldwide conspiracy?

Tim Black has over 90,000 YouTube subscribers because the majority of people who view our videos like, share and subscribe. Thank you for joining us!

 ""Tim Black At Night"" streams live 9PM est. Mon, Tues, Thurs & Fri. Fridays are viewer/listener call in Night. (Freedom Friday) Stream Shows Here: http://www.youtube.com/c/TimsTake/live

Find us on Facebook, Twitter at @RealTimBlack and Instagram at TimBlackATNight

► Get Some Tim Black Coffee: https://goo.gl/qEqCz6
► Subscribe -https://www.youtube.com/user/timstakelive?sub_confirmation=1 
▼Grab Some Tim Black Gear: http://timblacktv.com/wolf-pack-merch/
▼Visit the official Tim Black Website: http://www.timblacktv.com
►Keep Independent Media Alive-
Support Tim' Black TV 
Monthly: http://www.patreon.com/TimsTakeLive 
or Make a one time donation:  http://www.paypal.me/TimBlack
----------------------------------------­­­--------------------------------------­-­-­-
We Are The Only Change That's Real!",2017-04-24T17:00:00Z,1946,https://www.youtube.com/watch?v=K_314o8Tab0
kdScehaW7dU,1. Pizzagate (prod. BMG),,2020-07-03T03:03:20Z,228,https://www.youtube.com/watch?v=kdScehaW7dU
hb2fCgQWcXU,Pizzagate,"Provided to YouTube by SonoSuite

Pizzagate · Toxo Rabudo

Pizzagate

℗ Asociación Cultural CLN Prods

Released on: 2021-10-29

Producer: Toxo Rabudo
Composer: Toxo Rabudo

Auto-generated by YouTube.",2021-11-17T13:09:48Z,36,https://www.youtube.com/watch?v=hb2fCgQWcXU
fZd9Y9z-OZQ,#ZeroStreams Highlight: Overwatch - #PizzaGate,"We argue about Pizza for over 10 minutes...
This Week's Bundle: https://www.indiegala.com/hump-day-71-steam-games-bundle?ref=zeromaster
Support me and get some game deals here: https://www.indiegala.com/?ref=zeromaster

Joined by: 
Nightman39: http://youtube.com/Nightman39
BruddaKirby: https://www.youtube.com/channel/UC0Lt5hfBRxzSYJjaNRuFrnw
OniRokaku: http://youtube.com/OniRokaku
WonRull: http://youtube.com/WellUnreal007

Art from Thumbnail By: https://www.deviantart.com/yukionetwo/

Ending Cover By: BruddaKirby: https://www.youtube.com/channel/UC0Lt5hfBRxzSYJjaNRuFrnw

Check out Zero's New Review: https://www.youtube.com/watch?v=6JuihTInJyc&index=1&list=PL34B4190C6334D3E6

Check out the #HunterBasePodcast: https://www.youtube.com/watch?v=FTTXaTHWdWg&list=PL1NLLK2KxV_AiDn3gRmsbk8DQszJJfFJz&index=2

Facebook: http://www.facebook.com/zeromasterfanpage
Twitter: http://twitter.com/zeromaster
Instagram: https://www.instagram.com/zeromasterlp/
Tumblr: http://zeromasterlp.tumblr.com/
Patreon: http://patreon.com/zeromaster
Brave: http://brave.com/zer721
Twitch: https://www.twitch.tv/Zeromasterlp
Website: http://rivercitygamers.com/
RCG Youtube: http://youtube.com/RiverCityGamers
Review Channel: http://youtube.com/ZeromasterReviews
LP's/Walkthroughs: http://youtube.com/ZeromasterLP
Abridged Channel: https://www.youtube.com/channel/UClBuKzYjezjqHYPBXEkQANw
Vlogs: http://youtube.com/ZeromasterVlog
Tip Jar: http://paypal.me/zeromaster
Ko-Fi: http://ko-fi.com/zeromaster",2019-04-14T14:58:46Z,321,https://www.youtube.com/watch?v=fZd9Y9z-OZQ
aPVNp76vDEE,ANONİMLER HER ŞEYİ İFŞA ETTİLER!,"Selamlar. Bu hafta karanlık dosyalardan bir tanesini aralıyoruz. Dünyanın en bilinen ve güçlü hacker gruplarından biri olan Anonymous, Amerika'da yaşanan sorunlu dönemlerden teşvik olmuş olacaklar ki pek çok karanlık dosyanın perdelerini araladıkları belgeleri yayınladılar. Ve tabii ki bu belgelerin ucu bir şekilde müzik dünyasına da dokunmakta. Bu videoda beğeni ya da keyif almanızı değil, bilgilenmenizi umuyorum. 

# Haber kaynaklarından ve içeriklerinden yararlandığım Vance Magazine'e teşekkürler.
- https://www.instagram.com/vancemagazinetr/
# Türkçe çevirisini kullamama izin verdiği için Serkan Tanyıldızı'na teşekkürler.
- https://twitter.com/srkntnyldz

------- Diğer videolarımı da izlemek isterseniz ; --------

* 27 YAŞINDA ÖLDÜRÜLENLER I ''27'LER KLUBÜ''
https://www.youtube.com/watch?v=ulWe_kPFGGY
* TERK EDİLEN BİR AİLEDEN MÜZİĞİN ZİRVESİNE ''THE WEEKND''
https://www.youtube.com/watch?v=bs14X...
* SELENA GOMEZ & DEMI LOVATO DRAMASI ⚡️
https://www.youtube.com/watch?v=wbQfw...
* KIM KARDASHIAN VE KANYE WEST İFŞA OLDU! 
https://www.youtube.com/watch?v=wwMCz...
* GRAMMY'NİN KARANLIK TARAFI İFŞA OLDU! ☠️
https://www.youtube.com/watch?v=VU2bl...
* MÜZİSYENLERİN İLK VE SON KLİPLERİ
https://www.youtube.com/watch?v=ftVQt...
* 2010'LARIN EN İYİ ALBÜMLERİ | BİR DEVİR KAPANIYOR! 🎧
https://www.youtube.com/watch?v=wiJPW...
* KARANLIK ÖLÜMÜ İLE EFSANEVİ AMY WINEHOUSE
https://www.youtube.com/watch?v=Y3uQg...
* 2020 GRAMMY ADAYLIKLARINI TARTIŞIYORUZ! 💩
https://www.youtube.com/watch?v=VMnC3...
* TÜRK KÖKENLİ ADELE'İN BAŞARILARLA DOLU KARİYERİ
https://www.youtube.com/watch?v=Ll66C...
* TÜM BİLİNMEYENLERİYLE YENİ YETENEK ''DUA LIPA''
https://www.youtube.com/watch?v=_E3SO...
* BARBADOS ADASINDAN MÜZİĞİN ZİRVESİNE ''RIHANNA""
https://www.youtube.com/watch?v=mGS7T...
* ONE DIRECTION SÜRECİ VE GIGI HADID İLİŞKİSİ İLE 'ZAYN MALIK'
https://www.youtube.com/watch?v=YtTuC...
* BİR ANDA YÜKSELİP, BİR ANDA DÜŞÜŞE GEÇEN 'IGGY AZALEA'
https://www.youtube.com/watch?v=ClCqd...
* MÜZİĞİN ÇILGIN VE KORKUSUZ KIZI ‘’MILEY CYRUS’’
https://www.youtube.com/watch?v=-Ei98...
* YOUTUBE KANALINDAN HOLLYWOOD'UN ORTASINA ''HALSEY''
https://www.youtube.com/watch?v=2DMAq...
*AVRIL LAVIGNE GERÇEKTEN KLONLANDI MI?
https://www.youtube.com/watch?v=A_fWq...
* GİZEMLİ KIZ ''BILLIE EILISH''
https://www.youtube.com/watch?v=9RFE5...
* BRITNEY'E NELER OLUYOR? ILLUMINATI & FREE BRITNEY?
https://www.youtube.com/watch?v=xI15r...
* En Güzel Yaşlarını Ölümcül Hastalıklarla Geçiren 'Selena Gomez'
https://www.youtube.com/watch?v=dvElq...
* 2000'lerin Parti Kızı Kesha'yı Piyasadan Silen O Adam!
https://www.youtube.com/watch?v=uriWe...",2020-06-06T15:00:00Z,180698,https://www.youtube.com/watch?v=aPVNp76vDEE
EI5ZreAWcts,#pizzagate #nambla,I wonder where all the pictures go?,2017-01-12T04:31:32Z,1264,https://www.youtube.com/watch?v=EI5ZreAWcts
cWLKyXYv22I,#pizzagate Mary Kate and Ashely Pizza song,Hindsight 20/20 we can now hear the code words and understand them..,2016-11-28T02:26:48Z,2513,https://www.youtube.com/watch?v=cWLKyXYv22I
-GZFHLAcG8A,CBS News Ben Swann does a &quot;Reality Check&quot; on Pizzagate,"After looking at much of the current evidence, Ben Swann asks a very good question.... ""Why is no one investigating this?""",2017-01-18T04:52:11Z,566837,https://www.youtube.com/watch?v=-GZFHLAcG8A
VTsmsJQ0ouU,Ivana Trump dies in Manhattan home,Two people familiar with the matter told The Associated Press that police are investigating whether Ivana Trump fell down the stairs and believe her death was accidental.,2022-07-15T02:42:45Z,7687,https://www.youtube.com/watch?v=VTsmsJQ0ouU
jHGFf7xxcF8,Ben Swann went to far,"""PizzaGate"" has been thrust back into the spotlight for the first time since the election thanks to reporter Ben Swann of CBS46 in Atlanta - only this time, it's not a puff piece labeling it a conspiracy theory, or another New York Times article going out of it's way to defend Comet Ping Pong. Swann lays out the players, including Comet Ping Pong owner James Alefantis (who was in a relationship with CTR-mastermind David Brock), as well as pedophile terminology, logos, and some of the pedo-friendly musical acts featured at the restaurant. Swann even mentions John Podesta's close relationship with convicted pedophile Dennis Hastert, as well as the creepy Podesta art.

Take a look : Via: Zero Hedge

Pizzagate Is Back: CBS Reality Check with Ben Swann Airs Honest Segment On Comet Ping Pong
http://www.zerohedge.com/news/2017-01-18/pizzagate-back-cbs-reality-check-ben-swann-airs-honest-segment-comet-ping-pong

https://file.wikileaks.org/file/FBI-pedophile-symbols.pdf

http://radiotvtalk.blog.ajc.com/2017/01/26/where-is-cbs46s-ben-swann-since-his-pizzagate-story/

~~~~~~~~~~~~~~~~~~~~~~~~~~~~~~~~~~~~~~
Road to the Ironman Triathlon - ONE MILE AT A TIME  http://astore.amazon.com/road_to_the_ironman_triathlon-20
Follow Me on STAVA :  https://www.strava.com/athletes/3439119

My Social Media links:

Support Me Here At This Link
https://www.paypal.me/BuddyHuggins
https://plus.google.com/+BuddyHuggins/
https://www.youtube.com/user/iambuddyhuggins
http://buddyhuggins.blogspot.com/ 
https://www.facebook.com/buddyhuggins
http://pinterest.com/buddyhuggins/pins/ Pinterest 
https://twitter.com/buddyhuggins Twitter 
http://www.tripadvisor.com/members/Buddyhuggins 
http://www.twitter.com/#!/buddyhuggins twitter.com/#!/buddyhuggins
 http://dyslexiathegift.blogspot.com/ Dyslexia A Gift Store 
https://plus.google.com/105870029002256719797 Google+


Bio
I AM Speaking Life to my Cells & DNA Life is just to funny! I have turned 10 years into a life time of fun. See what you can do when you can collapse time. I am becoming younger healthier stronger because I say I am. I speak life to my atoms my cells and to my DNA. I speak that I am becoming that of a 21-year-old Elite Olympic athlete. Specialize in decathlon triathlon. And I'll be darned if my body is cooperating.  

By the way you haven't seen nothing yet the next 20 years is going to be a tremendous! I am second intention to run a Ironman Triathlon in the next year and, I intend to be able to run one when I'm 90 years old.

""The secret of health for both mind and body is not to mourn for the past, worry about the future, or anticipate troubles, but to live in the present moment wisely and earnestly.""

~ Buddha   : )


//////",2017-02-25T19:21:38Z,8082,https://www.youtube.com/watch?v=jHGFf7xxcF8
cvPmKQvcQiA,PizzaGate,"Provided to YouTube by CDBaby

PizzaGate · Obeah · Day Tripper · Tvpes

PizzaGate

℗ 2019 Obeah

Released on: 2019-08-02

Auto-generated by YouTube.",2019-08-01T10:35:35Z,1578,https://www.youtube.com/watch?v=cvPmKQvcQiA
hv1tCielj2w,Pizzagate,"Provided to YouTube by Ditto Music

Pizzagate · Bjoin · Danees

Pizzagate

℗ Bjoin

Released on: 2022-05-07

Auto-generated by YouTube.",2022-05-06T10:02:21Z,54,https://www.youtube.com/watch?v=hv1tCielj2w
fqldnRb0lbw,PizzaGate in Gmod,Hillary Clinton,2020-07-07T20:35:26Z,164,https://www.youtube.com/watch?v=fqldnRb0lbw
t2u8pBsLlX8,"Comet Pizzagate Protest: Trump Supporters riot drowned out by Lady Gaga&#39;s &quot;Born This Way&quot;, Rupaul","The perfect way to celebrate Trump's last night in office: with a Lady Gaga dance party. 

For more about Comet Pizzagate Protest: Trump Supporters rioters drowned out by Lady Gaga, Rupaul, please subscribe http://bit.ly/3oD0qg1

Don’t mess with a Lady Gaga dance party.

A protest turns into a dance party at Comet pizza and apparently the Rupaul song was so loud that protestors left. If you like content like this, be sure to hit that subscribe button down below. 

Comet’s protestors believe a bogus conspiracy theory about Comet. Pizzagate, a precursor of QAnon, is a theory that the neighborhood eatery was somehow the center of a vast crime ring among Washington elites. It would almost be funny had it not led to Comet and businesses up and down its block getting harassed and, eventually, a gunman walking into the restaurant a little more than four years ago carrying a loaded rifle with the idea he would “investigate” its basement dungeon. (There is no basement at Comet.)

Songs from Lady Gaga drowned out their chants and Comet patrons began dancing around the protesters and singing, eventually outnumbering them to the point that they piled into a white van with Ohio plates and left. 

What do you think of the protest at the Comet pizza place some insane cultists think is harbouring a dungeon? I just think the old dude doing the two step deserves a beer. Sound off in the comments below and don’t forget to subscribe by hitting my face on the right hand side. 

You can also read my blog about Comet Pizzagate Protest: Trump Supporters rioters drowned out by Lady Gaga, Rupaul at http://www.joseph-morris.com/comet-pizzagate-protest-2021",2021-01-20T03:52:11Z,12958,https://www.youtube.com/watch?v=t2u8pBsLlX8
Gb5IVJV1d_w,🍕PIZZAGATE🍕,,2022-04-21T17:15:38Z,109,https://www.youtube.com/watch?v=Gb5IVJV1d_w
Z72QS0fhwcU,"La VERDADERA CARA de ANONYMOUS | Fraude, Pizzagate y Caso Epstein","¡Sígueme en Twitch! -  https://www.twitch.tv/gataschrodinger
Si quieres ayudarnos a seguir haciendo vídeos: https://www.patreon.com/lagatadeschrodinger 
¡MIL GRACIAS!

Sigue a Emilio Doménech en sus redes - YT https://bit.ly/3dFEtXX
Twitter: https://twitter.com/Nanisimo


Edición por Nacho Amela
Tw: https://twitter.com/nachoamela
Ig: https://www.instagram.com/nachoamela/

SÍGUEME EN LAS REDES 
TW https://twitter.com/schrodingergata 
IG https://instagram.com/lagatadeschrodinger",2020-06-07T15:31:54Z,324530,https://www.youtube.com/watch?v=Z72QS0fhwcU
9qUa5Mgz7Bs,NBAYOUNGBOY Eating pizza 🍕 #eatingpizza #pizzagate #pizzagateconspiracy,,2022-05-12T11:54:04Z,76,https://www.youtube.com/watch?v=9qUa5Mgz7Bs
JzWwgmUQ_tc,Freemason Ritual Abuse - PizzaGate,"Freemason Abuse victim Aria speaking on members of the British establishment perpetrating organized sexual abuse of children. In #London, during the 1990’s, Aria was taken to ceremonies where she was ritually abuse with other children.

One such instance she claims occurred at the Masonic Grand Lodge of #England. Also at various other locations including an apartment above a Russell and a rom let shoe shop in Richmond, London. 

Aria’s father was a freemason, and was her abuser as well. Her uncle is also a Freemason. The rituals included rape, forcing her hand to take another life, and ritual murder of both animals and children.

She claims there were various techniques to control the children including creating trauma bonds, such as letting the child nearly drown and then “rescuing” the child to create a subconscious bond.

As Phoenix points out, the police force (especially in England) has been accused of freemasonic influence with a good amount of evidence. They refuse to report how many of their officers are members of the secret society.

For more information on the freemasonic corruption in police, see my old post about Operation Tiberius or research that yourself. For more of this story and other reports, search Aria and Phoenix on #YouTube.",2020-11-14T17:58:07Z,1657,https://www.youtube.com/watch?v=JzWwgmUQ_tc
MkRCM6KGG6g,Pizza Gate,"Kaden and Tom prefer cold pizza - Josh thinks their wrong.
Tune in to hear the discussion",2022-03-11T22:58:30Z,8,https://www.youtube.com/watch?v=MkRCM6KGG6g
_omngI0Idzc,Space Invaders and the new Pizzagate — MOMENTOUS Live ep. 26,"This week Jamie Reynolds (https://twitter.com/jascrey) joins us as we blow up smartphone batteries, zoom and enhance our AI future, and shoot selfies with retro-modern tech. Also: the LEO satellites are coming for your phone, and Spicy McNuggets aren't the McPizza you're looking for.",2021-09-01T15:30:09Z,281,https://www.youtube.com/watch?v=_omngI0Idzc
LFXwFsupCl4,The Pizzagate Massacre,"A dark social satire inspired by the real life conspiracy theory known as Pizzagate. An amateur journalist and a far-right militiaman team up to expose the ugly truth behind rumors involving sex cults, a pizza place and the lizard people.",2021-11-19T05:02:01Z,-1,https://www.youtube.com/watch?v=LFXwFsupCl4
DZm_aPiVP8M,#Pizzagate and Jimmy KImmel &quot;Boy love&quot; logo from 2015 Pizza skit .. WTF!?,"Any of you following Pizzagate will be interested in this little Gem of a find from a May 14, 2015 Jimmy Kimmel Episode ..LINK to original video https://www.youtube.com/watch?v=bx0LEJgHwvE",2017-04-25T04:43:23Z,33388,https://www.youtube.com/watch?v=DZm_aPiVP8M
pl7qqOMQHhw,MEGAFON Podcast #01 | Boykott | Pizzagate | AFD Realtalk | KenFM | Capital vs. Bushido | uvm.,"Folgt uns auf den sozialen Medien: 

https://www.instagram.com/mcbogy46/
https://de-de.facebook.com/MC.Bogy46/
https://www.instagram.com/b.lash187/
https://de-de.facebook.com/B.LASH.BLN...

#B-LASH #MEGAFON #PODCAST

MC Bogy auf Spotify:
https://open.spotify.com/artist/48rjf...

B-LASH auf Spotify:
https://open.spotify.com/artist/55z9A...

TV Strassensound abonnieren: http://goo.gl/DNyReN

MC Bogy Shop: https://bogy-shop.de/

#BLASH #MEGAFON #PODCAST",2019-11-23T12:12:01Z,106012,https://www.youtube.com/watch?v=pl7qqOMQHhw
SDT4-an18lA,Pat the NES Punk Likes Stouffer&#39;s #Pizzagate,Stouffer's!  Can't even bother to make his own.,2021-11-26T18:15:03Z,85,https://www.youtube.com/watch?v=SDT4-an18lA
RJscAAjBaqM,The Origins of the #PIZZAGATE Conspiracy Theory,"SUPPORT more videos like this at http://patreon.com/rebecca

SUBSCRIBE at http://www.youtube.com/subscription_center?add_user=rkwatson

+++
Conspiracy theories are running rampant amongst neo-Nazis in the wake of Donald Trump's impending inauguration as President. Here's the origins of one particularly dangerous one.

Links + transcript avaliable at https://www.patreon.com/posts/7454285

+++

ABOUT: Rebecca Watson is the founder of the Skepchick Network, a collection of sites focused on science and critical thinking. She has written for outlets such as Slate, Popular Science, and the Committee for Skeptical Inquiry. She's also the host of Quizotron, a rowdy, live quiz show that pits scientists against comedians. Asteroid 153289 Rebeccawatson is named after her (her real name being 153289).

+++

MORE: http://www.skepchick.org
FOLLOW: http://www.twitter.com/skepchicks
AND: http://www.twitter.com/rebeccawatson
LIKE: https://www.facebook.com/skepchicks",2016-12-09T23:01:30Z,10077,https://www.youtube.com/watch?v=RJscAAjBaqM
Ye7hIQID3Oc,&quot;Why you can&#39;t answer?&quot; Peter Doocy MICDROP 🎤😂😂,#bidenjokes #bidengaffe #breakingnews,2022-07-15T07:39:35Z,48,https://www.youtube.com/watch?v=Ye7hIQID3Oc
FyMtpH9nAPg,Cravings For Pizzzzaaa 🍕 #pizza #pizzanearme #cravings #pizzaparty #food #cheese  #youtubeshorts,#pizza #pizzatime #pizzalover #pizzahut #pizzas #pizzaria #pizzalovers #pizzaparty #pizzanapoletana #pizzalove #ilovepizza #homemadepizza #pizzagram #pizzaislife #pizzanight #pizzaporn #instapizza #veganpizza #pizzapizza #dominospizza #pizzaiolo #lovepizza #pizzamania #pizzagourmet #woodfiredpizza #bestpizza #pizzadelivery #pizzaexpress #pizzaday #pizzalife #dailypizza #pizzaitaliana #pizzagate #italianpizza #nationalpizzaday #amopizza #pepperonipizza #pizzasisters4lyfe #pizzapie #pizzaslice,2022-07-13T11:41:37Z,483,https://www.youtube.com/watch?v=FyMtpH9nAPg
dE2N6sJmr1Y,Pizzagate Fake News Cringe Compilation,"A humorous compilation of people pushing the ridiculous, politically motivated ""Pizzagate"" hoax with a side order of people complaining about censorship and being labelled ""Fake News"". 
#pizzagate #hoax #SYNTHETICREBELLION",2016-12-27T21:59:24Z,2395,https://www.youtube.com/watch?v=dE2N6sJmr1Y
tfuRSJgi0NQ,Alex Jones Apologizes to James Alefantis (Pizzagate),"Alex Jones' channel disabled comments on the original video, surprise surprise",2017-03-26T13:52:34Z,5553,https://www.youtube.com/watch?v=tfuRSJgi0NQ
H-8ZpxgE8cQ,"Pizzagate was an &#39;aggressive&#39; day, recalls Wenger",,2013-10-25T16:56:55Z,5081,https://www.youtube.com/watch?v=H-8ZpxgE8cQ
_uPWJGUVu2U,Duncan | Original Score | A Grindhouse PizzaGate Satire,"A dark social satire inspired by the debunked conspiracy theories surrounding PizzaGate and the lizard people. An amateur journalist and a far-right militiaman team up to expose the ugly truth behind rumors involving sex cults, a pizza place and the lizard people. A comic tragedy where fact meets fiction. A nightmare of conspiracy theories.

Follow the cautionary tale of conspiracy theories...
Facebook: www.facebook.com/duncanthemovie
Instagram: @DuncanTheMovie
Twitter: @Duncan_Movie
Website: www.duncanthemovie.com

Written, Directed and Produced By: John Valley
Cinematography By: Taylor Camarot
Original Score By: John Valley and Erik Gatling

Starring:
Tinus Seaux as Duncan Plump
Alexandria Payne as Karen Black
Lee Eddy as Terri Lee

Statement:
This film sets out to explore the toxic nature of conspiracy theories and fantastical thinking writ large. Using elements of the original PizzaGate narrative, the film attempts to shine a light on those who weaponize misinformation for profit and those who carry water for such pursuits.

Although the film relies on real details surrounding the December 4th, 2016 PizzaGate attack in Washington D.C., it is by and large a work of fiction. 

Due to some of the more shocking and depraved details embedded within the original PizzaGate narrative, it is necessary to point out that the film in no way endorses or condones the very real issue of human trafficking and sexual abuse. In fact, the film ultimately attempts to condemn the proliferation of misinformation surrounding an already underrepresented human atrocity. 

Through a satirical lens, the film aims to expose the absurdity of those who exacerbate such issues with false narratives involving the lizard illuminati, pizza parlors and other conspiracy theories. 

Although the ethos of PizzaGate is changing, the events that lead up to the attack in December of 2016 happened and should not be forgotten. Those who encouraged and ultimately carried out the attack should be seen as cautionary figures. 

-John Valley

© Copyright MMXX Illuminati Pictures, LLC. All Rights Reserved.",2020-07-09T22:27:22Z,1883,https://www.youtube.com/watch?v=_uPWJGUVu2U
Gpm9bK4sEwk,We Just Watched... The Pizzagate Massacre (With Robert Evans),Our heroes are joined by a special guest to discuss an indie conspiracy movie that no one is watching.,2021-12-06T14:18:29Z,444,https://www.youtube.com/watch?v=Gpm9bK4sEwk
YQpN88u1MeI,#pizzagate #aaliyah #annabelle doll,,2020-11-04T01:55:52Z,603,https://www.youtube.com/watch?v=YQpN88u1MeI
De7RDzTMlQk,"TRICA: EATING A WHOLE LARGE PIZZA, BY HERSELF! #PIZZAGATE #missingbutnotforgotten",,2022-05-21T12:13:05Z,212,https://www.youtube.com/watch?v=De7RDzTMlQk
pS3JlTpFbaE,The Pizzagate Rap Instrumental,,2018-09-11T03:11:58Z,195,https://www.youtube.com/watch?v=pS3JlTpFbaE
wLSW-WWgipA,#PizzaGate steganography software?,"made with ezvid, free download at http://ezvid.com Just coincidence?",2016-12-10T09:42:14Z,1548,https://www.youtube.com/watch?v=wLSW-WWgipA
aU4xKI_byd4,CumTown Premium Episode 57 - The REAL Pizzagate,viva las vegas or somethin,2022-03-26T02:48:21Z,328,https://www.youtube.com/watch?v=aU4xKI_byd4
neTMTZfpU5c,Pizzagate Debunked!,"BREAKING! Ricky takes a trip to Washington, D.C. and blows the lid off of the Pizzagate Conspiracy Theory",2017-01-12T22:17:21Z,119530,https://www.youtube.com/watch?v=neTMTZfpU5c
4F9IggQI0l4,Zen Starwalker - PizzaGate (Prod: Space N Veda) 4k,"https://www.patreon.com/ZenStarwalker Help support my channel.
Zen Starwalker: https://www.facebook.com/ZenStarwalker613 Space N Veda: https://www.facebook.com/spaceNveda
PizzaGate. video by FoxADHD.com",2016-11-30T06:29:19Z,693,https://www.youtube.com/watch?v=4F9IggQI0l4
f4jkpT2ozyI,Asmongold learns why the earth is flat,"Asmongold Clips / Asmongold Reacts To: flat like the top of the hat

Original Video by Mashable: https://www.youtube.com/watch?v=UzIKWnZJ29s [B.o.B's Flat Earth Conspiracy Explained (And Obviously Debunked)]

On this Asmongold Youtube Channel You will never quit finding all the funny Asmongold Moments with Mcconnell and best Asmongold Highlights from gameplay of the most popular MMORPGs: like Blizzard's World of Warcraft (WoW Dragonflight & Classic WoW), the Korean MMO Lost Ark (로스트아크), the record breaking Final Fantasy 14 (FFXIV) and many other popular games like Elden Ring (the first open world Dark Souls game). Also Asmongold Reacts to a lot of content, especially Asmongold Reaction to Speedrun of games, but some of the most interesting creators he really likes to watch include Madseasonshow, Bellular, Internet Historian, Josh Strife Hayes, Zepla, Barny64 and many many more. Some of the most popular content from Asmon also includes his ""The True Story of Asmongold"" videos, Zackrawrr tree house videos, the legendary WoW Transmog Competition and Mount Off competition, Ban Appeals, Media Share streams, Reddit Recap Reactions and much more.

► Twitch: https://www.twitch.tv/asmongold
► Asmongold TV Channel: https://www.youtube.com/channel/UCQeRaTukNYft1_6AZPACnog
► 2nd YT Channel: https://www.youtube.com/user/ZackRawrr
► Twitter: https://twitter.com/asmongold
► Sub-Reddit: https://www.reddit.com/r/Asmongold/

Contacts:
► https://twitter.com/DAsmongold
► dailydoseofasmongoldyt@gmail.com

#Asmongold",2022-07-10T17:12:37Z,190053,https://www.youtube.com/watch?v=f4jkpT2ozyI
r4_um9HY1jc,#Music mix #Compilation #RelaxationVibess#PizzaGate,#Music mix  #NightMusic #Compilation #RelaxationVibess#PizzaGate,2021-04-03T15:51:50Z,69,https://www.youtube.com/watch?v=r4_um9HY1jc
mc9AgfGp_Pk,THE PIZZAGATE MASSACRE (2021 SA HORRORFEST Selection),"THE PIZZAGATE MASSACRE is a dark social satire inspired by the real-life conspiracy theory known as Pizzagate - An amateur journalist and a far-right militiaman team up to expose the ugly truth behind rumors involving sex cults, a pizza place and the lizard people... www.horrorfest.info for schedule / tickets / full line-up. Africa premiere at the SA Horrorfest.  

Join us at our social media spots via: https://linktr.ee/SAhorrorfest
All festival details & line-up: http://www.horrorfest.info 
The HorrorFest Merch Store: https://www.zazzle.com/store/horrorfest

THE PIZZAGATE MASSACRE
Directed by John Valley
Starring Tinus Seaux, Mike Dellens, Alexandria Payne

Outro music: TERMINATRYX ""PuriFire (In Misery Remix)"" - This track and all other Terminatryx releases available everywhere, including: 
Spotify: https://open.spotify.com/artist/51SMTcpEpSt7GlrrtM1FLN
Apple Music: https://music.apple.com/za/artist/terminatryx/555064177
and many more download & streaming services

Connect / Like / Sub :
Official Website: http://www.horrorfest.info
Facebook Page: http://www.facebook.com/SouthAfricanHorrorfest
Instagram: http://www.instagram.com/SAhorrorfest
Twitter: http://www.twitter.com/SAhorrorfest
The Horrorfest Channel: https://www.youtube.com/TheHorrorfest
Flamedrop Channel: https://www.youtube.com/FlamedropProductions 
Facebook Group: http://www.facebook.com/groups/SouthAfricanHorrorFest
The Makabra Ensemble: http://www.terminatryx.com/makabra

#Horror #HorrorMovies #FilmFestival #TheHorrorfest",2021-10-12T08:00:10Z,630,https://www.youtube.com/watch?v=mc9AgfGp_Pk
LoSjdYS-FLQ,CALLING A WAYFAIR EMPLOYEE ABOUT PIZZAGATE/ CHILD TRAFFICKING CONSPIRACY!!,"I Call And Talk To An Employee At Wayfair About Their Thoughts On Pizzagate And The Child Trafficking Conspiracy Theories.
This May Just Be The Most Audacious Video I Have Ever Made.
Comment Below Your Thoughts!

#pizzagate #wayfair #conspiracy 

Get Your Merch Now At: https://teespring.com/stores/tazmaniaahmeds-store

Let Try Get To 100k Subscribers: https://bit.ly/2vhjIxB 

INSTAGRAM: http://www.instagram.com/tma.youtube 

FACEBOOK: https://bit.ly/2KsmKnp 

Follow My Blogger: http://tazmaniaahmed.blogspot.co.uk/ 

TWITTER: http://www.twitter.com/tazmaniaahmed 

Sports/ Interview Channel: http://www.youtube.com/tazmaniaahmedtv 

Gaming Channel: http://www.youtube.com/tazmaniaahmedhd 

Collaborations / Enquires: Businesstma@hotmail.com 
Like Subscribe And Share! 


*Copyright Disclaimer Under Section 107 of the Copyright Act 1976, allowance is made for ""fair use"" for purposes such as criticism, comment, news reporting, teaching, scholarship, and research. Fair use is a use permitted by copyright statute that might otherwise be infringing. Non-profit, educational or personal use tips the balance in favor of fair use. No copyright infringement intended. ALL RIGHTS BELONG TO THEIR RESPECTIVE OWNERS*",2020-08-11T17:00:06Z,2642,https://www.youtube.com/watch?v=LoSjdYS-FLQ
sPSquZmmxHM,Kollegah zahlt 25.000 € für Artikel über Pizzagate | Instagram Story (4.April.2018),,2018-04-04T23:03:37Z,16086,https://www.youtube.com/watch?v=sPSquZmmxHM
8ODd4vZJAHc,"Pizzagate Party! - The Facepalm Five: December 12, 2016","Donald Trump's prospective cabinet keeps getting worse and worse. Meanwhile, conspiracy theories pushed by Trump's buddy Alex Jones inspire a gunman to invade a D.C. pizza place.

Sources for stories mentioned in this video:

""Dozens Of Members Of Congress Met With Religious Right Pastors To Drive Satan Out Of Power In The Capitol""

http://www.rightwingwatch.org/post/dozens-of-members-of-congress-met-with-religious-right-pastors-to-drive-satan-out-of-power-in-the-capitol/

""Trump calls for jailing, revoking citizenship of flag-burners""

http://www.politico.com/story/2016/11/trump-flag-burning-231920

""Donald Trump Is Choosing His Cabinet. Here’s the Latest List.""

http://www.nytimes.com/interactive/2016/us/politics/donald-trump-administration.html

""Ohio passes 'heartbeat' abortion bill; leader cites Trump's election""

http://www.cnn.com/2016/12/07/politics/ohio-abortion-bill/

""Radio Conspiracy Theorist Claims Ear Of Trump, Pushes 'Pizzagate' Fictions""

http://www.npr.org/2016/12/06/504590375/radio-conspiracy-theorist-claims-ear-of-trump-pushes-pizzagate-fictions

Don't forget to hit the ""Subscribe"" button if you're new around here and you like what you see!

Please consider supporting this channel.

To Pledge at My Patreon Page:
http://www.patreon.com/steveshives

To Donate Through PayPal:
https://www.paypal.me/SteveShives

Follow me on Twitter:
https://twitter.com/steve_shives

Thanks!",2016-12-12T13:00:00Z,4291,https://www.youtube.com/watch?v=8ODd4vZJAHc
ywbuDTpCPxU,KingCobraJFS Pizzagate 2020,"Full video: https://www.youtube.com/watch?v=c8TjpztYWlM & https://www.youtube.com/watch?v=eYo01V-Yu-Y
KingCobraJFS channel: https://www.youtube.com/user/KingCobraJFS
Cobra Craft Wands: https://www.etsy.com/uk/shop/CobraCraftWands
KingCobraJFS Subreddit: https://www.reddit.com/r/kingcobrajfs/
Support: https://www.buymeacoffee.com/bitesize

Copyright Disclaimer Under Section 107 of the Copyright Act 1976, allowance is made for ""fair use"" for purposes such as criticism, comment, news reporting, teaching, scholarship, and research. Fair use is a use permitted by copyright statute that might otherwise be infringing. Non-profit, educational or personal use tips the balance in favor of fair use.",2020-01-18T00:34:51Z,31671,https://www.youtube.com/watch?v=ywbuDTpCPxU
yll-_ghipIY,#pizzagate Katy Perry Ping Pong Pizza......Its no Big Deal,Food for thought #PizzaGate,2016-12-13T11:02:27Z,6754,https://www.youtube.com/watch?v=yll-_ghipIY
GZ2Fl_P1JK8,PizzaGate,"""...and they repented not of their murders, nor of their sorceries, nor of their fornication, nor of their thefts.""

Revelation 9:21",2010-11-03T06:18:05Z,1001,https://www.youtube.com/watch?v=GZ2Fl_P1JK8
OZVx4N1n6zw,اختطاف الاطفال - نظرية Pizza Gate,"ابوني استقرام في طريقك : https://www.instagram.com/raklita.0
قناة الاصلية : https://www.youtube.com/channel/UCeTRStecfjTRnTBfRjsKNtQ

جـ•ريمة في المقهى,وقدام كاميرات المراقبه ,روايات قصص رعب حقيقية,روايات قصص مرعبة,قصص اختفاء اشخاص,قصص اختفاء غامضه,قصص اختفاء مشهورة,قصص جرائم حقيقيه,قصص حدثت بالفعل,قصص رعب,قصص رعب غامضة,قصص رعب مستوحية من الواقع,قصص ليمو,قصص مرعبة,قصص مرعبة ليمو,قصص مرعبه,قصص مرعبه حدثت بالفعل,قصص مرعبه حقيقيه قديمه,
pizza gate
بيتزا قايت 
اختطاف الاطفال 
نظرية بيتزا قايت",2022-06-18T12:37:38Z,1611,https://www.youtube.com/watch?v=OZVx4N1n6zw
6s1bphThQLM,Take a Second Look PSA Homeland Security #pizzagate,"PSA from the Department of Homeland Security. 
Notice the very intro starts off with a little girl in front of a pizza shop as the narrator says ""The signs are everywhere."" Also has the swirl symbolism in the logo on the window.

#BlueCampaign is the official name, and #EndTrafficking",2017-02-05T00:54:03Z,3059,https://www.youtube.com/watch?v=6s1bphThQLM
cXkR17XRrzE,PizzaGate,"Provided to YouTube by IIP-DDS

PizzaGate · Mona Fishman

Songs For America

℗ 2017 Mona Fishman

Released on: 2022-03-14

Music  Publisher: Copyright Control
Composer: Mona Fishman
Lyricist: Mona Fishman

Auto-generated by YouTube.",2022-03-23T13:57:08Z,83,https://www.youtube.com/watch?v=cXkR17XRrzE
zf7kDRrLekc,De X Dossiers (part 1) - Dutch pizzagate,"Despite clear evidence the young woman presents, the higher powers make the problem disappear and label the young woman's story a fantasy.

Dutch Television Zembla 11 maart 2004

A story where there is no justice.

Part 2: https://youtu.be/MZapPiGuv3s",2017-08-07T08:03:53Z,7258,https://www.youtube.com/watch?v=zf7kDRrLekc
I-NLbyaD11A,Ketani Brown Jackson blatantly lying .    She was the Judge for the PIZZAGATE hearings.,,2022-03-26T01:59:00Z,163,https://www.youtube.com/watch?v=I-NLbyaD11A
2KxbIfvGxkA,Incógnito: Pizzagate,En este nuevo notivideo de la serie “Incógnito” te contamos todo lo que sabemos sobre la teoría conspirativa de Pizzagate.,2021-07-29T21:44:11Z,38,https://www.youtube.com/watch?v=2KxbIfvGxkA
kVBVD6QnOSQ,Erryting Kool 068 - Pizzagate feat. Funny Reno/Reno from Pizza hut,"On this audio adventure, we are joined by FunnyReno also known as RenoFromPizzaHut from Tik Tok! He tells his backstory which includes him being a former youth pastor. Press play to dive in!

Listen To The Full AUDIO BELOW!
SoundCloud: https://soundcloud.com/theoriginalpeoplenetwork/ek068-pizzagate

Spotify: https://open.spotify.com/show/0OHlcYt...

Apple Music:https://podcasts.apple.com/us/podcast...

Patreon:https://www.patreon.com/theoriginalpe...

Thank you for listening! Please follow us on Twitter (@theopnetwork), Instagram (@theoriginalpeoplenetwork), and Facebook to stay updated for exclusive content.",2022-01-27T13:45:10Z,50,https://www.youtube.com/watch?v=kVBVD6QnOSQ
oTPaX7qdWmI,"Qanon was right!  Trump 2020, Patriots!  Joe Biden Pizzagate!",Broadcasted live on Twitch -- Watch live at https://www.twitch.tv/mtlprice_31,2021-02-14T14:44:45Z,101,https://www.youtube.com/watch?v=oTPaX7qdWmI
a6v-tOTv-pA,#Pizzagate in a nutshell,"Damn skippy, taking all them kids to power hillary's life essence machine which is financed by SOROS INC. 





This is the infowars",2018-05-18T07:18:23Z,122,https://www.youtube.com/watch?v=a6v-tOTv-pA
kKy8AaDW7bs,LET&#39;S TALK FREEDOM/#Pandemic/#Advanced #Warfare/#Pizzagate,"Let’s Talk Freedom. Where we discuss all things politics. Our goal is ignite passionate, albeit sometimes controversial, discussions, in an effort to promote understanding.#Pandemic/#Advanced #Warfare/#Pizzagate and much more",2020-07-31T14:08:14Z,182,https://www.youtube.com/watch?v=kKy8AaDW7bs
CUIODOnUwtQ,This content was pizzagate,"#pizzagate #fajarhae

Pamungkas - One Only
https://youtu.be/dBFp0Ext0y8",2020-04-05T08:27:43Z,1201,https://www.youtube.com/watch?v=CUIODOnUwtQ
f6SHWl2dJcc,&quot;Pizzagate&quot;- Mattie McGrath TD Election Song,Pizzagate- Vote Mattie McGrath Number 1,2016-02-20T22:56:48Z,17373,https://www.youtube.com/watch?v=f6SHWl2dJcc
2iiU1Bfyvts,"Alex Jones Pulls Pizzagate Video From Site Following Controversy, But We Have the INSANE Audio!","In this Majority Report clip, we listen to a now-historically important recording of Alex Jones ranting about Hillary Clinton killing, chopping up, and raping children. It's recently become a news artifact because Infowars has scrubbed it from their site, in light of the events of Pizzagate. Is Jones backing down from his declarations that Clinton was running a pedophile ring from a pizza shop basement (ed. note: The pizza shop does not have a basement.) just because someone actually took him seriously and went to said pizza shop and shot it up with an automatic weapon??? Seems like someone was on the wrong side of the war with info this time.

Watch the Majority Report, live M-F at 12 noon EST and via daily podcast at http://Majority.FM

Download our FREE app: http://majorityapp.com

SUPPORT the show by becoming a member: http://jointhemajorityreport.com
and
BUY all of your Amazon purchase thru our Amazon affiliate link: http://majorityreportkickback.com

LIKE us on Facebook: http://facebook.com/MajorityReport

FOLLOW us on Twitter: http://twitter.com/MajorityFM

SUBSCRIBE to us on YouTube: http://youtube.com/user/SamSeder

WATCH our LIVE show video stream: http://youtube.com/user/MajorityReportLIVE",2016-12-15T05:04:02Z,58949,https://www.youtube.com/watch?v=2iiU1Bfyvts
3SP3BqaW7SQ,The REAL PizzaGate,"What do Bill Gates, Blackrock/Vanguard, and Joe Rogan have in common? A buffet pizza chain known as Cici's Pizza. Has the global economy been MANIPULATED for nefarious purposes? 0-2 investigates and takes you down the rabbit hole with some help from Alex Jones. 
#conspiracy #plandemic #alexjones #inflation #housingcrisis #billgates #joerogan #economy #pizzagate

music by bensound.com",2022-06-06T14:10:19Z,246,https://www.youtube.com/watch?v=3SP3BqaW7SQ
mnWudJ1YSFc,3G5F Podcast Ep12: Tom Hanks and Pizzagate,"Listen to the boys cover a wide range of topics from popular movies, Tom Hanks, and the controversial Pizzagate. Make sure to like, share, and subscribe.

We have Social Media!
Twitter: https://twitter.com/3_apart​​​
Instagram: https://www.instagram.com/3g5f_podcas...​
And make sure to hang out with us on Discord
https://discord.gg/rSGzuygp​​​",2021-05-15T13:00:29Z,357,https://www.youtube.com/watch?v=mnWudJ1YSFc
gGBpk7K9i-I,#Pizzagate grooming refugee kids by Europeans,"https://groups.google.com/forum/m/#!msg/soc.culture.french/-ZTLGu9v8eA/qMhYCQZTZZ0J Others fall victim to kidnapping, trafficking, sexual exploitation and economic exploitation, including forced donation of organs, prostitution, forced drug smuggling and begging.",2018-09-04T15:39:24Z,156,https://www.youtube.com/watch?v=gGBpk7K9i-I
ygAoxtswRfE,"Episode 1119: John Valley, Writer-Director of ”The Pizzagate Massacre” Returns!","Source:
https://www.podbean.com/eau/pb-4qh39-11508a4

Hello friends! Writer-director-producer of the fantastic Grindhouse Pizzagate satire, ""The Pizzagate Massacre"", John Valley returns to the show for episode 1119! ""The Pizzagate Massacre"" has just gone to V.O.D. (video on demand) and is available on Amazon, Google and more. Go to thepizzagatemassacre.com for more info on how to watch. John and I have a great conversation about the danger of conspiracy theories and misinformation, getting death threats about the movie, his acting and music video directing, filming in and around Austin, getting a movie made and released and much more. i am huge fan of John's and love catching up with him. I'm sure you will too. Let's get down!








































































If you feel so inclined. Venmo: www.venmo.com/John-Goudie-1  Paypal: paypal.me/johnnygoudie",2021-12-10T06:20:04Z,31,https://www.youtube.com/watch?v=ygAoxtswRfE
CgJlMSjPYdU,Justin Bieber Conspiracy Theory Around YUMMY IS CREEPY,"Justin Bieber Conspiracy Theory Around YUMMY IS CREEPY

If you're new, Subscribe!
NextGen is a channel all about your favorite celebrities and drama! We report the recent news and keep you aware of what these celebrities are doing!",2020-07-20T22:00:05Z,108068,https://www.youtube.com/watch?v=CgJlMSjPYdU
XX3FyHzRkTk,Pizzagate,"Provided to YouTube by Amuseio AB

Pizzagate · Murda Mirre

The butterfly effect, vol.1

℗ Adonis ent

Released on: 2020-06-18

Music  Publisher: Copyright Control
Composer  Lyricist: Rahmirre berry

Auto-generated by YouTube.",2020-06-17T10:04:21Z,130,https://www.youtube.com/watch?v=XX3FyHzRkTk
FcHtXMDfrQI,"Barbarian DELAYED (Armageddon Time, Champions Get 2022/2023 Release Dates)","Hello Internet and welcome back to Cancelled! Just like the last episode, movie news has been an utter snoozefest and for episode 137, we have 3 movies to talk about. First, Armageddon Time now has a 2022 date and it will go up against Black Panther: Wakanda Forever. Good luck with that. Second, a movie called Champions has a 2023 date and will go up against John Wick: Chapter 4. Once again, good luck with that. And finally, Barbarian has been delayed by 2 weeks and will now come out in September. Yeah, I don't care about any of this. At least nothing important got affected.
#barbarian #armageddontime #champions #cancelled",2022-07-09T06:17:46Z,144,https://www.youtube.com/watch?v=FcHtXMDfrQI
ii6reCbVTJI,2017 PIZZAGATE CHILDRENS BOOK   SECRET PIZZA PARTY   THIS IS DISGUSTING   MUST SEE!!,"I love her videos. I give her the credit, because there is so much credit due. I know what it's like to not only make videos, but to have to see this stuff through the eyes of a pedophile and never being able to escape it (CAUSE IT'S EVERYWHERE!!!) God be with you as you continue to expose these creeps. I plead the blood of Jesus Christ over you and all your endeavors. 
Mirrored from The Real Evvonne- https://www.youtube.com/channel/UCuR23HEug41rS53NTL8LwSw",2017-01-31T01:00:59Z,10106,https://www.youtube.com/watch?v=ii6reCbVTJI
46KpoOht5cc,Pizzagate simpsons,Pizzagate simpsoks,2020-05-29T11:14:21Z,171,https://www.youtube.com/watch?v=46KpoOht5cc
0sCN_W8Mbpk,Pizzagate: The Complete Story By Ace Of Swords,,2022-05-05T05:06:27Z,286,https://www.youtube.com/watch?v=0sCN_W8Mbpk
eIJak1bmaT4,"Yes, I&#39;m the dad of that kid that refused to get out of the truck and I regret nothing","Tonight, I'll be taking on the whiney nay-sayers. :D",2022-07-11T01:43:47Z,7302,https://www.youtube.com/watch?v=eIJak1bmaT4
F8i2L8VZHzw,PizzaGate Part 2 - Ordering The Pizza (from 9/17/2021),"Part 2 of PizzaGate: Will, angered by our picking apart of his internet rage regarding pizza delivery fees... gets a surprise! Shawn sends him a pizza! A really... gross... pizza!

📺 Watch #Free4All​​​​​​​​​​​​​​​​​​​​​​ weeknights at 7pm PT: http://www.twitch.tv/free4allshow",2021-09-23T17:00:54Z,89,https://www.youtube.com/watch?v=F8i2L8VZHzw
eu7Nigp7gHA,Pizzagate: Mike Cernovich on 60 Minutes (Fake News),"""Weird Mike"" Cernovich's appearance on 60 Minutes. Cernovich is a men's rights advocate, conspiracy theorist, rapist and fake news pusher. He is one of the main people behind #Pizzagate.

If you like my videos and want to support my work, check out my Patreon here: https://www.patreon.com/vicberger",2017-03-28T03:54:10Z,110940,https://www.youtube.com/watch?v=eu7Nigp7gHA
ho3Lh24gT6U,Why are Pizzagate people layering vans with concrete?,Is this supposed to be absorbent of blood or something?,2021-02-06T18:25:01Z,307,https://www.youtube.com/watch?v=ho3Lh24gT6U
jsWwRBFQNHk,Walt Disney pizzagate scene,"I do not own any of the rights to this video. All movies, clips and highlights are property of their rightful owners(not me). All videos are either unedited or follow the guidelines of ""fair use""  by YouTube. 
I do not own any rights to the video.
If there are any concerns then please email me @ hoyberg13@gmail.com and I will take the video down if it breaks copyright law. This video was created from the creative commons section. Ty :)",2020-04-04T02:17:32Z,293,https://www.youtube.com/watch?v=jsWwRBFQNHk
6Cdob36DHQ8,See something? Say something. &quot;PizzaGate&quot; Storytime 🤣🍕,"""The world is a dangerous place, not because of those who do bad things, but because of those who look on and do nothing”. –Albert Einstein",2022-07-15T12:33:31Z,3,https://www.youtube.com/watch?v=6Cdob36DHQ8
fy88IyovOQI,#fjb #letsgobrandonchallenge #pizzagate,,2021-10-20T07:28:48Z,225,https://www.youtube.com/watch?v=fy88IyovOQI
_a1QERFMtdU,Pizzagate,"EA SPORTS UFC 3
https://store.playstation.com/#!/en-gb/tid=CUSA06534_00",2020-07-07T13:47:29Z,385,https://www.youtube.com/watch?v=_a1QERFMtdU
huYeNQnvOk0,Loulz EXPOSES #Pizzagate 😲 (ft. Baked Alaska),"#Loulz #BakedAlaska #IP2Cx



















_________________________________________________________________________________
#IP2 #IRL #Livestream #Livestreamers #ChickenAndy #EBZ #3BZ #GatorSkin #OnlyUseMeBLADE #Content #StopSpeeding #Jagermeister
#LauraEclipse #IcePoseidon #Smeep #GreekGodX #Dankquan #DemonAndy #Grimoire #SamePepper #LiveWithEvan #Kiedom #BurgerPlant #HamptonBrandon #Loulz #YoungPlug #KiaraaKitty #ONLYUSEmeBLADE
#StopSpeeding #JohnnyBoston #KingCobraJFS #TriHard #TriHex #Historian #Streamlabs #StreamElements #Educational #Bitcoin #DogeCoin
#Satire #Yuber #NessAlmighty #DissGod #Twitch #TwitchTV #Highlights #LiveRealityTV #SalmonAndy #PeteyPlastic #RVAndy #GaryTheProducer
#PurpleArmy #Cx #CassieNovaLive #Cassandra #HamptonBrandon #ContentKing #SSJ #Mansion #OGNL #OGGeezer #SkimaskAndy #TracksuitAndy
#Carterverse #AaronCarter #Omegle #Prank #Normie #Dabonthehaters #AndyMilonakis #xQc #Adept #OSRS #AdrianChen #Voldesad #EgyptBeauty
#Vegas #Loulz #Attila #AttilaBakk #Jewel #OldIce #PokemonGo #GGX #Content #Jager #ContentJuice #UFCx #Yesmansion #SweetErin #Goocheese #Alice
#ReformedStoic #Zobeezy #Zobain #Pepe #PepeFrog #BakedAlaska #RVTrip #RV6 #HorseShoeBay #CarolineBurt #Vine #Doitforthevine #Meme #Boomer #Zoomer #Doomer #MexicanAndy #Geisha #AsianAndy #TTS #TextToSpeech #LiveU #PrismLIVE",2021-05-22T19:06:51Z,1047,https://www.youtube.com/watch?v=huYeNQnvOk0
4XJgAHg8Cis,chris hansen -pizzagate conection,chris hansen has been proven to be involved in child x ring,2018-06-30T02:25:50Z,278,https://www.youtube.com/watch?v=4XJgAHg8Cis
Wz0ijT_ohFo,#Pizzagate grooming of babies in England,"Now, this is the real abuse of children in England.",2018-07-31T22:08:39Z,266,https://www.youtube.com/watch?v=Wz0ijT_ohFo
VxKaNdeJ710,The Pizzagate Massacre (Trailer),"A dark social satire inspired by the real life conspiracy theory known as Pizzagate. An amateur journalist and a far-right militiaman team up to expose the ugly truth behind rumors involving sex cults, a pizza place and the lizard people.

Starring: Tinus Seaux, Alexandria Payne, Lee Eddy
Released: 2021
Genre: Comedy, Action, Crime

© Copyright MMXX Illuminati Pictures, LLC. All Rights Reserved.

More FREE MOVIES and FREE DOCUMENTARIES: https://www.youtube.com/moviespree",2021-11-16T18:53:25Z,155490,https://www.youtube.com/watch?v=VxKaNdeJ710
utCDdubcjtY,The Pizzagate Massacre 2020,"إنستقرام:👇
https://www.instagram.com/mr_proo65/

✔✔✔✔✔✔✔✔✔✔✔✔✔✔✔✔✔✔✔✔✔✔✔✔✔✔✔✔✔✔✔✔✔✔✔✔✔
شكراً على المشاهدة :) إذا عجبك المقطع لا تنسى تدعمني بـ""لايك"" و ""الاشتراك""

شكراً لك إذا ابتسمت بأي مقطع من مقاطعي❤

سبحان الله و بحمدهـ سبحان الله العظيم ♥
(لا إله إلا الله سبحانك إني كنت من ظالمين)",2022-02-13T18:22:55Z,215,https://www.youtube.com/watch?v=utCDdubcjtY
9TMyM7BcRmg,262 // The Pizzagate Massacre,"Welcome to Crawlspace. In this episode Tim Pilleri and Lance Reenstierna speak with filmmaker John Valley who made the movie The Pizzagate Massacre.

Official site: https://thepizzagatemassacre.com/

Find all the links here: https://linktr.ee/thepizzagatemassacre 

Follow on social media!

instagram: https://www.instagram.com/thepizzagatemassacre/

twitter: https://twitter.com/johnmvalley, https://twitter.com/pizzagatemovie

facebook: https://www.facebook.com/thepizzagatemassacremovie/

Follow Private Investigations For the Missing

https://investigationsforthemissing.org/

https://twitter.com/PIFortheMissing

https://www.facebook.com/PIFortheMissing/

https://www.instagram.com/investigationsforthemissing/

Check out the entire Crawlspace Media Network at http://crawlspace-media.com/

Check out Crawlspace's Patreon page: https://www.patreon.com/crawlspacepodcast

Follow Crawlspace

Twitter: https://twitter.com/CrawlspacePod

IG: https://www.instagram.com/crawlspacepodcast/

FB: https://www.facebook.com/Crawlspacepodcast/

Apple: https://podcasts.apple.com/us/podcast/crawlspace-true-crime-mysteries/id1187326340

Stitcher: https://www.stitcher.com/podcast/crawlspace

Spotify: https://open.spotify.com/show/58cll3enTW2SNmbJUuLsrt",2022-01-05T08:00:03Z,373,https://www.youtube.com/watch?v=9TMyM7BcRmg
uFy2JzE4Iqo,How Research Impacted Pizzagate,"Pizzagate was the public’s first glimpse inside the terrifying beliefs of the growing QAnon Conspiracy, all of which are bound by a single mantra… Do your own research! But what does that really mean? The internet gives the naturally curious more confidence than ever in claiming to be experts on subjects they may only understand superficially. So how do we sort the facts from the crap? The answer may be waiting for you at your local public library. 


To learn more visit: https://stronger.org/​​ 

Take our pledge to let the world know you will take the COVID-19 vaccine: stronger.org/pledge

Follow Stronger on social:
Instagram: https://www.instagram.com/strongerorg/​​ 
Twitter: https://twitter.com/stronger_org​​ 
Facebook: https://www.facebook.com/strongerdotorg/

#conspiracytheories #pizzagate #misinformation",2021-03-02T21:10:22Z,4494,https://www.youtube.com/watch?v=uFy2JzE4Iqo
t-It2bGjB_w,PIZZAGATE MUKBANG,"""THE ONLY THING THAT HAS EVER GIVEN PLEASURE IS DESTROYING PURITY."" - Wizard's Compendium, Chapter 4, Verse 17",2017-09-28T19:57:42Z,79,https://www.youtube.com/watch?v=t-It2bGjB_w
QWyBtjqxE2Y,"Child Rapist Caught In Act, Arrested In Philadelphia. #PIZZAGATE","Child Rapist Caught In Act, Arrested In Philadelphia. #PIZZAGATE_480P",2017-12-03T14:17:38Z,233,https://www.youtube.com/watch?v=QWyBtjqxE2Y
uVQlMUjOy-s,Marjorie Taylor Greene’s husband would be ok with her being sexually harassed by random men.,Marjorie Taylor Greene is pro sexual harassment. Her husband would say thank you if random guys were sexually harassing her. This is appalling. #maga #pizzagate #q #republicans #democrats #trump #rightwing #leftwing #like #share #subscribe ￼,2022-07-16T00:51:36Z,22,https://www.youtube.com/watch?v=uVQlMUjOy-s
Np3_6GAQ3rA,Episode 58: QAnon &amp; Pizzagate,"Source:
https://www.podbean.com/eau/pb-yfzad-ec3f3d

On this week's controversy-laden episode: In the first part of a crazy exposé - after studying the softer-side of Satanism, our heroes plunge into the saucy depths of Pizzagate and the origins of the QAnon movement... They also discuss their Desert-Island Top Five Directorial choices, their budding relationship with Juicy Juice, genius-level YouTube comments, and the depths of depravity that would lead some yokel to steal another person's trash bin... 
 
Show Notes: 
https://en.wikipedia.org/wiki/Pirate_Party_%28Sweden%29
https://en.wikipedia.org/wiki/Timeline_of_events_associated_with_Anonymous   
https://www.wired.com/story/teens-tiktok-conspiracy-theories/
https://bossdarkseid.files.wordpress.com/2015/02/silent.jpg 
Michael misspoke, meaning Silent Hill rather than Resident Evil. Whoops.
 
Sources: 
https://en.wikipedia.org/wiki/QAnon
https://www.reddit.com/r/NoStupidQuestions/comments/37w99h/can_a_4chan_user_hack_my_ip_address/
https://en.wikipedia.org/wiki/Pizzagate_conspiracy_theoryhttps://time.com/4590255/pizzagate-fake-news-what-to-know/
Sketchy Links:http://hli.anoninfo.net/
 
Semi-Funk by Kevin MacLeod
Link: https://filmmusic.io/song/4333-semi-funk
License: http://creativecommons.org/licenses/by/4.0/",2020-09-21T12:43:46Z,132,https://www.youtube.com/watch?v=Np3_6GAQ3rA
2_ftk4ZrfrU,Pizzagate Apology Video (Pedogate),"Rumours have been circulating for years about the Clinton's involvement with an illegal underground human trafficking operation located below a pizza shop. Today the truth about Pedogate and Pizzagate is finally revealed and the conspiracy theory is put to rest. 

Parody of conspiracy theories and apology videos. #EpsteinDidntKillHimself

This is a parody commercial from creators Mitch and Mike, the stars of the viral web series Two Straight Men. A comedy sketch show with elements of satire, cringe, humor, and funny stuff.",2020-08-18T16:00:01Z,6272,https://www.youtube.com/watch?v=2_ftk4ZrfrU
c5zNebpR2rc,"ABD Başkanı Joe Biden görevden alınacak mı? Joe Biden gidecek, Kamala Harris mi gelecek?","Siyasetin gündemine damga vuran tüm gelişmeler Gece Görüşü'nde tartışmaya açıldı. Ekrem İmamoğlu'nun tatilde olması medyada nasıl yankılandı? CHP Ekrem İmamoğlu'nu tamamen sildi mi? FOX TV neden Ekrem İmamoğlu'nu eleştirdi? Ekrem İmamoğlu ya da Mansur Yavaş gemileri yakar mı? Altılı masanın aday belirleme sürecinde neler yaşanacak? Aday açıklanırsa hangi plan bozulur? Altılı masa mı dağılır, açıklanan aday mı yıpranır? Altılı masanın patronu Meral Akşener mi? CHP'nin ""cumhurbaşkanı adayını belirleme gücü"" var mı? ABD Başkanı Joe Biden görevden alınacak mı?
""Derin ABD"" Biden'ı devirecek mi? Biden seçimle mi gidecek darbeyle mi? Joe Biden gidecek, Harris mi gelecek? Hande Fırat sordu; Ekonomiden Sorumlu eski Devlet Bakanı Dr. Masum Türker, gazeteciler Abdulkadir Selvi, İsmet Özçelik ve Emin Pazarcı yanıtladı.


CNN TÜRK YOUTUBE KANALINA ABONE OL ➤ https://bit.ly/2LzuZ1H

➤TÜM PROGRAM İÇERİKLERİ İÇİN: https://www.cnnturk.com/tv
➤http://twitter.com/cnnturk
➤https://twitter.com/cnnturkprogram
➤https://www.facebook.com/cnnturk
➤https://www.facebook.com/cnnturkprogr...
➤https://www.instagram.com/cnnturk
➤http://youtube.com/cnnturk

#CNNTÜRK
#Sondakika
#GeceGörüşü",2022-07-12T00:00:10Z,9311,https://www.youtube.com/watch?v=c5zNebpR2rc
Hw3eewgInKc,Welcome to PizzaGate!,,2019-01-21T10:47:01Z,49,https://www.youtube.com/watch?v=Hw3eewgInKc
WUVpXW34QzM,#Pizzagate - Who Needs DHS When We Have Ashton Kutcher?!,"He's an actor folks, this is placation, never mind the embarrassing scene between he and McCain. And don't forget the dumb broad grinning behind him the whole time, even in the longer videos.",2017-02-17T18:40:10Z,1124,https://www.youtube.com/watch?v=WUVpXW34QzM
0N5YRczTho4,Mac &amp; Cheese 🧀😋 #shorts,"#macandcheese 
#pizza #pizzatime #pizzalover #pizzahut #pizzas #pizzaria #pizzalovers #pizzaparty #pizzanapoletana #pizzalove #ilovepizza #homemadepizza #pizzagram #pizzaislife #pizzanight #pizzaporn #instapizza #veganpizza #pizzapizza #dominospizza #pizzaiolo #lovepizza #pizzamania #pizzagourmet #woodfiredpizza #bestpizza #pizzadelivery #pizzaexpress #pizzaday #pizzalife #dailypizza #pizzaitaliana #pizzagate #italianpizza #nationalpizzaday #amopizza #pepperonipizza #pizzasisters4lyfe #pizzapie #pizzaslice#food #foodporn #instafood #foodie #healthyfood #foodstagram #foodphotography #foodgasm #foodblogger #foodlover #foodpics #foodpic #foodies #foods #veganfood #seafood #goodfood #foodblog #foodgram #japanesefood #fitfood #veganfoodshare #italianfood #foodlovers #lovefood #foodstyling #fooddiary #realfood #foodart #streetfood #foodphoto #foodlove #igfood #foodiegram #comfortfood #instafoodie #vscofood #wholefoods #foodoftheday #thaifood#cooking #homecooking #cookingram #lovecooking #ilovecooking #cookingclass #cookingtime #healthycooking #cookingathome #cookingwithlove #easycooking #vegancooking #doyancooking #homemadecooking #instacooking #quarantinecooking #cookingvideo #mycooking #outdoorcooking #happycooking #cookingwithkids #italiancooking #simplecooking #ketocooking #cookingschool #cookingisfun #cookingmama #southerncooking #castironcooking #kidscooking #cookingclasses #cookinglove #cookinglight #cookingtips #indiancooking #cookingshow #cookingfromscratch #momscooking #cookingday #cookinglover#pizza #pizzatime #pizzalover #pizzahut #pizzas #pizzaria #pizzalovers #pizzaparty #pizzanapoletana #pizzalove #ilovepizza #homemadepizza #pizzagram #pizzaislife #pizzanight #pizzaporn #instapizza #veganpizza #pizzapizza #dominospizza #pizzaiolo #lovepizza #pizzamania #pizzagourmet #woodfiredpizza #bestpizza #pizzadelivery #pizzaexpress #pizzaday #pizzalife #dailypizza #pizzaitaliana #pizzagate #italianpizza #nationalpizzaday #amopizza #pepperonipizza #pizzasisters4lyfe #pizzapie #pizzaslice#food #foodporn #instafood #foodie #healthyfood #foodstagram #foodphotography #foodgasm #foodblogger #foodlover #foodpics #foodpic #foodies #foods #veganfood #seafood #goodfood #foodblog #foodgram #japanesefood #fitfood #veganfoodshare #italianfood #foodlovers #lovefood #foodstyling #fooddiary #realfood #foodart #streetfood #foodphoto #foodlove #igfood #foodiegram #comfortfood #instafoodie #vscofood #wholefoods #foodoftheday #thaifood#cooking #homecooking #cookingram #lovecooking #ilovecooking #cookingclass #cookingtime #healthycooking #cookingathome #cookingwithlove #easycooking #vegancooking #doyancooking #homemadecooking #instacooking #quarantinecooking #cookingvideo #mycooking #outdoorcooking #happycooking #cookingwithkids #italiancooking #simplecooking #ketocooking #cookingschool #cookingisfun #cookingmama #southerncooking #castironcooking #kidscooking #cookingclasses #cookinglove #cookinglight #cookingtips #indiancooking #cookingshow #cookingfromscratch #momscooking #cookingday #cookinglover#food #foodporn #instafood #foodie #healthyfood #foodstagram #foodphotography #foodgasm #foodblogger #foodlover #foodpics #foodpic #foodies #foods #veganfood #seafood #goodfood #foodblog #foodgram #japanesefood #fitfood #veganfoodshare #italianfood #foodlovers #lovefood #foodstyling #fooddiary #realfood #foodart #streetfood #foodphoto #foodlove #igfood #foodiegram #comfortfood #instafoodie #vscofood #wholefoods #foodoftheday #thaifood#cooking #homecooking #cookingram #lovecooking #ilovecooking #cookingclass #cookingtime #healthycooking #cookingathome #cookingwithlove #easycooking #vegancooking #doyancooking #homemadecooking #instacooking #quarantinecooking #cookingvideo #mycooking #outdoorcooking #happycooking #cookingwithkids #italiancooking #simplecooking #ketocooking #cookingschool #cookingisfun #cookingmama #southerncooking #castironcooking #kidscooking #cookingclasses #cookinglove #cookinglight #cookingtips #indiancooking #cookingshow #cookingfromscratch #momscooking #cookingday #cookinglover#pizza #pizzatime #pizzalover #pizzahut #pizzas #pizzaria #pizzalovers #pizzaparty #pizzanapoletana #pizzalove #ilovepizza #homemadepizza #pizzagram #pizzaislife #pizzanight #pizzaporn #instapizza #veganpizza #pizzapizza #dominospizza #pizzaiolo #lovepizza #pizzamania #pizzagourmet #woodfiredpizza #bestpizza #pizzadelivery #pizzaexpress #pizzaday #pizzalife #dailypizza #pizzaitaliana #pizzagate #italianpizza #nationalpizzaday #amopizza #pepperonipizza #pizzasisters4lyfe #pizzapie #pizzaslice",2022-07-14T13:04:35Z,5903,https://www.youtube.com/watch?v=0N5YRczTho4
AZ9rhY_S7H8,pizzagate references in cartoons? Subliminally?,Probably just my paranoia but.. hey,2016-11-28T00:48:12Z,2538,https://www.youtube.com/watch?v=AZ9rhY_S7H8
6szo1VGbhqk,Pizzagate,,2019-08-05T03:46:12Z,138,https://www.youtube.com/watch?v=6szo1VGbhqk
k7epncZp9Ws,#Pizzagate kids children kidnapped in snuff movies,"Others fall victim to kidnapping, trafficking, sexual exploitation and economic exploitation, including forced donation of organs, prostitution, forced drug smuggling and begging.",2018-07-24T18:16:56Z,356,https://www.youtube.com/watch?v=k7epncZp9Ws
1jevBEIrl5c,&#39;The Pizzagate Massacre&#39; film takes a conspiracy theory to the next level,https://www.rawstory.com/pizzagate-film-threats/,2021-11-23T18:00:59Z,7968,https://www.youtube.com/watch?v=1jevBEIrl5c
ojW7sBT2Rv4,Teenage Mutant Ninja Turtles: Shredder&#39;s Revenge - COWABUNGA Co-Op w/ SRZX Crew,"---
Check out The Mega Man Network for Mega Man news, editorials, reviews, and videos like our Mega News Roundup!: https://www.themmnetwork.com/

Become a sponsor of our channel and get access to exclusive perks that you can read up on here!: https://www.youtube.com/channel/UCpWJiLgoKfb9VUvcw8oyKeA/join

Send a tip (if you wish):
https://www.paypal.me/ShadowRock

If you are planning to shop on Amazon, consider using our affiliate link to support the channel at no additional cost to you!: https://amzn.to/34NRJKB
---
Follow ShadowRockZX on...
...Facebook: https://www.facebook.com/ShadowRockZX
...Twitter: https://twitter.com/ShadowRockX
...Join our Discord server!: https://discord.gg/N9b3CJN",2022-07-16T04:59:00Z,1293,https://www.youtube.com/watch?v=ojW7sBT2Rv4
uYDsv4rOQjk,CADAVER-PIZZA.GATE,,2021-04-14T11:08:31Z,128,https://www.youtube.com/watch?v=uYDsv4rOQjk
wP6gOD4XSr4,Manhattan2020 #qanon says Liz Crokin was one of the #pizzagate perpetrators and she farts sychophant,Do not share this on Reddit. The FBI is watching,2020-06-24T22:55:45Z,389,https://www.youtube.com/watch?v=wP6gOD4XSr4
ghOMzehgliA,Pizza Gate (11-20-2016) - Cum Town Premium (EP 10),"""Folks we're back and were diving deep into this pizza gate scandal. I know it seems like a crazy conspiracy theory but I want to believe. Oddly enough Adam and Stav are on board with the idea.""
Support the boys at www.patreon.com/cumtown/ and check out some merch at CumTownStore.com or by searching ""Cum Town Podcast"" on Amazon.",2019-03-25T18:24:08Z,29430,https://www.youtube.com/watch?v=ghOMzehgliA
e9wSoUauoHI,Pizzagate,Imaginary Ships,2019-10-31T15:27:16Z,119,https://www.youtube.com/watch?v=e9wSoUauoHI
klE0nunoFA8,Breitbart’s PizzaGate Conspiracy: When Fake News Inspires Real Violence - The Ring Of Fire,"Breitbart is responsible for pushing the fake news story about a pedophilia-related pizza chain somehow linked to John Podesta and Hillary Clinton, which resulted this weekend in a crazed gunman shooting up the restaurant.  Trump’s own Chief Strategist was responsible for this story, and his national security advisor has also propelled the story on Twitter. The Ring of Fire's Farron Cousins discusses this.

Link – http://www.juancole.com/2016/12/terrorism-strategist-conspiracy.html
Link – https://motherboard.vice.com/read/pizzagate-conspiracy-meme-reaches-is-natural-conclusion-with-shots-fired?utm_source=mbtwitter

Spread the word! LIKE and SHARE this video or leave a comment to help direct attention to the stories that matter. And SUBSCRIBE to stay connected with Ring of Fire's video content!

Order Mike Papantonio's new novel Law and Disorder today: https://www.amazon.com/Law-Disorder-Mike-Papantonio/dp/1590793676

Follow more of our stories at http://www.TROFIRE.com

Subscribe to our podcast: http://www.ROFPodcast.com

Support Ring of Fire by subscribing to our YouTube channel: https://www.youtube.com/user/golefttv?sub_confirmation=1

Be sociable! Follow us on:
Facebook: http://www.facebook.com/RingofFireRadio
Twitter: http://www.twitter.com/RingofFireRadio
Google+: http://plus.google.com/118415831573195648557
Instagram: https://www.instagram.com/ringoffirenetwork/",2016-12-06T18:00:03Z,4829,https://www.youtube.com/watch?v=klE0nunoFA8
_JnPHugL7kE,Pizza Planet truck appears in every Pixar film but one #PizzaGate,,2016-12-09T02:22:33Z,8007,https://www.youtube.com/watch?v=_JnPHugL7kE
hw3atsa-ogQ,Varn Vlog: Glenn McDorman of Claytemple Media on the Weird,"Glenn McDorman is one of the founders of Claytemple Media (https://www.claytemplemedia.com/)  and a co-host of several of their podcasts (Elder Sign, Hanging Out with the Dream King, Gene Wolfe Literary Podcast, and Atoz).  We discuss ""weird fiction"" and speculative fiction in general.",2022-07-05T01:55:16Z,0,https://www.youtube.com/watch?v=hw3atsa-ogQ
0N2zWgXwWcs,pizza files of pizzagate,,2022-05-28T13:48:24Z,156,https://www.youtube.com/watch?v=0N2zWgXwWcs
iHm6d8B_PSM,Pizzagate - Evil Exists Podcast,"A true crime podcast were we go over and discuss various crimes and criminals throughout human history.

Today we discus of the story of Pizzagate.

Articles used 
https://en.wikipedia.org/wiki/Pizzagate_conspiracy_theory

Hosted by Nathaniel Avila and Jessica Vega",2020-10-25T21:44:41Z,258,https://www.youtube.com/watch?v=iHm6d8B_PSM
CuQJ0ziC4ow,¿Es verdad lo de pizza gate? #humornegro / Por plata llego a... ETF#4,"Si te gustó el video, suscríbete, dale like y compártelo con tus amigos, necesitamos tu ayuda para que este proyecto crezca.
Síguenos en Instagram para no perderte ninguna novedad, subimos tops y reels de ptm https://www.instagram.com/toma29.pe/
Síguenos en tiktok, subimos clips de los podcast y reseñas de PELIS https://www.tiktok.com/@toma_29oficial 
TENEMOS TWITCH!!!!! Síguenos ahi para directos de gameplays manqueando partidas!! https://www.twitch.tv/level_29 
En nuestro canal secundario encuentras lo mejor de nuestro Twitch y series de PTM!!! https://www.youtube.com/channel/UC8-HWTOOypyZuDsgqomXhHg
.
.
.
.
.
.
.
.
.
#podcast #humornegro #pizza #gate #humor #alertahumornegro #comedia",2022-07-15T18:35:29Z,20,https://www.youtube.com/watch?v=CuQJ0ziC4ow
wb-EfMAfj5s,Megan Kelly Interviews James Alefantis on #Pizzagate,"James Alefantis (owner of Comet Ping Pong) interviewed by Megan Kelly on Fox News December 12, 2016.",2018-01-19T03:13:48Z,2306,https://www.youtube.com/watch?v=wb-EfMAfj5s
oAmmfwc77zU,Pizzagate 🍕 and The Grove!!!!!,,2022-04-09T13:49:42Z,106,https://www.youtube.com/watch?v=oAmmfwc77zU
Qt1eio7YFvM,ComicsMATE LIVE! JESUS IS MY NI-,"ComicsMATE! 
your mates in comics from the land down under!
Dean James (comic book artist, The Embrace, Other Earth), The man called Kemosabe (writer, editor, The Company Men) and sometimes Ali Sanguis! (writer, editor, Eggbeater) talk about comics (comicsgate, marvel, DC, image, idw and indies), video games (elder scrolls, resident evil, indie games), and movies (MCU, DCEU etc.) in a hilariously outrageous podcast

#ComicsMATE",2022-06-28T19:14:35Z,104,https://www.youtube.com/watch?v=Qt1eio7YFvM
egWoa-y0uOA,PizzaGate,"dPizzaGate
#pizzagate #arsenal #manutd
#football #sports #soccer 
#FootballFanApp
.******
Post Stories | Videos | Collect FanCoins | Get Scouted | Build Followers | Highlights | Banter | Find Fans | Football News

Tap link below to download ‘Football Fan’ app
https://footballfanapp.com/app
*****",2020-10-02T10:57:49Z,67,https://www.youtube.com/watch?v=egWoa-y0uOA
b5Hd21JCkM8,"PIZZAGATE, WAYFAIR, KIDNAPPING WHAT IS THE REAL TRUTH ABOUT HUMAN TRAFFICKING?","It seems every day we hear of a new conspiracy theory regarding human trafficking. In some ways that is good news because that means people are paying attention. Million Kids has been combating human trafficking since 2008 and have educated over 400,000 individuals and leaders. In the beginning few people understand exactly how commercial sexual exploitation took place in the U.S. Today, there are literally hundreds of organizations committed to eradicating human trafficking. However, with
so much awareness in the public comes a lot of misinformation and some

misunderstanding of exactly what human trafficking is and what to look for. 



This week we are going to examine several of the theories and cases of trafficking in the public eye and discuss what is real, what is probable, what is speculation and what is not provable. We will look at some of the egregious cases of sexual exploitation that has taken place in the Inland Empire. Million Kids serves as the Training and Outreach Coordinator for the Riverside County Anti Human Trafficking Task Force. We specialize

in dealing with real facts so we can understand how to educate first responders, civic leaders, faith based leaders, educators, parents and teens about the facts and realities of trafficking so that we can keep our kids safe from predators.


Be sure to join us.",2020-08-29T22:00:04Z,512,https://www.youtube.com/watch?v=b5Hd21JCkM8
y6Q5adoqWD8,The revival of funny time! Episode 1 | We solved Pizzagate!,"[This was uploaded like, a few weeks after recording] Funny time is a collaboration podcast where we play games, and talk about funny as well as controversial topics.  This episode we play Five Nights at Freddies, and because this is the first episode, we talk about a variety of topics. a funny one being in the title. just watch to find out! This is the uncut version of funnytime, but SteelingCable is making a more edited version  on his channel, so be sure to check him out. 

------------------------------------------------------------------------------------------------------------------------
Warning! This has some controversial topics, words, statements, and jokes. be weary!",2022-02-21T06:53:52Z,48,https://www.youtube.com/watch?v=y6Q5adoqWD8
iohW5pcpOGQ,pizza gate,sick sick ppl,2020-08-26T20:25:29Z,53,https://www.youtube.com/watch?v=iohW5pcpOGQ
ElXCMT7OyNQ,Eat or Pass? 😳 #shorts,"#pizza #pizzatime #pizzalover #pizzahut #pizzas #pizzaria #pizzalovers #pizzaparty #pizzanapoletana #pizzalove #ilovepizza #homemadepizza #pizzagram #pizzaislife #pizzanight #pizzaporn #instapizza #veganpizza #pizzapizza #dominospizza #pizzaiolo #lovepizza #pizzamania #pizzagourmet #woodfiredpizza #bestpizza #pizzadelivery #pizzaexpress #pizzaday #pizzalife #dailypizza #pizzaitaliana #pizzagate #italianpizza #nationalpizzaday #amopizza #pepperonipizza #pizzasisters4lyfe #pizzapie #pizzaslice#food #foodporn #instafood #foodie #healthyfood #foodstagram #foodphotography #foodgasm #foodblogger #foodlover #foodpics #foodpic #foodies #foods #veganfood #seafood #goodfood #foodblog #foodgram #japanesefood #fitfood #veganfoodshare #italianfood #foodlovers #lovefood #foodstyling #fooddiary #realfood #foodart #streetfood #foodphoto #foodlove #igfood #foodiegram #comfortfood #instafoodie #vscofood #wholefoods #foodoftheday #thaifood#cooking #homecooking #cookingram #lovecooking #ilovecooking #cookingclass #cookingtime #healthycooking #cookingathome #cookingwithlove #easycooking #vegancooking #doyancooking #homemadecooking #instacooking #quarantinecooking #cookingvideo #mycooking #outdoorcooking #happycooking #cookingwithkids #italiancooking #simplecooking #ketocooking #cookingschool #cookingisfun #cookingmama #southerncooking #castironcooking #kidscooking #cookingclasses #cookinglove #cookinglight #cookingtips #indiancooking #cookingshow #cookingfromscratch #momscooking #cookingday #cookinglover#pizza #pizzatime #pizzalover #pizzahut #pizzas #pizzaria #pizzalovers #pizzaparty #pizzanapoletana #pizzalove #ilovepizza #homemadepizza #pizzagram #pizzaislife #pizzanight #pizzaporn #instapizza #veganpizza #pizzapizza #dominospizza #pizzaiolo #lovepizza #pizzamania #pizzagourmet #woodfiredpizza #bestpizza #pizzadelivery #pizzaexpress #pizzaday #pizzalife #dailypizza #pizzaitaliana #pizzagate #italianpizza #nationalpizzaday #amopizza #pepperonipizza #pizzasisters4lyfe #pizzapie #pizzaslice#food #foodporn #instafood #foodie #healthyfood #foodstagram #foodphotography #foodgasm #foodblogger #foodlover #foodpics #foodpic #foodies #foods #veganfood #seafood #goodfood #foodblog #foodgram #japanesefood #fitfood #veganfoodshare #italianfood #foodlovers #lovefood #foodstyling #fooddiary #realfood #foodart #streetfood #foodphoto #foodlove #igfood #foodiegram #comfortfood #instafoodie #vscofood #wholefoods #foodoftheday #thaifood#pizza #pizzatime #pizzalover #pizzahut #pizzas #pizzaria #pizzalovers #pizzaparty #pizzanapoletana #pizzalove #ilovepizza #homemadepizza #pizzagram #pizzaislife #pizzanight #pizzaporn #instapizza #veganpizza #pizzapizza #dominospizza #pizzaiolo #lovepizza #pizzamania #pizzagourmet #woodfiredpizza #bestpizza #pizzadelivery #pizzaexpress #pizzaday #pizzalife #dailypizza #pizzaitaliana #pizzagate #italianpizza #nationalpizzaday #amopizza #pepperonipizza #pizzasisters4lyfe #pizzapie #pizzaslice#food #foodporn #instafood #foodie #healthyfood #foodstagram #foodphotography #foodgasm #foodblogger #foodlover #foodpics #foodpic #foodies #foods #veganfood #seafood #goodfood #foodblog #foodgram #japanesefood #fitfood #veganfoodshare #italianfood #foodlovers #lovefood #foodstyling #fooddiary #realfood #foodart #streetfood #foodphoto #foodlove #igfood #foodiegram #comfortfood #instafoodie #vscofood #wholefoods #foodoftheday #thaifood#pizza #pizzatime #pizzalover #pizzahut #pizzas #pizzaria #pizzalovers #pizzaparty #pizzanapoletana #pizzalove #ilovepizza #homemadepizza #pizzagram #pizzaislife #pizzanight #pizzaporn #instapizza #veganpizza #pizzapizza #dominospizza #pizzaiolo #lovepizza #pizzamania #pizzagourmet #woodfiredpizza #bestpizza #pizzadelivery #pizzaexpress #pizzaday #pizzalife #dailypizza #pizzaitaliana #pizzagate #italianpizza #nationalpizzaday #amopizza #pepperonipizza #pizzasisters4lyfe #pizzapie #pizzaslice#food #foodporn #instafood #foodie #healthyfood #foodstagram #foodphotography #foodgasm #foodblogger #foodlover #foodpics #foodpic #foodies #foods #veganfood #seafood #goodfood #foodblog #foodgram #japanesefood #fitfood #veganfoodshare #italianfood #foodlovers #lovefood #foodstyling #fooddiary #realfood #foodart #streetfood #foodphoto #foodlove #igfood #foodiegram #comfortfood #instafoodie #vscofood #wholefoods #foodoftheday #thaifood#cooking #homecooking #cookingram #lovecooking #ilovecooking #cookingclass #cookingtime #healthycooking #cookingathome #cookingwithlove #easycooking #vegancooking #doyancooking #homemadecooking #instacooking #quarantinecooking #cookingvideo #mycooking #outdoorcooking #happycooking #cookingwithkids #italiancooking #simplecooking #ketocooking #cookingschool #cookingisfun #cookingmama #southerncooking #castironcooking #kidscooking #cookingclasses #cookinglove #cookinglight #cookingtips #indiancooking #cookingshow #cookingfromscratch #momscooking #cookingday #cookinglover#viralvideo 
#trendingvideo 
#viralshorts 
#sub4sub 
#roadto1ksubs 
#meme 
#memesdaily 
#sub4sub",2022-07-15T16:07:13Z,6,https://www.youtube.com/watch?v=ElXCMT7OyNQ
cp0WeWgyoKg,Pizzagate.jpeg©,,2019-02-13T05:21:47Z,34,https://www.youtube.com/watch?v=cp0WeWgyoKg
urkBFDxPoZw,"this is the real pandemic.. do your research (pizzagate, adrenochrome and more)  #SaveOurChildren",ctto of this video,2020-09-17T10:43:33Z,2053,https://www.youtube.com/watch?v=urkBFDxPoZw
Qxk0PNmG9Cw,Cult Clips: Pizzagate Conspiracy Theory,"Clip from the most recent episode of the Let's Start A Cult podcast! Full clip here: https://youtu.be/jUMWVIzs1vU

Our Socials:
Twitter: https://twitter.com/lets_cult
Facebook: https://www.facebook.com/letsstartacultpod
Instagram: https://www.instagram.com/lets_cult/?hl=en
YouTube: https://www.youtube.com/channel/UChcl9qrvKAsXJTaBfVgKILQ
Website: https://www.letsstartacultpodcast.com/

From the Middle:
Twitter: https://twitter.com/fromthemidpod
Facebook: https://www.facebook.com/fromthemidpod
Instagram: https://www.instagram.com/fromthemidpod/
YouTube: https://www.youtube.com/channel/UC5ab3_gRkKlr6i4LsCq8hjQ
Website: https://linktr.ee/fromthemidpod

Sources for this episode include BBC News, Insider, Fast Company, CNN, NBC News, Slate, USA Today, The Wall Street Journal, ABC News, The Guardian, CBS News, Politico, The Financial Times, NPR, and The Atlantic. 

Research by: Kayla Deleon

Photo: https://unsplash.com/photos/OklpRh8-Sns?utm_source=unsplash&utm_medium=referral&utm_content=creditShareLink

Support the show (https://www.buymeacoffee.com/LetsStartACult)

#qanon #pizzagate #conspiracy",2021-06-03T18:51:35Z,197,https://www.youtube.com/watch?v=Qxk0PNmG9Cw
kZPXFO4CE5g,HABLEMOS DE PIZZAGATE!!!!,"#PizzaGate #Trump #Pizza
Sé que es un tema un poco antiguo.... Pero tengo que comer
Deja tu like y compártelo con tus amigos! Me ayudarías un montón!!",2020-09-03T14:05:31Z,172,https://www.youtube.com/watch?v=kZPXFO4CE5g
gblyKwiOlRc,B&amp;C 135: Licorice PizzaGate,"Caleb takes part in a scientific research paper and then him & Nick talk about heckling college athletes, the impact of the NCAA’s NIL deal, and the abomination of a movie that is Licorice Pizza in this week’s (audio only) episode of Bread & Circuses.

Get $3 off Harmful Content Comedy tickets with the promo code BREAD: https://www.eventbrite.com/e/250907088857

Please donate to help this podcast continue to grow on Anchor and support the audio version of this podcast at: https://anchor.fm/big-bill-media 
If you are interested in becoming a guest, or have any other booking inquiries, please contact: breadncircusespodcast@gmail.com 
Facebook: https://www.facebook.com/BreadAndCirc... 
Twitter: @CircusesBread 
Instagram: Breadncircusespodcast 
Redbubble: https://www.redbubble.com/people/bigb... 

Caleb’s Social Media: 
Twitter: @CalebIsntFunny 
Instagram: @CalebIsntFunny 
Snapchat: @DelonteEast 
Minds.com: @CalebSalvatore 
Clubhouse: @calebisntfunny 
YouTube: https://www.youtube.com/channel/UCEmT... 
Tik Tok: @CalebSalvatoreComedy

(With the exception of the Bread & Circuses podcast logo & Big Bill Media logo, all visual art used in the cover image of this video is property of neither Bread & Circuses, Big Bill Media, nor any of its affiliates)",2022-01-24T17:05:23Z,77,https://www.youtube.com/watch?v=gblyKwiOlRc
4Tiddap8H14,HHS official Ximena Barreto is a Pizzagate conspiracy theorist,"As a fringe right-wing political commentator, Ximena Barreto claimed that “African-Americans are way more racist than white people,” labeled Islam “a fucking cult” that has “no place” in the United States, pushed the false Pizzagate conspiracy theory, and attacked the “retarded” 2017 Women’s March. In December, she became a deputy communications director at the Department of Health and Human Services (HHS).",2018-04-09T19:16:26Z,82581,https://www.youtube.com/watch?v=4Tiddap8H14
85cWIuiAZyQ,DJ Angeldemon - Pizzagate,,2017-06-07T16:19:40Z,42,https://www.youtube.com/watch?v=85cWIuiAZyQ
BWWoSum7r8c,OMG!!!WTF!!! Gen  Michael Flynn is tweeting fake news #Pizzagate,,2016-12-05T23:04:12Z,1161,https://www.youtube.com/watch?v=BWWoSum7r8c
BjW917Dba5s,Mystic PizzaGate reference?,a nod to each other,2016-12-18T08:05:45Z,816,https://www.youtube.com/watch?v=BjW917Dba5s
disC3agcvLk,Twitter tries to hide #PizzaGate and #TwitterGate,Nice try you cunts.,2016-11-24T13:14:28Z,249,https://www.youtube.com/watch?v=disC3agcvLk
UsNWCZIqAW8,Sacramento Serial Killer Exposed Rick Graniel Footage Leak #DrPhil #lenardosborns #pizzagate,,2018-03-10T20:41:51Z,216,https://www.youtube.com/watch?v=UsNWCZIqAW8
yDHuv-6y2lw,Trump spent his holidays retweeting QAnon and Pizzagate accounts,"Trump spent his holidays retweeting QAnon and Pizzagate accounts 
 
In December 2015, Donald Trump infamously appeared on conspiracy theorist Alex Jones’s Infowars show, praised his “amazing” reputation, and vowed that “I will never let you down.” His Twitter behavior indicates that’s one promise he’s doing his best ... 
 
►SUBSCRIBE : http://bit.ly/2EyNjHc",2020-01-03T13:22:02Z,281,https://www.youtube.com/watch?v=yDHuv-6y2lw
mtl47W0CR20,"SAYVILLE, NY is PIZZAGATE II! #pizzagate Was Melonhead a ChickenHawk? Did she find out?!",,2021-09-26T22:20:23Z,34,https://www.youtube.com/watch?v=mtl47W0CR20
f7TuV_3amhs,E100: PizzaGate The Video Game,"Podcast Links 

Spotify: https://open.spotify.com/show/4bIuk6mPLtjggUUGi9CRPQ?si=Cvn4e_GITyuGEiKI3CiSug&dl_branch=1

Rumble: https://rumble.com/c/TPC 

Bit Chute: https://www.bitchute.com/channel/DnpKfQr9Cqmx/ 

Odysee: https://odysee.com/@tommyspodcast:8

Twitter: Tommy’sPodcast (@tommys_podcast)

GETTR: https://gettr.com/user/tommyspodcast

Gab: https://gab.com/tommyspodcast

Parler: https://parler.com/feed/ae03409f-91ef-4a3d-8252-f84c431599ff

Merch: https://f2s2.myshopify.com    

TPC Clips: https://www.youtube.com/channel/UCoPXYpszPwjkX_XQwZt8NgA

Gaming Channel: https://www.youtube.com/channel/UCz-ItR4STx5eMTTAviaYlvQ",2022-07-14T09:02:50Z,4,https://www.youtube.com/watch?v=f7TuV_3amhs
GNkUbSkKVBI,Steven Universe Pizzagate😨🤒,"COME ON!!! Y'all can't tell me NOTHIN'! If this doesn't speak volumes to you, I don't know what to tell ya. Goodnight!😤

**2 NEW CHANNELS:**
https://youtube.com/channel/UCst2hYDN_52Ao2ewmtqlzzA 

https://youtube.com/channel/UC6CXCv2YWiyXDbyDw87vdJQ 

Links to our other channels:

https://youtube.com/channel/UCkM6T7iPGqfn6iPYc5aNd8w

https://youtube.com/channel/UChaIBjV9KQWSV68UEoIIOGw 

https://youtube.com/channel/UCz_XzMQfeLAfik63GMLFCng

All of our videos can be found at: channels-list.com

Please join yochive.com which is another site just for truthers, created by the channel Troo. Tube

If you're able to help me during super tough times, please give what you can afford to paypal.me/arsondarksea
Thank you and God bless you all! 

By Arson Darksea

Tags: pedophile pedophilia pedophiles pedo pedos agenda creepy scary horrific horrible horrifying horror terrifying terrible terror sad evil cruel brainwash brainwashed brainwashing brain wash brain washing program programming programmed mind control mindcontrol MK Ultra project monarch project paperclip nwo new world order one world order test testing experiment experiments experimenting on humans childrens show children's family show TV television America American pizzagate pedogate pizza gate pedo gate Steven universe cartoon cartoon network pizza frazzledrip frazzledrip podesta comet Jimmy comet cannibal cannibalism agenda",2021-08-02T12:20:24Z,406,https://www.youtube.com/watch?v=GNkUbSkKVBI
b5IbgLOT2Sw,Zasto Bliski Istok Ostaje bez Nafte?,"Jedan barel sirove nafte je jednak 158 litara nafte. Tako da 158 litara sirove nafte danas iznosi neverovatnih 108 dolara. Kako trenutno trziste nalaze, cena jednog barela ce nastaviti da raste u nedeljama koje nam dolaze, zahvaljujuci situaciji u kojoj se ceo svet trenutno nalazi. U sustini, nestabilna geopoliticka situacija u kojoj se svet momentalno nalazi uzrokuje porast cene sirove nafte. Na prvi pogled, visoka cena nafte je dobra vest za regione koji prozivode ovo crno zlato, kao sto je slucaj sa bliskim istokom. Medjutim to je samo na prvi pogled. O cemu se ovde radi? Saznacete u nastavku klipa. Uzivajte.

LINKOVI MOJIH LIČNIH PROFILA
FACEBOOK OFFICIAL: https://www.facebook.com/Novi-Anonimus-Official-101732248007120
INSTAGRAM: https://www.instagram.com/milnovicslobodan/?hl=en
SAJT - PORTAL IDIOKRATIJA: 
https://idiokratija.com/

#NAFTA #2022 #CENA",2022-07-10T18:20:00Z,67714,https://www.youtube.com/watch?v=b5IbgLOT2Sw
1OnPg9KMduQ,#pizzagate archive of information.  Decide for yourself!,"I have posted a bunch of links here to the weirdness that is this pizzagate scandal.  There is something odd going on here and people need to know about it.  These links just barely scratch the surface but its a good place to start to catch you up to speed.

Best source for info on pizzagate
https://voat.co/v/PizzaGate 

Two videos that are a good place to start and learn about the whole pizzagate scandal.  
https://youtu.be/Z4OP--ZXOjc
https://youtu.be/IUGj5IhepMg 


Advertise as “kid friendly” place
http://kidfriendlydc.com/2012/01/14/more-art-after-school-at-comet-ping-pong/ 
http://i.imgur.com/fnCOcx6.png 

Pictures inside
http://archive.is/JU6qs  - weird mural at restaurant of someone being choked?
http://archive.is/FdUb4 - creepy bathroom at restaurant


Weird band that has played at Comet Pizza
http://www.heavybreathing.net/a.html
http://i.imgur.com/1CcdNtW.png 
https://www.indiegogo.com/projects/heavy-breathing-s-release-of-airtight#/comments 
https://youtu.be/zo_euND7Acs

Comet Pizza on Diners Drive ins and Dives
https://youtu.be/l1IMUT5B7wA 

James Alefantis' instagram
http://archive.is/9FN8n  - Girl, striped, taped to table
http://archive.is/r93DT  - Michelle Obama playing Ping Pong
http://archive.is/vSqri  - Girl, drinking milk
http://archive.is/vaDfJ  - Girl, standing in basket
http://archive.is/jXWrG  - Photo of refrigerated meat locker, weird comments
http://archive.is/0Az6u  - Baby eating pizza ""oh my god. Stop it"" comment
http://archive.is/sSzEZ  - ""Boum Boum"" Room (euphemism for brothel)
http://archive.is/qPJWe  - Close up of an eye of a dead pig
http://archive.is/k0YJ3  - Close up of toddler boy
http://archive.is/NaP2M  - Girl in yellow dress running on grass
http://archive.is/S742A  - ""Long Dong Pizza Shop""
http://archive.is/8xQIo  - Marina Abramovic
http://archive.is/ayA91  - Someone holding girl, #chickenlover hashtag (euphemism for gay pedophilia)
http://archive.is/ZwwUn  - Girl and newborn
http://archive.is/Pw7Fq  - ""French kissing"" a taxidermied dog
http://archive.is/S6jzu  - Topless model
http://archive.is/hPsLM  - Girl in striped shirt, at park
http://archive.is/dJoiL - Screencapture of Child Beauty pageant show episode, subtitle about pizza
http://archive.is/mKH6M  - Painting of 69 position sex on-top of slice a huge of pizza.
http://archive.is/5UecO  - ""German Baby: $1200"" photo of doll
http://archive.is/aiiUE  - Two individuals (one is ""workingonmynightcheese"") staring at hole in floor of Comet Ping Pong basement
http://archive.is/4uB5R  - Photo of Ping Pong being played between Obama and young boy at WH Christmas Party
http://archive.is/8Bq8e  - Letter Alefantis received from Hillary Clinton",2016-11-27T21:42:17Z,601,https://www.youtube.com/watch?v=1OnPg9KMduQ
WJxcOp0tjJ4,MJ and Pizzagate!!!,"The Last Dance Documentary is over, but that doesn't mean the Jordan talk is over!! I thought the whole pizza situation in the last episodes was hilarious and I just had to talk about it!

If you like what you see, remember to subscribe, comment, and share
You can find me on other platforms
Facebook: https://www.facebook.com/thatvarsitygeek/
Instagram: https://www.instagram.com/thatvarsitygeek/",2020-05-20T18:30:03Z,105,https://www.youtube.com/watch?v=WJxcOp0tjJ4
iSAmBxc_9-0,DROSS presenta: El terrorífico testimonio de un productor de Hollywood,"DROSS presenta:  El terrorífico testimonio de un productor de Hollywood

John Paul Rice Instagram: @norestrictions
Perfil en el IMDB: https://imdb.to/312CetW

Película ""A Child's Voice"", censurada de Amazon, se puede ver completa en línea en:
https://vimeo.com/ondemand/achildsvoice

Video sobre el escándalo de Wayfair:
https://youtu.be/6Q5O__v3yvs


Videos sobre Jeffrey Epstein y Ghislaine Maxwell:

""El siniestro secreto del ex presidente Clinton"" https://youtu.be/uXUWd82bJdw
""La Mujer más temida del mundo"" https://youtu.be/Kmm3lQi-71I

Por favor, ¡suscríbete! http://bit.ly/1a1sm3k  ~ Este canal es la comunidad de horror y misterio más grande de toda YouTube, en cualquier lengua. 

Sígueme en Twitter y manténte al tanto de mis tweets, por favor: http://bit.ly/1aCnKiW

Tengo cuenta en Instagram: https://instagram.com/soydrossrotzank

Sígueme en Facebook (actualizo muchas veces): http://on.fb.me/16XIVcT

Este es mi canal secundario de Youtube: http://bit.ly/LosVlogsDeDross

Canal de Mussolini (mi mascota): https://www.youtube.com/MiQueridoMussolini

Ven a mi sim de SL: http://maps.secondlife.com/secondlife/Dross/98/106/1499

EL LIBRO NEGRO, Ebook: 

Amazon:
https://www.amazon.com/El-libro-negro-Spanish-Dross-ebook/dp/B07VVMPVH9/ref=sr_1_4?keywords=el+libro+negro&qid=1565097627&s=digital-text&sr=1-4

Google play:
https://play.google.com/store/books/details/Dross_El_libro_negro?id=Pr2mDwAAQBAJ&hl=es

Bajalibros:
https://www.bajalibros.com/AR/El-libro-negro-Dross-eBook-1756684?q=el%20libro%20negro&field=all&language=Espa%C3%B1ol&page=1

#Epstein
#EpsteinFiles
#SAVEOURCHILDEN
#Dross",2020-08-18T00:00:11Z,4709787,https://www.youtube.com/watch?v=iSAmBxc_9-0
NnNRzrtqmMw,Molly GoLightly Can&#39;t Confirm Without a Crystal Ball&#39;s Sources with Dre McCray,"#withoutacrystalball #katiejoy #mollygolightly 
I think Molly Golightly is catching on to Katie oy and her supposed sources. I just hope that Molly is careful and doesn't get burned by WOACB
You can watch @Molly Golightly here
https://youtu.be/9Wra5nPv8U8",2022-07-12T21:50:26Z,4656,https://www.youtube.com/watch?v=NnNRzrtqmMw
aDIDtbpBPio,BEFORE PIZZAGATE: Candy Girl Documentary Part 1 of 2,"Fiona Barnett Candy Girl Documentary Part 1 of 2  Satanic Ritual Abuse

https://fionabarnett.org

FOR EDUCATIONAL & CRITICAL REVIEW PURPOSES ONLY - Fair Use Disclaimer-

FAIR USE NOTICE: This website contains copyrighted material the use of which has not been specifically authorized by the copyright owner. I believe that the use of such material for nonprofit educational purposes (and other related purposes) constitutes a 'fair use' of the copyrighted material as provided for in the US Copyright Law at Title 17 U.S.C. Section 107. If you wish to use this copyrighted material for purposes of your own that go beyond ‘fair use’, you must obtain permission from the copyright owner. If for any reason you believe that use of your material on this site does not fall within the 'fair use' guidelines, please immediately notify the webmaster of this site so that the matter can be promptly addressed.",2017-03-15T17:24:23Z,1488,https://www.youtube.com/watch?v=aDIDtbpBPio
V_ZuYsT9sGk,Pizzagate assassinations. The death of Hilary Clinton. Final episode.,"47 you have been authorised to engage Hilary and eliminate her by any means necessary, any non target collateral will be acceptable, and compensated by the unlimited funds of the Clinton foundation. Bill Clinton has brought great shame upon the global elite for allowing her to almost expose their crimes. Were he not the Bastard of a prominent trillionare family, he would be paying for this particular frozen pizza with his flayed body. Thank you 47...Agency.


https://store.playstation.com/#!/tid=CUSA00572_00",2022-07-05T18:54:38Z,13,https://www.youtube.com/watch?v=V_ZuYsT9sGk
nzupJDxvDC4,Pizzagate,Pizzagate,2019-02-15T23:36:13Z,51,https://www.youtube.com/watch?v=nzupJDxvDC4
iUcOotasKTE,&quot;PizzaGate Is Real&quot; Official Music Video,It looks like the original version of this amazing parody song has been taken down so I decided to upload it,2022-07-08T22:39:24Z,13,https://www.youtube.com/watch?v=iUcOotasKTE
LjTS3J06r4U,Pizzagate,The real truth. None of this content is mine.,2021-10-02T02:09:42Z,203,https://www.youtube.com/watch?v=LjTS3J06r4U
zGE2l3-411g,The Morning Joe team talk about Pizzagate,"See: 'Mainstream Muppets'
http://www.spiderbomb.com/blog/?p=3835",2016-12-09T14:40:19Z,235,https://www.youtube.com/watch?v=zGE2l3-411g
EZWbeT2eqEk,Women Who Drugged And Robbed Florida Man Looks A Lot Like Melanie Martin,"this video is my conspiracy theory and mine alone. 
I saw this on South Florida News and the comparison is striking. 

let me know your thoughts and opinions, do you think they are capable of committing a crime of this magnitude?? 

#aaroncarter 
#melaniemartin
#southflorida

this is all allegedly. 
please don't send hate or DISCOURAGING messages to anyone mentioned in this video. 

like comment subscribe 
and find me on my SOCIALS 😊🦋",2022-07-13T21:48:14Z,386,https://www.youtube.com/watch?v=EZWbeT2eqEk
tWrcllQ8l-E,The Scumm Bar Podcast Episode 58 : Home Security / PizzaGate,"Anth0z and Mattbrush discuss how the different solutions to home security. How do you prepare for a break in at your house, do you think you have taken all the correct precautions? They also go over PizzaGate and the rabbit hole conspiracy that Mattbrush went through the other weekend. It caused him to barely sleep one night and he wanted to talk about it, what do you think about PizzaGate and Comet Pizza ? Do you think some of these conspiracies are fun to listen to ?",2020-03-28T20:58:16Z,63,https://www.youtube.com/watch?v=tWrcllQ8l-E
pl9KjJsa2Fo,Pizzagate,https://store.playstation.com/#!/tid=CUSA00572_00,2021-08-25T04:37:49Z,42,https://www.youtube.com/watch?v=pl9KjJsa2Fo
0Clu6Vixl1A,PizzaGate? WTH? Andrew Breitbart on Red Eye.,"Greg Gutfeld randomly brings up ping pong while interviewing Andrew Breitbart in 2011 about WeinerGate.

Link to source with full version: https://www.youtube.com/watch?v=rMGb0mpOKrs#t=7m50s",2016-11-29T00:53:08Z,12448,https://www.youtube.com/watch?v=0Clu6Vixl1A
ngKxQzirYQo,Jimmy Kimmel - PIZZAGATE (Pasta),#pizzagate #jimmykimmel #covid19,2020-04-17T21:40:18Z,1820,https://www.youtube.com/watch?v=ngKxQzirYQo
q3TRRU3kHkY,"WPC GME Hedgefunds, and the origin of pizzagate","Not that they're related, that's just some of the things that's in here.",2021-01-31T23:23:23Z,30,https://www.youtube.com/watch?v=q3TRRU3kHkY
0XW7agjaXXs,Mother Of Casey Anthony Reveals Police Officer Casey Dated Was The Center Of Jealous￼ Love Triangle!,"@Fiona Rawls voice over 

These are some of many comments and messages I have received from Telma M Moya. She posted multiple comments on my YouTube page of my children’s names, my address and phone number as well as threatening to “do more than just a drink.” This is the second person who has threatened me since the release of https://youtu.be/BghLnc3TA10",2022-07-08T15:54:49Z,5992,https://www.youtube.com/watch?v=0XW7agjaXXs
BDW0AA3hazk,Kool King Klaw | An Introduction To |,"Today I go over Kool King Klaw.






This video parody and is a joke. There is no deeper message, this is just a shit post. Opinions portrayed in this video does not necessarily represent the views of Bobby E. or anyone else on Bobby E.'s  Team. Sorry if you actually wanted a video on this",2021-01-12T01:20:56Z,481,https://www.youtube.com/watch?v=BDW0AA3hazk
W4_Lwm4UuOA,Steemit Pizzagate 1,https://steemit.com/@framelalife,2017-02-03T01:23:03Z,62,https://www.youtube.com/watch?v=W4_Lwm4UuOA
oez7BoIEemA,"Twitter, Jack Dorsey, the Far Right, and How Pizzagate Spread (w/ Michael Edison Hayden)","Michael Edison Hayden of the Southern Poverty Law Center joins DOOMED with Matt Binder to discuss Twitter's relationships with the far right, specifically their connections with CEO Jack Dorsey. Also, looking back at the social media platform's role in #Pizzagate.

Read Michael's series on Twitter and the far right here:
https://www.splcenter.org/hatewatch/2021/07/07/we-make-mistakes-twitters-embrace-extreme-far-right
His #Pizzagate piece: https://www.splcenter.org/hatewatch/2021/07/07/theres-nothing-you-can-do-legacy-pizzagate

Support the show: http://www.patreon.com/mattbinder",2021-07-09T05:44:47Z,3044,https://www.youtube.com/watch?v=oez7BoIEemA
pxCjTyIbFIU,PIZZAGATE*SATANIC RITUAL ABUSE EXPOSED AT CHUCK E CHEESE,TY @GABBYTHE_EDITOR OF TIK TOK,2020-07-06T17:30:34Z,2340,https://www.youtube.com/watch?v=pxCjTyIbFIU
FWcG-eKmrV4,Pizzagate,Pizzagate is Non-sense,2021-07-22T14:31:53Z,70,https://www.youtube.com/watch?v=FWcG-eKmrV4
ku81RzY5lRk,"A White Nationalist, A Misogynist, And A Pizzagate Conspiracy Theorist","In addition to being a white nationalist and a misogynist, Vincent James is a ""Pizzagate"" conspiracy theorist who once got booted out of Comet Ping Pong for trying to do a livestream with fellow white nationalist Baked Alaska.",2022-03-29T19:44:00Z,1598,https://www.youtube.com/watch?v=ku81RzY5lRk
lc4AXNkFviA,Alex Jones was right about Epstein since 2008. #pizzagate,,2022-04-11T00:14:33Z,216,https://www.youtube.com/watch?v=lc4AXNkFviA
7DxJnXKIyTA,Dwayne Wade/Gabrielle Union ritual sacrifice of son #Pizzagate,,2020-02-18T04:21:43Z,2200,https://www.youtube.com/watch?v=7DxJnXKIyTA
_dIa7zisdCE,IS WAYFAIR SELLING CHILDREN ??? WAYFAIR CHILD TRAFFICKING CONSPIRACY - PIZZAGATE QANON,"IS WAYFAIR SELLING CHILDREN ??? WAYFAIR CHILD TRAFFICKING CONSPIRACY - PIZZAGATE QANON


#wayfair #conspiracy #pizzagate #QANON

Here is another youtuber's take on wayfairs conspiracy do you agree?

Wayfair did their inhouse investigation and says the claims are false. Do you belive Wayfair? Image wayfair being the fall of our elites in this world. What would our world be like if we proved the wayfair child trafficking theory was real? 

What is your take on the strange wayfair listings? It is definitly intresting and makes you wonder if we will ever hear the truth? Are the elites really phedophiles?

wayfair , wayfair trafficking , wayfair conspiracy , wayfair children , wayfair trafficking children , wayfair review , wayfair bed , wayfair , wayfair",2020-07-19T01:17:29Z,157,https://www.youtube.com/watch?v=_dIa7zisdCE
A-PpI8Xf6Ww,Elder Uchtdorf Talks About the Kingdom of God,"The Millennium
https://www.churchofjesuschrist.org/study/manual/gospel-principles/chapter-45-the-millennium?lang=eng

President Russell M. Nelson, LOTS of World Leaders! Political Kingdom of God? Council of Fifty 2.0?
https://www.youtube.com/watch?v=Ku5LXbySF0c

The Flag of the Kingdom of God, Joseph Smith, Ensign Peak & Comparing Flags with Israeli Flag
https://www.youtube.com/watch?v=Z1BOqdE-x8c

Citizenship in God’s Kingdom Is ‘Highest Hope for Humanity,’ Elder Uchtdorf Says at Freedom Festival
https://newsroom.churchofjesuschrist.org/article/citizenship-in-gods-kingdom-is-brightest-hope-for-humanity-elder-uchtdorf-freedom-festival

Get What You Want... With Honey!
https://learningenglish.voanews.com/a/get-what-you-want-with-honey-/5755865.html#:~:text=So%2C%20the%20expression%20%E2%80%9Cyou%20get,by%20acting%20sour%20or%20bitter.

▬▬▬▬▬▬▬▬▬▬▬▬▬▬▬▬▬▬▬▬▬▬▬▬▬
Do you want to learn more about the Second Coming and keep on top of church news and the signs of the times?

SUBSCRIBE! ► https://www.youtube.com/c/ChristianHomesteader?sub_confirmation=1
▬▬▬▬▬▬▬▬▬▬▬▬▬▬▬▬▬▬▬▬▬▬▬▬▬
Christian Homestead Store Merchandise:
https://christian-homestead.creator-spring.com/
▬▬▬▬▬▬▬▬▬▬▬▬▬▬▬▬▬▬▬▬▬▬▬▬▬
MY SPREADSHEET: https://docs.google.com/spreadsheets/d/1xNdVjR_n5z-8kLB7iNuLCeZvK5XCpId0d8XiTeCofGI/edit?usp=sharing
▬▬▬▬▬▬▬▬▬▬▬▬▬▬▬▬▬▬▬▬▬▬▬▬▬
CONNECT WITH ME
Facebook ► https://www.facebook.com/MyChristianHomestead/
Instagram ► https://www.instagram.com/christian.homestead/
Twitter► https://twitter.com/ChristHomestead
Pinterest ► https://www.pinterest.com/Christian_Homestead/
▬▬▬▬▬▬▬▬▬▬▬▬▬▬▬▬▬▬▬▬▬▬▬▬▬
CONTACT ► my.christian.homestead@gmail.com
▬▬▬▬▬▬▬▬▬▬▬▬▬▬▬▬▬▬▬▬▬▬▬▬▬",2022-07-14T19:59:13Z,1505,https://www.youtube.com/watch?v=A-PpI8Xf6Ww
i8hD9cDCwqs,#BURNITDOWN #PEDOGATE #PIZZAGATE,"#BURNITDOWN #PEDOGATE #PIZZAGATE

Contributor @ Arizona Bay News: https://www.youtube.com/channel/UCl1VKdaHm4yjwps9HIImFpw",2017-03-04T04:06:07Z,202,https://www.youtube.com/watch?v=i8hD9cDCwqs
CieOYln2zgM,QAnon and Pizzagate,"We talk about the all-american conspiracies, mainly the ones surrounding the 2016 election including QAnon and Pizzagate.

#Q #QAnon #Trump #Pizzagate #podesta #uselection #clinton",2022-02-12T11:00:07Z,60,https://www.youtube.com/watch?v=CieOYln2zgM
giF9m8uwY8Q,Zingy ParceL 🌯 #shorts #Domino&#39;s,#pizza #pizzatime #pizzalover #pizzahut #pizzas #pizzaria #pizzalovers #pizzaparty #pizzanapoletana #pizzalove #ilovepizza #homemadepizza #pizzagram #pizzaislife #pizzanight #pizzaporn #instapizza #veganpizza #pizzapizza #dominospizza #pizzaiolo #lovepizza #pizzamania #pizzagourmet #woodfiredpizza #bestpizza #pizzadelivery #pizzaexpress #pizzaday #pizzalife #dailypizza #pizzaitaliana #pizzagate #italianpizza #nationalpizzaday #amopizza #pepperonipizza #pizzasisters4lyfe #pizzapie #pizzaslice#food #foodporn #instafood #foodie #healthyfood #foodstagram #foodphotography #foodgasm #foodblogger #foodlover #foodpics #foodpic #foodies #foods #veganfood #seafood #goodfood #foodblog #foodgram #japanesefood #fitfood #veganfoodshare #italianfood #foodlovers #lovefood #foodstyling #fooddiary #realfood #foodart #streetfood #foodphoto #foodlove #igfood #foodiegram #comfortfood #instafoodie #vscofood #wholefoods #foodoftheday #thaifood#cooking #homecooking #cookingram #lovecooking #ilovecooking #cookingclass #cookingtime #healthycooking #cookingathome #cookingwithlove #easycooking #vegancooking #doyancooking #homemadecooking #instacooking #quarantinecooking #cookingvideo #mycooking #outdoorcooking #happycooking #cookingwithkids #italiancooking #simplecooking #ketocooking #cookingschool #cookingisfun #cookingmama #southerncooking #castironcooking #kidscooking #cookingclasses #cookinglove #cookinglight #cookingtips #indiancooking #cookingshow #cookingfromscratch #momscooking #cookingday #cookinglover#food #foodporn #instafood #foodie #healthyfood #foodstagram #foodphotography #foodgasm #foodblogger #foodlover #foodpics #foodpic #foodies #foods #veganfood #seafood #goodfood #foodblog #foodgram #japanesefood #fitfood #veganfoodshare #italianfood #foodlovers #lovefood #foodstyling #fooddiary #realfood #foodart #streetfood #foodphoto #foodlove #igfood #foodiegram #comfortfood #instafoodie #vscofood #wholefoods #foodoftheday #thaifood#cooking #homecooking #cookingram #lovecooking #ilovecooking #cookingclass #cookingtime #healthycooking #cookingathome #cookingwithlove #easycooking #vegancooking #doyancooking #homemadecooking #instacooking #quarantinecooking #cookingvideo #mycooking #outdoorcooking #happycooking #cookingwithkids #italiancooking #simplecooking #ketocooking #cookingschool #cookingisfun #cookingmama #southerncooking #castironcooking #kidscooking #cookingclasses #cookinglove #cookinglight #cookingtips #indiancooking #cookingshow #cookingfromscratch #momscooking #cookingday #cookinglover#food #foodporn #instafood #foodie #healthyfood #foodstagram #foodphotography #foodgasm #foodblogger #foodlover #foodpics #foodpic #foodies #foods #veganfood #seafood #goodfood #foodblog #foodgram #japanesefood #fitfood #veganfoodshare #italianfood #foodlovers #lovefood #foodstyling #fooddiary #realfood #foodart #streetfood #foodphoto #foodlove #igfood #foodiegram #comfortfood #instafoodie #vscofood #wholefoods #foodoftheday #thaifood#cooking #homecooking #cookingram #lovecooking #ilovecooking #cookingclass #cookingtime #healthycooking #cookingathome #cookingwithlove #easycooking #vegancooking #doyancooking #homemadecooking #instacooking #quarantinecooking #cookingvideo #mycooking #outdoorcooking #happycooking #cookingwithkids #italiancooking #simplecooking #ketocooking #cookingschool #cookingisfun #cookingmama #southerncooking #castironcooking #kidscooking #cookingclasses #cookinglove #cookinglight #cookingtips #indiancooking #cookingshow #cookingfromscratch #momscooking #cookingday #cookinglover#pizza #pizzatime #pizzalover #pizzahut #pizzas #pizzaria #pizzalovers #pizzaparty #pizzanapoletana #pizzalove #ilovepizza #homemadepizza #pizzagram #pizzaislife #pizzanight #pizzaporn #instapizza #veganpizza #pizzapizza #dominospizza #pizzaiolo #lovepizza #pizzamania #pizzagourmet #woodfiredpizza #bestpizza #pizzadelivery #pizzaexpress #pizzaday #pizzalife #dailypizza #pizzaitaliana #pizzagate #italianpizza #nationalpizzaday #amopizza #pepperonipizza #pizzasisters4lyfe #pizzapie #pizzaslice#food #foodporn #instafood #foodie #healthyfood #foodstagram #foodphotography #foodgasm #foodblogger #foodlover #foodpics #foodpic #foodies #foods #veganfood #seafood #goodfood #foodblog #foodgram #japanesefood #fitfood #veganfoodshare #italianfood #foodlovers #lovefood #foodstyling #fooddiary #realfood #foodart #streetfood #foodphoto #foodlove #igfood #foodiegram #comfortfood #instafoodie #vscofood #wholefoods #foodoftheday #thaifood#cooking #homecooking #cookingram #lovecooking #ilovecooking #cookingclass #cookingtime #healthycooking #cookingathome #cookingwithlove #easycooking #vegancooking #doyancooking #homemadecooking #instacooking #quarantinecooking #cookingvideo #mycooking #outdoorcooking #happycooking #cookingwithkids #italiancooking #simplecooking #ketocooking #cookingschool #cookingisfun #cookingmama #southerncooking #castironcooking #kidscooking #cookingclasses #cookinglove #cookinglight #cookingtips #indiancooking,2022-07-16T11:57:25Z,5,https://www.youtube.com/watch?v=giF9m8uwY8Q
1-k0TGfRx_g,"Irritated Genie &quot;WARNING&quot; to Africans,Organ Trafficking, #PizzaGate, Interview w/ Mr BE,","The Irritated Genie of Soufeese
(Most Hated Black Man in amerikkka)

Website:   www.waronthehorizon.com
Phone number:  (202) 309-9106
Email address:  liberation@waronthehorizon.com
Facebook Page:  Irritated Genie of Soufeese 

Help Support our channel any Amount will Count…
https://www.paypal.me/loveofferings

Subscribe mb3gee Channel @ 
 https://www.youtube.com/channel/UCpwRMRUTNAXeKU_vCNU10fA

Website: https://www.mb3gee.com
FOLLOW US on Facebook, Instagram, Twitter: SHEDUSERVICES

Irritated Genie of Soufeese Interview w/ Mr BE, gives a WARNING to our African people about the New Age Slavery Organ Trafficking, #PizzaGate and The Feminizing of the African Male.",2017-07-20T22:17:17Z,1041,https://www.youtube.com/watch?v=1-k0TGfRx_g
z925NVUB2Z0,Lilo and stitch pizza gate connection!,"Disney ,Lilo and stitch,  Pizzagate",2020-08-10T18:49:51Z,3105,https://www.youtube.com/watch?v=z925NVUB2Z0
f7JRmcr4LbY,Maria Marshall responds to #Pizzagate accusations - 1,"A few years ago the #Pizzagate channel targeted me for heinous crimes in the form of seven you tube videos appropriating my films and adding his own lies, In this video I explain my experience and challenge the 'fake' sensationalist news.

My videos that I reference:
https://youtu.be/pz6YdNRPraE
https://youtu.be/7FVb3U3Ao2Q
https://www.mariamarshall.com/fullscreen-page/comp-jblc1ezs/33bdebaa-e628-4db7-b474-eb8da6f53bc8/12/%3Fi%3D12%26p%3De46lg%26s%3Dstyle-jdyzt3ub

#pizzagate videos:
https://youtu.be/tKfG9irehv0
https://youtu.be/bpJyb8tXK4o
https://youtu.be/cMfZzdtbH6Q

My website:
mariamarshall.com

My Instagram:
https://www.instagram.com/maria_h_marshall/",2020-06-25T13:21:38Z,254,https://www.youtube.com/watch?v=f7JRmcr4LbY
Z1zWONHrWno,Compilation of Joe Biden being Creepy Proof of #Pizzagate Comet Ping Pong,,2016-11-27T14:21:08Z,11038,https://www.youtube.com/watch?v=Z1zWONHrWno
GvQVWto5bPQ,#PizzaGate #WinnieThePoohGate,"Watch the video in the description
https://www.youtube.com/watch?v=vTi8r93nauE

This is so creepy. http://www.scp-wiki.net/scp-1357
#pizzagate2018 #PizzaGate2018 pizzagate2018 

I have found a Polish pedophile ring. It most likely is connected to the Clinton Foundation.

The use of memory suppressants and amnesiacs are utilized to make subjects forget.

Riddilin and Valium also play a role in this I suspect.

A female pedophile using code words #ChodaGang connect to eastern european sex rings.

This polish female sports a girl lover tattoo on her left shoulder. 
It is film strip within film strip, possibly signifying she is a producer of child pornography.

The theme park in question SCP-1357, is based off a creepy pasta.
Pasta - Italian - Crypto Jew cannibalism.

A Winnie the Pooh themed park. 

There are mainstream stories of Winnie the Pooh being banned in Poland.

This cannot be coincedence.

Reports indicate battles between Foundation members and *other government forces ???

Interdimensional portals are mentioned.

There is a picture of a carousel on ""Pamela Iconik""'s picture website.

This carousel sports images of places on Earth not percisely close to Poland by any means.

Commenters on news story has code name ""GATOR""

This connects to Orlando Florida in some way. 

Dimensional portals.

National Soverignty is being undermined by pedophiles using portals.

A 6 letter city in Poland is the subject of this attack by the Foundation. 

Is it Cracow ? Warsaw ? 

There are reports of pedophiles using batman costumes, barney the dinosaur and winnie the pooh.

This needs to be investigated completely.

POOH is code for Sodomy, Anal Sex.

Abduction and brainwashing of children appears to be happening in Eastern Europe.

The Canadian Latvia mission proves that dark forces are trying to destroy Poland.

#pizzagate #pedogate #WinnieThePoohGate #pizzagate2018 #pizzagate2019 pizzagate2018",2018-02-11T15:18:20Z,301,https://www.youtube.com/watch?v=GvQVWto5bPQ
WB3Tf2WaesY,“Pizzagate” tweet during “Open Phones”,"During C-SPAN’s “Open Phones” segment on March 2, 2017, a viewer tweets in referencing “Pizzagate” live on television. 

Source: https://www.c-span.org/video/?424616-2/washington-journal-news-headlines-viewer-calls

Like and subscribe for more content!

Also follow Patriot Of Truth on IG @ patriot.of.truth

Title 17 USC section 107 of the US Copyright Law renders this “Fair Use” as it is intended only for educational purposes.",2020-09-29T15:09:15Z,183,https://www.youtube.com/watch?v=WB3Tf2WaesY
yUzYHfxY_rQ,Chicken qusadillas🥘😋 #shorts,"#chiken #chickenqusadillas #chickenrecipe #chicken #chickencurry #chickenbiryani 
#cooking #homecooking #cookingram #lovecooking #ilovecooking #cookingclass #cookingtime #healthycooking #cookingathome #cookingwithlove #easycooking #vegancooking #doyancooking #homemadecooking #instacooking #quarantinecooking #cookingvideo #mycooking #outdoorcooking #happycooking #cookingwithkids #italiancooking #simplecooking #ketocooking #cookingschool #cookingisfun #cookingmama #southerncooking #castironcooking #kidscooking #cookingclasses #cookinglove #cookinglight #cookingtips #indiancooking #cookingshow #cookingfromscratch #momscooking #cookingday #cookinglover#food #foodporn #instafood #foodie #healthyfood #foodstagram #foodphotography #foodgasm #foodblogger #foodlover #foodpics #foodpic #foodies #foods #veganfood #seafood #goodfood #foodblog #foodgram #japanesefood #fitfood #veganfoodshare #italianfood #foodlovers #lovefood #foodstyling #fooddiary #realfood #foodart #streetfood #foodphoto #foodlove #igfood #foodiegram #comfortfood #instafoodie #vscofood #wholefoods #foodoftheday #thaifood#food #foodporn #instafood #foodie #healthyfood #foodstagram #foodphotography #foodgasm #foodblogger #foodlover #foodpics #foodpic #foodies #foods #veganfood #seafood #goodfood #foodblog #foodgram #japanesefood #fitfood #veganfoodshare #italianfood #foodlovers #lovefood #foodstyling #fooddiary #realfood #foodart #streetfood #foodphoto #foodlove #igfood #foodiegram #comfortfood #instafoodie #vscofood #wholefoods #foodoftheday #thaifood#cooking #homecooking #cookingram #lovecooking #ilovecooking #cookingclass #cookingtime #healthycooking #cookingathome #cookingwithlove #easycooking #vegancooking #doyancooking #homemadecooking #instacooking #quarantinecooking #cookingvideo #mycooking #outdoorcooking #happycooking #cookingwithkids #italiancooking #simplecooking #ketocooking #cookingschool #cookingisfun #cookingmama #southerncooking #castironcooking #kidscooking #cookingclasses #cookinglove #cookinglight #cookingtips #indiancooking #cookingshow #cookingfromscratch #momscooking #cookingday #cookinglover#food #foodporn #instafood #foodie #healthyfood #foodstagram #foodphotography #foodgasm #foodblogger #foodlover #foodpics #foodpic #foodies #foods #veganfood #seafood #goodfood #foodblog #foodgram #japanesefood #fitfood #veganfoodshare #italianfood #foodlovers #lovefood #foodstyling #fooddiary #realfood #foodart #streetfood #foodphoto #foodlove #igfood #foodiegram #comfortfood #instafoodie #vscofood #wholefoods #foodoftheday #thaifood#cooking #homecooking #cookingram #lovecooking #ilovecooking #cookingclass #cookingtime #healthycooking #cookingathome #cookingwithlove #easycooking #vegancooking #doyancooking #homemadecooking #instacooking #quarantinecooking #cookingvideo #mycooking #outdoorcooking #happycooking #cookingwithkids #italiancooking #simplecooking #ketocooking #cookingschool #cookingisfun #cookingmama #southerncooking #castironcooking #kidscooking #cookingclasses #cookinglove #cookinglight #cookingtips #indiancooking #cookingshow #cookingfromscratch #momscooking #cookingday #cookinglover#food #foodporn #instafood #foodie #healthyfood #foodstagram #foodphotography #foodgasm #foodblogger #foodlover #foodpics #foodpic #foodies #foods #veganfood #seafood #goodfood #foodblog #foodgram #japanesefood #fitfood #veganfoodshare #italianfood #foodlovers #lovefood #foodstyling #fooddiary #realfood #foodart #streetfood #foodphoto #foodlove #igfood #foodiegram #comfortfood #instafoodie #vscofood #wholefoods #foodoftheday #thaifood#cooking #homecooking #cookingram #lovecooking #ilovecooking #cookingclass #cookingtime #healthycooking  #outdoorcooking #happycooking #cookingwithkids #italiancooking #simplecooking #ketocooking #cookingschool #cookingisfun #cookingmama #southerncooking #castironcooking #kidscooking #cookingclasses #cookinglove #cookinglight #cookingtips #indiancooking #cookingshow #cookingfromscratch #momscooking #cookingday #cookinglover#food #foodporn #instafood #foodie #healthyfood #foodstagram #foodphotography #foodgasm #foodblogger #foodlover #foodpics #foodpic #foodies #foods #veganfood #seafood #goodfood #foodblog #foodgram #japanesefood #fitfood #veganfoodshare #italianfood #foodlovers #lovefood #foodstyling #fooddiary #realfood #foodart #streetfood #foodphoto #foodlove #igfood #foodiegram #comfortfood #instafoodie #vscofood #wholefoods #foodoftheday #thaifood#pizza #pizzatime #pizzalover #pizzahut #pizzas #pizzaria #pizzalovers #pizzaparty #pizzanapoletana #pizzalove #ilovepizza #homemadepizza #pizzagram #pizzaislife #pizzanight #pizzaporn #instapizza #veganpizza #pizzapizza #dominospizza #pizzaiolo #lovepizza #pizzamania #pizzagourmet #woodfiredpizza #bestpizza #pizzadelivery #pizzaexpress #pizzaday #pizzalife #dailypizza #pizzaitaliana #pizzagate #italianpizza #nationalpizzaday #amopizza #pepperonipizza #pizzasisters4lyfe #pizzapie #pizzaslice",2022-07-17T13:28:31Z,1,https://www.youtube.com/watch?v=yUzYHfxY_rQ
qu9hzlLEavw,Daily News and new facts. (HR 4?) MHR to Sunbreak journey continuation later.,Unedited live stream -- Watch live at https://www.twitch.tv/dreamwreck,2022-07-07T07:00:12Z,2,https://www.youtube.com/watch?v=qu9hzlLEavw
nufCU26fVEk,PIZZAGATE II? LAUNDRIE&#39;S ONLINE BEHAVIORS BECAME DEVIANT,#gabbypetito #brianlaundrie #psychic #pizzagate,2021-09-27T00:30:00Z,110,https://www.youtube.com/watch?v=nufCU26fVEk
r4dvbSmeDFQ,FILING A FALSE REPORT TO YOUTUBE IS A (TOS) VIOLATION. (PART-2).,,2022-07-08T16:43:20Z,65,https://www.youtube.com/watch?v=r4dvbSmeDFQ
TWcTVFKcYXU,Michelle Obama Joe Biden Pizzagate,Joe boded giving number to children,2020-08-19T19:32:53Z,240,https://www.youtube.com/watch?v=TWcTVFKcYXU
5kaurJNCprU,(TRI-LINE) #PizzaGate,"Fragmento extraído del vídeo titulado ""Los 9 VÍDEOS MÁS INCÓMODOS DE VER en Youtube"" por Tri-line. 

Puedes ver el vídeo original aquí: https://youtu.be/ih72MbGTO8U

SUSCRÍBETE en su canal aquí! ► http://bit.ly/POqbZu 

¤SÍGUELO EN SUS REDES SOCIALES: Instagram ► https://www.instagram.com/trilineoficial Facebook ► http://www.facebook.com/SrTriline 
Twitter ► http://bit.ly/15YWVbc 

Obtiene el increíble libro de Tri-line ► http://bit.ly/1jLTag9 

------------------------------------ 

La intención de este fragmento es de entretener y/o informar. Sin ánimo de lucro. 

------------------------------------ 

★ DISCLAIMER ★ I do not own the anime, music, artwork or the lyrics. All rights reserved to their respective owners!!! This video is not meant to infringe any of the copyrights. This is for promote. 

★ Copyright Disclaimer ★ Title 17, US Code (Sections 107-118 of the copyright law, Act 1976): All media in this video is used for purpose of review & commentary under terms of fair use. All footage, & images used belong to their respective companies. Fair use is a use permitted by copyright statute that might otherwise be infringing.",2018-06-01T02:02:49Z,27227,https://www.youtube.com/watch?v=5kaurJNCprU
YJOxryXT6vE,&quot;Pizzagate&quot; Journalist Testimony Before International Tribunal for Natural Justice,"The International Tribunal for Natural Justice has been formed to confront and bring justice to perpertrators of human trafficking and child abuse around the world - without the constraints of 
Nationality, Government or Religious boundaries and therefore dependent on public funding and volunteering in order to remain completely independent. However, there are some who believe it 
is not the noble authority it claims to be, calling it nothing more than a global scam and a toothless dog. Is the Tribunal all that voiceless victims - and the world as a whole have been waiting for? 
Credit:  https://commission.itnj.org
#pizzagate #beaumontchildren #truecrime


Help support our channel. 
Murder Mystery & Mayhem Merchandise Here:
https://teespring.com/en-GB/stores/murder-mystery-mayhem DONATIONS:  https://streamlabs.com/dreamweaver1/v2/tip MERCHANDISE! https://streamlabs.com/dreamweaver1/v2/tip#/merch",2018-11-27T14:31:44Z,1373,https://www.youtube.com/watch?v=YJOxryXT6vE
M5OVemfdU8M,Can These Chefs Make Pizza Rolls Fancy?,"#Ralix (Rie and Alix) reunite again for this classic episode of Make It Fancy! The dynamic duo is challenged to make Pizza Rolls into something even more delicious in this season finale. Come for the food, stay for the laughs! 
 
Get our FANCY NEW MERCH: http://www.ShopMakeItFancy.com
Shop Rie's blue cookware: https://bit.ly/3tORHMj   

Checkout Alix: https://www.instagram.com/majortraeger/
https://www.tiktok.com/@majortraeger 

Checkout Zoya https://www.instagram.com/zoyaroya

00:00 Intro
01:13 Fancy Time
01:54 The Road To Fancy
09:32 Let's Get Fancy! 
10:33 Fancy Festivities 

Subscribe to Tasty: https://bzfd.it/2ri82Z1

Tasty
The official YouTube channel of all things Tasty, the world's largest food network. From recipes, world-class talent, and top-of-the-line cookware, we help connect food lovers in every way they interact with food.

Connect with Tasty:
Shop the NEW Tasty Merch: https://bzfd.it/shoptastyyoutube
Subscribe to Tasty Newsletters: https://bzfd.it/2SC4h0S
Like us on Facebook: http://www.facebook.com/buzzfeedtasty
Follow us on Instagram: https://www.instagram.com/buzzfeedtasty/
Follow us on Twitter: https://www.twitter.com/tasty
Find our recipes and buy the ingredients all in one place. Download the Tasty app today: https://tsty.it/app
Shop the Tasty Kitchenware line: https://t.co/0dPSuobra7

Credits: https://www.buzzfeed.com/bfmp/videos/154631
MUSIC
Symphony No. 40 G minor, K. 550 - I. Molto Allegro_Main
Licensed via Warner Chappell Production Music Inc.

Licensed via Audio Network

STILLS
Old grunge white wall texture background.
Pakin Songmor/Getty Images

VIDEO
Film Footage courtesy of Shutterstock, Inc.
Used by Permission

EXTERNAL CREDITS
Zoya Biglary
@zoyaroya
+
Alix Traeger
@majortraeger
https://www.youtube.com/c/buzzfeedtasty",2022-07-10T17:00:14Z,279666,https://www.youtube.com/watch?v=M5OVemfdU8M
MPOmfEvYiqw,Samuel and Pizzagate,,2017-12-07T22:39:11Z,33,https://www.youtube.com/watch?v=MPOmfEvYiqw
FWhFlQXSnXY,Pizzagate 2020,https://store.playstation.com/#!/tid=CUSA00572_00,2020-09-05T22:21:43Z,99,https://www.youtube.com/watch?v=FWhFlQXSnXY
_ffvUd0qoxU,Killer Conspiracies - The Pizzagate Shooting,"Disclaimer: The opinions regarding the actions and lack thereof on certain peoples’ parts within this case, are strictly my opinion and are not meant to harm or slander anyone. This episode is meant for entertainment purposes only. 

Welcome back to Rogue Darkness! In this episode we’ll be delving into the darkness of humanity by discussing how a notorious internet conspiracy theory lead to a man traveling over 300 miles to Washington DC, strapped with an AR-15 rifle, and proceeded to open fire into a local pizza shop. Join me this week for a new segment I’ll be including on the show, that I like to call “Killer Conspiracies”. 


Articles referenced: https://abcnews.go.com/US/details-emerge-pizzagate-shooting-suspect-faces-federal-charges/story?id=44176270

https://en.m.wikipedia.org/wiki/Pizzagate_conspiracy_theory#Comet_Ping_Pong_shooting

Background music in this episode: “Anxiety/Horror” by Kevin MacLeod (Royalty Free)

Listen to Kevin MacLeod’s music here: https://incompetech.com/music/royalty-free/


Contact: roguedarknesspod@gmail.com

Follow me on Instagram! https://instagram.com/rogue_darkness?igshid=e2qxf6xt3dqq

Support the show (https://ko-fi.com/rogue_darkness)",2022-03-14T05:00:08Z,66,https://www.youtube.com/watch?v=_ffvUd0qoxU
SEfx0Qqfh68,Pizzagate Heats Up #TruthfullyTrisha blamin’ e’erybody!!,"Sweating like a hog, Pattycakes fires up a live to allege she was once again sent a pizza. Whether it was a web order or a phone call, is unclear. Is there anyplace that delivers pizza without paying online/telephone prior to delivery? Whether it is fibbing or lying, #TruthfullyTrisha continues to unravel and derail.",2021-08-27T19:41:14Z,475,https://www.youtube.com/watch?v=SEfx0Qqfh68
BTyAg_2zS3s,disinformation used as a weapon,,2022-05-06T20:06:37Z,3,https://www.youtube.com/watch?v=BTyAg_2zS3s
zDBhGs2EC7g,CNN Reports #Pizzagate is Fake News!,CNN reports #Pizzagate is fake news.. How much more hypocritical can you get!?,2016-12-07T19:20:28Z,137,https://www.youtube.com/watch?v=zDBhGs2EC7g
6l2Ubq4qqF8,Five Nights At Freddy&#39;s Theory  (pizza gate child kidnapper),"this just came to my mind while playing this game , i know i am very bad at it and have just the raw footage but hear me out pizza gate was about kids under a comet pingpong and by the end of this story fnaf the 2 ppl that build robots that snatch kids at a pizza parlor have a secret hide out with child snatching robots under there house , so here  is a crap theory on how i think hes not some guy who wrote the books",2021-02-20T15:21:47Z,261,https://www.youtube.com/watch?v=6l2Ubq4qqF8
R6h-YA5r2JE,The Trump Fake News Pizzagate Archon Suck Off Fest,"Three blowhards argue about alt right conspiracy mumbo jumbo bologna. 

SUBSCRIBE: http://www.youtube.com/user/thejoycamp?sub_confirmation=1

SUPPORT: https://www.patreon.com/thejoycamp

Check out this stuff 
Like us on Facebook: https://www.facebook.com/thejoycamp
Follow us on Twitter: https://twitter.com/TheJoyCamp
Follow us on Instagram: https://instagram.com/TheJoyCamp

Archon Suck Off Fest | JoyCamp
http://www.youtube.com/user/TheJoyCamp",2017-05-08T19:36:29Z,9154,https://www.youtube.com/watch?v=R6h-YA5r2JE
da2bn9t7NBE,Wayfair Trafficking Children Conspiracy Theories Wayfair Pizzagate Way fair Exposed PIZZAGATE QANON,"Wayfair Trafficking Children Conspiracy Theories Wayfair Pizzagate Way fair Exposed PIZZAGATE QANON

#wayfair #conspiracy #pizzagate #qanon

Wayfair did their inhouse investigation and says the claims are false. Do you belive Wayfair? Image wayfair being the fall of our elites in this world. What would our world be like if we proved the wayfair child trafficking theory was real? 

What is your take on the strange wayfair listings? It is definitly intresting and makes you wonder if we will ever hear the truth? Are the elites really phedophiles?

wayfair , wayfair trafficking , wayfair conspiracy , wayfair children , wayfair trafficking children , wayfair review , wayfair bed , wayfair , wayfair",2020-07-16T18:06:51Z,200,https://www.youtube.com/watch?v=da2bn9t7NBE
5swDgN2RUCU,You won’t believe what Carrie spent on Wall Paper Gate,"Wall Paper Gate, the reciepts are out and the spending is horrendous. Wall Paper Gate cost the taxpay 30,000 and Boris Johnson 170,000. It spending not seen since Maria Antinotte's time as the French Queen.

🎥WATCH ME NEXT
The film, from Russia with no love!
https://youtu.be/64XZj6bKWkk

👇🏼 HOW CAN YOU HELP THE CHANNEL 👇🏼
----------------------------------------------------

🚨 Want to help support this content? Support via Patreon!
https://www.patreon.com/politicalx

☕️Want to just buy me a coffee as a way of showing support? Buy me a coffee! 😄
https://www.buymeacoffee.com/politicalx

🤩Want some cool Merch, Tax the Rich! Or buy from Redbubble!
https://www.redbubble.com/people/PoliticalX21/shop

🚨Join this channel to get access to perks:
https://www.youtube.com/channel/UCFmbGrNir3PJFTG09ENvSIA/join
----------------------------------------------------

👋  SOCIAL MEDIA  👋 

TWITTER - @Politics20204

#wallpapergate
#carriejohnson
#Boris",2022-07-10T08:00:13Z,1834,https://www.youtube.com/watch?v=5swDgN2RUCU
gF0UMYUzJO0,"Watch This After Researching Pizzagate, Satanism, Child Trafficking, etcetc (People Hugging Animals)","✭✭✭Watch This After Researching Pizzagate, Satanism, Child Trafficking, etcetc (People Hugging Animals) - https://www.Twitter.com/KaizerHazard ✭✭✭ 

So after you watch videos about pizzagate, satanism, pedophile rings, child trafficking and stuff like that, your subconscious mind absorbs a lot of negative, fearful images and cognitions/emotions. You wanna always make sure you reverse this by feeding the subconscious mind positive stuff like videos of children hugging, people hugging animals, people singing happy birthday to their loved ones, etcetc; positive, empathic human being videos and stuff, you know? Watching positive videos of things you love can also help too. Like if you really love skateboarding or snowboarding or playing basketball or something, watch videos of skateboarders and basketball players celebrating and smiling and laughing in excitement. You may not feel like it's doing anything, but trust me, it is. That's how the subconscious mind works. Overtime, you'll start to feel wayy better than if you decided not to watch these kinds of videos. Much love. #2020TheNewGoldenAge #NewRenaissanceEra 

P.S. Watching videos like this after anything negative you immerse yourself in or experience will help keep your subconscious mind more positive. Pretty crazy how simple it is to keep yourself mentally healthy, right? Not a lot of people lay it out just like that so it's hard to come by in many circumstances. I'm one of those people where I'm just gonna give you the key. Don't even mention it lol

Disclaimer: I'm not saying/telling you to research Pizzagate, Satanism, Child Trafficking, etcetc, I'm simply saying if you choose to research these topics, watching videos like these can genuinely help you.


Feel free to donate money to me to help out with studio time and everything so I can create more music: https://www.paypal.me/kaizerhazard. It really makes a difference. Thanks.

✭✭✭ Follow me:
https://www.Instagram.com/KaizerHazard
https://www.Facebook.com/KaizerHazard
https://www.Twitter.com/KaizerHazard

Website: https://www.KaizerHazardMusic.com  ✭✭✭

✭ Subscribe to my newsletter @ https://www.KaizerHazardMusic.com ✭
✭✭✭Watch This After Researching Pizzagate, Satanism, Child Trafficking, etcetc (People Hugging Animals) - https://www.Twitter.com/KaizerHazard ✭✭✭",2020-07-12T10:03:40Z,301,https://www.youtube.com/watch?v=gF0UMYUzJO0
X6dHjvrUYT8,Sirius Issues - Red Pill (pizzagate),"Now out on all platforms!  Please spread the word and help support the cause.

I appreciate all of your feedback and support.  I do this for you all and the people who cannot fight for themselves.  The MSM is not bringing much attention to this, but we must SAVE THESE CHILDREN!

#saveourchildren #savethesekids",2020-08-10T22:27:30Z,2446,https://www.youtube.com/watch?v=X6dHjvrUYT8
exWlxlcnyQQ,#TWITTERGATE - BARR TALK WITH TRUMP TO HUMAN TRAFFIC #PIZZAGATE,,2020-05-29T14:19:28Z,485,https://www.youtube.com/watch?v=exWlxlcnyQQ
rUVFHUdCdfc,Spooky Show Ep. 2 The Long Island Serial Killer,"Powered by Restream https://restre.am/yt

If you enjoy my work and research and would like to support, Please consider a donation. All are read on Stream


https://cash.app/$crockotruth

https://www.patreon.com/daveycrocko

New Twitter
https://twitter.com/RealDaveyCrocko

Where to find all my platforms

Streams

LIVE Streams here

https://dlive.tv/TheRealDaveyCrocko

All Streams and Shows archived to 

Bitchute

https://www.bitchute.com/channel/ZunifmFMmbyU/

Odysee

https://odysee.com/@DaveyCrocko:3

Youtube

https://www.youtube.com/channel/UCeVOpg7cE-GeWnKGrjBGD6w

Spooky Sunday’s Season 2

http://www.youtube.com/channel/UCgzcfqseWYoJjprxt49rsfA

Crocko News

https://www.youtube.com/channel/UCL49cJIqrDTGBuiR2hEEfJA",2022-07-12T04:01:22Z,62,https://www.youtube.com/watch?v=rUVFHUdCdfc
dyJFKZ9sv58,CBS Host Admits ‘Pizzagate Is Real’ | Must-See !!,"Facebook - http://bit.ly/2wD0VP5
Tubmlr - http://bit.ly/2xekdYA
Speech - http://bit.ly/2wCPYOt",2017-09-24T00:30:00Z,52,https://www.youtube.com/watch?v=dyJFKZ9sv58
R1EL0S1j5AE,Solving the #Pokimane Pizzagate - EATING PIZZA UPSIDE DOWN??,,2019-06-24T18:25:34Z,671,https://www.youtube.com/watch?v=R1EL0S1j5AE
U7DcaAm4deM,KURT COBAIN HABLÓ ANTES DE MORIR SOBRE EL PIZZAGATE,"#KurtCobain habló sobre el tan llamativo ""PizzaGate"" en un video interesante.",2020-06-02T00:09:09Z,302,https://www.youtube.com/watch?v=U7DcaAm4deM
z92lmhujEbQ,"HONEYBEE NAME ON THE FINDERS CULT LIST OF ABUSED CHILDREN, PIZZAGATE PSYOPS","THE FINDERS CULT ARRESTS AT A TALLAHASSEE FLORIDA PARK IN 1987 WAS FOR CHILD ABUSE OF SIX CHILDREN, ONE WAS NAMED HONEYBEE.
#pedogate #pizzagate #thefinders

TROLLOP RULLEZ VIDEOS ARE NOW ARCHIVED FOR ETERNITY AT:

https://archive.org/details/@trollop_rullez",2019-10-20T00:24:54Z,527,https://www.youtube.com/watch?v=z92lmhujEbQ
-ud83ZwzDnA,Ethan Klein Finally Comes for the &quot;TERFS&quot;,,2022-07-14T06:12:36Z,903,https://www.youtube.com/watch?v=-ud83ZwzDnA
XcuV6qTpyBw,Proof of #PizzaGate Code (Reality Calls reup),https://realitycallsshow.com/,2017-01-18T17:25:26Z,959,https://www.youtube.com/watch?v=XcuV6qTpyBw
8lNaPIYi_Yk,The Simpsons Predicts Pizza Gate,"In this short video clip we see The Simpsons Predictive Programming,  once again. This is a more sinister topic,  but the Simpsons are part of the end times Illuminati and Freemason Satanic agenda . Here we see The Simpsons predicted Pizza Gate. Pizza Gate is the terrible pedophilia and child sex trafficking that is going on in this nation. Elite and high up officials involve themselves in this terrible occult practice. This is a terrible truth . Thanks for watching.",2018-05-09T07:36:15Z,1036,https://www.youtube.com/watch?v=8lNaPIYi_Yk
rfwj_SLsG5Q,Pizzagate’s James Alefantis occult “Chapel Perilous” film,"Find the accompanying article, with lots more info on this, here: http://www.truefreethinker.com/articles/pizzagate-james-alefantis-movie-producer

See my site’s section on #pizzagate: http://www.truefreethinker.com/tag/pizzagate

A plea: I have to pay for server usage and have made all content on my website free and always will. I support my family on one income and do research, writing, videos, etc. as a hobby. If you can even spare $1.00 as a donation, please do so: it may not seem like much but if each person reading this would do so, even every now and then, it would add up and really, really help out. Here is my donate/paypal page: http://www.truefreethinker.com/donate

~~~~~~~~~~~~~~
You can visit me here:

True Freethinker:
http://www.truefreethinker.com

Backup video channel:
https://archive.org/details/@ken_ammi

Facebook:
http://www.facebook.com/pages/True-Freethinker/121114521301654

Twitter:
http://twitter.com/TrueFreethinker

Google+
https://plus.google.com/109752103364517998293/posts",2017-01-06T22:35:34Z,6828,https://www.youtube.com/watch?v=rfwj_SLsG5Q
RmalvUtKv80,PizzaGate Members When They Get Caught,,2020-09-21T16:02:07Z,116,https://www.youtube.com/watch?v=RmalvUtKv80
J7ZA62ekO04,Michael Flynn Russiagate IS Pizzagate,"The FAKE NEWS MEDIA exposes Flynn and Son; Tweets about Pizzagate and Clinton sex crimes with children. Mueller- Russia Probe 'unusual"" circumstances explained. MUST WATCH!",2018-12-12T01:49:08Z,385,https://www.youtube.com/watch?v=J7ZA62ekO04
SnDyJVSGV18,PIZZAGATE Line In Song,,2020-08-20T04:43:39Z,74,https://www.youtube.com/watch?v=SnDyJVSGV18
v5bgksjNApE,Ian McCarthy arrives in Atlanta berates fb friends/family for not giving money,"""The community as a whole will not step up""",2022-07-11T20:43:59Z,508,https://www.youtube.com/watch?v=v5bgksjNApE
dki4V8TUaNk,The Comey Rule | Showtime Movie Trailer  #PizzaGate,Pizza Gate in a movie,2020-09-29T09:55:33Z,110,https://www.youtube.com/watch?v=dki4V8TUaNk
J1oMAcbzohM,David Seaman: Pizzagate Opportunist,"David Seaman uses the techniques he outlined in his book ""Dirty Little Secrets of Buzz"" with the hopes of cashing in on the ridiculous, politically motivated ""Pizzagate"" hoax.
#SYNTHETICREBELLION",2017-01-27T20:38:41Z,2560,https://www.youtube.com/watch?v=J1oMAcbzohM
1j09_oJsTVI,The Secret of Politics &quot;What You Resist Persists&quot; #QAnon #Pizzagate #Pedogate,"The Secret of Politics ""What You Resist Persists""

From the movie the secret episode ""the secret to the world""

https://www.amazon.com/s/ref=nb_sb_noss_1?url=search-alias%3Daps&field-keywords=the+secret",2018-10-31T22:54:36Z,188,https://www.youtube.com/watch?v=1j09_oJsTVI
ao-y9kK1Kn0,Thank You Pam Jones For Liberty/ PED0PH¡LE EXPOSURE PROJECT #Pizzagate,Saying thank you to everyone to gives a voice to the children! Scourge will be stopped! Human trafficking is the rape of children as well. Let them not be able to hide any more! We are always watching. Sorry I'm new to the YouTube thing but will get better as time goes on.,2020-04-05T17:27:52Z,387,https://www.youtube.com/watch?v=ao-y9kK1Kn0
46VTR2Pnf7s,#PIZZAGATE Pedogate BREAKING !  ITS FINALLY JUDGMENT DAY! THIS IS IT!,#PIZZAGATE Pedogate BREAKING !  ITS FINALLY JUDGMENT DAY! THIS IS IT!,2017-11-22T02:42:49Z,48,https://www.youtube.com/watch?v=46VTR2Pnf7s
M2IHvB2GGEs,PIZZAGATE SQUIDBILLIES REFERENCE,This clip has the FBI symbol for pedophilia on a episode of Squidbillies! Please like and subscribe and give your feedback. Thank you. May God bless you and your families!,2020-05-01T05:09:44Z,192,https://www.youtube.com/watch?v=M2IHvB2GGEs
m3qms6mOhQE,PizzaGate Podcast,Test,2021-04-23T05:03:12Z,54,https://www.youtube.com/watch?v=m3qms6mOhQE
mt3V_jB2lNQ,"CALIBERHITTER NYYNEWS USING HOAXER CHANNEL &amp; LOGO TO CANCER TROLL WOMAN PISSIN EXCELLENCE, WHY DOUG?","CALIBERHITTER NYYNEWS USING HOAXER CHANNEL & LOGO TO CANCER TROLL WOMAN PISSIN EXCELLENCE, WHY DOUG?
THIS IS COMEDY. THIS IS MY ART.
#caliberhitting #simonettisource #HansGru77387331

TROLLOP RULLEZ VIDEOS ARE NOW ARCHIVED FOR ETERNITY AT:

https://archive.org/details/@trollop_rullez",2021-09-20T00:42:11Z,141,https://www.youtube.com/watch?v=mt3V_jB2lNQ
w6x6ymyjCi4,"&quot;Cuteness is very serious business, seriously.&quot; &quot;#musthave&quot; &quot;#mykindofbaby&quot; #pizzagate",,2017-01-13T11:32:31Z,300,https://www.youtube.com/watch?v=w6x6ymyjCi4
C0IoMCnVgHM,Sean Penn &amp; The Clinton Foundation #PizzaGate part 2,"this got 65K views in like 10 days on my #PizzaGate2018 channel

i must say i am impressed, but we all need to work harder exposing these creeps",2018-02-05T16:32:32Z,907,https://www.youtube.com/watch?v=C0IoMCnVgHM
QQGWY_t7UMM,Episode 6: Mental Health and Little bit of Pizzagate,"This week we take a hard look at mental health and like always we talk about pizzagate

Twitch.tv/whatintheworldpodcast",2020-08-12T01:39:07Z,66,https://www.youtube.com/watch?v=QQGWY_t7UMM
-CshWez8kbc,Return Of The Hybrids In The Last Days! Shaking My Head Productions,"Watch Hybrids Walk Among Us banned on YouTube here:
https://shakingmyheadproductions.com/humans-2-0-the-nephilim-project-exposed-as-in-the-days-of-noah
*** Remember to bookmark my website: https://shakingmyheadproductions.com
https://www.paypal.me/savedsoberawake/ - Invest in SMHP

You can find all of my videos from my old channel and this channel at these to links:
https://lbry.tv/@shakingmyheadproductions:2 - Libry TV (Original)
https://lbry.tv/@ShakingMyHead2:8 - Libry TV 2 (Backup - Now Main)

I am posting new content here al the time:
https://www.bitchute.com/channel/shakingmyhead/ - Bitchute
https://rumble.com/user/shakingmyheadproductions - Rumble
.............................
https://www.facebook.com/smh.prod.52 - Facebook
https://twitter.com/shakingmyheadpr - Twitter
https://brandnewtube.com/@ShakingMyHeadProductions - Brandnewtube

Please do your own research and do not take anything here as final say. Thanks again for all of your support as we continue to help each other connect the dots. Love you all! Stay blessed my friends.

Ephesians 6:10-13K (KJV)
Finally, my brethren, be strong in the Lord, and in the power of his might. Put on the whole armor of God, that ye may be able to stand against the wiles of the devil. For we wrestle not against flesh and blood, but against principalities, against powers, against the rulers of the darkness of this world, against spiritual wickedness in high places. Wherefore take unto you the whole armor of God, that ye may be able to withstand in the evil day, and having done all, to stand.",2021-06-10T14:23:05Z,10400,https://www.youtube.com/watch?v=-CshWez8kbc
ZmBuIIyvqio,Pizzagate Friends,"Ross doesn’t like vegetarian pizza 🍕👁🍕

#friends #pizzagate #qanon #pedogate #trump2020",2020-04-18T02:15:45Z,491,https://www.youtube.com/watch?v=ZmBuIIyvqio
w6BFBLPgL2A,Proof of pizzagate.,I knew it!!,2017-02-03T17:12:56Z,460,https://www.youtube.com/watch?v=w6BFBLPgL2A
thvItYo6qEQ,#PIZZAGATE How You Can Help,"Help fight sick pedo rings by supporting millionkids.org.
***This video is monetized, and all the revenue from it WILL BE donated to this marvelous organization.***

LINKS:
https://www.millionkids.org/
https://smile.amazon.com/
https://www.youtube.com/user/MillionKidsVids
https://www.facebook.com/MillionKids
https://twitter.com/iemillionkids
https://plus.google.com/116882505302929015500/posts

Thank you!",2017-02-20T19:22:49Z,50,https://www.youtube.com/watch?v=thvItYo6qEQ
k6hi_ljYY64,This is such a deep dive that had me going for 12hrs. She definitely needs help. #vonmccray,,2022-07-10T18:40:20Z,114,https://www.youtube.com/watch?v=k6hi_ljYY64
2sgBk2zQgHk,Trudeau Foundation #PedoSymbols #PizzaGate #PedoGate,#pizzagate2018 #pizzagate2019 #pedogate #pizzagate,2018-02-10T22:04:47Z,553,https://www.youtube.com/watch?v=2sgBk2zQgHk
GK9CzbM9cFY,Oscars 2020 Jeffery Epstein is alive PizzaGate,,2020-06-30T03:36:42Z,682,https://www.youtube.com/watch?v=GK9CzbM9cFY
zWhfYxlh_Hc,John Podesta describes Pizzagate,"John Podesta describes Pizzagate in an uncanny way in 2017, a few months after the election.
John Podesta: ""Yeah, you know it's interesting, because it's subterranean in large part. It shows up in the Facebook newsfeed, but you don't see it, because it's not...If anything, it's being debunked in the mainstream media. 

So in those sources of news...it's...you don't, touch it and feel it as much, as you might imagine.


But it's sinister. It's a kind of vile stream that's running under the ground, that, um, begins to really I think, you know, have it's effect, take it's toll. And obviously the worst conspiracy, where it culminated in the so-called, ""Comet Pizza"" episode, uh, in which, a guy, uh, which I know, who cooked, who volunteered at a fundraiser for Hillary Clinton, who runs a pizzeria, an upscale pizzeria in Washington D.C. was accused, along with myself, my brother and others of running a child sex ring out of a pizza parlor. Mainstream media, like, debunked that instantly. But you can't...

John Heilemann: I still have some questions about that by the way.

John Podesta: But you can't get, you can't pull that back. And that ended up with a guy from North Carolina if I remember right, you know, getting a gun, driving to Washington, to do a self-investigation, of what was going on in the basement of the pizzeria. I don't think the pizzeria had a basement by the way. Uh, and firing his weapon. You know, so for the employees there, for James Alefantis who was the proprietor, people in the community, this is a horrifying episode. But it's very hard to pull this stuff back.

Feb 20, 2017
The Chair of Hillary Clinton’s 2016 Presidential campaign and former Chief of Staff to Bill Clinton joined John Heilemann.

Link to the original clip:
https://www.youtube.com/watch?v=GD2pwatfQg4&t=1224s",2020-03-27T14:58:02Z,1723,https://www.youtube.com/watch?v=zWhfYxlh_Hc
Mmf1u1zWszc,2017...JULIAN SPEAKS OUT LIVE ON AIR   #pizzagate pedogate q anon,2017...JULIAN SPEAKS OUT LIVE ON AIR   #pizzagate pedogate q anon,2017-12-12T13:06:43Z,666,https://www.youtube.com/watch?v=Mmf1u1zWszc
o2SaN2fv6Gc,"KATY &amp; AGENT19 CLAIM MONTAGRAPH WAS ON GOOD TERMS WITH CHANG13A BEFORE HIS DEATH MURDER, MORE LIES","KATY & AGENT19 CLAIM MONTAGRAPH WAS ON GOOD TERMS WITH CHANG13A BEFORE HIS DEATH MURDER, MORE LIES.
WHY WOULD INNOCENT PEOPLE MAKE UP SUCH AN OBVIOUS LIE? WE NOES ;)
THIS IS COMEDY. THIS IS MY ART.
#HansGru77387331 #0ctoberReignz #gangstalkers

TROLLOP RULLEZ VIDEOS ARE NOW ARCHIVED FOR ETERNITY AT:

https://archive.org/details/@trollop_rullez",2021-05-31T21:17:40Z,114,https://www.youtube.com/watch?v=o2SaN2fv6Gc
eY6N2emu8bQ,"KATY PROVEN LIAR BY THEBOOHOOEFFECT, TRACY WAS QUOTING KATY DESCRIBING CHANG13A DEATH LIVE ON BLOGTV","KATY PROVEN LIAR BY THEBOOHOOEFFECT, TRACY WAS QUOTING KATY DESCRIBING CHANG13A DEATH LIVE ON BLOGTV.
BOOHOO CONFIRMED IN 2017 THAT THE WORDS POSTED ON GOOGLE+ BY SHANNON PHINNEY AKA TRACY WERE DIRECTLY QUOTING HIM AS HE QUOTED WHAT KATY TOLD HIM OVER SKYPE, HOW KATY DESCRIBED IN DETAIL HOW SHE WITNESSED CHANG13A’S SUICIDE LIVE ON BLOGTV.
KATY LIES ABOUT EVERYTHING SO HER STORY IS QUESTIONABLE AT BEST.
THIS IS COMEDY. THIS IS MY ART.
#HansGru77387331 #montaqraph #0ctoberReignz

TROLLOP RULLEZ VIDEOS ARE NOW ARCHIVED FOR ETERNITY AT:

https://archive.org/details/@trollop_rullez",2022-03-15T20:46:03Z,87,https://www.youtube.com/watch?v=eY6N2emu8bQ
PUBtVWVta2U,LA CONSPIRACIÓN DE PIZZAGATE,"🟣 INSTAGRAM: @zona_espectral
https://instagram.com/zona_espectral?igshid=1hnrn2dl0pxnt


🔵 FACEBOOK: Zona Espectral
https://www.facebook.com/Zona-Espectral-104500324764391/


⚫ PATREON: 
https://www.patreon.com/ZonaEspectral


📌 ENVÍANOS A:
zona.espectral.contacto@gmail.com 
 - Tu historia terrorífica
- Sugerencias para futuros videos
- Saludos, felicitaciones


📌 ENVÍANOS A:
nopaleradigital@gmail.com
- Propuestas de colaboración y/o asuntos empresariales",2021-03-05T06:00:04Z,65,https://www.youtube.com/watch?v=PUBtVWVta2U
YwjopTw6nlg,Alex Jones &amp; Joe Rogan Breakdown PizzaGate Pedophile Cult,"Lmao copyright claimant monetized this video? Get Adblock, yall.",2017-02-09T00:23:24Z,2241,https://www.youtube.com/watch?v=YwjopTw6nlg
CxrRSZag8QY,HRC Camp PizzaGate Related FBI Child Sex Trafficking Sting,"FBI throws agents some crumbs going after some little guys. Operation Cross Country X Press Conference - FBI Streamed live on Oct 17, 2016 View a livestream .

FBI agents have rescued more than 100 children forced into prostitution by sex traffickers, during a three-day sweep across the US. As part of Operation Cross .

To License This Clip, Click Here: 

The DA's Office announced the arrests and rescues resulting from a large-scale, multi-agency operation across Southern California to stop the sexual .",2017-07-29T01:47:06Z,50,https://www.youtube.com/watch?v=CxrRSZag8QY
g9OZyQCX8M0,Hillary Clinton #Pizzagate denial,"Published on May 26, 2017

Hillary Clinton ""Assault on Truth, Alternate facts, Pizzagate, Size of crowd",2018-01-19T04:17:14Z,106,https://www.youtube.com/watch?v=g9OZyQCX8M0
D7ZFMWfGRv4,"Small Talk : Main Stream Media, BACK off Pizzagate.","When the media attacks PizzaGate and claims it to be fake news, This is our tell that they are hiding something.",2016-12-08T18:17:18Z,28,https://www.youtube.com/watch?v=D7ZFMWfGRv4
-R0dd3q1no8,#brianlaundrie #brianlaundrie Pizzagate?!,Cryptic Hidden Messages in he's Instagram #gabbypetito #brianlaundrie,2021-09-27T06:20:26Z,98,https://www.youtube.com/watch?v=-R0dd3q1no8
WE8Fdnb--r8,Hollywood protestors stormed CNN with Pizzagate &amp; QAnon signs   Save The Children!,"Hollywood protestors stormed CNN with Pizzagate & QAnon signs Save The Children! Please share;  Video link
https://youtu.be/WE8Fdnb--r8",2020-08-11T01:52:25Z,162,https://www.youtube.com/watch?v=WE8Fdnb--r8
3thNf0JpfzI,"Deprogramming from sex rituals, sex magick, MKultra, Beta/Monarch Projects and PizzaGate programming","Copyright Disclaimer Under Section 107 of the Copyright Act 1976, Allowance is made for ""fair use"" for purposes such as criticism, comment, news reporting, teaching, scholarship, and research. Fair use is a use permitted by copyright statute that might otherwise be infringing. Non - profit, educational or personal use tips the balance in favor of fair use.",2021-09-10T03:44:42Z,595,https://www.youtube.com/watch?v=3thNf0JpfzI
jtsUzrGLbVc,"Megyn Kelly, Jimmy Alefantis, pizzagate Fake News","Well, well well. Hope you ask some REAL questions Megyn. Watching for Saul Alinsky's playbook and ad homenim insults by you directed at anyone looking into this. By the way, it is NOT about Comet Ping pong but about world wide pedophilia and child trafficking",2016-12-12T22:01:19Z,2277,https://www.youtube.com/watch?v=jtsUzrGLbVc
TRXAshafcZ8,Conversaciones para pensar ft. Rico Zapata - TOME ASIENTO,"En este episodio Rico y Sebas discuten sobre las subculturas, el caso de Avicii, el privilegio, el racismo en México, la leyenda de pizzagate, la apropiación cultural, etc.

Redes de Sebas:
https://www.tiktok.com/@theteenspirit666
https://www.instagram.com/theteenspir...

Redes de Diego:
https://www.tiktok.com/@jerrybierk
https://www.instagram.com/jerrybierk/

Redes de Rico:
https://www.instagram.com/elr.icky/",2022-07-13T14:36:08Z,53,https://www.youtube.com/watch?v=TRXAshafcZ8
DsrZClEsDGc,El iceberg de los misterios del internet | Nivel 3,"Hoy bajaremos un poco mas en el peldaño de los MISTERIOS DEL INTERNET, acompáñame

En este nivel, tocaremos temas que a ciencia cierta, se desconocen sus origines y destinos.
----------------------------------------------------------------------------------------------------------------------------------------------------------
Canción utilizada: https://youtu.be/-5rAjOjTGtc
Todos los derechos a los propietarios",2022-07-14T00:00:04Z,109,https://www.youtube.com/watch?v=DsrZClEsDGc
WPziKdW6uqo,Landfall Video Game #PedoSymbols #PizzaGate #PedoGate,pizzagate2018 #pizzagate2018 #pizzagate2019 #Pizzagate,2018-02-11T14:40:42Z,165,https://www.youtube.com/watch?v=WPziKdW6uqo
68euzuCQc0E,what was pizzagate scandal ?,,2022-03-25T12:54:53Z,662,https://www.youtube.com/watch?v=68euzuCQc0E
k6i1T78SCxI,WOKE TIK TOK FAILS and CLOWN WORLD INSANITY!🤡 (EP. 21) The kids are NOT alright!,"✅SUBSCRIBE FOR MORE 'WOKE' TIK TOK FAILS😁

#cringe  #woke  #tiktok  

⬇PAYPAL LINK TO SPONSOR NEXT VIDEO⬇
https://www.paypal.me/mikevseveryone
(If you make a PayPal donation to support the channel, I will read your full name as a sponsor of the next video unless you state otherwise.)

⬇Follow Me On Social Media⬇
Twitter: https://twitter.com/MikeVsEveryone
Insta: https://www.instagram.com/mike_vs_everyone/?hl=en

Email Me: mikevseveryone@gmail.com

Boltinator: https://www.youtube.com/channel/UCex-k3vwEfZtVY5NhAeZWqg/featured",2022-07-09T15:21:09Z,3298,https://www.youtube.com/watch?v=k6i1T78SCxI
aXx0ANc4aTU,F&amp;CK IT! Pizzagate 3!,"Today on Surreal Talk, the guys will be discussing the latest in the world of high-end pedophilia. With the recent arrest of Ghislaine Maxwell, we can finally hope for some answers, and with any luck, accountability in the abuses surrounding Jeffrey Epstein. We'll also spend some time discussing the people reportedly mentioned in the flight logs for Lolita Air and the possibility that some or many of them may be implicated by Maxwell. This and more on this episode of Surreal Talk!",2020-07-23T08:20:35Z,683,https://www.youtube.com/watch?v=aXx0ANc4aTU
Sno7PsXrXbU,Rosalia y Travis Scott hablan del #Pizzagate en su video #TKN,"En este vídeo te doy una interpretación de la canción ROSALÍA & Travis Scott - TKN | En la cual se cree hablan sobre el #Pizzagate.
Te muestro un análisis del vídeo y un análisis de la letra

#Rosalia
#TravisScott
#TKN
#Pizzagate
#RosaliayTravisScottTaken

Todo lo dicho en este vídeo se trata de una mera especulación, depende de ti creer si es cierto o no.",2020-06-11T00:07:00Z,7072,https://www.youtube.com/watch?v=Sno7PsXrXbU
JXqsEMIE9V4,CABAL BROTHERS CODING PASTASAUCE #puzzasauce #pizzagate,,2020-03-31T10:10:41Z,771,https://www.youtube.com/watch?v=JXqsEMIE9V4
8N8CxltWmgk,"Andrew Klavan - Tickety-Boo News, &quot;Smear&quot; by Sharyl Attkisson, point on pizzagate","From the Andrew Klavan Show Ep. 412:
https://www.youtube.com/watch?v=6rACe_QA1tk

Tickety-Boo News playlist:
https://www.youtube.com/playlist?list=PLY7yi4Eh-jkWE8j29Z7XQVgwUfOeTdoQ8

Andrew Klavan's playlists:
https://www.youtube.com/channel/UC5POQybTnA0tTOkBmBMY9Xw/playlists?view=50&sort=dd&shelf_id=2",2022-06-03T13:15:00Z,3,https://www.youtube.com/watch?v=8N8CxltWmgk
JcUKNFR9BQk,&quot;I AM FINISHED WITH PIZZAGATE&quot; David Seaman throws in the Towel,"After being the face of PIZZAGATE since the very beginning, Journalist David Seaman announces that he will no longer be exposing the PIZZAGATE scandal. Leaving many people in shock and disbelief.",2017-03-29T00:17:32Z,3607,https://www.youtube.com/watch?v=JcUKNFR9BQk
7WuYvclTkHQ,Atlanta Child Murders - 80&#39;s Pizzagate?,"I was watching the story of Wayne Williams on CNN and decided to look into the Atlanta Child Murders a little further. This is a collection of videos I found that reveal a cover-up by local and federal law enforcement to prevent an expected race war, a pedophile ring and a police informant that was also a satanic child murderer who lived in Atlanta during the same years as Wayne Williams.",2017-08-17T05:28:01Z,13291,https://www.youtube.com/watch?v=7WuYvclTkHQ
5z-to-bRolk,Aloo Tikki 🍠🤤 #shorts,"#alootikki #tikki #streetfood #indianstreetfood 
#food #foodporn #instafood #foodie #healthyfood #foodstagram #foodphotography #foodgasm #foodblogger #foodlover #foodpics #foodpic #foodies #foods #veganfood #seafood #goodfood #foodblog #foodgram #japanesefood #fitfood #veganfoodshare #italianfood #foodlovers #lovefood #foodstyling #fooddiary #realfood #foodart #streetfood #foodphoto #foodlove #igfood #foodiegram #comfortfood #instafoodie #vscofood #wholefoods #foodoftheday #thaifood#cooking #homecooking #cookingram #lovecooking #ilovecooking #cookingclass #cookingtime #healthycooking #cookingathome #cookingwithlove #easycooking #vegancooking #doyancooking #homemadecooking #instacooking #quarantinecooking #cookingvideo #mycooking #outdoorcooking #happycooking #cookingwithkids #italiancooking #simplecooking #ketocooking #cookingschool #cookingisfun #cookingmama #southerncooking #castironcooking #kidscooking #cookingclasses #cookinglove #cookinglight #cookingtips #indiancooking #cookingshow #cookingfromscratch #momscooking #cookingday #cookinglover#pizza #pizzatime #pizzalover #pizzahut #pizzas #pizzaria #pizzalovers #pizzaparty #pizzanapoletana #pizzalove #ilovepizza #homemadepizza #pizzagram #pizzaislife #pizzanight #pizzaporn #instapizza #veganpizza #pizzapizza #dominospizza #pizzaiolo #lovepizza #pizzamania #pizzagourmet #woodfiredpizza #bestpizza #pizzadelivery #pizzaexpress #pizzaday #pizzalife #dailypizza #pizzaitaliana #pizzagate #italianpizza #nationalpizzaday #amopizza #pepperonipizza #pizzasisters4lyfe #pizzapie #pizzaslice",2022-07-15T12:20:41Z,6,https://www.youtube.com/watch?v=5z-to-bRolk
X49IUKt9CFk,Sofia y pizzagate en Argentina,,2020-11-19T04:28:47Z,53,https://www.youtube.com/watch?v=X49IUKt9CFk
LFLhJwJEMFE,L&#39;affaire Pizzagate par Scandalitique,"Retour sur le scandale de Pizzagate, l'affaire qui a remué les Etats-Unis suite au développement de théories du complot a une certaine échelle.",2022-03-29T14:48:19Z,12,https://www.youtube.com/watch?v=LFLhJwJEMFE
XYUdS_3sdN0,h❓What’s the MOST HELPFUL &amp; SIMPLEST WAY that WORKS?™ SAVE 10% HELPOLOGY cepher.net Google helpology,"Absolutely precious!
WARNING ⚠️ TO ALL SATANISTS! (YES, YOU’RE A ALSO A SATANIST BUT DON’T KNOW IT YET IF WORSHIP THE ANTI-CHRIST CALLED JESUS! SO WAKE THE F*** UP! YOU CAN EASILY GOOGLE ANY OF THIS S***, SO YOU ARE NOW WITHOUT EXCUSE, UNLESS YOU LOVE THE GREAT DECEPTION!)

“Oh you thought this was a f****** game & YAHusha (the true Messiah, NOT the Anti-Christ you call LORD, God & Jesus) loves you no matter what because you pray to God & Jesus & are a “good person”! lol You should already know the Bible says no one is good, no not one. Oh but you don’t f****** read the whole Bible, do you, you dumb f***! This message IS NOT HATRED. JUST THE OPPOSITE! WE’RE PROBABLY THE ONLY PEOPLE IN YOUR LIFE WHO WILL SPEAK THE TRUTH IN LOVE TO YOU, LIKE YOU’RE BIBLE COMMANDS YOU TO DO. EVERYONE AROUND YOU DOSEN’T KNOW THE TRUTH YET, BUT THEY WILL! Because now the world has Helpology, so you ARE ALL WITHOUT EXCUSE ONCE YOU GOOGLE HELPOLOGY. BUT YOU WON’T, BECAUSE YOU HATE THE TRUTH, AND YOU’RE ALL LAZY AS F***! Blinded by the GOD YOU LOVE AND SERVE WITH YOUR WHOLE HEART! Google “God is short for Gadriel, Satan’s real name”, “Lord is Baal” & “White Jesus Christ verses Black YAHusha Messiah”. If you read this you are now officially f*****, because you know the truth & will be held accountable at the Great White Throne Judgement when YAHusha throws you into the Lake of Fire with ALL LIARS! Wake the f*** up, you ignorant lazy f***! No one else LOVES YOU AS MUCH AS WE DO, SACRIFICING OUR REPUTATION AND RESPECT FROM THE ENTIRE WORKD BY TALKING LIKE THIS, but we are commanded in the Bible to “Speak the truth in love.” AND SADLY, BUT IN THIS SATANIC WORLD, THIS IS THE ONLY WAY TO GET YOUR F****** ATTENTION, SO YOU’LL REMEMBER THUS MOST IMPORTANT MESSAGE! Be thankful we love you enough to take the time out of our busy schedule to even write anything to you, YOU PRIDEFUL, SELFISH, FOOLISH, ARROGANT, KNOW-IT-ALL CHRISTIANS! Satan has fooled you again, but you love his lies, so that’s all you get, BASTARDS! We love you, but you hate us! What about loving your enemy? See, you’re f****** busted right there you f****** evil, liar! It’s so EASY TO USE THE WORD OF YAH TO EXPOSE YOU’RE HYPOCRISY, IGNORANCE AND FOOLISHNESS! If this message doesn’t wake you the f*** up, NOTHING WILL, YOU MOST DECEIVED AND CLEVER OF ALL SATANISTS!  WE HAVE MORE RESPECT FOR TRADITIONAL SATANISTS, BECAUSE AT LEAST THEY’RE HONEST WITH THEMSELVES AND OTHERS ABOUT WHO THEY LOVE AND SERVE! BUT NOT YOU! YOU KNOW SO MUCH TRUTH, WE CAN’T TEACH YOU S***! NOW WE HAVE SPOKEN THE TRUTH IN LOVE, obeyed the Word of YAH (I AM) like in HalleluYAH (Praise you YAH). Will you now do what the Bible commands you to do? PROVE ALL THINGS, HOLD FAST THAT WHICH IS GOOD? Or do you get to pridefully (just like Satan) decide what ALL f****** means? Personally, I don’t give a f*** what you do if you’re aSatanist anyway. Here’s a f****** secret: NO ONE ELSE GIVES A F*** ABOUT YOU EITHER! May YAH BLESS YOU & HAVE A NICE DAY. LOL YOU EVIL, DUMB F****! Remember, we LOVED YOU ENOUGH TO TRY TO TELL YOU THE TRUTH AND GET YOUR ATTENTION HOWEVER WE HAD TO. Now you are responsible for researching the truth. We love you very much. HalleluYAH! HalleluYAH! HalleluYAH!

h❓What’s the MOST HELPFUL & SIMPLEST WAY that WORKS?™ 

IF YOU NEED US TO HELP YOU BY GIVING YOU MONEY, JUST LET US KNOW.

IF NOT, WE’RE HAPPY TO HELP YOU ANY WAY WE CAN.

h❓What’s the MOST HELPFUL & SIMPLEST WAY that WORKS?™ 

BREAKING NEWS, 2 hours ago: DETROIT (Helpology™) — Helpology™ on YouTube “most helpful service of all time” — “history’s most helpful science” — “changing world one person at a time” say experts

h❓What’s the MOST HELPFUL & SIMPLEST WAY that WORKS?™ 
Helpology™ https://bit.ly/3cfBQAg

Get your NEW, FREE Cepher™ Bible NOW! ($95 Value! FREE!) Email NOW! Subject: FREE BENEVOLENCE FUND CEPHER BIBLE info@cepher.net

h❓What’s the MOST HELPFUL & SIMPLEST WAY that WORKS?™ 
Sincerely,

David & Faith YAH Christian
Helpology™ Co-founders
david.yah.christian@gmail.com
(313) 405-7303
faith.yah.christian@gmail.com
(567) 343-2774

h❓What’s the MOST HELPFUL & SIMPLEST WAY that WORKS?™ 
Helpology™ World Headquarters
23720 Denton St, Suite 9B
Clinton Township, MI 48036 USA

P.S. If we can help you in any way, just let us know. Yes, that includes us giving you money to help you!

P. P.S. Google “helpology” NOW! SAVE 10% HELPOLOGY http://cepher.net

P.P.P.S. We’re asking you to support Helpology™. By donating just $5, you can help change the world. To donate, click the link NOW! https://www.paypal.com/pools/c/118669143235473563

P.P.P.P.S. h❓What’s the MOST HELPFUL & SIMPLEST WAY that WORKS?™ SAVE 10% HELPOLOGY http://cepher.net Google helpology NOW!

YAHusha says you’ll be wise to pray: Father YAHuah, h❓What’s the MOST HELPFUL & SIMPLEST WAY that WORKS?™ in YAHusha’s name let it be true!",2022-06-24T15:54:45Z,11,https://www.youtube.com/watch?v=XYUdS_3sdN0
sD7XDi1gO10,"CHRIS PRATT SE ARREPIENTE DE HABER HABLADO DE DIOS, DECLARÓ FUE ARROGANTE Y QUE NO TOCÓ A NADIE","Hace 4 años el famoso actor dio uno de sus mejores discurso, en el cual dijo que Dios era real, motivando al publica a creer en él, también motivo a orar y a depender de la gracia de Dios, lamentablemente en una reciente entrevista declaró que se arrepentía de haber hecho tales afirmaciones.
A pesar de la fe tambaleante de Chris, oramos por este joven actor, para que Dios le dé valentía para no ceder ante la presión de aquellos que se burlan de su fe. 

Cristianos Actualizados.
Actualizando y edificando con las noticias más relevante del mundo cristiano.

Sigue Nuestras Redes Oficiales: 
YouTube: https://www.youtube.com/CristianosActualizados7 
Instagram: https://Instagram.com/CristianosActualizados 
Facebook: https://www.facebook.com/CristianosActualizados  
Twitter: 
https://twitter.com/Evangelicoaldia
Únete a nuestro grupo de WhatsApp:
https://chat.whatsapp.com/HdUoCsHWrx7CufJU1EopzL

¡Dios te bendiga! 

#CristianosActualizados #Noticias #NoticiasEnEspañol #NoticiaCristiana #UltimoMinuto #UltimaHora #EnDirecto",2022-07-08T18:31:55Z,19827,https://www.youtube.com/watch?v=sD7XDi1gO10
RLWVHCZ3j3M,Donald Trump time traveler?? Did Trump know bout Pizzagate in 2011??,"Trump claims to be watch'n ""Pizzagate"" & ""Weinergate"" in June 2011...AND....why does the author of this article discussing Trump's appearance on CNN regarding ""Weinergate"" pose the question, ""what is with 2012 hopefuls and pizza?""

http://www.mediaite.com/tv/finally-donald-trump-weighs-in-on-weinergate-he-obviously-knows-its-him/

MORE DJ T-Rump Conspiracy & controversy...
http://www.operationgcd.com/podes/2017/4/17/pode-12-donald-j-trump-conspiracy-extravaganza",2017-03-23T15:10:18Z,2472,https://www.youtube.com/watch?v=RLWVHCZ3j3M
W8tZxuygoh4,Jeff van nest on pizzagate and satanic rituals,,2022-03-06T18:06:32Z,134,https://www.youtube.com/watch?v=W8tZxuygoh4
rTn8YuqW--w,The Father of Modern Pedophilia / Beginnings of PizzaGate,"The Father of Modern Pedophilia / Beginnings of PizzaGate
#pizzagate
#secrethistory
#socialexperiment
#sicktwisted world",2016-12-12T06:14:33Z,12344,https://www.youtube.com/watch?v=rTn8YuqW--w
JHniTFSIMWA,S3E201 PYTE Burning YOUR Bridges,"#HarryMeghan #INVICTUS #ServiceisUniversal
07.04.2022  

PayPal donation to help support this channel?
https://www.paypal.com/donate?hosted_button_id=AJKE7UDF634NN
You have two options:
1. ""Make this a monthly donation""
2. ""I'd like to add to my donation to help offset the cost of processing""
Keep in mind, you don't have to click any of them if you don't want to. 
They are options.

My other YouTube Channel: Ah! Team Sussex
https://youtube.com/channel/UC5Bf18_xAlXbCY6pJ2eUTYw
Please Subscribe

Timestamp
 00:06:42:15 Victoria Arbiter, a Royal expert, is threatening to take legal action against YouTubers Archie Manners
 00:18:15:27 So Victoria Arbiter is trying to blame us for her lying and conniving?
 000:20:58:16 Victoria Arbiter, I’ve reached out to a few CNN producers to confirm if what you claim is true.
 00:33:00:06 I think we should all reshare just to remind the world that #VictoriaArbiterisaliar
 00:33:05:27 So Victoria Arbiter is suing for her misinformation on a programme that hadn’t taken place.
 00:33:42:01 Sidetrack: JD warning to AH not to go to court
00:36:10:13
 00:36:20:15 Somebody hold me back 😡 she couldn’t last a second in Meghan’s shoes & was part of the reason Meghan felt the way she did 
 https://twitter.com/icklenoni/status/1543266190122012673
00:48:25:26
 00:48:28:05 Somebody said Apartheid Barbie is having a meltdown.
 00:51:40:20 I mean come on. Victoria Arbiter is not only a proven compulsive liar 
 00:52:49:26 This is what happens when you bully and troll innocent people without even batting an eyelash.
 00:53:56:17 Oof that profile is embarrassing.
 01:01:52:13 #Oprah TRENDING
 01:03:01:26 YouTubers' Prank video
 01:21:49:15 PRAYER


LINKS: Not all links are mentioned in the video. Some of the links are articles you should check out for information purposes and the others are sometimes featured in the video
1. https://archewell.com/

2. If Guy and Mark are throwing a party you've really got to be there...
https://www.theguardian.com/observer/focus/story/0,6903,436471,00.html

3. Mining to profit Africa’s people
https://www.un.org/africarenewal/magazine/april-2009/mining-profit-africa%E2%80%99s-people

4. The devastating impact of Gold Mining in South Africa
https://www.geoengineer.org/news/the-devastating-impact-of-gold-mining-in-south-africa

Please take a moment to like, share, and subscribe
Thank you for watching it.

Music
N3WPORT - Power (feat. braev) [NCS Release]
Track: N3WPORT - Power (feat. braev) [NCS Release]
Music provided by NoCopyrightSounds.
Watch: https://youtu.be/h3lwmCGG6Mw
Free Download / Stream: http://ncs.io/NPower

syn cole
Time
https://youtu.be/WYy-_th-nZs

Watch: https://youtu.be/h3lwmCGG6Mw
Free Download / Stream: http://ncs.io/NPower

Follow me:
Twitter:  https://twitter.com/PureYTEntertai1
Instagram:  https://www.instagram.com/pureytentertainment/

➡DISCLAIMER ➡

Copyright Disclaimer under section 107 of the Copyright Act 1976, allowance is made for “fair use” for purposes such as criticism, comment, news reporting, teaching, scholarship, education, and research. Fair use is a use permitted by copyright statutes that might otherwise be infringing.

More Information on Fair Use
https://www.copyright.gov/fair-use/more-info.html",2022-07-11T10:00:20Z,942,https://www.youtube.com/watch?v=JHniTFSIMWA
WdbVMCAUQaw,Pizzagate. Why get hot about people talking about it?,,2017-02-03T23:06:59Z,17,https://www.youtube.com/watch?v=WdbVMCAUQaw
1voy8XRmiOw,DID YOU ALREADY KNOW ELON MUSK DAD ERROL MUSK IS A MORE RICH MORE POWERFUL WOODY ALLEN ?!,#ElonMusk #ErrolMudk #news #evil #evilcriminals #famouscriminals #tesla #controversy #darksecrets #celebsecrets #wicket #wicketcriminals #woodyallen #sick #sickcrimes,2022-07-14T23:45:25Z,75,https://www.youtube.com/watch?v=1voy8XRmiOw
LlbpLYalX7g,PAYPAL - A Proud member of the zionist mafia - Pizzagate Deniers!,Stand up against the Pizzagate Deniers and Zionist mafia occupying the Western world - You will not get second chance to do it..,2021-04-13T09:42:59Z,49,https://www.youtube.com/watch?v=LlbpLYalX7g
vafgS0kvBMc,Ex-Witch Becomes A Christian After This Happens...,"Ex-Witch explains why she became a Christian.

DONATE- https://www.paypal.me/DevinWorlds
UPTV Merch - https://www.youtube.com/c/devinworlds/store
WEBSITE - http://www.uptvmedia.com
UPTV 2- https://www.youtube.com/uptv2 FACEBOOK- https://www.facebook.com/uptvm INSTAGRAM- https://www.instagram.com/devinworlds TWITTER- https://www.twitter.com/devinworlds
TikTok - https://www.tiktok.com/@uptvtok",2022-07-11T01:42:54Z,9149,https://www.youtube.com/watch?v=vafgS0kvBMc
lTTesY6nlP8,Niño Exponiendo la Pedofilia Parte 3 #Anonymous #PizzaGate,,2020-06-03T20:31:17Z,147,https://www.youtube.com/watch?v=lTTesY6nlP8
inJOsi9i_pQ,R.I.P.  The Soporano&#39;s Tony Sirico,#tonysirico #thesopranos #hbo #mobster #italian,2022-07-10T21:15:20Z,316,https://www.youtube.com/watch?v=inJOsi9i_pQ
yNo_mz1iydw,My Pizzagate Nightmare,,2018-07-28T23:18:38Z,101,https://www.youtube.com/watch?v=yNo_mz1iydw
1fMGFrCcd-Q,Hunter Biden Regateando en La Báscula,"VIDEO: Exhiben a hijo de Joe Biden dosificando “crack”

En el video se aprecia al hijo del mandatario pesar en una pequeña báscula unas “piedras blancas”.

Hunter Biden, hijo del actual presidente de Estados Unidos, Joe Biden, volvió a generar polémica luego de que se hiciera público un video en donde se le ve pesar algunos gramos de lo que podría ser cocaína en piedra o “crack”.

A través de redes sociales comenzaron a circular las imágenes de Hunter Biden, quien parece grabar la pequeña báscula en la que se observan algunas piedras de presunta droga.

En la grabación de menos de 20 segundos se observa a Hunter, a quien se le ve con un cigarro en la boca y quien al parecer habría iniciado el video, tras cambiar la dirección de la cámara también se puede observar cómo enfoca la báscula y las piedras blancas que, se presume, puede ser drogas.

En el video también se pueden observar algunos artículos como tenis, ropa y varios aparatos electrónicos, tirados en el piso de una habitación que pareciera ser de un hotel.

Hasta el momento se desconoce si el video es de hace poco, lo cierto es que ha generado un nuevo escándalo en la vida de Hunter Biden.

A principios del 2021, Hunter Biden, hijo de Joe Biden, anunciaba la publicación de su libro “Beautiful things” (Cosas hermosas), “memorias profundamente emocionantes” donde relatará “su caída en el abuso de sustancias y su tortuoso camino hacia la sobriedad”.

Pero el video que salió a la luz no es el primer escándalo del hijo de Joe Biden, pues Hunter tiene una larga lista de situaciones polémicas.

En 2014, Hunter Biden fue despedido de la Marina tras dar positivo a cocaína en un test de drogas; más tarde en julio de 2019, contó cómo alguien le apuntó un revólver contra su cabeza en Los Ángeles.

#BidenCrimeFamily #LapTop #ZurdaKonducta #drogadiccion 

#PizzaGate #JoeBiden #GasPrices",2022-07-16T22:10:35Z,32,https://www.youtube.com/watch?v=1fMGFrCcd-Q
4GDIeEmTmRk,Qu&#39;est-ce qu&#39;une femme ? Extrait 2 : Kinsey (What is a woman ?),"Qu'est-ce qu'une femme ? (What is a woman ?) Extrait 2 : Kinsey.

Un film de Matt Walsh / Dailywire.
Film complet : https://odysee.com/@ERTV:1/What-is-a-woman-VF-ERTV:e

▼ TikTok QuatreVingt8 ▲
https://www.tiktok.com/@quatrevingt8

▼ Twitch QuatreVingt8 ▲
https://www.twitch.tv/quatrevingt8",2022-06-27T14:58:12Z,10,https://www.youtube.com/watch?v=4GDIeEmTmRk
QIrmoZs6Qzc,British Royalty Dined on Human Flesh #Pizzagate related,"From: http://www.dailymail.co.uk/news/article-1389142/British-royalty-dined-human-flesh-dont-worry-300-years-ago.html

Original article from 2011 exposing a little known history of cannibalism among royal families in Britain. Has it ever ceased? Are they bringing it back out of the shadows now that society is sufficiently degraded and is ready? Is #Pizzagate the next level of this mutation process?

More articles from the archive coming.

PLEASE SUBSCRIBE",2017-08-17T02:47:16Z,794,https://www.youtube.com/watch?v=QIrmoZs6Qzc
HFDOLTFySq8,"Exploring Esoteric &amp; Exoteric Interpretations - Transhumanism, AI &amp; Psychedelics w/ Andy Rouse","https://thedeepshare.wordpress.com/podcast/

Get Ascent Nutrition's Full Spectrum Hemp Oil 
Use coupon code: FKN
https://goascentnutrition.com


Listen to Draugablikk
http://draugablikk.com/winning


Become Self-Sufficient With A Food Forest!!
https://foodforestabundance.com/get-started/?ref=CHRISTOPHERMATH
Use coupon code: FORBIDDEN for discounts
Food Forest Abundance Zoom Meeting 
https://www.youtube.com/watch?v=p4AC3ZCgU3s


Linquistity Gifts
Use coupon code FKN10 and get 10% off your first order over $20
https://lindquistitygifts.com/discount/FKN10


Make a Donation to Forbidden Knowledge News 
http://supportfkn.com


https://www.paypal.me/forbiddenknowledgene


The Forbidden Knowledge Network 
https://forbiddenknowledge.news/


Sign up on Rokfin!
https://rokfin.com/fknplus


Sustainable Communities Telegram Group
https://t.me/+kNxt1F0w-_cwYmEx


The FKN Store!
https://www.fknstore.net/


C60purplepower
https://go.c60purplepower.com/knowledge10/ or use coupon code knowledge10


Our Facebook pages
https://www.facebook.com/forbiddenknowledgenewsconspiracy/


https://www.facebook.com/FKNNetwork/


Instagram 
@forbiddenknowledgenews1


Twitter
https://twitter.com/ForbiddenKnow10?t=7qMVcdKGyWH_QiyTTYsG8Q&s=09

email me
forbiddenknowledgenews@gmail.com

Forbidden Knowledge News is also available on all popular podcast platforms!

some music thanks to:
https://www.bensound.com/

Thanks to Cory Hughes for web design and production ",2022-07-14T23:30:11Z,501,https://www.youtube.com/watch?v=HFDOLTFySq8
a9SZRzSDi1c,Nuevos efectos Mandela que debes conocer,"Music by @CO.AG Music 

credits to @The cush and chef monkey Show 

Disculpen los pajaros esos. 
Creanme, a mi tambíen me molestan.

mis disculpas",2022-07-10T22:43:05Z,31,https://www.youtube.com/watch?v=a9SZRzSDi1c
SrJC-9P-qnc,24/7 Friendship Simulator,"Hang out with your 3 best friends of cumtown, Nick Mullen, Adam Friedland, and Stavros Halkias, the best comedy podcast to chill out with.

patreon: https://www.patreon.com/ffbo

Animation by SadTape: https://www.youtube.com/c/Sadtape",2021-12-21T17:03:28Z,1033003,https://www.youtube.com/watch?v=SrJC-9P-qnc
XrVdmvxPe-8,"ASQE#13: New Mandela Effects, Because Those Guys At CERN!","Hello and welcome to another episode of AntiSlaveQE, below is all my social media and my email. If you are here listening or watching just know, I love you! And your support means the world to me. I believe i have a purpose on this earth, be a good dad, a decent dude, and spread knowledge when i have the free time to do so! Like and follow, subscribe, whatever! It all helps. Thank you! :) -Beau AntiSlaveQE
https://open.spotify.com/show/5vZe5eNsqlD1egtvLvUWvC
https://www.youtube.com/channel/UC8X9DhPKa4bq7Ywsd0HcXBQ
https://www.bitchute.com/channel/0ovYxKAE46cz/
https://twitter.com/AntiSlaveQE
https://www.reddit.com/r/AntiSlaveQE/
AntiSlaveQE@outlook.com if you wanna come on my show to talk about whatever!",2022-07-09T03:53:24Z,932,https://www.youtube.com/watch?v=XrVdmvxPe-8
Vrm3jxXAvsA,Weeding out the tares.,One last time before I move on.,2022-06-03T21:43:28Z,53,https://www.youtube.com/watch?v=Vrm3jxXAvsA
3awBcm4ii9k,MKULTRANIGHT with MKULTRASOUND DAVID PLATE,"Join this channel to get access to perks:
https://www.youtube.com/channel/UCsUSkNjKw3n2IisWnsfo_QQ/join

https://andreas.me 
https://twitter.com/andreasxirtus 
https://xirt.us 
https://instagram.com/xirtus 
https://tartarynova.com 
support https://patreon.com/xirtus 
join https://discord.gg/UaDfkNZZzs 
https://app.element.io/#/room/#tart:matrix.org
VPN http://bit.ly/2SXI35i",2022-07-13T02:34:24Z,1596,https://www.youtube.com/watch?v=3awBcm4ii9k
iJLHSPVX6pU,The Good Lion Podcast: Where Art Thou Jason Q?,"Referenced Link:

https://www.dropbox.com/s/eq578x2uny9fywp/FILE_8211.pdf?dl=0



https://www.goodlion.tv/

https://www.goodlion.tv/shop
https://www.givesendgo.com/goodliontv
trailer: https://www.youtube.com/watch?v=39_P2qZxrKc&t=2s",2022-07-09T05:45:10Z,18342,https://www.youtube.com/watch?v=iJLHSPVX6pU
tCcyPgvGA-w,THE IMPERSONATION OF LEE HARVEY OSWALD,"THERE IS AN ABUNDANCE OF EVIDENCE THAT SUPPOSED SIGHTINGS OF LEE HARVEY OSWALD WERE ACTUALLY OF PEOPLE IMPERSONATING HIM.

IF OSWALD ACTED ALONE, WHY WAS HE BEING IMPERSONATED?

THIS DOCUMENTARY PROVIDES THE ANSWER.",2022-07-10T18:16:50Z,24,https://www.youtube.com/watch?v=tCcyPgvGA-w
XGAea6anKws,Rise N Grind Morning Shine ✨ Fri April 22,"00:00 Rise N Grind
 4:56 GOOOOD MORNING MEMES FIRST
18:26  AC13 - Remedy (feat. Grace Barton)
26:08 TWEETS N TABS 
44:55 FLOYA - Wonders 
49:20  MORE MEMES 

 N Grind Morning Shine ✨


Beyond Flat Earth
3.16K subscribers

#TEAMYAHAWASHAI
#RiseNGrind 
#TRUTHER 



INTRO BY - Free · Bamily
https://youtu.be/UgYuohDu2BM


First Break By -18:26  AC13 - Remedy (feat. Grace Barton)
https://youtu.be/XWGnICNK2Xc


Second Break Song 44:55 FLOYA - Wonders 
https://youtu.be/Zq9OXwEWbzg

Outro Song By - Rationale II Freedom 1:00:00
https://youtu.be/Ec_HjprLjqo

Reality Witnesses is a #TEAMYAHAWASHAI production between Jason Laufenberg of  Awake Souls, and Ronnie Harris of the The Limitless Channel.  Together we are Yahawahashai News Network (YNN).  Your best community for top news and information regarding Christianity, simulation reality and flat out proofs!",2022-04-23T01:10:32Z,114,https://www.youtube.com/watch?v=XGAea6anKws
Ca9dKxCvyns,10 dead in Buffalo supermarket attack police call hate crime,Biblical Prophecy Series,2022-05-15T05:13:37Z,10,https://www.youtube.com/watch?v=Ca9dKxCvyns
LguN19LoraA,"Blood Over Intent 144,000 Satan&#39;s Sealed Elect #TheMatrix #YouTube #BOI","New Age Resources - Inspirational Clips, Multimedia Truth, Flat Earth Knowledge
144,000 Mr Satan's Sealed Elect in The Book Of Life Immortal Super beings
Ancient Knowledge & Intelligence by Blood Over Intent YouTube #BOINEWS
#BloodOverIntent #HeavenOnEarth

Free Resource Material, BOI Family Chats, Downloads, & Audio Visual Content

144,000 Group Video Chats Resource Information
Duo http://duo.app.goo.gl/ox2PNaYokcWOzeUqrMYvVE 
Facebook https://www.facebook.com/groups/292473687839141
Mr Satan https://www.youtube.com/channel/UCZgrhxlWUFR_eaEkYQFbwfA
Quasiluminous  https://www.youtube.com/channel/UCJFL6RIJ66kH4pM3eMT3C0A

Unite with the Blood Family and Come Alive 
Reclaim Your Birthright of Eternal Life by Blood Over Intent on YouTube or Expire
The Anti-Christ Satan, King of Hell, Mark Braun II Corinthians 4:4",2022-05-24T19:17:02Z,6,https://www.youtube.com/watch?v=LguN19LoraA
NZiBE_9-4gc,Cette théorie qui a fait douter des milliers de fan (Théorie des Clones),"Bien le bonjour, cette vidéo a été réalisée dans le but d'un projet scolaire. Mais il serait dommage de ne pas la partager avec vous donc voici une petite vidéo à prendre avec de grosses pincettes. 
Encore désolé pour les quelques bugs de son dissimulés dans la vidéo.

#Théorie #clonagehumain #squeezie #theorieducomplot

Désolé pour les petites fautes d'orthographe à 0:03 et 0:31",2022-05-29T16:25:23Z,24,https://www.youtube.com/watch?v=NZiBE_9-4gc
bEt-3KK5dzo,Pizzagate conspiracy theory - Conspiracies &amp; PseudoScience ✅💡😬💬⁉️,"Help us educate with a LIKE, SUBSCRIBE,and DONATION. Thank you!
https://www.patreon.com/SeeHearSayLearn , http://www.youtube.com/c/SeeHearSayLearn?sub_confirmation=1 This video is about ""Pizzagate conspiracy theory"". This video series is something special. We're fully delving into all things everything and all things about Conspiracy Theories and PseudoScience!

Pizzagate is a debunked conspiracy theory that emerged and went viral during the 2016 United States presidential election cycle. In the fall of 2016, the personal email account of John Podesta, Hillary Clinton's campaign manager, was hacked in a spear-phishing attack and his emails were made public by WikiLeaks. Proponents of the Pizzagate theory falsely claimed that the emails contained coded messages referring to human trafficking and connecting a number of restaurants in the United States and members of the Democratic Party with an alleged child-sex ring. The theory has been extensively discredited by a wide array of organizations, including the Metropolitan Police Department of the District of Columbia.

Link to Amazon.com
http://amzn.to/2hFyI1h

Here's a couple fun T-shirts
http://amzn.to/2oozIdZ

Here's another
http://amzn.to/2CFYnit

Link above take you to amazon and then amazon kicks me some money for alerting you to some awesome goods. We thank you for clicking the links. 

THANK for WATCHING, SUBSCRIBING, LIKING, COMMENTING, SHARING and DONATING!!!
It means a lot to my family!

PLEASE DONATE via VENMO for MORE EDUCATIONAL CONTENT and ENDEAVORS
https://venmo.com/SeeHearSayLearn

SeeHearSayLearn.com presents a series of videos to get you speaking and learning languages such as English, Spanish / Espanol, French, German, Albanian, Arabic, and more. We are working hard to get our videos uploaded. We provide you with word pronunciations, definitions, translations, stories, rhymes, riddles, jokes, tongue twisters, and anything that will help bridge the gap between your current fluency to your desired proficiency and understanding. Whether you're just learning or trying to bolster your intellectual quotient into a new stratosphere of concise and succinct communications, allocating the proper verbiage could be paramount to illustrating a picture for the recipient or merely shoving drab nondescript sounds of failure down their auditory meatuses. Run on sentence you say? I'd agree. Utilizing big complicated words isn't usually the most effective form of communication, but adapting your language to your recipient will be the most effective way to transfer your thoughts. Having a wide array of tools for each project will allow you to tailor your message for the most effect and efficient use of your time. To write, read, and listen to language takes fewer words than you might imagine. In each language, you could likely get away with understanding a few thousand words and be completely comfortable with many different language settings. Why even a few hundred can get you quite far. 

If ever you find any of the words to be inaccurate in any way, which may most often be the pronunciation I want to thank anyone who reaches out to send me a message regarding any errors. I will do my best to read and correct any perceived errors. Be advised that many pronunciation can vary slightly between regions.

My congratulations to anyone broadening their word bank in any language. Science is clear that with more word associations languages become easier to learn and has the potential to be a protective buffer against dementia and Alzheimer's Disease.

Please visit www.seehearsaylearn.com

FACEBOOK FOLLOW
https://www.facebook.com/seehearsaylearn
TWITTER FOLLOW
https://www.twitter.com/seehearsaylearn
YOUTUBE SUBSCRIBE
https://www.youtube.com/c/SeeHearSayLearn

PLEASE DONATE via VENMO for MORE EDUCATIONAL CONTENT and ENDEAVORS
https://venmo.com/SeeHearSayLearn

THANK for WATCHING, SUBSCRIBING, LIKING, COMMENTING, SHARING and DONATING!!!
It means a lot to my family!

This video series couldn't do what it does without the help of Wikipedia and its community along with so many other people to thank.",2018-03-03T02:35:16Z,39361,https://www.youtube.com/watch?v=bEt-3KK5dzo
c0WD5vAe_D0,LMAO: Hunter&#39;s Escort TRASHES President Biden!? | Ep 269,"DOWNLOAD AUDIO PODCAST & GIVE A 5 STAR RATING!: 
APPLE: https://podcasts.apple.com/us/podcast/slightly-offens-ve-uncut/id1450057169

With the leak of Hunter Biden's iCloud , we are able to dive a little bit deeper into the grotesque behavior of Hunter. This story is still developing and we leave the validity of these claims up to the viewer. 
________________________________________________________________
⇩ TODAY'S SPONSORS ⇩

iTargetPro: Go to https://www.itargetpro.com/, right now, and SAVE 10% PLUS, GET FREE SHIPPING with the offer code OFFENSIVE. This makes a great gift for Father’s day and is less expensive than a few hours at the range.

EXPRESS VPN: creates a secure, encrypted tunnel between your device and the internet, so your online activity can’t be seen by anyone. Secure your online activity by visiting https://ExpressVPN.com/offensive and you can get an extra three months FREE.

BullionMax: Get BullionMax’s Silver Starter Kit at EMPLOYEE PRICING! Just go to Bullion Max dot com slash OFFENSIVE. This kit includes five of the most desirable silver products to invest in... including a silver American Eagle and a silver Australian Kangaroo. This offer is limited to just ONE per household, so get yours NOW! Go to https://bullionmax.com/offensive
________________________________________________________________
Become a subscriber at BlazeTV https://get.blazetv.com/slightly-offensive/ use my code ""ELIJAH"" to get $10 off a full year
________________________________________________________________
Slightly Offens*ve Merch: https://shop.blazemedia.com/collections/elijah-schaffer
________________________________________________________________
DOWNLOAD AUDIO PODCAST & GIVE A 5 STAR RATING!: 

APPLE: https://podcasts.apple.com/us/podcast/slightly-offens-ve-uncut/id1450057169
SPOTIFY: https://open.spotify.com/show/7jbVobnHs7q8pSRCtPmC41?si=qnIgUqbySSGdJEngV-P5Bg

(also available Google Podcasts & wherever else podcasts are streamed)
______________________________________________________________
➤BOOKINGS/INQUIRIES: JOSIAH@SLIGHTLYOFFENSIVE.COM
_________________________________________________________________
 ⇩ SOCIAL MEDIA ⇩

➤ INSTAGRAM               https://www.instagram.com/slightlyoffensive.tv   
➤ TWITTER:                    https://twitter.com/ElijahSchaffer
➤ FACEBOOK:                 https://www.facebook.com/officialslightlyoffensive
_________________________________________________________________
The Idea Of A Free Society...For Kids!

Head to https://teachrealprinciples.com for a unique book series that introduces the important ideas that schools no longer teach.",2022-07-13T19:04:23Z,63381,https://www.youtube.com/watch?v=c0WD5vAe_D0
53e2-yAt51U,HOAXED - Dokumentation - Deutsche Untertitel,"https://odysee.com/@hyplexx:0 - ""HOAXED"" ist ein Insiderbericht über das Phänomen der Fake News und die Folgen von Fehlinformationen in den Medien, mit Interviews von Personen, die beschuldigt werden, diese selbst zu verbreiten.
Quelle: http://hoaxedmovie.com/",2022-07-10T16:15:14Z,95,https://www.youtube.com/watch?v=53e2-yAt51U
b47cCTjLLSM,Verschwörungen Folge 41: Der Zapruder Märchenfilm,"Eine wichtige Frage sollte man sich immer vorweg stellen: glaube ich die offizielle Verschwörungstheorie - z.B. 9/11 ist der offizielle Vorwurf ja auch nur eine Verschwörungstheorie, nämlich die der US Regierung
o d e r 
mache ich mir die Mühe Fakten für eine alternative Darstellung zusammen zu tragen?

Folgt dieser Serie in Zeiten von vor Jahren noch ungeahnter Zensur so lange ihr noch könnt...

""Copyright Disclaimer Under Section 107 of the Copyright Act 1976, allowance is made for ""fair use"" for purposes such as criticism, comment, news reporting, teaching, scholarship, and research. Fair use is a use permitted by copyright statute that might otherwise be infringing. Non-profit, educational or personal use tips the balance in favor of fair use."" Join us into the strange world to find out the truth.",2022-07-16T18:00:12Z,201,https://www.youtube.com/watch?v=b47cCTjLLSM
9IHVh4lplC0,Alex Jones and T.I. Debate Pizzagate | expediTIously Podcast,"The podcast interview that keeps on giving ain't done yet. In this exclusive #expediTIously clip, Alex and Tip get into it on Pizzagate. Was it real? Fake? Neither? Both...? 

SUBSCRIBE▶︎ bit.ly/expediTIouslySubscribe

Listen to the full episode now on 
Apple Podcasts ▶︎ apple.co/expediTIouslypod
Spotify ▶︎ spoti.fi/expediTIously
PodcastOne ▶︎ bit.ly/expeditiouslypodone

Follow the podcast and Tip on social media:
IG ▶︎ https://www.instagram.com/expeditiouslyti/?hl=en
TW ▶︎ https://twitter.com/expeditiouslyti
Tip IG ▶︎ https://www.instagram.com/troubleman31/?hl=en
Tip TW ▶︎ https://twitter.com/Tip?s=20

expediTIously merch now available🔥 🔥 ▶︎ https://titrapstore.com/

The multi-hyphenate rapper, actor, entrepreneur, family man, philanthropist and activist, Tip “T.I.” Harris is bridging the gap and shedding light on important social topics and much more in an authentic, eyebrow-raising dialogue that might make you want to pull out your dictionary…Expeditiously.",2019-10-08T16:30:00Z,267377,https://www.youtube.com/watch?v=9IHVh4lplC0
WwndWEu040k,David Robertson: Pizzagate and the Luciferian Agenda,"David Robertson of the Open University presents his paper, ""Pizzagate and the Luciferian Agenda"" at the 2017 CenSAMM conference, ""Violence and millenarian  Movements"".

""Pizzagate and the Luciferian Agenda.""

In November and December 2016, online accusations of a paedophile ring operating out of a Washington pizza restaurant led to the arrest of Edgar Welch (28) after threatening staff and firing several shots in an apparent attempt to liberate “child sex slaves”. This panic, known as pizzagate, began when leaked emails from Hillary Clinton’s aide, Mike Podesta, were suggested to contain coded language by a number of users on web forums, who began to elaborate upon the narrative until it was widely taken as evidence of a nationwide satanic paedophile ring involving numerous politicians and other power brokers. It is rare is for a conspiracy theory such as this to escalate into violence so quickly, but two things are of particular interest here. First, this ties into the satanic ritual abuse scare of the early 1990s - a phenomenon intimately tied to a Manichaean understanding of the world promoted by certain evangelical millennarian Christians. These ideas have been nurtured and promoted by high profile independent broadcasters such as Alex Jones, for whom they are part of a sweeping millennial narrative in which a global (and sometimes cosmic) cabal of Luciferians seek to decimate the world’s population and enslave the remains.


Find out more at http://censamm.org/


--
cenmva",2017-04-27T15:48:37Z,37824,https://www.youtube.com/watch?v=WwndWEu040k
PIAzS1udO10,TODA LA VERDAD DETRÁS DE LAS FILTRACIONES DE ANONYMOUS Y PIZZAGATE,"FB: https://www.facebook.com/VaderockYT/

Patreon: https://www.patreon.com/m/vaderock

Si estás leyendo esto, se bienvenido a este canal. 

Si la música es tu pasión, este canal te encantará, aquí encontrarás historias de bandas, de canciones, tops de musica... Te invito a que inicies un viaje a lo mas profundo de la música. Si encuentras contenido que entretenga y te enseñe cosas nuevas... MISIÓN CUMPLIDA. 

Recuerda, si quieres apoyarme, suscríbete y no te perderás ningún video.

Esto es Va De Rock, un saludo.",2020-06-03T21:07:12Z,165290,https://www.youtube.com/watch?v=PIAzS1udO10
surPXPQRfew,The Pizzagate Conspiracy Theory: An Attempted Explanation,"▶️ Aussie journalist Fin Nicol-Taylor uncovers the truth behind the Pizzagate conspiracy theory, examining a web of leaked emails, strange artwork, armed gunmen and child predators... what does it all mean?!  🍕

✅ LIKE and SUBSCRIBE if you enjoyed this episode! More episodes in this series available here: https://youtube.com/playlist?list=PL3F6dSX8zG2WU3D8G3ugP3nvFQA09EnoM

🤨 Thanks for watching the season finale of Fin vs The Internet! The show, where musician and armchair philosopher Fin Nicol-Taylor spews facts and theories about the universe, will return with a second season in 2021. 

🤷 Who is Fin Taylor? Find out: https://theslopshack.com/fin-taylor/ 

🎵 Check out Fin's music: https://www.youtube.com/channel/UC3GW...

Featuring music by 
Ross Bugden - https://youtu.be/Zuw_O5MU5CE
TeknoAXE - Underground Enemy Base  https://goo.gl/Zb5s69
Jingle Punks - Choose Your Path https://youtu.be/q1eziRnIN6A
Dar Golan - Italian Music https://youtu.be/MSYdD5FhJ6A
Joro Gaming - Scary Music https://youtu.be/LlsU0p_a9as
Mattia Cupelli - Dark Tension - https://youtu.be/-zvQoPyY2XE 
 Max Surla - Day Of Recon https://youtu.be/omF3PuWuATE
Paper Yellow Music - The Heist https://youtu.be/sL1gVIgHfWo

Find out more about The Slop Shack: https://www.theslopshack.com 

Written & Hosted by Fin Nicol-Taylor
Produced & Edited by Harry Sweby
Shot by Zee Shao, Harry Sweby & Fin Nicol-Taylor

Follow us at: https://www.instagram.com/slopshack 
https://www.facebook.com/slopshack
 https://www.twitter.com/slopshack

#Conspiracy #Epstein #Documentary",2021-01-21T04:00:02Z,8836,https://www.youtube.com/watch?v=surPXPQRfew
5s4FBthVDNc,Suffer The Little Children . . . PIZZAGATE,"https://www.youtube.com/watch?v=C4cNXXMQ6FE

See this reposted video from Jim Beckwith's channel for a concise overview.  We need a serious crime/tactical unit devised with passionate, trained individuals to hunt these perpetrators down.  I have no doubt that this could be positively impacted if it were truly a priority.  Who knows how many children ""disappear"" at the hands of the too well organized ""people"" and groups who are conducting these repulsive, predatory behaviors.",2016-11-29T11:35:19Z,13438,https://www.youtube.com/watch?v=5s4FBthVDNc
Vtj5L8-Cslg,Pizzagate conspiracy theory | Wikipedia audio article,"This is an audio version of the Wikipedia Article:
https://en.wikipedia.org/wiki/Pizzagate_conspiracy_theory


00:01:07 1 Origins
00:01:16 1.1 Genesis
00:02:58 1.2 Spread on social media
00:05:47 1.3 Turkish press reports
00:06:33 2 Harassment of restaurant owners and employees
00:09:46 3 Comet Ping Pong shooting
00:12:18 4 Debunking
00:14:42 5 Responses
00:16:14 5.1 Public opinion
00:17:17 5.2 Alex Jones and InfoWars
00:18:39 5.3 Michael T. Flynn and Michael Flynn Jr.



Listening is a more natural way of learning, when compared to reading. Written language only began at around 3200 BC, but spoken language has existed long ago.

Learning by listening is a great way to:
- increases imagination and understanding
- improves your listening skills
- improves your own spoken accent
- learn while on the move
- reduce eye strain

Now learn the vast amount of general knowledge available on Wikipedia through audio (audio article). You could even learn subconsciously by playing the audio while you are sleeping! If you are planning to listen a lot, you could try using a bone conduction headphone, or a standard speaker instead of an earphone.

Listen on Google Assistant through Extra Audio:
https://assistant.google.com/services/invoke/uid/0000001a130b3f91
Other Wikipedia audio articles at:
https://www.youtube.com/results?search_query=wikipedia+tts
Upload your own Wikipedia articles through:
https://github.com/nodef/wikipedia-tts
Speaking Rate: 0.859953460345041
Voice name: en-AU-Wavenet-D


""I cannot teach anybody anything, I can only make them think.""
- Socrates


SUMMARY
=======
Pizzagate is a debunked conspiracy theory that went viral during the 2016 United States presidential election cycle. The conspiracy theory has been extensively discredited and debunked by a wide array of organizations, including the Metropolitan Police Department of the District of Columbia.In the fall of 2016, the personal email account of John Podesta, Hillary Clinton's campaign manager, was hacked in a spear-phishing attack, and his emails were subsequently made public by WikiLeaks. Proponents of the Pizzagate conspiracy theory falsely claimed that the emails contained coded messages referring to human trafficking and connecting several U.S. restaurants and high-ranking officials of the Democratic Party with an alleged child sex ring involving the Washington, D.C. restaurant Comet Ping Pong.Members of the alt-right and other opponents of Clinton's presidential campaign spread the conspiracy theory on social media outlets such as 4chan and Twitter. A man from North Carolina traveled to Comet Ping Pong to investigate this conspiracy, during which he fired a rifle inside the restaurant. In addition, the restaurant owner and staff received death threats.",2018-12-27T04:02:58Z,4483,https://www.youtube.com/watch?v=Vtj5L8-Cslg
_xWsH6XDFxQ,اجمل شفايف,"مشاهير
مشاهير كرة القدم
مشاهير برج الجوزاء
مشاهير برج العذراء
مشاهير واعلام
مشاهير برج الجدي
مشاهير برج السرطان
مشاهير برج القوس
مشاهير برج العقرب
مشاهير برج الثور
مشاهير برج الميزان
مشاهير adhd
مشاهير arte
مشاهير لديهم adhd
مشاهير estj-a
مشاهير فصيلة الدم a
intj-a مشاهير
مشاهير مصابون ب adhd
مشاهير يعانون من adhd
مشاهير مصابين ب adhd
intp-a مشاهير
estj-a مشاهير
entp-a مشاهير
مشاهير نمطهم intp-a
مشاهير bts
مشاهير basketball
مشاهير يحبون bts
مشاهير تعاونوا مع bts
birthday مشاهير
اسماء مشاهير bts
مشاهير فصيلة الدم b
مشاهير عرب يحبون bts
celebrities مشاهير
celebrities المشاهير
المشاهير chrome
مشاهير ك
مشاهير la casa de papel
snapchat مشاهير
celebrity مشاهير
مشاهير dubai tv
مشاهير de
مشاهير د
مشاهير ne demek
مشاهير estp
مشاهير entp
مشاهير enfp
مشاهير entj
مشاهير estj
مشاهير enfj
مشاهير esfj
enfp مشاهير كيبوب
مشاهير شخصية entp
مشاهير شخصية entj
entj مشاهير
entp مشاهير
esfj مشاهير
esfp مشاهير
estj مشاهير
enfp مشاهير
enfp شخصية مشاهير
enfj مشاهير
estp مشاهير
مشاهير francais
مشاهير famous
مشاهير football
مشاهير في العالم
مشاهير تركيا facebook
مشاهير الدراما الكورية facebook
مشاهير the x factor
football مشاهير
اخبار مشاهير تركيا facebook
مشاهير en francais
مشاهير get
googleصور مشاهير
مشاهير ج
مشاهير السلالة g
hiamag مشاهير
خلفيات مشاهير hd
خلفيات hd مشاهير
مشاهير intp
مشاهير intj
مشاهير infp
مشاهير infj
مشاهير istp
مشاهير istj
مشاهير isfp
مشاهير isfj
مشاهير شخصية infp
مشاهير شخصية intp
infp شخصية مشاهير
infj مشاهير
intj-t مشاهير
infp مشاهير
intj شخصية مشاهير
infp-t مشاهير
istj مشاهير
isfp مشاهير
intp مشاهير
intj مشاهير
مشاهير السلالة j1
مشاهير السلالة j2
مشاهير kik
keek مشاهير
مشاهير برنامج keek
kpop اخبار مشاهير كوريا
مشاهير live
lahamag مشاهير
المشاهير live
مشاهير ل
مشاهير نمطهم intp
مشاهير نمط infp
مشاهير mbti
مشاهير ms
مشاهير mbc 3
مشاهير القراء المصريين mp3
مشاهير خريجي جامعة msa
mbti مشاهير العرب
musician مشاهير برج العذراء
مشاهير م
مشاهير القراء mp3
تحميل مشاهير القراء mp3
mbti مشاهير
مشاهير القراء للقران الكريم mp3
مشاهير nba
مشاهير nft
مشاهير now
مشاهير ن
المشاهير ne demek
مشاهير online
مشاهير فصيلة الدم o
مشاهير ا
مشاهير paris
pdf مشاهير علماء الأمصار
المشاهير pdf
مشاهير ب الانجليزي
مشاهير قادة الإسلام pdf
مشاهير علماء نجد pdf
مشاهير الرحالة العرب pdf
مشاهير شعراء العصر pdf
مشاهير النساء المسلمات pdf
play مشاهير
pizzagate مشاهير
تراجم مشاهير الشرق pdf
حياة مشاهير الفلاسفة pdf
اشهر مشاهير الاسلام pdf
موسوعة مشاهير العالم pdf
معجم مشاهير النساء pdf
ذكرياتي مع مشاهير الكفاح pdf
مشاهير quiz
مشاهير queen
مشاهير qatar
مشاهير quran
مشاهير queendom
مشاهير ق
مشاهير restaurant
مشاهير السلالة r
المشاهير restaurant
singer مشاهير برج السرطان
singer مشاهير برج العقرب
singer مشاهير برج الجوزاء
singer مشاهير برج الحوت
united states مشاهير برج الجدي
androgen insensitivity syndrome مشاهير
مشاهير trending
مشاهير tik tok العرب
مشاهير tiktok
مشاهير tik tok الاجانب
مشاهير translate to english
مشاهير the voice
twitter مشاهير تركيا
مشاهير infp-t
مشاهير السوشيال twitter
twitter مشاهير
مشاهير tik tok
مشاهير tik tok الأجانب
نمط infp-t مشاهير
مشاهير نمطهم infp-t
مشاهير نمطهم intp-t
قاعة مشاهير ufc
مشاهير wwe
www.مشاهير كرة القدم
wصور مشاهير
wordwall مشاهير
wasla مشاهير كرة القدم
wasla مشاهير وأعلام
قاعة مشاهير wwe
مشاهير x factor
مشاهير youtube
مشاهير you
yalalla مشاهير
youtube مشاهير
مشاهير ي
مشاهير ال youtube
‏قناة مشاهير youtube
مشاهير و اعلام لغز 0
مشاهير 11 نوفمبر
مشاهير 12 ديسمبر
مشاهير 10 حروف
مشاهير 18 نوفمبر
مشاهير 1 مارس
مشاهير 13 نوفمبر
مشاهير 1 مايو
مشاهير 1433
مشاهير 15 ديسمبر
مشاهير 15 فبراير
مواليد 11 نوفمبر مشاهير
مواليد 1991 مشاهير
لغز 14 مشاهير واعلام
مواليد شهر 10 مشاهير
10 مشاهير
170 سم مشاهير
13 مارس مشاهير
لغز 117 مشاهير واعلام
لغز رقم 13 مشاهير
لغز 11 مشاهير الرياضة
مشاهير 2022
مشاهير 2006
مشاهير 25 مايو
مشاهير 26 مايو
مشاهير 29 نوفمبر
مشاهير 28 ابريل
مشاهير 23 نوفمبر
مشاهير 27 اكتوبر
مشاهير 2004
مشاهير 2003",2022-07-14T20:19:58Z,11,https://www.youtube.com/watch?v=_xWsH6XDFxQ
N4JiaTwHIDo,You Can&#39;t Win (YCW) Episode 020 - Pizzagate is Real ft. Mike,"Tom and Don have 'professor pizzagate' Mike back on to talk about the mainstreaming of theories about ruling class child abuse. The crew discuss some of the facts and rumors of the Epstein case and historical antecedents. What do abuse crises have in common and are there strategies to solve them? What about the Catholic abuse crisis? Controversy abounds.

 Books mentioned include:The Franklin Scandal by Nick Bryant; Confessions of a DC Madam by Henry W. Vinson; and Political Ponerology by Andrew M. Lobaczewski.

 Intro music from auntie004, who is at https://soundcloud.com/auntie004

You Can't Win Podcast with Donald ""getfiscal"" Hughes and Muslim Tom
Patreon: https://www.patreon.com/youcantwin
RSS feed: http://youcantwin.info/rss
Website: http://youcantwin.info",2019-07-15T09:18:53Z,789,https://www.youtube.com/watch?v=N4JiaTwHIDo
IShC-PUVrPo,Moloch Did #Pizzagate and /pol/ was right again,"New uncovered links in the #PizzaGate scandal linking Mr. Potato Head, Cheesebay, David Flintstone, Bif Skipman, and the ancient Caananite diety, Molech.
Alex Jones Interview: https://www.youtube.com/watch?v=k7Qri9XLRN4
The song is Shadilay by P.E.P.E.",2016-11-19T22:40:07Z,1194,https://www.youtube.com/watch?v=IShC-PUVrPo
PcStC3EJ24I,The Pizzagate Massacre 2021 - Review,"The Pizzagate Massacre 2020 Movie Review



#ThePizzagateMassacre
#Duncan
#adventure",2021-11-20T18:17:26Z,100,https://www.youtube.com/watch?v=PcStC3EJ24I
M0bAnFxe1Xw,Pizzagate | Frank Sinatra Trafficked Underage Sex Slaves According To New FBI Files,"Frank Sinatra went from saloon singer to Oscar winner and music industry icon – and for 54 years the FBI spied on Ol’ Blue Eyes, compiling a bulging 1,300-page case file on the troubled legend and his notorious associates.


Sources - http://goo.gl/zEpBsk
Facebook - http://bit.ly/2wD0VP5
Tubmlr - http://bit.ly/2xekdYA",2017-12-30T21:00:00Z,2587,https://www.youtube.com/watch?v=M0bAnFxe1Xw
8FyuhNCLuPg,David Icke&#39;s Urgent Message to #PizzaGate Investigators,"The FULL VIDEO can be found here: https://youtu.be/KP4z4hF7cTY 

David's Channel: https://www.youtube.com/channel/UCAhmDfQ1LfOYECmNNWgXJ7Q

Website: https://www.davidicke.com/",2016-12-11T00:29:40Z,8520,https://www.youtube.com/watch?v=8FyuhNCLuPg
mSNvR9Ct5Ac,Protesters Push &quot;PizzaGate&quot; Conspiracy Theory Outside Comet Ping Pong,"“If we look down at our known pedophile code words, pizza means girl, and map means semen.”

Neil Wolfe is one of about a dozen people gathered along a block of small businesses in suburban Chevy Chase, MD, a town on the northwest border of Washington, DC. “You guys are nuts,” says one passerby, Wolfe fired back through his megaphone: “You’re gonna find out the truth, sir, and then you’re going to feel ashamed for calling us nuts.”

The issue at hand is termed “Pizzagate,” a debunked conspiracy theory purportedly linking John Podesta, Hillary Clinton’s former campaign manager, and a number of other prominent political figures to a widespread child sex trafficking ring. Its subscribers, who self-refer online as, “investigators,” claim to have evidence that this ring runs covertly out of local businesses in and around Washington, most notably at the Comet Ping Pong pizzeria on Connecticut Avenue.

Despite being repeatedly proven unfounded by a number of sources including Washington Post, New York Times, and Snopes, with DC’s own police calling the accusation “fictitious,” this conspiracy remains an active discussion on anonymous online forums, including 4chan. The story made national headlines last December after 28-year-old Edgar Maddison Welch fired a rifle inside Comet Ping Pong, a pizzeria frequented by area families. Welch later told police he was there to “self-investigate” the purported ring.

“You have to understand that these are the most powerful people in the world that are engaging in child trafficking and child pedophilia,” said Wolfe, in response to a question about the lack of media and political interest over the ‘Pizzagate’ conspiracy claim. “They’re scared right now, and they control the media, so they’re going to do everything to marginalize us,” he said, “We are coming after you, we will not relent, and you better surrender.”

After an interview, Wolfe cautioned News2Share Producer Ford Fischer against taking his words out of context, promising to make him “famous” if he did so. When Fischer informed him he was recording an unedited livestream in addition to his footage, Wolfe repeated: “Don’t take it out of context or I’ll make you famous, I swear.”

(See here):
https://www.facebook.com/N2Sreports/videos/1338412416266644/

Wolfe and his colleagues handed out brochures to pedestrians with screenshots of Instagram posts and leaked emails Pizzagate propagators cite as evidence. The group was frequently yelled and cursed at. One passerby briefly had a physical altercation with Wolfe, which was quickly broken up by a bystander. 

Area residents were less than thrilled at their presence. “If you care about children, you shouldn’t be supporting points of view that lead people to come here with firearms where my child goes to eat,” said one man after being offered a brochure.

Across Connecticut Avenue on street corner, about four people, a couple masked, captured photos of the Pizzagate group from a distance through long telescopic lenses. When asked about their presence, one woman identified herself as “anti-hate” and said she was there to match faces to anonymous figures engaging in online harassment.

“I just want to get some faces, because they’re just anonymous people on the internet,” she said,“they just assume everybody who doesn’t agree with their bullshit is a pedophile. That’s the new ‘communist,’ you’re a pedophile now.”

“It’s not the red scare,” she added, “it’s the child scare.”

Notably, Saturday’s event was not endorsed by Pizzagate’s main communication channel, where a moderator post discouraged the community from attending the event, citing a possibility of conflict and the “plentiful troll-fuel it would generate.” Another Pizzagate-related protest, likely to be somewhat larger, is planned near the White House on March 25.

Video by Ford Fischer
With Contributions by Alejandro Alvarez and Nick Lancione

Please contact Ford Fischer at fordfischer@news2share.com or call (573) 575-NEWS to license video. Photos and additional footage may be available upon request.

Support News2Share on Patreon: https://www.patreon.com/FordFischer

See more at http://News2share.com",2017-03-19T00:55:43Z,4271,https://www.youtube.com/watch?v=mSNvR9Ct5Ac
1vtWJjr_hPM,#PIZZAGATE CLUE Celebrities talk about Mexico Ping Pong,"Found another Clue from Craig Ferguson Talk Show. Save this video, it might not be on YT for very long. PizzaGate is real and it needs to be exposed.",2017-01-13T01:54:24Z,43502,https://www.youtube.com/watch?v=1vtWJjr_hPM
5hJSAR9CVDs,"»JUSTIN BIEBER, YUMMY Y EL PIZZAGATE","¿Cual es la razón por la que Justin se está exponiendo? Que siniestrooooo...

Instagram: http://instagram.com/glumsky
Puedes donar aquí: https://www.paypal.me/GLUMSKY/25
Grupo de FB: https://www.facebook.com/groups/2550256495198990/
Página de Feisbuk: https://www.facebook.com/glumsky
Twitter: https://twitter.com/mary_olivas
2ndo Canal: https://www.youtube.com/user/MaryOlivas2",2020-01-14T03:13:24Z,37461,https://www.youtube.com/watch?v=5hJSAR9CVDs
W7w4n8j20_w,The Simpsons  PizzaGate Run2Christ 2016,"The Simpsons  PizzaGate Run2Christ 2016

#PizzaGate and The Pedophilia Agenda
https://www.facebook.com/pg/Killuminatisoldiers3/photos/?tab=album&album_id=1089898851109005

Adrenochrome the Human Sacrifice Drug of Choice of the Elite
https://www.facebook.com/pg/KilluminatiSoldiersReborn/photos/?tab=album&album_id=446841622497934

The Franklin Child Prostitution Ring Cover-Up and Elite Child Sex Rings
https://www.facebook.com/pg/KilluminatiSoldiersReborn/photos/?tab=album&album_id=442620709586692

MARINA ABRAMOVIC SPIRIT COOKING
https://www.facebook.com/pg/KilluminatiSoldiersReborn/photos/?tab=album&album_id=440604233121673

Like and Share: https://www.facebook.com/KilluminatiSoldiersReborn

Add/Follow
https://www.facebook.com/killuminatiray
https://www.facebook.com/sergiomejiac213

Subscribe to KSOT on YOUTUBE:
https://www.youtube.com/channel/UC3_W_7gqDt4HwqYRYEUTPTA",2020-07-13T22:38:49Z,567,https://www.youtube.com/watch?v=W7w4n8j20_w
iSpJVS86KGA,Thoughts on Pizzagate,"Merch: https://tarlwarwick.net/collections/all

Merch: https://tarlwarwick.net/collections/all
Support my work via donation:

Patreon: https://www.patreon.com/Styxhexenhammer666
 
Hatreon: https://hatreon.us/Styxhexenhammer666/

My literary works:

Blogger: http://tarlwarwickbooks.blogspot.com/
Wordpress: https://tarlwarwick.wordpress.com/

My other platforms:

Twitter: https://twitter.com/Styx666Official
Gab: https://gab.ai/Styx666Official
Facebook: https://www.facebook.com/Styxhexenhammer666Official/
Minds: https://www.minds.com/Styxhexenhammer
Pewtube: https://pew.tube/user/Styxhexenhammer666
Bitchute: https://www.bitchute.com/channel/Styxhexenhammer666/
Dailymotion: https://www.dailymotion.com/Styxhexenhammer666 Donate Via Cryptocurrency:
Bitcoin: 17q1BfF2up8orEKN8DQgpEPX83RfbAZ5QL
Ethereum: 0x956e7aF6706C3b5E2cf7e15c16c7018c4f42aF79
Litecoin: LQNJed6vDhR4U4LB7g8jGep4UQ7yeqJdPw",2016-11-24T16:29:45Z,106971,https://www.youtube.com/watch?v=iSpJVS86KGA
Ld1Edn0xFyI,"Bad YouTube habits, nonsense: Pizzagate","A look at the conspiracy theory known as ""Pizzagate"".
note: I am not a fan of Hillary Clinton or her entourage, but this is absurd!

Some materials used under the principle of Fair Use along with public domain material available at Pixabay  https://pixabay.com/",2018-09-05T23:13:52Z,186,https://www.youtube.com/watch?v=Ld1Edn0xFyI
rsQPOkRXGJM,Why Pizzagate is a Fake &quot;Investigation&quot;,"A critique of the ""Pizzagate"" conspiracy theories which have been making rounds on social media, and why the so-called ""investigation"" is flawed to the core.

No copyrighted content has been used in this video beyond what is allowed under the Fair Use doctrine.",2018-02-19T04:24:27Z,138,https://www.youtube.com/watch?v=rsQPOkRXGJM
AsKPbeXJ4ms,DEBUNKING WAYFAIR - PIZZAGATE - FRAZZLEDRIP - ADRENOCROME CONSPIRACY THEORIES,"You ARE being manipulated, but not by who you think. These conspiracies are made by the same group and released just before elections or when they want you to be distracted (the black lives matter movement).",2020-07-18T23:03:35Z,9616,https://www.youtube.com/watch?v=AsKPbeXJ4ms
F4LUw2WmR_w,Cum Town Premium: The REAL pizzagate (Bonus 57),"2017-11-06 Support the boys with money! Get access to ALL the premium episodes & instant access to new eps! Only available on patreon

Cum Town Patreon - https://www.patreon.com/cumtown

Listen to Cum Town - 
http://shoutengine.com/CumTown/

https://itunes.apple.com/us/podcast/cum-town/id1113585468?mt=2

Follow the Cum Boys!- 

Nick Mullen- 
https://www.instagram.com/mulldogforever/?hl=en

https://twitter.com/nickmullen 

Stavros Halkias-
https://twitter.com/stavvybaby

https://www.instagram.com/stavvybaby2/

Adam Friedland (Bug)-
https://twitter.com/AdamFriedland

https://www.instagram.com/adamfriedland/?hl=en

http://www.adamfriedland.com/ (lol)

Oh yeah and like and subscribe if you want, I obviously don't make money from these videos and I only upload the premium videos for the poor cum boys out there. CUm town is good",2018-05-22T14:33:58Z,21222,https://www.youtube.com/watch?v=F4LUw2WmR_w
aGEpFYSALL4,Pizzagate is real,Fuck lebron,2020-08-31T00:58:14Z,256,https://www.youtube.com/watch?v=aGEpFYSALL4
GRaAgBcvyKw,CONSPIRACIONES 2020 | ANONYMOUS | COVID 19 | PIZZAGATE,Recopilacion 2020,2020-06-01T19:45:52Z,111,https://www.youtube.com/watch?v=GRaAgBcvyKw
gQwxhOG06ik,Pizzagate not debunked. Are we in an alternate universe where pizzagate is becoming mainstream?,,2020-08-18T18:55:08Z,97,https://www.youtube.com/watch?v=gQwxhOG06ik
rqfjf9wuRwU,Mundane Matt Crazy Rant on Pizzagate Shooting!!! &amp; My opinion on Pizzagate.,"Sources:
Heavy.com - http://heavy.com/news/2016/12/edgar-maddison-welch-comet-pizza-pizzagate-washington-dc-gunman-suspect-photos-pictures-facebook-conspiracy-north-carolina/

IMBD - http://www.imdb.com/name/nm2625901/

Busted Newspaper - http://bustednewspaper.com/welch-edgar-maddison-1180-ketchie-rd-mount-ulla-nc-28125-dui-dwi-04-06-2013/

Slate - http://www.slate.com/blogs/the_slatest/2016/12/04/pizzagate_gunman_edgar_maddison_welch_ran_over_a_teenager_with_his_car.html

WBTV - http://www.wbtv.com/story/33467722/13-year-old-struck-by-vehicle-in-salisbury-airlifted-to-hospital

IBDM2 - http://archive.is/VgKcj

Wikileaks - https://wikileaks.org/podesta-emails/emailid/19761",2016-12-06T19:18:24Z,131,https://www.youtube.com/watch?v=rqfjf9wuRwU
e9-SVvcmGoQ,#Pizzagate,"Source:
https://www.spreaker.com/user/patriotradionetwork/pizzagate_1

Pizza gate! What is it?  What is it NOT?  Is any of it true?  In this episode we share how this might not be as far fetched as you think, and give real life examples of similar things that have be tried in court.
The audio versions of Skinwalker Radio episodes will always be free, but the video content is only available from Patreon with a $1 subscription.  This helps us offset the cost of the program and helps the show grow.  If you like the show consider becoming a patron and get an all access pass at the same time! Become a Patron!",2020-11-10T22:39:14Z,78,https://www.youtube.com/watch?v=e9-SVvcmGoQ
vQlK_JpLRnE,MCE Spiel on PizzaGate Conspiracy,"We take you down a path of conspiracies, What are you thoughts?",2017-01-22T04:14:41Z,26,https://www.youtube.com/watch?v=vQlK_JpLRnE
p74tjBgHBgw,#PIZZAGATE KILL ROOM FOUND! Pegasus Museum owned by Alefantis [Mirror],"This video has been taken down numerous times, so i am mirroring it",2021-07-05T06:51:31Z,1568,https://www.youtube.com/watch?v=p74tjBgHBgw
R1LykYZc-pg,Pizzagate is Real (Sort of),"Real Conspiracies all over the place, and you guys wanna talk about a fucking pizza place? 

Operation Gladio:  https://en.wikipedia.org/wiki/Operation_Gladio
Operation Ajax: https://en.wikipedia.org/wiki/1953_Iranian_coup_d%27état
Operation PBSUCCESS: https://en.wikipedia.org/wiki/1954_Guatemalan_coup_d%27%C3%A9tat
Operation Condor: https://en.wikipedia.org/wiki/Operation_Condor

The Years of Lead: https://en.wikipedia.org/wiki/Years_of_Lead_(Italy)
The Brabant Massacres: https://en.wikipedia.org/wiki/Brabant_killers",2019-09-05T20:50:30Z,59,https://www.youtube.com/watch?v=R1LykYZc-pg
yLkFqA14KeI,"Mike Parziale : Michael Jackson, PizzaGate. HollyWood &amp; Political Pedophelia","Source:
https://www.spreaker.com/user/oppermanreport/mike-parziale-michael-jackson-pizzagate-",2017-01-08T03:11:33Z,11267,https://www.youtube.com/watch?v=yLkFqA14KeI
uKyImIeBVPg,Julian ASSANGE &amp; le PIZZAGATE,"Les pédophiles influents sont-ils protégés?

(Musique de générique en 432 Hertz: IZA)",2020-03-11T17:44:07Z,3503,https://www.youtube.com/watch?v=uKyImIeBVPg
g2hXPaKgYCg,"These Little Ones: Moloch, Child Sex Trafficking, Pizzagate, Hillary Clinton, Frazzledrip, &amp; More","The same network that brought you “Watch the Water”, up next is a deep investigation into the dark underworld of child trafficking, satanic sacrifice, pizza'gate, adren'o'chrome, CPS, & Weiner’s laptop.  “These Little Ones” coming soon, exclusively to the Stew Peters Network.  I will be updating information as it becomes available so make sure you subscribe, ML God bless those who love him! Please share! 

Stew Peters Network: https://rumble.com/c/StewPeters

Red Voice Media: https://www.redvoicemedia.com/2022/05...


Join me on Brighteon: https://www.brighteon.com/channels/cj...

🔥❤️🔥Please Subscribe to my main channel: CJ BLAZEN: https://www.youtube.com/c/CJBLAZE7

Email: CJBlazewatcher@Gmail.com  
DLive: https://dlive.tv/CJBLAZE?ref=cjblaze777

TriField meter: https://www.trifield.com/product/trif.
..

Music INFO & Links:
Track: No Escape ( Edit ) Crime and Mystery . CO.AG Music
Artist: CO.AG Music
Link: https://www.youtube.com/watch?v=T8j5t...

Source: https://rumble.com/v16dm0a-these-litt...


- Navigating the matrix as A Passionate skywatcher...seeking his face!

""The further a society drifts from the truth, the more it will hate those who speak it.""
-George Orwell

#MarfoogleNews #MarfoogleTV #FoogleFam #Marfoogle",2022-05-30T19:50:31Z,207,https://www.youtube.com/watch?v=g2hXPaKgYCg
fuLZGS5mKMA,"Mike Figueredo/Humanist Report Betrayed By His Own Fans - #PizzaGate Is False, Dumb Conspiracy","Mike Figueredo/Humanist Report Betrayed By His Own Fans - #PizzaGate Is False, Dumb Conspiracy

Mike Figueredo over at Humanist Report had uploaded a video titled: ""No, Hillary Clinton Is Not Running A Child Sex Ring"". This video did extremely poorly in terms of like to dislike ratio, and he got massive backlash and attacks on his video. Many people commented expressing that they actually believed the pizzagate conspiracy that clearly was untrue, and this was proved by the Humanist Report. This is interesting, because clearly it shows that because Mike's videos often criticize hillary clinton, he got many people who hate hillary clinton for no objective reason to just attack his video. Check out Mike's channel!
--
Connect With The Host!

- CHECK OUT MY ARTICLES:
http://progressivearmy.com/2017/01/14/donald-trump-celebrates-martin-luther-king-jr-weekend-attacking-civil-rights-legend-john-lewis/

http://progressivearmy.com/2017/01/14/deception-and-lies-by-trump-that-will-cost-the-american-people/

- SUBSCRIBE TO THE PROGRESSIVE VOICE:                                 https://www.youtube.com/c/theprogressivevoice

- FOLLOW THE PROGRESSIVE VOICE ON TWITTER:
https://twitter.com/progressvoice

- FOLLOW THE PROGRESSIVE VOICE ON SNAPCHAT:
Sahil-TPV

- GO TO THE NEW WEBSITE FOR ALL ACCESS
http://www.progressivevoicenews.com/",2017-02-01T00:00:01Z,1613,https://www.youtube.com/watch?v=fuLZGS5mKMA
qJoxZY7vlqg,"FAKE NEWS Pizzagate 🍕 Podesta, Comey, Clinton, Epstein, and Trump","https://voat.co/v/pizzagate/1497611
►epstein has a private island
►epstein is connected to the Clintons and bill has been on his plane over 20 times
►epstein is a convicted pedophile
►podestas emails contained numerous bizarre references to pizza, in contexts that make little to no sense considering they're high-up politicians
►cheese pizza is a common codeword for child porn
►these same people have references to satanic cults where child sacrifice and child sex acts have been linked to
►on epsteins island there is cult-like statues, including an owl (bohemian grove alex jones video) and a bull/cow that was reportedly ""constantly moved around the island"".
►the clintons have also weird links to child sex traffickers in foreign countries
►the emails talks about price to transport children from haiti, these children still had parents and the person they liased with was a convicted child trafficker
►comet pizza is a pizza place that is linked to the clintons through various people, not directly but there are solid links
►comet pizza is a place where kids play pingpong and eat pizza, except they have some weird ""arty"" parties there as well at night
►videos showed drag queen style parties with some weird mention of fucked up behavior, kids referenced
►some of the bands known for playing at comet pizza has also weird links to child porn in their songs. the imagery is fucked up as well

This investigation was sparked by strange emails leaked from John Podesta's email account, some of which make bizarre references to food. One such email discussed a handkerchief Podesta left behind at a friend's house. The handkerchief was described as having a ""map that seems pizza-related."" Given the common pedophile code phrase ""cheese pizza"", some readers suspected ""pizza-related"" may have been a reference to child sex abuse. The suspected use of ""pizza"" as a codeword led us to investigate a pizza restaurant mentioned in one of Podesta's emails, namely Comet Pizza and Ping Pong, owned by an associate of the Podestas. We have found considerable evidence that Comet is a front for child sex trafficking.

Exhibit A: Evidence Pertaining to Comet Pizza and Ping Pong
As demonstrated in Exhibit D, we have connected owner James Alefantis to accused child trafficker Laura Silsby, who was got off the hook by a fake attorney who was later convicted of sex-trafficking, and who was wanted for sex trafficking in four countries. Alefantis had a statue of Antinous as his Instagram profile picture. Antinous was the boy lover of a Roman Emperor, and is considered a symbol of pederasty. On his ""jimmycomet"" Instagram account, Alefantis posted a baby picture and made a clear pedophile reference. The brother of Jeffrey B. Smith (""werkinonmahnightcheese""), who commented on several of the suspect Instagram photos, referred to a friend as ""my favorite pedo"".

Listed first on Comet's website under ""friends of comet"" is the band Heavy Breathing, which performs at Comet. Heavy Breathing leader ""Majestic Ape"" wears a ski mask and sunglasses, and uses a voice modulator, hiding his or her identity. Majestic Ape joked about pedophile Jared Fogle and said ""we all have our preferences, hee hee hee"". , bringing laughter from the audience. In another video, Majestic Ape talks about killing a baby. Majestic Ape also referenced pedophilia in a caption on a music video. Heavy Breathing's website features art involving both children and sex.

An employee of Comet posted many images portraying pizza in a sexual way., further fueling our suspicion they are using ""pizza"" as it is commonly used by pedophiles: a symbol and codeword for sex with minors. Another example. An admitted pedophile on a dark-web pedophile forum acknowledged a trend of pedophiles using pizza parlors as fronts for child sex trafficking. Convicted sex offender Robert L. Robinson, who raped a 13-year-old girl, had a Flikr account with five pages of ""favorite"" pictures, half of which featured young girls, and the other half of which featured... Comet Pizza and Ping Pong.

#Consipiracy #illuminati #Occult #CometPingPong

General creepiness seems to surround Comet. Alefantis posted a photo of a child taped to a ping pong table. He also posted a photo of a walk-in cooler, to which he commented ""#murder"" and to which Jeffrey B. Smith commented ""#killroom."" Alefantis also posted a picture of Tony Podesta’s sculpture modeled after a Dahmer victim and one of ""spirit-cooking"" queen Marina Abramovic. Comet had a painting of a man playing ping pong, to which graffiti had been added to show him ejaculating on the table and wearing a Satanic upside-down cross. Comet had murals of people with heads cut off, and the artist who painted the murals also painted adults decapitating children.

#Pizzagate #Killroom",2017-05-20T07:50:25Z,7234,https://www.youtube.com/watch?v=qJoxZY7vlqg
tb3QKd4q7Zw,"Superbowl, Pizzagate and the Hampstead Cover Up | @acensionrise |",,2022-04-27T19:52:04Z,352,https://www.youtube.com/watch?v=tb3QKd4q7Zw
70hruQka2gY,Pizzagate &amp; Coca-Cola?,,2017-12-11T13:51:29Z,169,https://www.youtube.com/watch?v=70hruQka2gY
jB-gPwz5ULc,Ra dying GOD : H005,,2020-08-08T19:57:19Z,7,https://www.youtube.com/watch?v=jB-gPwz5ULc
5IlsPDaepI8,Boystown - PizzaGate,"Look into “The Franklin Cover Up” - “Boystown” and Johnny Gosch 


 #illuminati #Cabal #thayer #royal #cherishthayer #cherishnunally #kennedy #BillGates #Clintons #epstein #ChildTrafficking #childrenslivesmatter #aerospace #meatprocessing #Military #education #Americans #uk #Europe #americanhistory #europe #Politics #Government #bulk #Robotics #investment #boystown #franklincoverup #johnnygosch #pizzagate #pizzag8 #fostercare #atrisk",2020-08-11T21:30:02Z,454,https://www.youtube.com/watch?v=5IlsPDaepI8
iOCW7upXyTc,WOMAN ADMITS TO WITNESSING SATANIC PIZZAGATE RITUAL THIS WILL SHOCK YOU,"Subscribe here: Credit: Thanks for watching!

NSFW - Viewer discretion advised. This video details the horrifying experiences of a group of children in Omaha, Nebraska who were caught in web of sexual .



This series of videos are compiled here as a public service to the many thousands of trafficked, abused, and murdered children who continue to suffer and die at .

Thanks for watching! Credit: Subscribe to us: .",2017-08-03T09:56:05Z,53,https://www.youtube.com/watch?v=iOCW7upXyTc
5mXdaRxnGkg,"Who controls the gangstalkers? U.S. Government bodies. Mk Ultra, Op. Mockingbird, Pizzagate 🐇","The proof is in the truth. The paper trail was SLOPPY and APPARENT to certain people. The rest of the public is not aware of a high possibility that your job could actually be a DUMMY CORPORATION or a BUSINESS FRONT for some Masonic Deepstate trafficking behind the scenes. Many so called ""Companies, Businesses, and Corporations"" we either sued, never caught, or is still here are BUSINESS FRONTS/DUMMY CORPORATIONS. If you never knew this, here it is. One ultimate truth of the reality of this ""America"" we live in. It's really a damn stage for a group of ""People"" who I think now are not from this planet. THE SHIT HIT THE FAN. There is no turning back time or play faking this stuff. They have been in court nonestop for committing horrible war crimes against the U.S. CITIZENS, Black or white or mexican or asian, EVEN AS WE SPEAK. The bitch motherfuckers are so afraid of the PUBLIC'S OPINION that they have to settle those ABUSE CASES within a secret FEDERAL SUPREME COURT known as the ""F.I.S.A. COURT."". If you didn't know that before, now you do. IT'S TIME TO WAKE UP, AMERICA. EITHER SINK OR SWIM. This knowledge isn't coming out of the blue. GOD is literally moving mountains and planets for us, this, and the future bloodlines..... Please do not let Revelations spook you from the PRESENT. Your life still matters to him, if no one else cares. Amen. Amen. Amen.",2022-06-04T17:10:09Z,48,https://www.youtube.com/watch?v=5mXdaRxnGkg
NfBCJylvo1s,You Can&#39;t Win Episode 042 - Pizzagate is Real V: Satanism and The Temple of Set ft. Mike and Khalid,"The crew are joined by Mike and Khalid to talk the Temple of Set and the strange world of Satanism. Silly subculture? Evil parties? CIA tomfoolery? What's the deal? And can we join?

 Intro music by auntie004. Outro: Ghost - Majesty.",2019-12-09T10:20:39Z,241,https://www.youtube.com/watch?v=NfBCJylvo1s
rjop-va4V_M,Kurt Cobain video filtrado de pizzaGate,Kurt Cobain video filtrado de pizzaGate,2020-06-01T20:53:54Z,172,https://www.youtube.com/watch?v=rjop-va4V_M
9OrzGryYxGA,#Pizzagate An Addendum,"Just a few left out thoughts.

Pizzagate - An Addendum LINKS: TWITTER - @ECHOSCAPE TWITTER2 - @JAMIESTARRMUSIC XBOX - JAMIESTARRMUSIC TWITCH - JAMIESTARRMUSIC STEEMIT - JAMIE STEEMIT.

Addendum to the first video: PIZZA GATE vesves TMNT Connection Exposed #PizzaGate LINKS . Pizzagate - An Addendum LINKS: TWITTER - @ECHOSCAPE TWITTER2 - @JAMIESTARRMUSIC XBOX - JAMIESTARRMUSIC.

Addendum to the first video: PIZZA GATE vesves TMNT Connection Exposed #PizzaGate LINKS",2018-03-07T13:39:41Z,11,https://www.youtube.com/watch?v=9OrzGryYxGA
ktBbszmtGOo,About John Podesta and #Pizzagate,"My point on John Podesta and Pizzagate.

VIDEO (with voice and picture analisys): https://www.youtube.com/watch?v=A98J_OeCmpQ

WIKILEAKS JOHN PODESTA'S CREEPY EMAILS:

https://wikileaks.org/podesta-emails/emailid/19018
https://wikileaks.org/podesta-emails/emailid/30613
https://wikileaks.org/podesta-emails/emailid/32795

Please like, comment and subscribe!!!

Follow me:
GAB: gab.ai/HangoverPolitics
MINDS: minds.com/HangoverPolitics

DOWNLOAD BRAVE BROWSER NOW!!!!: https://brave.com/han070",2018-10-22T13:40:29Z,271,https://www.youtube.com/watch?v=ktBbszmtGOo
2OrX0U4qwTM,PizzaGate Debunked,All it takes is a Google search to reveal that PizzaGate is anywhere from unlikely to outright false.,2016-11-26T21:45:31Z,71363,https://www.youtube.com/watch?v=2OrX0U4qwTM
gelWOrbrx_Q,Nancy Schaefer Senator KILLED After Exposing CPS Child Protective Services Pizzagate Pedophilia,"Do you think higher ups at CPS at a hand in it?

Nancy Schaefer was a senator from Georgia who went against the CPS really hard after discovering that it is a child-grabbing, pedophilia and child abuse ring.

They literally profit off of destroying families and taking children away from parents. This institution needs to be done away with.

They put children in terrible homes. They cause parental suicide. It's all part of the agenda to destroy the family unit and bring in the one world government, and Mrs. Nancy Schaefer knew all about it!

RIP #NancySchaefer",2017-04-26T00:50:54Z,3855,https://www.youtube.com/watch?v=gelWOrbrx_Q
xYasBZaEZOM,🍕#PIZZAGATE EXPOSED! Tarot Reading 🍕,"Book A Tarot Reading With Me Here :) 
On my Etsy : https://www.etsy.com/sg-en/listing/782111811/same-day-3-card-moon-child-tarot-reading?ref=shop_home_feat_3

💕 Hello everyone ! Today’s Reading is just for fun and entertainment! curious about Pizza Gate so I decided why not do a reading and see whats up right ahah! !!! ! 😆🥰 💕

Let me know what you think and I hope it helps you 🥰 💗

Let’s connect 🤛🏻

Instagram : Yourthepower

Twitter : Hanisahbrilman",2020-06-16T14:45:13Z,3421,https://www.youtube.com/watch?v=xYasBZaEZOM
6f_n_BKKpq8,THEBOOHOOEFFECT CREATES AGENT19 CIA STRAWMAN BUT SUPPORTS CALIBERHITTER CIA DEATH FAKER DISINFO,"THEBOOHOOEFFECT CREATES AGENT19 CIA STRAWMAN BUT SUPPORTS CALIBERHITTER CIA DEATH FAKER DISINFO.
DON’T BE UPSET ;)
THIS IS COMEDY. THIS IS MY ART.
#caliberhitting #HansGru77387331 #0ctoberReignz

TROLLOP RULLEZ VIDEOS ARE NOW ARCHIVED FOR ETERNITY AT:

https://archive.org/details/@trollop_rullez",2021-07-20T17:29:09Z,133,https://www.youtube.com/watch?v=6f_n_BKKpq8
tHF2xE8OdRA,Pizzagate Update 12/8/2016,"Keep pushing the pizzagate scandal to the forefront of peoples attention. The mainstream mockingbird media is frantically trying to bury this story because they are trying to protect the guilty. The investigation into pedophilia within governments has been ongoing for decades; I think that it is likely to continue for a few more decades unless enough people become motivated to keep this issue at the forefront of what is being reported.
https://en.wikipedia.org/wiki/Westminster_paedophile_dossier
Help support this channel:

Amazon: https://www.amazon.com/dp/B01LX4PXVV

Ebay store: http://www.ebay.com/usr/neuropath11",2016-12-08T16:21:07Z,90,https://www.youtube.com/watch?v=tHF2xE8OdRA
73uRSEPdFyA,Ketanji Brown Jackson Was The Judge In The Pizzagate Shooting,"Website: https://saltmustflow.com

OTHER PLATFORMS:
Odysee: https://odysee.com/@SaltyCracker:a
Bitchute: https://www.bitchute.com/channel/thesaltycracker/
Rumble: https://rumble.com/c/SaltyCracker
Banned.video: https://www.banned.video/channel/salty-cracker
Locals: https://saltycracker.locals.com/
Gab: https://gab.com/TheSaltyCracker
Twitter:  https://twitter.com/SaltyCracker9
Dlive: https://dlive.tv/TheSaltyCracker
Pilled.net/Foxhole: https://pilled.net/#/profile/135344

SUPPORT SALTY:
SubscribeStar: https://www.subscribestar.com/salty-cracker
Cash App: https://cash.app/$saltmustflow
Merchandise: https://saltmustflow.com/shop/
PayPal:  https://tinyurl.com/ycmmuc9z

Mrs. Salty's Channel: https://www.youtube.com/channel/UChnZMOno3rthe1LHvcxufdw

Music by:
https://incompetech.com/
Crinoline Dreams
In Your Arms

--Disclaimer--
These are the opinions and ramblings of a foul-mouthed lunatic. They are for entertainment purposes only and are probably wrong. You listen at your own risk.",2022-03-26T13:00:03Z,211786,https://www.youtube.com/watch?v=73uRSEPdFyA
oSXcwSNxc8w,ZOOTOPIA IS PIZZAGATE (100% REAL) (#DISNEYLEAKS),"Check me out on steemit -  steemit.com/@jacobcards
twitter.com/cardarellikid",2016-12-09T17:43:20Z,3589,https://www.youtube.com/watch?v=oSXcwSNxc8w
F90mc_a58rY,Alex Jones Apologizes for Spreading Fake News (Pizzagate),"Donate: https://www.patreon.com/reichwingwatch

Conspiracy theorist and Donald Trump enthusiast Alex Jones apologized for spreading the ""Pizzagate"" fake news story yesterday on the same day a 28-year-old man named Edgar Maddison Welch pleaded guilty to charges related to a December incident when he brought an AR-15 rifle and other weapons into Comet Ping Pong Pizza and fired shots inside. The apology seems to be a preemptive move to avoid a possible lawsuit. Despite his apology, it appears the monster Alex has created is now beyond his control.",2017-03-27T00:48:34Z,44098,https://www.youtube.com/watch?v=F90mc_a58rY
llkwtOYXU9k,Est-ce que le voile se lève sur l’affaire « Pizzagate » ?,"Le journaliste américain de CBS Ben Swann a fait un reportage télévisé sur le réseau pédophile américain connu sous le terme de « l’affaire Pizzagate ». Selon Swann, on soupçonne des personnes de haut rang d’être impliquées dans un réseau pédophile à Washington.

Sources / Liens : 

http://www.epochtimes.de/politik/welt/trumps-machtkampf-um-paedogate-betrifft-die-welt-us-regierungsinsider-packt-aus-a2051762.html

https://www.youtube.com/watch?v=HmxE8EdJy9o

""Pizzagate"" : pourquoi aucune enquête n’a-t-elle été ouverte ?
https://www.youtube.com/watch?v=925wWX66hyo

#Pizzagate ~ Le Documentaire (Synthèse)
https://www.youtube.com/watch?v=rShIGLhp25E

Voir ici : https://meta.tv/voile-se-leve-laffaire-pizzagate/

.",2018-01-12T22:57:32Z,1270,https://www.youtube.com/watch?v=llkwtOYXU9k
epbu3RgOx4Q,WHAT IS PIZZAGATE? Why does it matter?,"In a rare solo episode Tom spends almost a full hour talking about the history of Pizzagate and the media's reaction, and how it might have spurred the new ""fake news"" craze.",2016-12-09T23:01:29Z,128,https://www.youtube.com/watch?v=epbu3RgOx4Q
7-2AEIL3aIE,Ron DeSantis - He&#39;s Part Of The Ole Boys Club,"If you appreciate this content and would like to help keep me going, please consider donating to my cause. This has been a fulltime job with part-time pay. Every little bit helps. Thank you! Invest in SMHP / Independent Media.
https://shakingmyheadproductions.com/support-shaking-my-head-productions 

Thank you everyone who has supported my work over the last several years. 
*** Remember to bookmark my website: https://shakingmyheadproductions.com

For the mystery of iniquity doth already work: only he who now letteth will let, until he be taken out of the way. And then shall that Wicked be revealed, whom the Lord shall consume with the spirit of his mouth, and shall destroy with the brightness of his coming: Even him, whose coming is after the working of Satan with all power and signs and lying wonders, And with all deceivableness of unrighteousness in them that perish; because they received not the love of the truth, that they might be saved. 

And for this cause God shall send them strong delusion, that they should believe a lie: That they all might be damned who believed not the truth, but had pleasure in unrighteousness. 2 Thessalonians 2:7-12 

You can find all of my videos from my old channel and this channel at these to links:
https://odysee.com/@shakingmyheadproductions:2 (Original)
https://odysee.com/@ShakingMyHead2:8 (Old Backup)

I am posting new content here al the time:
https://www.bitchute.com/channel/shakingmyhead/ - Bitchute
https://rumble.com/user/shakingmyheadproductions - Rumble
.............................
https://www.facebook.com/smh.prod.52 - Facebook
https://twitter.com/shakingmyheadpr - Twitter

*SMHP may not agree with everything from the content producers I share. Apply critical thinking and use discernment to come to your own conclusions regarding the content in the videos / links.
...............................................
True Lies – Mass Media Mind Control - https://shakingmyheadproductions.com/true-lies-mass-media-mind-control
.........................
N68 Transhumanism - https://www.nicholson1968.com/
...............................................
I am a one man operation that has been trying to bring you the truth since 2016. I would like to say thanks to all the watchmen out there that have been sounding the alarm over the last several years. This is not an easy job. I have been constantly trying to find and share the truth 7/365 since June of 2017. I held a corporate job before this and am glad I gave it up as your appreciation for the truth means everything to me. I love you all friends. I get worn down but thanks to my supportive subs and viewers, I march on just like the rest. Time is short. Yeshua Jesus Saves! Follow Him

Please do your own research and do not take anything here as final say. Thanks again for all of your support as we continue to help each other connect the dots. Love you all! Stay blessed my friends.

Ephesians 6:10-13K (KJV)
Finally, my brethren, be strong in the Lord, and in the power of his might. Put on the whole armor of God, that ye may be able to stand against the wiles of the devil. For we wrestle not against flesh and blood, but against principalities, against powers, against the rulers of the darkness of this world, against spiritual wickedness in high places. Wherefore take unto you the whole armor of God, that ye may be able to withstand in the evil day, and having done all, to stand.",2021-09-12T13:30:43Z,16474,https://www.youtube.com/watch?v=7-2AEIL3aIE
PdKImTOezvs,The Hollywood Industry Trafficking Children Pizzagate Exposed,"#honestnewsnetworkbackupchannel

Subscribe to our backup Channel
https://www.youtube.com/channel/UClhdPXColYxNVIlJ0YjHjGQ

Welcome to Honest News Network, a Bible based broadcast Ministry, reconciling the World unto Christ, one soul at a time. Brother Skinner is an Ambassador for Christ,  called by God not by man and given the ministry of reconciliation in these last days. Anointed and sent for the purpose of the gathering together and equipping of the Saints. Brother Skinner's love for the Truth is clearly demonstrated by his passion in his service to God and His Son Jesus Christ our Lord. Lifting his voice like a trumpet and sounding the alarm in hopes of awakening those that have fallen asleep.

Thank you for your interest supporting a worthy cause

* choose friends and family when sending support via Paypal.

One Time support  - Please copy and paste url below into your browser.

copy and paste the following.

paypal.me/overcomingthedragon

Monthly support  

bit.ly/honestnews

Our website: 

honestnewsnetwork.com

Honest News Network
PO Box 1086
FARMINGTON, MI 48332

THANK YOU AND GOD BLESS YOU FOR YOUR LOVE AND SUPPORT OF HNN",2016-10-09T18:05:30Z,6322,https://www.youtube.com/watch?v=PdKImTOezvs
yTKTOvg6nc4,RWW News: Liz Crokin Says Trump&#39;s Tweet Was Confirmation That Pizzagate Is Real,"http://www.rightwingwatch.org/post/liz-crokin-says-trumps-tweet-was-a-nod-to-me-and-confirmation-that-pizzagate-is-real/

Right Wing Watch reports on the extreme rhetoric and activities of key right-wing figures and organizations by showing their views in their own words. In this clip,  Liz Crokin says that President Trump's tweet of a link to a conspiracy theory website was a nod to her and confirmation that the Pizzagate conspiracy theory is real.",2017-11-27T15:36:38Z,5603,https://www.youtube.com/watch?v=yTKTOvg6nc4
Ww1yA4a6Sgk,PIZZAGATE,NEW HIT SINGLE! NEW ALBUM COMING SOON,2018-03-16T14:58:19Z,68,https://www.youtube.com/watch?v=Ww1yA4a6Sgk
CJBCKMBQ6ps,Hillary Clinton Emails  Pizzagate,,2020-06-07T01:20:57Z,934,https://www.youtube.com/watch?v=CJBCKMBQ6ps
rract7SRTFA,Human Trafficking Pizzagate 2021,,2021-10-07T19:19:22Z,129,https://www.youtube.com/watch?v=rract7SRTFA
GU93pdXY_HA,THE BEGINNING OF PIZZAGATE DOCUMENTARY FOUND ON THE DARK WEB,"BLOGGER MANS BREAKING NEWS.
THE BEGINNING OF PIZZAGATE DOCUMENTARY FOUND ON THE DARK WEB",2017-03-28T20:55:24Z,1161,https://www.youtube.com/watch?v=GU93pdXY_HA
FZpmS5ox0bw,RWW News: Liberty University Professor Says Pizzagate &#39;Is Worthy Of FBI Investigation&#39;,"http://www.rightwingwatch.org/post/liberty-university-professor-judith-reisman-says-pizzagate-is-worthy-of-fbi-investigation/

Right Wing Watch reports on the extreme rhetoric and activities of key right-wing figures and organizations by showing their views in their own words. In this clip, Liberty University professor Judith Reisman says that there is a lot to suggest that Pizzagate is ""true and factual"" and that the claims are ""worthy of FBI investigation.""",2018-04-30T15:48:01Z,2299,https://www.youtube.com/watch?v=FZpmS5ox0bw
7DKqP1F5cVk,Alex Jones: &quot;Pizzagate is real&quot;,A supercut of the times Alex Jones said Pizzagate (regarding Comet Ping Pong) was real.,2017-03-24T19:17:24Z,49820,https://www.youtube.com/watch?v=7DKqP1F5cVk
ZnXt-JiDwYg,Mr Beast is with 🍕 Pizzagate (exposed),,2021-01-27T01:51:54Z,1567,https://www.youtube.com/watch?v=ZnXt-JiDwYg
Sinfo0j1VY8,"Body Language Analysis, MKUltra in Action on Alex Jones PizzaGate Apology","Body Language Analysis; Alex Jones under extreme stress in his PizzaGate Apology video.  Alex looks like he wants to throw up during this Apology. His Lawyer made him do this and he is not very Happy about it.  When the Washington DC Lawyers say they will take your Bank account, you do as your told. Is there a Dual Citizen MKUltra Handler Around ?",2017-03-25T02:42:35Z,46830,https://www.youtube.com/watch?v=Sinfo0j1VY8
29FQt7h22yI,Sol Invictus - Wide Is The Gate That Leads To Destruction Reloaded,"SMHP is viewer funded. ** If you appreciate this content and would like to help keep me going, please consider investing in this message. Every little bit helps. Thank you to my wonderful supporters! You keep me going when I get worn down. Invest in SMHP / Independent Media. https://shakingmyheadproductions.com/support-shaking-my-head-productions

*SMHP may not agree with everything from the content producers I share. Apply critical thinking and use discernment to come to your own conclusions regarding the content in the videos / links.
............................
For the mystery of iniquity doth already work: only he who now letteth will let, until he be taken out of the way. And then shall that Wicked be revealed, whom the Lord shall consume with the spirit of his mouth, and shall destroy with the brightness of his coming: Even him, whose coming is after the working of Satan with all power and signs and lying wonders, And with all deceivableness of unrighteousness in them that perish; because they received not the love of the truth, that they might be saved. 

And for this cause God shall send them strong delusion, that they should believe a lie: That they all might be damned who believed not the truth, but had pleasure in unrighteousness. 2 Thessalonians 2:7-12 
...............................
More Recommended Content: 
https://shakingmyheadproductions.com/the-dollar-bill-decoded
https://shakingmyheadproductions.com/want-to-know-their-secret-just-read-between-the-lies
https://shakingmyheadproductions.com/the-noahide-one-world-order
...............................
I am a one man operation that has been trying to bring you the truth since 2016. I would like to say thanks to all the watchmen out there that have been sounding the alarm over the last several years. This is not an easy job. I have been constantly trying to find and share the truth 7/365 since June of 2017. I held a corporate job before this and am glad I gave it up as your appreciation for the truth means everything to me. I love you all friends. I get worn down but thanks to my supportive subs and viewers, I march on just like the rest. Time is short. Yeshua Jesus Saves! Follow Him

You can find all of my videos from my old channel and this channel at these to links:
https://odysee.com/@shakingmyheadproductions:2 (Original)
https://odysee.com/@ShakingMyHead2:8 (Old Backup)

I am posting new content here al the time:
https://www.bitchute.com/channel/shakingmyhead/ - Bitchute
https://rumble.com/user/shakingmyheadproductions - Rumble
.............................
https://www.facebook.com/smh.prod.52 - Facebook
https://twitter.com/shakingmyheadpr - Twitter

Please do your own research and do not take anything here as final say. Thanks again for all of your support as we continue to help each other connect the dots. Love you all! Stay blessed my friends.

Ephesians 6:10-13K (KJV)
Finally, my brethren, be strong in the Lord, and in the power of his might. Put on the whole armor of God, that ye may be able to stand against the wiles of the devil. For we wrestle not against flesh and blood, but against principalities, against powers, against the rulers of the darkness of this world, against spiritual wickedness in high places. Wherefore take unto you the whole armor of God, that ye may be able to withstand in the evil day, and having done all, to stand.",2022-05-02T11:40:26Z,10279,https://www.youtube.com/watch?v=29FQt7h22yI
6PLfyvhbXwE,Pizzagate’s Killer Klown: John Wayne Gacy described stabbing in 1969,New digital audio evidence that shows notorious serial killer John Wayne Gacy described a stabbing murder on-camera three years before the official narrative states that his first murder took place. The new audio comes from a study of the soundtrack from a 1969 Anamosa State Penitentiary interview with the inmate when he served there as first cook. A Chicago WGN TV 2016 report tied the convicted killer with a Pizzagate-like national child pornography and human trafficking ring linked by investigators to State Department personnel. Read the full article on NewsInsideOut.com: https://newsinsideout.com/2017/01/pizzagates-killer-klown-john-wayne-gacy-described-stabbing-dismemberment-possible-location-missing-victim-1969/,2017-01-24T00:19:31Z,1078,https://www.youtube.com/watch?v=6PLfyvhbXwE
0xggGnp2i9g,PizzaGate: Fact Or Conspiracy?!,"In this video we discuss the alleged PizzaGate.

Here is the NYPD video if you want to listen to it:
https://youtu.be/VD-O3Y67xXc




Please leave any feedback or improvements we could do to our channel or the videos in general :) 

Thank you for watching.
———————————————————————————————
Is it all a Mystery?

———————————————————————————————
Like, Subscribe and share with your friends.
——————————————————————————————",2020-08-17T19:50:00Z,158,https://www.youtube.com/watch?v=0xggGnp2i9g
QqWFDAfCJIM,Pizzagate is FAKE???,https://youtu.be/YXApkzwKIh8,2021-08-03T12:54:45Z,624,https://www.youtube.com/watch?v=QqWFDAfCJIM
tL8S1erKLjI,Down The #Pizzagate Rabbit Hole   Warning! Soul Sucking Info,"There is a real responsibility to cover news accurately. People have been saying, Alex why arent you covering this, why are you covering it up? etc. Drudge covered our Spirit cooking stories, we were some of the first outlets to cover this. AJ just asked what is this, are they really involved in these pedo rings? We shouldn’t half ass this and not get it right so the real people involved don’t get caught. AJ instinctively shy’s away from this stuff, but has a responsibility to cover it. They go to these places with satanic art everywhere, they do stuff he can’t even say on air. AJ remembered the Jimmy Savile scandal before the show started. This links to the Sandusky scandal. Is everyone involved, NO, but we have to hold the ones that are to the fire. 
http://www.infowars.com/reddit-bans-p...
http://www.infowars.com/what-is-pizza...
http://www.infowars.com/pizzagate-is-...
Help us spread the word about the liberty movement, we're reaching millions help us reach millions more. Share the free live video feed link with your friends & family: http://www.infowars.com/show

Follow Alex on TWITTER - https://twitter.com/RealAlexJones
Like Alex on FACEBOOK - https://www.facebook.com/AlexanderEme...
Infowars on G+ - https://plus.google.com/+infowars/

:Web:
http://www.infowars.com/
http://www.prisonplanet.com/
http://www.infowars.net/

:Subscribe and share your login with 20 friends:
http://www.prisonplanet.tv 
http://www.InfowarsNews.com


Visit http://www.InfowarsLife.com to get the products Alex Jones and his family trust, while supporting the growth of our expanding media operation.

[http://bit.ly/2dhnhbS] Biome Defense™
[http://bit.ly/2bnEj91] Bio-True Selenium™
[http://bit.ly/1WYw8jp] Vitamin Mineral Fusion™
[http://bit.ly/1QYBNBv] Joint Formula™
[http://bit.ly/1nNuR3r] Anthroplex™
[http://bit.ly/1ljfWfJ] Living Defense™
[http://bit.ly/1Iobcj2] Deep Cleanse™
[http://bit.ly/1DsyQ6i] Knockout™
[http://bit.ly/1Kr1yfz] Brain Force™
[http://bit.ly/1R5gsqk] Liver Shield™
[http://bit.ly/1cOwQix] ProstaGuard™
[http://bit.ly/1mnchEz3] Child Ease™
[http://bit.ly/1xs9F6t] WinterSunD3™
[http://bit.ly/1L3gDSO] Ancient Defense™
[http://bit.ly/1EHbA6E] Secret-12™
[http://bit.ly/1txsOge] Oxy Powder™
[http://bit.ly/1s6cphV] Occu Power™
[http://bit.ly/1rGOLsG] DNA Force™ 
[http://bit.ly/1nIngBb] X2 Survival Shield™
[http://bit.ly/1kaXxKL] Super Female Vitality™
[http://bit.ly/1mhAKCO] Lung Cleanse™
[http://bit.ly/1mGbikx] Silver-Bullet - Colloidal Silver™
[http://bit.ly/1xcoUfo] Super Male Vitality™ 
[http://bit.ly/1z5BCP9] Survival Shield - Nascent Iodine™ 
[http://bit.ly/1o4sQtc] Patriot Blend 100% Organic Coffee™ 
[http://bit.ly/1iVL6HB] Immune Support 100% Organic Coffee™ 

All available at - http://www.infowarsshop.com/

INFOWARS HEALTH - START GETTING HEALTHY BEFORE IT'S TOO LATE - http://www.infowarshealth.com/

Newsletter Sign up / Infowars Underground Insider : http://www.infowars.com/newsletter",2016-11-29T02:43:08Z,1237,https://www.youtube.com/watch?v=tL8S1erKLjI
C49EF3WfUzY,Pizzagate Survivor,,2018-06-22T19:02:57Z,276,https://www.youtube.com/watch?v=C49EF3WfUzY
qCD2-B4li6A,WHAT IS PIZZAGATE EXPOSED!,"Hit Like Or Subscribe
Share on Gab.Ai the new twitter alternative FB or your chosen platform,

Featured Speaker OH HALE YEAH!
https://www.youtube.com/channel/UCIdNtWgTZXoiwhV6QhuAm8g

Misadventures of Redemption
https://www.youtube.com/channel/UCa0cs6gqIntrEJYMy2lDyhg

Please support and sub our colab channels!!",2016-12-03T09:54:11Z,895,https://www.youtube.com/watch?v=qCD2-B4li6A
JUV5DCFs_sU,Tom Hanks Pizzagate discussion with Patton Oswald and Twitter CEO Jack Dorsey.,"Tom Hanks gives his detailed thoughts on humanity and pizzagate, with complexity, nuance and elements of soft disclosure.
Tom Hanks: ""A personal individual bent, that is different as there are people in the world...Do you look to all this for enlightenment, to help you understand things you do not understand, or do you look for it as confirmation of that which you already believe and accept as to be true? 

Because I, you know like there was that despicable aspect of Pizzagate, you know, the pizza parlor in suburban Washington, and I am sure that there were tweets that came out that said, ""this is nonsense, this guy is selling pizzas"".

Patton Oswald, ""Yeah"".

Tom Hanks: ""But I don't recall any of those being brought to the forefront, or nearly as nearly prompting of action as were the absolute false ones that went out. This is...it comes down to we are goofy, imperfect, ungovernable species, uh, we are unpredictable, and we seem to ah, ah, (clears throat) 

We are attracted to various different sort of flames, like moths. Is that flame something that enlightens the cave, or is it a flame that burns the house down? And uh, in that case, it's just, it's as individual as our own DNA and our own fingerprints. How you take to the entire great, the great technological world, is really bent on what our own motivations are.",2020-03-26T13:47:42Z,10964,https://www.youtube.com/watch?v=JUV5DCFs_sU
2EHcFx0AlZo,Is Mellow Mushroom the next PizzaGate?,Join me as I discuss the pizza chain Mellow Mushroom and its occult artwork as well as its Alice in Wonderland theme. Possible Pizza Gate similarities??,2018-09-13T02:24:00Z,3184,https://www.youtube.com/watch?v=2EHcFx0AlZo
CdBe5fL_GSE,"Pizzagate ► Podesta Under Federal Investigation, Officials Confirm","World News Today, Pizzagate ► Podesta Under Federal Investigation, Officials Confirm, Latest News Headlines USA - Subscribe for daily News Alerts!

---

There is no copyright infringement intended for the video and/or material used in this video. If you have an issue with posting this, please contact us at ""wikiwhistle1@gmail.com"" and we can sort it out. COPYRIGHT RELATED ISSUES ONLY PLEASE.
'Copyright Disclaimer Under Section 107 of the Copyright Act 1976, allowance is made for 'fair use' for purposes such as criticism, comment, news reporting, teaching, scholarship, and research. Fair use is a use permitted by copyright statute that might otherwise be infringing. Non-profit, educational or personal use tips the balance in favor of fair use'
Videos can use content-based copyright law contains reasonable use Fair Use 

---

• Free Energy - https://youtu.be/Ymbz1t_PQXo
(Limited Offer)

• Free Strike Pen for everyone - https://youtu.be/29F2zguvIAQ (Limited Offer)

• Free Rescue Card for everyone - https://youtu.be/3BLNNSCutAo
(Limited Offer)

• Free RFID Blocker Card for everyone - https://youtu.be/qp17Gkz_YFQ
(Limited Offer)

---
☼ Wikipress - https://bit.ly/2JG7G6x
☼ Tumblr - http://bit.ly/2GLwfy7
☼ Pinterest - http://bit.ly/2puuZHt
☼ Facebook - http://bit.ly/2u6ngAU 

---

Donate & Support:

☼ https://paypal.me/wikitube
☼ Bitcoin - 1eeGfXfsc4d45AFv69mXURsuGwvheD8Xv

(50% of all Donations goes to Charity)",2018-08-09T06:00:00Z,242,https://www.youtube.com/watch?v=CdBe5fL_GSE
QevQ5GzJysE,ANONYMOUS REVELA BILL GATES CREADOR DE LA PANDEMIA Y JOHN PODESTA PIZZAGATE (VIDEOS FUERTES),#ANONYMOUS #PANDEMIA #BILLGATES,2020-06-04T16:57:04Z,251,https://www.youtube.com/watch?v=QevQ5GzJysE
VSa3UJNG9no,PIZZAGATE,"do you want to watch it in English?

Leave your Comment",2020-06-10T02:33:57Z,195,https://www.youtube.com/watch?v=VSa3UJNG9no
eaCdYOjAyAo,Code&#39;s von Pädophilen   Beweis Darknet   Pizzagate deutsch,"So lange wie dieser Skandal nicht allen bewusst wird, hilft kein politisches Gerede, gegen die Grube die wir uns selbst graben. Diese pädo-satanische Elite hat es nie gut mit uns gemeint und wird dies auch nie tun.",2018-10-26T10:43:15Z,4171,https://www.youtube.com/watch?v=eaCdYOjAyAo
gA33ZmYanIo,Jeffery Cleveland Facebook Page 🍕just a dude wearing a PizzaGate costume Possibly NOT JeffC,No comment please ask @ReallyDistasteful how she located an unknown dead person who was not wanting to be located even though JeffC was apparently  dead     💀 sounds like Voodooo-Youtube 👶🏿,2021-01-08T21:20:01Z,1235,https://www.youtube.com/watch?v=gA33ZmYanIo
TSNR2v8BMbE,John Podesta is Chester Bennington&#39;s Father !! Pizzagate Secrets Revealed !!,,2017-07-24T22:00:02Z,2174,https://www.youtube.com/watch?v=TSNR2v8BMbE
qWOGo3_LvwU,#PizzaGate shooter Edgar Maddison Welch has an IMDB page (Vehicle Log 3/23/17),"FBI’S RUSSIA PROBE EXPANDS TO INCLUDE ‘PIZZAGATE’ THREATS
http://www.newsweek.com/pizzagate-trump-russia-clinton-podesta-comet-ping-pong-pedophiles-david-seaman-572578

Edgar Madison Welch IMDB
http://m.imdb.com/name/nm2625901/?ref=m_nv_sr_1",2017-03-24T03:13:01Z,554,https://www.youtube.com/watch?v=qWOGo3_LvwU
0Tj7p8CKfbc,Phone interview with Trump on CNN about Anthony Weiner and Pizzagate from 2011 !!,,2021-02-11T20:31:55Z,99,https://www.youtube.com/watch?v=0Tj7p8CKfbc
pThsrUAEQlY,BREAKING - PIZZAGATE Investigation May Indicate RARE Eye Anomaly In Children Linked To Soros -,This story comes from someone who is investigating PizzaGate on Voat.Co. These folks are doing amazing work and should be applauded. Before I present,2017-03-03T08:28:52Z,7788,https://www.youtube.com/watch?v=pThsrUAEQlY
5cnT5amf6Ys,Jim Fetzer with Detective Jim Rothstein on pizzagate and more,"Jim Fetzer and Jim Rothstien discuss prostitution and pedophilia.
Special thanks to:
http://jamesfetzer.blogspot.rs/
https://www.youtube.com/channel/UCIW5DeKgovBhl8D_pscqpHQ
Gary King

Disclaimer:

seyE ruoY nepO does not take any credit or profit for making ( posting ) of this video. 
seyE ruoY nepO channel is here to provide backup for the truth and freedom of information because in todays world these things are rare and precious.
If the video in question ( documentary or film ) posted on  seyE ruoY nepO is in conflict with copyrights of the maker and owner of the video ( documentary or film ) please contact via email: crni8186@gmail.com 

Thank you for reading,
God bless freedom.",2016-12-24T18:08:19Z,42939,https://www.youtube.com/watch?v=5cnT5amf6Ys
N98VWRrFteo,Wikileaks Pizzagate Leak Conspiracy Theory,,2017-03-05T09:18:00Z,78,https://www.youtube.com/watch?v=N98VWRrFteo
BKaRU4DxaIY,pizzagate,Video sobre: pizzagate,2020-07-21T06:07:29Z,180,https://www.youtube.com/watch?v=BKaRU4DxaIY
DhuMo2M_AnA,Pizzagate&#39;s theory,,2022-03-13T15:57:29Z,19,https://www.youtube.com/watch?v=DhuMo2M_AnA
N_yIeBGto4s,Y4.12 - PizzaGate...? &amp; Real Election Numbers - 12.01.16,"Source:
https://www.spreaker.com/user/6767083/y4-12-pizzagate-real-election-numbers-12",2016-12-02T03:13:05Z,19,https://www.youtube.com/watch?v=N_yIeBGto4s
tQe2_DPHRIs,Credible Threats Against Pizzagate Youtuber,"Source:
https://www.spreaker.com/user/oppermanreport/credible-threats-against-pizzagate-youtu",2020-07-09T01:32:50Z,1942,https://www.youtube.com/watch?v=tQe2_DPHRIs
RLHDv6J5XPk,Pizzagate/QAnon Human Trafficking Hoax Clip,During my interview with ex- Senior Trial Attorney for U.S. Department of Justice Luz Lopez we discussed how the suffering of others is exploited by conspiracy theorists to push their narrative.,2021-04-07T23:35:48Z,140,https://www.youtube.com/watch?v=RLHDv6J5XPk
h38em8g48K0,Pizzagate&#39;s theory,,2022-03-13T15:32:24Z,10,https://www.youtube.com/watch?v=h38em8g48K0
KO4Wq8VoQkQ,Are the Podestas Guilty of Kidnapping Madeleine McCann? | Pizzagate,"In this video I will be evaluating a theory circulating around the internet alleging the Podesta brothers are possibly involved in Madeleine McCann's disappearance
- LINKS -

The Smith family saw a man carrying a young child through the town of Praia da Luz on the night of Madeleine McCann's disappearance. On this website are their statements.

http://www.mccannpjfiles.co.uk/PJ/MARTIN_SMITH.htm

Although the man spotted by the Smiths was the prime suspect for a while, the very vague description led investigators to various dead ends. In 2013, two e-fits were depicting the suspect were released, though they were produced only a year after the smith sighting by private investigators. The reason for this is thought to be that the efits bear a likeness to Gerry McCann.

http://www.anorak.co.uk/372377/madeleine-mccann/madeleine-mccann-the-private-detectives-secret-e-fits.html/

http://www.dailymail.co.uk/news/article-2478087/Why-Madeleine-McCann-suspect-E-fits-kept-secret-5-years.html

As a result of the release of these e-fits, investigators have recieved several calls with possible new information, but no main new leads. 

https://www.theguardian.com/uk-news/2013/oct/15/madeleine-mccann-same-name-efit-appeal-crimewatch

A website by the name of victuruslibertas has made bold claims about the Podesta brothers.

http://victuruslibertas.com/2016/11/do-john-and-tony-podesta-have-a-connection-with-missing-child-madeleine-mccann/

[relevant Wikileaks emails

https://wikileaks.org/podesta-emails/emailid/17053
https://wikileaks.org/podesta-emails/emailid/54036
https://wikileaks.org/podesta-emails/emailid/37803 ]

Upon researching this, I ran into a video by MAXLIBERTY in which he emails Suffolk police regarding these claims, and this was their response:

https://youtu.be/r6TX1RSFGIU

Potential alibi for John Podesta on May 2, 2007, a day before Madeleine's disappearance. 
https://www.flickr.com/photos/americanprogress/542419694/
https://www.flickr.com/photos/americanprogress/542529253
https://www.flickr.com/photos/americanprogress/542528805

#Podesta #pizzagate #MadeleineMcCann",2017-01-01T00:30:45Z,52346,https://www.youtube.com/watch?v=KO4Wq8VoQkQ
NFa6LYi1fOI,SIGN PETITION CHILD ABUSE NOT #FAKENEWS NOT #PIZZAGATE #REAL HISTORY PEDOPHILES #KINNSEY !,"CHILD ABUSE NOT #FAKENEWS NOT #PIZZAGATE #REAL HISTORY PEDOPHILES #THE KINNSEY SYNDROME! 

FEATURE DOCUMENATRY
http://personpointreality.com/war-on-children-cse-comprehensive-sexual-education-child-sexual-abuse/

http://personpointreality.com/agenda-grinding-america-down/

https://youtu.be/NFa6LYi1fOI

When Idaho Legislator Curtis Bowers wrote a “letter to the editor” about the drastic changes in America’s culture, it became the feature story on the evening news, people protested at the Capitol, and for weeks the local newspapers were filled with responses. He realized then… he’d hit on something. Ask almost anyone and you’ll hear, “Communism is dead! The Berlin Wall came down.” Thought the word communism isn’t used anymore, this film will show the ideas behind it are alive and well. Join Bowers for a fascinating look at the people and groups that have successfully targeted America’s morality and freedom in their effort to grind America down. It’s a well documented AGENDA, and PUBLISHED BY THE CRIMINALS AND THEIR SUPPORTERS FOR ALL WHO CARE TO BOTHER TO READ!

http://person.pointreality.com


CHILD ABUSE NOT #FAKENEWS NOT #PIZZAGATE #REAL HISTORY PEDOPHILES #THE KINNSEY SYNDROME! 

Over Sexed - How is the cyber media explosion and a never ending stream of sex affecting our culture, our children and our future?

OVER 100 DOCUMENTARIES THAT DEAL IN FACTS NOT CONSPIRACY THEORIES, CONTINUING CHILD SEXUAL ABUSE BASED UPON THE UNSCIENTIFIC RESEARCH OF PEDOPHILES AND DOCTOR""S INTENT ON THE SOCIAL ENGINEERING OF OUR SOCIETY, OUR FAMILES, OUR EDUCATION AND MOST IMPORTANTLY OUR CHILDREN! 

MULTI DOCUMENTARY NETFLIX  STYLE ""TRUTH FILMS"", SEE WHAT DOCTOR""s, PSYCHOLOGIST, TEACHERS AND PARENTS AMD THE RISING TEEN SUICIDE AND DRUG ADDICTIONS SAY ABOUT WHAT SCHOOLS DO WITHOUT PARENT APPROVAL THAT IS BANNED IN MANY COUNTRIES! 

https://youtu.be/NFa6LYi1fOI",2017-03-21T03:51:56Z,731,https://www.youtube.com/watch?v=NFa6LYi1fOI
ly51MTXGboM,#coraline part 1 #ouijiboard #hagstone #pizzagate,,2020-11-03T12:07:34Z,138,https://www.youtube.com/watch?v=ly51MTXGboM
CarPoHcLEp8,Pizzagate Ep.24,"Provided to YouTube by DistroKid

Pizzagate Ep.24 · Collective Minds Podcast · Austin Dale Salvey · Austin Dale Salvey

Pizzagate Ep.24

℗ 3302726 Records DK

Released on: 2022-04-12

Auto-generated by YouTube.",2022-04-12T00:58:48Z,52,https://www.youtube.com/watch?v=CarPoHcLEp8
8vjFPGkl47M,"#PIZZAGATE - JAMES ALEFANTIS , VIVTIM OR LIAR","I stumbled onto the police report of the shooting and found that it show James Alefantis as the victim , then found the video from the Megan Kelly show where he says we wasn't there at the time of the shooting.",2017-02-24T19:11:32Z,125,https://www.youtube.com/watch?v=8vjFPGkl47M
C20t1O1i-lQ,¿Qué es y cómo surgió el Pizz4gate?,"AYUDANOS COMPARTIENDO EL VIDEO CON TUS AMIGOS, Y SUSCRIBIENDOTE, ESTO NOS AYUDA A SEGUIR CON MAS VIDEOS DE ESTE TIPO, NOS VEMOS HASTA EL PROXIMO VIDEO.

ACTIVA LA CAMPANA DE NOTIFICACIONES.

Nuestras redes sociales:





Facebook: https://bit.ly/2FjDKyp


Twitter:      https://bit.ly/2Ro60WL


Instagram: https://bit.ly/2CgIT6l


Musica :

🔻
""Darren Curtis - It's In The Fog"" is under a Creative Commons license (CC BY 3.0).
Música promocionada por BreakingCopyright: https://youtu.be/5oF5lS0sajs
🔺


#UnSoloCanalLasMejoresHistorias",2020-01-18T03:54:01Z,525463,https://www.youtube.com/watch?v=C20t1O1i-lQ
84A8Ns6qjz0,Pizzagate / Marilyn Monroe,Hago directos sobre temas de misterio en mi canal de twitch --- https://www.twitch.tv/chiouyuni siempre (que puedo) a las 21:30 ^^/,2021-05-09T19:29:43Z,1524,https://www.youtube.com/watch?v=84A8Ns6qjz0
I9Y1L38GdpA,Pizzagate Conspiracy Theory,"Pizzagate Conspiracy Theory 
So everyone wondered whether this theory is true or not so here is a video explaining everything hope you all enjoy",2019-06-23T10:15:09Z,800,https://www.youtube.com/watch?v=I9Y1L38GdpA
ILBKfvLSbPU,"#Trump, #Goldenshowers, #Pizzagate and the British Connection","blog - http://bluemedia68.blogspot.co.uk/
twitter @bluemedia68
patreon - patreon.com/jeremyyoung

Nigerian Sun - http://sunnewsonline.com/trump-to-attend-nigerias-oil-gas-roadshow-in-us/
Pipelines - http://www.platts.com/latest-news/natural-gas/london/nigeria-morocco-wealth-funds-sign-pipeline-deal-26612643
Torture Report - http://www.justicemorocco.com/index.php?option=com_content&view=article&id=422:report-morocco-complicit-in-cia-rendition-and-torture&catid=12&Itemid=103&lang=en",2017-01-12T02:52:02Z,112,https://www.youtube.com/watch?v=ILBKfvLSbPU
l8Ve5NUCcgk,#Filtración de un video de Pizzagate,"*filtracion de un video de 'Pizzagate' 
#OpColombia #mitnick security*",2021-05-10T04:23:41Z,60,https://www.youtube.com/watch?v=l8Ve5NUCcgk
FiZwrdg_WUw,PIZZAGATE JAKE MORPHONIOS IN DANGER LUNATIC COMES TO HIS HOUSE,"ON MARCH 01.2018 AN IMPORTANT PIZZAGATE RESEARCHER JAKE MORPHONIOS HAD A LUNATIC SHOW UP TO HIS HOUSE CLAIMING  TO BE A VICTIM OF SATANIC RITUAL ABUSE. I THINK JAKE REACTED 100% APPROPRIATELY. THESE TYPES OF (LIKELY) MK ULTRA SLAVES ARE DANGEROUS AND CAN NOT BE TRUSTED. BE CAREFUL OUT THERE EVERYONE. TRY TO KEEP YOUR PERSONAL INFORMATION PRIVATE UNLESS ABSOLUTELY NECESSARY. DON'T MAKE IT EASY FOR THE MK ULTRA SLAVES TO SHOW UP TO YOUR FRONT DOOR. IF ANYTHING SUSPICIOUS HAPPENS TO JAKE, WE ALL KNOW WHO IS RESPONSIBLE. JAKE IF YOU SEE THIS PLEASE CONSIDER EXTRA SECURITY MEASURES AND PLEASE SWITCH UP YOUR TYPICAL ROUTINE. PIZZAGATE IS 100% R-E-A-L FOLKS.",2018-03-03T01:50:44Z,2725,https://www.youtube.com/watch?v=FiZwrdg_WUw
_Nn5m5Zj7kM,"Neil Sanders | Charles Manson, Beatles, Pizzagate Debunked | EODRAD 20","Neil Sanders is a long time researcher into all things Mind Control and author of ""Your Thoughts Are Not Your Own: Mind control, mass manipulation and perception management"" as well as an upcoming book about Charles Manson.

Daniel starts off by asking Neil about his background. They talk a bit about the origins of mind control then begin a journey into the 60's, discussing The Beatles, The Tavistock institute and Charles Manson. The Charles Manson portion goes very into depth about the case and the motives behind what happened.

The conversation switches into modern times as Daniel brings up 9-11, Sandy Hook, LSD, Donald Trump and finally Pizzagate which leads into Neil doing the best job of debunking Pizzagate that Daniel has ever heard. Neil makes it quite clear that rampant pedophilia rings run by the elite are a problem but Pizzagate is only a misdirection from real paedophilia circles.

http://neilsandersmindcontrol.com/

Daniel comes back from break. Talks about some news stories including Tila Tequila. He then reads some letters from fans and talks about the gay agenda and then channelling.",2017-04-02T02:14:40Z,12825,https://www.youtube.com/watch?v=_Nn5m5Zj7kM
kpb1ZaBPURc,Paul McGuire Warns PizzaGate is Real:  Podesta Never Denied &#39;Spirit Cooking&#39; with Marina Abramovic&#39;,,2018-06-11T21:05:32Z,1136,https://www.youtube.com/watch?v=kpb1ZaBPURc
L0HPIXLeMu0,rhY&#39;z Anti-Corporate Newz - Episode 18 - Justice Roberts proves his PizzaGate Roots,,2021-02-23T05:43:32Z,30,https://www.youtube.com/watch?v=L0HPIXLeMu0
Hm_LTFsZQoE,Pizzagate FBI EXPOSED by ex FBI Head about Elite&#39;s Satanic Child Rituals CIA Satanism Pedophilia,Pizzagate FBI EXPOSED by ex FBI Head about Elite's Satanic Child Rituals CIA Satanism Pedophilia,2016-12-05T18:26:37Z,624,https://www.youtube.com/watch?v=Hm_LTFsZQoE
RT9StEi6lnQ,#pizzagate Pedophiles #wikileaks #Podesta Clinton Bohemian Grove,"An interstate network, of pedophiles, has been brought to our attention; most shockingly, this network may have connections, to the Satanic child molestation case, at the Presidio Army base, in San Francisco, California, in the mid nineteen eighties, and also, connections to the Catholic church.

This network, of pedophiles, operates between Washington state, and the San Francisco Bay area. The State of Washington, Commission for National and Community Service, specifically, the Senior Core, and the Foster Grandparent Program, and the Catholic Diocese of Yakima, Washington, have been inplicated, as well as Catholic charities and social service agencies, in Ma rin County, California. Specifically, the St. Vincent's School for Boys, Project Care, for Children, and the Ma rin County, Child Abuse Counsel.

This network, of pedophiles, uses the Washington state, Senior Core, Foster Grandparent's Program, to gain access, to infants and very young children, by channeling their members, through the Catholic church as volunteers. These infants and very young children, are from recently immigrated families, who do not speak English, or are physically and mentally handicapped. Such children, and families, are the perfect prey, for such predators, since they often do not speak English, and are recently immigrated, and may fear deportation. Some of these children, also have mental handicaps, or behavioral problems, that would cause many well meaning people, to view them as unreliable witnesses.

This network, of pedophiles, is of a highly dangerous nature. At the risk of sounding like conspiracy theorists, it is also likely, that this group has direct connections, to Bohemian Grove, due to their geographic location, and highly placed, Satanic priests, within the intelligence community. Our source has come to us, at great risk, with this information, but does not have, the proper computer skills, to gather the information needed, to bring these criminals to justice. Our source requests, that all Anons, as well as police officers and intelligence officers, with the necessary computer skills, investigate this matter, gather the information needed, share it publically, and bring these vile, degenerate criminals to justice.
Expect us.


Foster Grandparent Program
http://www.ofm.wa.gov/servewa/seniorcorps/sc_grandparent.asp

Catholic Diocese of Washington
http://ccyakima.org/?id=38&p=1",2016-12-09T13:18:20Z,5165,https://www.youtube.com/watch?v=RT9StEi6lnQ
Qf84m8CkFVQ,Deirdre Imus exposing Pizzagate,,2020-02-12T23:24:19Z,187,https://www.youtube.com/watch?v=Qf84m8CkFVQ
29HNB7sSDjw,Pizzagate | Curiosidades,"SUCRIBANSE Y COMENTEN

REDES SOCIALES

TWITTER
https://twitter.com/ACBTNEXT

INSTAGRAM
https://www.instagram.com/JaretCuenca/",2020-07-02T20:50:38Z,109,https://www.youtube.com/watch?v=29HNB7sSDjw
Rd8KE-BHBRI,WayFair and Yandex! Exposed! PizzaGate,I was sent a screenshot from my sister and i decided to follow the instructions from a previous video about yandex and i was absolutely shocked! I tried recording it on my phone but it would let me back on. So i quickly grabbed my husbands phone and recorded it. This is digusting and sicking and something needs to be done!,2020-07-11T23:48:43Z,515,https://www.youtube.com/watch?v=Rd8KE-BHBRI
Ow7m5TCZWmQ,#PIZZAGATE APE... IS THAT WHO I THINK IT IS,YOU TELL ME???,2017-02-22T21:29:18Z,2199,https://www.youtube.com/watch?v=Ow7m5TCZWmQ
kGGQn2bIWzA,Pizzagate Joe Biden jokes about touching child,,2020-08-19T19:40:47Z,76,https://www.youtube.com/watch?v=kGGQn2bIWzA
0PO5MEBQ3WQ,Is Fortnite part of the ILLUMINATI? or even PIZZAGATE? you decide...,"Reddit: https://www.reddit.com/r/FortNiteBR/comments/9bbbms/fortnite_is_full_of_occultilluminati_symbolism/
(sorry about my mic)",2018-10-25T23:26:54Z,6011,https://www.youtube.com/watch?v=0PO5MEBQ3WQ
7ZZNGfMuXYo,Pizzagate -  Trump will NOT safe the day:  Petraeus,"The notes to support this video can be found at:
http://degrijzeduif.blogspot.com/2016/12/pizzagate-trump-will-not-safe-day.html",2016-12-01T11:53:54Z,192,https://www.youtube.com/watch?v=7ZZNGfMuXYo
F_6WEyFa_Lg,#pizzagate #doughnutgate and insomnia,"LARPs:  https://youtu.be/si6yx3p06WQ?t=5541
Berryhead:  https://www.youtube.com/watch?v=yuzSFgBv5ok
OAS Tweet:  https://threadreaderapp.com/thread/1048012030215643136.html
LTV interview 1 mirror:  https://www.youtube.com/watch?v=uAU7Yk1HS1g
LTV interview 2:  https://www.youtube.com/watch?v=BKWHvcMKVII

Bonus:  LTV - Ryan pizzagate debate:  https://www.youtube.com/watch?v=NWA9A0ovD8k
FAIR USE STATEMENT
This video may contain copyrighted material the use of which has not been specifically authorized by the copyright owner. This material is being made available within this transformative or derivative work for the purpose of education, commentary and criticism, is being distributed without profit, and is believed to be ""fair use"" in accordance with Title 17 U.S.C. Section 107. For more information go to: https://www.law.cornell.edu

Truth Matters:  https://bit.ly/2CHsQBg

Grizwald Grim on Twitter:  https://twitter.com/grimgriz
Throat for rent (verbal only, non-negotiable): grimgriz at g mail
Shill Revealed:  https://www.patreon.com/grimgriz",2018-12-09T10:16:27Z,132,https://www.youtube.com/watch?v=F_6WEyFa_Lg
nLSeHPW8Dz8,Pizzagate (resubido),,2022-04-27T01:30:57Z,34,https://www.youtube.com/watch?v=nLSeHPW8Dz8
Vk3tfBobQWQ,sickening pizzagate comments by sarah silverman  sex with babies,,2017-02-25T15:12:29Z,737,https://www.youtube.com/watch?v=Vk3tfBobQWQ
kjp0r88gsKU,"BTK OCTOBER REIGNZ PIZZAIOLO SCHOOL, AGENT19, MONTAGRAPH, CALIBERHITTER","PIZZAGATE KENTUCKY.
WE NOES, WE SAYS.",2017-04-22T22:11:33Z,237,https://www.youtube.com/watch?v=kjp0r88gsKU
Py8bIwrqlek,MY PIZZAGATE DREAM....The Lord told me to share,"this video is meant to inform PLEASE WATCH. please excuse my voice....I was trying to sound as serious as I possibly can. this something that really took place in my dream and I was afraid to share it. at first I didn't know what to do, until earlier today I had an epiphany because was annoyed about how my generation loves demonic energy and constantly plays with satan toys. and it was like the Holy Spirit spoke to me an said ""you complain, but do nothing about"". so this is me doing something I will upload more about the events that take place in this world as we speak...please pray",2020-11-12T19:47:40Z,84,https://www.youtube.com/watch?v=Py8bIwrqlek
mfUyIQwZ3oU,Pizzagate and Other Fake News,"In this week show our guest is Brian Dunning from the website Skeptoid.com. We discuss the phenomenon of “Fake News” including “Pizzagate” and the Sandyhook Elementary shooting conspiracy theory that have been disseminated under free speech. We address the different types of “Fake News” including misinformation, clickbait, satire, spin and propaganda. We explore how this type of politically based news can have real repercussions in our daily lives.",2020-08-12T03:03:43Z,100,https://www.youtube.com/watch?v=mfUyIQwZ3oU
4DYjZ-n6xNE,What is #DonutGate #VoodooDoughnut ? Expanding The #PizzaGate Investigation Part 2,"so much to discuss 
https://illegalnewsblog.wordpress.com/2016/12/30/massive-evidence-emerges-that-voodoo-doughnuts-may-be-involved-in-pizzagate/

HOT DOG CODE IN HAWAII",2017-01-23T21:04:07Z,2338,https://www.youtube.com/watch?v=4DYjZ-n6xNE
NnWF2wadLQg,Pizzagate conspiracy speech final By: Morella Morales,,2020-04-21T19:11:59Z,65,https://www.youtube.com/watch?v=NnWF2wadLQg
s1PDIedt0Cg,Joe Rogan Breakdown  PizzaGate Pedophile Cult,,2017-02-03T05:00:28Z,3334,https://www.youtube.com/watch?v=s1PDIedt0Cg
cw6OrH2mDu0,Pizzagate to Super Bowl 51 (LI) 2017,"From Pizzagate to Super Bowl 51 (LI). I pray nothing happens at the Super Bowl, and if nothing does still be on the alert because the illuminati, the elites, the 1% NWO, Satan and his minions are working in the background, and they will strike when they want to.",2017-02-04T11:47:23Z,208,https://www.youtube.com/watch?v=cw6OrH2mDu0
KVoLeTLp7q4,Mirrored | #PIZZAGATE References In Kid&#39;s Movies &amp; Products,"From #PIZZAGATE channel: https://bit.ly/3kT7TWL
Ads are due to copyright claims. Ad revenue paid to copyright owner, not me.
Blatantly obvious #pizzagate references are shown in this short montage. The awareness of pizzagate seems to be growing however so are the subliminal messages.",2020-08-18T23:07:42Z,558,https://www.youtube.com/watch?v=KVoLeTLp7q4
q3wf4VD5t_0,Pizzagate assassinations. The death of Hilary Clinton.,https://store.playstation.com/#!/tid=CUSA00572_00,2021-12-03T23:49:09Z,60,https://www.youtube.com/watch?v=q3wf4VD5t_0
WZDNF9qK_zc,PIZZAGATE PEDOGATE RECOVERY - ABSOLUTELY SHOCKING - MUST WATCH!,"PIZZAGATE PEDOGATE RECOVERY - ABSOLUTELY SHOCKING - MUST WATCH! Credit: 

PIZZAGATE PEDOGATE RECOVERY - ABSOLUTELY SHOCKING - MUST WATCH! Credit: 

PIZZAGATE PEDOGATE RECOVERY - ABSOLUTELY SHOCKING - MUST WATCH! Credit:

Subscribe and help expose the illuminati, New World Order, satanic occult, hollywood, washington, and the elites all in one place.

PIZZAGATE SHOCKING EVIDENCE - THIS IS A MUST WATCH! Credit:",2017-04-21T13:01:19Z,68,https://www.youtube.com/watch?v=WZDNF9qK_zc
CAYTiwRl2f8,️ Joe Biggs Fired over #pizzagate,"Joe Biggs recently tweeted and deleted I will no longer be with Infowars in the same capcaity that I have been. I will be freelance and submit reports. Jakari Jackson has also left Infowars.

Alex Jones used Facebook Mentions to address current rumors and explain the latest with Joe Biggs on  9, 2017 Like this Video? Give it a thumb up! Subscribe for Weekly Videos.

Joe Biggs recently tweeted and deleted I will no longer be with Infowars in the same capcaity that I have been. I will be freelance and submit reports. Jakari . Alex Jones used Facebook Mentions.",2018-02-25T20:50:50Z,78,https://www.youtube.com/watch?v=CAYTiwRl2f8
5V-TCxErneQ,3. Pizzagate and the Q Plan,"A subdued but very necessary discussion around the controversy surrounding Pizzagate and how it ties in with the 'Q' plan and the current lockdowns.

Strictly for adults only. 

www.jointheconvo.co.uk",2020-09-11T09:44:38Z,342,https://www.youtube.com/watch?v=5V-TCxErneQ
3enCDbErtuM,Laura Ling/Lisa Ling #PizzaGate Lie (Part 8),"Don't  see John Podesta next to Clinton and NK dictator?

This is reptilian show biz, and this is 2018 #PizzaGate",2017-12-31T04:18:23Z,4026,https://www.youtube.com/watch?v=3enCDbErtuM
trRDnd-JVF0,Pizzagate is real Former FBI Agent Ted Gunderson discusses Satanism in the USA || YouTaar News 2017,"Thanks For Watching this..!!!!

Don't Forget To Subscribe The Channel...!!!!",2017-01-21T17:04:28Z,7137,https://www.youtube.com/watch?v=trRDnd-JVF0
mVhe40xSs5c,CASO YUMMY RELACIONADO CON PIZZAGATE,"#pizzagate #YUMMY #anonymous2020


El tema musical ""YUMMY"" de Justin Bieber que estreno a inicios de este año esta dando mucho que hablar tanto para fanaticos como para escepticos del tema ""PIZZAGATE""",2020-06-05T18:14:41Z,29,https://www.youtube.com/watch?v=mVhe40xSs5c
D0byAKsqthI,Pizzagate Thoughts &amp; Questions,"Anyone who tells you this is led by Hilary Clinton has not researched this subject.

If I'm wrong, I am wrong, I accept that... I just hope that I am wrong.",2019-05-04T01:43:54Z,57,https://www.youtube.com/watch?v=D0byAKsqthI
Xxd3BTS2IgE,El Pizzagate,@yummy #Yummy #bonapetit #forabetterday,2020-11-17T17:26:57Z,49,https://www.youtube.com/watch?v=Xxd3BTS2IgE
tn0kJNhurS8,PizzaGate information assassination &amp; Sandy Hook information Censorship,"Re-uploaded from 12/3/17

cROOKED hILLARY
AND HER CROOKED CAMP COOKING
CONSPIRACY SOUP


http://www.phillyvoice.com/trump-supporter-shares-details-alleged-assault-philadelphia-march/


At Philly book appearance, Hillary Clinton shuts down 'Pizzagate' interloper

http://archive.is/ATs9q


http://www.phillyvoice.com/hillary-clinton-returns-to-philly-to-talk-election-her-book-and-the-way-forward/


https://archive.is/5zNHm


Pizzagate’ gunman says he was foolish, reckless, mistaken — and sorry

https://www.washingtonpost.com/local/public-safety/pizzagate-shooter-apologizes-in-handwritten-letter-for-his-mistakes-ahead-of-sentencing/2017/06/13/f35126b6-5086-11e7-be25-3a519335381c_story.html?utm_term=.c44ebe158b04

http://archive.is/agdGp


https://whyy.org/articles/deep-rot-goes-fake-news-follows-clinton-philly-stop/
http://archive.is/ODh26


http://archive.is/search/?q=pizzagate&t=1511988615664&id=05bWq






SANDY HOOK LINKS TO INFO
http://cspsandyhookreport.ct.gov/",2018-05-07T05:03:50Z,87,https://www.youtube.com/watch?v=tn0kJNhurS8
DjM9uXwiZdg,illegalnewsblog: Pizzagate,"Source:
https://www.spreaker.com/user/oppermanreport/illegalnewsblog-pizzagate",2017-01-25T22:04:02Z,626,https://www.youtube.com/watch?v=DjM9uXwiZdg
9V-bYaJ6c_E,PIZZAGATE Super ShitBag RoundUp Episode 3 (MUST WATCH),"In Episode 3, we take a closer look at exactly who and how these ShitBags Operate. I hope you brought a shovel, I am about to open the Sewer Lid again! It's a very dirty Job, but if we don't do it nobody else will.",2017-04-18T22:02:57Z,241,https://www.youtube.com/watch?v=9V-bYaJ6c_E
cthEa-PzgzU,RWW News: Liz Crokin Says Media Lies About Russian Collusion Proves Pizzagate Is True,"http://www.rightwingwatch.org/post/liz-crokin-the-media-lied-about-russian-collusion-which-proves-that-pizzagate-is-true/

Right Wing Watch reports on the extreme rhetoric and activities of key right-wing figures and organizations by showing their views in their own words. In this clip, Liz Crokin argues that the media has been lying about Russian collusion, so that should be taken as evidence that QAnon and Pizzagate are real.",2019-03-28T17:20:35Z,1913,https://www.youtube.com/watch?v=cthEa-PzgzU
YRN1FuQWfyk,Proof Obama Lives On PIZZAGATE Tunnels #PIZZAGATE,"These Demons Work Under Ground At Night These Are The Type Of Places They Hang Out In, Make It Very Hard To Spot!!SHARE IF YOU CARE!!",2017-04-09T00:05:30Z,255,https://www.youtube.com/watch?v=YRN1FuQWfyk
bQWLJsnQGFI,LOOKS LIKE ALEX JONES IS COVERING UP PIZZAGATE NOW!,Source is TVC !,2017-03-27T22:08:05Z,113,https://www.youtube.com/watch?v=bQWLJsnQGFI
RtVwsofODoY,Republican shot after investigating child trafficking. Is this pizzagate related?,,2017-06-15T04:17:37Z,17032,https://www.youtube.com/watch?v=RtVwsofODoY
osdJOo6YU_k,Will David Seaman rectify his repeated Pizzagate metadata claim?,"Please read the article for more context and the sources used for this video.

https://www.youtube.com/watch?v=apiUaZZHO6Q&t=1162s",2017-01-31T16:50:27Z,346,https://www.youtube.com/watch?v=osdJOo6YU_k
DeEq27Qhw8s,Pizzagate and Sexpionage,"Check my blog for the notes to support my video at:
http://degrijzeduif.blogspot.com/2016/12/pizzagate-and-sexpionage.html

Be sure to check out my other #Pizzagate videos as well.",2016-12-01T14:55:36Z,885,https://www.youtube.com/watch?v=DeEq27Qhw8s
oqmPajVijtQ,PIZZAGATE INSANE EVIDENCE - JOHN PODESTA CONTINUES TO SHOCK ME,PIZZAGATE INSANE EVIDENCE - JOHN PODESTA CONTINUES TO SHOCK ME Credit:,2017-04-26T17:07:05Z,111,https://www.youtube.com/watch?v=oqmPajVijtQ
b5h-SntATz0,DISTURBING Banned 1992 pizzagate documentary   holytext org,"Lest We Forget..!
Ephesians 6.12",2018-02-14T13:09:39Z,696,https://www.youtube.com/watch?v=b5h-SntATz0
NXqPOsE6Xq8,BEFORE PIZZAGATE: Candy Girl Documentary Part 2 of 2,"Fiona Barnett Candy Girl Documentary Part 2 of 2  Satanic Ritual Abuse

https://fionabarnett.org

FOR EDUCATIONAL & CRITICAL REVIEW PURPOSES ONLY - Fair Use Disclaimer-

FAIR USE NOTICE: This website contains copyrighted material the use of which has not been specifically authorized by the copyright owner. I believe that the use of such material for nonprofit educational purposes (and other related purposes) constitutes a 'fair use' of the copyrighted material as provided for in the US Copyright Law at Title 17 U.S.C. Section 107. If you wish to use this copyrighted material for purposes of your own that go beyond ‘fair use’, you must obtain permission from the copyright owner. If for any reason you believe that use of your material on this site does not fall within the 'fair use' guidelines, please immediately notify the webmaster of this site so that the matter can be promptly addressed.",2017-03-15T17:28:39Z,455,https://www.youtube.com/watch?v=NXqPOsE6Xq8
GkGNj3BhMFs,PIZZAGATE CHILDREN EXPOSE CHILD ABUSE SATANIC RITUALS PEDOPH,,2017-03-06T12:19:20Z,1609,https://www.youtube.com/watch?v=GkGNj3BhMFs
o2CMIKPBEiA,Pizzagate!! MUST SEE!! AshtonKutcherHumanTrafficking Dr.Phil Expose CPS-Taking Action!,"MUST SEE!!! Marketing Campaign - STOP WAR ON CHILDREN!! break down of the propaganda and why they chose him for ""oh so important roll"". manipulation of common man. huge CPS cover up! do not trust neither FBI nor children protection agencies - foster care involved in child trafficking! 
PLEASE SHARE!! 
mirror - Danny McGowan",2017-03-06T00:28:26Z,364,https://www.youtube.com/watch?v=o2CMIKPBEiA
fxfIVUEEU5M,NYT Declares Pizzagate &quot;Fake News&quot; - Debunks Nothing,"The New York Times just gave Pizzagate legitimacy. They said it's fake, yet debunk nothing.

http://patreon.com/altNews

http://altNews.com
http://twitter.com/altNewsdotcom
altNewsdotcom@gmail.com

Follow Nathan: http://twitter.com/lifttheveil411

Podcast:
https://itunes.apple.com/us/podcast/altnews.com/id1166464402?mt=2
https://soundcloud.com/user-8501771",2016-11-23T01:26:46Z,138,https://www.youtube.com/watch?v=fxfIVUEEU5M
UZhw3-F_x70,Pilar Baselga: (Pizzagate) Nosotros somos su alimento,"¿Y qué es la historia? Estos personajes se dan cuenta de que son alimento de los demás, de los poderosos.  Es una expresión sádica, irónica, sarcástica de la condición de la humanidad. Nosotros somos su alimento, y Hollywood te lo cuenta. Nosotros somos sus salchichas, sus pizzas, sus pastas o sea – no es casualidad que hayan buscado un código alimentario. Porque hubieran podido buscar un código mineral o un código de flores o un código de muebles. No-no-no-no, o sea, se trata de que ellos se alimentan, cogen la energía a través de la sangre de los niños. Que por lo visto cuando un niño – un niño puro, un niño inocente es violado y torturado hasta lo indecible, ese dolor provoca una sustancia en la sangre que les da... no solamente les da mucho placer sino que les empodera. Y no es casualidad que los poderosos son satanistas, o sea, va junto: ninguno de nosotros jamás seremos poderosos. Nosotros pertenecemos al alimento, nosotros somos alimento para ellos, les proveemos de pizzas, de pastas, de cheeze, de todo esto. Nosotros somos los proveedores de su alimento. Es una cosa espeluznante, pero te lo están diciendo verde y con asas, te lo están diciendo con sus códigos, te lo están diciendo con las películas.",2017-05-31T08:40:49Z,25852,https://www.youtube.com/watch?v=UZhw3-F_x70
qKCd0c0cItI,"Feb 07, 2018 - David Wilcock EXCLUSIVE Pizzagate, Donald Trump, &amp; Fall of the Cabal New",,2018-02-07T04:04:08Z,191,https://www.youtube.com/watch?v=qKCd0c0cItI
i7X9H_Mf9AY,"Pizzagate, Pedogate. Zaginione dzieci w USA","Polecam: https://youtu.be/fWj3WMKN9xs
PROSZĘ O SUBSKRYBCJĘ KANAŁ FUNDACJI I PRZEKAZYWANIE INFORMACJI DALEJ-dziękuję pięknie.
kontakt:
www.fundacjadobregopasterza.pl . tel. 515-751-077
Serdecznie dziękuje za  modlitwe i każde wsparcie Paweł Bednarz 

Wsparcie dla Pawla i kanału YouToube z dopiskiem - DAROWIZNA
SWIFT BREXPLPWMBK 
IBAN PL
mbank 15114020040000320245436767 

Wsparcie dla Fundacji 
Konto Fundacji PKO 12102024980000880205962891
SWIFT BPKOPLPW
IBAN PL",2020-04-30T08:36:10Z,40026,https://www.youtube.com/watch?v=i7X9H_Mf9AY
1vQbUKq176Y,Lift the Veil on Pizzagate/Pedogate - Fearless,"Entry into Lift the Veil's ""Lift the Veil on Pizzagate"" contest; my testimonial (Cate Schrodinger) about Pizzagate/Pedogate: Please wake up!
Lift the Veil contest: https://youtu.be/hBS6REhCg6I
Visit me at www.theiamyouproject.com.",2017-03-07T04:38:06Z,530,https://www.youtube.com/watch?v=1vQbUKq176Y
u99o6ME8B5c,Cnn Pizzagate Coverup Jake Tapper Connected To Comet Ping Pong Trump Flynn Fake News Exposed,,2017-03-11T17:07:00Z,89,https://www.youtube.com/watch?v=u99o6ME8B5c
mAGT1IUkuvw,Pizzagate / Alter Bridge &quot;Metalingus&quot; (WWE Edge Theme Song),Unofficial video.... Eye opener!!!!,2021-02-10T13:10:27Z,59,https://www.youtube.com/watch?v=mAGT1IUkuvw
H3hsLydyQz0,Investigate Pizzagate,via YouTube Capture,2017-04-13T02:04:36Z,41,https://www.youtube.com/watch?v=H3hsLydyQz0
qA4YK75LaME,2017 PIZZAGATE PEDOGATE ! HILLARY CLINTON SPOTTED ON THE RUN AFTER THIS !,2017 PIZZAGATE PEDOGATE ! HILLARY CLINTON SPOTTED ON THE RUN AFTER THIS !,2017-12-02T10:56:27Z,162,https://www.youtube.com/watch?v=qA4YK75LaME
iFEh-6alY4I,JUSTIN BIEBER EXPOSES PIZZA GATE,Justin bieber is a victim of pizzagate :(,2020-06-11T02:01:01Z,6938,https://www.youtube.com/watch?v=iFEh-6alY4I
l-yRaO-xsdw,Fritz Springmeier &quot;PizzaGate &amp; Phony Alien Invasion Psyop&quot;,"TradCatKnight Radio, Fritz Springmeier ""PizzaGate & Phony Alien Invasion Psyop""
Talk given 12-13-16   (aprx 1hr 10 minutes)

Disclaimer: Not all the views of my guests represent the TradCatKnight/Catholic position.
Note: Audio quality is dependent upon skype connectivity which is typically not great. Maximize the volume on both your computer and the youtube video itself.

SUBSCRIBE to TradCatKnight for all the latest Endtime news and Radio shows! This is the most comprehensive and followed traditional Catholic apostolate worldwide. Visit tradcatknight.blogspot.com

Fritz Springmeier is a Christian author who wrote a 7 book series on the Illuminati. He has been a public whistle blower since 1990, and has been on numerous prominent radio shows over the years. He recently was awarded the Prague Peace Award in Prague, Czech Republic. His books are available at his blog pentracks.com

HOLIDAY DONATIONS:  Please do consider us in this holiday season.  I rely upon your charity.  This is a great opportunity for a works of mercy that can be directly given to Our Lord for this work is His.  Those new to TradCatKnight please get in the fight for the Faith as we are in an information war with the mainstream media.  Even is a 10$ monthly contribution is critical.  For CASH, CHECK or MONEY ORDER contributions please send an email to apostleofmary@hotmail.com for the mailing address. 

TOPICS INCLUDED IN THIS TALK: elections, Trump, resistance to the NWO, illuminati mind control, celebrity influence upon the masses, Kanye West, mainstream media is the fake news, attack on alternative news outlets, signs of the times, human trafficking, Christian Persecution, attack on Christmas, Podesta emails, wikileaks, project bluebeam, ufo's, predictive programming for aliens, fallen angels, Maitreya, ascended masters, one world humanity and MUCH more....",2016-12-13T20:57:46Z,63356,https://www.youtube.com/watch?v=l-yRaO-xsdw
t-VYtaT0Zw0,Pizzagate and the Luciferian Agenda,,2018-12-14T03:29:30Z,62,https://www.youtube.com/watch?v=t-VYtaT0Zw0
Kmb60kGXWEw,"#pizzagate, #SRA.  be greatful,  if hilarion won president role,  we would be dead.  God saved us",Programming broke when hitlery lost.,2019-04-29T10:07:36Z,403,https://www.youtube.com/watch?v=Kmb60kGXWEw
fzC-97yFcNo,Pizzagate declaraciones,Información,2020-06-13T23:04:02Z,38,https://www.youtube.com/watch?v=fzC-97yFcNo
9LQS2GShWlM,Anti-illuminati Series: BEWARE PIZZAGATE!!,"Here is my two cents on reporting about pizzagate

Disclaimer: The Holy Spirit is guarding this video against all demonic attacks against telling the truth, so it is said, so shall it be done!!

PayPal Donations:  noahbuddy9999@bitmessage.ch 

If this video helps you and you feel generous please consider donating Thanx!!
When sending donations please advise me so that I may check account Thank You :)",2016-12-19T08:48:00Z,205,https://www.youtube.com/watch?v=9LQS2GShWlM
cTqeIN834UU,#Pizzagate Breaking News #7 The trail moves to Instagram,"The Wiki leaks e mails have led us down a very bizarre path.  Various Reddit users as well have become their own ""sleuths"" so to speak.  The combination of a super-media outlet and a few intelligent citizens may have tied together the most evil of deeds. This is one of the most informative and provocative videos we have seen from the Podesta emails and hints of it are spreading far and wide.

https://twitter.com/zeduslepedus   Give her your support!!!!",2016-11-25T05:57:36Z,211,https://www.youtube.com/watch?v=cTqeIN834UU
uF_sZtCAwIc,Have You Heard about Pizzagate?,,2018-04-21T23:52:12Z,425,https://www.youtube.com/watch?v=uF_sZtCAwIc
dTArBooU6Y4,"PIZZAGATE, LOS SIMPSON","Nos cuenta en series televisivas, peliculas y musica todo lo que nos enconden los Amos del mundo. Es hora de DESPERTAR!",2020-07-25T16:47:16Z,216,https://www.youtube.com/watch?v=dTArBooU6Y4
KZD1Lm1fOIU,"Eddie Bravo on Infowars - talks Joe Rogan, Fake Dinosaurs, #Pizzagate and More","Eddie Bravo on Infowars - talks Joe Rogan, Fake Dinosaurs, #Pizzagate and More",2017-03-11T03:54:27Z,881909,https://www.youtube.com/watch?v=KZD1Lm1fOIU
odBeH6kiVhw,3=Destroying angel in the Bible and Ovid means sheep in Latin and 19 Strongs = RED WEDDING,Evidence speaks for itself... Look Past the Illusion Red Wedding = Slaughter,2022-07-15T08:04:39Z,6,https://www.youtube.com/watch?v=odBeH6kiVhw
S6ctDUqM4B0,Update to #Pizzagate Video: Reddit Censorship,"Reddit:
Active Still: r/podestagate
Deleted: r/pizzagate, r/pizzagatev2

---
You can support my work here:
Paypal - https://www.paypal.me/BrianRHyland
- and thankyou to all who do:-)",2017-02-27T06:16:26Z,302,https://www.youtube.com/watch?v=S6ctDUqM4B0
L-eLlqs7eKc,"Ole Dammegard &amp; Carine Hutsebaut: Expose Pizzagate &amp; global pedocriminal, pedosexual networks now","Ole Dammegard & Carine Hutsebaut: Expose Pizzagate & global pedocriminal pedosexual networks now!
By Alfred Lambremont Webre
https://newsinsideout.com/2016/12/ole-dammegard-carine-hutsebaut-expose-pizzagate-global-pedocriminal-pedosexual-networks-now/
WATCH INTERVIEW: https://youtu.be/L-eLlqs7eKc",2016-12-11T23:59:29Z,36916,https://www.youtube.com/watch?v=L-eLlqs7eKc
MSQs_btg9CQ,Wake Up. Part 2,,2022-07-05T12:33:53Z,472,https://www.youtube.com/watch?v=MSQs_btg9CQ
-gahiKpoDUA,Elite torture children &amp; drink their adrenalized blood.#RobertDavidSteele  #Adrenochrome #Pizzagate,"Adrenochrome is a chemical compound with the molecular formula C9H9NO3 produced by the oxidation of adrenaline (epinephrine). The derivativecarbazochrome is a hemostatic medication. Despite a similarity in chemical names, it is unrelated to chrome or chromium. In popular culture Author Hunter S. Thompson mentioned adrenochrome in his book Fear and Loathing in Las Vegas. 

The adrenochrome scene also appears in the novel's film adaptation. In the DVD commentary, director Terry Gilliam admits that his and Thompson's portrayal is a fictional exaggeration. In fact, Gilliam insists that the drug is entirely fictional and seems unaware of the existence of a substance with even a similar name. Hunter S. Thompson also mentions adrenochrome in his book Fear and Loathing on the Campaign Trail '72. I
n the footnotes in chapter April, page 140 he says, ""It was sometime after midnight in a ratty hotel room and my memory of the conversation is haze, due to massive ingestion of booze, fatback, and forty cc's of adrenochrome."" The harvesting of an adrenal gland from a live victim to obtain adrenochrome for drug abuse is a plot feature in the first episode ""Whom the Gods would Destroy"", of Series 1 of the British TV series Lewis (2008).[11] In Anthony Burgess' 1962 novel A Clockwork Orange, ""drencrom"" (presumably the Nadsat term for adrenochrome) is listed as one of the potential drugs that can be added to milk-plus (milk laced with a drug of the consumer's choice). Law 
Adrenochrome is unscheduled by the Controlled Substances Act in the United States, but if sold as a supplement, sales must conform to U.S. supplement laws. If sold for consumption as a food or drug, sales are regulated by the FDA. Research #adrenochrome and The International Tribunal for Natural Justice #ITNJ (Source: Wikipedia)

#Adrenachrome, #Adrenochrome, #Pizzagate, #PizzaGateIsReal, #PIZZAGATEISREAL, #Pedogate, #PedogateIsReal, #MassCorruption, #PedogateExposed2020, #PizzagateArrests2020, #PedogateArrests2020, #TrumpArrestsCelebrities, #TomHanks, #FollowTheRabbit, #WillFerralArrested, #EllenPedogate, #OprahArrested, #PizzagateOprah, #TomHanksPizzagate, #TomHanksOprah, #ArrestsWorldWide, #CelebritiesCoronavirus, #COVID19, #CoronaVirus, #CoronaVirusUpdate, #FallOfHollywood, #CelebrityArrests, #pedovores, #HillaryClinton, #pedos, #Trending #Adrenochrome #RobertDavidSteele #SeekTruth #destroyingtheillusion #unsettlingstories #chillingtalesfordarknights #chillingtales #Elite #Hollywood #Bankers #Illuminati #Freemasions #Billgates #Hollywood #Music #Ladygaga",2020-05-06T14:41:41Z,8040,https://www.youtube.com/watch?v=-gahiKpoDUA
d2b6bWZ2ltA,Indiana Jones Was a child abuser??? Pizzagate,"Mr Gunk Credit 
https://www.facebook.com/mrgunk",2018-03-06T12:16:01Z,4614,https://www.youtube.com/watch?v=d2b6bWZ2ltA
dU-vsCQ-3kk,Mandatory Vaccinations 2023,T.c.802 Channel,2022-07-14T18:58:04Z,115,https://www.youtube.com/watch?v=dU-vsCQ-3kk
cOyict-S9mc,"Isaac Kappy Stew Peters Movie, &quot;These Little Ones&quot; with Phoenix Enigma By An All-American Cartel LLC",where my OG Cartlerers at? how bout my Kappy's Kartel Members? remember me?,2022-07-08T19:54:28Z,162,https://www.youtube.com/watch?v=cOyict-S9mc
bTnl3SfvBo8,Technocalyspe Tuesday,"News Stories for the week

Give me love points here ----- https://bayzedgossiper.locals.com",2022-06-29T07:09:47Z,24,https://www.youtube.com/watch?v=bTnl3SfvBo8
NStDozn-4wI,Sex crimes exposed,https://t.me/HunterBidenHacked,2022-07-12T08:02:48Z,9,https://www.youtube.com/watch?v=NStDozn-4wI
EcJ2sgpMapw,Greg Reese report,,2022-06-11T16:55:41Z,28,https://www.youtube.com/watch?v=EcJ2sgpMapw
JO4BCweqZx8,EXPOSED: CRISIS ACTORS,The Master Student does a review of crisis actors.,2022-07-10T01:34:17Z,3718,https://www.youtube.com/watch?v=JO4BCweqZx8
4zzXbLOhiL8,Project Puppet Master - Operation Control Them All - RELOADED,"This is a reload from recently banned channel.
My 4th channel was just removed by the YT police for going against the agenda. You can find all of my content here:
https://shakingmyheadproductions.com/
https://odysee.com/@shakingmyheadproductions:2 (Original)
https://odysee.com/@ShakingMyHead2:8 (Old Backup)
I am posting new content here al the time:
https://www.bitchute.com/channel/shakingmyhead/ - Bitchute
https://rumble.com/user/shakingmyheadproductions - Rumble

SMHP is viewer funded. ** If you appreciate this content and would like to help keep me going, please consider investing in this message. Every little bit helps. Please consider it to be a tip for my time and the quality of the content if you don't like the term donate. Thank you! Invest in SMHP / Independent Media. https://shakingmyheadproductions.com/support-shaking-my-head-productions

*SMHP may not agree with everything from the content producers I share. Apply critical thinking and use discernment to come to your own conclusions regarding the content in the videos / links.
...............................
For the mystery of iniquity doth already work: only he who now letteth will let, until he be taken out of the way. And then shall that Wicked be revealed, whom the Lord shall consume with the spirit of his mouth, and shall destroy with the brightness of his coming: Even him, whose coming is after the working of Satan with all power and signs and lying wonders, And with all deceivableness of unrighteousness in them that perish; because they received not the love of the truth, that they might be saved. 

And for this cause God shall send them strong delusion, that they should believe a lie: That they all might be damned who believed not the truth, but had pleasure in unrighteousness. 2 Thessalonians 2:7-12 
...............................
More Recommended Content: 
https://shakingmyheadproductions.com/the-dollar-bill-decoded
https://shakingmyheadproductions.com/want-to-know-their-secret-just-read-between-the-lies
https://shakingmyheadproductions.com/the-noahide-one-world-order
...............................
I am a one man operation that has been trying to bring you the truth since 2016. I would like to say thanks to all the watchmen out there that have been sounding the alarm over the last several years. This is not an easy job. I have been constantly trying to find and share the truth 7/365 since June of 2017. I held a corporate job before this and am glad I gave it up as your appreciation for the truth means everything to me. I love you all friends. I get worn down but thanks to my supportive subs and viewers, I march on just like the rest. Time is short. Yeshua Jesus Saves! Follow Him",2022-07-09T12:04:40Z,2599,https://www.youtube.com/watch?v=4zzXbLOhiL8
DVUg1-LY4DY,querés saber el futuro?? mira el pasado,"Seguime en las REDES:
➜ YouTube (Canal Principal): https://www.youtube.com/channel/UCxwWUF4NiXO6KZlQD0zcu2g
➜ Instagram: https://www.instagram.com/nuevoamanecer__/
➜ Telegram: https://t.me/ELNUEVOAMANECER1

✔ HOY : 

---------------------------------------------------------------------------------------------------------
#noticias  #internacional #endirecto #ultimahora #live #news #LiveNews #StreamingNews #noticiasenespañol #podcast",2022-07-13T17:20:11Z,10211,https://www.youtube.com/watch?v=DVUg1-LY4DY
20Z4VzwGaHs,The &quot;Great Awakening Revolution&quot; Will &quot;Not&quot;  Be Televised - Greg Reece - Short,"As long as you are alive it is never too late to accept Jesus's sacrifice on the cross for you with all of your heart and repent: https://www.biblegateway.com/passage/?search=Matthew+1&version=NASB

John 14:6: Jesus said to him, ""I am the way, and the truth, and the life; no one comes to the Father but through Me.""",2022-07-11T19:09:28Z,819,https://www.youtube.com/watch?v=20Z4VzwGaHs
kiyo2XrAxyY,#1 VIDEO @ YouTube EXPOSING PIZZAGATE WARNING THIS VIDEO DAMNS CHANNELS,"WARNING GRAPHIC CONTENT EXPOSING SATANIST!!!!!!
#1 VIDEO ON YouTube EXPOSING PIZZAGATE WARNING THIS VIDEO WILL DAMAGE YOUR CHANNEL IF YOU MIRROR IT #pizzagate IS REAL",2016-12-24T20:31:55Z,1488,https://www.youtube.com/watch?v=kiyo2XrAxyY
fojvlo_iqwk,PIZZAGATE in LILO &amp; STICH ( subliminal messages ),#pizzagate #staywoke #spiritualchris,2020-06-28T02:25:20Z,202,https://www.youtube.com/watch?v=fojvlo_iqwk
5Pq2ECifWD8,PizzaGate - Did NAMBLA Take Johnny Gosch?,,2020-04-04T17:31:15Z,528,https://www.youtube.com/watch?v=5Pq2ECifWD8
df9gEFmMvBE,Spain,Spain,2022-05-16T15:26:55Z,8,https://www.youtube.com/watch?v=df9gEFmMvBE
r00hbsHmUcw,DOCTOR STRANGE MULTIVERSE BREAK DOWN (FULL VIDEO LINK BELOW),"HIT LINK👇🏾 BELOW FOR OFFICIAL VIDEO
https://gdashtheprophet.vhx.tv/checkout/doctor-strange-pt-2-break-down-multiverse/purchase

HIT 👇LINK TO JOIN MY ONLINE SCHOOL
https://gdashtheprophet.vhx.tv

HIT👇 LINK TO DONATE TO MY SCHOOL
https://www.paypal.me/Gdashtheprophet
CASHAPP: $PayGdashtheprophet

HIT 👇LINK TO JOIN SUPER VIP SCHOOL
https://gdashtheprophet.vhx.tv/checkout/all-in-one-school-school-movies-tv-shows/purchase

GDASH BACKUP CHANNEL LINK BELOW
https://www.youtube.com/channel/UCIP9Ok9hfzXnG2QV41LH8WQ

INCASE YOU CAN'T FIND THE BACK UP CHANNEL HERE IS THE LINK TO A VIDEO WHICH IS ON THAT CHANNEL
https://youtu.be/1dcDLwlPJis",2022-07-14T14:55:14Z,664,https://www.youtube.com/watch?v=r00hbsHmUcw
6JfF0_Lc6sE,Hunter &amp; Joe Biden Exposed As Pedophiles &amp; Crackheads,"Help Enlightment The World & Save It From The Baphomet! 
Cash App: $AnimeMCHero$
Join The Discord To Create Our Own Community https://discord.gg/SaxpSeSqKR ! 
Follow On Twitch For Anime Videos Everyday https://www.twitch.tv/animemchero",2022-07-11T21:01:13Z,27,https://www.youtube.com/watch?v=6JfF0_Lc6sE
FPRqkd3evRQ,To The Former Heros In My Life,"You Have All Shattered My Heart In A Million Little Peices 

Why I Will Never Know 

For the record, I am calling out here:

MY FORMER FATHER
James Gregory McGaw
Brookfield, WI

MY EXHUSBAND 
James Robert Blessington 
""New"" Berlin WI

My Former Brother In Law
Daniel Rademacher 
Wales, WI

My Nephews For Life
Benjamin & Jacob Rademacher


Primary Intel Channel TELEGRAM T.me/BRAINWASHED444",2022-05-23T10:38:23Z,105,https://www.youtube.com/watch?v=FPRqkd3evRQ
2DhIJF6x_A0,It&#39;s June the WHO will administer the MOTB,It's June the WHO will administer the MOTB,2022-06-01T10:27:27Z,1620,https://www.youtube.com/watch?v=2DhIJF6x_A0
ItiXE5EwsmI,Mk Ultra Glitch Frozen/Freeze ! Part 2,New World Order Puppet under mind control !!,2022-07-07T14:06:21Z,187,https://www.youtube.com/watch?v=ItiXE5EwsmI
8Z8j8YMMw-Q,"I am afraid to post this video, we’re all gonna die. (2022)","I am afraid to post this video, we’re all gonna die. (2022)
message warning world news current events may 2022 today this week this month motivation motivational
SUBSCRIBE @Anonymous Official @Anonymous Update  for more - https://www.youtube.com/anonymous
WEBSITE - https://anon.news/subscribe
FACEBOOK - https://facebook.com/anonymousdirect
INSTAGRAM - https://instagram.com/anonymous
TWITTER - https://twitter.com/anonymousOfcl

Please SHARE this as widely as you feel drawn...

In this motivational video I walk through what motivates people, a solid definition of motivation, and gives some examples of motivation techniques that can be used in your life.

These videos will inspire and motivate you. Have a watch and get in touch with your natural power to pursue visions, make dreams happen and find the joy of impacting life's journeys!

Watch this motivational video. Motivational videos can be a great way to get some positive energy during the day.

This video is a great motivator. It will restore your hope in the future and help you rediscover your motivation to do things.

This is a motivational video for the people who want to believe in yourself.

Content licensed in part by CTD Clip Licensing Group.",2022-07-07T19:31:47Z,107953,https://www.youtube.com/watch?v=8Z8j8YMMw-Q
O3W9Lv-KldA,"Rare Interview with FBI Ted Gunderson, New World Order, PizzaGate - holytext.org","www.holytext.org/gospel

Cherubim Church is an online ministry during the end times, exposing the deceptions of the last days using the Holy Text given to us by Jesus Christ. Kjv only.

How to get saved

Man is a sinner in the eyes of a Holy God.

Romans 3:23 – For all have sinned and come short of the glory of God.

There is a price for our sin, the wage (what we earn) is death when we sin.

Romans 6:23 – For the wages of sin is death; but the gift of God is eternal life through Jesus Christ our Lord.

Jesus Christ paid for all our sins, by dying on the cross, shedding His blood; Christ was buried and bodily rose again 3 days later.

Romans 5:8 – But God commendeth his love toward us, in that, while we were yet sinners, Christ died for us.

By faith in Jesus Christ alone are we saved forever.

Ephesians 2:8 – For by grace are ye saved through faith; and that not of yourselves: it is the gift of God: Not of works, lest any man should boast.

Faith alone in Christ alone. That is the gospel, it is simple, pure and it saves you eternally. You cannot lose salvation.

Do you trust that Jesus Christ is God come in the flesh? That He died for all your sins on the cross? That He was buried and 3 days later rose from the dead? If you do, you are now saved.",2017-03-26T22:34:12Z,8718,https://www.youtube.com/watch?v=O3W9Lv-KldA
vDjuEaejCIw,#ethanklein Calls for terrorism against former president #DonaldTrump Then  threatens #gregabbott.,"The state of H3H3 is saddening. Ethan calls for terrorism on American soil now #h3h3productions  has been suspended and Ethans doubled down on twitter threatening more elected officials weaponizing his near 3 million followers while promoting his new ""End Gun Violence"" Shirts.

((Due to system failures todays episodes are late))

https://www.youtube.com/watch?v=XE81CNhrlb4
https://www.youtube.com/watch?v=-eoyfu2BsQs
https://thepostmillennial.com/youtuber-ethan-klein-calls-for-bombing-of-nra-conference
Follow me for more content on these platforms!

Twitter- https://twitter.com/Insideforwalls

GETTR-https://gettr.com/user/inside4walls

Rumble-https://rumble.com/account/content?type=all

Instagram-https://www.instagram.com/inside4walls_podcast/?hl=en

Truth Social-https://truthsocial.com/@Inside4Walls",2022-06-01T23:30:09Z,11,https://www.youtube.com/watch?v=vDjuEaejCIw
2FGHen1TrdQ,FALLOS MK- ULTRA EN FAMOSOS Y POLÍTICOS (2022) - y la Elite no quiere que veas,"SI EL VIDEO TE GUSTÓ AGRADECERÍA DE CORAZÓN QUE LE DES UN LIKE, ESO ME AYUDARÍA UN MONTÓN 
INSTAGRAM: https://www.instagram.com/verdades_expuestas/?hl=es",2022-07-09T00:58:40Z,11070,https://www.youtube.com/watch?v=2FGHen1TrdQ
