video_id,title,description,date,fav_count,url
TWpjc1QZg84,Doctor Fact-Checks PLANDEMIC Conspiracy,"Hundreds of you have requested that I watch and respond to the Plandemic movie ft. Dr. Judy Mikovits, recently published on social media. I decided to check it out and respond point by point to the biggest claims the conspiracy theory movie makes. Please be respectful in the comments as the goal is to have a fruitful discussion.


0:30 Facts vs. Opinion
0:58 Fauci Coverup / HIV Vaccine
3:19 Bayh-Dole Act
6:13 Bill Gates
7:23 Profiting from mandatory vaccines
7:58 Anti-Vaccine
8:38 COVID-19 made in a lab
9:47 US funding Wuhan Labs
10:33 Death Certificates
13:01 Hospitals Profiting From COVID-19 Diagnosis
15:53 Ventilators
17:08 Italy / Flu Shots
18:00 Vaccines + Dogs
1908: Hydroxychloroquine
23:33 Autism medication
24:10 Natural Remedies / Pharmaceutical Profits
25:25 Government infecting citizens / reinfections
26:33 Flu vaccines increase COVID-19 risk
27:57 SIP weakens immune systems
31:04 Masks “active” the virus
31:29 Dissenting voices silenced
33:03 Freedoms removed
33:56 Money over ethics
35:13 Doctors with bold claims don’t get funded
35:59 Educating other doctors
36:44 A message to all medical professionals

Natural Evolution: https://onlinelibrary.wiley.com/doi/10.1002/jmv.25688
BMJ: https://www.ncbi.nlm.nih.gov/pmc/articles/PMC545012/

Coronavirus playlist: https://www.youtube.com/playlist?list=PLJRbJuI_csVDDJXtC8wm5UcVKV_CNP84j

Best Sources
https://www.cdc.gov/coronavirus/index.html
https://www.who.int/emergencies/diseases/novel-coronavirus-2019

If you have an idea of something you want me to cover in-depth, please let me know because I take your requests seriously. We will be back with more Medical Drama Review/Responding to comments Series in a couple of weeks, so please submit more names of shows/questions you'd like for me to watch/answer. I love you all! - Doctor Mike Varshavski

Please SUBSCRIBE for new videos every Sunday 10am EST & Wednesday 5pm ▶ https://goo.gl/87kYq6

Let's connect:
Patreon https://www.patreon.com/doctormike
IG https://goo.gl/41ZS7w - Doctor Mike
Reddit https://www.reddit.com/r/DoctorMike
Twitter https://goo.gl/kzmGs5 - Real Doctor Mike
Facebook https://goo.gl/QH4nJS - Real Doctor Mike
Contact Email: DoctorMikeMedia@Gmail.com

P.O. Box (send me stuffs):
340 W 42nd St # 2695
NY, NY 10108

** The information in this video is not intended nor implied to be a substitute for professional medical advice, diagnosis or treatment. All content, including text, graphics, images, and information, contained in this video is for general information purposes only and does not replace a consultation with your own doctor/health professional **

#coronavirus #COVID19 #plandemic",2020-05-10T13:25:34Z,4124579,https://www.youtube.com/watch?v=TWpjc1QZg84
IaxoIbXAcKM,&quot;Plandemic&quot; Video Analysis | Did Judy Mikovits Connect the Dots?,"This video answers the questions: Can I analyze the “Plandemic” video featuring Judy Mikovits? Support Dr. Grande on Patreon: https://www.patreon.com/drgrande

https://heavy.com/news/2020/05/judy-mikovits/
https://www.ncbi.nlm.nih.gov/pmc/articles/PMC7126676/
https://academic.oup.com/cid/article/57/6/789/329048
https://www.syracuse.com/coronavirus/2020/05/youtube-removes-plandemic-video-with-coronavirus-claims-by-dr-judy-mikovits.html

March, E., & Springer, J. (2019). Belief in conspiracy theories: The predictive role of schizotypy, Machiavellianism, and primary psychopathy. PLoS ONE, 14(12), 1–10. doi:10.1371/journal.pone.0225964",2020-05-07T21:15:27Z,449565,https://www.youtube.com/watch?v=IaxoIbXAcKM
KHeg9DDrjMs,A Doctor Reacts To “Plandemic&quot;,"Here is my take on the recently viral video about researcher Judy Mikovits, Fauci, and COVID-19.

Links and more: https://zdoggmd.com/plandemic
See also: https://respectfulinsolence.com/2020/05/06/judy-mikovits-pandemic

Your support makes what we do possible! Join the SuperPac and get exclusive content, live discussions, and other crazy perks:

YouTube: https://www.youtube.com/user/zdoggmd/join
Facebook: http://facebook.com/becomesupporter/zdoggmd
Patreon: http://patreon.com/zdoggmd
PayPal: https://www.paypal.me/zdoggmd

Website: https://ZDoggMD.com
Podcast: https://ZDoggMD.com/podcasts
Facebook: http://facebook.com/zdoggmd
Newsletter: http://eepurl.com/gD8_D1
Twitter: http://twitter.com/zdoggmd
Instagram: http://instagram.com/zdoggmd

Send Us Email: zubin@turntablehealth.com
Send Us Hate Mail:
1025 Alameda De Las Pulgas #218
Belmont, CA 94002",2020-05-06T21:12:51Z,3331040,https://www.youtube.com/watch?v=KHeg9DDrjMs
YqWUuOqf_TU,How &#39;Plandemic&#39; and other conspiracy theories spread,"A new video called 'Plandemic' is full of false claims about COVID-19, but that hasn't stopped it from spreading online. An expert explains how 'Plandemic' and other conspiracy theories get popular.

»»» Subscribe to CBC News to watch more videos: http://bit.ly/1RreYWS

Connect with CBC News Online:

For breaking news, video, audio and in-depth coverage: http://bit.ly/1Z0m6iX
Find CBC News on Facebook: http://bit.ly/1WjG36m
Follow CBC News on Twitter: http://bit.ly/1sA5P9H
For breaking news on Twitter: http://bit.ly/1WjDyks
Follow CBC News on Instagram: http://bit.ly/1Z0iE7O

Download the CBC News app for iOS: http://apple.co/25mpsUz
Download the CBC News app for Android: http://bit.ly/1XxuozZ

»»»»»»»»»»»»»»»»»»
For more than 75 years, CBC News has been the source Canadians turn to, to keep them informed about their communities, their country and their world. Through regional and national programming on multiple platforms, including CBC Television, CBC News Network, CBC Radio, CBCNews.ca, mobile and on-demand, CBC News and its internationally recognized team of award-winning journalists deliver the breaking stories, the issues, the analyses and the personalities that matter to Canadians.",2020-05-12T00:19:36Z,92213,https://www.youtube.com/watch?v=YqWUuOqf_TU
JasyAndXUNE,VERIFY: Debunking the &quot;Plandemic&quot; viral video,"The TEGNA Verify team found the viral 25-minute video is trying to push a narrative filled with falsehoods and a lack of evidence - leading reporter Jason Puckett to label it as disinformation.

Welcome to the KARE 11 News YouTube channel. Subscribe to our channel for compelling and dramatic storytelling, award winning investigations, breaking news and information you can use.

Text your photos, videos and news tips to 763-797-7215.

» Subscribe to KARE 11 on YouTube: https://www.youtube.com/user/KARE11?sub_confirmation=1
» Watch more KARE 11 video: https://www.youtube.com/user/KARE11/v...
» Visit KARE11.com: http://www.kare11.com/
» Download our app! https://www.kare11.com/appredirect/
» Find KARE 11 on Facebook: https://www.facebook.com/KARE11/
» Follow KARE 11 on Twitter: https://twitter.com/kare11
» Follow KARE 11 on Instagram: https://www.instagram.com/kare11/",2020-05-08T22:38:04Z,230491,https://www.youtube.com/watch?v=JasyAndXUNE
_21O53If7BM,Dissecting The Dangerous “Plandemic” Conspiracy Theory,"The internet can be a virtual sewer of misinformation, hoaxes, and ignorant bunk. Even platforms that claim a commitment to stopping the spread of falsehoods, like Facebook, have a history of failing to do so. Now, a new conspiracy theory has surfaced: the “plandemic,” which alleges that coronavirus was engineered to increase vaccinations and make pharmaceutical companies rich. To discuss, Emily Rooney was joined by Adam Reilly of WGBH News; former CNN White House correspondent Dan Lothian; and Joanna Weiss of Northeastern University’s Experience Magazine.",2020-05-15T22:37:26Z,41788,https://www.youtube.com/watch?v=_21O53If7BM
Hyt7GDovwDI,&#39;Plandemic&#39; Viral Video Fact Check By Dr. Mike | NowThis,"Watch Doctor Mike fact check that viral ‘Plandemic’ conspiracy theory video.
» Subscribe to NowThis: http://go.nowth.is/News_Subscribe
» Sign up for our newsletter KnowThis to get the biggest stories of the day delivered straight to your inbox: https://go.nowth.is/KnowThis

In US news and current events today, here's what you need to know about the conspiracy video. See more at from Dr. Mike: youtube.com/channel/UC0QHWhjbe5fGJEPz3sVb6nw/about.

For the latest coronavirus news and COVID-19 updates, subscribe to NowThis News.

#Plandemic #Coronavirus #News #NowThis #NowThisNews

Connect with NowThis
» Like us on Facebook: http://go.nowth.is/News_Facebook
» Tweet us on Twitter: http://go.nowth.is/News_Twitter
» Follow us on Instagram: http://go.nowth.is/News_Instagram
» Find us on Snapchat Discover: http://go.nowth.is/News_Snapchat

NowThis is your premier news outlet providing you with all the videos you need to stay up to date on all the latest in trending news. From entertainment to politics, to viral videos and breaking news stories, we’re delivering all you need to know straight to your social feeds. We live where you live.

http://www.youtube.com/nowthisnews
@nowthisnews",2020-05-20T17:01:29Z,322035,https://www.youtube.com/watch?v=Hyt7GDovwDI
N41pMlW01TI,Plandemic Livestream Episode 52,"Tonight's Sponsor:
Sportsman's Guide
Sportsman's Guide Buyer's Club Members save up to 10% every day, enjoy free standard shipping on all orders $49+, plus exclusive deals, offers, and access to our interest-free 4-Pay plan. Get in on the savings today by starting a special 3-Month Club Intro Membership for just $9.99.

We have replaced superchat with Donorbox, here is the link. https://donorbox.org/trlivestream",2021-02-01T03:13:02Z,14195,https://www.youtube.com/watch?v=N41pMlW01TI
4ez5YLlSI1s,Chewed Up - Plandemic [Official Video],"Chewed Up's new split album 'COSPLIT-19' with Canadian Softball out May 22nd!
🎵 Spotify, iTunes & more ► https://boketomedia.com/cr
👕 Buy merch ► https://boketomedia.com/store

Chewed Up is fictional hardcore parody band created by Jarrod Alonge. They're signed to Chodezilla Records with other ""satirecore"" acts like Sunrise Skater Kids (pop punk), Amidst the Grave's Demons (metalcore), Vermicide Violence (deathcore) and many more. Check out their new EP 'COSPLIT-19' with Canadian Softball in stores May 22nd!

Written by Jarrod Alonge & Lee Albrecht
Produced, Mixed & Mastered by Lee Albrecht
Vocals by David Thompson
Video by Jarrod Alonge
Footage by Cotton Video & Graphics

Follow Chodezilla Records for more comedy music!
👍 Facebook ► https://facebook.com/ChodezillaRecords
🔷 Twitter ► https://twitter.com/ChodezillaMusic
📸 Instagram ► https://instagram.com/ChodezillaRecords
👾 Discord ► https://discord.gg/GTBrtFp
👕 Buy merch ► https://boketomedia.com/chodezilla

Follow Boketo Media for the newest projects!
👍 Facebook ► https://facebook.com/boketomedia
🔷 Twitter ► https://twitter.com/boketomedia
📸 Instagram ► https://instagram.com/boketomedia
🎥 YouTube ► https://youtube.com/boketomedia?sub_confirmation=1
👾 Discord ► https://discord.gg/GTBrtFp
👕 Buy merch ► https://boketomedia.com/store

#ChewedUp #COSPLIT19 #ChodezillaRecords",2020-05-22T16:00:09Z,21409,https://www.youtube.com/watch?v=4ez5YLlSI1s
BESMxl9-P9w,&quot;Plandemic&quot; Analysis | Judy Mikovits - London Real Interview,"This video answers the questions: Can I analyze Judy Mikovits / London Real interview about the “Plandemic?” Support Dr. Grande on Patreon: https://www.patreon.com/drgrande

Moyer, M. W. (2019). Why We Believe Conspiracy Theories. Scientific American, 320(3), 58.

Connolly, J. M., Uscinski, J. E., Klofstad, C. A., & West, J. P. (2019). Communicating to the Public in the Era of Conspiracy Theory. Public Integrity, 21(5), 469–476.

Klein, C., Clutton, P., & Dunn, A. G. (2019). Pathways to conspiracy: The social and linguistic precursors of involvement in Reddit’s conspiracy theory forum. PLoS ONE, 14(11), 1–23.

Leone, L., Giacomantonio, M., & Lauriola, M. (2019). Moral foundations, worldviews, moral absolutism and belief in conspiracy theories. International Journal of Psychology, 54(2), 197–204.

Douglas, K. M., Uscinski, J. E., Sutton, R. M., Cichocka, A., Nefes, T., Ang, C. S., & Deravi, F. (2019). Understanding Conspiracy Theories. Political Psychology, 40, 3–35.

Hawley, K. (2019). Conspiracy theories, impostor syndrome, and distrust. Philosophical Studies, 176(4), 969–980.

Jolley, D., Douglas, K. M., & Sutton, R. M. (2018). Blaming a Few Bad Apples to Save a Threatened Barrel: The System‐Justifying Function of Conspiracy Theories. Political Psychology, 39(2), 465–478.

Rakopoulos, T. (2018). Show me the money: Conspiracy theories and distant wealth. History & Anthropology, 29(3), 376–391.

Grimes, D. R. (2016). Correction: On the Viability of Conspiratorial Beliefs. PLOS ONE, 11(3).

March, E., & Springer, J. (2019). Belief in conspiracy theories: The predictive role of schizotypy, Machiavellianism, and primary psychopathy. PLoS ONE, 14(12), 1–10. doi:10.1371/journal.pone.0225964",2020-05-09T00:57:11Z,115740,https://www.youtube.com/watch?v=BESMxl9-P9w
4GdRSxhMRHU,AbiYah Yisrael - Corona Virus (Plan-demic) [Official Video 2020],"⏩ SUBSCRIBE http://bit.ly/yt-reggaeville
✅ Log on https://www.REGGAEVILLE.com
🔔 GET NOTIFIED about new videos!

Title: Corona Virus (Plan-demic)
Artiste: AbiYah Yisrael
Produced and mixed by: ChaYah Studios @obadyah_ben_avraham
Video Edited by: Michael Lees @mike_please
Artwork Licensed by: Kaz Fields @hgfieldsart

Purchase and Stream
https://distrokid.com/hyperfollow/abiyahyisrael/corona-virus


Follow AbiYah Yisrael
Instagram https://www.instagram.com/abiyahmusic/
Facebook: https://www.facebook.com/abiyah.truthmusic/


#ReggaevilleVideoPremiere #MaadSickReggaeville #Reggaeville",2020-05-19T13:30:15Z,11974,https://www.youtube.com/watch?v=4GdRSxhMRHU
7aT-Nb0nDeY,Why People Believe Crazy Conspiracy Theories | The &quot;Plandemic&quot; Effect,"What fuels conspiracy thinking and how can we behave more rationally? A live rant about ""Plandemic,"" those Bakersfield doctors, and the allure of conspiracy thinking.

Links, audio podcast, and more at https://zdoggmd.com/conspiracy-plandemic

Your support makes what we do possible! Join the SuperPac and get exclusive content, live discussions, and other crazy perks:

YouTube: https://www.youtube.com/user/zdoggmd/join
Facebook: http://facebook.com/becomesupporter/zdoggmd
Patreon: http://patreon.com/zdoggmd
PayPal: https://www.paypal.me/zdoggmd

Website: https://ZDoggMD.com
Podcast: https://ZDoggMD.com/podcasts
Facebook: http://facebook.com/zdoggmd
Newsletter: http://eepurl.com/gD8_D1
Twitter: http://twitter.com/zdoggmd
Instagram: http://instagram.com/zdoggmd

Send Us Email: zubin@turntablehealth.com
Send Us Hate Mail:
1025 Alameda De Las Pulgas #218
Belmont, CA 94002",2020-05-08T22:08:41Z,79633,https://www.youtube.com/watch?v=7aT-Nb0nDeY
O09lwkHeEvI,Lightning talk | Mapping the plandemic,"The COVID-19 conspiracy video “Plandemic” was one of the defining viral disinformation events of 2020. The slickly produced, self-styled “documentary” featured a former research scientist active in anti-vaccine activist circles as an authority figure and was announced ahead of time by its producers to build anticipation. Within hours of its premiere, “Plandemic” racked up hundreds of millions of views online. By the time major platforms took action to limit its spread, the video had gained hold across the entrenched ecosystem of niche conspiracy communities and spread across smaller hosting in anticipation of its removal from Facebook, YouTube, and Twitter. In this talk, DFRLab researchers will discuss how the trajectory of “Plandemic” serves as an important case study for how disinformation spreads, the challenges and limits of content moderation focused on specific pieces of viral content, and how different communities respond to platform enforcement.

Speaker:
Zarine Kharazian, Associate Editor, Digital Forensic Research Lab, Atlantic Council",2021-06-25T01:44:32Z,812,https://www.youtube.com/watch?v=O09lwkHeEvI
tcGVxMFxySg,Plandemic,"Provided to YouTube by ONErpm

Plandemic · Toplane · Michael Bembridge

Plandemic

℗ Toplane

Released on: 2021-12-17

Auto-generated by YouTube.",2021-12-16T10:01:06Z,160,https://www.youtube.com/watch?v=tcGVxMFxySg
nEy0EVCRvdg,Did Jen Psaki say &quot;Pandemic&quot; or &quot;Plandemic?&quot; Freudian slip maybe? 🤔,"8-25-2021 press conference, Jen Psaki calls the pandemic a ""plandemic."" Freudian slip maybe?",2021-08-26T01:09:46Z,76011,https://www.youtube.com/watch?v=nEy0EVCRvdg
lpt3eDD3H4E,Plandemic Movie Trailer,Put together a movie trailer from footage I shot of a few friends while quarantined.,2020-04-12T17:59:36Z,37567,https://www.youtube.com/watch?v=lpt3eDD3H4E
V1tQnU5WtTQ,WION Wideangle: Coronavirus: Pandemic or &#39;Plan&#39;demic?,"The coronavirus pandemic has unleashed a wave of conspiracy theories. WION Wideangle investigates the most intriguing and bizarre theories on 'Coronavirus: Pandemic or 'Plan'demic?'

#WIONWideangle #WION #CoronavirusPandemic

About Channel:

WION -The World is One News, examines global issues with in-depth analysis. We provide much more than the news of the day. Our aim to empower people to explore their world. With our Global headquarters in New Delhi, we bring you news on the hour, by the hour. We deliver information that is not biased. We are journalists who are neutral to the core and non-partisan when it comes to the politics of the world. People are tired of biased reportage and we stand for a globalised united world. So for us the World is truly One.

Please keep discussions on this channel clean and respectful and refrain from using racist or sexist slurs as well as personal insults.

Subscribe to our channel at https://goo.gl/JfY3NI
Check out our website: http://www.wionews.com
Connect with us on our social media handles:
Facebook: https://www.facebook.com/WIONews
Twitter: https://twitter.com/WIONews

Follow us on Google News for latest updates

Zee News:- https://bit.ly/2Ac5G60
Zee Bussiness:- https://bit.ly/36vI2xa
DNA India:- https://bit.ly/2ZDuLRY
WION: https://bit.ly/3gnDb5J
Zee News Apps : https://bit.ly/ZeeNewsApps",2020-07-17T19:28:42Z,452067,https://www.youtube.com/watch?v=V1tQnU5WtTQ
gSKY4Oz9IXQ,THE REAL TRUTH ABOUT CORONAVIRUS by Dr. Steven Gundry,"Please follow the WHO Coronavirus Guidelines as set here:
https://www.who.int/health-topics/coronavirus

Subscribe for Motivational Videos Every Weekday, Helping You Get Through The Week! http://bit.ly/MotivationVideos

Follow us on:
Instagram: http://bit.ly/2rhGNMY
Facebook: http://bit.ly/2r85DC3
Twitter: http://bit.ly/2qir5TO

Special thanks to London Real! Check out their awesome channel here:
https://www.youtube.com/user/LondonRealTV


Follow Steven Gundry:
Website: https://gundrymd.com
YouTube: https://bit.ly/2xZVkzo
Instagram: https://bit.ly/2KQ57hy

----------------------------------------­­-------------------------

Footage licensed through Videoblocks, Artgrid, and Filmpac.

----------------------------------------­­-------------------------

Copyright disclaimer:
We own commercial licenses for all the content used in this video and it was fully edited by us.

Help us caption & translate this video!
http://bit.ly/Translate4Motivation

#StayHome #WithMe",2020-04-27T11:00:19Z,6830899,https://www.youtube.com/watch?v=gSKY4Oz9IXQ
SEbMNuVrZMU,Debunked COVID-19 &#39;Plandemic&#39; Conspiracy Driven By Uncertainty,"A virus conspiracy video gains views despite being debunked

Learn more about this story at https://www.newsy.com/101337/

Find more videos like this at https://www.newsy.com

Follow Newsy on Facebook: https://www.facebook.com/newsy
Follow Newsy on Twitter: https://www.twitter.com/newsy",2020-05-15T00:20:03Z,45819,https://www.youtube.com/watch?v=SEbMNuVrZMU
LMBstuNgj0Y,"&#39;The Week That Was&#39; Michael Flynn, The Plandemic Documentary &amp; The Shooting of  Ahmaud Arbery","Craig Fahle, host of 'The Week That Was' on DeadlineTV, discuss with regular hosts and special guest Greg Bowens about Michael Flynn's future, the recent Plandemic documentary & the shooting of Ahmaud Arbery.",2020-05-08T19:05:55Z,1762,https://www.youtube.com/watch?v=LMBstuNgj0Y
GbFFUFchspg,Debunking the coronavirus conspiracies in viral ‘Plandemic’ video,"Dr. Dara Kass, a Yahoo News medical contributor, and Dr. Michael Saag, an epidemiologist at the University of Alabama, Birmingham, address some of the false medical claims made in the viral video ""Plandemic,"" which was removed by social media platforms after garnering millions of views.

Follow us on:
Facebook: https://www.facebook.com/yahoonews
Instagram: https://www.instagram.com/yahoonews/
Twitter: https://twitter.com/yahoonews
Website: https://news.yahoo.com/

#Pandemic #Coronavirus #Conspiracy",2020-05-16T19:13:16Z,5937,https://www.youtube.com/watch?v=GbFFUFchspg
4NkqPCZtepc,Should PLANDEMIC Have Been CENSORED? | ZDoggMD Interview Clip | TJHS Ep. 354,"A recent viral video in the form of an extended trailer for a documentary called Plandemic -- which made many bold claims surrounding the source and spreading of COVID-19 -- was removed by both YouTube and Facebook due its the spreading of misinformation. But were the platforms correct to censor Plandemic and its ""star"" Dr. Judy Mikovitz?

In this clip from The Jordan Harbinger Show, I chat with doctor and YouTube sensation ZDoggMD (aka Dr. Zubin Damania) about whether Plandemic should have been removed, how such videos go so viral, and whether or not there is a better alternative than removal of these videos.

Watch the full interview with ZDoggMD here:
https://youtu.be/vk8geLY56gM

Full show notes here:
https://jordanharbinger.com/354

Want to go deeper on Coronavirus? Check out our interview with former CDC Director, Julie Gerberding:
https://youtu.be/E9B-0IXaGzc

The original Plandemic is no longer available on mainstream websites, but you can learn more about it here:
https://en.wikipedia.org/wiki/Plandemic

Check out Dr. Damania's channel here:
https://www.youtube.com/user/ZDoggMD

And get up-to-date information about COVID-19 from the CDC here: https://www.cdc.gov/coronavirus/2019-ncov/index.html

Never miss a single incredible insight by subscribing to the Jordan Harbinger Show here: http://www.youtube.com/THEJORDANHARBINGERSHOW?sub_confirmation=1

Welcome to The Jordan Harbinger Show, a video podcast where each week you get to join a conversation with some of the world’s highest performers and incredible personalities. I’ll ask them the tough questions to tease out their top tips so that you can reach levels of personal growth and mastery that you never imagined possible.

Subscribe to the podcast: http://jordanharbinger.com/subscribe/
Learn more about Jordan: http://jordanharbinger.com/about",2020-05-24T17:00:01Z,5520,https://www.youtube.com/watch?v=4NkqPCZtepc
2oPfcibMQGE,Plandemic,"Provided to YouTube by DistroKid

Plandemic · CrossBreed and MTD and Mr Traumatik

Plandemic

℗ Cross Cultcha Recordings

Released on: 2020-12-02

Auto-generated by YouTube.",2020-12-01T10:18:13Z,85454,https://www.youtube.com/watch?v=2oPfcibMQGE
jXNT4SRkAE4,‘Plandemic’ Planet: Battling the Infodemic #CyFy2020,"From heads of state to terrorists, there is no shortage of actors willing to manipulate platforms to create and amplify mis- and disinformation. The Covid-19 pandemic has fed into an existing infodemic, further damaging the digital public sphere. This is a global problem, with research suggesting that malicious actors are increasingly “bandwagoning” onto each other’s information operations. Although states have begun to address to the crisis of mis- and disinformation, global responses remain disparate and fragmented. How can states, platforms and communities balance tensions between national legal regimes and international rights frameworks in cyberspace?

Moderator: Mahima Kaul, Director of Public Policy, Twitter India

Speakers:

Latha Reddy, Co-Chair, Global Commission on the Stability of Cyberspace

Weifeng Zhong, Senior Research Fellow, Mercatus Center at George Mason University

Kevin Allison, Director, Geo-technology, Eurasia Group

Pavel Koshkin, Research Fellow, Institute for US and Canadian Studies at Russian Academy of Sciences

#Plandemic #Infodemic #CyFy2020",2020-10-14T05:45:12Z,1361,https://www.youtube.com/watch?v=jXNT4SRkAE4
IYK4DkK7qeY,Plandemic - Rabbit&#39;s Used Cars,RUC 143 - From bad to good... Rabbit wants to know your plandemic.,2021-03-12T15:30:01Z,37672,https://www.youtube.com/watch?v=IYK4DkK7qeY
U_LKBtE3x8A,"Office Hours Barbershop: Washed Purchases, Dr. Seuss Cancelled, &amp; &quot;The Plandemic&quot; | DESUS &amp; MERO","Will, the show's barber, welcomes you to the Office Hours Barbershop as Desus and Mero do a little parkour, discuss washed life, barbershop culture, Dr. Seuss's cancellation, and the tell-tale signs people are not taking the COVID-19 pandemic seriously.

#DESUSandMERO
#BodegaHive

Subscribe to the DESUS & MERO YouTube channel: https://goo.gl/MRjgEi

Don’t have SHOWTIME? Order now: http://s.sho.com/1HbTNpQ

Get DESUS & MERO merchandise now: http://s.sho.com/DMMerchYT

Get more DESUS & MERO:
Follow: https://twitter.com/shodesusandmero/
Like: https://www.facebook.com/DESUSandMERO
Instagram: https://www.instagram.com/shodesusandmero/
Website: https://www.sho.com/desus-and-mero

DESUS & MERO, the Bronx’s very own, reconnected online in the early days of Twitter, where they unleashed their potent personalities and found themselves kindred spirits.. That led to stints on Complex and MTV, the Bodega Boys podcast, and a daily late-night show on Viceland, developing a feverish following. The quick-witted duo brings a distinct voice to late night, delivering smart and comedic commentary on any and all topics, that keeps audiences buzzing. DESUS & MERO continue to host their Bodega Boys podcast.",2021-03-12T21:16:52Z,96078,https://www.youtube.com/watch?v=U_LKBtE3x8A
zUbQlV11WjA,Jah Reefa - Plandemic (Official Music Video),"Subscribe to my vlog: https://youtube.com/krishnadavis
Watch: https://www.youtube.com/watch?v=O6BSumjTplc

Music video by Jah Reefa performing ""Plandemic""... 2020

Connect with me: ⤵️
Instagram: http://instagram.com/krishgenius
Instagram: http://instagram.com/krishgeniusreport
Facebook: http://fb.me/KrishGeniusReport
SC: krishgenius

#NewMusic #JahReefa #Plandemic",2020-08-21T20:00:09Z,5911,https://www.youtube.com/watch?v=zUbQlV11WjA
zqOezDycX1c,Plandemic / Let&#39;s Go Brandonn,"Provided to YouTube by TuneCore

Plandemic / Let's Go Brandonn · Taylaflairr

Plandemic / Let's Go Brandonn

℗ 2022 Independent

Released on: 2022-01-08

Auto-generated by YouTube.",2022-01-07T10:05:17Z,26,https://www.youtube.com/watch?v=zqOezDycX1c
4KfSlN5PBpg,A ”Plandemic’ flavored Coronavirus Update Part 2,Here is day 2 of Dr. Galvin’s analysis of the Plandemic video. Plus his thoughts on censorship and civil discourse.,2020-05-08T00:12:05Z,111308,https://www.youtube.com/watch?v=4KfSlN5PBpg
4qFbsDH4mbA,Times Radio: Plandemic B,"Launching a new speech radio station on a tight deadline is tough. Where are the studios going to be? How will the staff be trained? Are there enough supplies of tea and gaffer tape? Times Radio had to cope with all of these challenges – and then along came Covid-19.

One year on from the launch, take a look back with Lead Stations Engineer Chris Thame to find out how the team managed to get on air whilst staying 2m apart.",2021-06-22T19:49:24Z,133,https://www.youtube.com/watch?v=4qFbsDH4mbA
E2ta1U3ijc8,Natty King &quot;plandemic&quot;,"Natty King ""plandemic""
Release, 20.08.2021 DL

https://songwhip.com/various-artists/serious-time-riddim

Sax-Lorenz Spritzendorfer
Trumpet-Martin Fischer
Trombone-Markus Hoffmann
Bass-Manfred Scheer
Guitars-Herb Pirker
Keyboards-Parvez Syed
Drums, Percussion-Sam Gilly

http://www.houseofriddim.com
https://www.facebook.com/Houseofriddim
https://www.facebook.com/Houseofriddi...
http://www.youtube.com/houseofriddimband
https://www.instagram.com/houseofriddim",2021-08-19T22:00:30Z,1676,https://www.youtube.com/watch?v=E2ta1U3ijc8
VT_rQ3yE8u4,Jon Bulls - Plāndēmija / Plandemic,"Beat by: 21beats - https://soundcloud.com/mariospasovmusic
Facebook - https://www.facebook.com/Jon-Bulls-10...
Instagram - https://www.instagram.com/jon_bulls/
Video editing - Kaiser Arts

Support me - https://www.paypal.com/cgi-bin/webscr?cmd=_donations&business=F4WQAAHVVYYDN&currency_code=EUR&source=url

#JonBulls #Plandemic #21beats #FrontLineRecords #Plāndēmija",2020-08-24T18:03:51Z,1045,https://www.youtube.com/watch?v=VT_rQ3yE8u4
bIY-Chq27Wc,8 things &#39;Plandemic&#39; gets wrong,"We fact-checked 8 of the most egregious falsehoods in ""Plandemic"" — a video full of conspiracy theories about the coronavirus https://bit.ly/35EugYC

Follow us on:
Facebook: https://facebook.com/politifact
Twitter: https://twitter.com/politifact
Instagram: https://instagram.com/politifact",2020-05-10T16:13:29Z,25459,https://www.youtube.com/watch?v=bIY-Chq27Wc
Rban0JGEimE,Plandemic and the seven traits of conspiratorial thinking,"This video was written by John Cook (George Mason University), Stephan Lewandowsky (University of Bristol), Ullrich Ecker (University of Western Australia), and Sander van Der Linden (Cambridge University).

Follow me here:
TWITTER: https://twitter.com/johnfocook
INSTAGRAM: https://www.instagram.com/johnfocook/
FACEBOOK: https://www.facebook.com/john.cook.186/
Please sign up for updates on my projects below:
https://sks.to/crankynews",2020-05-12T12:23:28Z,31396,https://www.youtube.com/watch?v=Rban0JGEimE
oIT1I5oR08s,Plan-Demic,"Provided to YouTube by La Cupula Music

Plan-Demic · Blazin · Killah Priest · Sav Killz

Plan-Demic

℗ La Cupula Music

Released on: 2022-05-06

Composer: Da Inphamus Amadeuz

Auto-generated by YouTube.",2022-05-05T10:04:08Z,99,https://www.youtube.com/watch?v=oIT1I5oR08s
G5aA4ND7598,Vegas Date Spots During a PLandemic??,"Andrew and Busi attempt to knock the rust off of the video version of Tells Podcast. They reminisce about the WSOP grind in Mexico; discuss what their dreams are and whether they were implanted via the media; and cruise around Downtown Las Vegas on some bikes during a hot date.

Intro/Outro music by DJ Quads. B-roll music by Ventura.

Find us on Instagram:
instagram.com/busisiweb
instagram.com/yayandrew

Andrew's other YouTube channel: youtube.com/andrewneeme",2020-09-14T19:28:40Z,837,https://www.youtube.com/watch?v=G5aA4ND7598
K1-EkuG0Wy0,Surviving the Virus... (please share if you care),Surviving the Virus... (please share if you care),2020-03-14T15:40:59Z,215101,https://www.youtube.com/watch?v=K1-EkuG0Wy0
Lt_ErglUdRk,Plandemic,"Provided to YouTube by DistroKid

Plandemic · Chug

Conquer Fear

℗ 2719839 Records DK

Released on: 2021-02-05

Auto-generated by YouTube.",2021-02-06T21:22:36Z,22,https://www.youtube.com/watch?v=Lt_ErglUdRk
FOaMSC034nY,The truth about that &#39;Plandemic&#39; video,"Pandemic or #plandemic? The latest viral internet video is a conspiracy theory documentary chock full of misleading claims about the origin of #coronavirus, flu vaccines, and wearing a mask. The video is clearly produced by professionals and looks “nice.” But we know that there’s always more than meets the eye.

In this video, we talk about some claims hand-picked from PolitiFact’s roundup of misleading claims from the documentary.

UPDATE (5/12/2020): We reached out to the makers of the film as well as Mikovits for comment and they have not responded as of Tuesday afternoon.

This video was produced in partnership with PolitiFact, you can check out their excellent reporting on the 'Plandemic' video here:
Fact-checking ‘Plandemic’: A documentary full of false conspiracy theories about the coronavirus https://www.politifact.com/article/2020/may/08/fact-checking-plandemic-documentary-full-false-con/

Also check out our MediaWise fact-check referenced in the video: Can this malaria drug (chloroquine) also cure COVID-19? https://youtu.be/ikxcENXelUY

MediaWise is a nonprofit media literacy project of The Poynter Institute. Poynter is also home to PolitiFact.

---
Learn more about MediaWise: https://www.poynter.org/mediawise
Want us to fact-check something you’ve seen on your timeline? Use the hashtag #IsThisLegit to get our attention.

All of our stories are posted on Instagram. See what we’re fact-checking today!
Follow MediaWise on Instagram: https://instagram.com/mediawise
Follow MediaWise on Facebook: https://facebook.com/mediawise
Follow MediaWise on Twitter: https://twitter.com/mediawise
Follow MediaWise on TikTok: https://tiktok.com/@mediawise

MediaWise is a digital media literacy initiative led by The Poynter Institute: Its mission is to teach Americans of all ages how to sort fact from fiction online. The work of MediaWise has been seen by more than 10 million people since the project launched in 2018. The MediaWise program teaches people through in-person and virtual training events, online educational videos, fact-checking content reported by its Teen Fact-Checking Network, and its MediaWise Ambassador program — a group of prominent journalists and influencers who help promote the MediaWise mission. In 2020, Poynter launched the MediaWise Voter Project (#MVP2020) to teach first-time voters how to find reliable information online about the U.S. presidential election, a new initiative supported by Facebook. The foundation of MediaWise was created with support from Google.org, and MediaWise is a part of Google News Initiative (Google is the parent company of YouTube). Learn more at poynter.org/mediawise.",2020-05-11T21:22:43Z,9941,https://www.youtube.com/watch?v=FOaMSC034nY
6Mm90mSC-cs,Covid-19 पर Viral Documentary Plandemic में कितना सच? | Fact Check | Padtal | Judy Mikovits | Fauci,"स्टोरी - https://www.thelallantop.com/factcheck/science-journal-on-virologist-judy-mikovits-covid-19-claims-in-a-viral-documentary-video-titled-plandemic/

A documentary video named 'Plandemic' is going viral on social media even after Facebook and Youtube took it down. In the video interview, American Virologist Judy Mikovits has made many controversial claims regarding Coronavirus, Covid-19, Anthony Fauci, Bill Gates, and top American institutes. Prestigious journal 'Science' provided a Fact Check to all those claims made in the documentary. In this video of Padtal, we bring the story of Judy Mikovits, her video and Fact Check of the video. Are American Scientists hiding something about the coronavirus or is this just another Conspiracy Theory? Watch this video of #Padtal to know the answer.

Install The Lallantop Android App: https://thelallantop.app.link/zCSsHooQSU

Follow us on: https://www.instagram.com/thelallantop/

Like The Lallantop on Facebook: https://www.facebook.com/thelallantop/

Follow The Lallantop on Twitter: https://twitter.com/TheLallantop

Follow Latak on Instagram: https://www.instagram.com/latak.lallantop/

For advertisements e-mail us at: Ads@thelallantop.com

Produced By: The Lallantop
Edited By: Maneesh Negi",2020-05-23T05:30:00Z,366139,https://www.youtube.com/watch?v=6Mm90mSC-cs
V6NNwjTYLIs,Doctor reacts to Plandemic,"Hello All I have been sent many Conspiracy theory videos recently and this is first one I have debunked publicly. All my references and research from video are listed below. Please leave  me a question  or comment if you would like to see more.

new article published May 9th basically backs up everything I say in video (enjoy)
https://www.sciencemag.org/news/2020/05/fact-checking-judy-mikovits-controversial-virologist-attacking-anthony-fauci-viral

NEW links added by commenters.
Evidence she stole her notebooks
http://blogs.nature.com/news/2011/11/researcher_confesses_to_steali_1.html?fbclid=IwAR2PBVsKsZy6kb810WRFQaSHcHTrEtkY3-PrM87kWeZFbLjd674rb8JrRMw
Evidence she actually proved there was no link between XMRV and CFS
https://www.sciencemag.org/news/2012/09/final-study-confirms-virus-not-implicated-chronic-fatigue-syndrome?fbclid=IwAR3zS2GCCwFyYhvLPkZiULS7ifP_JH4vJc6yV7s-e1l07EjNI_uK4LzX1X8

Science Journal Retracts her 2011 Paper
https://science.sciencemag.org/content/334/6063/1636.1/tab-pdf

actual retracted article
https://science.sciencemag.org/content/326/5952/585/tab-pdf

Letter of concern regarding her research
https://science.sciencemag.org/content/333/6038/35.1

Snopes article debunking her claims
https://www.snopes.com/fact-check/scientist-vaccine-jailed/

reporting her firing with cause
https://www.chicagotribune.com/lifestyles/health/chi-chronic-fatigue-syndrome-paper-10032011-story.html
'
Article of her arrest
https://www.chicagotribune.com/nation-world/ct-xpm-2011-11-22-ct-nw-chronic-fatigue-scientist-arrest-20111122-story.html?fbclid=IwAR1Dl32zH-YtCKyHpmpKcQXaJlESDGnwVgNFvSsJrZ41B-2S_gKTj06Uxps


Excess Deaths Graphs, Coronavirus
https://www.ft.com/content/6bd88b7d-3386-4543-b2e9-0d5c6fac846c

Discredited Bakersfield Doctors
https://www.kqed.org/news/11814749/bakersfield-doctors-dubious-covid-19-test-conclusions-spread-like-wildfire
https://www.kget.com/health/coronavirus/joint-statement-issued-by-national-physicians-groups-condemns-reckless-of-two-bakersfield-doctors/

Italian Doctor Death Toll
https://www.thelocal.it/20200409/more-than-100-doctors-have-now-died-in-italys-coronavirus-outbreakHydroxychloroquine

https://www.cnn.com/2020/04/21/health/hydroxychloroquine-veterans-study/index.htmlhttps://www.ncbi.nlm.nih.gov/pmc/articles/PMC7102549/

Suramin
https://health.ucsd.edu/news/topics/suramin-autism/pages/default.aspx
https://www.thestar.com/life/2018/09/17/larger-trial-of-experimental-autism-drug-planned-for-2019.html

Flu vaccine article
https://www.ncbi.nlm.nih.gov/pmc/articles/PMC7126676/",2020-05-07T14:31:47Z,163928,https://www.youtube.com/watch?v=V6NNwjTYLIs
u-1ycx6-5uk,Kroks - Plandemic [Close 2 Death],"Kroks - Plandemic

//release date
10.05.2021

Close 2 Death

Download //
https://www.beatport.com/release/propaganda-ep/3375779

Donation for Bass Rabbit //
https://www.paypal.com/donate?hosted_button_id=7QHVXV4MC4M7W

Algorithm Artwork & Design //
https://www.facebook.com/algorithmdesignstudio/

🔴FOLLOW KROKS //
https://www.facebook.com/Kroksmanagement
https://soundcloud.com/kroks-1

🔴FOLLOW CLOSE 2 DEATH RECORDINGS //
https://www.facebook.com/Close2DeathRecordings
https://vk.com/c2drec
https://www.beatport.com/label/close-2-death/2804
https://soundcloud.com/close2death

🔴FOLLOW BASS RABBIT //
https://www.youtube.com/c/BassRabbit
https://www.facebook.com/pg/Bass-Rabbit-277424969555160
https://soundcloud.com/bass_rabbit1
https://www.instagram.com/bass_rabbit/

Please contact me if you want to delete a track !!!

All rights of the tunes on this channel belong to the artists and to the labels.",2021-05-01T17:00:17Z,4168,https://www.youtube.com/watch?v=u-1ycx6-5uk
OjnLkhyi4KE,VERIFY: The &quot;Plandemic&quot; documentary being shared on social media is full of misinformation,"A viral video titled ""Plandemic"" went live on YouTube before the platform quickly removed it. Here's a look at the claims surrounding COVID-19 in the video.

Text FACTS to 515-457-1026 for the latest coronavirus coverage.

Full story: https://www.weareiowa.com/article/news/verify/verify-the-plandemic-documentary-is-full-of-misinformation/507-95caed4e-7a95-4452-ba7f-98cd0442c9e9

Download the We Are Iowa app: https://weareiowa.com/app",2020-05-09T02:32:16Z,152124,https://www.youtube.com/watch?v=OjnLkhyi4KE
6uPCXAy_B7k,Nasty Bucket  -  Plandemic,"Spotify  :  https://open.spotify.com/album/0McsY9UPOMb32nQCm8l5TJ?si=0lfelIWGQUiS2KhaGtcs1Q

Band Facebook  :  https://www.facebook.com/nastybucket

Studio  :  https://www.facebook.com/chainsawmediapowassan

Available on all streaming services !",2022-02-11T21:00:05Z,2075,https://www.youtube.com/watch?v=6uPCXAy_B7k
IE87__6fPhQ,The Plandemic Song,"Provided to YouTube by DistroKid

The Plandemic Song · Big Dharma

The Plandemic Song

℗ MRNA

Released on: 2022-01-24

Auto-generated by YouTube.",2022-01-24T05:05:57Z,223,https://www.youtube.com/watch?v=IE87__6fPhQ
nTlhAOtoVsg,Doctors React: Plandemic Movie  | Auburn Medical Group,"Two Medical Doctors react to the trailer for the Plandemic movie.  Do doctors get paid more if they code patients as having COVID-19?  Are doctors being pressured to code for COVID-19?  Why are the ""doctors"" in the Plandemic Movie so angry?  Watch this livestream to learn from real doctors who actually test patients for Coronavirus and code CORRECTLY and accurately.  Read more at https://drgreenknight.com.   Medically Speaking Radio can be heard at https://anchor.fm/medicallyspeaking.  It will soon be on all the regular podcast outlets.  Become a channel member: https://www.youtube.com/channel/UCOShHskqTZNneTshYWV14wQ/join  Dr. Greenknight at https://drgreenknight.com Thank you to our patrons on Patreon and YouTube members at the ""Name in the Description"" level and higher:  Lindsay Graff LeeAnn Vaughan John P. Baugh BooBoo Kitty Don Pamela Schramke Jennifer Dickson Teresia Rowatt Leslie Tiller Laura Spirz Join our channel membership: https://www.youtube.com/channel/UCOShHskqTZNneTshYWV14wQ/join  This video is not intended to diagnose or treat any condition.  It is for educational purposes only.  It is not a substitute for evaluation by your own doctor.  Learn how to contribute and get rewards through Patreon: https://www.patreon.com/doctorvaughan   e sure to subscribe to the Auburn Medical Group YouTube Channel: http://www.youtube.com/c/auburnmedicalgroup?sub_confirmation=1  You can follow Dr. Mark Vaughan on Twitter and Instagram: @doctorvaughan.  You can find the Auburn Medical Group on Facebook: https://www.facebook.com/Auburn-Medical-Group-Inc-102055798325/?fref=ts  Please comment and ask questions.  Share with your friends who would be interested in seeing this video.  To help with correcting transcriptions/captions in any language go to: http://www.youtube.com/timedtext_cs_panel?tab=2&c=UCOShHskqTZNneTshYWV14wQ  Go to https://www.auburnmedicalgroup.com to learn about primary medical care in Auburn, California.  Mailing address:  Auburn Medical Group YouTube Channel 3280 Professional Drive Auburn, CA 95602  All patients on our videos give written consent to post videos on YouTube of their office visit and for discussion of their medical condition voluntarily and without coercion.  Music Credit: ""Locally Sourced"" by Jason Farnham (Royalty Free Music on YouTube).",2020-05-12T00:07:51Z,6658,https://www.youtube.com/watch?v=nTlhAOtoVsg
kR7bDkmgXOg,Two mutants - Plandemic - [XCIMEDNALPX],"Coercion and extortion
limitless slavery
boundless bondage
lie and chaos
A Domesticated Society
plandemic
extermination...

#electronicmusic
#twomutants
#darkdance
#electronica

Plandemic
[CIMEDNALP]
2021
Two mutants

Credits:
Music and film by
Andrés Royet & Erika Gómez

""Support this project, your contribution helps us to continue
creating and dreaming in this world "" ...


https://www.patreon.com/twomutants
https://www.paypal.com/paypalme/twomutants?utm_content=2cEnlvzy6XLughnofISMrw&utm_medium=6cf79a93be894c2086b8cbf737e0796b

Follow us on:

https://www.instagram.com/twomutantx/
https://www.facebook.com/twomutantsx
https://soundcloud.com/twomutants
https://twomutants.bandcamp.com/
https://vimeo.com/twomutants
https://open.spotify.com/artist/2cEnlvzy6XLughnofISMrw?si=-qNzFcB3SFejsxfehqA8bQ",2021-11-22T18:36:20Z,196,https://www.youtube.com/watch?v=kR7bDkmgXOg
e5WinJyQsQk,What Is There To Do at Lake Hemet? | Holiday PLANdemic,"#LakeHemet #Tour #TheAdventureBuddies
Looking for things to do in Lake Hemet?  Check out our tour and even learn how to build a fire from Jake.


Be sure to follow us on our other platforms for more Adventures and Travel Tips!
►►Instagram: https://www.instagram.com/adventurebuddies42
►►Facebook: https://www.facebook.com/theadventurebuddiesfb
►►TikTok: @theadventurebuddies
►►Twitter: https://twitter.com/theadventbuds
►►TripAdvisor: https://www.tripadvisor.com/Profile/theadventurebuddies",2020-12-02T21:53:20Z,690,https://www.youtube.com/watch?v=e5WinJyQsQk
XfwlbKyjz0w,Corona Plandemic,"Provided to YouTube by DistroKid

Corona Plandemic · Dr Barz

Corona Plandemic

℗ Kporwell Inc.

Released on: 2020-04-18

Auto-generated by YouTube.",2020-04-20T14:21:12Z,665,https://www.youtube.com/watch?v=XfwlbKyjz0w
iJv28QTHpfQ,Controversia en EEUU: Bióloga asegura que COVID-19 fue creado a partir de una vacuna,"Más informaciones en » http://T13.cl

Síguenos en nuestras redes sociales:

Twitter https://twitter.com/t13
Instagram https://www.instagram.com/teletrece/
Telegram http://t.me/teletrece
Facebook https://www.facebook.com/pg/teletrece


#Noticias #USA #COVID19 #T13",2020-05-14T04:37:23Z,2151113,https://www.youtube.com/watch?v=iJv28QTHpfQ
85nH0SjTGug,PLANDEMIC - Who should we trust?,"#BudgetCreator  #Plandemic  #SmallYoutuber
So recently a video entitled Plandemic surfaced on social media platforms. In this video, American ex-research scientist Judy Anne Mikovits made a series of stunning claims which she said will expose the scientific and political elite who run the scam that is our global health system.
The 26 minute video immediately went viral and after just a couple days it had already amassed 1.8 million views and 150,000 shares on Facebook as well as over 4.7 million views on Youtube. Facebook and Youtube have labeled content like this as dangerous misinformation and scrambled to delete these videos but they just kept on popping up.
This led me to ask these questions… Why is it so difficult for platforms such as Facebook, Youtube and even Twitter to get rid of misinformation and Should these videos be kept on these platforms under the banner of “Free Speech?”

The difficulty in removing these videos

The first reason why it is so difficult to get rid of misinformation is due to the limitations of automated moderation tools. A perfect example is Facebook filters marking what was deemed to be legitimate Covid-19 news as spam which left many users upset. Due to the increasing need to observe social distancing protocols during this pandemic, companies are now reliant on Artificial Intelligence more than ever.
The second reason is that videos can be shared millions of times before being labelled. Even after being removed, users can simply edit and reupload these videos. By doing this, the algorithm will see this as a new video which will allow it to get even more shares before it is eventually removed again. By then, tens of millions or even hundreds of millions of people could have seen it.
The third reason is labelling videos as content of misinformation simply doesn’t work. In fact, it does the opposite. Humans are naturally curious creatures and so if you tell someone that this video contains sensitive information, you can bet your last silver coin that they will click on it.

Why did this video cause such a stir?

First let us take a look at some of the claims made by Judy Mikovits:
-Judy said wearing a mask could make you sick because it could expose you to your own reactivated coronavirus expressions.
-‘She claims This occurred from SARS 1 within a decade which means it’s not naturally occurring’
She also said the following:
-It’s very clear this virus was manipulated.
-‘If you’ve ever had a flu vaccine, you were injected with coronaviruses’
-Hospitals get ‘$13,000 from Medicare if you call it COVID-19’ when a patient dies.
-Hydroxychloroquine is ‘effective against these families of viruses’

Needless to say, all these claims have been debunked by various scientists and doctors as well as PolitiFact. The fear is that people will use dangerous methods to treat covid-19, or ignore public health guidelines for staying safe.

Thanks so much for viewing. It would mean a lot to me if you could subscribe to my channel. Below are links to my social media accounts:

https://m.youtube.com/channel/UChfmX6YFxMT7ghImp6S0fFw?sub_confirmation=1

https://www.instagram.com/glenprincetech?r=nametag

https://twitter.com/GlenprinceT?s=09

Sources:
https://www.washingtonpost.com/nation/2020/05/08/plandemic-judy-mikovits-coronavirus/

https://www.politifact.com/article/2020/may/08/fact-checking-plandemic-documentary-full-false-con/?fbclid=IwAR0fnMlqncc3udy-lclENDSLiWq-4PTeWczi_9xmmVR9TYWQnwBF8Hi3yFU",2020-05-11T20:42:17Z,4578,https://www.youtube.com/watch?v=85nH0SjTGug
Gr5zrrWUBWA,Jah Reefa - Plandemic (Official Audio 2020),"Subscribe to my vlog: https://youtube.com/krishnadavis
Watch: https://www.youtube.com/watch?v=O6BSumjTplc

Jah Reefa - Plandemic

Connect with me: ⤵️
Instagram: http://instagram.com/krishgenius
Instagram: http://instagram.com/krishgeniusreport
Facebook: http://fb.me/KrishGeniusReport
SC: krishgenius

#NewMusic #JahReefa #Plandemic",2020-07-08T11:15:45Z,1477,https://www.youtube.com/watch?v=Gr5zrrWUBWA
0b_eHBZLM6U,Coronavirus: Conspiracy Theories: Last Week Tonight with John Oliver (HBO),"With conspiracy theories about coronavirus proliferating, John Oliver discusses why we’re prone to believe, how to distinguish fact from fiction, and what you can do to help others.

Connect with Last Week Tonight online...

Subscribe to the Last Week Tonight YouTube channel for more almost news as it almost happens: www.youtube.com/lastweektonight

Find Last Week Tonight on Facebook like your mom would: www.facebook.com/lastweektonight

Follow us on Twitter for news about jokes and jokes about news: www.twitter.com/lastweektonight

Visit our official site for all that other stuff at once: www.hbo.com/lastweektonight",2020-07-20T06:30:00Z,11996630,https://www.youtube.com/watch?v=0b_eHBZLM6U
3-rsm1BeiJA,Plandemic - Tano the Prophet,"Website:
https://www.tanotheprophet.com

Instagrams:
https://www.instagram.com/tanotheprop...

Twitter:
https://twitter.com/TanotheProphet

Booking / Inquiries:
Toby Perez 917-940-2808
Hillsiderecords1998@gmail.com

Song Produced & Mastered by Tano the Prophet
Directed + Edited by Hazardousheatproductionz
Co-edited By Tano The Prophet

https://www.instagram.com/hazardoushe...
https://www.instagram.com/toby1968/

Official Channel of Tano The Prophet / Hillside Records LLC

Subscribe for updates on music videos, interviews, performance videos, etc.


Hillside Records",2020-06-16T02:43:37Z,4621,https://www.youtube.com/watch?v=3-rsm1BeiJA
Rkmj9g6tG_c,Plandemic - MC TodFod | Swadesi | Music Video | Azadi Records,"Stream or download 'Plandemic' today - https://lnk.to/PL4ND3M1C

Mumbai-based multilingual hip-hop collective Swadesi's MC TodFod returns with a fiery and controversial take on the ongoing Covid-19 pandemic. MC TodFod pulls no punches and leaves no stone unturned when asking uncomfortable questions about fear and paranoia as tools of social control. The song is a sharp critique of capitalist agendas which leave the common, powerless and poor out to dry in times of crisis. The views are personal, controversial and not to everyone's agreement, but what Swadesi intends to do is ask everyone to find their own truth and question everything.

--

Song Credits
Written by Todfod
Produced by Quant OM Soundlabs
Mixed & Mastered by WhayL

Artwork by Zake
Video by Quant OM
All Rights Reserved 2020 Azadi Records

--

Follow us:
Swadesi - @swadesimovement
Azadi Records - @azadirecords
4/4 Experiences - @fourbyfourexp

#SwadesiMovement #MCTodFod",2020-08-04T08:30:13Z,24561,https://www.youtube.com/watch?v=Rkmj9g6tG_c
Udshf6DMq5E,Vuitton Bond - Plandemic (OFFICIAL AUDIO),"""Plandemic"" by Vuitton Bond

Add ""Plandemic"" to your streaming playlists: https://fanlink.to/plandemic

GET EXCLUSIVE ACCESS TO MY MIXTAPE ""GOLD BARS"" HERE: https://vuittonbondmusic.com

Like, subscribe, share, and hit the bell to join the notification squad!
http://www.youtube.com/vuittonbondofficial

Follow me on Spotify for all the latest releases:
http://spoti.fi/29cbyxK

Ways to connect with me:
http://www.instagram.com/vuittonbond
http://www.snapchat.com/add/vuittonbond
http://www.twitter.com/vuittonbond
http://www.facebook.com/vuittonbond

Donate to the cause:
paypal.me/VuittonBond
Cash App: $VuittonBond

#VuittonBond #Plandemic #CarolinaDrill",2020-06-09T22:00:25Z,49,https://www.youtube.com/watch?v=Udshf6DMq5E
KxsqK7h6VZM,Plandemic Riddim - Various Artists (D Mafia Muzik) 2020,"Plandemic Riddim Mix (Full)
Plandemic Riddim - D Mafia Muzik © 2020
Subscribe, turn ON channel notifications http://bit.do/Thedancehallplaylisttv

Stream/Buy: https://album.link/i/1535143414

_____Tracklist:
1_Bounty Killer - Ruff Dem Up (Edit)
2_ZJ Liquid x TopGyal Pinkz - Sort Har Out (Clean)
3_I Waata - Virus
4_Pamputtae - Curfew (Clean)
5_Esco - Gyalist Honours (Clean)
6_Sample King - Recharge (Edit)
7_D Mafia - Plandemic Riddim Instrumental

🎧 Featured Channels:
The Dancehall Playlist TV Reloaded: https://www.youtube.com/channel/UCRn0FDcEFiZbFfNxNgB9kAw
Dj MistaKom: https://www.youtube.com/channel/UCsg74t7FtSa1UiX0bDLN_PQ

🔍 Social Media:
Twitter 1: https://twitter.com/Dancehallplay
Twitter 2: https://twitter.com/DigitalPlayEnt
Facebook: https://www.facebook.com/Dancehallplaylist
Soundcloud: https://soundcloud.com/the-dancehall-playlist
Instagram: https://instagram.com/thedancehallplaylist
Youtube:  https://www.youtube.com/channel/UCsg74t7FtSa1UiX0bDLN_PQ
📧 digitalplaylistmusic@gmail.com

The Dancehall Playlist TV 📺
Latest Dancehall & Reggae Music.
Riddim Playlists, Singles, HD Videos.

#PlandemicRiddim
Plandemic Riddim - Various Artists (D Mafia Muzik) 2020

NOTE: Featured Content Monetized By Respective Copyright Owners and Labels.",2020-10-10T16:30:17Z,1018,https://www.youtube.com/watch?v=KxsqK7h6VZM
e04yGatkm2Q,Two mutants - Plandemic - [CIMEDNALP],"Coercion and extortion, limitless lavery, boundless bondage, lie and chaos, a domesticated society
plandemic, extermination...

#electronicmusic
#twomutants
#pandemic

""our latest release, a legendary album, a great piece in a dark moment of time space, a whole work of art from this chaotic and apocalyptic era, in this work we express everything felt, lived and thought of this event that we have all lived, we are together with you those who continue in this dark world...

Plandemic
[CIMEDNALP]
2021
Two mutants


""Support this project, your contribution helps us to continue
creating and dreaming in this world "" ...

https://www.patreon.com/twomutants
https://www.paypal.com/paypalme/twomutants?utm_content=2cEnlvzy6XLughnofISMrw&utm_medium=6cf79a93be894c2086b8cbf737e0796b

Follow us on:

https://www.instagram.com/twomutantx/
https://www.facebook.com/twomutantsx
https://twitter.com/twomutants
https://soundcloud.com/twomutants
https://twomutants.bandcamp.com/
https://vimeo.com/twomutants
https://open.spotify.com/artist/2cEnlvzy6XLughnofISMrw?si=-qNzFcB3SFejsxfehqA8bQ",2022-01-20T21:13:49Z,14,https://www.youtube.com/watch?v=e04yGatkm2Q
3b9VkWDvbPU,"Monkeypox outbreak is &quot;unusual&quot;, says infectious disease expert","Dr Charlotte Hammer, an expert in emerging infectious diseases, says the rising number of Monkeypox cases in the UK is ""unusual"" and that's why people are concerned.

The virus does not tend to spread easily between people.

#Monkeypox #Virus #Health

SUBSCRIBE to our YouTube channel for more videos: http://www.youtube.com/skynews

Follow us on Twitter: https://twitter.com/skynews
Like us on Facebook: https://www.facebook.com/skynews
Follow us on Instagram: https://www.instagram.com/skynews
Follow us on TikTok: https://www.tiktok.com/@skynews

For more content go to http://news.sky.com and download our apps:
Apple: https://itunes.apple.com/gb/app/sky-n...
Android https://play.google.com/store/apps/de...

Sky News videos are now available in Spanish here/Los video de Sky News están disponibles en español aquí https://www.youtube.com/channel/skyne...
Sky News videos are also available in German here/Hier können Sie außerdem Sky News-Videos auf Deutsch finden: https://www.youtube.com/channel/UCHYg...

To enquire about licensing Sky News content, you can find more information here:  https://news.sky.com/info/library-sales",2022-05-22T17:52:19Z,92473,https://www.youtube.com/watch?v=3b9VkWDvbPU
oXooN1fBzmc,Toplane - Plandemic - (Official Audio),"Ask Jah fi guidance and protection from the things that remain unseen.
Gi we clear thoughts, my perception, of this world is it real or dream?

Toplane - Plandemic

Toplane Records

Instagram @toplane_music

Mixed/Mastered by: SC21 Productions

#newdancehall2022 #vaccine #pandemic",2022-01-01T05:15:09Z,406,https://www.youtube.com/watch?v=oXooN1fBzmc
H91Asd5t0zs,The HIDDEN Agenda Behind Plandemic Indoctorination,"So Brian Rose has gone even further down the rabbit hole, now pushing Plandemic.

London Real is a company that allegedly wants to build a TRIBE: ""Join a community of high-achievers on a mission to transform themselves and the world!""
But what are they after really? Since Brian Rose loves ""tracing the money"", what is Plandemic2 actually doing? Where are they getting their funding, and their money?
A quick look at the sale at the end of the video might tell us, Brian Rose offers many ways to buy his courses...
London Real Academy: BUSINESS ACCELERATOR: LIFE ACCELERATOR: BROADCAST YOURSELF: SPEAK TO INSPIRE:
#londonreal #coffeezilla #plandemic2",2020-08-19T18:57:04Z,103494,https://www.youtube.com/watch?v=H91Asd5t0zs
L2QPUsecMTk,The Plandemic - Gemma | Dinner with George,It's all everyone is talking about.  Gemma and I discuss how the pandemic and lockdown has affected life and the government's hand in all of it.,2020-10-26T19:00:08Z,23,https://www.youtube.com/watch?v=L2QPUsecMTk
-KYGF6R4Dog,EWIGKEIT &#39;Plandemic?&#39; (lyric video),"'Patent of Death' is taken from the Digital EP 'DEPOPOUTATE' which explores the conspiracy theories surrounded the Covid19 pandemic 2019-20...  Release date : 23.01.21

Background video provided by 'Motion Made' https://youtu.be/_p726Zwx1tk

fb.com/EwigkeitOfficial

corona virus, virus, corona, coronavirus, corona virus symptoms, death metal, blackened death metal, melodic death metal, corona virus news, china virus, wuhan virus, covid-19, corona virus what to know, coronavirus explored, corona virus today, corona virus latest, conspiracy, depopulate, ewigkeit, depopulation",2021-01-21T20:03:36Z,634,https://www.youtube.com/watch?v=-KYGF6R4Dog
1_CSVoRct1A,Szd- Plandemic [Full Album],"Prod. Endless Home
Músic. size d
Arte. Mary Pelc

Tracklist:
1- Intro 00:00
2- Plandemic 00:43
3- Naves espaciales 3:34
4- Nubes de humo 6:44
5- L.S.D 7:47
6- Dedos amarillos 11:13
7- La venganza de mojo-jojo 14:41
8- Luna menguante 18:14

https://m.soundcloud.com/sizedbeats",2021-02-06T03:39:41Z,409,https://www.youtube.com/watch?v=1_CSVoRct1A
9qEVcE3Y3vg,Plandemic,"Provided to YouTube by CDBaby

Plandemic · Robbie Rule

Martis Valley Riddim

℗ 2022 Ambassador Musik

Released on: 2022-05-27

Auto-generated by YouTube.",2022-05-26T10:07:56Z,151,https://www.youtube.com/watch?v=9qEVcE3Y3vg
x43ex-c9lKg,Kroks - Plandemic [Close 2 Death Recordings],"Hey my Drum&Bass family ✌️😀
I want to introduce you to very nice track ""Plandemic"" produced by Kroks from ""Properganda EP"", which was released on the Close 2 Death Recordings💪😀💿
Please enjoy !!!📺😀👍

Release date: 10.05.2021

Title of EP: Properganda

Label: Close 2 Death Recordings

Stream: https://soundcloud.com/close2death/sets/kroks-properganda-ep-2
Download: https://www.beatport.com/label/close-2-death/2804

Follow Kroks:

Facebook: https://www.facebook.com/Kroksmanagement
Soundcloud: https://soundcloud.com/kroks-1
Instagram: https://www.instagram.com/kroksdnbprod/

Follow Close 2 Death Recordings:

Soundcloud: https://soundcloud.com/close2death
Facebook: https://www.facebook.com/Close2DeathRecordings

Follow Crow & Bass:

Facebook: https://www.facebook.com/crowandbass
Soundcloud: https://soundcloud.com/crowandbass
Youtube: https://www.youtube.com/channel/UCm9QxoVg-RCV5KGmrgMmeGQ
VKontakte: https://vk.com/crowandbass

Follow ZIONOV ND:

Spotify: https://open.spotify.com/artist/1Z5EILsz819T4A9QzPTTlU
Facebook: https://www.facebook.com/zionovnd/
Instagram: https://www.instagram.com/zionovnd/
Soundcloud: https://soundcloud.com/zionovnd
Youtube:https://www.youtube.com/user/jkl363

#drumandbass #crowandbass #drumandbassfamily",2021-05-18T12:00:32Z,167,https://www.youtube.com/watch?v=x43ex-c9lKg
nHhpMspeirg,Plandemic: Indoctrination (Documentary),"Share this before it gets taken down

More information here https://www.youtube.com/channel/UC0QHWhjbe5fGJEPz3sVb6nw",2020-05-11T21:48:40Z,35337,https://www.youtube.com/watch?v=nHhpMspeirg
rKznhumWrq4,“Plandemic” Conspiracy Theory,"Sasha on his favorite Covid  conspiracy theory.
Spoiler alert - its stupid.",2021-12-06T16:04:19Z,107544,https://www.youtube.com/watch?v=rKznhumWrq4
5aYelEKEbdI,TRAP PlanDemic - 02 | Under My Skin,"Facebook Site : https://www.facebook.com/nonsensemuzyk
Vocal : Grażyna Charkiewicz | https://www.facebook.com/Inkolinia
Dancer, Starring : Kasia Maślewska

Vocal Recording and Production : Andrzej Kędzierski | https://andrzejkedzierski.pl
Video Background : Robert BEGAN   |   https://www.began.pl​​​

Lyrics :

Every five minutes I think of you.
Every ten meters I walk into a tree.
Escort me with the wings of your words.
Turn them into actions like you turn into a sleep at night.
Talk to me, whisper to me, read all the beautiful books to me...
I promise, I will anticipate all under my skin.

You want my high frecquencies.
I want my love to fly to you.
Escort me with the wings of your words.
Turn them into actions like you turn into a sleep at night.
No more conditions, no more hurtful feelings.
I will write my new script from the minute you found me...
Being so lost under my skin.

Under my skin,
Feeling so cold,
Close to the bone,
Under my skin...

Under my skin (x4)

Keep the watchful eye on me no matter what, no matter what.
I want to wear your suit of well-being under my skin.

Under my skin!",2021-08-25T18:00:11Z,810,https://www.youtube.com/watch?v=5aYelEKEbdI
zNkP9vpDW5w,Enjoying Life During The  Plandemic,"I was an active woman.  j had enjoyed going out and take photos and videos of places I traveled to.  One day in May if 2019 it happens. I lost my ability to walk. I was was diagnosed with transverse myelitis which I never heard of before.
A new beginning to my life has began,",2021-01-16T14:24:11Z,974,https://www.youtube.com/watch?v=zNkP9vpDW5w
7Kpy-kqCx4Y,Natty King   &quot;Plandemic&quot;,"Natty King   ""Plandemic""
Release, 07.01.2022 CD/DL

Download: https://songwhip.com/nattyking/rebellution

Sax-Lorenz Spritzendorfer
Trombone-Markus Hoffmann
Trumpet-Martin Fischer
Bass-Manfred Scheer
Guitars-Herb Pirker
Keyboards-Parvez Syed
Drums, Percussion-Sam Gilly

http://www.houseofriddim.com
https://www.facebook.com/Houseofriddim
https://www.facebook.com/Houseofriddimstudio
http://www.youtube.com/houseofriddimband
https://www.instagram.com/houseofriddim",2022-01-15T23:00:04Z,152,https://www.youtube.com/watch?v=7Kpy-kqCx4Y
12Uk2zqTaOQ,Robbie Rule - Plandemic (Official Audio),"Download / stream link https://album.link/martisvalleyriddim

Robbie Rule - Plandemic (Official Audio)
Subscribe for more official content from Ambassador Musik
Follow : https://www.youtube.com/channel/UChLWYurWYLHshlLQkf4gvWQ

Soundcloud : https://soundcloud.com/ambassadormusik Instagram:https://www.instagram.com/ambassador_musik
Audiomack :https://audiomack.com/ambassador-musik
Facebook :https://www.facebook.com/Ambassadormusik1",2022-05-27T04:00:12Z,249,https://www.youtube.com/watch?v=12Uk2zqTaOQ
t3O1RIYKOTg,24 BARS CLINXYBEATS &quot;PLANDEMIC&quot; 2021 - JEYOP,"#24bars
#24barsclinxybeats
#plandemic


Realtalk lang po👌",2021-04-17T04:28:45Z,105,https://www.youtube.com/watch?v=t3O1RIYKOTg
z6CyX5_iuaI,Plandemia,"Provided to YouTube by The Orchard Enterprises

Plandemia · FlowZeta · Dante · TTM Prod · Ruben Carrasco

Plandemia

℗ 2020 Rapport Digital Music / Kraken Distribución

Released on: 2020-10-23

Auto-generated by YouTube.",2020-10-22T10:10:02Z,16101,https://www.youtube.com/watch?v=z6CyX5_iuaI
Awtz0fJHiMg,Plandemic,"Provided to YouTube by DistroKid

Plandemic · Jrhymes

Plandemic

℗ 1052846 Records DK

Released on: 2021-09-06

Auto-generated by YouTube.",2021-09-06T05:19:01Z,40,https://www.youtube.com/watch?v=Awtz0fJHiMg
TWPrfFD7GQM,Plandemic 2.0 Disinformation Amplifying Covid-19,"Plandemic 2.0 Disinformation Amplifying Covid-19 | https://www.themorganreport.com/join

There is more uncertainty about our world right now than there has been in decades, perhaps a century, and the stakes are higher than ever. Misinformation and conspiracy theories when it comes to Covid 19 seems like common chatter these days.

Watch this video on Plandemic 2.0 Disinformation Amplifying Covid-19, then please share with your friends and family on social media and use the caption Plandemic 2.0 Disinformation Amplifying Covid-19

Market Analysis/Investing/Trading Methods At TheMorganReport.com. | http://www.themorganreport.com/join

-------------------------------------

The Morgan Report's Weekly Perspective is our free e-newsletter. Our free e-newsletter will keep YOU in the top 3% of the Informed, the Awake, and the Aware.

Join our Free Morgan Report:
https://www.themorganreport.com/join-the-free-morgan-report

I've Been Helping My Members weather the economic mess for over 20 years. Now I invite you to join my growing circle of successful investors and the 15,000-plus members we've helped scattered over the globe and over 100,000+ free newsletter subscribers have read our weekly e-newsletter.

The Morgan Report is all about YOU and how you can build and preserve Wealth for generations to come. Through our publication, The Morgan Report, we provide you with ways to achieve greater financial security and wealth in all sorts of environments.

Learn more and become an insider for The Morgan Report, click link below...  http://www.themorganreport.com/join

Please subscribe to this channel and share with your friends---
Youtube: http://www.youtube.com/user/silverguru

Still have questions? E-mail support@themorganreport.com",2022-04-21T17:56:50Z,2369,https://www.youtube.com/watch?v=TWPrfFD7GQM
4Ksre1zWK8M,Answele - Plandemic Flip (One Way Mixtape),"The official audio of ""PLANDEMIC FLIP' by Answele from the mixtape 'ONE WAY'. Stream/download here: https://audiomack.com/itsanswele/albu...

Follow @Answele
https://Instagram.com/itsanswele
https://Twitter.com/itsanswele
https://Facebook.com/itsanswele

#Answele #OneWayMixtape #PLANDEMICFLIP",2022-06-02T17:41:23Z,128,https://www.youtube.com/watch?v=4Ksre1zWK8M
QFccATlbNr8,What will happen after this PLANDEMIC,"What will happen after this PLANDEMIC
Contact us
https://api.whatsapp.com/message/KT7HLKESY74UN1
NEW SDA SERMON (Powerful) -DR Charles Wesley Knight -Keep Listening  https://www.youtube.com/watch?v=frngxGzFUXo&t=23s
Adventist Video sermons App Play-store
https://bit.ly/2S9cdUf
Powerful SDA sermon for the last Days -CD Brooks
Powerful SDA sermon for the last Days -CD Brooks
https://www.youtube.com/watch?v=Yv4sK7FH_3g
SUBSCRIBE HERE...
https://bit.ly/2L5SVf2
PLAYLIST VIDEOS
Pavel Goia Full sermons ==
https://bit.ly/2nT8QFo
Full forgiveness==
https://bit.ly/2nT1fa1
Vital Prayers==
https://bit.ly/2oFmixf
Testimonies and stories==
https://bit.ly/2mja24u
Daniel series==
https://bit.ly/2mjUaih
Pavel Goia short Clips
https://bit.ly/2mXRHKO
sermons room/sda sermons
uploader EV. Emygidius george
=====================",2022-01-02T21:00:06Z,5541,https://www.youtube.com/watch?v=QFccATlbNr8
qlRytHCaza8,Lockdown Plandemic,"Provided to YouTube by TuneCore

Lockdown Plandemic · Nu Flowah

Lockdown Plandemic

℗ 2020 Nu Flowah

Released on: 2020-09-22

Auto-generated by YouTube.",2020-09-23T10:26:42Z,226,https://www.youtube.com/watch?v=qlRytHCaza8
2x3fUK-QFvs,Plandemic Documentary 2020 full documentary,Support the stream: https://streamlabs.com/eastcoaster506yt Dont forget to leave a like and subscribe,2020-05-08T00:56:01Z,42015,https://www.youtube.com/watch?v=2x3fUK-QFvs
EC-UHew_G7c,"Plandemic Force Majeure, A Debt Jubilee, but none for me","Join us for our Live Trading Day event this Friday: https://bit.ly/36mc1H5

https://themarketsniper.com

🍏Our Free trading course: https://themarketsniper.com/tradesmart/

🌟Watch our webinar: https://themarketsniper.com/webinar

💥Get started here: https://themarketsniper.com/get-started-as-a-lifestyle-trader/

For Gold, Silver & Platinum purchases, that I use, with real 100% allocated Bullion & named bar reservation, cheaper than Maloney or Schiff, click here: http://www.bullionvaultaffiliate.com/resetphoenix/en

For 100x FX Margin Beat the Margin reductions, but Safe like the EU, Sweden Based Scandinavian Capital Markets for FX trading.
http://themarketsniper.com/scm/

If you’re interested in successful trading without sitting in front of the screen all day I would suggest you to join our HVF trading community

Thank you for your continuous support!

Originator of The Hunt Volatility Funnel Method [HVF Method] Trader, Technical Analyst & Teacher (c) Copyright 2019",2020-04-02T15:05:15Z,15988,https://www.youtube.com/watch?v=EC-UHew_G7c
SlL_tDi5o38,Plandemic,"Provided to YouTube by DistroKid

Plandemic · Roci MASA

Ascension

℗ ROCI MASA LLC

Released on: 2020-05-22

Auto-generated by YouTube.",2020-05-23T01:57:28Z,111,https://www.youtube.com/watch?v=SlL_tDi5o38
Zr6M3QxLijA,Whitter The Legend - Plandemic (Official Audio Visual),"Whitter The Legend -  Plandemic (Official Audio Visual)
produced by: Legendary Productions Inc & AmmaDoThis Production

#WhitterTheLegend #Plandemic #LegendaryPromotionsInc
- - - - - - - - - - - - - - - - - - - - - - - - - - - - - - - -
SUBSCRIBE for Exclusive content!
- - - - - - - - - - - - - - - - - - - - - - - - - - - - - - - -
Follow us on Social Media:
Twitter: https://twitter.com/WhitterThe
Instagram: https://www.instagram.com/whitterthel...
Soundcloud: https://soundcloud.com/whitterthelegend
Facebook: https://www.facebook.com/WhitterTheLe...
Email : whitterthepromo@gmail.com
- - - - - - - - - - - - - - - - - - - - - - - - - - - - - - -",2021-04-11T17:00:11Z,8374,https://www.youtube.com/watch?v=Zr6M3QxLijA
U67tEj7XZ7c,Plandemic - Post Pardom (Lyric Video),"Debut single from our debut studio album!
Recorded and produced at Blue Tilt studios Hamilton Ontario by Danny Z.

Guitar vox, Jerred Wagner
Drums , Dylan Field
Bass, Shannon Rollo",2021-09-22T00:00:11Z,205,https://www.youtube.com/watch?v=U67tEj7XZ7c
V_UC0JjZXxk,PLANDEMIC 🤯‼️‼️,,2021-12-13T15:58:23Z,61940,https://www.youtube.com/watch?v=V_UC0JjZXxk
whEDO2T5aGA,Plandemic,In a game full of cheaters and bugs one squad may have the gall to get the job done.,2020-03-27T02:07:13Z,175,https://www.youtube.com/watch?v=whEDO2T5aGA
Emd0NUXpqTg,Traveling during the Plandemic?,Much Needed Mini Vacation back Home in Texas,2021-07-11T20:41:41Z,34,https://www.youtube.com/watch?v=Emd0NUXpqTg
NyFtEHbL-Ec,Why The PLANDEMIC is Manufactured NONSENSE,"Sorry guys, but the unified field theory of wingnuttery hasn't been found yet.

Dr David Gorski's amazing article on this issue:
https://respectfulinsolence.com/2020/05/06/judy-mikovits-pandemic/

A great video by ZDoggMD on this issue:
https://www.youtube.com/watch?v=KHeg9DDrjMs


Come watch me make some of these videos live on Twitch:
http://www.twitch.tv/RealJeffHoliday

Send us mail!
P.O. Box #40583
Eugene OR, 97404

If sending through UPS or FedX please use:
255 River Ave #40583
Eugene OR, 97404

My Wishlist for studio upgrades
https://amzn.to/2GtWd9J

Buy our shirts and stuff!
https://www.teepublic.com/user/holiday

http://www.jeffholiday.com

Jeff Holiday theme song by: www.myroomrecords.com

Extra EXTRA big thanks to my Patreons.
$50
D.C. Donovan L
Elias VO
HardCountered
I Know a Fat Guy
Mortifero
Nameless Coder

$20
Carl M
Czarisyn
David F
Damien H
Erdanya
Jauna F
JL NotHere
Lisa L
LoopyFox
Lucas F
P1GP3NZ
NeoGibu
Raksada
Red Royals
SgtDerpy
TBrown
Tim K
The Mental Health Resource Hub
William R


$10
ALittleBeast
Antonovich
Arjan S
Beverly A
BRNWSH
Capras12
Drew D
Elizabeth B
Gabriel M
Graham R
Heather A
Jacqi B
Jennifer
Jingui
Kirstie R
Larry K
LolaBohemia
Mimi Loo
Nathan H
Pedro R
Petra C-M
Porn Stache
Smart Pig
Steven L
Will S
WonkyBearHead


My second channel for silly random vids and my livestreams:
https://www.youtube.com/channel/UCs7e8iCJhj0E7LxsoH6n_gw

Third channel for nerd culture, reviews, etc:
https://www.youtube.com/channel/UCK57ReVCCXxqSUVGjHGXakw

Instagram:
https://www.instagram.com/realjeffholiday/

My Subreddit:
http://www.reddit.com/r/jeffholiday

And my Facebook fan page:
https://www.facebook.com/serialshiller

If you wish to support me on Patreon:
http://www.patreon.com/jeffholiday
#PLANDEMIC
#FAUCI
#vaccine",2020-05-07T04:45:52Z,104953,https://www.youtube.com/watch?v=NyFtEHbL-Ec
JAvqpw56-qM,Plandemic,"Provided to YouTube by TuneCore

Plandemic · INCA

Two in a Row

℗ 2021 INCA

Released on: 2021-01-24

Auto-generated by YouTube.",2021-01-25T06:39:28Z,105,https://www.youtube.com/watch?v=JAvqpw56-qM
hiPjPG41imc,Plandemic  - Young Daku ( rough mix ) LYRICS VIDEO PLANDEMIC,"Plandemic Plandemic

India Delhi Pandemic Ceaseless Death And Suffering",2021-06-22T19:17:54Z,282,https://www.youtube.com/watch?v=hiPjPG41imc
eJES224rH1w,Jen Psaki says &quot;Plandemic&quot; recorded live 3:00pm,,2021-08-25T20:06:51Z,19175,https://www.youtube.com/watch?v=eJES224rH1w
YTLZEyM7U2Y,Nu Flowah - Lockdown Plandemic (Official Music Video),"At a time like this, where we're faced with so much uncertainty,  i only saw it fit from my perspective, to put these UNPRECEDENTED TIMES into a song.

""LOCKDOWN PLANDEMIC"" is a Brand New Single taken from Nu Flowah's forth coming Project ""Ready fi di Road""

Nu Flowah is a Reggae/Roots/Dancehall Artist Bringing Good Vibes and Entertainment To the World Of Reggae Music, Authentic and Original With A message In his Music


Click on http://nuflowah.com and PURCHASE All of his 4 ALBUMS (also available on all digital platforms) & see whats going on with the artist.

For bookings email - nuflowah@hotmail.co.uk
Tel Contact - 44 7958 752 986

https://open.spotify.com/album/4Z3j8tryievHibhd8CzR78
http://itunes.apple.com/album/id1533057358?ls=1&app=itunes

Social Media Link Up
Twitter: https://twitter.com
Facebook: https://www.facebook.com/nu.flowah
Instagram: https://www.instagram.com/nuflowah/
Soundcloud: https://soundcloud.com/nu-flowah",2020-09-22T23:45:37Z,43437,https://www.youtube.com/watch?v=YTLZEyM7U2Y
Vir0RM3hMEQ,Plandemic,"Moments of Clarity - Plandemic

Tim has high hopes for his covid productivity.




--------------------------------------------------
► Instagram: https://www.instagram.com/momentsofclarityseries/
► Facebook: https://www.facebook.com/TheseAreMomentsOfClarity/
► TikTok: https://www.tiktok.com/@momentsofclarityseries
--------------------------------------------------
http://www.moments-of-clarity.com",2020-11-20T06:00:13Z,230,https://www.youtube.com/watch?v=Vir0RM3hMEQ
u2NeoJHP6F0,"Conspiracy Theories: 5G, Coronavirus and the Plandemic","Greg and Mitch talk to Joan Donovan from the Harvard Kennedy School about how conspiracy theories work, how to stop them and what we can expect for our SPOOKY FUTURE!",2020-05-13T14:00:22Z,11571,https://www.youtube.com/watch?v=u2NeoJHP6F0
0w4-E5w6cBM,PLANDEMIC - CARLITO X BASTY (PROD. VINTAGEMAN PRODUKCJA ),"PLANDEMIC - B A S T Y X CARLITO
Lyrics & written by: BASTY AND CARLITO
Recorded at: CITY GREY
Instrumental credits: PROD. VINTAGEMAN PRODUKCJA
Lyric video by: BASTY
Credits to the owner of photo

For collaboration: https://www.facebook.com/cary.evangelista",2021-09-08T11:55:28Z,354,https://www.youtube.com/watch?v=0w4-E5w6cBM
g6yYtHCdeww,Plandemic | Pastor Todd Bishop,"The devil may have had a plan but God has the final word!

–––––––––––––––––––––––––––

SUBSCRIBE HERE: http://www.youtube.com/channel/UCMi_uGVeeo3o5kL2kgzNsJg?sub_confirmation=1

If this message of hope inspired you or if you wish to stay in touch with our church, fill out our ONLINE CONNECTION CARD: https://mychurchunleashed.churchcenter.com/people/forms/12121

–––––––––––––––––––––––––––

Watch LIVE every Sunday: https://churchunleashed.online.church
For service times visit: https://www.mychurchunleashed.tv

Consider partnering with us financially to allow us to continue spreading hope the world by giving at: https://www.mychurchunleashed.tv/give-2/

You don't give TO your local church, you give THROUGH your local church.

–––––––––––––––––––––––––––

For more inspiring and hope-filled messages, click HERE: http://www.youtube.com/playlist?list=PLM6ygM2p5td4MXlbgj0uE8lJgdIj3-7np

Listen to sermons at work or on the go with our podcast series:
Apple Podcasts: http://www.shorturl.at/dnqxO
Spotify: http://www.shorturl.at/rzHU0
iHeart Radio: http://www.shorturl.at/nvWX0
Google Podcast: http://www.shorturl.at/abtWX

STAY CONNECTED
Website: http://www.mychurchunleashed.tv
Instagram: http://www.instagram.com/culongisland/
Facebook: http://www.facebook.com/culongisland

FOLLOW OUR LEAD PASTORS
http://www.facebook.com/pastortoddrbishop
http://www.instagram.com/toddrbishop/
http://www.instagram.com/mebishop78/

–––––––––––––––––––––––––––

#churchunleashed #culongisland #toddrbishop #hopedealer",2020-05-18T03:10:42Z,517,https://www.youtube.com/watch?v=g6yYtHCdeww
2kXhE77Y2gA,"&quot;Plandemic&quot;, un documental lleno de teorías de conspiración falsas sobre el coronavirus","El video de 26 minutos de duración fue eliminado de distintas plataformas tras ser desacreditado en redes sociales, pero ya había sido visto decenas de millones de veces.

SUSCRIBETE A NUESTRO CANAL DE YOUTUBE:
https://www.youtube.com/user/vanguardiamedia

VISITA NUESTRA PÁGINA WEB PARA ESTAR BIEN INFORMADO:
https://vanguardia.com.mx/

NUESTRAS REDES SOCIALES:

Facebook: https://www.facebook.com/VanguardiaMx/
Instagram: https://www.instagram.com/vanguardiamx/?hl=es
Twitter: https://twitter.com/vanguardiamx",2020-05-13T01:00:00Z,59925,https://www.youtube.com/watch?v=2kXhE77Y2gA
Q30SFMTw1Us,A “Plandemic” flavored Coronavirus update,"Dr.Galvin is starting a 2 day factual analysis of the “Plandemic” video featuring Judy Mikovits. He has been sent this video many times. Here’s what he thinks.....


https://www.facebook.com/vitalitymwi
https://www.instagram.com/vitalitymwi
http://www.vitalitymwi.com",2020-05-07T00:35:17Z,274964,https://www.youtube.com/watch?v=Q30SFMTw1Us
qid-aBO2K-0,Plandemic.,"A project for the Dutch Filmers Academy. (2020)
Witness the birth of a conspiracy theorist.",2021-01-12T18:11:05Z,45,https://www.youtube.com/watch?v=qid-aBO2K-0
qxN6PXHQxLo,Solid Hope - War Against The Plandemic,"Solid Hope (Original Song) - War Against The Plandemic
Lyrics:
Hey people you got to be free. From all the lies and deceit we see.
They meet at 3am to decide your fate. The world says conspiracy but the truth sets you free.
They need to know that the Lord fights for me.
The Lord is fighting the fight for me.

There is a way that seems right to a man, But its end is the way of death.
The powers of darkness are behind these Elites wanting to kill and depopulate us all.
They need to know that the Lord fights for me.
The Lord is fighting the fight for me.

Guitar solo....

Let's expose them.... 911, 2020, Event 201
They give me a mask, so they can shut my mouth for me.
They want to control us all for greed.
But it won't happen. They won't win.

They need to know that the Lord fights for me.
The Lord is fighting the fight for me.

© Jason P. (Solid Hope)",2021-05-09T05:28:38Z,100,https://www.youtube.com/watch?v=qxN6PXHQxLo
w2rnhxoEblE,Jen Psaki Says &quot;Global Plandemic&quot;,"Subscribe now for more updates!

Jen Psaki Says ""Global Plandemic""

Jennifer Rene Psaki is an American political advisor serving as the 34th and current White House press secretary.",2021-09-06T17:14:52Z,3261,https://www.youtube.com/watch?v=w2rnhxoEblE
LyuITjf6Y-E,Victoria Extends Pandemic Declaration | 10 News First,"Victoria has extended its pandemic declaration as a growing number of health experts call for a fourth vaccine dose to be issued.Subscribe to 10 News First to get the latest updates and breaking news: https://bit.ly/37DDbL1

#Victoria #COVID #Coronavirus #COVID19 #Pandemic #DanielAndrews #Health #Virus

Join the conversation and follow us on:
Twitter: http://twitter.com/10NewsFirst
Facebook: http://www.facebook.com/10NewsFirst/
Instagram: http://www.instagram.com/10NewsFirst/

10 News First airs at 5pm, seven nights a week in your local market on Network 10.
Missed the bulletin? Catch up at https://10play.com.au/news

10 News First is based in Australia and is a division of Paramount.",2022-07-05T07:35:38Z,2748,https://www.youtube.com/watch?v=LyuITjf6Y-E
VAPQ4qS64l0,Plandemic,Insta clips from August to September 2020 & some South Bay adventures.,2021-10-27T03:17:52Z,28,https://www.youtube.com/watch?v=VAPQ4qS64l0
yA8hRV0U2Ls,CHRISTMAS IN A PLANDEMIC,"WE WANT TO SAY A BIG THANK YOU TO ALL OUR SUPPORTERS, DONORS TOO NUMEROUS TO MENTION, AND TO EVERYONE WHO GAVE THEIR TIME TO MAKE THIS A SUCCESS.
MERRY CHRISTMAS AND A HAPPY NEW YEAR!
_______________________________________________
To stay connected  and be the first to view content on this channel please click the subscribe button and turn on the notification bell and don't forget to follow me on my social media handles:

Instagram: https://www.instagram.com/
Twitter: https://twitter.com/
https://www.facebook.com/profile.php?id=1717782034",2021-01-08T14:38:16Z,109,https://www.youtube.com/watch?v=yA8hRV0U2Ls
NfVxei7Fwbk,Opportunist - Plandemic &quot;Narrow Minded&quot; (Official Music Video),"Official Music Video Plandemic ""Narrow Minded""

Follow Opportunist Online :
Bandcamp : https://opportunistmusic.bandcamp.com/track/plandemic-narrow-minded
Facebook : https://www.facebook.com/Opportunist-...
Instagram : https://www.instagram.com/opportunist...
Twitter : https://twitter.com/Opportunist____
Spotify : https://open.spotify.com/album/2d3n9fjVUZq8SnciAIiE2Q

================================

""Plandemic ""Narrow Minded"" yrics

Regression of troubled times, the big corruption of criminal roam free. People steal two thousand in prison, beating up protestors the structured woe your lash out at common bodies. The beauty of nature we’ve kept in prison, we move across the country (all awereness protests are sharpened together). Essence is raw in the western horizon of life, today's meal is disgusting in a crowd of power-hungry pigs, fuck profits in the name of health. Cram your brain with trash news, to dredge up wages that the garbage soldiers chose. Tired faced clown sentiment my mind is fed by the lies of the plague. New normal wasted time countless, i wouldn't repeat it if I was floating in the bottom of the trough for the sake of every prayer and our mounting memory. A kind of endless spirit, a kind of endless spirit of kamisan. You silenced us with rifle bullets under the streetlight, my life as collateral like the spirit of munir recording the ages to the end. New normal is war era, Capitalism is the pandemic. We're losing tropical rain, Omnibus Law defects and destruction.

Opportunist :
Vocal - Ibnu SM
Guitar & SFX - Rusmana
Bass - Abdi MR
Drum & Sound Design  - Aditya Pratama

Visual / Art by Aldizul and Ibnu SM
Credit footage by : YouTube ""Aksi Kamisan 500"" , Instagram @teluuur, @redfishstream , @kontrasupdate , @greenpeaceid , Twitter @Aksikamisan , makasar, Bandung, Jakarta, Semarang, etc.

Music by OPPORTUNIST
Lyrics by Ibnu SM and Abdi MR
Producer by Rusmana
Co-producer by Aditya Pratama
Mixed by Rusmana
Mastered by Ricky Aprianto (Rostels Records)

For booking and other inquiries,
email: wovenmvn@gmail.com


© OPPORTUNIST // 2020

#opportunistid #plandemic",2020-12-18T13:00:13Z,1009,https://www.youtube.com/watch?v=NfVxei7Fwbk
ArakYBkqT90,AcidTrip Feat. Willie Contraband - Plandemic (Shot By Sheeraz Balushi),"Acidtrip recaps the grim reality of 2020 with Willie Contraband as they perform a mind-opening, ingenious, and eccentric single from the upcoming album ""Sound Oracle"". This single is also produced by Wichti. Stay tuned by subscribing for more videos by Acidtrip directed by Sheeraz Balushi.

Listen to Acidtrip ""Sound Oracle"" on Spotify:
https://open.spotify.com/album/3QhFDnedwplGCAJEjRCUZA?si=Vu-inyVgSb26E7rOCRIX_g&dl_branch=1


Listen to Acidtrip ""Sound Oracle"" on Apple:
https://music.apple.com/us/album/sound-oracle/1529752602



Follow Us On Instagram:
@TamoMetanoia
@mr_contraband
@Sheeraz.balushi",2020-09-22T18:00:08Z,2739,https://www.youtube.com/watch?v=ArakYBkqT90
MHDcPHnYrJo,6  Natty King - Plandemic (Official Audio),"Natty King aka Kevin Roberts, the ‘Man from the East’, starts 2022 with a new album. After the 2010 album „’ Born to be Free’ Natty King is releasing his highly anticipated, and long-awaited new albumwhich is dubbed ‘Rebellution’. Again the artist linked up with Sam Gilly from House Of Riddim forthe production of, what has become a great body of work that won’t let the reggae fans down.

Get the full album here: https://album.link/i/1601848773

 ℗ 2022 WELLOWELL PRODUCTION / HOUSE OF RIDDIM PRODUCTIONS",2022-01-09T19:07:00Z,355,https://www.youtube.com/watch?v=MHDcPHnYrJo
Xg3AAbBL60k,Plandemic Rub Ah Dub,Lockdown Reggae Mix,2020-11-25T17:48:28Z,30,https://www.youtube.com/watch?v=Xg3AAbBL60k
3aIjc5nXpTI,Plandemic - Sekreum (Official Audio Lyrics Video) Prod. By: Robert Tar,"RECORD AT ONE SIGN MUSIC ENTERTAINMENT

LINK:https://www.facebook.com/aj.vallejo0615

MIX&MASTERED AJ OCENADA VALLEJO

LINK:https://www.facebook.com/aj.vallejo0615",2021-10-03T04:47:00Z,101,https://www.youtube.com/watch?v=3aIjc5nXpTI
7r-IOZZIwI4,&quot;Plandemic&quot; UK Drama,"George becomes a victim of furlough and his life and home is rocked. He gets a leading to do something with himself during the pandemic season, a decision his wife Sarah did not take lightly. How will it end for him? Is he truly as lazy as Sarah claims? Well, let's find out",2020-09-26T18:57:11Z,70,https://www.youtube.com/watch?v=7r-IOZZIwI4
7C2BuFWjOHU,Plandemic,"℗ 2022 Hillside Records LLC

Website:
     https://www.tanotheprophet.org
Instagram:
     https://www.instagram.com/tanotheprop...
Twitter:
     https://twitter.com/TanotheProphet

Booking / Inquiries:
Hillsiderecordsllc@gmail.com

Official Channel of Tano The Prophet

Subscribe for updates on music videos, interviews, performance videos, etc.",2022-02-14T05:00:04Z,31,https://www.youtube.com/watch?v=7C2BuFWjOHU
NfZstpBoQG0,Reggae plandemic,love and understanding,2021-04-28T15:59:54Z,39,https://www.youtube.com/watch?v=NfZstpBoQG0
OfHhcnVOWYY,Plandemic |MSK,"Band: MSK
Song: Plandemic
EP: Plandemic

Released date: May 19, 2022 (Digital Stream)

Words & Music by MSK

MSK is
JP - Lead Vocals
Pao - Guitars, Vocals
Jeff - Bass, Vocals
Jes - Drums, Vocals

Produced by MSK
Executive Produced by Paper Straw Productions
Recorded, Engineered, Mixed & Mastered by Gelo at Salt & Light Studios, QC Philippines

Cover art by Mr. JB Fortuno
#MSK #FilipinoMetal #OPM",2022-05-23T08:03:46Z,153,https://www.youtube.com/watch?v=OfHhcnVOWYY
T8m3FS7FC00,ENIGMAR - PLANdemic,"#PLANdemic #MadAndRowdy #RapperByDefault

Song and video performed by ENIGMAR
INSTAGRAM: https://www.instagram.com/enigmar_real/

Video directed and edited by White Hut Studios
INSTAGRAM: https://www.instagram.com/whitehutstudios/

Music produced by Silvastone
INSTAGRAM: https://www.instagram.com/silvastone",2020-06-07T00:49:30Z,260,https://www.youtube.com/watch?v=T8m3FS7FC00
9mzPULDY9MQ,Jen Psaki - The Global Plandemic,,2021-08-25T22:29:33Z,9236,https://www.youtube.com/watch?v=9mzPULDY9MQ
0GIuMIOC6fo,Makadem - Plandemic (Official Audio),"#Plandemic is a first ever #Nyatiti Trap song that talks about the impact of the #Coronavirus pandemic on the world. This song was made by Makadem who is currently stranded in Copenhagen and is unable to travel back to his homeland, Kenya due to closed borders.",2020-06-12T17:47:23Z,677,https://www.youtube.com/watch?v=0GIuMIOC6fo
Cl_qiEGWPrs,Plandemic,,2021-04-13T18:00:00Z,104,https://www.youtube.com/watch?v=Cl_qiEGWPrs
ynEiRI2HekQ,Plandemic,,2021-01-07T21:26:40Z,112,https://www.youtube.com/watch?v=ynEiRI2HekQ
0HkeFl1ENiE,THE CALL TO SERVE | FEAR AND THE GLOBAL PANDEMIC/PLANDEMIC |Prophet Dr. Kofi Danso,"Streamed 10.01.2021
Enjoy this powerful life-transforming message on the Call To Serve God; delivered by Prophet Dr. Kofi Danso of Miracle Arena For All Nations, it is meant to encourage, inspire, and equip your walk with God.

#miraclearenacanada #prophetdrkofidanso #kofidanso #pastorjoannedanso #pkd #mafan #2021sermon #onlinechurch #churchonline

Subscribe to receive our latest messages: https://www.youtube.com/MiracleArenaCanada

__ __
Reaching everyone, everywhere, all the time with the gospel of Jesus Christ. This is the vision of Miracle Arena For All Nations, led by Prophet Dr. Kofi Danso and Pastor JoAnne Danso and based in Toronto, Ontario.

To support this ministry and help us continue to reach people all around the world click here: https://www.miraclearena.ca/donate

__ __
Stay Connected

Website: https://www.miraclearena.ca
Miracle Arena Facebook: https://www.facebook.com/miraclearenacanada
Miracle Arena Instagram: https://www.instagram.com/miraclearenacanada
Miracle Arena Twitter: https://www.twitter.com/miraclearenacanada

Prophet Dr. Kofi Danso Facebook: https://www.facebook.com/prophetdrdanso
Prophet Dr. Kofi Danso Instagram: https://www.instagram.com/prophetdrdanso
Prophet Dr. Kofi Danso Twitter: https://www.twitter.com/prophetdrdanso

Pastor JoAnne Danso Facebook: https://www.facebook.com/dansojoanne
Pastor JoAnne Instagram: https://www.instagram.com/joannedanso

__ __
Jump To:
00:02:19 - MA Worship
00:28:44 - Introduction and Worship with Prophet Dr. Kofi Danso
00:43:40 - The Precious Call To Evangelism (Romans 1:16)
00:49:50 - The Believers Power Is In The Continued Sharing of The Gospel (Acts 2:42)
00:51:33 - You Are Called to Bare Fruit (John 15:9)
00:57:29 - You Are A Chosen Generation (1 Peter 2:9)
00:58:40 - We Are Made As Kings, Washed In The Blood (Revelation 1:6)
01:07:55 - The Anointing Brings You Peace of Mind (1 Peter 2:9)
01:13:00 - F.E.A.R. (False Evidence Appearing Real) and the Global Pandemic
01:39:58 - A Little Bit Of Marriage Advice
01:44:43 - Submission and Order In Serving
02:01:23 - Worship with The Prophet
02:08:20 - Global Prophecy Revealed
02:23:20 - Ministration and Prophecy
02:49:40 - Testimony of Instant Healing


The Call To Serve | Prophet Dr. Kofi Danso | Miracle Arena For All Nations",2021-01-11T01:22:42Z,2959,https://www.youtube.com/watch?v=0HkeFl1ENiE
_3JxWdV1C98,LeeBoy &amp; Fuzz - Plandemic,"Let me tell you about something that irritates me... the Plandemic. In this Season 2 debut episode of LeeBoy & Fuzz, we discuss Trump’s self-proclaimed “A+” job in response to the coronavirus. Also, we premiere the new “LeeNN vs Fuzz News” segment! Like comment and share for more LeeBoy POV!
📺
🎥
#comedy #comedian #comediansofinstagram #allthat #nickelodeon #kenanandkel #karen #trumpvsbiden #presidentialdebate #debate  #joebiden #donaldtrump #politics #covid19 #reparations #blackcontentcreators #leroyandfuzz #pandemic #plandemic #coronavirus",2020-09-29T21:43:15Z,29,https://www.youtube.com/watch?v=_3JxWdV1C98
6lEWIA6aNS4,🤔 How The Plandemic Video Went Viral,"🦠 An explanation of how the Plandemic video went viral, compared to other content that went viral during the same period.

✅ SUBSCRIBE & never miss a video.
🔔 HIT that BELL to receive a notification when new videos are uploaded.
👍 THUMBS UP our video if you enjoyed watching, please.

This segment is from Episode 309 of the Beyond Social Media Show:
🔗 https://youtu.be/ajp53Y2jEBM
🔗 https://beyondsocialmediashow.com/apple-glass-leaks/?esyt

🆗 Subscribe to the eStrategy YouTube channel: https://www.youtube.com/user/estrategy?sub_confirmation=1

Taylor Swift City Of Lover Concert
🔗  https://www.youtube.com/watch?v=pPWigdie4Us&list=RDpPWigdie4Us&index=1
Pentagon UFO Videos
🔗  https://www.youtube.com/watch?v=auITEKd4sjA
The Office Zoom Wedding
🔗  https://www.youtube.com/watch?v=NDjNX3nEfYo
How The Debunked Plandemic Conspiracy Video Went Viral
🔗  https://www.nytimes.com/2020/05/20/technology/plandemic-movie-youtube-facebook-coronavirus.html

          TRANSCRIPT

David Erickson: Did you see or see a sharing of the Plandemic conspiracy theory video?

BL Ochman: Uh-huh, I read about it. I didn't watch it, but I know all about it. Yeah.

     How The Debunked Plandemic Conspiracy Video Went Viral From One Facebook Post [0:16]

David Erickson: Yeah. So the New York Times does a great in-depth story by Sheera Frenkel, Ben Decker and Davey Alba on how it spread, on how that video went viral. I had seen it in my Facebook feed, and some people that I know had shared it. So what they did with the article--they compared how the Plandemic video compared to other videos that went viral or other content that went viral during the same period.

And so on Facebook, Plandemic was liked, commented on or shared nearly 2.5 million times.

     Compared To Viral Content By Taylor Swift, The Office Reunion & Pentagon UFO Videos [0:57]

David Erickson: And that's compared to Taylor Swift's May eight announcement about her City of Lover concert, which plateaued at about 110,000 interactions on Facebook.

And then there was The Office reunite on Zoom for a wedding, which was posted on May 10, and reach 618,000 interactions.

And the Pentagon had released videos--UFO videos on April 27, and had one 1 million interactions. So comparatively, that's how they stacked up.

They also had a timeline of how it went viral. So it was first posted in a QAnon Facebook group of 25,000 members QAnon is this lunatic right-wing conspiracy group. And then more than 1500 of those members shared the video to their networks.

Then there was a physician named Dr. Christiane Northrup, who is a celebrity physician. She's vaccine skeptic. She shared it on her Facebook page and more than 1000 of her followers shared it, many of them to antivaxxer groups.

And then the video was posted to Reopen Alabama Facebook group which had more than 36,000 followers. And that's part of a network of Reopen-insert-your-state-here, groups that's organized by a right-wing astroturf group and that spread to the political realm.

There's a guy named Nick Catone--I think is how you pronounce it--he's a professional mixed-martial arts fighter, celebrity, prominent antivaxxer. He shared it with his 70,000 followers on Facebook.

And then a candidate for Ohio...for the Ohio Republican Party primary--she lost--her name is Melissa Ackison...shared it to her 20,000 Facebook followers. And by then it went mainstream and BuzzFeed was reporting on it; in fact checking it, debunking it.

But you can see how it goes from conspiracy--major, lunatic fringe conspiracy theory groups--to other interested...antivaxxers, political groups, etc, etc. So it's a good long read put a link to it in the show notes


🐦 FOLLOW DAVID: https://twitter.com/derickson
🎙️ MARKETING PODCAST: https://BeyondSocialMediaShow.com/
💡 MARKETING INSIGHT: https://e-StrategyBlog.com/
📈 MARKETING STATS & TRENDS: https://Trends.e-StrategyBlog.com/
📺 MARKETING VIDEOS: https://eStrategy.tv
👍 LIKE: https://facebook.com/estrategycom
🐦 FOLLOW: https://twitter.com/e_strategy",2020-06-10T00:20:47Z,729,https://www.youtube.com/watch?v=6lEWIA6aNS4
kd04jFpyKHM,Plandemic,"Provided to YouTube by DistroKid

Plandemic · Nasty Bucket

The Bleu Album

℗ Chainsaw Media Powassan

Released on: 2021-10-29

Auto-generated by YouTube.",2021-10-28T10:03:17Z,154,https://www.youtube.com/watch?v=kd04jFpyKHM
7EWWioTYjgc,HOAX PLANdemic,"HOAX PLANdemic The Mixtape
By Gwaada Biznis
Track 4 - HOAX PLANdemic
Instrumental - PEZ OTB (Samurai)",2021-07-13T05:30:09Z,734,https://www.youtube.com/watch?v=7EWWioTYjgc
6qMfVT1B_9g,Plandemic,Free WiFi,2020-10-11T03:16:02Z,55,https://www.youtube.com/watch?v=6qMfVT1B_9g
t9DYduQ5u18,How the Church Can Rid the World of the Plandemic,"It's time to put the coronavirus behind us. The Bible shows us that God's power is at its strongest when His Church is united and when we have faith. Let us show you how a united Church can partner with God and rid the world of this plandemic.
www.theriverroom.church",2021-10-31T21:36:13Z,42,https://www.youtube.com/watch?v=t9DYduQ5u18
5ckOs1zjonw,NARCISSISM IS A WORLD WIDE PLANDEMIC,NARCISSISM IS A WORLD WIDE PLANDEMIC,2021-09-12T20:19:33Z,5195,https://www.youtube.com/watch?v=5ckOs1zjonw
BMTXOaZqKCY,Plandemic Documentary: The Hidden Agenda Behind Covid-19 (Trailer),Share this before it gets taken down,2020-05-12T20:03:16Z,8712,https://www.youtube.com/watch?v=BMTXOaZqKCY
2kWQ3zKUdIg,Dax Lion - Plandemic (Official Music Video),"Title: Plandemic
Artist: Dax Lion
Produced By: Mahlon Moving
Video Shot & Edited By: Birhan Tonge

Apple Music: https://music.apple.com/us/artist/dax-lion/418975454

http://www.unorothodaxmusic.com
http://www.instagram.com/unorothodaxmusic",2021-03-07T19:52:31Z,11854,https://www.youtube.com/watch?v=2kWQ3zKUdIg
mWeLmmNt72k,Who Made PLANDEMIC?,"Stay home, wear a mask, wash your hands.",2020-05-08T00:20:16Z,18938,https://www.youtube.com/watch?v=mWeLmmNt72k
WkcF33MLMD0,Plandemic,"Provided to YouTube by DistroKid

Plandemic · Eaz909

Plandemic

℗ 867881 Records DK

Released on: 2020-05-10

Auto-generated by YouTube.",2020-05-11T03:33:00Z,3433,https://www.youtube.com/watch?v=WkcF33MLMD0
vQTnMlSPaJQ,PLanDEMic,"#mykenyamystory#shortfilms#mobilephonefilm
a local matatu tout becomes a victim of joblessnes following the need for social distancing in transport industry as a result of the Covid 19 pandemic.His wife,a local vegetable vendor is also left with her stock to deal with due to lack of customers who now have turned into kitchen garden farming in their own homes.PLanDEMic unveils how the two parents of one have to,despite their misfortune,put a meal on their table",2021-06-07T13:19:51Z,293,https://www.youtube.com/watch?v=vQTnMlSPaJQ
eG4Bso0sw8s,PLANDEMIC KNOWLEDGE BORN,"Provided to YouTube by DistroKid

PLANDEMIC KNOWLEDGE BORN · Emilio Shrine

Telekinetic

℗ 1767373 Records DK

Released on: 2021-05-28

Auto-generated by YouTube.",2021-05-31T15:30:38Z,72,https://www.youtube.com/watch?v=eG4Bso0sw8s
PFl4zePD_Uo,10.Plandemic Bars Featuring infinite 7 mind &amp; Q Unique,"Agallah returns in the 4th quarter with his 8th Project of 2020 & highly anticipated release “Darona 2” with features from Sadat X , Thirstin Howl The 3rd,M1 of Dead Prez, Hakim green of Channel Live, Infinite 7 Mind, Q-Unique & JD Renior Of Kings Drive. Watch the official video premiere for above for “We The People” off #Darona2. dir by @nyceflix album only avail thru his social media accounts cds at www.Agallah.bandcamp.com",2020-11-27T01:34:00Z,1544,https://www.youtube.com/watch?v=PFl4zePD_Uo
9bp3G0mReyQ,the PLANdemic was real... - Left 4 Dead 2,"scary zombies?? wow thats a lot of fun, follow my cool friends below and
follow me on Twitter for some updates and conversation!

Nio-
Youtube:
https://www.youtube.com/channel/UCrx1ZOv7a4iiJtwdy5nScbg
Twitch:
https://www.twitch.tv/yt_nio

Ameya-
Twitter:
https://twitter.com/Chef800
PDB Game:
https://twitter.com/pdbgame

Twitter:
https://twitter.com/programdotmp4​​​​
Twitch:
https://www.twitch.tv/programdotmp4​",2021-12-02T14:01:53Z,71,https://www.youtube.com/watch?v=9bp3G0mReyQ
SHx0OcOBw44,PATRIOTZ PRINCE - PLANDEMIC 💉           (Official Audio),"PATRIOTZ PRINCE Performing Plandemic (Official Audio) 2021
A song about coronavirus and it's impact on my life negatively but me still smile through all a the changes it's a plan thing dem want kill we off just a mek dem know seh me see the pree

Published on April 14, 2021

DON'T CLICK THIS LINK 👇
https://m.youtube.com/channel/UCMZdC_BRFozqH8Kizh1udIw?sub_confirmation=1

#JAHMIELIAM

#patriotz

#youtube music

#coronavirus

#Patriotzmuzick

#PATRIOTZ PRINCE


PATRIOTZ_ PRINCE


Instagram: patriotz_prince
&
_patriotz_prince

snapchat: PATRIOTZ PRINCE 👑

                   lee_milla3

Go Sub to

Dre_Gamer
https://youtu.be/lot90RLujE


RAHIEM PRO
https://youtu.be/hnRPdgU8QpE",2021-04-14T12:47:57Z,236,https://www.youtube.com/watch?v=SHx0OcOBw44
rBbGycGBqHs,Deus Ex - EP - 01 - Training for the Plandemic!...,"This is Deus Ex - EP - 01 - Training for the Plandemic!...

Deus Ex is a 2000 video game about one man's battle against multinational corporations
and his own internal conflicts concerning his superiors and their motives, all the while a
deadly plague is bringing the human race to its knees.

Directed by Warren Spector. Game script written by
Austin Grossman, Sheldon Pacotti and Chris Todd

Trust no one. Question Everything... - (taglines)

Simons: This plague — the rioting is intensifying to the point where we may not be able to contain it.
Page: Why contain it? Let it spill over into the schools and churches.
Let the bodies pile up in the streets. In the end, they'll beg us to save them.

If you like my videos, - Subscribe Like Share!!!...
Thank you!...

If you like my videos, - Subscribe to me - https://www.youtube.com/channel/UCEBIBJ-OlS8x04R0GA1mY2w?disable_polymer=true?sub_confirmation=1",2021-09-26T04:05:13Z,22,https://www.youtube.com/watch?v=rBbGycGBqHs
L3V6h0ySPWo,Afrofuturistic remix (The Creator Has A Master Plandemic,"Poetica Bey produces an event i.e. tribute to the ""5%'ers""with a cipher & awards ceremony sponsored by Carnegie Hall on 02/19/22.",2022-01-11T21:02:44Z,31,https://www.youtube.com/watch?v=L3V6h0ySPWo
_pmH6s-cMFk,Episode 113 - Mikki Willis: The Plandemic and Your Future: What We Can Do Now!,"What do you really know about who’s really behind the controversial Plandemic documentary series?

Mikki Willis discusses his personal journey that led him to create the Plandemic series and explains why we have the power to change the world in this inquisitive Living 4D conversation.

Check out our show notes and resources page at https://chekinstitute.com/podcast-episode-notes/ep-113-mikki-willis/",2020-12-01T21:43:27Z,14429,https://www.youtube.com/watch?v=_pmH6s-cMFk
AjmpQi9ZST8,Vlog: life as college students in a plandemic??,"Thxs for watching!! Sending peace & love your way🦋💓

Instagram
Asia: @asiathegoddess_
Amber: @itsambiee
Twin page: @asiaxamber
Business page: @goldsxcornrows

Twitter: @TheMasonTwinz1
Business: @golds_x

Business website: www. GoldsXCornrows.com",2021-02-08T20:32:47Z,45,https://www.youtube.com/watch?v=AjmpQi9ZST8
ZdOPF3fcAlU,The Plandemic - Live Cypher Sessions - XienHow,"Live Cyper Sessions - The Plandemic

Wrote and recorded this while you were sleeping. Done in one take with no support or assistance from an engineer for punching in, sound improvement, or vocal enhancements.

I'm not interested in your hate for anyone, or discrimination against any person or group of people. The How is for love, peace, prosperity, harmony, and The pursuit of happiness and greatness for all that seeks it.

Hate is not welcome here. Let us unite and rise above all that divides us.

The How ✊🏽

I AIN’T FUCKIN WITH THE PLANDEMIC
CAUSE WE DON'T KNOW WHO GOT THEY HANDS IN IT 
I DON'T NEED A SHOT TO STAND IN IT
YOU AND ALL YO FAM CAN GO GET IT

BUT YOU AIN'T NEVER GONNA FORCE ME 
WITH INFORMATION THAT IS POORLY
PUT TOGETHER WHILE THEY FORCE FEED
THEY AGENDA THAT IS SURELY 
FOR THE PURPOSE OF DISTORTING 
WHAT IS TRUE AND THAT IS FORSEEN

TELL ME YOU DON'T SEE THE PAST CLEAN
THEY  TRY CONTROLLING WITH THIS VACCINE 
THEY PUT SYPHILIS INTO THE BLACK STREAM
AND THEY HAD OUR KINGS INFECT OUR BLACK QUEENS

WHILE THEY LIE FOR ALL THIS TESTIN
WANT US TO FOLLOW WIT NO QUESTION 
A GOVERNMENT THAT'S STEADY STRESSIN 
I AIN'T MAD IF YOU GON GET THEM
THAT'S A CHOICE FOR ALL MY BRETHREN 
BUT THATS A PATH I WILL NOT STEP IN

WHY THE SAME PEOPLE PUSHIN FREEDOM OF CHOICE 
ARE THE ONES TRYNA SILENCE MY VOICE
BIG PHARMA TREATIN PEOPLE LIKE TOYS 
A BLANK CHECK FOR EM NO INVOICE 

EVEN THOUGH ALL OF THIS SHIT MAKES NO SENSE
TAKE OUR RIGHTS BUT WE AIN'T GON BEND
THEY MAKIN LISTS FOR WHO GON TAKE THAT IN
TOTAL GLOBAL DEATHS AIN'T EVEN ONE PERCENT 

YET THEY STILL OUT HERE GRABBIN SO MUCH MORE CONTROL 
WANT US ALL FIGHTING EACH OTHER WHILE THEY GRAB THAT GOLD
THEY MANUFACTURED THIS ""VID"" BUT I WON'T BE SOLD
I'M NOT SAYIN IT AIN'T REAL BUT I STILL WON'T FOLD

WHAT IM SAYIN IS YOU BETTER START TO EXERCISE 
STOP EATIN FAST FOOD ALL THEM DAMN FRENCH FRIES
STOP DRINKING ALL THAT SODA AND THE FOODS THEY FRY
CHECK ON YO MENTAL HEALTH AND DON'T BELIEVE THE LIES

STOP FIGHTING EVERBODY THAT THINKIN DIFFERENT THAN YOU 
START OPENIN YO MIND TAKE IN A DIFFERENT VIEW
DEMOCRATIC AND REPUBLICAN LYING AINT NEW
START THINKING FOR YOURSELF RESEARCH AND FOLLOW THE TRUTH

WITH THIS COVID 19 DON'T NEED REMINDING
EVEN WITH THE VACCINE YOU CAN STILL SPREAD IT CLEAN
MUCH LOVE TO THE DOCTORS AND THE NURSES ON THE TEAM
I UNDERSTAND YOU'RE OVERWHELMED AND ITS MORE THAN TIMING 

BUT YOU GOTTA PUSH HEALTH RESPONSIBILITY OF SELF
IF YOU'RE OVERWEIGHT THE VID MIGHT OVERTAKE 
THE BEST WEAPON TO FIGHT THIS
IS GOOD HEALTH AND COMMON SENSE
AND WE ALL IN THIS TOGETHER AIN'T NO SENSE TO FIGHT EACH OTHER ",2021-12-25T13:15:04Z,92,https://www.youtube.com/watch?v=ZdOPF3fcAlU
RLlyeNFIU34,Plandemic - The Time Is Now,,2022-05-06T23:06:17Z,37,https://www.youtube.com/watch?v=RLlyeNFIU34
wVmBGLKcsCM,SESH - FREEDOM FREESTYLE [2020 PLANDEMIC NZ],,2020-08-20T16:58:03Z,393,https://www.youtube.com/watch?v=wVmBGLKcsCM
W968_Pnz0sM,Plandemic,,2021-11-11T09:52:33Z,49,https://www.youtube.com/watch?v=W968_Pnz0sM
d3ADfN8a8R4,Dr. Jen Weighs in on PLANDEMIC: Don’t Believe the Hype,"This video has been widely discussed. Here’s my take:

Hello! I’m Dr. Jen- welcome to my YouTube Channel and thank you for watching this video! Let me know what you think and please subscribe to my channel above https://youtube.com/drjencaudle and please also connect with me on the following:

https://instagram.com/drjencaudle
https://facebook.com/drjencaudle
https://twitter.com/drjencaudle
https://linkedin.com/in/drjencaudle

Please sign up for my free health newsletter at https://drjencaudle.com!

Thanks a bunch, and see you soon!
xo Dr. Jen",2020-05-07T22:12:06Z,10645,https://www.youtube.com/watch?v=d3ADfN8a8R4
DRMMvzPnEb4,Preparation &amp; Traveling to Africa During the Covid-19 PlanDemic - Africa Tours Conf Call with Bomani,"Africa for the Africans Tour Conference Call November 8, 2020 with Bomani Tyehimba. Welcome to the journey of a lifetime family. Join us for a real cultural experience on an incredible tour of Tanzania Nov 20-30, 2020 in East Africa. This is a 3-city tour throughout Tanzania including Zanzibar Island, Arusha and Dar es Salaam. Do not miss this opportunity to reconnect with our people and land to enjoy paradise in the tropics. This the perfect getaway which includes, networking with the group, learning about the roots, culture, repatriation, investment opportunities and more. Africa is the future; see you in the motherland.

 Join our next Journey of a Lifetime to Tanzania Nov 20 - 30, 2020; Ghana Dec 24, 2020 - Jan 5, 2021; Senegal & The Gambia April 2-12, 2021; May 24-June 4, 2021. South Africa Nov 19 - 29, 2021, Visit our website for details on future Africa Tours & Investments at Investments at http://www.africafortheafricans.org. Subscribe to our YouTube channel and get all of the video highlights at https://www.youtube.com/Bomani2007. View our photo galleries on FB https://www.facebook.com/bomani. Twitter https://www.twitter.com/Bomani2010 IG https://www.instagram.com/bomani2015 Email me at afta2010@msn.com or bomittservices@gmail.com Bomani Technology: Service-Support-Consultation. http://www.bomaniitservices.com.

Family please support our GoFundMe so we can build an African Repatriation and Pan-African Community to help our people to come home to Africa.  https://www.gofundme.com/repatriation-village-in-ghana

This is the website link for all info, price and more if you are interested in our future community in Ghana. https://www.africafortheafricans.org/index.php/black-star-repatriation-pan-african-community-in-ghana. You can also e-mail Project Organizer Bomani Tyehimba at afta2010@msn.com to talk about all the details.

#TanzaniaTours #Africafortheafricans #AfricaTours #RepatriationtoAfrica  #blackpower #nationbuilding #BlackConsciousness #TheJourneyofalifetimetours #TanzaniaRootsTour #Tanzania #TanzaniaCulture #GhanaTours # TheGambiaTours #GambiaTours #Ghana",2020-11-20T14:05:45Z,432,https://www.youtube.com/watch?v=DRMMvzPnEb4
_fHYoB6jZV0,Plandemic #24barsclinxybeatchallenge,"#Clinxybeats
#Obscurmusic
#Sector C",2021-04-03T11:33:19Z,53,https://www.youtube.com/watch?v=_fHYoB6jZV0
QFdYxW_RKxw,PLANDEMIC - W.B.G,"SUBSCRIBE PO KAYO SALAMAT♥

Title: Plandemic
Written by: Yowkap x Art x Chris T
Recorded at: S.M.R
Mix and Mastered by: J-Black
Edited by : Art


CHRIS T
https://www.facebook.com/chri.serafin
YOWKAP
https://www.facebook.com/yowkapers
ART
https://www.facebook.com/Artgwapingss/




#LOCAL​ #WESTBANKGANG",2021-03-20T05:57:29Z,935,https://www.youtube.com/watch?v=QFdYxW_RKxw
IQd1Uek3cbw,Truesounds &amp; Ras Chanter - Plandemic (Sling Things Riddim),We got to work out the puzzle why Babylon what us in a muzzle. It compromise you immunity. Can’t breathe fresh air so it’s bound to sick us .   Who they want to track and  who want to trace. We see Babylon their a big disgrace. Who they want to hook and who they want to jook . We see they are lie and and we they are crooks.  Like a fruit on a tree that’s how they want to pick us . They even make law because they want to convict us . When it’s not deception we no that it’s trickery . They reveal themselves no more a Mistry. We not going to stop take the vitamin D . The sunshine is the vitamin D . Stand up in the vitamin D . And it is Bless by the day Almighty..     From the lockdown suicide has gone up . People can’t get no treatment that’s gone up. Alcohol and drug addiction that’s gone up. Domestic violence that’s gone up. Thousands of people job get cut . Nuff people business close down an shut. We used to have money but our pockets is broke . If we unite they will come unstuck. Now their talking about isolate . To treat us like criminal we no it’s not great. Most politician their just like a snake. We have a right to rebel so just hold the fate. They want to inject Black and Asian first. But who Jah bless no body can cause. They want us to go forward so we reverse. We must wake up before things get worse...,2020-12-01T21:18:06Z,8918,https://www.youtube.com/watch?v=IQd1Uek3cbw
wVNWKx2V8_0,The Matrix - The Bantics Show Presents - PLANdemic Part 1,"The Bantics Show's Morpheus meets Brian Washt.

Which pill will you be taking?

FOR MORE VIDEOS CHECK THE LINK BELOW

https://linktr.ee/thebanticsshow

#TheMatrixResurrections #TheMatrix #TheBanticsShow",2021-09-09T17:52:40Z,3726,https://www.youtube.com/watch?v=wVNWKx2V8_0
Js79iUwrvSA,&quot; From Pandemic to Plandemic &quot;,,2020-11-30T03:57:34Z,16,https://www.youtube.com/watch?v=Js79iUwrvSA
sy9djKvqphc,The Anti-Plandemic Protest - Those who are smeared by the MSM for having a different view to them,"Covid-19 has changed the world we live in.  Some believe it is a real threat to humanity while others do not even think it's a real virus and there are others who think those who released it upon the world are a bigger threat to mankind than the virus itself.   The thing is there are many theories on Covid-19 and there are many in the world who choose not to believe the World Health Organisation or their Government when it comes to how we as a society, country or species should be dealing with this virus.   Anti-Pandemic or Anti-Plandemic protests are taking place all over the world.  I attended the London protest in Trafalgar square - this is some of that day with some of the people there.  I wish to thank all the people there that day who took the time to talk to me before my camera died.

Timestamps
00:00 - Intro
00:42 - Monologue on Events
12:34 - David Icke
17:23 - Lady Protesting the Lies of the MSM
21:25 - Immune from fear Protestor
37:01 - No Mandatory Vaccines Protestor
42:58 - Free Julian Assange
54:08 - It's just a Mask.....

I'm The Wondering Englishman - I spend my days wondering what places are like and what wonders they may have to offer.  My YouTube Channel focuses on Travel content  - taking in the wonders of the world.   Please check out my other content to see who I really am.   I've produced over 300+ video so there is a fair amount of content to check out should you be interested.   So please do click ✅ Subscribe ✅


Thank you kindly for watching, commenting, liking and even sharing these videos I try to respond to every comment (good and bad).

Find me also on:

🐦  My Twitter is: http://www.twitter.com/vanterheyden
📸  My Instagram: http://www.instagram.com/vanterheyden
🌍 The Wondering Englishman - Website http://www.TheWonderingEnglishman.com
🎥 The Wondering Englishman on Bitchute - https://www.bitchute.com/channel/21X4VJNf9ANl/
🎥 The Wondering Englishman on LBRY - https://lbry.tv/@vanTerheyden:f


If you would like to support my work in any way you can do so via the following platforms:


✅Support me via PledSto for as little as 10 cents a Month https://my.pleds.to/TheWonderingEnglishman


✅ My SubscribeStar can handle larger donations (It's like Patreon but less Political) https://www.subscribestar.com/the-wondering-englishman


✅ Or simply buy me a Coffee -  https://ko-fi.com/thewonderingenglishman


✅ My Paypal - http://www.paypal.me/vanterheyden


I'll be sure to mention you in the credits of upcoming videos if you so request.  (Only if you request).   Your support is greatly appreciated!


🌍 When using Taxi's in London -  I recommend Bolt & Uber for your Taxi Needs.
***Download the Apps from the App Store.***


✅ Use Code ""uberAVT"" to get money off your first journey with Uber.
✅ Use Code ""HFDHF""  to get money off your first journey with Bolt



🌍 When I’m travelling I book a lot of my accommodation through Airbnb and Booking . com.
If you would like a free travel credit please help me and help yourself by using the following links - each will give you Free Travel Credit when you sign up Usually between $20-$50 depending on where you are from.
✅  http://www.airbnb.co.uk/c/aterheyden
&
✅  https://www.booking.com/s/34_6/vanter15  - Free Travel Credit


To find the cheapest flights anywhere I recommend using Skyscanner
✅ Click here to search for flights -  https://bit.ly/Skywonder


🔵 Need a Travel Bag or Backpack for your Travels - I use and recommend the travel bag company RPS Pro Supply - use this affiliate link
✅ https://lddy.no/azw0
Use Discount Code - READYPROAF15 - so you get a 15% Discount on first-time purchases.


🎬  Video Shot  with:
    🔵   Sony Action Cam FDR-X3000   -  https://locally.link/yGCY
    🔵   Samsung S20 Ultra -  https://locally.link/IX0y



#Covid19 #CoronaVirus #Lockdown #AntiLockdown #Plandemic #Pandemic #London  #Travel #Vlogger #TheWonderingEnglishman",2020-09-07T17:00:31Z,673,https://www.youtube.com/watch?v=sy9djKvqphc
U2y15oNem48,PLANDEMIC MATE,"Welcome to my channel, my name is Freddie and I've got the best content on the platform. Subscribe for more content!",2021-02-28T12:09:22Z,36,https://www.youtube.com/watch?v=U2y15oNem48
9YDfD_9F39o,Plandemic team look!,,2022-06-01T19:33:42Z,3,https://www.youtube.com/watch?v=9YDfD_9F39o
m44AKJvG_ew,Plandemic,"Whatcha gonna do when they come for you?

hahaha just a song I put together with lack lustre lyrics. No I'm not an anti-masker. I don't believe in the Plandemic.",2021-03-26T08:42:56Z,23,https://www.youtube.com/watch?v=m44AKJvG_ew
VqYRVXkA3pU,"Plandemic - SevenCents,Jc Payat,Ronshit","Recorded at Barrio Kinse Records
Mixed And Mastered: Seangrant Domingo
#Pandemic
#AroMusic
#BarrioKinseRecords",2022-07-09T07:13:55Z,0,https://www.youtube.com/watch?v=VqYRVXkA3pU
uZ1pPIky_DM,REBELS WITH A CAUSE - PLANDEMIC,"Verse 1

(1) Fuck the powers that be/ cuz we were born to be free/

(2) now where lined up and treated/ like were cattle and sheep/

(3) there's no freedom of speech/ speak your mind your impeached /

(4) you will get censored and silenced / cuz your mind is policed/

5) ya see were living in a prison/ that's divided by religion /

6) your told what to think/ you don't make no decisions/

(7) victims of the system/ putting faith in politicians/

(8) property of the state / read the terms and conditions

(9) modern day Enslavement/ got us all chasing payments/

(10) while we brainwash our minds/ with fake news and entertainment

(11) these big corporations / got more money than the nation

(12) controlling populations/  Rolling out the vaccinations

(13) The world is a battleground/ were the sheep and cattle now/

(14) Stay locked up in your house/ and don't attempt to try and gather round/

(15) Authority is clamping down/ harass ya when you travel now/

(16) So what you gonna do? Stand the fuck up or stand around

Hook

(1) Stand up or stand aside/ are ye men or fucking mice/

(2)They took away your rights/ its a fight to survive/

(3) Educated by the lies/ keep a look out for the signs/

(4) don't let them take your soul/ and keep your mind exercised/ X2

Verse 2

(1) Its a war outside/ the blinds leading the blind/

(2) We got these Rules and restrictions/ just to keep us in line/

(3) they keep abusing your rights/ right in front of your eyes/

(4) while these gullible sheep/ think we're doing just fine/

(5) its time for revolution/ that's my only solution/

(6) I swear to fuck these sick cunts/ are just anti human/

(7) all this mass confusion is/ just a grand illusion/

(8) stay inside your 5k / cuz there tracking your movements/

(9) so Living like a Mormon/ Is the new normal/

(10) You cant stop to speak/ or even be formal

(11) This  living is awful / illegal unlawful

(12) you can't walk to the shop/ without a mask or snorkel/

(13) its a New world order/ right around the corner/

(14) Shutting down economies/ and locking down borders/

(15) we wanna move forward/ but choose to take orders/

(16) were lining up like cattle/ getting ready for the slaughter/

Hook

Verse 3

(1) Were all getting sick of it/ governed by these idiots/

(2)The European union/ and there Nazi affiliates

(3) Don't you be so oblivious/ these political hypocrites /

(4) are abusing your rights/ carrying on like militants/

(5) they got us shackled and chained/  I know your feeling pain/

(6) While they fuck off with there family's / to there villas in Spain/

(7) But your the one to blame/ while they pop champagne/

(8)  You cant walk to the shop/ but they can hop on a plane/

(1) pawns on a chessboard/ working till your sweat pours/

(2) waiting on your pension/ till ya end up on deaths door/

(3) forgot about the dress code/ when you went to Tesco/

(4) now your looking at the back/ of a fucking cell door/

(5) Read between the lines/ don't believe in the the lies/

(6)and  turn the television off / cuz its leading your life/

(7) were all headed for demise /  you better open your eyes/

(8) its  time to wake the fuck up / and stop being hypnotised/

Hook

Stand up or stand aside/ are ye men or fucking mice/

(2)They took away your rights / its a fight to survive/

(3) Educated by the lies/ keep a look out for the signs/

(4) Don't let them take your soul / and keep your mind exercised / X2",2021-02-06T23:54:34Z,4112,https://www.youtube.com/watch?v=uZ1pPIky_DM
Jy120ZW_G_c,Descargar PLANdemic por MEGA,"Link de descarga por MEGA:

https://mega.nz/file/1sJSnIxJ#eAH9L6qhS0U3sL0ELT8W8AT-r7XqB3qeS5YIVTXAQKg

Compartan a sus amigos y allegados..
No se callen

Tema músical: Acoustic Torment - Praise the lord

Saludos

Comodoro Rivadavia - CHUBUT
Argentina",2020-06-18T23:28:28Z,309,https://www.youtube.com/watch?v=Jy120ZW_G_c
Si8It_MxIp0,Hellfire Plandemic,Directed by Gino Blak,2021-12-07T14:31:43Z,221,https://www.youtube.com/watch?v=Si8It_MxIp0
lEKuiNxDPME,The Simpsons Plan a Plandemic,,2021-08-10T19:50:38Z,2256,https://www.youtube.com/watch?v=lEKuiNxDPME
OBRJoqydnI0,🔥🔥🔥 During the Plandemic I came up with This 💯💯💯,,2022-02-23T20:44:55Z,19,https://www.youtube.com/watch?v=OBRJoqydnI0
rkeMb9HduWE,PLANDEMIC,,2022-03-24T21:09:38Z,3,https://www.youtube.com/watch?v=rkeMb9HduWE
1ckq6kjizlc,24bars clinxy beats challenge plandemic / JAELAS,"Valita Underground Pro 👌


#24barsclinxybeatschallenge #JAELAS",2021-05-11T19:23:57Z,128,https://www.youtube.com/watch?v=1ckq6kjizlc
6weJhdtsrjw,Plandemic,This is,2021-12-21T17:41:12Z,38,https://www.youtube.com/watch?v=6weJhdtsrjw
GWKYYCWyURk,Willy C x Conflicted x Leek Jonez   Plandemic,,2022-03-10T13:05:29Z,19,https://www.youtube.com/watch?v=GWKYYCWyURk
gsaSh_P8LIw,Plandemic,,2022-06-10T00:44:02Z,6,https://www.youtube.com/watch?v=gsaSh_P8LIw
RFqnJPq2d4k,"1852: Inflation PLANDEMIC- The Problem of our Lifetime, Jason Speaking in Dallas, Empowered...","Go ahead! You can make fun of Jason's haircut! Compared to what? Compared to a year ago, he did have more hair! :)

 Today, Jason challenges all listeners about his claim- that income property is the most historically proven asset class in the world! A successful business could, but those need a ton of work!

 He also invites everyone to join the rebranded Empowered Investor Pro! Lots of connections, education, tools and bonuses to be had! Go to EmpoweredInvestor.com today! Furthermore, Jason shares what's going on in Turkey's economy and how strong the American brand and its currency is till today! He also shares his speech at a convention in Plano, Texas!

 🏆🏆🏆Contest Winners from the last month:🏆🏆🏆 YouTube: Brooklyn Soccer, Ryan Klein, Shiao-wen Huang, No No Creating Wealth Podcast Review: ETrain7273, Smurfdaugg, L. von Mises, common_review

 Claim your prize within 1 month at www.jasonhartman.com/ask.

 Key Takeaways:

 Jason's editorial

 1:26 Yes, you can make fun of my haircut!

 2:46 A challenge to Jason's claim about income property

 4:04 Coco in Dallas and the 'cutting room floor'

 4:44 Inflation in Turkey

 7:52 Empowered Investor Pro Community Meeting. Join us via EmpoweredInvestor.com

 10:26 Chart: Unemployment and the labor force participation rates

 12:12 The Dollar in decline- WRONG! It is still the reserved currency of the world

 14:02 Raffle winners!

 Jason's presentation at Plano Texas

 15:33 How many of you think there is a housing bubble?

 17:11 The 2008 Great Recession

 21:27 Inflation is a good thing for us as real estate investors

 23:15 Elon Musk: we need more people

 24:46 A YouTuber’s view on the Foreclosure Moratorium

 25:51 False timeline comparison - waiting to time the market

 29:01 New construction homes and canceled builder contracts

 31:27 Last year, the average homeowner gained over $57,000 in equity

 34:30 Looming housing shortage and why it’s about to get worse

 36:14 Always ask: compared to what?



     Follow Jason on TWITTER, INSTAGRAM &amp; LINKEDIN    https://twitter.com/JasonHartmanROI  https://www.instagram.com/jasonhartman1/  https://www.linkedin.com/in/jasonhartmaninvestor/   Learn More: https://www.jasonhartman.com/    Get wholesale real estate deals for investment or build a great business – Free course: JasonHartman.com/Deals

   Free White Paper on The Hartman Comparison Index™:  https://www.hartmanindex.com/white-paper   Free Report on Pandemic Investing: https://www.PandemicInvesting.com

 Jason’s TV Clips: https://vimeo.com/549444172

 Free Class: CYA Protect Your Assets, Save Taxes &amp; Estate Planning: http://JasonHartman.com/Protect

 Special Offer from Ron LeGrand:  https://JasonHartman.com/Ron

 What do Jason’s clients say?  http://JasonHartmanTestimonials.com

 Contact our Investment Counselors at: www.JasonHartman.com

 Watch, subscribe and comment on Jason’s videos on his official YouTube channel: YouTube.com/c/JasonHartmanRealEstate/videos

 Guided Visualization for Investors: JasonHartman.com/visualization

 Jason’s videos in his other sites:

 JasonHartman.com/Rumble

 JasonHartman.com/Bitchute

 JasonHartman.com/Odysee

 Jason Hartman Extra: https://www.youtube.com/channel/UC0qQ…

  Real Estate News and Technology: https://www.youtube.com/channel/UCPSy…",2022-06-06T17:12:20Z,85,https://www.youtube.com/watch?v=RFqnJPq2d4k
Hwf4pyCxOzQ,DBD The Plandemic,"ASOC, DBD Compilation",2021-01-20T00:11:13Z,26,https://www.youtube.com/watch?v=Hwf4pyCxOzQ
llYxpN4yYh8,Fauci plandemic,,2022-01-23T20:47:35Z,5,https://www.youtube.com/watch?v=llYxpN4yYh8
LnbDX-yGt-I,#IUIC | #Plandemic Health #Crisis,"Israel United in Christ is a Biblical Organization that teaches the Gospel of Repentance from Sin to Our People scattered around the world as a Result of Disobedience to God’s Commandments. When you consider the plight of our people, it is one of turmoil and trauma. Our People, the Israelites suffer from a wide range of issues from Self Hatred, and Domestic Violence, to Mass Incarceration and Economic Exploitation... However,
The Bible has the Solution to Our People’s Problems.

For more information: https://israelunite.org/
Contact # (855) 484-4842 Ext: 7010
Contact Person: Officer Oram
Address: 2851 Edgewood Ave N, Jacksonville, FL  32254
For more videos go to: http://israelunite.org/videos
Facebook: https://www.facebook.com/IUICJville
Podcast: http://www.iuicpodcast.com/
Instagram: https://www.instagram.com/iuicjacksonville/
Twitter: https://twitter.com/iuic_jville
Periscope: https://www.periscope.tv/IsraelUnitedInChrist/1YpJkNByDQEGj
Music: https://originalroyaltyrecordings.com/
Merchandise: http://OriginalRoyalty.com/",2022-04-19T17:00:11Z,1256,https://www.youtube.com/watch?v=LnbDX-yGt-I
dSN_gezl8b0,MSK - Plandemic (Official Lyric Video),,2022-04-26T08:08:24Z,114,https://www.youtube.com/watch?v=dSN_gezl8b0
gnLMVJeWy0U,Fuck the Plandemic,"Provided to YouTube by DistroKid

Fuck the Plandemic · Lit Crew

Fuck the Plandemic

℗ Titz Beatz Recordz

Released on: 2021-09-11

Auto-generated by YouTube.",2021-09-12T21:11:04Z,234,https://www.youtube.com/watch?v=gnLMVJeWy0U
O-NVLOSr7cU,DBD Revenge of the Plandemic,"dead by daylight, pretty good job so far, compilation, bugs, pretty good job so far",2021-02-07T18:54:35Z,21,https://www.youtube.com/watch?v=O-NVLOSr7cU
KVC_TRg0W_k,Conspiracy Planning Committee - Plandemic,"A video re-enactment of the planning of the Covid pandemic based on the conspiracy theories I was able to find on the internet.

If you have any suggestions for future Conspiracy Planning Committee videos leave them in the comments!

Photo credits Jeremy Keith (https://www.flickr.com/photos/adactio/)",2022-02-09T05:00:06Z,87,https://www.youtube.com/watch?v=KVC_TRg0W_k
X65a29TcxvQ,The Plandemic Of Grace Part 2,"With all the hype about the Covid 19 Plandemic in the air today many people are so focused on the scary realities of life that we often times can forget that there is a Plandemic that has plagued this world for the last 6000 years +/-
The world counter offers vaccines that are partially effective at best but God offers GRACE. It is effective against any and every strain of the virus, it is not Mandatory but for those willing to be inoculated there is absolutely nothing that can infect us.",2022-03-25T04:18:33Z,31,https://www.youtube.com/watch?v=X65a29TcxvQ
xZTQzNRpZ1U,"Episode 7: The Pandemic, Plandemic &amp; Bandemic Pt. 2",Covid is such a heavy topic but we had to tackle it! Tap in as we dive into the past present and future of Covid-19 in this 2 part episode,2022-01-10T15:00:38Z,6,https://www.youtube.com/watch?v=xZTQzNRpZ1U
zM1kDipqUck,Plandemic,"Video Director: William Clarke
 Video editor: Quaves Production
 Video Producer: Quaves Production/ William Clarke

Artist: Willy C, Conflicted, Leek Jones ,

Follow Willy C
Instagram: http://instagram.com/willyc_official",2022-03-14T22:05:48Z,114,https://www.youtube.com/watch?v=zM1kDipqUck
-9ajhtw3k-Q,plandemic is me🤗,,2021-10-15T14:46:20Z,14,https://www.youtube.com/watch?v=-9ajhtw3k-Q
mloEarL5zL8,Plandemic is Real: Stores are Running on Empty!,"Plandemic is Real: Stores are Running on Empty!

I AM an Author, Philosopher, Content Creator, Educator, Homeschooling Advocate, and More.

www.odingasalchemylab.com",2022-01-08T23:42:46Z,33,https://www.youtube.com/watch?v=mloEarL5zL8
r8ZzsnHplZo,Lil_Bard - Plandemic ft.MDK (prod.BardoNoBeat),"Lil Bard Plandemic ft.MDK
trap de protesto pandemia 2021

MDK
https://instagram.com/__dreamguy__?utm_medium=copy_link

LIL_BARD
https://instagram.com/talking_in_jazz?utm_medium=copy_link

LETRA:

LIL BARD

REFRAO

plandemic
isso é um plano endêmico
programado
pra atingir apenas certos gêneros

tem que dar tudo errado
pra ver que nada está certo
E a confiança no político
é só um prazer efêmero

--------

meu eu manifesto
é um protesto raiva e furia
utilizado com propósito
de amor e cura

um rombo no estado Vários bilhões desviados
Tão irônico dizer que essa culpa
não é sua



culpa é da maioria
inocente e inconsciente
que acata as ordens
dessa minoria exigente

Se ao menos a minoria pensasse
um pouco na gente
justo esse é o sistema
a base ser inexistente

(yea)

REFRAO 2x

plandemic
isso é um plano endêmico
programado
pra atingir apenas certos gêneros


tem que dar tudo errado
pra ver que nada está certo
E a confiança no político
é só um prazer efêmero

plan...demic

......

M D K

(ei)

controle de massa
fazem e nem disfarça
já nem pode fazer o meu rap
na praça

cortaram minhas asas
mandando fica em casa
logo eu
que resido por todo o brasa

(ei)

plano gigantesco mundial
mudando seu conceito de normal
qual a esperança dessa minha gente
num país que não tem presidente

jogo de poder com dados viciados
tudo organizado por vampiro engravatado
eu não sou o certo muito menos errado
só que aqui dentro já me sinto revoltado

só fica em casa quem pode?
trabalhador sempre que se foda
daqui a pouco essa bomba explode
brasileiro nato very hard mode

por isso hoje eu não voto
isso já é falta de respeito
não tendo um de qualidade
aceitam outro de quaisquer jeito

PLANDEMIC...

#pandemic
#pandemia
#trapmusic
#brasil
#florianopolis
#rapsc
#trap
#riodejaneiro
#saopaulo
#riograndedosul
#brazil
#defloripapromundo
#hit2021
#2021
#trapdapandemia
#planopandemia
#plandemic",2021-09-17T19:17:01Z,54,https://www.youtube.com/watch?v=r8ZzsnHplZo
fHDEm2ZsVzE,Plandemic - Kingdom Warriors Remix (Featuring Charmless),,2022-05-06T22:38:03Z,22,https://www.youtube.com/watch?v=fHDEm2ZsVzE
f7nWndIhB5A,"Plandemic, Fact or Fiction Ep 2, Base of Operations",Tom Clancy's The division. From the start this was pretty close. Was about 3 years before the real thing. Eposide 2 about setting up the base of operations and rescuing Dr Kendall,2022-07-06T09:30:11Z,5,https://www.youtube.com/watch?v=f7nWndIhB5A
oXGXFOJ4hLo,"⛔ Vacuna obligatoria vs Plandemic, 5G, Bill Gates, chip...","Analizamos conceptos que actualmente se están manejando sobre las vacunas obligatoria y posibles conspiraciones: plandemic, 5G, Bill Gates, chip... Os mostramos el resultado de una encuesta que hemos realizado.

Enlaces:
- https://www.nature.com/articles/s41586-020-2281-1
- https://www.nytimes.com/2020/05/13/technology/coronavirus-vaccine-disinformation.html
- https://www.zerohedge.com/health/british-health-officials-suggest-covid-19-vaccine-could-be-mandatory
- https://summit.news/2020/05/14/ny-times-worries-half-of-americans-will-refuse-to-take-coronavirus-vaccine/ - https://leger360.com/surveys/concerns-about-covid-19-april-28-2020/
- https://summit.news/2020/04/29/poll-majority-of-canadians-think-coronavirus-vaccine-should-be-mandatory/
- https://www.neurosalus.com
- https://www.psicosalus.com
- https://www.doctortest.com

_ _ _ _ _ _ _ _ _ _ _ _ _ _ _ _ _ _ _ _ _ _ _ _ _ _ _ _ _ _ _ _ _ _

SÍGUENOS EN REDES (No se lo digas a nadie… 🤫 ¡PÁSALO!)
Twitter: https://twitter.com/lrsecreta
Instagram: https://www.instagram.com/lareunionsecreta
Facebook: https://www.facebook.com/LRsecreta

REDES SOCIALES DEL EQUIPO
| DR. JOSÉ MIGUEL GAONA | - https://twitter.com/doctorgaona
| DIRECTOR | - Joan Miquel MJ - https://www.instagram.com/official_joan_miquel_mj/
| PRODUCTORA | - Lourdes Martínez - https://twitter.com/chicadelaradio
| AYUDANTE DE DIRECCIÓN | - Olga Ralló - https://twitter.com/olgarallo
| AYUDANTE DE PRODUCCIÓN | - Carlos Martínez - https://twitter.com/Carlitos_martnz

 _ _ _ _ _ _ _ _ _ _ _ _ _ _ _ _ _ _ _ _ _ _ _ _ _ _ _ _ _ _ _ _ _

Conoce el perfil profesional del Dr. Gaona:

José Miguel Gaona Cartolano nació en Bruselas. Licenciado en Medicina con Sobresaliente. Doctor en Medicina (cum laude) en la rama de Psiquiatría por la Universidad Complutense de Madrid, es máster en Psicología Médica y especialista en Psiquiatría Forense.

Especialista en Técnicas no invasivas de estimulación cerebral por la Universidad de Harvard (Berenson-Allen Hospital. Boston).

Premio Jóvenes Investigadores de la Comunidad de Madrid y miembro de la Asociación Europea de Psiquiatría (AEP), ha ejercido tareas docentes en la cátedra de Psiquiatría de la Facultad de Medicina de la UCM y ha sido director de la revista Educar bien. Niños.

Fue asesor técnico del Defensor del Menor de la Comunidad de Madrid, responsable del área de salud mental en la guerra de Bosnia para la ONG Médicos del Mundo y miembro del Comité de Honor de la Fundación Altarriba de protección animal, entre cuyos miembros se encuentran personalidades tan destacadas como José Saramago, Josep Carreras o Eduard Punset, entre otros.

En los últimos años ha trabajado en el campo de la neuroteología, ciencia que estudia los fenómenos místicos y espirituales desde una perspectiva neurológica. En esta línea, dirige el Proyecto Túnel (Facebook), un sitio de encuentro para miles de personas que han sufrido experiencias cercanas a la muerte (ECM) y que desean compartir dichas experiencias o abordarlas desde un punto de vista terapéutico.

Ha sido uno de los pocos profesionales de salud mental a nivel mundial que ha sido autorizado a participar en los cursos dedicados a sacerdotes católicos exorcistas realizados en el Ateneo Pontificio Regina Apostolorum de Roma.

Ha sido uno de los directores de IANDS España (International Association of Near-Death Studies) y participa en trabajos en el campo de las ECM junto con el Dr. Bruce Greyson de la Unidad de Estudios Perceptuales de la Universidad de Virginia Occidental y la Dra. Holden de la North Texas University.

Es autor de los libros El síndrome de Eva y Endorfinas, las hormonas de la felicidad, y uno de los coautores de Ser adolescente no es fácil, así como Al otro lado del túnel (Nº1 en ventas en España y varios países de Hispanoamérica) y El límite todos ellos publicados por La Esfera de los libros.

Los dos últimos libros versan sobre la consciencia y su implicación en complejos procesos relacionados, entre otros, con experiencias cercanas a la muerte (ECM), experiencias extracorpóreas (EEC) y multitud de fenómenos que actualmente son considerados paranormales.

Ha trabajado con el Prof. Michael Persinger de la Laurentian University en Sudbury (Ontario, Canadá) uno de los templos de estudio de la consciencia a nivel mundial.

Actualmente estudia Teología en la Universidad de Navarra con objeto de conocer más en profundidad la simbología cristiana y sus correlatos culturales así como sus raíces neurológicas y su relación con la expresión espiritual.",2020-05-24T12:59:55Z,225309,https://www.youtube.com/watch?v=oXGXFOJ4hLo
nPaER0Pob1E,PANDEMIC OR PLANDEMIC?,"BE BLESSED http://www.shockofGod.com
Subscribe to my Brother J.D. at his youtube channel below
https://www.youtube.com/alohabibleprophecy",2020-04-29T04:38:30Z,22832,https://www.youtube.com/watch?v=nPaER0Pob1E
pSCfmfnelgE,The Actual Plandemic (Destiny),"Credit to https://twitch.tv/Destiny
Go follow them!
#Twitch #Clips #Highlight #Livestreamfails #Funny

Don't want me uploading your clips? Just let me know and I will delete all clips of you and stop uploading them in the future.
Contact me at idk99919@gmail.com

The purpose of this channel is to be an archive for twitch clips. This channel will never be monetized.

Reddit thread: https://reddit.com/r/LivestreamFail/comments/rrqbcw/the_actual_plandemic/",2021-12-30T05:01:51Z,24,https://www.youtube.com/watch?v=pSCfmfnelgE
TZJZ1SvrJB0,Plandemic,"Bermudians challenge the government's narrative that we are in a real pandemic. Mounting evidence suggests that Covid 19 is not the threat it was originally made out to be.
*** I do not own the rights to this music***",2021-05-04T15:44:47Z,60,https://www.youtube.com/watch?v=TZJZ1SvrJB0
BXyrP3CHIDY,Endemic Soon... #pandemic #covid19 #covid #playground #plandemic,"Is this the end, endemic? We are all hoping that this pandemic will end soon. These little kids can go out whenever they want and they are free to play. @Pandemic",2022-03-02T13:45:55Z,238,https://www.youtube.com/watch?v=BXyrP3CHIDY
dvKpsTRt1JM,Rabid Hysteria Plandemic,"Provided to YouTube by TuneCore

Rabid Hysteria Plandemic · Ubruxum

Mucho Bruxismo

℗ 2021 Ubruxum

Released on: 2021-10-31

Auto-generated by YouTube.",2021-10-30T10:04:17Z,193,https://www.youtube.com/watch?v=dvKpsTRt1JM
VfMzK1Q17xQ,Dj Tore - Plandemic,"Minimal

I had some problems and I had to delete all my sets. A sadness for all the visualizations achieved...

None of the tracks are owned by me.",2022-06-17T23:01:40Z,64,https://www.youtube.com/watch?v=VfMzK1Q17xQ
xm2CRK9tKJo,Klaus Schwab describes the plandemic in 2016,"Prof Klaus Schwab defines The Fourth Industrial Revolution plan to control and transform humans way back in an interview in 2016

#KlausSchwab #TheGreatReset #GreatReset #Scamdemic #Plandemic #TheNewNormal",2020-10-29T00:16:40Z,2986,https://www.youtube.com/watch?v=xm2CRK9tKJo
VyIQNXQn_Cc,The plandemic files Baseline mix 2021 💎♒️MR🍁420💨MR.R420,Brum to MCR in a stoleee 🙌🏼🤒💨🤣♒️♒️♒️#djrudeboi #new2021 #niece,2021-11-13T20:31:30Z,108,https://www.youtube.com/watch?v=VyIQNXQn_Cc
r5ji3535i5w,Plandemic of Vaccines.. Preparation before Scamdemic..🧐🤦🤧,,2022-01-14T02:55:20Z,33,https://www.youtube.com/watch?v=r5ji3535i5w
gSibBECCUV4,STREET SEGMENTZ VOX POP 1 THE EFFECT (THE PLANDEMIC) AKA CORONA VIRUS HAS CAUSED ON US AS PEOPLE,"The Shotzbymatt Team went out in the East Kingston Area and these persons was presented which these questions:

1. How has the pandemic affected you personally?
2. What have you done to cope with the present situation?
3. How has the community, especially vulnerable groups like the children and elderly, been impacted  by the pandemic?
4. Do you think the pandemic has made violence in the community worse?
5. What role can women play at this time in treating with the Corona virus and crime?

Thanks For Keeping It Locked....LIKE/COMMENT/SHARE....

#shotzbymatt #streetsegmentz",2021-03-11T02:00:47Z,222,https://www.youtube.com/watch?v=gSibBECCUV4
pzrlPySdP84,Marko crT Williams: PlanDemic,"Marko crT Williams: PlanDemic

Just some throwaway footy in GuateCity.",2021-07-13T00:57:09Z,98,https://www.youtube.com/watch?v=pzrlPySdP84
znK3MW5kxZM,Coronavirus: A Pandemic or Plandemic - A World Post Coronavirus | Author Ravi Kant | Geopolitics,"There was a world before the Pandemic and there will be a world post Pandemic. But something will be changed forever, human history will now be divided into new forms i.e. BC (Before Covid-19) & AC (After Covid-19). This event will prove to a game-changer for humanity, as new societies will emerge with new rules & new protocols in place. There will be an emergence of a totally different world order, where individual liberties will lose meaning and conformity will be the new normal. Nation-states will lack policy directives and confrontation will be the only to increase power. History will call it the ""Pangaea breakup"" moment of human civilization and the rise of a new civilization based upon less trust, more surveillance, as well as new rights for robots.  But is this going to be the last of such events or many more are yet to come?

#Ordernow
Amazon India: https://www.amazon.in/dp/8194618983
Kindle: https://www.amazon.in/dp/B08LDX1PTF
Amazon US: https://www.amazon.com/dp/8194618983
Amazon UK: https://www.amazon.co.uk/dp/8194618983
Amazon FR: https://www.amazon.fr/dp/8194618983
Google Play: https://play.google.com/store/books/details?id=uvkLEAAAQBAJ

Who is supposed to gain from all this chaos and disruptions around the world?

About The Author: Ravi Kant is a senior columnist at Asia Times. He has wider experience in the financial world with in-depth knowledge in the field of economics, international politics, and cybersecurity. Some of his analysis has been published in leading magazines such as Mogul News and Indian Economist.

Follow Author:
Facebook: https://www.facebook.com/authorravikant
Twitter: https://twitter.com/Rk_humour

#literatureslight #amazonkindle #RaviKant #authorravikant #coronavirus #pandemic #coronavirusbooks #pandemicbooks #pandemicorplandemic #bookstoread #covid19books #authorsofindia #authorpromotion #authormarketing #authorbranding #writeindia #newindianauthors #indianauthors #bookstagram #authorsworld",2020-12-03T05:51:20Z,271,https://www.youtube.com/watch?v=znK3MW5kxZM
FdMTBKO0Eyw,ERIKBEE- pLandemic,ERIKBEE - pLandemic,2021-10-24T01:41:43Z,255,https://www.youtube.com/watch?v=FdMTBKO0Eyw
qVzG4DZtECI,[FREE] Jay Z Type Beat | &quot;Plandemic&quot; | East Coast Hip Hop | The Purge Rap Beat,"Purchase untagged high Quality Wav version at

https://www.beatstars.com/c0vid19beats/feed

or dl free tagged version

also check out my complete library

Covid 19 Beats for the Plandemic No mask No Vax




Jay Z Type Beat, Rap Instrumental, Jay Z Where I'm From, Underground Rap, Hip Hop instrumental, Freestyle Type Beat,  Underground  Rap Beat, Covid 19 Type Beat, No Mask Type Beat, Anti VACCINATION type beat, Real Hip Hop, Hip Hop Instrumental,  Freestyle  Type Beat , Freestyle , Fuck Covid Type Beat",2021-10-02T21:21:17Z,55,https://www.youtube.com/watch?v=qVzG4DZtECI
K8zhHla5C6E,Stevensville Plandemic Discussion,Concerns continue over the plandemic hardships and the liability of government officials in moving forward.,2021-09-03T16:45:55Z,22,https://www.youtube.com/watch?v=K8zhHla5C6E
ew4cZFy-lCE,Dr. Judy Mikovits wants to discuss &quot;Plandemic&quot; with Dr. Galvin. Should he accept?,"Dr. Galvin has been invited to debate Dr. Judy Mikovits on the Good Intentions Show with Tim Ray on May 27th. He's soliciting viewer input, (especially from those trolling him about his Plandemic debunks) whether he should agree or not. The network is a bit radical and it could all be a setup. However, Dr. G has spoken with Dr. Mikovits and host Tim Ray, and all have agreed to a civil debate about the issues Dr. Galvin is familiar with (things pertaining to the medical aspects of the virus) while avoiding conjecture about wider conspiracies. What do you think? Put your answers below and add any questions you would like him to address should he agree to the debate.",2020-05-16T19:33:20Z,5555,https://www.youtube.com/watch?v=ew4cZFy-lCE
gIIPqyTHpP4,Addressing The Global Plandemic,"White House Press Secretary discusses their efforts to address the ""global plandemic.""

Originally uploaded to https://twitter.com/i/status/1434851568671723523 by Art TakingBack 🇺🇸",2021-09-07T18:08:17Z,15919,https://www.youtube.com/watch?v=gIIPqyTHpP4
FyXvVtBGtcQ,Jen Psaki says &quot;Plandemic&quot;,Whitehouse Biden Spox Virus Plandemic,2021-08-26T00:44:56Z,2245,https://www.youtube.com/watch?v=FyXvVtBGtcQ
IKDh_iH6PIY,Lab Leak Theory   Plandemic 2021,"Lab leak theory's first album!
Great Job!",2021-12-16T23:12:25Z,26,https://www.youtube.com/watch?v=IKDh_iH6PIY
lizVSYuU1cs,jen psaki ‘plandemic’,,2021-09-22T00:42:16Z,1211,https://www.youtube.com/watch?v=lizVSYuU1cs
UemX1lUeT2Q,D MAFIA MUZIK - PLANDEMIC RIDDIM (Instrumental),"Plandemic Riddim (instrumental) · D Mafia Muzik

Plandemic Riddim (Instrumental)

℗ 2020 D Mafia Muzik

Released on: 2020-05-15

Producer: Don Mafia",2020-06-14T18:07:19Z,527,https://www.youtube.com/watch?v=UemX1lUeT2Q
KqUWgel7ajs,Plandemic/Vaccine card from Rumi Tarot Deck,"Pre order now


https://www.artisttarot.com/rumicards",2020-10-14T14:20:24Z,1314,https://www.youtube.com/watch?v=KqUWgel7ajs
9z3Aw7faNns,Plandemic .,,2021-04-24T07:34:57Z,53,https://www.youtube.com/watch?v=9z3Aw7faNns
GjEGBC1WDfE,Born FREE Acts 22:28 Plandemic,,2020-05-09T19:53:55Z,280,https://www.youtube.com/watch?v=GjEGBC1WDfE
VQa_M9u1h40,Plandemic,"You can buy this beat from

www.beatstars.com/80gritboy
www.traktrain.com/80gritboy
www.airbit.com/80gritboy

Also follow me on

www.soundcloud.com/80gritboy
www.instagram.com/80gritboy

Thanks

80gritboy",2021-09-06T02:30:24Z,48,https://www.youtube.com/watch?v=VQa_M9u1h40
k_kljAb_abo,PLANDEMIC Teaser,"In the City of LUSAKA, unknown wealthy woman who makes money through Human Trafficking wants to control her neighborhood using gangs and respected individuals amidst a pandemic. This captures the attention of the arrogant Brymo after rejecting an offer to keep the secret.
Will Brenda and associates' mission be accomplished or will it backfire? . -- PLANDEMIC -- Dir HARLEYLEE",2021-08-30T20:31:54Z,20,https://www.youtube.com/watch?v=k_kljAb_abo
tpMXOu4Uf7U,The Plandemic &amp; The Jab Energy Reading.,Energy Reading about the world virus & the needle.,2021-12-23T17:19:33Z,62,https://www.youtube.com/watch?v=tpMXOu4Uf7U
FadzU7zzWbE,Dr Fauci Predicts Pandemic In 2017 #plandemic,"Anthony S. Fauci, MD, director of the National Institute of Allergy and Infectious Diseases, said there is “no doubt” Donald J. Trump will be confronted with a surprise infectious disease outbreak during his presidency.

Fauci has led the NIAID for more than 3 decades, advising the past five #UnitedStates presidents on global health threats from the early days of the AIDS epidemic in the 1980s through to the current Zika virus outbreak.

During a forum on pandemic preparedness at #Georgetown University, Fauci said the Trump administration will not only be challenged by ongoing global health threats such as influenza and HIV, but also a surprise disease outbreak.

“The history of the last 32 years that I have been the director of the NIAID will tell the next administration that there is no doubt they will be faced with the challenges their predecessors were faced with,” he said.


#covid19 #pandemic #coronvirus #drfauci #cdc #billgates #vaccines #id2020  #stayhome #lockdown

** Links for Hope! **
https://amzn.to/3hRAewn

https://amzn.to/3IZQN58

https://amzn.to/3HXMXrK

https://amzn.to/3KBMGg9

https://amzn.to/3i0gYwE

**Bug Out List **

https://amzn.to/3J6DZtS

https://amzn.to/3CFuq2I

https://amzn.to/3t80mJy

https://amzn.to/3i2M2Ms

https://amzn.to/3i0B4Hh

https://amzn.to/3pW7g2z

https://amzn.to/3CGC8cD

https://amzn.to/35TgXrZ

https://amzn.to/3tKFQxK

**HEALTH ESSENTIALS**

https://amzn.to/3tRKzOj

https://amzn.to/3w5VE0W

https://amzn.to/3ubiSjV

https://amzn.to/3tTo8sc

https://amzn.to/3ME5g90

https://amzn.to/3KHffc6",2020-04-06T02:53:53Z,6855,https://www.youtube.com/watch?v=FadzU7zzWbE
ACmKbxe3zZo,Master Plandemic,"Provided to YouTube by DistroKid

Master Plandemic · Voltagectrlr

Quaranteenager

℗ Audible Objects

Released on: 2020-08-18

Auto-generated by YouTube.",2020-08-18T05:47:21Z,46,https://www.youtube.com/watch?v=ACmKbxe3zZo
L2H1OHdlOv4,plandemic,This is why the media is constantly spreading fear.,2021-03-28T11:35:19Z,89,https://www.youtube.com/watch?v=L2H1OHdlOv4
I1w2_hmveDs,Plandemic,,2021-05-14T09:42:54Z,66,https://www.youtube.com/watch?v=I1w2_hmveDs
TC1CcDWxRkg,F√¢k Sin Nations part 2 : Intimidation (lick of Plandemic),"F√¢k Sin Nations : Intimidation (guitar lick of plandemic)
 guitar riff & melodic
 on yamaha portasound
 zoom g1xon
 v8 soundcard
 prince adder pro
 angelet keyboard
 SG 1961 standard
 Legacy stratocaster custom
 #rock #metal #metalmusic #headbanger #guitarsolo",2022-01-29T18:37:38Z,7,https://www.youtube.com/watch?v=TC1CcDWxRkg
zGvvTLrzDSw,Plandemic   event 201,,2020-03-31T04:43:57Z,650,https://www.youtube.com/watch?v=zGvvTLrzDSw
2uYUHBLXapo,Plandemic - Out Of The Cage,,2022-05-06T22:54:36Z,24,https://www.youtube.com/watch?v=2uYUHBLXapo
Fu720tQMI_A,#IUIC | COVID PLANDEMIC FOR AFRICA,"Israel United in Christ is a Biblical Organization that teaches the Gospel of Repentance from Sin to Our People scattered around the world as a Result of Disobedience to God’s Commandments. When you consider the plight of our people, it is one of turmoil and trauma. Our People, the Israelites suffer from a wide range of issues from Self Hatred, and Domestic Violence, to Mass Incarceration and Economic Exploitation... However,
The Bible has the Solution to Our People’s Problems.

For more information: https://israelunite.org/
Contact # (855) 484-4842Ext. 723
Contact Person: Deacon Asaph
Address: 44 South West, Mount Vernon NY 10550
For more videos go to: http://israelunite.org/videos
Facebook: https://www.facebook.com/israelunited.inchrist/
Podcast: http://www.iuicpodcast.com/
Instagram: https://www.instagram.com/israelunitedinchrist/
Twitter: https://twitter.com/iuicofficial?lang=en
Periscope: https://www.periscope.tv/IsraelUnitedInChrist/1YpJkNByDQEGj
Music: https://originalroyaltyrecordings.com/
Merchandise: http://OriginalRoyalty.com/",2020-05-20T19:00:13Z,32141,https://www.youtube.com/watch?v=Fu720tQMI_A
ZVwabIcim5M,Jen psaki confirms the plandemic,,2021-09-08T16:31:28Z,47,https://www.youtube.com/watch?v=ZVwabIcim5M
bZcK1lSFfKc,Fauci plandemic,,2022-01-23T20:49:58Z,4,https://www.youtube.com/watch?v=bZcK1lSFfKc
hweN7lB4UnU,How To End The Never Ending Plandemic!,A simple way to end the gloom and doom Plandemic!,2021-08-13T12:29:28Z,60,https://www.youtube.com/watch?v=hweN7lB4UnU
HarhO4yzAno,Plandemic part2_ REPEATER ACAPELLA-TY B ROLANDO,LYRICS by T BUCHANAN for TYBUSONGS LLC ©®,2021-03-29T09:28:57Z,7,https://www.youtube.com/watch?v=HarhO4yzAno
ALlrp7Q8al4,DROSS presenta: Plandemic: el video más censurado de Internet,"DROSS presenta: Plandemic: el video más censurado de Internet

Por favor, ¡suscríbete! http://bit.ly/1a1sm3k  ~ Este canal es la comunidad de horror y misterio más grande de toda YouTube, en cualquier lengua.

Sígueme en Twitter y manténte al tanto de mis tweets, por favor: http://bit.ly/1aCnKiW

Tengo cuenta en Instagram: https://instagram.com/soydrossrotzank

Sígueme en Facebook (actualizo muchas veces): http://on.fb.me/16XIVcT

Este es mi canal secundario de Youtube: http://bit.ly/LosVlogsDeDross

Canal de Mussolini (mi mascota): https://www.youtube.com/MiQueridoMussolini

Ven a mi sim de SL: http://maps.secondlife.com/secondlife/Dross/98/106/1499

EL LIBRO NEGRO, Ebook:

Amazon:
https://www.amazon.com/El-libro-negro-Spanish-Dross-ebook/dp/B07VVMPVH9/ref=sr_1_4?keywords=el+libro+negro&qid=1565097627&s=digital-text&sr=1-4

Google play:
https://play.google.com/store/books/details/Dross_El_libro_negro?id=Pr2mDwAAQBAJ&hl=es

Bajalibros:
https://www.bajalibros.com/AR/El-libro-negro-Dross-eBook-1756684?q=el%20libro%20negro&field=all&language=Espa%C3%B1ol&page=1",2020-05-11T20:00:11Z,5554250,https://www.youtube.com/watch?v=ALlrp7Q8al4
Jgv-xilOWIc,Plandemic - Kingdom Warriors (By Jennifer Leigh Davis),,2022-05-06T22:33:50Z,40,https://www.youtube.com/watch?v=Jgv-xilOWIc
vwTIS8v2Avc,Plandemic Reggae (Hip Hop DJ Mix),"DJs & Producers who wanna Remix my Track, holla to get the Acapella!
Links:
https://luca1777.com/
https://luca1777.com/links/
https://luca1777.bandcamp.com/album/plandemic-reggae
https://distrokid.com/hyperfollow/luca1777/plandemic-reggae-stream-version
https://open.spotify.com/album/18OdpVR8cc6B9GzcW5pHgo
https://music.apple.com/us/album/plandemic-reggae-stream-version-stream-version-single/1568492035?uo=4",2021-05-26T08:16:04Z,25,https://www.youtube.com/watch?v=vwTIS8v2Avc
Qqn_LQT8Dog,Fauci plandemic,,2022-01-23T20:46:40Z,8,https://www.youtube.com/watch?v=Qqn_LQT8Dog
HTYZUv5bIyw,Plandemic Out - War In,,2022-03-02T13:10:00Z,446,https://www.youtube.com/watch?v=HTYZUv5bIyw
w8lTS781a8A,I found a taco truck open in the middle of a plandemic. This Guy was Awesome 😎,Hey everyone I found a guy that needs to provide for his family and he’s out doing it. That is so awesome people all over are protesting to go back to work and this guy has the smarts & the balls to just go out and make money. That’s the way America should be! This guy is this week’s number 1 American. Great job.,2020-05-10T00:33:22Z,79,https://www.youtube.com/watch?v=w8lTS781a8A
z2p9Qvn13lI,M.O.B Plandemic to Bandemic Event Recap,"This is worth more than money, being a leader taught me how to really build wealth and time freedom to spend with my family and my purpose.


#savagesummer #investing #recessionproof #entrepreneurs #freedom #serve #lead #impact #capitalminded #chairwomanszn #youshouldbetrading",2021-07-13T14:32:40Z,146,https://www.youtube.com/watch?v=z2p9Qvn13lI
iTByZet2Rig,Plandemic!,,2021-09-10T23:30:12Z,10043,https://www.youtube.com/watch?v=iTByZet2Rig
9G7IAMUUvk8,Plandemic Reggae Out Now!,"Links:
https://luca1777.com/
https://luca1777.com/links/
https://luca1777.bandcamp.com/album/plandemic-reggae
https://distrokid.com/hyperfollow/luca1777/plandemic-reggae-stream-version
https://open.spotify.com/album/18OdpVR8cc6B9GzcW5pHgo",2021-05-23T12:49:51Z,38,https://www.youtube.com/watch?v=9G7IAMUUvk8
fbTijX_pzi4,quarantine ( covid plandemic anthem ) by hoodie dat hero,quarantine ( covid plandemic anthem ) by hoodie dat hero,2022-02-22T20:08:54Z,17,https://www.youtube.com/watch?v=fbTijX_pzi4
M_TtmPUfgQQ,Plandemic | INDOCTORNATION,"Bitchute Link
https://www.bitchute.com/video/QXiku5lFLaER/

Dropbox Link
https://www.dropbox.com/s/7usydujqkjh5fog/Plandemic%20INDOCTRINATION.mp4?dl=0

The Meaning of Life
https://www.youtube.com/watch?v=fDybnCmcyeI

Consider Subscribing!
https://www.youtube.com/GabrielNg

IG - https://www.instagram.com/wanderingcrane
FB - https://www.facebook.com/om.gabrielng

Website - https://www.gabrielng.me/",2020-08-20T07:42:56Z,5886,https://www.youtube.com/watch?v=M_TtmPUfgQQ
S9ACSqhy4SQ,Jen Psaki clearly says &quot;The Global Plandemic!!!&quot;,,2021-08-28T23:20:03Z,112,https://www.youtube.com/watch?v=S9ACSqhy4SQ
B4bupkt2FGU,"My response to &quot;Plandemic, part 1&quot;","I will pull no punches here. This video is atrocious. It appears on YouTube under at least two titles already. Search for Plandemic.

More notes can be found at https://www.biblicalgenetics.com


(the maker of this video is paid in coffee: https://www.buymeacoffee.com/BibGenetics)",2020-05-07T04:28:46Z,115042,https://www.youtube.com/watch?v=B4bupkt2FGU
fCtWGTI1nc0,The ex plandemic song 🥳,,2022-07-09T17:49:13Z,66,https://www.youtube.com/watch?v=fCtWGTI1nc0
3CoLPLtv7AA,Plandemic,Covid-19 Corona Virus Pandemic,2021-03-06T16:22:02Z,66,https://www.youtube.com/watch?v=3CoLPLtv7AA
Ze2bCGZqbzE,Jab 4???...This is why the whole Scamdemic was also a Plandemic,"Please drop a like and subscribe
Stay jab free.....They really are testing on you",2022-03-19T19:50:31Z,30,https://www.youtube.com/watch?v=Ze2bCGZqbzE
q5Ls-7iE7Ls,PLANDEMIC | Facebook bloquea a usuarios para evitar la propagación del video “Plandemic” | HormigaTV,"Facebook está bloqueando a los usuarios que publiquen enlaces sobre la secuela del video Plandemic, conocida como Plandemic: Indoctornation.


La continuación del documental original reproducido en mayo, profundiza sobre temas conspirativos que fomentan la propagación de informaciones falsas y tendenciosas sobre el nuevo coronavirus, entre las que destacan una supuesta participación de Bill Gates en la pandemia y que el uso de mascarillas promueve la activación del virus.",2020-08-19T21:57:20Z,9613,https://www.youtube.com/watch?v=q5Ls-7iE7Ls
BgPxtIYPSZs,LoveBites S2E2: Plandemic,What are the next steps in your relationship after you have been through a pandemic? Find out tonight on LoveBites!,2022-02-18T00:10:47Z,64,https://www.youtube.com/watch?v=BgPxtIYPSZs
qoicBTuLVd4,Why Plandemic Was Censored and Removed!,"The world is in the midst of a struggle, but not for the reason you may think. With a global pandemic looming and panic filling the population, the elite want you to shut up, obey and do what you're told. With the release of the documentary Plandemic, it is evident that censorship is Big Pharma and Big Tech’s solution for dissent over the coronavirus. The collective scramble to discredit Dr. Judy Mikovits and remove her voice from the internet shows how severe the decay of free speech really is. It is my hope that people will continue to speak up and share their thoughts, for together, we are strong.

► Support me on Patreon!
https://www.patreon.com/whatsherface

► Please subscribe to me on YouTube & Rumble & follow me on Instagram!
Subscribe: https://bit.ly/37vqPVn
Instagram: ​https://instagram.com/__whatsherface__
Rumble: https://rumble.com/c/c-599487

Music from https://filmmusic.io
""Industrious Ferret"" by Kevin MacLeod (https://incompetech.com)
License: CC BY (http://creativecommons.org/licenses/by/4.0/)",2020-05-10T18:21:07Z,62045,https://www.youtube.com/watch?v=qoicBTuLVd4
3yBtfnrN2qY,The Simpsons predicted pLandemic,#covid19,2022-05-11T07:14:32Z,67,https://www.youtube.com/watch?v=3yBtfnrN2qY
U0tIQYfNG3o,Jen Psaki says Plandemic,"Jen Psaki ""Little Red Lying Hood"" slips up on live TV and admits this was a Plandemic.
- - - - - - - - - - - - - - - - - - - - - - - - - - - - - - - - - - - - - - - - -
▶ https://www.Road.FM

A Black Conservative, and Ornery Cowboy team up to help save America. Road.FM “Voices of Freedom” the Republic Organized Against Destruction. A politically incorrect Conservative Broadcast with a twist of comical candor.

🚨Want to hear our Full Episodes? Subscribe on your Favorite Apps today!
▶ https://www.Road.FM/members

YouTube keeps giving us strikes, it's just a matter of time before they delete this channel. Be sure to follow our website www.Road.FM for the latest updates.

▶ https://www.Road.FM/members

**FAIR USE**
Copyright Disclaimer. All material used is under section 107 of the Copyright Act 1976. Allowance is made for “fair use” for purposes such as criticism, comment, news reporting, teaching, scholarship, education and research. Additional coverages are allowed in accordance with the Freedom of Information Act (FOIA).

#RoadFM, #Rev, #Godfather",2021-09-07T00:36:21Z,422,https://www.youtube.com/watch?v=U0tIQYfNG3o
rFUK6C0jlws,2022 04 29 Awaken With JP   Teaser for Plandemic 3 (με υπότιτλους),,2022-05-04T14:56:54Z,73,https://www.youtube.com/watch?v=rFUK6C0jlws
1BxSF1v8AxQ,Philandru - Corona Plandemic,"Philandru - Corona Plandemic
Baddatt Enterprise

Distributed by: MarvMent
https://marvment.com

#Philandru #Corona #Plandemic

http://vevo.ly/81Uuew",2021-12-02T05:00:11Z,326,https://www.youtube.com/watch?v=1BxSF1v8AxQ
rX4GPybE4vs,Killah Priest - PlanDemic #OutOfBodyBoyz,Amazing Collaboration,2022-05-12T00:51:07Z,79,https://www.youtube.com/watch?v=rX4GPybE4vs
LgWFPYCUxGs,Catholic — News Report — Doctors Dissect &#39;Plandemic&#39;,"Get the truth. Join Church Militant today: https://bit.ly/37rYn55
The Vortex, Headlines, The Download, Mic'd Up and more Catholic content!

Go to our website to watch thousands of hours of Catholic content.
   https://www.churchmilitant.com/

Sign up for a Premium account.
   https://www.churchmilitant.com/gopremium

Follow us on Social Media!
CM Twitter – https://twitter.com/Church_Militant (@Church_Militant)
Michael Voris — https://twitter.com/Michael_Voris
Christine Niles — https://twitter.com/ChristineNiles1
Facebook – https://www.facebook.com/ChurchMilitantcom/ (ChurchMilitantcom)
Instagram – https://www.instagram.com/churchmilitantcom/ (@churchmilitantcom)

Write to us!
Questions? editor@churchmilitant.com
Got a news tip? tips@churchmilitant.com
General inquiries: contact@churchmilitant.com",2020-08-05T14:07:42Z,9500,https://www.youtube.com/watch?v=LgWFPYCUxGs
kXioD3QEeJw,The Plandemic,"Provided to YouTube by Symphonic Distribution

The Plandemic · Smooth Doubleb

The Final Ascension PRELUDE:

℗ 2021 DoubleB Records

Released on: 2021-12-17

Auto-generated by YouTube.",2021-12-17T05:04:57Z,13,https://www.youtube.com/watch?v=kXioD3QEeJw
5vUlN17PHyg,Digital Philosophy {Plandemic vs Predicted Programming},"Digital Philosophy
Online Web Series
Season 4 Classified
Episode 2 {Plandemic VS Predicted Programming}
https://drdigitals.ca



Here is our newest development and updated video we want to share with you through our newest season of Digital Philosophy. During this Season, we will present you with a number of videos that are unusual and unique. We want you to be the judge of each and regardless of your thoughts, please check back for updated videos and casting events.


We promote quality material at Coastal Agency and through our relaunched website, Dr. Digital Philosophy; we promote all kinds of material available online as well as offline today. Our content is updated frequently and authentic when presenting viewers with new material.

""We currently have no comment on this video and would like to remind viewers to be cautious when viewing online material""

Digital Philosophy Episode 2 is regarding our current endeavors and era that we endure. Througu government agenda and control, we are mocked and forced to make do with less and less each year. Where over time we lose focus of the important things in life and become a puppet to the agenda running the world today.


Dr. Digital Philosophy
Blogancy/Updated Photography
https://drdigitals.ca

Digital Philosophy Web-Series
Available Here @ Digital Philosophy 2021",2021-09-05T08:27:25Z,8,https://www.youtube.com/watch?v=5vUlN17PHyg
X5XFxKLv-Ww,Plandemic 2021 - Stand-Up #4 - We just fuck you peasants (March 2021),"Improvisation & editing : Yvan Reekmans
www.yvanreekmans.com

My previous TRIPTYCH :
https://youtu.be/GuPo3g9jjYY",2021-03-07T19:22:45Z,108,https://www.youtube.com/watch?v=X5XFxKLv-Ww
zcwdOkOCQIU,🎵[FREE] 🎵Robbie Rule - Plandemic Ambassador Musik 🎶(No Copyright Music),"Robbie Rule - Plandemic de Ambassador Musik está publicada bajo una  licencia Creative Commons.
Soundcloud: https://soundcloud.com/ambassadormusik/robbie-rule-master-01",2022-07-10T05:15:40Z,18,https://www.youtube.com/watch?v=zcwdOkOCQIU
UUGS2JO-ssw,Phony-baloney plandemic,#thesimpsons #predictiveprogramming #phonycrisis,2020-07-23T15:19:48Z,81,https://www.youtube.com/watch?v=UUGS2JO-ssw
X0WhRv-Xv44,Watch the PLANDEMIC,In an exclusive interview with Dr.Judy Mikovits by Film maker Mikki Willis (author of the book Plandemic ) Dr.Judy exposes the individuals behind the planned pandemic.,2022-01-22T14:14:25Z,97,https://www.youtube.com/watch?v=X0WhRv-Xv44
ieuakePefyY,The Kid Mero Roasts People That Wear Dirty Air Force 1s | Full Size Run,"Full Size Run is Sole Collector's weekly sneaker talk and debate show featuring co-hosts Brendan Dunne, Matt Welty, and Trinidad James. This week the crew is joined by The Kid Mero to talk about why people should never wear dirty white Air Force 1s, how he finessed Joe La Puma for free sneakers, and how he used to rob sneakers back in the day.

Looking for the best deal on a pair of sneakers? We launched an app for that. Download the Sole Collector app now!: https://solecollector.com/app

Subscribe to Sole Collector on YouTube: https://www.youtube.com/user/SoleCollector

Check out more of Sole Collector here:
https://solecollector.com/
https://twitter.com/SoleCollector
https://www.facebook.com/SoleCollectorMag/
https://www.instagram.com/solecollector/

Sole Collector was founded in 2003. It is a leading online and print publication that dives deep into sneakers and the culture surrounding them. On Sole Collector, you’ll find the latest in sneaker news, in-depth interviews, and up-to-the-minute details on every major release. The site also offers an online marketplace where collectors can buy and sell rare and valuable sneakers. #fullsizerun",2022-07-07T22:00:13Z,81173,https://www.youtube.com/watch?v=ieuakePefyY
GQrIFNqoCu8,Pandemic or Plandemic?,Corona reality,2020-05-20T09:13:34Z,25,https://www.youtube.com/watch?v=GQrIFNqoCu8
elII37_lvUM,Did Jen Psaki say Pandemic or Plandemic,"Freudian slip maybe 🤔
Jen Psaki the White House secretary says PLandemic during a White House press briefing.",2021-09-02T15:35:27Z,48,https://www.youtube.com/watch?v=elII37_lvUM
0VkqSA1t0JQ,Carl Froch says its a plandemic,,2021-10-10T10:48:25Z,479,https://www.youtube.com/watch?v=0VkqSA1t0JQ
Glt-zQ8P4Bg,HR 748 PLANdemic,"I did some research today on HR 748, the CARES Act, which President Trump signed into law regarding coronavirus relief earlier this year. What is really suspicious if you look at this screenshot I took from the Congressional Record regarding this Bill, is it was introduced into the House Committee well over a year ago, on January 24, 2019!!! The word, ""PLANdemic is sounding more and more accurate, and as Americans, we need to start demanding answers from our Government!!! How could A Democrat Congressman know we would need such a Bill before the virus was introduced in Wuhan China nearly a year after the Bill had been introduced?",2020-05-19T20:51:12Z,587,https://www.youtube.com/watch?v=Glt-zQ8P4Bg
pPTET_Uat-c,ICD - PLANDEMIC (BANNED) Censored (GH5 Music Video),"Original video: https://www.bitchute.com/video/E5MTcmciRCVo/

This video is a re-uploaded censored version because the original version got banned within 24 hours for ""speaking against WHO"".

""Copyright Disclaimer Under Section 107 of the Copyright Act 1976, allowance is made for ""fair use"" for purposes such as criticism, comment, news reporting, teaching, scholarship, and research. Fair use is a use permitted by copyright statute that might otherwise be infringing. Non-profit, educational or personal use tips the balance in favor of fair use.""",2020-11-16T15:22:37Z,3977,https://www.youtube.com/watch?v=pPTET_Uat-c
O2E8h4RRHJE,JOE BIDENS THE PLANDEMIC IS STILL HERE IN THE UNITED STATES,"JOE BIDENS THE PLANDEMIC IS STILL HERE IN THE UNITED STATES
GET ANTI JOE SHIRTS HERE https://amzn.to/3iEctZc
BEST SELLER HERE! https://amzn.to/3BjJ7H7
35 How To Survive Without Joe Biden's Chaos Acts He Presents
1.Foil https://amzn.to/3gf7ld5
2.Baby supplies https://amzn.to/3j2nbta
3.Baking supplies https://amzn.to/2WbkZHk
4.Batteries https://amzn.to/2XxWXqb
5.Bikes https://amzn.to/3kfsYv7
6.Board games https://amzn.to/3D1qFnP
7.Bug spray https://amzn.to/2WfVvIG
8.Canning supplies/lids https://amzn.to/3ggcdyn
9.Coffee /filters https://amzn.to/3D2URPw
10.Condiments https://amzn.to/3z7fpns
11.Medicines https://amzn.to/2Wbmi9c
12.Dental supplies https://amzn.to/3mnQxnY
13.Deordants https://amzn.to/3sBKXPP
14.Eye glasses https://amzn.to/2Uy4nIS
15.Female products https://amzn.to/3k8RUEh
16.Fire Supplies https://amzn.to/3sAHGAD
17.Fishing lines https://amzn.to/3CWMzIO
18.Frangrances https://amzn.to/3syRYRy
19.Garbage bags https://amzn.to/382z8sO
20.Golves https://amzn.to/381H1i8
21.Hair care https://amzn.to/3z7BzG6
22.Hearing aid https://amzn.to/3mkQQzO
23.Seeds https://amzn.to/3gfaLMX
24.Maple syrup https://amzn.to/3gkYXbR
25.Pest control https://amzn.to/3gj3MTh
26.Sewing kits https://amzn.to/3AWZM2z
27.Smoke detectors https://amzn.to/2WedjUL
28.Soap https://amzn.to/3D6h5QL
29.Spices https://amzn.to/3sz3Y5C
30.Stationery supplies pens https://amzn.to/2UyC0u7
31.Steel wool https://amzn.to/2WcG1Fl
32.Vaseline https://amzn.to/380L6TO
33.Vitamins https://amzn.to/3gmD9wu
34.Water filters https://amzn.to/3j6gjLD
35.Zip ties  https://amzn.to/3mlGFeu

#1 BEST SURVIAL PLAN HERE https://bit.ly/3lezyUx
35 How To Survive Without Joe Biden's Chaos Acts He Presents



Many years prior, specialists anticipated that the breakdown of our human advancement would happen before 2050, and another investigation showed we're directly on target to see an irreversible breakdown underway that will lead us to the furthest limit of the world as far as we might be concerned. With all that said, we should prepare for a whole-world destroying situation as well as for a change in outlook - a reset in human relations, that will most likely make us continue old propensities, like exchanging and trading, particularly if our force matrix goes down and banking and Mastercard frameworks become inaccessible, which appears to be conceivable, given the extraordinary number of cyberattacks happening all over the planet at this moment. That is the reason today, we assembled 35 endurance things everybody will be searching for after a monetary and cultural breakdown.

These are only a portion of the things individuals for the most part underestimate and neglect to remember for their wash rooms since they accept these items will consistently be accessible. Nonetheless, a financial breakdown can occur without any forethought and things can change staggeringly quick, so note the significance of ordinary things and to have a lot of them around to keep us secured during a crisis. Always remember to accept the counsel of experienced preppers like those with Urban Survival, Ask A Prepper, and Modern Survival Blog. Above all, focus on the situation unfurling around you, since catastrophes can happen when we wouldn't dare hoping anymore. Along these lines, right away, we welcome you to look at this rundown.

PLEASE SHARE THIS!!!! LETS BE PREPARED......
#survival #bushcraft #camping #outdoor #nature #outdoors #adventure #hiking #survivalist #edc #tactical #knife #survivalgear #survivalskills #prepper #hunting #bushcrafting #wilderness #outdoorlife #gaming #knives #gamer #everydaycarry #forest #woodsman #bushcraftgear #survivalkit #campfire #bushcrafter #camp #survivor #malovabay #paracord #trekking #travel #game #knifeporn #survivalknife #fire #explore #bushcraftknife #survivaltips #military #photography #primitiveskills #backpacking #fishing #bushcraftskills #youtube #edcgear #twitch #tacticalgear #love #ps #getoutside #a #outdoorsman #outdoorgear

https://youtu.be/SWGQhzQYxsU

#joebiden #trump #biden #maga #berniesanders #election #donaldtrump #vote #democrats #kamalaharris #politics #voteblue #democrat #blacklivesmatter #usa #republican #covid #bidenharris #bernie #blm #coronavirus #america #elizabethwarren #kag #conservative #obama #dumptrump #feelthebern #liberal
#republicans #wwg #joebidenforpresident #dnc #hillaryclinton #fucktrump #wga #bluewave #cnn #makeamericagreatagain #draintheswamp #memes #petebuttigieg #trumptrain #qanon #sleepyjoe #barackobama #obamagate #creepyjoebiden #trumpmemes #president #news #keepamericagreat


joe live,joevevo,joe lyrics,biden afghanistan,biden speech,biden press conference,USA,malovabay,Joseph Biden Plandemic USA Voices Of America Has Spoken 2 You,plandemic,joe,morning joe live,more and more,live,obama,trump,spoken,covid,america,red,white,blue,stocks,markets,survive,food,wasted,`laptops,hiphop,water,plants,eat,whitehouse,presidents,orange,has spoken,pandemic,virus,stimulas,make money,jobs",2021-10-07T18:37:44Z,24,https://www.youtube.com/watch?v=O2E8h4RRHJE
klylfoA-kOA,Lightfarers - Plandemic review,Jamie and Paul discuss the incredible documentary film 'Plandemic'.,2020-10-02T10:16:45Z,40,https://www.youtube.com/watch?v=klylfoA-kOA
Pyat9sUSf2U,Episode 10: Plandemic,"This episode covers the viral video, Plandemic, in which disgraced virologist Judy Mikovits makes several wild claims regarding Dr. Anthony Fauci and the COVID-19 pandemic.

Please remember to rate, review, and subscribe!

GoFundMe: https://www.gofundme.com/f/computer-for-podcasting?utm_medium=copy_link&utm_source=customer&utm_campaign=p_lico+share-sheet

The Wild and Woke Podcast: https://linktr.ee/wildandwokepod

Time Article: https://time.com/5830265/1918-flu-reopening-coronavirus/

Science Article: https://www.sciencemag.org/news/2020/05/fact-checking-judy-mikovits-controversial-virologist-attacking-anthony-fauci-viral

Dr. Fauci's Patents: https://patents.justia.com/inventor/anthony-s-fauci

Merch: https://sywmtbpod.bigcartel.com/

Linktree: https://linktr.ee/sywmtbpod

Buzzsprout link: https://www.buzzsprout.com/?referrer_id=817801

Patreon link: https://www.patreon.com/sywmtbpod

Like me on Facebook: So You Want Me To Believe Podcast

Follow me on Instagram and Twitter: @sywmtbpod on both platforms.

Thank you for listening!",2020-09-27T18:51:20Z,58,https://www.youtube.com/watch?v=Pyat9sUSf2U
4CRoeWZ-9to,Plandemic | El documental completo (Sub español) | Descarga por Mediafire,"Enlace de descarga:
http://www.mediafire.com/file/eqceqi9veivlsiw/Pl4nd3m1c.rar
https://www.mediafire.com/file/8546bmvsrgwqrvl/Pl4nd3m1c.rar/file

El segundo enlace es por reporte de gente que no pudo abrir el primero, pero todavía sigue vigente.

Difundan por favor y reportar enlace caído!

Saludos y mucha suerte! :)








#plandemic #conspiración #documental",2020-05-14T14:09:30Z,3991,https://www.youtube.com/watch?v=4CRoeWZ-9to
skGkOAGTY3Y,Pick up trash! End the plandemic!,"https://www.paypal.com/donate/?business=EE7WYUSY6JY4Y&no_recurring=0&currency_code=USD
Help
Me be the change!✨💕💖",2022-01-14T18:16:04Z,25,https://www.youtube.com/watch?v=skGkOAGTY3Y
6NQtI3xSnJQ,Plandemic 2 DEBUNKED,"If 2020 were a documentary, it would definitely be Plandemic 2, one of the worst documentaries of all time.

Original video: https://www.youtube.com/watch?v=4Kv58YDfohE

Judy was never the “senior” or corresponding author on an HIV paper: https://pubmed.ncbi.nlm.nih.gov/?term=judy%20mikovits&sort=date&page=2

Judy’s story doesn’t check out: https://www.sciencemag.org/news/2020/05/fact-checking-judy-mikovits-controversial-virologist-attacking-anthony-fauci-viral
https://science.sciencemag.org/content/334/6063/1636.1

CDC patented the 2003 SARS virus so that no profits could be made off of technology surrounding it: http://www.nbcnews.com/id/3076748/ns/health-infectious_diseases/t/scientists-race-patent-sars-virus/#.X0llAC2z1p8

Anthony Fauci is not listed on the SARS 2003 coronavirus patents: https://patentimages.storage.googleapis.com/4d/01/bb/b15d530677fb33/US7776521.pdf
https://patentimages.storage.googleapis.com/6b/c3/21/a62eb55a0e678c/US7220852.pdf
https://patentimages.storage.googleapis.com/a8/c0/6a/0584dd67435ef2/US7279327.pdf

Research on the SARS 2003 coronavirus was poorly funded: https://www.nbcnews.com/health/health-care/scientists-were-close-coronavirus-vaccine-years-ago-then-money-dried-n1150091

Natural genes can no longer be patented: https://ghr.nlm.nih.gov/primer/testing/genepatents

Anthony Fauci’s patents (none for coronaviruses): https://patents.justia.com/inventor/anthony-s-fauci

The 2003 SARS virus patent (Anthony Fauci and Ralph Baric are not listed): https://pubchem.ncbi.nlm.nih.gov/patent/US7776521#section=Inventor

COVID-19 related patent information reveals nothing nefarious: https://abg-ip.com/coronavirus-patents/

1990 paper about recombinant coronaviruses, it didn’t start with Ralph Baric: https://www.ncbi.nlm.nih.gov/pmc/articles/PMC249107/pdf/jvirol00056-0355.pdf

The Wuhan Institute of Virology was funded so that they could characterize coronaviruses in China, where the 2003 SARS virus originally came from: https://projectreporter.nih.gov/project_info_description.cfm?aid=9819304&icde=49752569

The Bayh-Dole act spurred new waves of innovation in the life sciences: https://itif.org/publications/2019/03/04/bayh-dole-acts-vital-importance-us-life-sciences-innovation-system

The “A World at Risk” document: https://apps.who.int/gpmb/assets/annual_report/GPMB_annualreport_2019.pdf

Who wrote the Event 201 script? Their web site tells you: https://www.centerforhealthsecurity.org/event201/about

Funding of the World Health Organization: https://www.weforum.org/agenda/2020/04/who-funds-world-health-organization-un-coronavirus-pandemic-covid-trump/

Criminal charges and jail time can be brought against pharmaceutical companies that violate FDA regulations: https://www.fda.gov/drugs/pharmaceutical-quality-resources/facts-about-current-good-manufacturing-practices-cgmps

Convicted pharmaceutical executives and associates:
John Kapoor and Insys therapeutics: https://apnews.com/82f638d6dfcf4193ad28ddf0e65897e1
https://en.wikipedia.org/wiki/John_Kapoor

Medical errors are not the third leading cause of death:
https://qualitysafety.bmj.com/content/21/9/737.long
https://www.bmj.com/content/351/bmj.h3239
https://qualitysafety.bmj.com/content/26/5/408
https://healthydebate.ca/2019/08/topic/medical-error-causing-death

Vaccine Injury Compensation data report shows that vaccines are extremely safe: https://www.hrsa.gov/sites/default/files/hrsa/vaccine-compensation/data/data-statistics-report.pdf

HPV vaccines did not cause death and widespread adverse effects in India: https://www.nature.com/news/calls-in-india-for-legal-action-against-us-charity-1.13700?referral=true
https://www.sciencemag.org/news/2013/09/indian-parliament-comes-down-hard-cervical-cancer-trial

Polio vaccination in India saved at least 2,611,500 children from paralysis: https://www.ncbi.nlm.nih.gov/pmc/articles/PMC3734678/

Non-polio acute flaccid paralysis in India: https://www.ncbi.nlm.nih.gov/pmc/articles/PMC6121585/pdf/ijerph-15-01755.pdf
https://pediatrics.aappublications.org/content/135/Supplement_1/S16.2
https://www.ncbi.nlm.nih.gov/pmc/articles/PMC6353074/pdf/pone.0208902.pdf

Bill Gates wants to stabilize population growth by reducing childhood mortality: https://science.sciencemag.org/content/333/6042/540

Oxitec’s genetically modified mosquitoes are meant kill mosquitoes: https://allianceforscience.cornell.edu/blog/2020/06/oxitec-wins-approval-to-release-gmo-mosquitoes-in-us/

Mosquitoes are not becoming flying vaccines: https://www.sciencemag.org/news/2010/03/researchers-turn-mosquitoes-flying-vaccinators

The Moderna vaccine is shown to be safe in clinical trials so far: https://www.nejm.org/doi/full/10.1056/NEJMoa2022483

Song used for outro: Funky Party by Lobo Loco",2020-09-08T18:28:49Z,4646,https://www.youtube.com/watch?v=6NQtI3xSnJQ
4wbb9h_Qf9I,Plandemic  yes it’s real SHARE LIKE SUBSCRIBE,"Introduction The COVID-19 pandemic is this century’s largest public health emergency and its successful management relies on the effective dissemination of factual information. As a social media platform with billions of daily views, YouTube has tremendous potential to both support and hinder public health efforts. However, the usefulness and accuracy of most viewed YouTube videos on COVID-19 have not been investigated.

A YouTube search was performed on 21 March 2020 using keywords ‘coronavirus’ and ‘COVID-19’, and the top 75 viewed videos from each search were analysed. Videos that were duplicates, non-English, non-audio and non-visual, exceeding 1 hour in duration, live and unrelated to COVID-19 were excluded. Two reviewers coded the source, content and characteristics of included videos. The primary outcome was usability and reliability of videos, analysed using the novel COVID-19 Specific Score (CSS), modified DISCERN (mDISCERN) and modified JAMA (mJAMA) scores.",2022-06-27T02:18:39Z,4,https://www.youtube.com/watch?v=4wbb9h_Qf9I
7Pkcli4-650,Addressing The Global Plandemic (Slowed Down Version),The White House occasionally says something factual,2021-09-08T02:07:21Z,9921,https://www.youtube.com/watch?v=7Pkcli4-650
t7lDD3ljL1c,Covid 19 Plandemic - The greatest lie of all time exposed.,"A short documentary with footage from YouTube. In which the frenzied battle is shown between the people and the government, who no longer accept that our freedom is being taken away step by step. The government's intense coercion to get vaccinated is also no longer accepted by the people. You also see indications that we are being cheated by the government, because the Covid virus is made by humans as a Bio weapon. This was already known in 2005. So 16 years ago. You will also find evidence of a US patent 6372224B1 dated April 16, 2002 by the following persons;

inventors:
Timothy J. Miller, Lincoln, NE (US);
Sharon Klepfer, Broomall, PA (US);
Albert Paul Reed, Exton, PA (US);
Elaine V. Jones, Wynnewood, PA (US)

Assignee:
Pfizer Inc., New York, NY (US)

Notice: Subject to any disclaimer, the term of this
patent is extended or adjusted under 35
U.S.C. 154(b) by 0 days.
(21) Appl. No.: 09/494.151
(22) Filed: Jan. 28, 2000

I made this documentary as a result of an interview, which was shared with me by Marion de Ridder. It discusses the preparations for a lawsuit against the instigators of this scandal, by the renowned lawyer Dr. Reiner Fullmich and patent expert Dr. David Martin.",2021-12-01T19:37:32Z,59,https://www.youtube.com/watch?v=t7lDD3ljL1c
XbL8q1Z6iCM,Dr. David E. Martin PHD #corona #delta #deltavariant #covid #plandemic #indoctornation,,2021-09-08T18:09:34Z,388,https://www.youtube.com/watch?v=XbL8q1Z6iCM
KdISZ9ac2YU,[JAPAN]  Kento Hayashi Tribute (part 3) - Award-winning Actor,"This video is to inform you that Mr. Kento Hayashi and Ms. Yuko Oshima are engaged in July 2021 to be married shortly... if the Covid-19 plandemic subsides.
     Yuko and Kento met while making a film, ""Ushijima, the Loan Shark,"" which film was released in 2012. Kento is quite shy when it comes to dating and Yuko is quite out-going when it comes to making friends, so they complimented each other - in and off the film. When Kento got the offer to play the role of the main character opposite Yuko in this film, he later said that his dream came true... because Yuko has been his bad crush from a young man. Kento's favorite member of AKB48, a J-pop group, was Yuko Oshima.
     After the film, Kent kept in touch with Yuko. So, they have been friends since 2012. A fate has it; they were assigned to work together again, co-starring in NHK's morning drama 'Scarlet' (September 2019 to March 2020) and Fuji TV's drama 'Kyojo' (January 2020).
The two reportedly started dating in the summer of 2020 after filming had wrapped up for ""Scarlet."" They didn't want to cause any trouble to anybody, especially their families, and they didn't want to be bothered by tabloids and gossip magazines, so they kept their relationship under the radar.
     Meanwhile, Kent officially introduced Yuko to his family and vice versa; both their families liked them and approved of their union as a man and a wife in the future. In Japan, especially for traditional families, ""marriage"" is important; this is NOT just for two naive young people but it is between two families. This is how families continue their bloodline for Japan goes by bloodline. In other words, what it means to be ""Japanese"" depends on your DNA, and not by a birthplace like the U.S., for instance. Many European countries are like Japan, too. So, one may be born in France but if you are NOT French, no matter how many generations you live there, you are NOT French. Of course, you could obtain a ""French nationality"" but that's different from being a race.
Best of luck to them and congratulations to Kento and Yuko!


Thanks for watching...; please give a massive thumbs up!  My videos are sort of related to each other, so enjoy others as well. Peace out... to all the beautiful souls out there in the world. Cheers!",2022-02-26T12:23:17Z,262,https://www.youtube.com/watch?v=KdISZ9ac2YU
eKA2Bs6S5b8,Thriving and Surviving During the Corona Plandemic,"‌The consequences of the coronavirus lockdown are dire from whatever perspective you look. The entire world economy has been all but shut down for the past few months, leaving people in dire straights on every level. The implications are huge, with some citing comparisons to the Great Depression.

On this episode of Objective:Health, we're joined by Mike the Bear who has been researching and working in financial markets for 20 years. His insights on the market, supply chains and cryptocurrencies put him in a unique position to comment on the current state of things and possible implications for the future.

But it's not all doom and gloom. Mike gives us some good advice on what we can do to help protect ourselves in the current climate, giving practical tips for everyone, even if you're not a market genius.


Join us for a scintillating discussion about what you can do to stay secure in insecure times.

Time stamps:

2:25 Where would be a good place to start to get to learn the basics of the financial system?


5:38 Can you give us a broad overview of what’s going on economically?


19:28 Is there a difference between crypto currencies and digital currencies?


28:26 Can you give us any information on the supply chain?


34:00 Do you think that the coronavirus will be used as front to hide that these [economic] systems were already in trouble?



40:55 Is this bigger than the great depression?


48:12 What are your thoughts on UBI (universal basic income)?


50:36 Can you explain what derivatives are?


56:21 Do you have any other ideas or solutions you’d like to share?


1:00:55 For people that have bit of extra money, what is something you can do that won’t cost thousands of dollars?




For other health-related news and more, you can find us on:

♥Twitter: https://twitter.com/objecthealth
♥Facebook: https://www.facebook.com/objecthealth/
♥Brighteon: https://www.brighteon.com/channel/objectivehealth

And you can check out all of our previous shows (pre YouTube) here:

♥https://docs.google.com/spreadsheets/d/16H-nK-N0ANdsA5JFTT12_HU5nUYRVS9YcQh331dG2MI/edit?usp=sharing

********

The information presented on this show is not intended to replace a qualified health care professional and is not intended as medical advice.

The intent is to share knowledge and information we encounter during our research and encourage you to do the same!",2020-04-22T18:05:03Z,666,https://www.youtube.com/watch?v=eKA2Bs6S5b8
diInZmBw_KI,Biden again say there will be another plandemic,,2022-06-28T04:18:09Z,831,https://www.youtube.com/watch?v=diInZmBw_KI
YzI7GH6t6eE,Food Shortages ..... The Next Plandemic ???,#AUSTRALIA #foodshortages #animals #angryprepper #survivalspecturm #magicprepper #preppernation #canadianprepper #cityprepping #prepper,2022-06-29T01:03:36Z,406,https://www.youtube.com/watch?v=YzI7GH6t6eE
xLjp38BazsY,Plandemic Shown 10 years Prior To Release Date…We Are Not Fools,"#plandemic#ItsinYourface#mayThoseWitheyesSee
This episode of supernatural aired 10 years before the plandemic came out. This is theyre plan”the new world order” nothing that plays out in this matrix is coincidental. These are strategized hits to weaken the masses… let those with eyes see and those with ears hear.

(Disclaimer~ I do not own the rights to this clip”this clip is from the show “Supernatural” airing on Netflix)",2022-05-25T17:11:10Z,42,https://www.youtube.com/watch?v=xLjp38BazsY
FEIyWr_QpB8,covid19 total medical corruption running plandemic Tanzanian government said see full video,"covid19 total medical corruption running plandemic Tanzanian government said see full video

#covid19corruption
#freedomfrommedicalmafia",2021-05-23T09:18:55Z,614,https://www.youtube.com/watch?v=FEIyWr_QpB8
u-FT8x0mmXc,"American Conspiracy Theories - Joseph Uscinski, University of Miami","This talk is part of the 2022 ICPSR Blalock Lecture Series.

Questions from this lecture:

- How is a conspiracy theory different from any other theory?

The word theory can mean lots of things. Conspiracy theory is an assertion of a conspiracy that has yet to be accepted as true by the appropriate epistemological authorities with open data and evidence.

I spend a chapter on the definition here: https://www.amazon.com/Conspiracy-Theories-Primer-Joseph-Uscinski/dp/1538121204

- I know that part of the issue regarding the measurement and comparison of conspiracy theory trends over time is the lack of prior survey data. What other ways could scholars measure conspiracy theory deeper into the past? Specifically, I’m interested in how to separate coverage and belief in times that don’t have survey data

In the past I have tried letters to the editor of newspapers: https://www.amazon.com/American-Conspiracy-Theories-Joseph-Uscinski/dp/0199351813/ref=pd_lpo_2?pd_rd_i=0199351813&psc=1

Other studies look at comments sections in online newspapers: https://www.frontiersin.org/articles/10.3389/fpsyg.2013.00409/full

- Great talk, Joe! Are you able to share any insight on sub-group differences in the propensity to hold conspiratorial beliefs? For example, differences based on one's race, gender, educational attainment, etc.?

Yes: Chapter 4 here: https://www.amazon.com/American-Conspiracy-Theories-Joseph-Uscinski/dp/0199351813/ref=pd_lpo_2?pd_rd_i=0199351813&psc=1

Also, this takes a look at it too: https://onlinelibrary.wiley.com/doi/full/10.1111/ajps.12616?casa_token=KGkX-jJSUUAAAAAA%3ASA2w4bpN5tnszZV7Ca2MrXR4kgxZa0pqtVLgl2TJYBUrvxq6NbMJhB_7gT-tBElJXlpIO2WDCNmoccKw

Basically, each theory tends to attract different people, so the demographics of believers shift from conspiracy theory to conspiracy theory.

- Is there any difference between measuring belief in Conspiracy theories and exposure to it? And thank you very much for the session!

Yes! Belief is whether they agree with it or accept it as true. The effect of exposure is measured in studies like this: https://journals.plos.org/plosone/article?id=10.1371/journal.pone.0089177",2022-07-06T19:01:08Z,165,https://www.youtube.com/watch?v=u-FT8x0mmXc
OAW-cHJw9pA,Plandemic,プランデミック前半の総括の動画です,2022-02-23T00:10:55Z,12,https://www.youtube.com/watch?v=OAW-cHJw9pA
lh0dtqVDiPA,Global PLANdemic,,2021-09-13T15:54:51Z,27,https://www.youtube.com/watch?v=lh0dtqVDiPA
lg9NVGysFxk,Ready for the New Monkeypox Plandemic 2.0?,"Are you ready for the new Monkeypox Plandemic 2.0?

 In this episode, Daniel D discusses the amazing foresight and incredible accuracy of the world's public health officials, who ran a simulated exercise just last year about a new global pandemic, this one caused by a bioengineered monkeypox virus that would be discovered outside of Africa in May 2022. Coincidentally enough, it is now May 2022, and guess what?! An outbreak of monkeypox was confirmed outside of Africa on May 13, 2022.

 Our public health officials are batting 1.000 when it comes to predicting these pandemics! If you recall, just before the actual coronavirus pandemic, the world's pubic health officials ran a simulated exercise involving a coronavirus pandemic. Now, for the first time EVER, a monkeypox outbreak outside of Africa has been confirmed, and it just happens to be the same week the simulate exercise predicted. Wow! Thank God our world health officials are on top of these pandemics before they even happen!

 In addition to celebrating the wisdom and clairvoyance of our world leaders, Daniel D also interviews a professional Helen Keller impersonator, who sounds just like Helen Keller. Just wait till you hear it!

 With the end of the world looking more and more likely, perhaps you would be in the mood for some apocalyptic fiction? If so, be sure to check out As the World Ends (AsTheWorldEnds.substack.com/). This is Daniel D's other Substack. It will feature fun stories about the end of the world, published serially. This will be perfect reading for another round of lockdowns as the new Plandemic 2.0 rolls out worldwide this month!

 This episode of The Crazy Comedy, Humor &amp; Satire Podcast is brought to you by Libsyn, where you can begin your own great podcasting adventures. Sign up with promo code ""DanielD"" and get two months of free podcast hosting! Find out more at https://signup.libsyn.com/?promo_code=DANIELD

 For more fun and foolishness from Daniel D, check out https://linktr.ee/DanielDMan or go to www.CrazyComedyHumor.com! And if you haven't already done so, don't forget to subscribe to the podcast, so you don't miss out on any future episodes!

 And if you want to learn more about the new Monkeypox Plandemic 2.0, check out this article from NewsWars: https://www.newswars.com/2021-who-gates-foundation-exercise-portrayed-global-monkeypox-pandemic-killing-millions/",2022-05-22T20:10:51Z,42,https://www.youtube.com/watch?v=lg9NVGysFxk
uLhM6xgR3ls,"Simpsons predictions,plandemic",was it planned all along or is it just a coincidence,2022-04-09T08:05:08Z,8,https://www.youtube.com/watch?v=uLhM6xgR3ls
nNqoqJcB57A,#IUIC | PRECEPT UPON PRECEPT: PLANDEMIC CONTINUES,"Israel United in Christ is a Biblical Organization that teaches the Gospel of Repentance from Sin to Our People scattered around the world as a Result of Disobedience to God’s Commandments. When you consider the plight of our people, it is one of turmoil and trauma. Our People, the Israelites suffer from a wide range of issues from Self Hatred, and Domestic Violence, to Mass Incarceration and Economic Exploitation... However, The Bible has the Solution to Our People’s Problems.",2022-06-24T04:34:39Z,7453,https://www.youtube.com/watch?v=nNqoqJcB57A
Zq3PnpVawSI,School District Plandemic Funding Discussed,"School Districts across the State of Montana are working foward with the fiscal year budget process. Included in that process is making sure that everything is in place to be awarded the plandemic funding through the APR ESSER program.


The Townsend School District met to move forward in the funding mechanisms in place for the upcoming school year.  There is a substantial amount of funding that is tied to the plandemic and the school board is working through the process to ensure that that funding is not lost.",2021-08-12T17:05:08Z,26,https://www.youtube.com/watch?v=Zq3PnpVawSI
Kl67g66UyPw,The Plandemic &amp; These Stores &amp; Restaurants,Everything in this video is alledgely For entertainment purposes only,2022-04-05T00:06:14Z,19,https://www.youtube.com/watch?v=Kl67g66UyPw
HdJtyINTmJs,Plandemic (Master Elements) feat Dj RP Beats  &amp; Sincere Luv Da God,1st single off the new Master Elements project coming soon,2022-05-11T22:23:48Z,57,https://www.youtube.com/watch?v=HdJtyINTmJs
ZekS_dLSSLU,Plandemic  Coronafscistic Indoctrination from Hedgehogs (2016),"Short clip from [the probably highly emetic and presumably coronafscist indoctrination-film aimed atchildren] Hedgehogs (2016) https://www.imdb.com/title/tt3574822, featured in and taken from Plandemic Indoctornation (2020, not yet in IMDb; available at
https://freedomplatform.tv/plandemic-indoctornation-world-premiere/).

Please do note the language! ""eliminate"" ... ""discovered[sick] a vaccine"" (hint: vaccines are never discovered, they need to be developed, which on average took about 7 years, in some cases took 20 years, and in some cases could not be achieved at all in decades.)

Anyone who'd think that corona-FASCISM might be too strong a term, please consider this: Nazi-fascism started with KdF (Kraft durch Freude: Strength from Joy), boy-scouting, and folklore songs and customs). Coronafascism started with terrorizing just about all ofEaaarth's population, specifically targetting children, and child abuse like e.g. this:
Now -considering the dire situation this civilization is in and has so far proven perfectly unable to reasonably deal with - guess, where is this heading to.",2020-09-03T07:54:01Z,418,https://www.youtube.com/watch?v=ZekS_dLSSLU
DeB5laUXR6U,Gaian Road Team - Mikki Willis - Take Responsibility For The World You Create,"As our tiny Gaian Road Team tuned in and listened to instructions from Gaia, each impulse led us to make inexplicably coincidental meetings with the Edgeworkers, Social Alchemists, Riftwalkers, Bridge Builders, and Possibilitators who are inventing and inhabiting next culture - archearchy.

These remarkable beings commit to themselves as much as to the novel outcomes they are creating. They build-out new gameworlds and inhabit them. They trust discoveries from their own research and freely share everything they have learned for the benefit of all.

We are so happy to share these intimate conversations from around the world with you. Here you get to meet so many radiant next-culture Beings in our Gaian Road Team Interviews. We hope you become as inspired and hopeful as we are about what is possible.

Mikki Willis:
https://plandemicseries.com
https://greatreject.org/plandemic-mikki-willis-dr-judy-mikovits
http://elevate.us/team
https://www.youtube.com/channel/UC_mRh6ubbrCggQVxPPhAJ9Q

Related websites:
http://gaianroadteam.org
http://spaceport.mystrikingly.com
http://adulthood.mystrikingly.com
http://possibilitymanagement.org
http://possibilitatortraining.org
http://gaiangameworlds.org
http://sparkexperiments.org
http://distinctionary.xyz
http://nextcultureradio.org
http://archearchy.org
http://initiations.org
http://startover.xyz",2022-07-04T16:32:56Z,52,https://www.youtube.com/watch?v=DeB5laUXR6U
1tmlHH7r4Do,South Australian Premier.  Did he say PLANdemic. 😀😀,Peter Malinauskas maybe it's was all planned 😃😃,2022-04-12T14:58:13Z,132,https://www.youtube.com/watch?v=1tmlHH7r4Do
9XZx6hGaiuk,plandemic,,2022-01-24T20:07:37Z,6,https://www.youtube.com/watch?v=9XZx6hGaiuk
VvZ8P7tGtHQ,R.O. Hutch - PLANDEMIC (Official Music Video),"PLANDEMIC

Direct Download Link :

https://open.spotify.com/track/7wyfVAYZJuD4i0L0ViWfaV?si=6t4hBKSwq33qOxB3NA0A

Subscribe for more official content from R.O. Hutch
https://www.youtube.com/c/ROHutch

Follow R.O. Hutch

https://www.facebook.com/rhutch3/
https://www.instagram.com/rohutch919/
https://twitter.com/rohutch919

PRODUCTION
Director: Proper Consult
Creative Director: Proper Consult
Editor: Proper Consult

PLANDEMIC credits

Written: R.O. Hutch
Produced: Kari Atare
Mixed & Mastered: Travis Ross
Recorded at Ultrium Studios, N. Hollywood C.A.",2021-06-01T04:00:11Z,232,https://www.youtube.com/watch?v=VvZ8P7tGtHQ
dBG3DgxujI4,Plandemic celebrity death shot push,#omicron #covid19 #vaccination #mandatory,2021-12-28T14:08:49Z,14,https://www.youtube.com/watch?v=dBG3DgxujI4
qC2YSlpTAgc,Tate on retiring his mother,"#andrewtate #cobratate #hustleruniversity #datingtips #datingapp #dates #onlinedating #dailydoseofredpill #onlinedatingfail #matches #datingadvice #gerardkeyspodcast #redpilltruth #redpill #datenight #redpilltraining #gerardkeys #hustlersuniversity #datejust #dailyredpilldose #trump #tristantate #tateism #motivation #successmindset #motivationalquotes #moneymindset #inspiration #tate #god #covid #pandemic #plandemic #success #mindset #grind #strongwill #masculinity #strong #demigod #leonardodicaprio #republicans #religion #king #money #whealth #talismans #lifestyle #gops #churchoftate #gop #usa #democrat #entepreneur #entepreneurship #populism #talismantate #populist #saynotolockdown #conservative

@tatehustlerg",2022-07-10T12:18:04Z,1,https://www.youtube.com/watch?v=qC2YSlpTAgc
8QJfi32alLI,MONKEYPOX: THE NEXT PLANDEMIC?,"I will be having a special guest, @PreparednessNow to discuss the current issue of Monkeypox. We will go over its history, what is currently transpiring globally, and if this could be the next plandemic. I will open up the discussion to Q&A towards the end, and I look forward to seeing you all there! As time permits, we may deviate to other geopolitical issues.

Please subscribe to his channels if you haven't already:
https://www.youtube.com/c/PreparednessNow

https://t.me/joinchat/rBsOSqDPhtdjYzIx
(((Straight News & comments but no chat)))

https://t.me/joinchat/jLtDeU3o6uM3MmJh
(((Straight News with chat)))

https://t.me/joinchat/U60e9Anj78Re9HlX
(((THE GRAY STATE: Avant- Garde)))

(ODYSEE)
https://odysee.com/@preppernow:61
————————————————-
(Truth Social):
@preppernow
————————————————
(GAB)
https://gab.com/preppernow
—————————————————
(RUMBLE)
https://rumble.com/user/PrepperNow
—————————————————
(MINDS)
https://minds.com/preppernow
—————————————————
(BITCHUTE)
https://www.bitchute.com/channel/cpcDf66M0TIR/

Here are some links to articles and websites that we may be referencing:

https://www.newsweek.com/monkeypox-cased-uk-massachusetts-case-vaccine-ordered-us-1708075

https://www.newsweek.com/fact-check-did-bill-gates-predict-monkeypox-outbreak-1708171

https://twitter.com/disclosetv/status/1527302353124175878

https://www.express.co.uk/news/science/1612794/monkeypox-outbreak-new-pandemic-warning-issued-millions-die-war-simulation

https://www.statnews.com/2022/06/03/genetic-data-indicate-at-least-two-separate-monkeypox-outbreaks-underway-suggesting-wider-spread/

https://www.sciencedirect.com/science/article/pii/S1995820X22000414

https://www.who.int/emergencies/disease-outbreak-news/item/2022-DON388",2022-06-04T13:51:54Z,353,https://www.youtube.com/watch?v=8QJfi32alLI
D7vjan5PD6A,FREEDOM…..WE SUPPORT THE TRUCKERS! End the plandemic,,2022-01-29T02:43:33Z,147,https://www.youtube.com/watch?v=D7vjan5PD6A
mqZG4A5cjN0,MILLIONAIRE Cobra Tate REACTS to haters 😂😂😂 #cobratate #cobratateinspiration #hustlersuniversity,#andrewtate #cobratate #hustleruniversity #datingtips #datingapp #dates #onlinedating #dailydoseofredpill #onlinedatingfail #matches #datingadvice #gerardkeyspodcast #redpilltruth #redpill #datenight #redpilltraining #gerardkeys #hustlersuniversity #datejust #dailyredpilldose #trump #tristantate #tateism #motivation #successmindset #motivationalquotes #moneymindset #inspiration #tate #god #covid #pandemic #plandemic #success #mindset #grind #strongwill #masculinity #strong #demigod #leonardodicaprio #republicans #religion #king #money #whealth #talismans #lifestyle #gops #churchoftate #gop #usa #democrat #entepreneur #entepreneurship #populism #talismantate #populist #saynotolockdown #conservative @moneymentalitymindset,2022-07-09T08:38:38Z,6,https://www.youtube.com/watch?v=mqZG4A5cjN0
VNoL-VugvAo,Trump Pledges to “Blow Lid Off” Global Plandemic | Nick Fleming | Restored Republic,Trump Pledges to “Blow Lid Off” Global Plandemic | Nick Fleming | Restored Republic,2021-07-18T12:30:59Z,814,https://www.youtube.com/watch?v=VNoL-VugvAo
WidSpY6rhAs,Tate is the ultimate villain😂🐐🔥@cobratate.official #cobratate #andrewtate #tate #business #wealth,#andrewtate #cobratate #hustleruniversity #datingtips #datingapp #dates #onlinedating #dailydoseofredpill #onlinedatingfail #matches #datingadvice #gerardkeyspodcast #redpilltruth #redpill #datenight #redpilltraining #gerardkeys #hustlersuniversity #datejust #dailyredpilldose #trump #tristantate #tateism #motivation #successmindset #motivationalquotes #moneymindset #inspiration #tate #god #covid #pandemic #plandemic #success #mindset #grind #strongwill #masculinity #strong #demigod #leonardodicaprio #republicans #religion #king #money #whealth #talismans #lifestyle #gops #churchoftate #gop #usa #democrat #entepreneur #entepreneurship #populism  #talismantate #populist #saynotolockdown #conservative @realityquotes0,2022-07-08T10:18:40Z,108,https://www.youtube.com/watch?v=WidSpY6rhAs
jwrpg6lQksU,Monkey Poxs | The New Plandemic,,2022-05-23T01:33:46Z,225,https://www.youtube.com/watch?v=jwrpg6lQksU
RkIiWhtMaM4,Jen Psaki says &quot; Global Plandemic&quot;  Please Subscribe Thank you,,2021-08-25T23:14:10Z,4712,https://www.youtube.com/watch?v=RkIiWhtMaM4
xx8iRwefoX0,Brazilian president Jair Bolsonaro declaring he wouldn&#39;t be signing the &quot;plandemic treaty&quot;,,2022-05-23T07:57:05Z,22,https://www.youtube.com/watch?v=xx8iRwefoX0
KSij63VYrgw,JEN PSAKI SAYS GLOBAL &quot;PLANDEMIC&quot;,"The word ""plandemic"" comes out of her mouth totally natural with no hesitation.",2021-10-14T00:09:33Z,228,https://www.youtube.com/watch?v=KSij63VYrgw
-JDMzw1YGPs,Guy tries to FIGHT but Tate shuts him down🤐 #andrewtate #tate #tatespeech #cobratate #shorts,"#andrewtate #cobratate #hustleruniversity #datingtips #datingapp #dates #onlinedating #dailydoseofredpill #onlinedatingfail #matches #datingadvice #gerardkeyspodcast #redpilltruth #redpill #datenight #redpilltraining #gerardkeys #hustlersuniversity #datejust #dailyredpilldose #trump #tristantate #tateism #motivation #successmindset #motivationalquotes #moneymindset #inspiration #tate #god #covid #pandemic #plandemic #success #mindset #grind #strongwill #masculinity #strong #demigod #leonardodicaprio #republicans #religion #king #money #whealth #talismans #lifestyle #gops #churchoftate #gop #usa #democrat #entepreneur #entepreneurship #populism #talismantate #populist #saynotolockdown #conservative

@playboytate",2022-07-08T10:10:48Z,4,https://www.youtube.com/watch?v=-JDMzw1YGPs
yMpBMaFr9Dw,Would YOU greet Cobra Tate in Latvia/Riga 😂,#andrewtate #cobratate #hustleruniversity #datingtips #datingapp #dates #onlinedating #dailydoseofredpill #onlinedatingfail #matches #datingadvice #gerardkeyspodcast #redpilltruth #redpill #datenight #redpilltraining #gerardkeys #hustlersuniversity #datejust #dailyredpilldose #trump #tristantate #tateism #motivation #successmindset #motivationalquotes #moneymindset #inspiration #tate #god #covid #pandemic #plandemic #success #mindset #grind #strongwill #masculinity #strong #demigod #leonardodicaprio #republicans #religion #king #money #whealth #talismans #lifestyle #gops #churchoftate #gop #usa #democrat #entepreneur #entepreneurship #populism #talismantate #populist #saynotolockdown #conservative @kristians.let,2022-07-08T10:15:33Z,7,https://www.youtube.com/watch?v=yMpBMaFr9Dw
-nR28_0cauU,Andrew Tate gets SURROUNDED! WHAT?!,#andrewtate #cobratate #hustleruniversity #datingtips #datingapp #dates #onlinedating #dailydoseofredpill #onlinedatingfail #matches #datingadvice #gerardkeyspodcast #redpilltruth #redpill #datenight #redpilltraining #gerardkeys #hustlersuniversity #datejust #dailyredpilldose #trump #tristantate #tateism #motivation #successmindset #motivationalquotes #moneymindset #inspiration #tate #god #covid #pandemic #plandemic #success #mindset #grind #strongwill #masculinity #strong #demigod #leonardodicaprio #republicans #religion #king #money #whealth #talismans #lifestyle #gops #churchoftate #gop #usa #democrat #entepreneur #entepreneurship #populism #talismantate #populist #saynotolockdown #conservative @tate.usd,2022-07-10T12:33:04Z,1,https://www.youtube.com/watch?v=-nR28_0cauU
o4CR7teLYCw,UnMasking the Truth | You Thought the &#39;Plandemic&#39; Was Bad?  | UFO Woman Melisa Kennedy,"Are Aliens or Elites taking over the world?!  WOW I recorded this back in 2020... and I know I was onto something then! With the ""Plandemic"" perhaps they were ""masking"" more than just the obvious.  Years ago we had Project Blue Book secretly investigating UFOs, but what do we have today?

#America #TheEnd #SuperPower #Plandemic

A twenty-four part UFO Talk Show series from Melisa Kennedy and WeBeamTV (watch them here, https://bit.ly/34D93lk), exploring our fascination with unidentified flying objects (UFOs), and aliens.  What hidden influence does the US government, lucrative private firms, and the military have in keeping the truth about extraterrestrial phenomena hidden in order to serve their own agendas?

""The UFO Woman"" combines the controversial theories of Earth today + for millions of years.

Subscribe to We Beam TV's channel to: https://bit.ly/34D93lk

_______

FOLLOW ME AROUND
Instagram:  https://www.instagram.com/theufowoman
Facebook:  https://bit.ly/3fK6Ve4
Tik Tok : https://www.tiktok.com/@parahousetv

#Plandemic #conspiracytheory #coverup

IN THIS EPISODE OF The UFO Woman Show: Space Force vs Project Blue Book | Melisa Kennedy 》》Whether you’re a believer or a skeptic, there is a mounting body of evidence and now even a U.S. Military Force regarding the UFO phenomenon that host, Melisa Kennedy, will address on this week's episode of #TheUFOWoman.  From memes to TV shows, the public opinion lacks common sense when it comes to UFOs and Paranormal.  Edgar Yohe and Kevin Briggs will join Melisa in showing how many former high ranking government officials, scientists, and military contractors believe that UFOs should be taken more seriously. #spaceforce #ufohunters",2022-01-21T19:14:06Z,39,https://www.youtube.com/watch?v=o4CR7teLYCw
9KRuRZ_janM,A Monkeypox on Your House: a New Plandemic from the World Health Organization (WHO),"A monkeypox on your house! We have a new plandemic, this time involving a monkeypox virus. Now, there had never been an outbreak of monkeypox outside of Africa since the disease was discovered in 1958.

 By the most incredible coincidence, the global outbreaks of monkeypox happened the same week as predicted by a simulated exercise conducted in 2021 by the World Health Organization (WHO) and the Bill and Melinda Gates Foundation and all the other usual suspects from the last pandemic. Sounds a lot like COVID, as they accurately predicted a pandemic involving a novel coronavirus back in 2019. How are they so good at predicting these things? Almost like they have a hand in causing these outbreaks to occur!

 Also coincidentally enough, the new plandemic emerged right as the USA and other nations are making a new international treaty which will give the WHO authority over each nation's response to any new pandemics.

 And even more coincidentally enough, just as a global outbreak of a new monkeypox plague is happening, it turns out that the Wuhan Virology Lab, the same lab that appears to have created COVID-19, has also been conducting gain-of-function reasearch on monkeypox viruses!

 Wow! So many coincidences! Hopefully nobody will try to connect any of these unrelated dots, because that would be a consipiracy theory, and we know, from the mainstream media, that conspiracy theories can be dismissed out of hand.

 For more information on the monkeypox plague (a.k.a, the Plandemic 2.0), check out https://www.newswars.com/2021-who-gates-foundation-exercise-portrayed-global-monkeypox-pandemic-killing-millions/ and https://www.infowars.com/posts/report-wuhan-bio-lab-carried-out-gain-of-function-research-on-monkeypox-virus/.

 This episode of the What's Wrong with America? podcast is brought to you by Libsyn, where you can begin your own great podcasting adventures. Sign up with promo code ""DanielD"" and get two months of free podcast hosting! Find out more at https://signup.libsyn.com/?promo_code=DANIELD

 Don't forget to subscribe to the podcast, so you don't miss out on any future episodes!

 And if youre interested in serial fiction about the apocalypse, check out Daniel D's substack, ""As the World Ends,"" at https://astheworldends.substack.com/",2022-05-23T15:18:51Z,14,https://www.youtube.com/watch?v=9KRuRZ_janM
x0dCyUdLHqw,PLANDEMIC - Who is the W H O,"[Mirrored]
Deleted Videos on BitChute https://www.bitchute.com/channel/crazyworldwhichwelivein/
YouTube Main Channel
https://www.youtube.com/channel/UCjc1DttcvDAIQW8qPkpINPg/
YouTube Backup Channel
https://www.youtube.com/channel/UC74wLp8zJvjHX2kZRQeLvAQ/
WHO IS THE W.H.O.?
https://www.bitchute.com/video/2XDdbm8OyzU3/",2020-08-21T01:22:04Z,12,https://www.youtube.com/watch?v=x0dCyUdLHqw
dlC7rWGJBwE,Do you consider this cheating? Why? Why not? #andrewtate #tate #cobratate,#andrewtate #cobratate #hustleruniversity #datingtips #datingapp #dates #onlinedating #dailydoseofredpill #onlinedatingfail #matches #datingadvice #gerardkeyspodcast #redpilltruth #redpill #datenight #redpilltraining #gerardkeys #hustlersuniversity #datejust #dailyredpilldose #trump #tristantate #tateism #motivation #successmindset #motivationalquotes #moneymindset #inspiration #tate #god #covid #pandemic #plandemic #success #mindset #grind #strongwill #masculinity #strong #demigod #leonardodicaprio #republicans #religion #king #money #whealth #talismans #lifestyle #gops #churchoftate #gop #usa #democrat #entepreneur #entepreneurship #populism #talismantate #populist #saynotolockdown #conservative @cobraaikido,2022-07-08T10:17:05Z,3,https://www.youtube.com/watch?v=dlC7rWGJBwE
0IgZ1L3quqY,The Un Poem for the Un Plandemic,https://notthegrubstreetjournal.com/2021/12/21/2021-the-rosy-fingered-dawn-to-2022-the-un-poem-for-an-un-plandemic/,2021-12-21T06:27:05Z,21,https://www.youtube.com/watch?v=0IgZ1L3quqY
7mbE4osNTuM,The Tate Bond Is Insane 🤔,#andrewtate #cobratate #hustleruniversity #datingtips #datingapp #dates #onlinedating #dailydoseofredpill #onlinedatingfail #matches #datingadvice #gerardkeyspodcast #redpilltruth #redpill #datenight #redpilltraining #gerardkeys #hustlersuniversity #datejust #dailyredpilldose #trump #tristantate #tateism #motivation #successmindset #motivationalquotes #moneymindset #inspiration #tate #god #covid #pandemic #plandemic #success #mindset #grind #strongwill #masculinity #strong #demigod #leonardodicaprio #republicans #religion #king #money #whealth #talismans #lifestyle #gops #churchoftate #gop #usa #democrat #entepreneur #entepreneurship #populism #talismantate #populist #saynotolockdown #conservative @hypertate,2022-07-10T12:20:06Z,1,https://www.youtube.com/watch?v=7mbE4osNTuM
WMCADfYDCt0,Plandemic  Clip08  How the media targets Whistleblowers,Wait...late night TV talk shows aren't a credible source of information?,2020-08-19T17:01:03Z,75,https://www.youtube.com/watch?v=WMCADfYDCt0
MwBJRof6ldg,Biden Plans for 2nd Plandemic,,2022-07-10T16:48:35Z,12,https://www.youtube.com/watch?v=MwBJRof6ldg
1v5XHuQaws0,Plandemic 2020,Dr Death Fauci,2020-04-03T16:28:51Z,50,https://www.youtube.com/watch?v=1v5XHuQaws0
9FqfuMG7hzM,tate transitioning to female??? #tate #andrewtate #tristantate #rich #fyp,#andrewtate #cobratate #hustleruniversity #datingtips #datingapp #dates #onlinedating #dailydoseofredpill #onlinedatingfail #matches #datingadvice #gerardkeyspodcast #redpilltruth #redpill #datenight #redpilltraining #gerardkeys #hustlersuniversity #datejust #dailyredpilldose #trump #tristantate #tateism #motivation #successmindset #motivationalquotes #moneymindset #inspiration #tate #god #covid #pandemic #plandemic #success #mindset #grind #strongwill #masculinity #strong #demigod #leonardodicaprio #republicans #religion #king #money #whealth #talismans #lifestyle #gops #churchoftate #gop #usa #democrat #entepreneur #entepreneurship #populism #talismantate #populist #saynotolockdown #conservative @talisman.tate,2022-07-10T12:22:12Z,2,https://www.youtube.com/watch?v=9FqfuMG7hzM
tt39FHgdHE8,Mikki Willis -  Plandemic InDoctorNation,"Today on the Naturally Inspired Podcast Mikki Willis is joining us.  Mikki is the producer of a two part series entitled ""Plandemic"" and ""Plandemic InDoctorNation"".  The film has come under great scrutiny, smear campaigns and attacks on him and people featured on the film as well from the Main Stream Media and quasi ""health experts"".  You can watch ""Plandemic"" at www.PlandemicSeries.com and judge it for yourself.  I want to encourage everyone to keep exploring, keep learning and really pay attention to the information that is the target of the person bringing it to light.  I hope you enjoy this most enlightening conversation with Mikki Willis.  Please welcome Mikki Willis to the Naturally Inspired Podcast.

Tune in every week for the latest Naturally Inspired Podcast. Find it on your favorite podcast platform like:

Apple Podcast:  https://podcasts.apple.com/us/podcast/naturally-inspired-podcast/id1474114072

Spotify:  https://open.spotify.com/show/56dUIhhG2RFzvZhCt6cCIQ?si=UEpfEoIGRi-5NFAK0y3W4g

Tunein:  https://tunein.com/radio/Naturally-Inspired-Podcast-p1235788/?topicId=132474389

Stitcher:  https://www.stitcher.com/podcast/tammy-garcia/naturally-inspired-podcast

IHeartRadio:  https://www.iheart.com/podcast/269-naturally-inspired-podcast-67643007/

Watch it on Youtube:  https://www.youtube.com/channel/UC9-rQJFdEIhuKbFKatCla-A

Follow Us On Facebook: https://www.facebook.com/NaturallyInspiredPodcast/

Follow Us On Instagram:  https://www.instagram.com/tammycuthbertgarcia/

Get All The Latest Info On Our Episodes Here: https://naturallyinspiredpodcast.com/episodes

Text the word ""Advocate"" to 833-838-1020 for Weekly Deals and Updates

Subscribe to Our Weekly Newsletter for Show Notes, Health Tips, Tricks & Hacks and Weekly Deals at https://naturallyinspiredpodcast.com/newsletter

Visit Our Blog For Daily Inspiration at  https://naturallyinspiredpodcast.com/blog


Naturally Inspired Podcast Recommended Products/Resources

Support The Podcast And Buy A Beautiful Coffee Mug For Your Favorite Coffee.  https://naturallyinspiredpodcast.com/shop-here/ols/products/naturally-inspired-podcast-11oz-coffee-mug

We Are Grateful For Your Support!

Please Visit Us Often at https://naturallyinspiredpodcast.com


Keep in mind that we may receive commissions when you click our links and make purchases. However, this does not impact our reviews and comparisons. We try our best to keep things fair and balanced, in order to help you make the best choice for you.",2020-10-16T18:10:00Z,1915,https://www.youtube.com/watch?v=tt39FHgdHE8
HQIqa63kX84,REST IN PEACE TO ALL THE VICTIMS OF THIS LOCKDOWN/Plandemic,,2022-07-10T16:00:13Z,5,https://www.youtube.com/watch?v=HQIqa63kX84
giGj46PGe6E,a Dude Reacts to a Doctor “Reacting” to -Plandemic-,"My reaction to a Plandemic “reaction” from ZDoggMD (Dr. Zubin Damania) [which’s a kickass name! the second one!] :D

Doc’s original video:

https://www.youtube.com/watch?v=KHeg9DDrjMs&t=1s

-Plandemic-:

https://plandemicvideo.com

Project Veritas’s -Google Bias-:

https://youtu.be/uf6I1tjmm3o

Planet Dolan’s '30 Worst Google Auto-Completes Ever':

https://youtu.be/EKQEIlmY_iU

My Links

https://hy.page/therealevcg

(from July 2020)

#EVCG #TheRealEVCG #EvidenceViolatesCommunityGuidelines",2022-05-17T23:23:20Z,1,https://www.youtube.com/watch?v=giGj46PGe6E
mMZYf9RJ5-o,#IUIC | The Bill Gates #Plandemic for Africa || Radio Democracy 98.1,"Israel United in Christ is a Biblical Organization that teaches the Gospel of Repentance from Sin to Our People scattered around the world as a Result of Disobedience to God’s Commandments. When you consider the plight of our people, it is one of turmoil and trauma. Our People, the Israelites suffer from a wide range of issues from Self Hatred, and Domestic Violence, to Mass Incarceration and Economic Exploitation... However,
The Bible has the Solution to Our People’s Problems.

For more information: https://israelunite.org/
https://play.google.com/store/apps/details?id=com.tvstartup.iuictvos&hl=en_US&gl=US
Contact # (855) 484-4842Ext. 723
Contact Person: Deacon Asaph
Address: 44 South West, Mount Vernon NY 10550
For more videos go to: http://israelunite.org/videos
Facebook: https://www.facebook.com/israelunited.inchrist/
Podcast: http://www.iuicpodcast.com/
Instagram: https://www.instagram.com/israelunitedinchrist/
Twitter: https://twitter.com/iuicofficial?lang=en
Music: https://originalroyaltyrecordings.com/
Merchandise: http://OriginalRoyalty.com/ Israel United in Christ is a Biblical Organization that teaches the Gospel of Repentance from Sin to Our People scattered around the world as a Result of Disobedience to God’s Commandments. When you consider the plight of our people, it is one of turmoil and trauma. Our People, the Israelites suffer from a wide range of issues from Self Hatred, and Domestic Violence, to Mass Incarceration and Economic Exploitation... However,
The Bible has the Solution to Our People’s Problems.

For more information: https://israelunite.org/
Contact # (855) 484-4842Ext. 723
Contact Person: Deacon Asaph
Address: 44 South West, Mount Vernon NY 10550
For more videos go to: http://israelunite.org/videos
Facebook: https://www.facebook.com/israelunited.inchrist/
Podcast: http://www.iuicpodcast.com/
Instagram: https://www.instagram.com/israelunitedinchrist/
Twitter: https://twitter.com/iuicofficial?lang=en
Periscope: https://www.periscope.tv/IsraelUnitedInChrist/1YpJkNByDQEGj
Music: https://originalroyaltyrecordings.com/
Merchandise: http://OriginalRoyalty.com/",2020-05-25T19:00:09Z,3109,https://www.youtube.com/watch?v=mMZYf9RJ5-o
xJo1TMx8qfo,Plandemic 2: InDOCTORnation (The event &#39;201&#39;),"Plandemic 2: InDOCTORnation (The event '201')

section 107. fr london re a l",2020-08-18T19:41:01Z,291,https://www.youtube.com/watch?v=xJo1TMx8qfo
ZfbBJ7WZc5g,Plandemic 19! A Very Unique Collection of 1000 NFT&#39;s,"In recognition of all people around the world who have questioned, struggled, been fired, silenced, ridiculed, censored, robbed of their livelihoods, freedoms & health. The Plandemic started in 2019 & was named Covid 19 although the 1st patent can be easily sourced on an official public site in Oct 2015. It supports upholding the Nuremberg Code & basic human rights which have been eroded by leaders. It’s to highlight the courage & determination by so many to protect our inalienable rights to live, move, breath freely & retain body autonomy. Truckers, protestors, medics & hundreds of other professionals, politicians, journalists & every other human being that has stood up and said no WE SALUTE YOU! Individuals & families torn apart by financial hardship, domestic violence, child abuse & mental health issues caused by enforced lockdowns, masks & vaccine injuries/deaths with no recourse – WE SUPPORT YOU!",2022-03-28T11:54:02Z,23,https://www.youtube.com/watch?v=ZfbBJ7WZc5g
EPeCSnO2REQ,GMN PLANDEMIC 2.0 - Mga Tunay Na Bakulaw,"GMN is inviting you to a scheduled Zoom meeting.

GMN PLANDEMIC 2.0 - Mga Tunay Na Bakulaw
Time: Friday, 6:00PM to 8:00PM

Join Zoom Meeting
https://us02web.zoom.us/j/89350483336?pwd=amZLdmtHQVVIMXUvbTdBVXppUnJ5UT09

Meeting ID: 893 5048 3336
Passcode: Malaya",2022-03-11T23:43:31Z,24,https://www.youtube.com/watch?v=EPeCSnO2REQ
BTNFuf_u6sQ,Rucker L. Carson (ConSPIRacy expert) and the Plandemic.,"Another fire take from Rucker about the supposed global, once in a century ""pandemic""",2021-11-26T16:57:46Z,12,https://www.youtube.com/watch?v=BTNFuf_u6sQ
GXy4AP-YFbc,“The PLANdemic”,"MY ORIGINAL MUSIC!! I’m also a composer of film scores. This score will be on a short film documentary about The PLANdemic. Do your research on the Plandemic, it’s very informative!  #plandemic #coronavirus #pandemic #quarantine #stayhome #maggiemoocowgirl #peanutbutterpoka #ovafloh #urbanunitytheentity",2020-05-09T05:36:32Z,160,https://www.youtube.com/watch?v=GXy4AP-YFbc
w0OywbUDhT8,Could Monkey pox be the next plandemic?,,2022-05-23T06:53:56Z,5,https://www.youtube.com/watch?v=w0OywbUDhT8
8QyVk-KcW_4,Plandemic 19,"In recognition of all people around the world who have questioned, struggled, been fired, silenced, ridiculed, censored, robbed of their livelihoods, freedoms & health. The Plandemic started in 2019 & was named Covid 19 although the 1st patent can be easily sourced on an official public site in Oct 2015. It supports upholding the Nuremberg Code & basic human rights which have been eroded by leaders. It’s to highlight the courage & determination by so many to protect our inalienable rights to live, move, breath freely & retain body autonomy. Truckers, protestors, medics & hundreds of other professionals, politicians, journalists & every other human being that has stood up and said no WE SALUTE YOU! Individuals & families torn apart by financial hardship, domestic violence, child abuse & mental health issues caused by enforced lockdowns, masks & vaccine injuries/deaths with no recourse – WE SUPPORT YOU!",2022-04-13T09:07:32Z,2,https://www.youtube.com/watch?v=8QyVk-KcW_4
M-kDelEzr-8,Plandemic - Trailer - Can&#39;t find the 26 minute video of it,"I was looking for the 26 minute video I seen awhile ago but can't find it, but their plandemic is not going to plan, now is it 🤔

#Plandemic #trailer",2022-04-19T23:56:25Z,4,https://www.youtube.com/watch?v=M-kDelEzr-8
i5VNIIUACiM,Smooth Doubleb- The Plandemic w/ THeCaptain (Official Music Video),"FINAL ASCENSION PRELUDE: https://hypeddit.com/smoothdoubleb/thefinalascensionprelude

What’s good DoubleBer’s it’s chu boii SmoothDoubleB back at it with ... Another One yuh digg!🎤🎸

Hope Your Ready & Interested. Let’s get right into this topic! But first I’m sending you peace, love, and happiness towards you, so enjoy😊This video is about the topics lol Enjoy!

————————————————————
🌱Add Me FAMILY‼️We All Eat🔥

THE FINAL ASCENSION: https://hypeddit.com/smoothdoubleb/thefinalascension

EYE AM CHOSEN CLOTHING COMPANY💯Use ASCENSION 17% off
https://linktr.ee/EYEAMCHOSEN

SCHEDULE A MEETING👁
https://calendly.com/brandonbass

MY LINKTREE WITH MY NEW MUSIC🤴🏽
https://linktr.ee/DoubleBB

Can we hit 600 Subscribers DoubleB Squaddd!! I know we can do it Family❤️https://www.youtube.com/channel/UCr_F9j4ln0skDiaccMZNwgg

MY LINKTREE WITH ALL MY ACCOUNTS🔥
https://linktr.ee/SmoothDoubleB

BLB PRODUCTIONS👑
https://linktr.ee/blbproductions

BECOMING YOUR GREATEST VERSION‼️
https://linktr.ee/BrandonBass

MY WEBSITE(S)🤯
https://linktr.ee/brandonbasswebsites

MY LINKTREE WITH ALL MY YOUTUBE CHANNELS🖤
https://linktr.ee/DoubleBYouTube

MY LINKTREE OF ALL MY SOCIAL MEDIAS, FREE GIFTS, AND SUPPORT🙏🏾
https://linktr.ee/BrandonB

MY LINKTREE OF MY CHILLING WITH DOUBLEB PODCAST🎤
https://linktr.ee/DoubleBPodcast
————————————————————
🌱Join The Family💪🏾

Want to become your greatest version? Connect with your higher self? Need help with your growth? Click below🌞
http://brandon-bass.com/1On1Sessions.html

Join the FaceBook Group: The Chosen Ones: https://www.facebook.com/groups/530116997699582/?ref=share

Join the Instagram Group: Ascenders: Hmu on insta so I can put you in the chat: https://www.instagram.com/real_bbass

Join the Telegram Group: SmoothDoubleB: https://t.me/SmoothDoubleB

Join the Discord Group: The Chosen Ones: https://discord.gg/GtHbwbr

Join the WhatsApp Group: The Chosen Ones: https://chat.whatsapp.com/EQuM0Jn9aPf75aRmw9F8gm
***********************************************
🌞Make Sure You:
Watch The Full Video for Good Luck✅
Gentle Tap of The Like Button for Extra Positive Energy🙌🏾
Subscribe With the Bell to Be an Official Member of the Notification Squad🔥
Comment Down Below Telling Me How’s Your Day Been Going‼️
Share This with Your Friends and Family to Let Them Know the Truth and Cause You Love Them❤️
***********************************************
————————————————————
****************************
CashApp: $YoungDoubleB
PayPal: brandonbass99@gmail.com
****************************
————————————————————

Have a wonderful life, I love y’all🖤 peace‼️🧘🏾‍♂️

#pandemic #truth #police #matrix #alieninvasion #aliens #alien #5D #newearth #5thdimension #goldenage
#zombieapocalypse #robot #china #cyber #fakealieninvasion #robots #zombie #zombies #apocalypse #mothergaia #motherearth #newearth #earth #nature #sun #highvibes #highvibration #frequency #energy #natureviews #naturevibes #sars #genetics #geneticcode #dna #rna #musicindustry #dimingsun #dimingthesun #love #howto #diy #hack #tictokhack #hacks #tarot #tarotcards #spiritualyoutubers #spiritualyoutuber #wokeyoutuber #wokeyoutubers #woke #consciousrappers #consciousartist #awoke #spiritual #spirituality #144000 #gods #goddesses #kings #queens #manifestation #manifest #meditate #meditation #celebrity #celebrities #solarflare #sunpeople #sunchild #Egypt #nasa  #viralvideo #virual #anunnaki #policedepartment #scam #ageofaquarius #sungaze #sungazing #stepbystepguide #stepbystep #newworld #newearth #greatestversion #selfcare #selfmotivation #motivational #spiritualteacher #spiritualknowledge #knowledge #alphamale #motivation #inspire #spiritualguide #spiritualjourney #virus #riot #riots #martiallaw #protest #protesting #ageofaquarius #energy #frequency #vibration #chosenones #spiritualwarfare #lockdown #dna #rna #dimensions #naturaldisasters #melanated #melanin #blackcommunity #community #unity #5thdimension #planetx #planet #planets #planetnibiru #star #moon #sun #nature #mothernature #mothergaia #gaia #angelicbeings #Anunnaki #

 #astrology #numerology #ascension #ascend #consciousness #conscious #woke #5dconsciousness #endgame #endtimes #lastdays #apocalypse #war #spirituality #spiritual #economicalcrash #comedy #entertainment #education #educational #truth #style #fashion #music #news #politics #nonprofits #chosenone #thechosenones #music #activism #advocate #advocacy #spiritualhope #drshiva #aarondoughty #aaronabke #adapt2030 #jayrocupnext #isiswisdom #kalimaatamunra #fosterebayy #wearewoke #truthunedited #nubreed #nubreedtilltheworldover #jayroc #youngpharaoh #enoch #enoch777 #enochthefreestyleprince #papaduck #infinatewaters #divingdeep #goodasprana #chosenones #thechosenones #ralphsmart #tyspiritual #spiritualty #doelow #solluminati #spiritualso #eyeam #iam #affirmations #cashlesssociety #cashless #society #fakesociety #ageofaquarius #saveourchildren #blackout #vibrationalmusic #woketikokers #spiritualtiktokers #woketiktok #spiritualtiktok #trending",2021-12-17T19:52:10Z,22,https://www.youtube.com/watch?v=i5VNIIUACiM
z5PnV1Pz3-E,Plandemic Virus,"""El virus de la Plandemia""

Journals

Hey, don't shoot the messenger!!!
My job is just translating interesting stuff.
Enjoy!

Calma! Yo solamente soy el mensajero. Mi trabajo es traducir interesantes cosas para ti.
Ojala disfrutes de este material.

我的工作是為您翻譯有趣的東西。

Fair Use Disclaimer: This material was a piece of translation from the original source. Please support the original release.


Please support my work downloading Brave browser by using this referal link or donating some BATS to my channel:
https://brave.com/jou502

Visit my Networks
https://www.minds.com/journals/
https://rumble.com/c/c-478157",2021-12-11T11:48:33Z,10,https://www.youtube.com/watch?v=z5PnV1Pz3-E
JSMzUHBtTpY,Plandemic Designed To Weaken Immune System! Hank Kunneman (10.30.2021) Insight Prophecy.,"Plandemic Designed To Weaken Immune System! Hank Kunneman (10.30.2021) Insight Prophecy.
▶Thanks for watching videos, Please like share and subscribe to channel!
#PropheticWord  #PropheticMessage2021 #prophetic",2021-10-31T03:43:46Z,14,https://www.youtube.com/watch?v=JSMzUHBtTpY
JxZbvG0e-mY,Plandemic And Proof Of Gross Mismanagement By The Government! All Of This Could Have Been Avoided!!,"My friend Peter Weygang has put together proof positive that NONE of the pandemic mitigation efforts did not work, could be seen not to work yet the Government repeated known mistakes.......All the suicides, all the overdoses, bankruptcies, the spousal abuse and the adverse reactions on our children`s mental health COULD ALL HAVE BEEN AVOIDED!!!!!! LET THAT SINK IN!!!!!

Thank you so much to all my subscribers. I started this Channel to start a conversation about things that effect all of us. Why? Easy... because it effects all of us. We all have differences which is Great but it is the rules of Society that allow those differences to flourish. Things like Freedom to speak about important issues even if we disagree on what those issues are or how we solve them. That Foundational Right is at the core of building the kind of Society we all want to see. The antidote to bad ideas is more ideas!

Email

thehoundog101@gmail.com
Rumble : https://rumble.com/account/content?type=all
Brighteon :
https://www.brighteon.com/channels/thehoundog

Bitchute Link :
https://www.bitchute.com/channel/EwtdsaAPhpfA/

Support the Channel. (Thanks)

Mail :

Box 413, Minden, Ont. Canada. K0M 2K0

Paypal :

https://www.paypal.me/houndogsteve?utm_source=unp&utm_medium=email&utm_campaign=PPC000628&utm_unptid=89964965-92f9-11ea-bdbb-b875c0c3c09f&ppid=PPC000628&cnac=CA&rsta=en_US&cust=6CCTRUBTEVJWJ&unptid=89964965-92f9-11ea-bdbb-b875c0c3c09f&calc=df7a9adaa613e&unp_tpcid=ppme-social-user-profile-created&page=main:email:PPC000628:::&pgrp=main:email&e=cl&mchn=em&s=ci&mail=sys&xt=Ctrl_EmailConfirmation_FooterUpdate

Theta :

0x8f9b27eb44f02205D1CA3376A930F281F77234EA

Bitcoin :

15YCikitmfY1TFKpApKUKELKCZwC9Sv7g5

Etherium :

0xfF97399A52AbE8b957702bF1Ed0bA9F9d533cB73

Litecoin :

LZ5HeupayqXyaFLXejz6iHeS2kV12AgFx2

Copyright Disclaimer Under Section 107 of the Copyright Act 1976, allowance is made for ""fair use"" for purposes such as criticism, comment, news reporting, teaching, scholarship, and research. Fair use is a use permitted by copyright statute that might otherwise be infringing. Non-profit, educational or personal use tips the balance in favor of fair use.

Disclaimer: ""As a journalist, I report what significant newsmakers are claiming. I do not have the resources or time to fully investigate all claims. Stories and people interviewed are selected based on relevance, listener requests, and by suggestions of those I highly respect. It is the responsibility of each viewer to evaluate the facts presented and then research each story further and come to their own conclusions.""",2022-04-19T20:27:19Z,826,https://www.youtube.com/watch?v=JxZbvG0e-mY
m1QT0L_8ntg,Plandemic Of The Goofy Juice | RESTRICTED,"link: https://ugetube.com/watch/plandemic-of-the-goofy-juice_pT5G2D9FPfRKmSd.html

for all inquiries, comments, donations, special requests or support https://ourcurrentreality.com/",2022-01-26T18:33:02Z,6,https://www.youtube.com/watch?v=m1QT0L_8ntg
gbF4wDIvSrs,Plandemic,,2022-03-30T05:46:49Z,7,https://www.youtube.com/watch?v=gbF4wDIvSrs
EoFk3U7rsnM,Spiritual So Next Plandemic #2022status #2023 #conciousness #peace #sunblood,,2022-06-04T16:11:50Z,32,https://www.youtube.com/watch?v=EoFk3U7rsnM
3eRgQ7b5hz8,International lawyers and the plandemic,,2022-03-01T17:51:26Z,34,https://www.youtube.com/watch?v=3eRgQ7b5hz8
DQBF2346Jgs,The Plandemic the 4th of its kind. They will fail this Time!,"Daniel 2.44“In the time of those kings, the God of heaven will set up a kingdom that will never be destroyed, nor will it be left to another people. It will crush all those kingdoms and bring them to an end, but it will itself endure forever.",2020-12-29T21:51:17Z,1108,https://www.youtube.com/watch?v=DQBF2346Jgs
egiyu9OQ-RQ,Mc5d 5d Plandemic,,2022-02-20T19:12:12Z,9,https://www.youtube.com/watch?v=egiyu9OQ-RQ
ykK1CYYaToQ,Is Roe v. Wave Next Plandemic of Division.....,#nancypelosi #supremecourt #roevswade,2022-06-24T23:03:13Z,267,https://www.youtube.com/watch?v=ykK1CYYaToQ
svo2wjB0C18,#IUIC | PRECEPT UPON PRECEPT: PLANDEMIC CONTINUES,"Israel United in Christ is a Biblical Organization that teaches the Gospel of Repentance from Sin to Our People scattered around the world as a Result of Disobedience to God’s Commandments. When you consider the plight of our people, it is one of turmoil and trauma. Our People, the Israelites suffer from a wide range of issues from Self Hatred, and Domestic Violence, to Mass Incarceration and Economic Exploitation... However, The Bible has the Solution to Our People’s Problems.",2022-06-24T04:34:37Z,573,https://www.youtube.com/watch?v=svo2wjB0C18
9VtTv51152o,#HalfWoke: &quot;Plandemic Movie&quot; What You Didn&#39;t Know,"Support my ministry on Patreon – https://www.patreon.com/OnPointPreparedness
Support my ministry on Paypal – https://www.paypal.me/onpointpreparedness
On Point Tee’s now available! - https://teespring.com/stores/on-point-preparedness
Mail me @
On Point Preparedness
PO Box 953
Mason Ohio, 45040 .

On Point Preparedness Statement of Beliefs - https://www.onpointpreparedness.net/statement-of-beliefs/

The purpose for which On Point Preparedness LLC was formed is for the transaction of any and all lawful purposes for which a limited liability company may be organized under the laws of the state of Ohio.  Specifically, On Point Preparedness is a Christian Ministry (not affiliated with 501c3) with a primary purpose of online Christian Apologetics and teaching.  Secondarily, On Point Preparedness shares opinion blogging/vlogging of various worldly issues as well as topics related to outdoor survival.

The views, opinions and theological criticisms expressed @ On Point Preparedness are made solely under the single-member LLC. Any content provided is of opinion and not intended to malign or profit from any religion, ethnic group, club, organization, company, individual name, etc. All opinions made are through the lens of the Christian faith and made in good faith, relying on exegesis of the inspired Word of God contained in the sacred scriptures of biblical cannon.

If external content is used in this video/article, it belongs to their respective owners and On Point Preparedness LLC does not claim any right over them. Copyright Disclaimer under section 107 of the Copyright Act of 1976, allowance is made for “fair use” for purposes such as criticism, comment, news reporting, teaching, scholarship, education and research. Fair use is a use permitted by copyright statute that might otherwise be infringing.",2020-05-06T19:23:25Z,335639,https://www.youtube.com/watch?v=9VtTv51152o
n2s4jORsIAU,HUMAN ANIMAL POD#8 PLANDEMIC IS OVER? WHEN DO YOU LET GO OF ANYTHING OR DO YOU HOLD ONTO IT FOREVER?,IS THE PLANDEMIC OVER??? DO YOU FORGET THE PASS?,2022-06-24T17:29:52Z,9,https://www.youtube.com/watch?v=n2s4jORsIAU
1Qc5pqGpXuI,Plandemic 3,Black Rock Robots,2022-06-23T17:37:38Z,17,https://www.youtube.com/watch?v=1Qc5pqGpXuI
BBPYSKR9tBU,❌📺🕵 🤫Plandemic Indoctornation Ep.8 “Como los medios persiguen a los denunciantes / Informadores” 🤫🕵,"❌📺🕵 “Como los medios persiguen a los denunciantes / Informadores” 🤫🕵 📺❌

📺 📻 🎙Los “Mass media” han tratado siempre de censurar y si es posible eliminar toda información que vaya en contra de la narrativa y aun peor a la persona, informador, reportero o quien sea que haya difundido eso.

🤫Las calumnias y difamaciones desde los medios han causado que se ridiculicen algunos temas tomándolos como siempre como teorías de la conspiración.
❌📺❌Así que como se menciona al final del video: LA TELEVISION NO ES REAL, APAGA TU TELEVISION, ¡¡¡¡¡¡APAGALA Y DEJALA ASI!!!!!! ❌📺❌
DESPIERTAAAA!!!!!!!!!!!!

📚 Algunos libros de interés sobre los trabajos de la Dra.Judy Mikovits
📦 De venta en Amazon EU
📗 ""Plaga de corrupción científica: Restaurando la fe en las promesas de la ciencia""
🔗 https://amzn.to/3daCoUD
📗 ""The Case Against Masks: Ten Reasons Why Mask Use Should be Limited""
🔗https://amzn.to/3dazoaY",2020-10-14T03:58:52Z,74,https://www.youtube.com/watch?v=BBPYSKR9tBU
LJfOhlLAJFw,The Plandemic is crashing the economy for the Great Reset (YoutubeBanned Free link on BitChute),https://www.bitchute.com/video/Ok0ZH1N9SITB/,2022-04-19T20:42:45Z,2733,https://www.youtube.com/watch?v=LJfOhlLAJFw
P-I_2dcB4yA,"Rrëfimi i dy vajzave të dashuruara, që u bënë nëna | Ditë e Re","#rtvora #diteere #show #arjolashehu #arjonmuça

Një emision i drejtuar nga Arjola Shehu dhe Arjon  Muça. Çdo ditë nga e hëna në të premte ora 07:00 - 10:00.

Emisioni 180 minuta është konceptuara në tre shtylla. Temat e trajtuara në emision mbulojnë të gjithë spektrin e zhvillimeve ditore si: politikë, aktualitet, kulturë, show biz etj. Në çdo puntatë, i ftuar është edhe një personazh, profil.

Në fashën e parë të orarit, emisioni ka të gërshetuar informacionin utilitar, aktualitetin dhe muzikën në 60 minuta. Herë pas here në këtë fashë ka ndërhyrje nga terreni me gazetarët për zhvillimet e mëngjesit apo edhe të ftuar protagonist të një ngjarjeje.

Nga e hëna në të premte ora 07:00-10:00.

Për më shumë lexoni në:

Follow RTV Ora

Website: www.oranews.tv

Youtube http://bit.ly/2sPcqj3

Facebook: https://www.facebook.com/RTVOra

Instagram:  https://www.instagram.com/rtvora/",2022-07-07T07:34:33Z,6562,https://www.youtube.com/watch?v=P-I_2dcB4yA
RGcixNUM3Xw,Global &quot;Plandemic&quot;,"Jen Psaki addresses the ""GLOBAL PLANDEMIC""",2021-09-03T14:25:58Z,134,https://www.youtube.com/watch?v=RGcixNUM3Xw
vf74KxGp5mU,Boris Kovachev&#39;s Seventh Solo Fine-Art Exhibition,"~ Halloween 2019 ~
This has been the Author's LAST EVER EXHIBITION IN ""bulgaria"" - a sizable body of NEW ARTWORK has been completed since, however it, as well as all subsequent Boris K. Art, shall be displayed ONLY ABROAD OR NOT DISPLAYED AT ALL. Oct.31 to Dec. 20 of 2019 - Boris Kovachev's Seventh Solo Fine-Art Exhibition, which took place at Art Club ""NyLon"" - #8 Georgi Benkovski Str - Plovdiv, Bulgaria. Feel free to view all of my original photography, graphic art, engravings, drawings, paintings etc. at my portfolio website - borise.yolasite.com -  which features visual documentation of all my projects as well as my full bio. Artworks and noise track by yours truly, who is dead-broke and stuck in bulgaria*.
    * This is ""bulgaria"", my ""country"", and it has always been as seen in the following video: www.youtube.com/watch?v=cNXpcArQBJo
Every single bulgarian police-officer, attorney, prosecutor, judge and politician, is a criminal. The people being beaten by cops in this video were protesting against the atrocities of the corrupt tyrannical government of this ""country"" - the most miserable bankrupt poor wretched state of ""prosperous"" Europe - where the PLANDEMIC was used to fully take away what little civil rights we had left. This is why I request political asylum and evacuation out of here - to a place far away from all jews, muslims, freemasons and bulgarians. We had some 200 days continuous nation-wide protests here and achieved nothing, except more violence and intimidation/terror against us from bulgarian police and government. We have no escape. We have no hope. ~ А на всички български полицаи, политици, юристи и лекари, ви пожелавам дълъг живот, така че да надживеете и погребете децата си, както и всичките си близки и любими хора.",2022-07-08T17:27:00Z,33,https://www.youtube.com/watch?v=vf74KxGp5mU
F7x4t_6pg_s,Pitbull kovid 19 Plandemic,,2021-02-12T02:13:37Z,64,https://www.youtube.com/watch?v=F7x4t_6pg_s
Y6g6TL6wKFw,For The Kids,,2022-07-08T21:33:52Z,9,https://www.youtube.com/watch?v=Y6g6TL6wKFw
ltmLUOjQvaE,Plandemic  Clip01  The event &#39;201&#39;,,2020-08-19T09:30:47Z,35,https://www.youtube.com/watch?v=ltmLUOjQvaE
gzhCf2PHPpU,Sad but truth about being a man. You CANNOT compete being average. #PerfectPartner #andrewtate,#ITriedItIPrimedIt #tate #tristantate #cobratate #money #hustlersuniversity #freedom #financialfreedom #wealth #fyp #fypシ #andrewtate #cobratate #hustleruniversity #datingtips #datingapp #dates #onlinedating #dailydoseofredpill #onlinedatingfail #matches #datingadvice #gerardkeyspodcast #redpilltruth #redpill #datenight #redpilltraining #gerardkeys #hustlersuniversity #datejust #dailyredpilldose #trump #tristantate #tateism #motivation #successmindset #motivationalquotes #moneymindset #inspiration #tate #god #covid #pandemic #plandemic #success #mindset #grind #strongwill #masculinity #strong #demigod #leonardodicaprio #republicans #religion #king #money #whealth #talismans #lifestyle #gops #churchoftate #gop #usa #democrat #entepreneur #entepreneurship #populism #talismantate #populist #saynotolockdown #conservative @tate_tutor,2022-07-10T12:31:45Z,3,https://www.youtube.com/watch?v=gzhCf2PHPpU
qG2sMYkhpo4,2007 anime &quot;Vexille&quot; predicted the plandemic,,2021-07-27T12:03:47Z,130,https://www.youtube.com/watch?v=qG2sMYkhpo4
Tujh386Iv3U,Plandemic -Clip16- Stand up to the conspiring parties to reclaim your humanity!,"PLANDEMIC – INDOCTORNATION.
Story about Covid-19 and the vaccine agenda, how did we get here and what is awaited?",2021-06-13T10:51:44Z,5,https://www.youtube.com/watch?v=Tujh386Iv3U
MzSPI52Yy7E,The Power of Obedience is No Small Thing,"#plandemic #pandemic #endtimes

For rebellion is as the sin of witchcraft, And stubbornness is as iniquity and idolatry. Because you have rejected the word of the LORD, He also has rejected you from being king.”
1 Sa 15:23

“Submit yourselves for the Lord’s sake to every human institution, whether to a king as the one in authority, or to governors as sent by him for the punishment of evildoers and the praise of those who do right. For such is the will of God that by doing right you may silence the ignorance of foolish men. Act as free men, and do not use your freedom as a covering for evil, but use it as bondslaves of God. Honor all people, love the brotherhood, fear God, honor the king.”
‭‭1 Peter‬ ‭2:13-17‬ ‭

37Jesus said to him, “‘You shall love the Lord your God with all your heart, with all your soul, and with all your mind.’ 38This is the first and great commandment. 39And the second is like it: ‘You shall love your neighbor as yourself.’ 40On these two commandments hang all the Law and the Prophets.”
Matt 22:37-40",2020-12-06T10:39:25Z,86,https://www.youtube.com/watch?v=MzSPI52Yy7E
YXAu88t7yq0,Plandemic Indoctornation  Clip01  The Event &#39;201&#39;,"#Covid1984
#Plandemic",2020-09-06T16:11:50Z,22,https://www.youtube.com/watch?v=YXAu88t7yq0
bkCtLxZpo5k,Popes Poison Plandemic NWO Agenda The Twofold Preparation Faith Country Living Sacrifice,"04/23/2022

We are now standing on the threshold of great and solemn events. A crisis is before us, such as the world has never witnessed. Eternity stretches before us. The curtain is about to be lifted.

Our purpose for existence as a ministry is to prepare a people to stand true to God when judgment shifts from the dead to the living at the passing of a National Sunday Law.

Alternate Sources:
☑️ http://www.mopt.co.za/
☑️ https://rumble.com/user/MessengersOfPresentTruthMinistries
☑️ https://vimeo.com/user135572726
☑️ https://www.bitchute.com/channel/9ZwZKKwPed0W/
☑️ https://ugetube.com/@MessengersOfPresentTruth

""God's purpose in giving the third angel's message to the world is to prepare a people to stand true to Him during the investigative judgment. This is the purpose for which we establish and maintain our publishing houses, our schools, our sanitariums, hygienic restaurants, treatment rooms, and food factories. This is our purpose in carrying forward every line of work in the cause."" {1MR 228.2}

Get ready! Get ready! Get ready!
-----------------------------------------------------------
Seventh-day Adventist Church
Best Adventist Sermons
Best Adventist Bible Study

*Community Guidelines Disclaimer: The points of view and purpose of this video is not to bully or harass anybody, but rather share opinions and thoughts with other like-minded individuals curious about the subject.
2021/2022/2025",2022-04-25T15:17:19Z,157,https://www.youtube.com/watch?v=bkCtLxZpo5k
xycr43UcjFI,credit daily wire. Zuby. Truth bomb art,the art of the truth bomb . Zuby,2022-07-10T07:29:29Z,1,https://www.youtube.com/watch?v=xycr43UcjFI
KBzO8J-VMDY,"Reggae Mix 2022 (Culture Best Of 2021) Part.3 (Feat) Turbulence,Anthony B,Luciano,Lutan Fyah &amp; More.","(Subscribe, Turn On The Notification Bell, Like, Comment & Share) Thank You❤...
#DjNattyKevo #ReggaeMix #ReggaeMixtape

Reggae Mix 2022 (Culture Best Of 2021) Part.3 (Feat) #LutanFyah #PerfectGiddimani #ChuckFenda #Turbulence #Luciano #AnthonyB #QueenIfrica #Sizzla #RichieSpice #PressureBusspipe #BusySignal #TarrusRiley #DuaneStephenson #Ginjah #Chezidek #NattyKing #NorrisMan
[Cultural Reggae Music]

Mix & Mixtapes are for Promotional Use Only (No Copyright Infringement Intended):For any Copyright in the content Plz link my Email below:
nattykevo511@gmail.com

Follow Me on my Facebook Page Dj Natty Kevo:https://www.facebook.com/profile.php?id=100073419459325

Contact: +254714236211

Playlist:
Lutan Fyah - Circumstances
Anthony B - Jah Army
Perfect Giddimani - Ungrateful
Mykal Rose - Rock My Soul
Norris Man - I'm a Love
Richie Spice - Just Can't Be With Me
Lutan Fyah - Nuh Cross Mi Line
Sizzla - Trouble Nuh Set Like Rain
Natty King - You Bring Joy
Turbulence - Baby It's True
Bascom X - Prove it To You
Junior X - Rise Up
Junior Kelly - Them Starving
Loyal Flame - State We Living In
Turbulence - Bun Fiyah
Anthony B - Bun The Wicked
Chuck Fenda - Early This Morning
Delly Ranx - Take A Look
Jah Bouks - No Vacancy
Natty King - Plandemic
Lutan Fyah - It Still Deh Deh
Turbulence - Miracle
Luciano - Cover Me
Nature Ellis - Let Them Talk
Tarrus Riley - Be Great
Queen Ifrica - Blood Out
Turbulence - Brother in Arms
Lutan Fyah - Control (Chevone Marsh Tribute)
Pressure Busspipe - Survivor
Richie Spice & Inna Vision - 24
Lutan Fyah - Jah is On My Side
Turbulence - Real
Luciano - Heathen Haffi Run
Ginjah - Fire Blaze
Exco Levi - By Any Means
Alborosie & Collie Buddz - Ginal
Alborosie - For The Culture
Lutan Fyah - Game is Over
Turbulence - Where I'm From
Queen Ifrica - Predators Paradise
Tony Curtis - Power Of Fear
Nature Ellis - Say A Prayer
Natural Black - Serious Times
Kananga - Stronger
Busy Signal - Never Get Tired
Anthony B - My Day Will Come
Blvk H3ro - Reggae Music
Jah Lil - Human Nature
Lutan Fyah - Sell Dem Soul
Norris Man - Juvenile
Perfect Giddimani - Inna Marcus Name
Chezidek - Inna Dem Eye
Duane Stephenson - Hail Rastafarian
Norris Man - Far I Know Dem
Natty King - Leave Dem To Time
Perfect Giddimani - Slow Like Statue
Turbulence - Let Me Be
Glen Washington - Jah Will Always
Pressure Busspipe - It's Been A Long Time
Everton Blender - Going Down
Norris Man - Life Journey
JahMali - Place Where From
Delly Ranx - Higher Meditation
Anthony B - Born To Be Love
Luciano - Whatever You Want
Luciano - Nations Of War
Lutan Fyah - Dawg Eat Dawg
Pressure Busspipe - Heights Of Greatness",2022-07-05T03:41:14Z,1820,https://www.youtube.com/watch?v=KBzO8J-VMDY
pICScm3f8mk,Part Six: Accomplishments of the Plandemic Strategy,In which I describe the fifteen accomplishments of the plandemic strategy.,2020-07-04T20:12:14Z,1825,https://www.youtube.com/watch?v=pICScm3f8mk
HOd7aYANOhM,Polska ma 5 do 10 lat Spokoju! Panika ws. Rosji Bo Błąd! - Analiza Ator i Kapitan Lisowski Finanse,"► Poprzedni Vlog (Scenariusze Zakończenia Wojny na Ukrainie!) ► https://youtu.be/3rPt-g_ROHo
► Kanał Kapitana Lisowskiego ► http://bit.ly/Kapitan_Lisowski_YT
► Cała seria ► https://www.youtube.com/playlist?list=PLE58asSGZSR0715fSo3tmYNvkNYg-WG8M
►Fanpage kanału ► https://www.facebook.com/Wideoprezentacje/
►Fanpage autora filmu ► https://www.facebook.com/AtorOficjal
►Grupa Facebookowa ►  http://bit.ly/PSA_GrupaFacebook
►Mój Twitter ► https://twitter.com/KrzysztofAtor
►Mój Instagram► https://www.instagram.com/ator_official/

Polska ma 5 do 10 lat Spokoju! Panika ws. Rosji Bo Błąd! - Analiza Ator i Kapitan Lisowski Finanse - Krzysztof Ator Woźniak z YouTube Komentator na Wideoprezentacje mówi prosto z mostu jak jest bez owijania w bawełnę.

Inne vlogi:

1. ► Opór Rosyjskich Generałów? ► https://youtu.be/y_VMOaucCbI
2. ► Atak Rosji na Polskę? Wojskowy Uspokaja ► https://youtu.be/y_VMOaucCbI
3. ► Mobilizacja Rezerwistów w Polsce! Na Razie na Ćwiczenia! ► https://youtu.be/ixHNqyyPyVI


Darowizny (wsparcie dla twórcy):
- Bank (koniecznie wpisz DAROWIZNA w tytule przelewu): PL 85 1560 0013 2243 3952 8000 0006 kod SWIFT (tzw. BIC): GBGCPLPK
- Paypal  (koniecznie wpisz DAROWIZNA w tytule przelewu): https://www.paypal.me/AtorOficjal


► ►  Kontakt biznesowy: firma@goldenbox.pl ►  ►

►  Źródło ►

Podane na vlogu

#komentator #polityka #pieniądze #ator",2022-07-04T12:10:45Z,121631,https://www.youtube.com/watch?v=HOd7aYANOhM
49U4PgYtVJU,"Plandemic Judicial Watch files lawsuit seeking Dr  Fauci, WHO records",,2021-04-19T06:57:20Z,40,https://www.youtube.com/watch?v=49U4PgYtVJU
k1krYi6j-uk,The Plandemic,,2022-01-20T04:23:23Z,7,https://www.youtube.com/watch?v=k1krYi6j-uk
zKR5Nsrkb9E,"SUPERFOOD TO SAVE HUMAN FROM PLANDEMIC , DISEASE, AEFI &amp; CANCER","NISSAGEN . IMMUNE BOOSTER SUPPLEMENT FROM SUPERFOOD NIGELLA SATIVA (habbatus sauda) , HONEY , VIT C, VIT D & ZINC THAT HELPS TO PROTECT US FROM DISEASE AND VIRUSES, CANCER AND AEFI EFFECTS.

ORDER NOW : +6018-2394830
OR VISIT PROFMUS. MY",2022-06-09T04:26:01Z,148,https://www.youtube.com/watch?v=zKR5Nsrkb9E
FUpQsJEsR2s,IJWT - An Unfair Go - BSA Final Decision 2022-002 - 6 July 2022 - KEEN v TVNZ - Part 1 of 2,"To contact me:-
Email Mark - ckamarkothokeen@gmail.com (Primary)
Or PINAC NZ - pinac.nz@gmail.com
Or In Justice We Trust – IJWT2022@gmail.com
NZ Bill Of Rights Acts 1990 - https://www.legislation.govt.nz/act/public/1990/0109/latest/DLM224792.html?src=qs

FREEDOM PROTESTORS TEMPLATE – APPLICATION FOR DISMISSAL
https://drive.google.com/file/d/1r-CzSlWwTiQO6P7Stb1zf3kKxhbtIo1p/view?usp=sharing

REPORT OF THE SPECIAL RAPPORTEUR ON THE INDEPENDENCE OF JUDGES AND LAWYERS, PARAM CUMARASWAMY, SUBMITTED IN ACCORDANCE WITH COMMISSION RESOLUTION 1999/31
https://drive.google.com/file/d/1u-jhjX1PccRQBt9h7nP64qscUD_nfcbd/view?usp=sharing

UN Document for Petition against Corrupt Judicial Conduct Commission
https://drive.google.com/file/d/18FW6uEggvan5R6WkYWZLKFK0KMEILUMP/view?usp=sharing

Section 83 NZ Documents link for templates to assist various professions.
https://drive.google.com/drive/folders/1G1I1CKWaEm8P_aJsDor9gYVJTRE572nM?usp=sharing

CKA’s Main Channel – Youtube - https://www.youtube.com/channel/UCyK3kHNiZJDFxkPrIkmsqIQ
CKA’s Backup  – Youtube - https://www.youtube.com/channel/UCF4Y4eKhR_oFEeAtFi32AgQ
IN Justice We Trust – Youtube - https://www.youtube.com/channel/UCrnif_D4bvW0ugxcyOX0F0Q
PINAC NZ – Youtube - https://www.youtube.com/channel/UChXOGgLllXM36TxReWs0BIQ

Cka's Odysee - https://odysee.com/@cka-mark-otho-keen:5
Cka's Bitchute - https://www.bitchute.com/channel/ckamarkothokeen/
Cka's Rumble - https://rumble.com/user/InJusticeWeTrust
Cka's Facebook - https://www.facebook.com/ckamarkothokeen/
Cka's Twitter - https://twitter.com/markkeen001
Cka's Pinterest - https://www.pinterest.nz/keen0186/commonly-known-as-mark-of-the-family-keen/
Cka's Blogspot - http://totemofman.blogspot.com/
Cka's Discord - hoofhearted#8351

UK NPCC 2020 Photography Memo link:-
https://drive.google.com/file/d/1Jny_E3gbvikqaIE1UF5ogw6BRUiOreIW/view?usp=sharing

USA FPS Memo 2010 Photography Link:-
https://drive.google.com/file/d/1zjn1FftS674ayktNQazlqPAMqOb5U17c/view?usp=sharing

USA FPS Memo 2018 Photography Link:-
https://drive.google.com/file/d/1uGC1MFZ0LL5KmRbMj2TEMk_bwzTxvBNo/view?usp=sharing

Plandemic – Original Link.
https://freedomplatform.tv/plandemic-indoctornation-world-premiere/

Privacy Commission’s Guidance on Collecting Track n Trace Information
https://privacy.org.nz/publications/guidance-resources/guidance-on-mandatory-record-keeping-for-contact-tracing/

If you wish to donate and help me keep publishing more content you can support me by making a donation to:

Kiwibank
M KEEN
38-9010-0423980-01

Thanks for all your support, stay golden.",2022-07-10T10:20:36Z,48,https://www.youtube.com/watch?v=FUpQsJEsR2s
lj5_FjNBbWA,IJWT - An Unfair Go - BSA Final Decision 2022-002 - 6 July 2022 - KEEN v TVNZ - Part 1 of 2,"To contact me:-
Email Mark - ckamarkothokeen@gmail.com (Primary)
Or PINAC NZ - pinac.nz@gmail.com
Or In Justice We Trust – IJWT2022@gmail.com
NZ Bill Of Rights Acts 1990 - https://www.legislation.govt.nz/act/public/1990/0109/latest/DLM224792.html?src=qs

FREEDOM PROTESTORS TEMPLATE – APPLICATION FOR DISMISSAL
https://drive.google.com/file/d/1r-CzSlWwTiQO6P7Stb1zf3kKxhbtIo1p/view?usp=sharing

REPORT OF THE SPECIAL RAPPORTEUR ON THE INDEPENDENCE OF JUDGES AND LAWYERS, PARAM CUMARASWAMY, SUBMITTED IN ACCORDANCE WITH COMMISSION RESOLUTION 1999/31
https://drive.google.com/file/d/1u-jhjX1PccRQBt9h7nP64qscUD_nfcbd/view?usp=sharing

UN Document for Petition against Corrupt Judicial Conduct Commission
https://drive.google.com/file/d/18FW6uEggvan5R6WkYWZLKFK0KMEILUMP/view?usp=sharing

Section 83 NZ Documents link for templates to assist various professions.
https://drive.google.com/drive/folders/1G1I1CKWaEm8P_aJsDor9gYVJTRE572nM?usp=sharing

CKA’s Main Channel – Youtube - https://www.youtube.com/channel/UCyK3kHNiZJDFxkPrIkmsqIQ
CKA’s Backup  – Youtube - https://www.youtube.com/channel/UCF4Y4eKhR_oFEeAtFi32AgQ
IN Justice We Trust – Youtube - https://www.youtube.com/channel/UCrnif_D4bvW0ugxcyOX0F0Q
PINAC NZ – Youtube - https://www.youtube.com/channel/UChXOGgLllXM36TxReWs0BIQ

Cka's Odysee - https://odysee.com/@cka-mark-otho-keen:5
Cka's Bitchute - https://www.bitchute.com/channel/ckamarkothokeen/
Cka's Rumble - https://rumble.com/user/InJusticeWeTrust
Cka's Facebook - https://www.facebook.com/ckamarkothokeen/
Cka's Twitter - https://twitter.com/markkeen001
Cka's Pinterest - https://www.pinterest.nz/keen0186/commonly-known-as-mark-of-the-family-keen/
Cka's Blogspot - http://totemofman.blogspot.com/
Cka's Discord - hoofhearted#8351

UK NPCC 2020 Photography Memo link:-
https://drive.google.com/file/d/1Jny_E3gbvikqaIE1UF5ogw6BRUiOreIW/view?usp=sharing

USA FPS Memo 2010 Photography Link:-
https://drive.google.com/file/d/1zjn1FftS674ayktNQazlqPAMqOb5U17c/view?usp=sharing

USA FPS Memo 2018 Photography Link:-
https://drive.google.com/file/d/1uGC1MFZ0LL5KmRbMj2TEMk_bwzTxvBNo/view?usp=sharing

Plandemic – Original Link.
https://freedomplatform.tv/plandemic-indoctornation-world-premiere/

Privacy Commission’s Guidance on Collecting Track n Trace Information
https://privacy.org.nz/publications/guidance-resources/guidance-on-mandatory-record-keeping-for-contact-tracing/

If you wish to donate and help me keep publishing more content you can support me by making a donation to:

Kiwibank
M KEEN
38-9010-0423980-01

Thanks for all your support, stay golden.",2022-07-10T09:51:40Z,1,https://www.youtube.com/watch?v=lj5_FjNBbWA
wmXXHsVldi0,Part 3: The Agenda behind this PLANdemic! The False Prophet.,"My references:

http://www.hope-of-israel.org/popeshall.html

https://en.m.wikipedia.org/wiki/Paul_VI_Audience_Hall

https://en.m.wikipedia.org/wiki/The_Resurrection_(Fazzini)

Music: My Go Away Dream
Musician: Not The King. 👑",2020-08-16T16:34:25Z,254,https://www.youtube.com/watch?v=wmXXHsVldi0
mBL4czZtc9k,Plandemic indoctornation Part 1. The event &#39;201&#39;,"Part 1, The event '201'",2020-08-19T00:33:52Z,120,https://www.youtube.com/watch?v=mBL4czZtc9k
SVoQvTVxVyU,Catatan Plandemic,"Video playlist: TalkAle

- General statement -

I directed this video. All information records are taken from various credible news articles and reports.

This video is intended only to inform the Indonesian people about the issues surrounding the 'Plandemic' that is developing in the western world and also how to counter it in a balanced way.

Please be tactful in responding. Thank you.

Ale Thalib (content creator)

#kicaukapucino


----------  S U B S C R I B E ----------


My Instagram: MisterKapucino https://www.instagram.com/misterkapucino/


[1747]",2021-09-17T11:37:20Z,97,https://www.youtube.com/watch?v=SVoQvTVxVyU
0mIj6A_mBf0,A LEADER WITH BALLS....WATCH HOW HE EXPOSES THE PLANDEMIC,"VISIBLE (PUBLISHED)

A LEADER WITH BALLS....WATCH HOW HE EXPOSES THE PLANDEMIC
HE EVEN TRICKS HIS OWN LABATORY STAFF",2021-10-03T07:25:48Z,5,https://www.youtube.com/watch?v=0mIj6A_mBf0
wzWZ6qCVjT8,plandemic of financial warfare,,2022-06-07T14:00:48Z,4,https://www.youtube.com/watch?v=wzWZ6qCVjT8
9JSyntvERv8,Pandemic or plandemic,"Thank you for supporting my ministry we can do so to PayPal to this email address keelkim68@gmail.com

Venmo-WeareJesusDoers

Cash app. $Keelkim68

Kim Keel
PO box 1672
Saluda Virginia 23149


thank you for supporting the work of the Lord and the kingdom of God God bless each one of you",2021-04-25T21:01:46Z,219,https://www.youtube.com/watch?v=9JSyntvERv8
mdA1M73pIqQ,Another plandemic 😷💉🚜 *fake words*,"Another plandemic: Bill Gates told CNBC Friday that the risks of severe disease from Covid-19 have ""dramatically reduced"" but another pandemic is all but certain.

Speaking at Germany's annual Munich Security Conference, Gates said that a potential new pandemic would likely stem from a different pathogen.

Advances in medical technology could cut vaccine production times to six months, Gates added.

Love you all 💕💕💕💕💕💕

Shout out to people waking up‼️

#foodshortage #2022 #solluminati",2022-07-09T16:30:52Z,73,https://www.youtube.com/watch?v=mdA1M73pIqQ
VK4Kmx25SaQ,&quot;Global Plandemic in the modern world...&quot;,"He will be whipped for that transgression by his overlords.

TWITTER:👇🏽
https://twitter.com/MeetKarma45",2022-04-25T11:35:32Z,37,https://www.youtube.com/watch?v=VK4Kmx25SaQ
nWrmmLPJ2Kg,Plandemic  Clip01  The event &#39;201&#39;,,2020-08-18T20:27:53Z,63,https://www.youtube.com/watch?v=nWrmmLPJ2Kg
WxU9oahfbek,Pandemic or Plandemic? You Decide.,https://www.beltoftruth.tv/,2020-12-30T08:11:08Z,55,https://www.youtube.com/watch?v=WxU9oahfbek
HA5EQ7h2Nfo,EVENT 2-0-1 // Planning the P L A N D E M I C,"6 weeks before the very first case of the Wu-Flu was reported, influential groups gathered together to figure out how to handle the upcoming CV pandemic.",2021-01-12T02:58:42Z,53,https://www.youtube.com/watch?v=HA5EQ7h2Nfo
0f94f9fRdeE,Play With Me,"Provided to YouTube by Universal Music Group

Play With Me · Paolo Santos

The Anthology

℗ 2018 J. Paolo V. Santos, under Exclusive License to MCA Music Inc.

Released on: 2018-08-24

Producer: Acoustic Gold Productions
Associated  Performer, Recording  Arranger: Paolo Santos
Studio  Personnel, Mix  Engineer: Noel De Brackinhe
Associated  Performer, Vocal  Arranger: Ria Villena
Composer  Lyricist: Paolo Santos

Auto-generated by YouTube.",2018-08-17T04:53:42Z,7385,https://www.youtube.com/watch?v=0f94f9fRdeE
BssMdQvn40k,PLANDEMIC (sottotitoli in italiano) DOCUMENTARIO - CONTROLLO DEI FATTI FACT CHECKERS,PLANDEMIC (sottotitoli in italiano) DOCUMENTARIO - CONTROLLO DEI FATTI FACT CHECKERS,2021-06-16T04:37:02Z,49,https://www.youtube.com/watch?v=BssMdQvn40k
aS9VhBRtW7A,कोरोना षड्यंत्र आसान शब्दों में /Corona Plandemic Simplified - Ambar Koiri (Awaken India Movement),AwakenIndiaMovement.com,2022-07-10T12:12:32Z,774,https://www.youtube.com/watch?v=aS9VhBRtW7A
mBzxVeYV-jo,They’re All Apart Of The Plandemic,,2022-05-28T19:07:40Z,16,https://www.youtube.com/watch?v=mBzxVeYV-jo
jkPbmhXVec4,Starry Plandemic Wars,"This music video is part of my ""Trap-Blog"" series, in which I try to summarize how I feel and vent my frustrations using Hip Hop as my medium for self-expression.   Hip Hop was created for this very purpose, and I feel honored and grateful to have grown up in the epicenter of rap, Brooklyn, NY.   In my music video/trap-blogs I combine my own photos and videos with graphics and sound effects I find on the World Wide Web.   This particular Trap-Blog ""Starry Plandemic Wars"" deals with the subject of 'Quarantine' and my rebellion against the Government(aka..the Evil Empire).   Just speaking my truth, wanting to be heard.   Hope everyone who watches and listens gets a kick out of my creation.  Also, don't take it too seriously, just enjoy and try to laugh with me.  I do this to help myself stay mentally equanimous in hard times, and I hope you too have your hobbies that help your spirit shine.  Namaste!",2021-01-28T22:19:32Z,56,https://www.youtube.com/watch?v=jkPbmhXVec4
kWkvNzL064g,Plandemic  Clip08  How the media targets Whistleblowers,,2020-08-20T12:34:19Z,119,https://www.youtube.com/watch?v=kWkvNzL064g
p33gLAT2Mzc,The After Party &quot;Top 3 Plandemic Endings&quot;,"RDM Presents: The After Party ""Top 3 Plandemic Endings""
Featuring Dean Ryan - Lisa Duthie - Danielle A. - JSPOP
The Cast presents their Top Endings of this Plandemic. Viewers vote on Best Outcome + The Crime Spree of the Rizzos Exposed for the 1st Time (Must See)
For all your Real Deal Retail NEEDS
Visit our Online Store @ RealDealMedia.TV/store Use
Promo Code: SPRING to get the 2for1 Deal!
Your Purchase Fuels This Broadcast!
______________________________________________________
Become a Real Deal Member Today!
Join Today at RealDealMedia.TV/membership
Members get Exclusive Content, including Additional Shows, Podcasts,
RDM Original Films, Music Videos and Backstage LIVE Chat
______________________________________________________
Social MediaOutlets
Twitter @TheRealDeanRyan
Instagram @therealdealmedia
Gab @DeanRyan
Facebook.com/RealDealMediaTonight
Flote -Flote.app/RealDealMedia
______________________________________________________
Contribute to the fight against Censorship
Help us keep Real Deal Media Alive Donate Today!
** @PayPal.me/TheRealDeanRyan
** Cash App $TheRealDeanRyan
** Venmo @TheRealDeanRyan
______________________________________________________
Join us Nightly as we filter through the latest news in our Changing World
Streaming LIVE Week Nights 7pm PST/ 10pm EST On:
RealDealMedia.TV
Facebook.com/TheRealDeanRyan
Facebook.com/RealDealMedia
YouTube.com/DeanRyanTV
Rumble.com/user/realdealmedia

Real Deal Media Official Podcast Ch.
Anchor.fm/realdealmedia

For More Visit:  www.RealDealMedia.TV",2022-06-10T04:15:34Z,411,https://www.youtube.com/watch?v=p33gLAT2Mzc
HY5Jt31KyrQ,Plandemic  Clip16  Stand up to the conspiring parties to reclaim your humanity!,,2020-08-18T20:03:36Z,44,https://www.youtube.com/watch?v=HY5Jt31KyrQ
MeOshcNxvIc,Plandemic indoctornation Part 8. How the media targets whistle blowers,,2020-08-19T01:32:29Z,56,https://www.youtube.com/watch?v=MeOshcNxvIc
lj19ONL64l8,plandemic like I said,,2022-02-22T17:32:30Z,9,https://www.youtube.com/watch?v=lj19ONL64l8
adgjXNPAdw8,PLANDEMIC BABIES,,2022-07-01T12:50:43Z,58,https://www.youtube.com/watch?v=adgjXNPAdw8
M7yVj0FpwkI,New Variant same Plandemic,New Variant same Plandemic.,2021-11-26T18:21:22Z,21,https://www.youtube.com/watch?v=M7yVj0FpwkI
zx8A0u7cZtA,HAPPY TO BE HUMAN AGAIN AFTER A PLANDEMIC 😁🤣😂,"follow me over on rumble 1saltyalaskanrambo for uncensored opinions

saltyalaskanrambo@gmail.com
Cheers from Alaska 😎🤙",2022-03-24T19:22:55Z,32,https://www.youtube.com/watch?v=zx8A0u7cZtA
PqJP1bhrQAg,The Omicron sensor ship is real! #covid #omicron #plandemic,"If you watched the first video I posted on this you can clearly see the option to “look inside” and I looked inside to see the copyright.  Now when I go back, the option to look inside the book is no longer there….GASP",2021-12-16T02:54:51Z,44,https://www.youtube.com/watch?v=PqJP1bhrQAg
bvQ44F7DxoM,#TheUtopiaProject #CoronaChan #Plandemic #Biowarfare #MosaicWarfare #FalseFlagFlu #Covid911 🦠,"#newcovidmutations
https://search.yahoo.com/search;_ylt=AwrgDung_uRfjpAAQg9x.9w4;_ylc=X0kDdlFqd0FURXdMakxHSE05YlguUHZDd0JMTWpZd053QUFBQUR5R3pUYQRfUwM5NTQwMDYzODUEX3IDMgRhY3RuA2tleWJvYXJkBGNzcmNwdmlkA3ZRandBVEV3TGpMR0hNOWJYLlB2Q3dCTE1qWXdOd0FBQUFEeUd6VGEEZnIDaXBob25lBGZyMgNzYi10b3AEZ3ByaWQDdkJpcDNpMnNTb0dPSW9mT2FHc3ZlQQRuX3JzbHQDMARuX3N1Z2cDMwRvcmlnaW4Dc2VhcmNoLnlhaG9vLmNvbQRwb3MDMARwcXN0cgMEcHFzdHJsAzAEcXN0cmwDMTkEcXVlcnkDbmV3JTIwY292aWQlMjBtdXRhdGlvbnMEc2VjA3NlYXJjaARzbGsDYnV0dG9uBHQyA3NlYXJjaAR0NANrZXlib2FyZAR0X3N0bXADMTYwODg0Mjk5NwR2dGVzdGlkAw--?ei=UTF-8&pvid=vQjwATEwLjLGHM9bX.PvCwBLMjYwNwAAAADyGzTa&gprid=&.tsrc=apple&fr=iphone&fr2=sb-top&p=new+covid+mutations

#covidisavirusandretrovirushybrid
https://search.yahoo.com/search;_ylt=Awr9DWhzAOVfuBQA32hx.9w4;_ylc=X0kDVHp6R3pURXdMakxHSE05YlguUHZDd2dpTWpZd053QUFBQUFLSjFFTgRfUwM5NTQwMDYzODUEX3IDMgRhY3RuA2tleWJvYXJkBGNzcmNwdmlkA1R6ekd6VEV3TGpMR0hNOWJYLlB2Q3dnaU1qWXdOd0FBQUFBS0oxRU4EZnIDaXBob25lBGZyMgNzYi10b3AEZ3ByaWQDSU9ld2s5eW5TODJxN010SFgyZE1iQQRuX3JzbHQDMARuX3N1Z2cDNARvcmlnaW4Dc2VhcmNoLnlhaG9vLmNvbQRwb3MDMARwcXN0cgMEcHFzdHJsAzAEcXN0cmwDMzgEcXVlcnkDY292aWQlMjBpcyUyMGElMjB2aXJ1cyUyMGFuZCUyMHJldHJvdmlydXMlMjBoeWJyaWQEc2VjA3NlYXJjaARzbGsDYnV0dG9uBHQyA3NlYXJjaAR0NANrZXlib2FyZAR0X3N0bXADMTYwODg0MzQwMQR2dGVzdGlkAw--?pvid=TzzGzTEwLjLGHM9bX.PvCwgiMjYwNwAAAAAKJ1EN&ei=UTF-8&gprid=&.tsrc=apple&fr=iphone&fr2=sb-top&p=covid+is+a+virus+and+retrovirus+hybrid

#whatisthedifferencebetweenphizerandmodernavaccines
https://search.yahoo.com/search;_ylt=Awr9Im1e_.Rf7.gARWtx.9w4;_ylu=Y29sbwNncTEEcG9zAzEEdnRpZAMEc2VjA3Fydw--?p=what+is+the+difference+between+phizer+and+moderna+vaccines&pvid=0gM9bDEwLjLGHM9bX.PvCwLJMjYwNwAAAAD3.50n&ei=UTF-8&_tsrc=apple&norw=1&fr2=sp-qrw-orig-top&fr=iphone

#mrnavaccine
https://search.yahoo.com/search?p=mrna+vaccine&fr=iphone&.tsrc=apple&pcarrier=T-Mobile&pmcc=310&pmnc=260

#sterilizationdrugsandvaccines
https://search.yahoo.com/search?p=sterilization+drugs+in+vaccines&fr=iphone&.tsrc=apple&pcarrier=T-Mobile&pmcc=310&pmnc=260

#phizerandmrnaexperiments
https://search.yahoo.com/search;_ylt=Awr4zV_nJeVfpRwAt1Jx.9w4;_ylc=X0kDQUJmb1lURXdMakxHSE05YlguUHZDd2R2TWpZd053QUFBQUJGbkU0MgRfUwM5NTQwMDYzODUEX3IDMgRhY3RuA2tleWJvYXJkBGNzcmNwdmlkA0FCZm9ZVEV3TGpMR0hNOWJYLlB2Q3dkdk1qWXdOd0FBQUFCRm5FNDIEZnIDaXBob25lBGZyMgNzYi10b3AEZ3ByaWQDZGpENkFJU01SRGllVXFlVnJya2s2QQRuX3JzbHQDMARuX3N1Z2cDOARvcmlnaW4Dc2VhcmNoLnlhaG9vLmNvbQRwb3MDMARwcXN0cgMEcHFzdHJsAzAEcXN0cmwDMjcEcXVlcnkDcGZpemVyJTIwYW5kJTIwbXJuYSUyMGV4cGVyaW1lbnRzBHNlYwNzZWFyY2gEc2xrA2J1dHRvbgR0MgNzZWFyY2gEdDQDa2V5Ym9hcmQEdF9zdG1wAzE2MDg4NTI5OTAEdnRlc3RpZAM-?ei=UTF-8&pvid=ABfoYTEwLjLGHM9bX.PvCwdvMjYwNwAAAABFnE42&gprid=&.tsrc=apple&fr=iphone&fr2=sb-top&p=pfizer+and+mrna+experiments

#pfizerandmrnaexperimentsonchildren
https://search.yahoo.com/search?p=phizer+and+mrna+experiments+on+children&fr=iphone&.tsrc=apple&pcarrier=T-Mobile&pmcc=310&pmnc=260

#pfizerandexperimentsonchildren
https://search.yahoo.com/search;_ylt=AwrgCqT0JuVfMVIANDhx.9w4;_ylc=X0kDN09HNEl6RXdMakxHSE05YlguUHZDd0ZVTWpZd053QUFBQUJWcjJuYQRfUwM5NTQwMDYzODUEX3IDMgRhY3RuA2tleWJvYXJkBGNzcmNwdmlkAzdPRzRJekV3TGpMR0hNOWJYLlB2Q3dGVU1qWXdOd0FBQUFCVnIybmEEZnIDaXBob25lBGZyMgNzYi10b3AEZ3ByaWQDOTNFeUlrbmhUQm1yS2VKR3dmNWNOQQRuX3JzbHQDMARuX3N1Z2cDNARvcmlnaW4Dc2VhcmNoLnlhaG9vLmNvbQRwb3MDMARwcXN0cgMEcHFzdHJsAzAEcXN0cmwDMzQEcXVlcnkDcGZpemVyJTIwYW5kJTIwZXhwZXJpbWVudHMlMjBvbiUyMGNoaWxkcmVuBHNlYwNzZWFyY2gEc2xrA2J1dHRvbgR0MgNzZWFyY2gEdDQDa2V5Ym9hcmQEdF9zdG1wAzE2MDg4NTMyNzYEdnRlc3RpZAM-?ei=UTF-8&pvid=7OG4IzEwLjLGHM9bX.PvCwFUMjYwNwAAAABVr2na&gprid=&.tsrc=apple&fr=iphone&fr2=sb-top&p=pfizer+and+experiments+on+children

#illegalexperimentsonchildren
https://search.yahoo.com/search?p=illegal+experiments+on+children&fr=iphone&.tsrc=apple&pcarrier=T-Mobile&pmcc=310&pmnc=260

#biotechindustryandillegalgeneticengineering
https://search.yahoo.com/search;_ylt=Awr9CKv5J.VfvHQAvj1x.9w4;_ylc=X0kDb1RlSDR6RXdMakxHSE05YlguUHZDd0dPTWpZd053QUFBQUJsT3QyUgRfUwM5NTQwMDYzODUEX3IDMgRhY3RuA2NsawRjc3JjcHZpZANvVGVINHpFd0xqTEdITTliWC5QdkN3R09Nall3TndBQUFBQmxPdDJSBGZyA2lwaG9uZQRmcjIDc2EtZ3AEZ3ByaWQDOExsMkZ5TlBRdXFJX1Y2R01KbTVsQQRtAzgEbl9yc2x0AzAEbl9zdWdnAzQEb3JpZ2luA3NlYXJjaC55YWhvby5jb20EcG9zAzEEcHFzdHIDYmlvdGVjaCBpbmR1c3RyeSBhbmQgaWxsZWdhbCBnZW5ldGljIGUEcHFzdHJsAzM4BHFzdHJsAzQ4BHF1ZXJ5A2Jpb3RlY2glMjBpbmR1c3RyeSUyMGFuZCUyMGlsbGVnYWwlMjBnZW5ldGljJTIwZW5naW5lZXJpbmcEc2VjA3NlYXJjaARzbGsDYXNzaXN0BHQyA3NlYXJjaAR0NANhc3Npc3QEdF9zdG1wAzE2MDg4NTM1MjMEdnRlc3RpZAM-?pvid=oTeH4zEwLjLGHM9bX.PvCwGOMjYwNwAAAABlOt2R&ei=UTF-8&gprid=&.tsrc=apple&fr=iphone&fr2=sa-gp&p=biotech+industry+and+illegal+genetic+engineering

#TEAMCORONACHAN
https://youtube.com/playlist?list=PL_vQOBuUVcCZDawOCu5rJL8tokOJPlVQP",2020-12-29T07:11:02Z,54,https://www.youtube.com/watch?v=bvQ44F7DxoM
WeeoUkR1S2o,Doctor  PLANDEMIC,,2021-09-21T01:03:43Z,27,https://www.youtube.com/watch?v=WeeoUkR1S2o
ZLeA-TWSO3M,Eastern Austin MN streetlights IV,Do you see anything interesting here?  Is orange randomly distributed?  Depaved road position(s)?  Ditches?  Is it difficult to block people from evacuating if orange streetlights block somehow later?  How many physical blockades are actually needed to prevent people from getting around the fenced in areas by the airport with a clear view of the frontage Rd and highway where long range traffic enforcement could prevent evacuation from behind a fence in a chemical gas attack to contain a plandemic (would it even truly spread?)??  Will drones break windshields near these lights to jam even nighttime traffic?  Will drones seeking out traffic near orange streetlights break windshields to jam even nighttime traffic?,2022-07-08T23:35:39Z,3,https://www.youtube.com/watch?v=ZLeA-TWSO3M
8zf44JgR0qI,Book review: Plandemic,"Anne Marie Waters
Leader
For Britain

www.forbritain.uk
www.annemarieforhartlepool.co.uk

Text 'Join' to 60777

Parler: @AMDWaters

PLEASE SUBSCRIBE AND SHARE!",2020-12-04T18:30:46Z,1502,https://www.youtube.com/watch?v=8zf44JgR0qI
0FqBE-trGCs,“Kishte frikë se mos e vri*nin”/ Zbardhet telefonata e fundit e Kastriot Myftarajt 2 orë para...,"Nëse informacioni i marrë nga kjo video ishte i vlefshëm për ju, atëherë klikoni 👍!
Gjithashtu klikoni në butonin '𝙎𝙪𝙗𝙨𝙘𝙧𝙞𝙗𝙚' dhe tek 🔔 për të pasur njoftimet më te fundit në kohë reale dhe gjithashtu për videot e reja !

Mund të na ndiqni në rrjetet tona sociale:
Facebook: https://bit.ly/3ulw9Wf
Instagram: https://bit.ly/3dCDs5V
Twitter: https://bit.ly/3aHZ2Ec

Mund të na ndiqni edhe në portalin tonë: http://elokuent.tv/

© All rights reserved  ""ElokuentTV""",2022-07-09T11:06:54Z,6543,https://www.youtube.com/watch?v=0FqBE-trGCs
OgDuB0beEf0,Preparing For The Next Plandemic,Bill Gates and his predictive programming.,2022-03-25T19:53:24Z,11,https://www.youtube.com/watch?v=OgDuB0beEf0
-wJby5pMHL8,It&#39;s just another #Plandemic,Perspective on the current goings on.,2022-05-07T10:36:24Z,4,https://www.youtube.com/watch?v=-wJby5pMHL8
GvDtHRPBHBA,Eastern Austin MN streetlights II,Do you see anything interesting here?  Is orange randomly distributed?  Depaved road position(s)?  Ditches?  Is it difficult to block people from evacuating if orange streetlights block somehow later?  How many physical blockades are actually needed to prevent people from getting around the fenced in areas by the airport with a clear view of the frontage Rd and highway where long range traffic enforcement could prevent evacuation from behind a fence in a chemical gas attack to contain a plandemic (would it even truly spread?)??  Will drones seeking out traffic near the orange streetlights break windshields on vehicles in meager nighttime traffic even to jam it anyway?,2022-07-09T17:03:32Z,2,https://www.youtube.com/watch?v=GvDtHRPBHBA
esedRbma37Y,Plandemic 1930’s Cartoon debunked but is the message still relevant?,,2021-07-15T01:10:13Z,251,https://www.youtube.com/watch?v=esedRbma37Y
bJRQKu9LbiE,Empress on the Rise,"Provided to YouTube by TuneCore

Empress on the Rise · Sistah Jahia

Livication Riddim

℗ 2022 Rebellion City Productions

Released on: 2022-05-08

Auto-generated by YouTube.",2022-05-24T10:07:10Z,83,https://www.youtube.com/watch?v=bJRQKu9LbiE
aJYX82M4tzA,Did the COVID-19 plandemic increase homicide rates? (Refuting Democrat Talking Points),"https://professor_enigma.webs.com/covid-increase-homicides

It has been asserted by various autistics, I mean Democrats that der plandemic is the reason homicide rates have been skyrocketing, primarily in Democrat-run cities that are diverse, full of fatherless children, full of food stamp usage, & full of working age people taking an extended break from the labor force.

Is this true or do Democrats just need a scapegoat/excuse for their failed policies? If anyone tells you ""homicide rates are increasing everywhere"" you can know that they are full of......

#blacklivesmatter is responsible for much of the increased unrest in America.

Want more data on this issue of crime? https://www.facebook.com/permalink.php?story_fbid=2909861932583537&id=1400591836843895",2021-12-15T03:20:08Z,34,https://www.youtube.com/watch?v=aJYX82M4tzA
Au6w8M9i3PA,Dreams ന് അവധിയും Limits ഉം നിശ്ചയിക്കരുത്  | Shanik | Josh Talks Malayalam,"പരിധികളില്ലാതെ സ്വപ്നം കാണൂ ജോഷ് Skills -നോടൊപ്പം .നിങ്ങളുടെ സൗകര്യപ്രദമായ സമയത്തു രാജ്യത്തിൻറെ വിവിധ ഭാഗങ്ങളിൽ നിന്നുള്ള വിദ്യാർത്ഥികൾക്കൊപ്പം Spoken English സംസാരിച്ചു പരിശീലിക്കൂ . ഇന്ന് തന്നെ നിങ്ങളുടെ free trial നേടൂ. https://joshskills.app.link/wOmznmAGnrb

Listen to this chat :https://open.spotify.com/episode/24pRiOVRUvfQ1q2bGExzzX?si=Uu_O3Q4BT5Cp-GBZxaqu4A&utm_source=copy-link

സമൂഹത്തിന്റെ social conditioning ഇൽ  പെട്ട് ഞെരിഞ്ഞു അമർന്നു പോകേണ്ടിയിരുന്ന ജീവിതത്തിൽനിന്നും സ്വന്തം നിലപാടുകൾക്കനുസരിച്ചു മുന്നേറി ഒരു Fashion  Modelഉം,  Asst Professor ഉം മായി നിലകൊള്ളുന്ന Shanik ആണ് ഇന്ന് ജോഷ് Talks ഇൽ തന്റെ ജീവിതകഥ പറയുന്നത് .

നിറങ്ങൾ കൊണ്ടും വിശേഷണങ്ങൾ കൊണ്ടും കുട്ടിക്കാലത്തു തന്നെ shanik ന്റെ ലോകം ഒരുപാട് നൊമ്പരങ്ങൾ ഏറ്റുവാങ്ങിയിട്ടുണ്ട്. ഓരോ Taglines ഉം  ഒരുപാട് വേദനകൾ മാത്രമാണ് ഇദ്ദേഹത്തിന് സമ്മനിച്ചതു. ഒരു അദ്ധ്യാപകൻ ആയപ്പോഴും തുടർന്ന് Modeling ലേക്ക് ഇറങ്ങിയപ്പോഴും വാക്കുകൾ കൊണ്ട് ഒരുപാട് പേര് മുറിവേല്പിച്ചിട്ടുണ്ട് ഇദ്ദേഹത്തെ . നമ്മൾ അറിയാതെ പോലും ഒരു ആവേശത്തിന്റെ പുറത്തു വിളിക്കുന്ന ചില പേരുകൾ ഒരാളുടെ identity ആവുകയും ആ identity പേറി അവർ ജീവിക്കുകയും ചെയ്യുന്ന പല അവസരണങ്ങൾ നിങ്ങൾ കണ്ടിട്ടുണ്ടാവില്ല. Mental  Health ഇന്ന് ഒരു serious  concern  തന്നെയാണ് .


ഇപ്പോൾ നിങ്ങൾക്ക് JoshTalks  വീഡിയോകളിൽ നിങ്ങളുടെ ബ്രാൻഡ് പ്രദർശിപ്പിക്കാനും പരസ്യം ചെയ്യാനും കഴിയും, കൂടുതൽ വിവരങ്ങൾക്ക് varun@joshtalks.com ൽ ബന്ധപ്പെടുക.


Today, Shanik, who was a fashion model and an Asst Professor, is speaking his life story in Josh Talks.

Shanik's world has taken many turns since childhood with colors and adjectives. Each tagline only gave him a lot of pain. He was  hurt many times  with abusive  words when he became a teacher and then went into modeling. You may not have seen many occasions when some names that we call out of a passion without even knowing it become someone's identity and they live by that identity. Mental health is a serious concern today.


If you find this talk helpful, please like and share it and let us know in the comments box.

You can now showcase and advertise your brand on the Josh Talks videos, reach out to us at varun@joshtalks.com if you are interested.


Josh Talks passionately believes that a well-told story has the power to reshape attitudes, lives, and ultimately, the world. We are on a mission to find and showcase the best motivational stories from across India through documented videos and live events held all over the country. Josh Talks Malayalam caters to the Malayalam speaking audience worldwide. It aims to inspire and motivate Malayalees by showcasing Malayalam motivation through the experiences of fellow Malayali's. Josh talks Malayalam and brings to you the best Malayalam motivational videos. What started as a simple conference is now a fast-growing media platform that covers the most innovative rags to riches success stories with speakers from every conceivable background, including entrepreneurship, women’s rights, public policy, sports, entertainment, and social initiatives. With 9 languages in our ambit, our stories and speakers echo one desire: to inspire action. Our goal is to unlock the potential of passionate young Indians from rural and urban areas by inspiring them to overcome the setbacks they face in their career and helping them discover their true calling in life.

ജോഷ് Talks ഇന്ത്യയിലെ ഏറ്റവും പ്രേരണാത്മകമായ കഥകൾ ശേഖരിക്കുകയും അവയെ പങ്കുവെക്കാൻ ഒരു വേദി നൽകുകയും ചെയ്യുന്നു. വിവിധ പശ്ചാത്തലങ്ങളിൽ നിന്നുള്ള അനുഭവസ്ഥർ അവരുടെ സംഘർഷഭരിത കഥകൾ പങ്കുവയ്ക്കുന്നു. ഒരു സമ്മേളനമായി തുടങ്ങിയ ജോഷ് Talks, നിലവിൽ 9 ഭാഷകളിൽ കഥകൾ പങ്കുവയ്ക്കുന്നു. ഊർജ്ജസ്വലരായ യുവജനങ്ങളുടെ കഴിവുകളെ പ്രോത്സാഹിപ്പിക്കുകയും, അവരുടെ ജീവിതത്തിൽ അവർ നേരിടുന്ന തിരിച്ചടികൾ മറികടക്കാൻ അവർക്ക് പ്രചോദനം നൽകുകയും ചെയ്യുക എന്നതാണ് ഞങ്ങളുടെ ലക്ഷ്യം.

► Subscribe to our Incredible Stories, press the red button ⬆
► ജോഷ് Talks Facebook: https://www.facebook.com/JoshTalksMal...
► ജോഷ് Talks Twitter: https://www.twitter.com/JoshTalksLive
► ജോഷ് Talks Instagram: https://www.instagram.com/JoshTalksMa...
► ജോഷ് Talks വരുന്നു നിങ്ങളുടെ നഗരത്തിലേക്ക്: https://events.joshtalks.com

#joshtalksmalayalam  #motivation media molecule social conditioning theory of learning malayalam motivation status #socialconditioning #plandemic #scamdemic  #agendanoticiosa  #brainwashedsociety #newworldorder #mindcontrol  #manifestation  #predictiveprogramming  #covid #maskholes #wewillnotcomply  #jewworldorder #medicaltyranny #wewillnotbesilenced #policestate  #exposebillgates #wakeupsheeple  #endthelockdown  #zionistagenda #medicalsurveilance #redpill  #sheeple #wakeup #programming #humanity #sheeplenomore #socialdistancing #medialies #freethesheeple #mentalhealth  #mentalhealthawareness  #selfcare  #selflove  #anxiety  #love  #mentalhealthmatters  #depression  #motivation  #health  #wellness  #mindfulness  #healing  #fitness  #lifestyle  #loveyourself  #therapy  #inspiration  #happiness  #mindset  #positivity  #positivevibes  #quotes  #meditation  #mentalillness  #psychology  #wellbeing  #recovery  #instagood  #happy",2022-07-04T13:30:03Z,10514,https://www.youtube.com/watch?v=Au6w8M9i3PA
Rlgtj9IcfUY,Showcase in Oradea &amp; Corona Train ~ Iulie 2021,"In IRN 1741 București Nord - Satu Mare & IR 12407 Budapest Keletí - Brașov

21/22 July 2021.
© InterRegio Andrei Ivănescu",2021-07-29T14:24:59Z,317,https://www.youtube.com/watch?v=Rlgtj9IcfUY
yu6NYqkNOmo,Eastern Austin MN streetlights III,Do you see anything interesting here?  Is orange randomly distributed?  Depaved road position(s)?  Ditches?  Is it difficult to block people from evacuating if orange streetlights block somehow later?  How many physical blockades are actually needed to prevent people from getting around the fenced in areas by the airport with a clear view of the frontage Rd and highway where long range traffic enforcement could prevent evacuation from behind a fence in a chemical gas attack to contain a plandemic (would it even truly spread?)??,2022-07-09T00:39:37Z,0,https://www.youtube.com/watch?v=yu6NYqkNOmo
vmywdqrvdSE,Great Mystery Philadelphia Reveals Americas First Plandemic | Ras Ben,"This video has been uploaded on the behalf of Ras Ben. To continue your studies further or would like to support Ras Ben, visit the website below:
https://rasben.com/",2022-05-23T15:55:45Z,14,https://www.youtube.com/watch?v=vmywdqrvdSE
o8hdKDXStno,IJWT - Liz Gunn Interviews Sereca and Katie re NZ Court Case - What in the Viles vs Pfizer,"To contact me:-
Email Mark - ckamarkothokeen@gmail.com (Primary)
Or PINAC NZ - pinac.nz@gmail.com
Or In Justice We Trust – IJWT2022@gmail.com
NZ Bill Of Rights Acts 1990 - https://www.legislation.govt.nz/act/public/1990/0109/latest/DLM224792.html?src=qs

FREEDOM PROTESTORS TEMPLATE – APPLICATION FOR DISMISSAL
https://drive.google.com/file/d/1r-CzSlWwTiQO6P7Stb1zf3kKxhbtIo1p/view?usp=sharing

REPORT OF THE SPECIAL RAPPORTEUR ON THE INDEPENDENCE OF JUDGES AND LAWYERS, PARAM CUMARASWAMY, SUBMITTED IN ACCORDANCE WITH COMMISSION RESOLUTION 1999/31
https://drive.google.com/file/d/1u-jhjX1PccRQBt9h7nP64qscUD_nfcbd/view?usp=sharing

UN Document for Petition against Corrupt Judicial Conduct Commission
https://drive.google.com/file/d/18FW6uEggvan5R6WkYWZLKFK0KMEILUMP/view?usp=sharing

Section 83 NZ Documents link for templates to assist various professions.
https://drive.google.com/drive/folders/1G1I1CKWaEm8P_aJsDor9gYVJTRE572nM?usp=sharing

CKA’s Main Channel – Youtube - https://www.youtube.com/channel/UCyK3kHNiZJDFxkPrIkmsqIQ
CKA’s Backup  – Youtube - https://www.youtube.com/channel/UCF4Y4eKhR_oFEeAtFi32AgQ
IN Justice We Trust – Youtube - https://www.youtube.com/channel/UCrnif_D4bvW0ugxcyOX0F0Q
PINAC NZ – Youtube - https://www.youtube.com/channel/UChXOGgLllXM36TxReWs0BIQ

Cka's Odysee - https://odysee.com/@cka-mark-otho-keen:5
Cka's Bitchute - https://www.bitchute.com/channel/ckamarkothokeen/
Cka's Rumble - https://rumble.com/user/InJusticeWeTrust
Cka's Facebook - https://www.facebook.com/ckamarkothokeen/
Cka's Twitter - https://twitter.com/markkeen001
Cka's Pinterest - https://www.pinterest.nz/keen0186/commonly-known-as-mark-of-the-family-keen/
Cka's Blogspot - http://totemofman.blogspot.com/
Cka's Discord - hoofhearted#8351

UK NPCC 2020 Photography Memo link:-
https://drive.google.com/file/d/1Jny_E3gbvikqaIE1UF5ogw6BRUiOreIW/view?usp=sharing

USA FPS Memo 2010 Photography Link:-
https://drive.google.com/file/d/1zjn1FftS674ayktNQazlqPAMqOb5U17c/view?usp=sharing

USA FPS Memo 2018 Photography Link:-
https://drive.google.com/file/d/1uGC1MFZ0LL5KmRbMj2TEMk_bwzTxvBNo/view?usp=sharing

Plandemic – Original Link.
https://freedomplatform.tv/plandemic-indoctornation-world-premiere/

Privacy Commission’s Guidance on Collecting Track n Trace Information
https://privacy.org.nz/publications/guidance-resources/guidance-on-mandatory-record-keeping-for-contact-tracing/

If you wish to donate and help me keep publishing more content you can support me by making a donation to:

Kiwibank
M KEEN
38-9010-0423980-01

Thanks for all your support, stay golden.",2022-07-10T02:47:32Z,78,https://www.youtube.com/watch?v=o8hdKDXStno
tPOoelHyAEE,IJWT - An Unfair Go - BSA Final Decision 2022-002 - 6 July 2022 - KEEN v TVNZ - Part 2 of 2,"To contact me:-
Email Mark - ckamarkothokeen@gmail.com (Primary)
Or PINAC NZ - pinac.nz@gmail.com
Or In Justice We Trust – IJWT2022@gmail.com
NZ Bill Of Rights Acts 1990 - https://www.legislation.govt.nz/act/public/1990/0109/latest/DLM224792.html?src=qs

FREEDOM PROTESTORS TEMPLATE – APPLICATION FOR DISMISSAL
https://drive.google.com/file/d/1r-CzSlWwTiQO6P7Stb1zf3kKxhbtIo1p/view?usp=sharing

REPORT OF THE SPECIAL RAPPORTEUR ON THE INDEPENDENCE OF JUDGES AND LAWYERS, PARAM CUMARASWAMY, SUBMITTED IN ACCORDANCE WITH COMMISSION RESOLUTION 1999/31
https://drive.google.com/file/d/1u-jhjX1PccRQBt9h7nP64qscUD_nfcbd/view?usp=sharing

UN Document for Petition against Corrupt Judicial Conduct Commission
https://drive.google.com/file/d/18FW6uEggvan5R6WkYWZLKFK0KMEILUMP/view?usp=sharing

Section 83 NZ Documents link for templates to assist various professions.
https://drive.google.com/drive/folders/1G1I1CKWaEm8P_aJsDor9gYVJTRE572nM?usp=sharing

CKA’s Main Channel – Youtube - https://www.youtube.com/channel/UCyK3kHNiZJDFxkPrIkmsqIQ
CKA’s Backup  – Youtube - https://www.youtube.com/channel/UCF4Y4eKhR_oFEeAtFi32AgQ
IN Justice We Trust – Youtube - https://www.youtube.com/channel/UCrnif_D4bvW0ugxcyOX0F0Q
PINAC NZ – Youtube - https://www.youtube.com/channel/UChXOGgLllXM36TxReWs0BIQ

Cka's Odysee - https://odysee.com/@cka-mark-otho-keen:5
Cka's Bitchute - https://www.bitchute.com/channel/ckamarkothokeen/
Cka's Rumble - https://rumble.com/user/InJusticeWeTrust
Cka's Facebook - https://www.facebook.com/ckamarkothokeen/
Cka's Twitter - https://twitter.com/markkeen001
Cka's Pinterest - https://www.pinterest.nz/keen0186/commonly-known-as-mark-of-the-family-keen/
Cka's Blogspot - http://totemofman.blogspot.com/
Cka's Discord - hoofhearted#8351

UK NPCC 2020 Photography Memo link:-
https://drive.google.com/file/d/1Jny_E3gbvikqaIE1UF5ogw6BRUiOreIW/view?usp=sharing

USA FPS Memo 2010 Photography Link:-
https://drive.google.com/file/d/1zjn1FftS674ayktNQazlqPAMqOb5U17c/view?usp=sharing

USA FPS Memo 2018 Photography Link:-
https://drive.google.com/file/d/1uGC1MFZ0LL5KmRbMj2TEMk_bwzTxvBNo/view?usp=sharing

Plandemic – Original Link.
https://freedomplatform.tv/plandemic-indoctornation-world-premiere/

Privacy Commission’s Guidance on Collecting Track n Trace Information
https://privacy.org.nz/publications/guidance-resources/guidance-on-mandatory-record-keeping-for-contact-tracing/

If you wish to donate and help me keep publishing more content you can support me by making a donation to:

Kiwibank
M KEEN
38-9010-0423980-01

Thanks for all your support, stay golden.",2022-07-10T17:02:31Z,32,https://www.youtube.com/watch?v=tPOoelHyAEE
jqmjEc5X99k,Alfred Cako zbulon se cfar po pergadisin pasi u deshtoj Lija e Majmunit,,2022-07-07T15:18:40Z,22955,https://www.youtube.com/watch?v=jqmjEc5X99k
lAZ6370eSTs,BIDEN AGAIN SAY THERE WILL BE ANOTHER PLANDEMIC,BIDEN AGAIN SAY THERE WILL BE ANOTHER PLANDEMIC,2022-06-30T11:09:09Z,10,https://www.youtube.com/watch?v=lAZ6370eSTs
ULGOTrsAqjU,Plandemic Greed,Truth,2022-06-25T23:07:17Z,6,https://www.youtube.com/watch?v=ULGOTrsAqjU
_u0Htd9GwsA,IJWT - An Unfair Go - BSA Final Decision 2022-002 - 6 July 2022 - KEEN v TVNZ - Part 2 of 2,"To contact me:-
Email Mark - ckamarkothokeen@gmail.com (Primary)
Or PINAC NZ - pinac.nz@gmail.com
Or In Justice We Trust – IJWT2022@gmail.com
NZ Bill Of Rights Acts 1990 - https://www.legislation.govt.nz/act/public/1990/0109/latest/DLM224792.html?src=qs

FREEDOM PROTESTORS TEMPLATE – APPLICATION FOR DISMISSAL
https://drive.google.com/file/d/1r-CzSlWwTiQO6P7Stb1zf3kKxhbtIo1p/view?usp=sharing

REPORT OF THE SPECIAL RAPPORTEUR ON THE INDEPENDENCE OF JUDGES AND LAWYERS, PARAM CUMARASWAMY, SUBMITTED IN ACCORDANCE WITH COMMISSION RESOLUTION 1999/31
https://drive.google.com/file/d/1u-jhjX1PccRQBt9h7nP64qscUD_nfcbd/view?usp=sharing

UN Document for Petition against Corrupt Judicial Conduct Commission
https://drive.google.com/file/d/18FW6uEggvan5R6WkYWZLKFK0KMEILUMP/view?usp=sharing

Section 83 NZ Documents link for templates to assist various professions.
https://drive.google.com/drive/folders/1G1I1CKWaEm8P_aJsDor9gYVJTRE572nM?usp=sharing

CKA’s Main Channel – Youtube - https://www.youtube.com/channel/UCyK3kHNiZJDFxkPrIkmsqIQ
CKA’s Backup  – Youtube - https://www.youtube.com/channel/UCF4Y4eKhR_oFEeAtFi32AgQ
IN Justice We Trust – Youtube - https://www.youtube.com/channel/UCrnif_D4bvW0ugxcyOX0F0Q
PINAC NZ – Youtube - https://www.youtube.com/channel/UChXOGgLllXM36TxReWs0BIQ

Cka's Odysee - https://odysee.com/@cka-mark-otho-keen:5
Cka's Bitchute - https://www.bitchute.com/channel/ckamarkothokeen/
Cka's Rumble - https://rumble.com/user/InJusticeWeTrust
Cka's Facebook - https://www.facebook.com/ckamarkothokeen/
Cka's Twitter - https://twitter.com/markkeen001
Cka's Pinterest - https://www.pinterest.nz/keen0186/commonly-known-as-mark-of-the-family-keen/
Cka's Blogspot - http://totemofman.blogspot.com/
Cka's Discord - hoofhearted#8351

UK NPCC 2020 Photography Memo link:-
https://drive.google.com/file/d/1Jny_E3gbvikqaIE1UF5ogw6BRUiOreIW/view?usp=sharing

USA FPS Memo 2010 Photography Link:-
https://drive.google.com/file/d/1zjn1FftS674ayktNQazlqPAMqOb5U17c/view?usp=sharing

USA FPS Memo 2018 Photography Link:-
https://drive.google.com/file/d/1uGC1MFZ0LL5KmRbMj2TEMk_bwzTxvBNo/view?usp=sharing

Plandemic – Original Link.
https://freedomplatform.tv/plandemic-indoctornation-world-premiere/

Privacy Commission’s Guidance on Collecting Track n Trace Information
https://privacy.org.nz/publications/guidance-resources/guidance-on-mandatory-record-keeping-for-contact-tracing/

If you wish to donate and help me keep publishing more content you can support me by making a donation to:

Kiwibank
M KEEN
38-9010-0423980-01

Thanks for all your support, stay golden.",2022-07-10T15:04:48Z,0,https://www.youtube.com/watch?v=_u0Htd9GwsA
LerQJgAlyeg,24 bars Mark beats challenge(2021) - KAEL (lyrics),#24barsMarkbeatschallenge2021,2021-04-02T18:00:25Z,321,https://www.youtube.com/watch?v=LerQJgAlyeg
av1g2u50nKw,Monkey Pox Plandemic,"cbww3@yahoo.com
https://www.paypal.com/paypalme/cbww3
cash app : $cbww3
twitter : @cbww31",2022-05-18T23:12:35Z,721,https://www.youtube.com/watch?v=av1g2u50nKw
CJQ5ZZNWdNU,"Dyshime se Kastriot Myftarajn e kanë vrarë, eksperti Ervin Karamuço del me deklaratën e fortë: 21...","Nëse informacioni i marrë nga kjo video ishte i vlefshëm për ju, atëherë klikoni 👍!
Gjithashtu klikoni në butonin '𝙎𝙪𝙗𝙨𝙘𝙧𝙞𝙗𝙚' dhe tek 🔔 për të pasur njoftimet më te fundit në kohë reale dhe gjithashtu për videot e reja !

Mund të na ndiqni në rrjetet tona sociale:
Facebook: https://bit.ly/3ulw9Wf
Instagram: https://bit.ly/3dCDs5V
Twitter: https://bit.ly/3aHZ2Ec

Mund të na ndiqni edhe në portalin tonë: http://elokuent.tv/

© All rights reserved  ""ElokuentTV""",2022-07-10T10:00:07Z,2216,https://www.youtube.com/watch?v=CJQ5ZZNWdNU
wolVmh6X2Fs,Plandemic Fightback,A quick clip of what is happening in London and the unity of people standing up to fight a dictatorship by stealth and a cull of humanity by principalities of wickedness aka Government of the NWO.,2021-07-17T23:26:25Z,31,https://www.youtube.com/watch?v=wolVmh6X2Fs
al69ADQuDxk,More PLANdemic multi-rollerZ MS is MC,"Kate Matson is Serene Teffaha https://youtu.be/WFL4qVQkZLQ

Celebrities Politicians Public Figures Wearing Masks & More Observations https://www.youtube.com/playlist?list=PLJAI-KavkpOMtzLLwxD3qOEcePuqJJN4c",2022-06-09T06:20:14Z,180,https://www.youtube.com/watch?v=al69ADQuDxk
5ERT6hLBow4,America God Shared Grace On Thee,#roevswade #supremecourt #abortion,2022-06-25T01:27:54Z,325,https://www.youtube.com/watch?v=5ERT6hLBow4
f4jCj0VA554,Santo Rio,"Provided to YouTube by CDBaby

Santo Rio · Camila Yasmine

Ribeirinha

℗ 2017 Cendi Music

Released on: 2017-05-25

Auto-generated by YouTube.",2017-06-07T16:38:15Z,479,https://www.youtube.com/watch?v=f4jCj0VA554
KwcfbAvR2Nc,&quot;Poppy&quot; COVID-1984 Plandemic Predictive Programming from 2016-2019,"Predictive Programming is the revelation of clues about events that will occur in the future.  This is achieved through multiple mediums, including primarily in movies and television shows.  It is a form of mind control which conditions society to more readily accept it as the truth!

I'm Poppy You Tube Channel
https://www.youtube.com/watch?v=fpCXxqiTjqE",2022-01-24T21:51:14Z,164,https://www.youtube.com/watch?v=KwcfbAvR2Nc
PAn91Ai40jA,Through Plandemic,"A compilation slide show, crazy times!",2022-06-17T06:31:24Z,11,https://www.youtube.com/watch?v=PAn91Ai40jA
w9DxpOtwPKc,IJWT - Liz Gunn Interviews Sereca and Katie re NZ Court Case - What in the Viles vs Pfizer,"To contact me:-
Email Mark - ckamarkothokeen@gmail.com (Primary)
Or PINAC NZ - pinac.nz@gmail.com
Or In Justice We Trust – IJWT2022@gmail.com
NZ Bill Of Rights Acts 1990 - https://www.legislation.govt.nz/act/public/1990/0109/latest/DLM224792.html?src=qs

FREEDOM PROTESTORS TEMPLATE – APPLICATION FOR DISMISSAL
https://drive.google.com/file/d/1r-CzSlWwTiQO6P7Stb1zf3kKxhbtIo1p/view?usp=sharing

REPORT OF THE SPECIAL RAPPORTEUR ON THE INDEPENDENCE OF JUDGES AND LAWYERS, PARAM CUMARASWAMY, SUBMITTED IN ACCORDANCE WITH COMMISSION RESOLUTION 1999/31
https://drive.google.com/file/d/1u-jhjX1PccRQBt9h7nP64qscUD_nfcbd/view?usp=sharing

UN Document for Petition against Corrupt Judicial Conduct Commission
https://drive.google.com/file/d/18FW6uEggvan5R6WkYWZLKFK0KMEILUMP/view?usp=sharing

Section 83 NZ Documents link for templates to assist various professions.
https://drive.google.com/drive/folders/1G1I1CKWaEm8P_aJsDor9gYVJTRE572nM?usp=sharing

CKA’s Main Channel – Youtube - https://www.youtube.com/channel/UCyK3kHNiZJDFxkPrIkmsqIQ
CKA’s Backup  – Youtube - https://www.youtube.com/channel/UCF4Y4eKhR_oFEeAtFi32AgQ
IN Justice We Trust – Youtube - https://www.youtube.com/channel/UCrnif_D4bvW0ugxcyOX0F0Q
PINAC NZ – Youtube - https://www.youtube.com/channel/UChXOGgLllXM36TxReWs0BIQ

Cka's Odysee - https://odysee.com/@cka-mark-otho-keen:5
Cka's Bitchute - https://www.bitchute.com/channel/ckamarkothokeen/
Cka's Rumble - https://rumble.com/user/InJusticeWeTrust
Cka's Facebook - https://www.facebook.com/ckamarkothokeen/
Cka's Twitter - https://twitter.com/markkeen001
Cka's Pinterest - https://www.pinterest.nz/keen0186/commonly-known-as-mark-of-the-family-keen/
Cka's Blogspot - http://totemofman.blogspot.com/
Cka's Discord - hoofhearted#8351

UK NPCC 2020 Photography Memo link:-
https://drive.google.com/file/d/1Jny_E3gbvikqaIE1UF5ogw6BRUiOreIW/view?usp=sharing

USA FPS Memo 2010 Photography Link:-
https://drive.google.com/file/d/1zjn1FftS674ayktNQazlqPAMqOb5U17c/view?usp=sharing

USA FPS Memo 2018 Photography Link:-
https://drive.google.com/file/d/1uGC1MFZ0LL5KmRbMj2TEMk_bwzTxvBNo/view?usp=sharing

Plandemic – Original Link.
https://freedomplatform.tv/plandemic-indoctornation-world-premiere/

Privacy Commission’s Guidance on Collecting Track n Trace Information
https://privacy.org.nz/publications/guidance-resources/guidance-on-mandatory-record-keeping-for-contact-tracing/

If you wish to donate and help me keep publishing more content you can support me by making a donation to:

Kiwibank
M KEEN
38-9010-0423980-01

Thanks for all your support, stay golden.",2022-07-09T23:08:47Z,2,https://www.youtube.com/watch?v=w9DxpOtwPKc
fliLqLw9EUw,Champion,"Provided to YouTube by ONErpm

Champion · PRM sounds · Jineel Jaybest · Jineel Jaybest

Letter to Heaven Riddim

℗ Zj Dero

Released on: 2021-08-05

Auto-generated by YouTube.",2021-08-04T10:01:13Z,1095,https://www.youtube.com/watch?v=fliLqLw9EUw
CVdX3_nTpQE,Цифровая удавка сжимается / Вадим Шегалов,"Встреча с Вадимом Шегаловым и Игорем Шнуренко состоится 24 июля 2022 в 14-00 по адресу: г.Москва, Измайловское шоссе, д.71, в конгресс-центре ""Измайлово"" (корпуса ""Гамма""-""Дельта"") в зале Ростов-Суздаль.  Для регистрации пишете на почту kniga.moskva2022@mail.ru. Подробная информация здесь - https://t.me/voyager1970/4141

Приобрести книгу Вадима Шегалова ""Оккультные игры элиты. Язык мировых тайных обществ"" можно:
- у автора с автографом gsmboss@hotmail.com
- на сайте издательства https://konzeptual.ru/okkultnie-igri-jeliti--jazik-mirovih-tajnih-obshhestv/?utm_campaign=shegalov
Скидка по промокоду ""РУБЕЖ"" - 100 руб.

Подписывайтесь на каналы Вадима Шегалова:
https://www.youtube.com/channel/UCywvfSUIn8HW9UQD2wz_N8Q
https://bastyon.com/plandemia
https://t.me/voyager1970",2022-07-09T08:58:03Z,139075,https://www.youtube.com/watch?v=CVdX3_nTpQE
W59l-JqbaPM,Cynchranici Tea Ep. 29 BANNED,"Welcome To Episode 29 Of Our Podcast, Cynchranici-Tea, Where We Know That No-Thing Is a Coincidence, and Everything Is Intentional

How Do You Feel About That?

Let's Talk About It

This Twenty-Ninth Episode Is Dedicated To Exploring The Planned Out Plandemic That We've Been Told We Are All Suffering From But Are Not Allowed To Openly Talk About

Corona Virus- aka, The Crown Snatcher

The Moment You Believe That Corona Virus Is Real, Masons Have Snatched Your Crown Chakra Away From You

Your Crown Chakra Allows You To THINK FOR YOURSELF

By Thinking For Yourself, You Are The King Of Your Domain

Your Brain Is Meant To Bring-Reign Over The Muscles Your Mind Is Manipulating Right Now

This Is Why Your Entire Life Is Created By The Thoughts You Have

Your Crown Chakra Generates The Thoughts You Have, and The Thoughts You Have Are Created So Your Brain Can Bring Rain Into The Simulation-

aka. Mercury- Mer (Water) Cury (Air)

Air Carries Water So Your Mind Can Share Its Soul With Other Minds

Fact Is, You Can Only Share Your Soul (Water) With Another Spirit (Space) Through The Body (Earth)

If You Did Not Create A Physical Body, No One Outside Of Your Space Could See How You Feel On A Daily Basis. Without A Physical Body, You Would Not Be Able To Consistently Relate With Any Body, and Thus, Any Space, Outside Of Yourself

The Masons Who Made Up Every Greek-Named Variant Of This Virus Have Done So In Order To Create The Circumstance Where They Can Force You To Get Shot By Their Mystery Fluids Not Once, Not Twice, But Endless Times

Masons Stole Indigenous Wisdom From Egypt, Colonized The Planet, Taught The Entire World To Fear Death. Why?

Because The Only Way Masons Can Teach You To Worship Their Son Of God and Make You Feel Like You Need To Serve Their Desires and Slave Away In Order To Go To Their Idea Of Heaven

The Extent To Which Masons Have Dumbed Down Humanity Cannot Be Understated. They Stole All Of Hermes' Wisdom Because They Know That Knowledge Is Power, and Thus, A Knowledgable Human Is A Powerful Human.

Jewish Masons, Because They Want Power All For Themselves, Violently Stole Mercury's Wisdom and Knowledge From Indigenous Cultures. This Resulted In The Great Reset Of Humanity, Spurred By The Sacrifice Of Jesus Christ.

Sacrificing Jesus Christ To the Roman Government Represents How Masons Stole All Of Zarathustra's Teachings To Create A Super-Hero That Justifies How They Conduct Genocidal Business

Masons Put Humans In A Fearfully Ignorant State So That They Can Make The World Scared Of Air

By Making Everyone Scared Of The Air, Masons Are Trying To Create A Circumstance Where They Can Convince Humans That Life Is Only Safe When You're Connecting On The Internet, Instead Of Real Life

Furthermore, They Make Infinite Money Using The Caduceus Of Trismegistus Calloway To Inject You With The Very Virus They're Teaching You To Fight Others About. They Are Rubbing Their Hands & Hysterically Laughing At Everyone Who Believes This Plandemic is Genuinely Real.

Now You Know Why The Shadow Government, The Illuminati, The Vatican, & The Masonic Jew World Order Worship Mercury Behind Closed Doors

Visit Chaseyourgenes.com To Learn How Metatron's Mind Of Mercury Made Modern Mason's Idea Of Money Matter



#spirituality #esoteric #hermetic #hermeticism #cymacism #cymatree #wisdom #quantumphysics #lightworker #synchronicity #wisdom #universe #awareness #awakening #woke #podcast #podcastofcolor #blackpodcast #nativepodcast #consciousness #soulgroup #subconsciousmind #consciouscommunity #nature #climatechange #cosmicconversations #science #nativeamerican #indigenous #decolonizespirituality #colonialism #intelligence #caduceus #hermestrismegistus #hermes #thoth #tehuti #quetzalcoatl #metatron #messengerofmercury #mercury #mentalism #gnostic #gnosis #worldhistory #ancienthistory #indigenoushistory #blackhistory #nativehistory #egyptianhistory #simulationtheory #psychedelic #nabu #psychopomp #knowledge #spirittalk #alchemy #magic #manifestation #enoch #spiritualpodcast #ushistory #americanhistory #vibration #vibrationalhealing #chaseyourgenes #spirit #ningishzidda #ascension #metaphysical #metaphysics #spiritualgrowth #zoroastrianism #ahuramazda",2022-07-08T20:37:33Z,1,https://www.youtube.com/watch?v=W59l-JqbaPM
Khy4-GQw8h0,"Kevin Samuels Has Passed, But... you’re still average at best","How to be a 9 or 10, in the wife or husband department. I am adamant that celebrities aren’t usually marriage material. They’re usually self focused, instead of family focused. They usually don’t know how to not spend all of their money. They usually cannot achieve generational success.
I was respectfully treated as marriage material, in my 20’s. Sex was off of the table. When celebrities who can easily get sex from many, continue to pursue a woman who isn’t offering it; that means a lot. It’s a huge feminine trait to know what to offer men, toward marriage, without sex. Still, I chose to accept marriage from a non celebrity in the end, with an excellent work ethic, and a good pedigree.",2022-07-04T05:08:33Z,1388,https://www.youtube.com/watch?v=Khy4-GQw8h0
z4dTYtccMhw,Ela e o Mar,"Provided to YouTube by ONErpm

Ela e o Mar · DELTA MC · DELTA MC

Ela e o Mar

℗ D£LTA MC

Released on: 2022-04-25

Auto-generated by YouTube.",2022-04-25T15:05:38Z,31,https://www.youtube.com/watch?v=z4dTYtccMhw
rOD1mpyh5Sw,Sobre Odysee,Mira una ventaja de odysee. Si quieres ver el video que mostré en el video visita https://odysee.com/@Voluntas:d/332-plandemia-bhakdi-predicciones:d,2022-07-10T05:00:10Z,1,https://www.youtube.com/watch?v=rOD1mpyh5Sw
zkTW5h6aTSQ,Диванная аналитика для &#39;&#39;пробуждающихся&#39;&#39;.О пользе всемирного голода,"Уважаемые зрители и читатели!  В воскресение 24.07.2022  в 14:00 ,в конгресс-центре ""Измайлово"" (корпуса ""Гамма""- ""Дельта"") в зале Ростов-Суздаль по адресу
105613, Москва, Измайловское ш., д.71, корп. 4 Г-Д  состоится авторская встреча со зрителями и читателями Вадим Шегалова и Игоря Шнуренко,автором книг-
Демон внутри. Анатомия искусственного интеллекта Человек Взломанный Трансгуманизм, цифровой левиафан и голем-цивилизация
Убить левиафана Мир без людей. Выжившие в эпоху тотальной цифровизации
Конференц-зал «Суздаль»+«Ростов» обладает общей площадью 250 кв.м. Во время встречи вы сможете задать авторам свои вопросы,а так же приобрести книги с автографом. Стоимость входных билетов-600 рублей, VIP места (первые 2 ряда)-1000 рублей.  Для регистрации пишите пожалуйста на kniga.moskva2022@mail.ru, указывайте ваши ФИО и количество мест,а также скриншоты оплаты. Оплата на карту  Сбербанка 2202203679660649  Каналы Аннетт Томас https://t.me/annettblond
https://youtube.com/channel/UCPUiS3WVXyum2cMF_87r8Aw Страница для донатов https://www.donationalerts.com/r/plandemia ОККУЛЬТНЫЕ ИГРЫ ЭЛИТЫ. ЯЗЫК МИРОВЫХ ТАЙНЫХ ОБЩЕСТВ  320 страниц Ссылка для заказа книги  https://konzeptual.ru/okkultnie-igri-jeliti--jazik-mirovih-tajnih-obshhestv/?utm_campaign=shegalov Заказы для книг с автографом по gsmboss@hotmail.com Помощь на развитие канала: Сбербанк 2202203679660649  Благодарю всех, кто помогает каналу!  Основной канал https://www.youtube.com/channel/UCaf6yWtaTMdG4eZRi3vMxew Yandex Money https://yoomoney.ru/to/4100115671634114 Pay Pal 911twins88@gmail.com  Telegram http://t.me/voyager1970  https://zen.yandex.ru/voyager1970https://bastyon.com/plandemia  PLANDEMIA.NEWS Записи мастер-классов можно приобрести через емаил  voyager1970@yandex.ru Книги Вадима Электронные и печатные издания:
Реальный Код да Винчи.Оккультные игры элиты
https://booksnonstop.ru/store/vse-knigi/publicistika/9785532111974.html
239 Код Mессианской эры
https://booksnonstop.ru/store/vse-knigi/publicistika/9785996512546.html
Властелины 33
https://booksnonstop.ru/store/vse-knigi/publicistika/9785996514038.html
Мои дороги.Тибет
https://booksnonstop.ru/store/vse-knigi/hudozhestvennaya/sovremennaya-proza/9785996514144.html
Мои дороги.Камбоджа
https://booksnonstop.ru/store/vse-knigi/publicistika/9785996514229.html
Властелины 33 на русском языке в электронном формате ц.699 рублей. Аудио-видео формат ц. 999 рублей.  Аудио-видео книга 239 Код мессианской эры. (23 сентября).Оккультные игры элиты, длительность 2 часа, MP4 400 MB Читает автор. Cтоимость 999 рублей.  Aудио-видео книга Реальный Код Да Винчи. Оккультные игры элиты. Длительность записи 3 часа 39 минут.Формат MP4. 800MB Читает автор. Стоимость 1119 рублей. Заказы принимаются через личную почту gsmboss@hotmail.com
https://vk.com/voyager1970
Ассоциация независимых блогеров https://teleg.run/SMINEWSBLOG",2022-07-08T18:14:00Z,80327,https://www.youtube.com/watch?v=zkTW5h6aTSQ
h0fQnWYtfcQ,PORTAL 7-7-2022 ACTIVACIÓN Meditación Guiada Binaural,"Activación del portal 777 también clasificado 07-07-2022 Meditación guiada binaural, se abre el portal cósmico cuyo contexto se aplica a la numerología del siete, a través de esta meditación  guiada experimentaras el ascenso a los 7 planos espirituales asignados a los 7 chakras para renovar tus fuerzas y vitalidad así como potencializar tus decretos y manifestaciones.
#portal777 #meditacionguiada #despertardeconciencia

 Suscríbete a Dimensión B y únete a la comunidad de Facebook e Instagram:
☯FACEBOOK: https://www.facebook.com/dimensionBconciencia/
☯INSTAGRAM: dimension_b
☯COMPARTE: https://youtu.be/h0fQnWYtfcQ",2022-07-07T09:28:04Z,15258,https://www.youtube.com/watch?v=h0fQnWYtfcQ
KAendmMHhmE,Sobre Odysee,Mira una ventaja de odysee. Si quieres ver el video que mostré en el video visita https://odysee.com/@Voluntas:d/332-plandemia-bhakdi-predicciones:d,2022-07-11T05:00:10Z,3,https://www.youtube.com/watch?v=KAendmMHhmE
up8euTWMGdo,Alfred Cako - Si do të jetë Plandemia numer 2,Alfred Cako flet se si do të jetë plandemia numer 2 sepse me plandemin e par nuk ja dolen dot ti mashtronin njerzimin?!,2022-07-04T01:29:07Z,604,https://www.youtube.com/watch?v=up8euTWMGdo
tYvt1EcSSoE,Студия Рубеж.Ватикан как проводник нового мирового порядка   Вадим Шегалов и Игорь Шнуренко,"Уважаемые зрители и читатели!  В воскресение 24.07.2022  в 14:00 ,в конгресс-центре ""Измайлово"" (корпуса ""Гамма""- ""Дельта"") в зале Ростов-Суздаль по адресу
105613, Москва, Измайловское ш., д.71, корп. 4 Г-Д  состоится авторская встреча со зрителями и читателями Вадим Шегалова и Игоря Шнуренко,автором книг-
Демон внутри. Анатомия искусственного интеллекта Человек Взломанный Трансгуманизм, цифровой левиафан и голем-цивилизация
Убить левиафана Мир без людей. Выжившие в эпоху тотальной цифровизации
Конференц-зал «Суздаль»+«Ростов» обладает общей площадью 250 кв.м. Во время встречи вы сможете задать авторам свои вопросы,а так же приобрести книги с автографом. Стоимость входных билетов-600 рублей, VIP места (первые 2 ряда)-1000 рублей.  Для регистрации пишите пожалуйста на kniga.moskva2022@mail.ru, указывайте ваши ФИО и количество мест,а также скриншоты оплаты. Оплата на карту  Сбербанка 2202203679660649Страница для донатов https://www.donationalerts.com/r/plandemia ОККУЛЬТНЫЕ ИГРЫ ЭЛИТЫ. ЯЗЫК МИРОВЫХ ТАЙНЫХ ОБЩЕСТВ  320 страниц Ссылка для заказа книги  https://konzeptual.ru/okkultnie-igri-jeliti--jazik-mirovih-tajnih-obshhestv/?utm_campaign=shegalov Заказы для книг с автографом по gsmboss@hotmail.com Помощь на развитие канала: Сбербанк 2202203679660649  Благодарю всех, кто помогает каналу!  Основной канал https://www.youtube.com/channel/UCaf6yWtaTMdG4eZRi3vMxew Yandex Money https://yoomoney.ru/to/4100115671634114 Pay Pal 911twins88@gmail.com  Telegram http://t.me/voyager1970  https://zen.yandex.ru/voyager1970https://bastyon.com/plandemia  PLANDEMIA.NEWS Записи мастер-классов можно приобрести через емаил  voyager1970@yandex.ru Книги Вадима Электронные и печатные издания:
Реальный Код да Винчи.Оккультные игры элиты
https://booksnonstop.ru/store/vse-knigi/publicistika/9785532111974.html
239 Код Mессианской эры
https://booksnonstop.ru/store/vse-knigi/publicistika/9785996512546.html
Властелины 33
https://booksnonstop.ru/store/vse-knigi/publicistika/9785996514038.html
Мои дороги.Тибет
https://booksnonstop.ru/store/vse-knigi/hudozhestvennaya/sovremennaya-proza/9785996514144.html
Мои дороги.Камбоджа
https://booksnonstop.ru/store/vse-knigi/publicistika/9785996514229.html
Властелины 33 на русском языке в электронном формате ц.699 рублей. Аудио-видео формат ц. 999 рублей.  Аудио-видео книга 239 Код мессианской эры. (23 сентября).Оккультные игры элиты, длительность 2 часа, MP4 400 MB Читает автор. Cтоимость 999 рублей.  Aудио-видео книга Реальный Код Да Винчи. Оккультные игры элиты. Длительность записи 3 часа 39 минут.Формат MP4. 800MB Читает автор. Стоимость 1119 рублей. Заказы принимаются через личную почту gsmboss@hotmail.com
https://vk.com/voyager1970
Ассоциация независимых блогеров https://teleg.run/SMINEWSBLOG",2022-07-03T13:46:13Z,22417,https://www.youtube.com/watch?v=tYvt1EcSSoE
Gt99auK9TPQ,FloresErnesto-Desequilibrio,"Desequilibrio es quitarles los árboles ancestrales a los pájaros . Porque quitarles su casa, su vida su venir!
desequilibrio espiritual es lo que te haces !
cuando dañas bosques, ríos y mares, olvidando que son vida vitales y que en ella existen seres escenciales.
para vivir
para sentir.
para seguir.
Abre tu mente mente despierta tu conciencia , abre tus ojos que son tiempos de revolución , abre tu pecho ahora es cuando y conectate con tu yó interior!!!
por ti !
por mi !
y por nosotros !
ohhhhh ohhhh ahh ahh
Desequilibrio es mental lo que nos hacen
cuando siembran el terror en las calles
y porfavor explíqueme usted ?
de tanta muerte quien es responsable?
de este desequilibrio de inconsciencia que lo locura que demencia !
y no está matando esta Plandemia !
no está matando la vakuna !
regalando  al corazón del hombre ah qué se detenga !!!
de asesinar !
de contaminar !
y sobre explotar !!!
Ahora es cuando más debemos pensar que la vida es frágil y la naturaleza igual ,
Ahora es cuando más debemos amar para que mañana te vamos un oportunidad
ahora es cuando más debemos pensar que la vida es frágil y la naturaleza más , ahora cuando más debemos amar para que mañana tengamos otra oportunidad !
de sanar !
de cambiar !
y perdonar !!!
ahhh ahhhhh ahhh ahhhhh
De este equilibrio debemos resistir y otra ola de muerte que aguantar y con más fuerzas esto hay que enfrentar transformando nuestra forma
De luchar
de cuidar
de sanar
de cambiar
y de AMAR.

canto para la humanidad",2022-07-11T02:27:36Z,2,https://www.youtube.com/watch?v=Gt99auK9TPQ
sUcx9KDW4xo,Цифровая удавка сжимается . Канал Студия Рубеж,"В воскресение 24.07.2022  в 14:00 ,в конгресс-центре ""Измайлово"" (корпуса ""Гамма""- ""Дельта"") в зале Ростов-Суздаль по адресу
105613, Москва, Измайловское ш., д.71, корп. 4 Г-Д  состоится авторская встреча со зрителями и читателями Вадим Шегалова и Игоря Шнуренко,автором книг-
Демон внутри. Анатомия искусственного интеллекта Человек Взломанный Трансгуманизм, цифровой левиафан и голем-цивилизация
Убить левиафана Мир без людей. Выжившие в эпоху тотальной цифровизации
Конференц-зал «Суздаль»+«Ростов» обладает общей площадью 250 кв.м. Во время встречи вы сможете задать авторам свои вопросы,а так же приобрести книги с автографом. Стоимость входных билетов-600 рублей, VIP места (первые 2 ряда)-1000 рублей.  Для регистрации пишите пожалуйста на kniga.moskva2022@mail.ru, указывайте ваши ФИО и количество мест,а также скриншоты оплаты. Оплата на карту  Сбербанка 2202203679660649  Каналы Аннетт Томас https://t.me/annettblond
https://youtube.com/channel/UCPUiS3WVXyum2cMF_87r8Aw Страница для донатов https://www.donationalerts.com/r/plandemia ОККУЛЬТНЫЕ ИГРЫ ЭЛИТЫ. ЯЗЫК МИРОВЫХ ТАЙНЫХ ОБЩЕСТВ  320 страниц Ссылка для заказа книги  https://konzeptual.ru/okkultnie-igri-jeliti--jazik-mirovih-tajnih-obshhestv/?utm_campaign=shegalov Заказы для книг с автографом по gsmboss@hotmail.com Помощь на развитие канала: Сбербанк 2202203679660649  Благодарю всех, кто помогает каналу!  Основной канал https://www.youtube.com/channel/UCaf6yWtaTMdG4eZRi3vMxew Yandex Money https://yoomoney.ru/to/4100115671634114 Pay Pal 911twins88@gmail.com  Telegram http://t.me/voyager1970  https://zen.yandex.ru/voyager1970https://bastyon.com/plandemia  PLANDEMIA.NEWS Записи мастер-классов можно приобрести через емаил  voyager1970@yandex.ru Книги Вадима Электронные и печатные издания:
Реальный Код да Винчи.Оккультные игры элиты
https://booksnonstop.ru/store/vse-knigi/publicistika/9785532111974.html
239 Код Mессианской эры
https://booksnonstop.ru/store/vse-knigi/publicistika/9785996512546.html
Властелины 33
https://booksnonstop.ru/store/vse-knigi/publicistika/9785996514038.html
Мои дороги.Тибет
https://booksnonstop.ru/store/vse-knigi/hudozhestvennaya/sovremennaya-proza/9785996514144.html
Мои дороги.Камбоджа
https://booksnonstop.ru/store/vse-knigi/publicistika/9785996514229.html
Властелины 33 на русском языке в электронном формате ц.699 рублей. Аудио-видео формат ц. 999 рублей.  Аудио-видео книга 239 Код мессианской эры. (23 сентября).Оккультные игры элиты, длительность 2 часа, MP4 400 MB Читает автор. Cтоимость 999 рублей.  Aудио-видео книга Реальный Код Да Винчи. Оккультные игры элиты. Длительность записи 3 часа 39 минут.Формат MP4. 800MB Читает автор. Стоимость 1119 рублей. Заказы принимаются через личную почту gsmboss@hotmail.com
https://vk.com/voyager1970
Ассоциация независимых блогеров https://teleg.run/SMINEWSBLOG",2022-07-11T06:55:15Z,4868,https://www.youtube.com/watch?v=sUcx9KDW4xo
BUU50LqZx_w,"Baylor Scott &amp; White Hospital Shooting in Irving, Texas",#Texas #hospital #shooting,2022-06-30T03:25:46Z,773,https://www.youtube.com/watch?v=BUU50LqZx_w
iraGsbmHU4U,"Канал Иерофант: Рыцари-Тамплиеры,розенкрейцеры,каменщики ,Код Да Винчи и др.","Страница для донатов https://www.donationalerts.com/r/plandemia ОККУЛЬТНЫЕ ИГРЫ ЭЛИТЫ. ЯЗЫК МИРОВЫХ ТАЙНЫХ ОБЩЕСТВ  320 страниц Ссылка для заказа книги  https://konzeptual.ru/okkultnie-igri-jeliti--jazik-mirovih-tajnih-obshhestv/?utm_campaign=shegalov Заказы для книг с автографом по gsmboss@hotmail.com Канал Иерофант: https://www.youtube.com/watch?v=Tefl_CoMa-o&t=2404s
Помощь на развитие канала: Сбербанк 2202203679660649  Благодарю всех, кто помогает каналу!  Основной канал https://www.youtube.com/channel/UCaf6yWtaTMdG4eZRi3vMxew Yandex Money https://yoomoney.ru/to/4100115671634114 Pay Pal 911twins88@gmail.com  Telegram http://t.me/voyager1970  https://zen.yandex.ru/voyager1970https://bastyon.com/plandemia  PLANDEMIA.NEWS Записи мастер-классов можно приобрести через емаил  voyager1970@yandex.ru Книги Вадима Электронные и печатные издания:
Реальный Код да Винчи.Оккультные игры элиты
https://booksnonstop.ru/store/vse-knigi/publicistika/9785532111974.html
239 Код Mессианской эры
https://booksnonstop.ru/store/vse-knigi/publicistika/9785996512546.html
Властелины 33
https://booksnonstop.ru/store/vse-knigi/publicistika/9785996514038.html
Мои дороги.Тибет
https://booksnonstop.ru/store/vse-knigi/hudozhestvennaya/sovremennaya-proza/9785996514144.html
Мои дороги.Камбоджа
https://booksnonstop.ru/store/vse-knigi/publicistika/9785996514229.html
Властелины 33 на русском языке в электронном формате ц.699 рублей. Аудио-видео формат ц. 999 рублей.  Аудио-видео книга 239 Код мессианской эры. (23 сентября).Оккультные игры элиты, длительность 2 часа, MP4 400 MB Читает автор. Cтоимость 999 рублей.  Aудио-видео книга Реальный Код Да Винчи. Оккультные игры элиты. Длительность записи 3 часа 39 минут.Формат MP4. 800MB Читает автор. Стоимость 1119 рублей. Заказы принимаются через личную почту gsmboss@hotmail.com
https://vk.com/voyager1970
Ассоциация независимых блогеров https://teleg.run/SMINEWSBLOG",2022-07-04T11:50:37Z,14350,https://www.youtube.com/watch?v=iraGsbmHU4U
QtuU_yQP-Ek,Sarah Palin Lays Out What Midterms Are All About  Control Vs  Freedom,"Sarah Palin lays out what’s at stake heading into the midterms: “This is all about control versus freedom.”

Join the #RAVFAM on @GETTRofficial to chat with other patriots during our coverage of tonight’s #SaveAmericaRally: https://gettr.com/streaming/p1hocje2f51

WATCH RAV LIVE ON: DISH CH 219 · PLUTO TV CH 240 · ROKU · SAMSUNG TV PLUS 1029 · SELECT TV CH 106 · APPLE TV · FIRE TV
RAV LINKS: https://linktr.ee/realamericasvoice",2022-07-09T22:38:24Z,1072,https://www.youtube.com/watch?v=QtuU_yQP-Ek
HejT8lqVwEc,Sobre Odysee,Mira una ventaja de odysee. Si quieres ver el video que mostré en el video visita https://odysee.com/@Voluntas:d/332-plandemia-bhakdi-predicciones:d,2022-07-10T05:00:10Z,4,https://www.youtube.com/watch?v=HejT8lqVwEc
mt_TGEaIfX0,$800 Million More To UKRAINE,#Biden #news #Ukraine,2022-07-01T09:40:53Z,320,https://www.youtube.com/watch?v=mt_TGEaIfX0
yqW5j5ftaZ4,Монумент концу челов@чества полностью уничт0жен,"В воскресение 24.07.2022  в 14:00 ,в конгресс-центре ""Измайлово"" (корпуса ""Гамма""- ""Дельта"") в зале Ростов-Суздаль по адресу
105613, Москва, Измайловское ш., д.71, корп. 4 Г-Д  состоится авторская встреча со зрителями и читателями Вадим Шегалова и Игоря Шнуренко,автором книг-
Демон внутри. Анатомия искусственного интеллекта Человек Взломанный Трансгуманизм, цифровой левиафан и голем-цивилизация
Убить левиафана Мир без людей. Выжившие в эпоху тотальной цифровизации
Конференц-зал «Суздаль»+«Ростов» обладает общей площадью 250 кв.м. Во время встречи вы сможете задать авторам свои вопросы,а так же приобрести книги с автографом. Стоимость входных билетов-600 рублей, VIP места (первые 2 ряда)-1000 рублей.  Для регистрации пишите пожалуйста на kniga.moskva2022@mail.ru, указывайте ваши ФИО и количество мест,а также скриншоты оплаты. Оплата на карту  Сбербанка 2202203679660649Страница для донатов https://www.donationalerts.com/r/plandemia ОККУЛЬТНЫЕ ИГРЫ ЭЛИТЫ. ЯЗЫК МИРОВЫХ ТАЙНЫХ ОБЩЕСТВ  320 страниц Ссылка для заказа книги  https://konzeptual.ru/okkultnie-igri-jeliti--jazik-mirovih-tajnih-obshhestv/?utm_campaign=shegalov Заказы для книг с автографом по gsmboss@hotmail.com Помощь на развитие канала: Сбербанк 2202203679660649  Благодарю всех, кто помогает каналу!  Основной канал https://www.youtube.com/channel/UCaf6yWtaTMdG4eZRi3vMxew Yandex Money https://yoomoney.ru/to/4100115671634114 Pay Pal 911twins88@gmail.com  Telegram http://t.me/voyager1970  https://zen.yandex.ru/voyager1970https://bastyon.com/plandemia  PLANDEMIA.NEWS Записи мастер-классов можно приобрести через емаил  voyager1970@yandex.ru Книги Вадима Электронные и печатные издания:
Реальный Код да Винчи.Оккультные игры элиты
https://booksnonstop.ru/store/vse-knigi/publicistika/9785532111974.html
239 Код Mессианской эры
https://booksnonstop.ru/store/vse-knigi/publicistika/9785996512546.html
Властелины 33
https://booksnonstop.ru/store/vse-knigi/publicistika/9785996514038.html
Мои дороги.Тибет
https://booksnonstop.ru/store/vse-knigi/hudozhestvennaya/sovremennaya-proza/9785996514144.html
Мои дороги.Камбоджа
https://booksnonstop.ru/store/vse-knigi/publicistika/9785996514229.html
Властелины 33 на русском языке в электронном формате ц.699 рублей. Аудио-видео формат ц. 999 рублей.  Аудио-видео книга 239 Код мессианской эры. (23 сентября).Оккультные игры элиты, длительность 2 часа, MP4 400 MB Читает автор. Cтоимость 999 рублей.  Aудио-видео книга Реальный Код Да Винчи. Оккультные игры элиты. Длительность записи 3 часа 39 минут.Формат MP4. 800MB Читает автор. Стоимость 1119 рублей. Заказы принимаются через личную почту gsmboss@hotmail.com
https://vk.com/voyager1970
Ассоциация независимых блогеров https://teleg.run/SMINEWSBLOG",2022-07-07T09:21:44Z,31205,https://www.youtube.com/watch?v=yqW5j5ftaZ4
6AkTa1pPoVU,Los Angeles Mandates Protest,#losangeles #Protest #Mandates #austria #putin #warzone #thesun #nbc #fox #cnn #skynews #news9 #wion #news  #abc #australia #australianews #austrianews #australianewstoday #australian #austrian ##primeminister #ukraine #russian #russia #usa #short thesun #nbc #fox #cnn #skynews #news9 #wion #news  #abc #russia #headlines #todaysnews #newsreporter #updatenews #newstoday #newsoftheday #newsupdate #latestnews #dailynews #breakingnews #journalism #journalist #newsreader #everythingtelugu #knowledgememes #infomemes #information #india #bbc #ndtv #internationalnews #news #worldnews #india #breakingnews #nationalnews #globalnews #currentaffairs #international #headlines #instanews #covid #updates #wwg #businessnews #usa #newsupdate #wga #upsc #trendingnews #instadaily #media #motivation #latestnews #trending #newsoftheday #newsanchor #dailynews #usnews #newspaper,2022-04-13T17:30:58Z,1227,https://www.youtube.com/watch?v=6AkTa1pPoVU
hwCcmwizC-A,UWAGA UWAGA WYŁĄCZ TELEWIZOR !! PROTESTY W WARSZAWIE MARSZ O WOLNOŚĆ 20.03 2021,"WYŁĄCZ TELEWIZOR ! WŁĄCZ MYŚLENIE ! -PLANDEMIA-
Źródło: Kanał CHWDP.TV https://www.youtube.com/watch?v=vPVndqxrASw",2021-03-20T16:16:39Z,2671,https://www.youtube.com/watch?v=hwCcmwizC-A
Yh2sH8t3SHI,Iltalive,"Hollannissa tilanne päällä, lisää shotteja tulossa syksyllä,  apinarokosta uusi plandemia? Venäjän provoaminen vaan jatkuu. Uusi Suomen ennätys bensan hinnassa...babyloniassa siis kaikki hyvin??",2022-07-07T20:18:26Z,1481,https://www.youtube.com/watch?v=Yh2sH8t3SHI
pWZ3iR2x-YA,"Скрижали, ООН, 322 Череп и кости","В воскресение 24.07.2022  в 14:00 ,в конгресс-центре ""Измайлово"" (корпуса ""Гамма""- ""Дельта"") в зале Ростов-Суздаль по адресу
105613, Москва, Измайловское ш., д.71, корп. 4 Г-Д  состоится авторская встреча со зрителями и читателями Вадим Шегалова и Игоря Шнуренко,автором книг-
Демон внутри. Анатомия искусственного интеллекта Человек Взломанный Трансгуманизм, цифровой левиафан и голем-цивилизация
Убить левиафана Мир без людей. Выжившие в эпоху тотальной цифровизации
Конференц-зал «Суздаль»+«Ростов» обладает общей площадью 250 кв.м. Во время встречи вы сможете задать авторам свои вопросы,а так же приобрести книги с автографом. Стоимость входных билетов-600 рублей, VIP места (первые 2 ряда)-1000 рублей.  Для регистрации пишите пожалуйста на kniga.moskva2022@mail.ru, указывайте ваши ФИО и количество мест,а также скриншоты оплаты. Оплата на карту  Сбербанка 2202203679660649  Каналы Аннетт Томас https://t.me/annettblond
https://youtube.com/channel/UCPUiS3WVXyum2cMF_87r8Aw Страница для донатов https://www.donationalerts.com/r/plandemia ОККУЛЬТНЫЕ ИГРЫ ЭЛИТЫ. ЯЗЫК МИРОВЫХ ТАЙНЫХ ОБЩЕСТВ  320 страниц Ссылка для заказа книги  https://konzeptual.ru/okkultnie-igri-jeliti--jazik-mirovih-tajnih-obshhestv/?utm_campaign=shegalov Заказы для книг с автографом по gsmboss@hotmail.com Помощь на развитие канала: Сбербанк 2202203679660649  Благодарю всех, кто помогает каналу!  Основной канал https://www.youtube.com/channel/UCaf6yWtaTMdG4eZRi3vMxew Yandex Money https://yoomoney.ru/to/4100115671634114 Pay Pal 911twins88@gmail.com  Telegram http://t.me/voyager1970  https://zen.yandex.ru/voyager1970https://bastyon.com/plandemia  PLANDEMIA.NEWS Записи мастер-классов можно приобрести через емаил  voyager1970@yandex.ru Книги Вадима Электронные и печатные издания:
Реальный Код да Винчи.Оккультные игры элиты
https://booksnonstop.ru/store/vse-knigi/publicistika/9785532111974.html
239 Код Mессианской эры
https://booksnonstop.ru/store/vse-knigi/publicistika/9785996512546.html
Властелины 33
https://booksnonstop.ru/store/vse-knigi/publicistika/9785996514038.html
Мои дороги.Тибет
https://booksnonstop.ru/store/vse-knigi/hudozhestvennaya/sovremennaya-proza/9785996514144.html
Мои дороги.Камбоджа
https://booksnonstop.ru/store/vse-knigi/publicistika/9785996514229.html
Властелины 33 на русском языке в электронном формате ц.699 рублей. Аудио-видео формат ц. 999 рублей.  Аудио-видео книга 239 Код мессианской эры. (23 сентября).Оккультные игры элиты, длительность 2 часа, MP4 400 MB Читает автор. Cтоимость 999 рублей.  Aудио-видео книга Реальный Код Да Винчи. Оккультные игры элиты. Длительность записи 3 часа 39 минут.Формат MP4. 800MB Читает автор. Стоимость 1119 рублей. Заказы принимаются через личную почту gsmboss@hotmail.com
https://vk.com/voyager1970
Ассоциация независимых блогеров https://teleg.run/SMINEWSBLOG",2022-07-09T20:44:35Z,26143,https://www.youtube.com/watch?v=pWZ3iR2x-YA
3vRzIJBl7fE,NOTICIAS DE ULTIMA HORA EEUU 4 SEPTIEMBRE! DONALD TRUMP SE METIÓ EN UN ESCÁNDALO INTERNACIONAL! NEWS,"NOTICIAS DE ULTIMA HORA EEUU 4 SEPTIEMBRE! DONALD TRUMP SE METIÓ EN UN ESCÁNDALO INTERNACIONAL! NEWS

Trump dice que no ha visto pruebas de envenenamiento de Navalny a la espera de los hallazgos alemanes, Trump dice que no recortará fondos para barras y estrellas, la administración Trump implementa una política para proteger las tecnologías del espacio exterior contra los ciberataques y Biden los creyentes de QAnon deberían hacerse un chequeo de salud mental.

Noticias de ultima hora eeuu, te traeremos la informacion de ultima hora en los estados unidos, con fuentes bastante confiables dentro del tema periodistico.
¡¡Si te gusta nuestra informacion no dudes en suscribirte!!
Suscríbete a nuestro canal:  http://bit.ly/2lZOTf0
Comparte el video: https://youtu.be/3vRzIJBl7fE

Noticias mundiales es un canal periodistico de los estados unidos con 4 años consecutivos informándolos, esperamos poder responder a todas sus necesidades en cuanto a la información que buscan, contamos con apoyo dentro de nuestra comunidad la cual te invitamos a que participes, junto a esto los invitamos a participar de nuestras encuestas diarias referencia al manejo dentro de la política del gobierno estadounidense y como este puede afectar al resto del mundo.
Te recomendamos otros videos dentro de nuestro canal:
Mas videos de Noticias de ultima hora eeuu:
1-.  https://youtu.be/OD2JItj4yT4
2-. https://youtu.be/HkhGFfB0CBU
3-. https://youtu.be/c1idaPOJWik
4-. https://youtu.be/0KrBvk81GJU
5-. https://youtu.be/Di3t-ryRTiE
6-. https://youtu.be/0VEl16zjnO8

Nuestra informacion no solo se basa en analisis propios si no tambien de informacion periodistica de varios portales confiables desde Noticias telemundo, CNN en español, Fox News y otros. Te invitamos a que nos sigas de cerca en nuestro camino periodistico usa.

 Si gustas puedes seguirnos mediante nuestros Hashtags:
  #noticias #ultimahora #eeuu",2020-09-05T01:00:00Z,11556,https://www.youtube.com/watch?v=3vRzIJBl7fE
Tj_ZRgZ7iaA,EL HOMBRE DE LA TIERRA (2007) Richard Schenkman,"Un día, un hombre se despide de sus amigos y les revela un secreto increíble: que es un ser prehistórico que lleva vivo 14.000 años.

Película de culto, ""The Man From Earth"" (título original), es un canto a la vida, original, inteligente, sencilla pero efectiva. La ciencia ficción no necesita un presupuesto desorbitado, ni necesita unos efectos especiales ni un sonido envolvente última generación, ni historias del futuro con mucha taquilla y poco seso... La ciencia-ficción es, como dice su propio nombre, algo que no existe, algo que solo puede vivir en nuestra mente. Para crear ciencia-ficción no necesitas nada de eso. El cine de hoy ha mal acostumbrado a la Warner Bros o A cualquier superproductora. Crear cine de la manera en que lo hace el señor Richard Schenkman es crear cine, en el sentido mas amplio de la palabra. Crear una historia a partir de una idea, y que esa historia gire en torno a dicha idea, y no viceversa. La idea era la de contar la historia más grande jamás contada...

Y vaya si la contó: alguien para quien el tiempo no sea un obstáculo ni una restricción de libertad. Alguien que haya vivido, contemplado, aprendido y vuelto a seguir viviendo. Alguien que haya convivido con Buda, visto pintar a Van Gogh, enseñado sus conocimientos a una comunidad entera, vivido el principio de los tiempos, admirado las pirámides, preguntado el porqué de su existencia, eternamente, para siempre. La encontré de una pureza única, pocas veces visto por mis ojos en el cine norteamericano. Es abierta a diversas mentalidades. A diversas opiniones. A diversos conocimientos. A diversas creencias.

Los personajes se encuentran “secuestrados” por una historia fabulosa que los va seduciendo poco a poco, y ante la cual se encontrarán irremediablemente rendidos. Y como ellos, se sentirá el espectador; como se podía sentir la gente de hace miles de años ante su chamán, oyendo los fantásticos relatos de este, creyendo sin dudar sus palabras, sobre mitos, dioses y héroes. De cómo “la palabra, con fuego entra”. MARAVILLOSA!

CANAL FUNDADO POR JORGE PALACIOS (Fundador de Unidosxlaverdad y la Escuela de Consciencia Planetaria)

SUSCRIBETE:
UNIDOSXLAVERDAD TV
https://www.youtube.com/channel/UCZQ1...

ESCUELA DE CONSCIENCIA PLANETARIA:
https://www.youtube.com/channel/UCVv3...

RUMBLE (videos nuevos contra la Plandemia)
https://rumble.com/user/UnidosxlaVerdad

canal TELEGRAM:
@UNIDOS_X_LA_VERDAD

BLOG:
http://jorge-palacios.com/

LIBROS (para apoyar nuestra auto financiación)
http://jorge-palacios.com/libros/",2022-07-08T18:55:27Z,293,https://www.youtube.com/watch?v=Tj_ZRgZ7iaA
bH6k6F0CVZs,The Coming Plan-Demic,"Get prepared, things are heating up more and more what what they have planned.",2022-06-24T01:52:58Z,2858,https://www.youtube.com/watch?v=bH6k6F0CVZs
9EbNnvxubZs,NPR Mathematics,"NPR is largely funded by Bill Gates, and they promote a steady drumbeat of propaganda about climate and energy - none of which holds up under scrutiny.",2022-07-04T03:09:57Z,10187,https://www.youtube.com/watch?v=9EbNnvxubZs
QF7qEqEViVA,Worst Disinformation Flood In History,"On July 4, 1911, record temperatures are set in the northeastern United States as a deadly heat wave hits the area that would go on to kill 380 people. In Nashua, New Hampshire, the mercury peaked at 106 degrees Fahrenheit. Other high-temperature records were set all over New England during an 11-day period.",2022-07-04T14:22:05Z,9039,https://www.youtube.com/watch?v=QF7qEqEViVA
L0uc9W9RzkM,"[ENTREVISTA COMPLETA] Robert Martínez &amp; Sonia Bazán. (En twitch, 05/07/2022).","Link de la entrevista original:
https://www.twitch.tv/videos/1523296030?tt_medium=mobile_web_share&tt_content=vod

➖➖➖➖➖➖➖➖➖➖➖➖➖➖➖➖➖

Suscribanse al canal de YouTube oficial de Sonia Bazán: https://youtu.be/S8Sz-t1iyqo

Allí encontrarás música despierta y videos muy interesantes!!

También pueden seguirla en Facebook:
https://www.facebook.com/soniabazanoficial11/

Además podes estar al pendiente de sus transmisiones en Twitch: https://m.twitch.tv/soniabazanoficial

¡Les mando un abrazo grande a todos!
Mí nombre es Alexis y soy de Argentina 🇦🇷
Gracias por estar del otro lado, poniendo like, suscribiendose y comentando.

Gracias Robert por estar ahí para nosotros ☺️

¡No sé olviden de compartir el video para que llegue a los seres que lo necesiten!

Puedes acceder en la página de cosmograma para conseguir los cursos que imparte Robert:
https://www.cosmograma.com/cursos/robert

Bendiciones 🙏💕

➖➖➖➖➖➖➖♦️➖➖➖➖➖➖➖

PUEDES DISFRUTAR DE UNAS CLASES MARAVILLOSAS EN LA SIGUIENTE LISTA DE REPRODUCCIÓN:

CLASES GRATUITAS:
https://youtube.com/playlist?list=PLkoLJ6bcBme9rxrPb64u63da0x7TIM7KE

Saludos!!
Ale 🇦🇷

#autoayuda #robertmartínez #consciencia #despertar #planoastral #espiritualidad #astrologia #despertarespiritual #energia #anticristo #bluebeam #astrologiapsicologica #tierraplana #viajeastral",2022-07-06T15:05:04Z,25825,https://www.youtube.com/watch?v=L0uc9W9RzkM
lYIu6Ky5aUw,THE ENTIRE WORLD FULLY EXPOSED. red pill mgtow nwo tiktok fortnite agenda 21 666 georgia guidestones,"Financial support is highly appreciated; for building this church is my main focus right now! 💲
Support here:
https://cash.app/$FriendOfYasha1 👈
https://www.paypal.me/staywelltoday 👈
Tap + MORE button and receive knowledge! 📗↘️

THE LAW OF AHAYAH: 📖 https://bit.ly/TheLawOfAHAYAH

MY PRECEPT LIST: 📚 https://bit.ly/MyPreceptList

My PDF: https://www.AhayahTruth.com 📚

👉 Your support for my physical and financial needs more enables me to focus on your mental and spiritual needs! Ahayah willing, I will continue to provide you with consistent teachings. Win-Win! Below are scriptures explaining why you should provide my ministry with alms / contributions / payments in return for this very important work that I Am doing. Thank you.

👉 Here is a website proving the appropriateness of this.
https://www.bereanbiblechurch.org/transcripts/galatians/6_6.htm

Luke 6:33
If you do good to those who do good to you, what credit is that to you? Even sinners do that. 🔥
🔥 Even the Greek philosophers received ""honorarium"" from the heathen.

🎁 Hon·o·rar·i·um:
a payment given for professional services that are rendered nominally without charge.
Similar words: fee / payment / consideration / allowance / remuneration / pay.

😳 ➡ Is truth not more valuable to you than lies to the heathen?

1 Timothy 5:17-18
Elders who do their work well should be respected and paid well, especially those who labor in preaching and teaching. The laborer deserves his wages.

Galatians 6:6-8
But let those who receive instruction in the truth share with their instructors all of their temporal blessings and all of the good things they have, contributing to his spiritual and material support .Be not deceived; God is not mocked: for whatsoever a man soweth, that shall he also reap. For he that soweth to his flesh shall of the flesh reap corruption; but he that soweth to the Spirit shall of the Spirit reap life everlasting.

1 Corinthians 9:11-14
If I have sown unto you spiritual things, is it wrong if I should reap physical things? The Lord hath ordained that they which preach the gospel should live of the gospel.

Tobit 12:8-9
It is better to give alms than to lay up gold: For alms doth deliver from death, and shall purge away all sin. Those that exercise alms and righteousness shall be filled with life.

Ecclesiasticus 12:2-4
There can no good come to him that is alwayes occupied in euill: nor to him that giueth no alms.

Proverbs 11:24
One gives freely, yet gains even more; another withholds what is right, only to become poor.

Proverbs 28:7
He that giveth unto the poor shall not lack: but he that hideth his eyes shall have many a curse.

Proverbs 29:7
The righteous consider the cause of the poor, but the wicked have no regard for such concerns.

My YouTube: https://youtube.com/channel/UCgkad2-u6PLTn57msiow_dQ/videos 🖵
My BitChute: https://bitchute.com/Revolutions-End-Times-Church

Email me to receive my 1-page-long PDF Document about the Mark Of The Beast 666 Vstick, then print it out and wake up the people: Sheeptiedsheep@gmail.com 📩

Join the online church:
https://discord.gg/vKxqdWjQhZ 💬

🎵 Hebrew Music:
https://drive.google.com/file/d/1y54j0O5AJrW0dTr7qIOHDpP3SHhSC1WQ/view?usp=sharing

🕊️ A LESSON ABOUT THE HOLY SPIRIT:
Wisdom is a spirit according to Ecclesiasticus and it is by keeping God's laws that it comes onto us. VERY FEW PEOPLE HAVE THE HOLY SPIRIT (aka The Spirit Of Wisdom and Truth) and here is why:

Acts 15:2
For Moses of old time hath in every city them that preach him, being read in the synagogues every sabbath day. (THEY WERE STILL KEEPING GOD'S LAWS AFTER CHRIST WAS ON THE EARTH)

Acts 5:32
And we are his witnesses of these things; and so is also the HOLY SPIRIT, whom God hath GIVEN TO THEM THAT OBEY HIM.

John 14:15-17
If ye love me, KEEP MY COMMANDMENTS. And I will pray the Father, and he shall give you another Comforter, that he may abide with you for ever; Even the Spirit of truth; whom the world cannot receive, but ye know him; for he dwelleth with you, and shall be in you.

Ezekiel 36:27
And I will put my Spirit within you, and cause you to WALK IN MY STATUTES, and ye shall keep my judgments, and DO THEM.

1 John 3:24
And HE THAT KEEPETH HIS COMMANDMENTS dwelleth in him, and he in him. And hereby we know that he abideth in us, by the Spirit which he hath given us.

Psalm 119:142
Thy righteousness is an everlasting righteousness and THY LAW IS THE TRUTH. (TRUTH = GOD'S LAW)

John 16:13
Howbeit when he, the SPIRIT OF TRUTH, is come, he will GUIDE YOU INTO ALL TRUTH. (The Holy Spirit is also called the SPIRIT OF GOD'S LAW)

⏰ Conclusion: The Holy Spirit doesn't deal with those who break God's Law. 👑

Besides reading the 1611 King James Version Bible, Also read the books of 1 & 2 Enoch, Jasher, Jubilees, and The Pseudepigrapha Vol 1 & Vol 2. Additionally, read the writings of Josephus, 1st century Israelite historian. BEWARE OF ALL OTHER BOOKS❗📖",2022-07-03T21:33:15Z,81,https://www.youtube.com/watch?v=lYIu6Ky5aUw
M00F6t0HM0I,PLANdemic 2? Now there&#39;s a surprise. Anti human Conspiracy of the century!,"Footage and content from Dave Cullen's excellent and informative channel: 'computing forever'. Check it out! All hail ''medical experts''  Bill and Melinda Gates who will deliver us from the plandemic. The look on thier faces says it all.
aherm I mean
 pandemic...
God help us.
www.carlvernon.com is a good site also on yt....alistair Williams comedian here on  yt is also highly recommended!",2020-08-28T21:29:07Z,481,https://www.youtube.com/watch?v=M00F6t0HM0I
Uym_t3qiYYs,La NUEVA HUMANIDAD y la 5D Emilio Carrillo,"""Abre tus ojos: La Nueva Humanidad ya está aquí"". Emilio Carrillo.
La plasmación en la realidad de la Nueva Humanidad que ya late en el corazón de tantas personas es responsabilidad de cada uno de nosotros. Nadie nos la va a regalar. Entre todos la debemos co-crear. Es por eso que los hechos distópicos que vivimos son una gran oportunidad para que la humanidad se adentre un nuevo ciclo evolutivo.

SUSCRIBETE:
UNIDOSXLAVERDAD TV
https://www.youtube.com/channel/UCZQ1JcF4lToWKS5bph1-4LA

ESCUELA DE CONSCIENCIA PLANETARIA:
https://www.youtube.com/channel/UCVv3...

RUMBLE (videos nuevos contra la Plandemia)
https://rumble.com/user/UnidosxlaVerdad

CINE PARA PENSAR:
https://www.youtube.com/channel/UCUfYui6J5sTVF556Oo1d8Mw

canal TELEGRAM:
@UNIDOS_X_LA_VERDAD

FACEBOOK
Unidos x La Verdad

BLOG:
http://jorge-palacios.com/

LIBROS (para apoyar nuestra auto financiación)
http://jorge-palacios.com/libros/",2022-07-05T12:23:15Z,398,https://www.youtube.com/watch?v=Uym_t3qiYYs
leFyK7JDDjU,&quot;They Planned It All Along&quot;,"Did you know that the WEF were talking about digital IDs back in 2016, 4 years before the pandemic?! Nick Corbishley, author of 'Scanned: Why Vaccine Passports and Digital IDs Will Mean The End of Privacy and Personal Freedom' tells us more...

Nick's New Book: Scanned - https://www.chelseagreen.com/product/scanned/
Article: https://medium.com/id2020/immunization-an-entry-point-for-digital-identity-ea37d9c3b77e

References
https://medium.com/id2020/immunization-an-entry-point-for-digital-identity-ea37d9c3b77e

To listen to the full #UnderTheSkin episode, subscribe to the Luminary Channel on Apple Podcasts at apple.co/russell or on the Luminary app http://luminary.link/russell

#VaccinePassports #Vaccine #DigitalIDs #Pandemic

Get tickets for my 2022 tour here: http://bit.ly/33_2022

Join Our Community HERE: https://www.russellbrand.com/join

For meditation and breath work, subscribe to my side-channel:
https://www.youtube.com/c/AwakeningWithRussell

My Weekly meditation podcast, Above the Noise, is available now on Apple & Luminary
http://apple.co/meditate
http://luminary.link/meditate

FOOTBALL IS NICE is my free, weekly, full-length podcast - subscribe here: https://www.youtube.com/c/FootballisNiceRussellBrand

Rumble:
https://rumble.com/c/russellbrand

Locals:
https://russellbrand.locals.com/",2022-03-10T17:00:34Z,1017017,https://www.youtube.com/watch?v=leFyK7JDDjU
CFw8751rvNU,FLATTEN THE CURVE? 😷 IS COVID-19 A PLANDEMIC?,"WHAT ARE THE COLD HARD FACTS ABOUT THE CORONAVIRUS? 😷...Is COVID19 a plandemic when we look at the real numbers and science? 👉Watch the FULL episode HERE: https://youtu.be/_AhbC1OUWSQ

☕️Get the BEST Morning Routine Ever: http://wellnessforce.com/M21
👉BREATHE: 21 day guided breath and wellness program using ancient wisdom for boosting immunity, a calm mind, and freedom from chronic stress in the modern world. http://breathwork.io

🎙️Subscribe to the free Podcast: http://linktr.ee/wellnessforce

📸Get all the free show notes: (extra resources for you) http://wellnessforce.com/344

🎙️Subscribe to the free Podcast: https://linktr.ee/wellnessforce

❤️Join The Wellness Force Community on Facebook: http://www.wellnessforce.com/Group

🆒Rate and review Wellness Force on iTunes: http://wellnessforce.com/review

LESLIE MANOOKIAN: ""Virology 101: Disease has a cycle of rising till it peaks then it tapers off. COVID19 follows this pattern for 6-8 weeks so this idea to flatten the curve is actually a fallacy because what we're doing from lockdowns to wearing face masks isn't affecting it. Scientists are finding that 5-15% of the people will get COVID19, that most of the people will never know they have it, most people are exposed to it, and we shouldn't be as frightened of it as the mainstream media is pushing on us.""

What would happen if we all stopped buying into the projections, hype, and fear the mainstream media is feeding us?

Qualified Homeopath and Award-winning Filmmaker of The Greater Good, Leslie Manookian, shares what inspired her to join The Weston A. Price Foundation, shares the truth about asymptomatics and face masks, the global ramifications that will impact us post COVID19, the mass medium manipulation from The Gates Foundation, and what's really going on with COVID19 when we look at the actual data rather than the projections of fear and hype from mainstream news.

Listen to the full episode and get the show notes at https://wellnessforce.com/344

==========================================
You May Also Like
==========================================
192 Jason Prall: The Human Longevity Project (How To Live To 100) https://youtu.be/d1x1D4lV9tk
199 Peter Crone: Bridging Physical Vitality & Mental Peace https://youtu.be/20XhgS_Yn2c
Dr. DAVID PERLMUTTER: The GRAIN BRAIN Whole Life Plan
https://youtu.be/BFdaea8fIaU
ROBB WOLF: WIRED TO EAT | WHY DO WE GET FAT?
https://youtu.be/GPj-orHeuac
PAUL CHEK: THE REVOLUTION IS COMING
https://youtu.be/jeLq1m3Nz-o
SEALFIT 20X | A DEEPER WHY: https://youtu.be/mCLhrxXIL3Y
==========================================
Join the Conversation!
==========================================

Like Wellness Force On FACEBOOK http://www.facebook.com/wellnessf
Join The Wellness Force FACEBOOK GROUP
Follow Wellness Force On INSTAGRAM http://www.instagram.com/wellnessforce
Follow Josh Trent On INSTAGRAM http://www.wellnessforce.com/trent_SD
http://www.wellnessforce.com/group
Follow Wellness Force On TWITTER http://www.twitter.com/wellnessforce
Do you want to connect with Wellness Force Media? https://wellnessforce.com/contactus/

WELLNESS FORCE MEDIA is a global collective dedicated to mastering physical and emotional intelligence for humans to thrive in our modern world.

In the Wellness Force #podcast together, we walk the path of courage to cross the gap between knowing and doing.

Your Host, Josh Trent asks the questions no one else will ask to get the truth about how to live a life of confidence, freedom, and optimal wellness.

This is where your Hero's journey comes alive as you listen and live the (3) phases of true intelligence:

Gathering, Applying, & Embodiment.

Learn from world class leaders in the fields of physical intelligence, breathwork emotional intelligence, behavior change, wellness, nutrition, behavioral psychology, habits, mindset, fitness, health, strength training, organic supplementation, biohacking, body transformation, psychedelics, mindfulness, meditation, neuroscience, mental health, #spirituality, consciousness and the 7 pillars of wellness to live life well.

HashTags
========
#Spirituality
#SelfHelp
#TopPodcasts
#WellnessForce
#PersonalGrowth",2020-07-07T00:00:10Z,1080,https://www.youtube.com/watch?v=CFw8751rvNU
Rg_vPBjm0U0,PLANDEMIC Part 1: Dissent in America and Debunking Bias,"In Part 2 of my discussion about the first installment of the documentary PLANDEMIC, I cover the reactions to my first video as well as the bigger issue of dissent in America. Debunkers' confirmation bias, and blind trust in higher authorities.

The Atlantic article I reference: https://www.theatlantic.com/ideas/archive/2020/04/what-covid-revealed-about-internet/610549/
""Significant monitoring and speech control are inevitable components of a mature and flourishing internet, and governments must play a large role in these practices to ensure that the internet is compatible with a society’s norms and values.""

Fauci knew the Benefits of Hydroxychloroquine: https://onenewsnow.com/perspectives/bryan-fischer/2020/04/27/fauci-knew-about-hcq-in-2005-nobody-needed-to-die

Hydroxychloroquine rated ‘most effective’ coronavirus treatment, poll of doctors finds
https://nypost.com/2020/04/02/hydroxychloroquine-most-effective-coronavirus-treatment-poll/?fbclid=IwAR2vmTHFTgb2JQGuT-a3BaBnrBJAnObX2NyU_J9VGush4h9eshdhHZX1o4k

""TUCKER CARLSON SAYS FAUCI HAS BEEN 'WRONG REPEATEDLY, CONDEMNS CALL FOR NATIONAL QUARANTINE AS 'NATIONAL SUICIDE""
https://www.newsweek.com/tucker-carlson-says-fauci-has-been-wrong-repeatedly-condemns-call-national-quarantine-1496085?fbclid=IwAR25m3B9BUbOChjObX6fDb_LJdhmf8uIz7qxvq5C85vZibM09VFrjTn7IAk",2020-05-11T00:16:30Z,3223,https://www.youtube.com/watch?v=Rg_vPBjm0U0
Ae60LitDZqs,"Who is behind the coronavirus pandemic or plandemic? Kurginyan - Russian response, part 3","00:00 - Intro
00:13 - who warned in 2015 about the creation of a new type of coronavirus?
05:42 - experiments in infecting living organisms with the new coronavirus
07:22 – testing the new coronavirus’ ""efficiency""
11:07 - who announced the laboratory creation of a new coronavirus capable of infecting human cells
13:17 - the first reports on the ability of a bat coronavirus to infect people
15:19 - who continued research on new coronaviruses despite the US moratorium
19:49 - who prohibits discussing the artificial nature of COVID-19’s origin and how?
21:22 - COVID-19 is too perfect
22:54 - why did the US suspend research at a leading military biological defense center?
30:53 - who sent letters with anthrax spores?
32:17 - how a mysterious vaping-related disease became an epidemic in the US
38:01 - Pandemic exercises in the USA on the eve of coronavirus pandemic - Event 201
45:00 – is the global fight against the pandemic a prologue to creating a world government?
47:33 - from Event 201 to the Military World Games in Wuhan
48:27 - systematic reorientation of the US to confrontation with China
51:55 - what is the root of all problems related to the Sino-US conflict?
53:41 - discussion in the US House of Representatives about first coronavirus cases
57:07 – link between the Evangelicals and Catholics and combating coronavirus in the US
1:07:41 - Beijing thinks the coronavirus could have come to China from the US
1:08:33 – halting globalization through a pandemic
1:10:17 – Canadians call Fort Detrick the only possible COVID-19 source
1:11:06 - Catholic archbishop on the origin of the coronavirus
1:12:23 - what information does China want the US to disclose?
1:13:05 - who was the first coronavirus patient?
1:14:30 - three Chinese questions for the US

The leader of the Essence of Time movement Sergey Kurginyan starts the episode referencing events from 2015. Nature Medicine published an article about experiments to create a new chimeric coronavirus based on SARS and a bat virus. This artificial virus was able to successfully reproduce in human respiratory cells. Studies on mice showed that vaccines and treatments against SARS are almost completely ineffective against the new virus. The scientists concluded that in the future it is possible that the disease outbreaks in humans may occur as a result of virus mutation associated with bats.
This 2015 article sparked a debate in the scientific community about whether such dangerous experiments to enhance virus pandemic potential are justified because a lab-made virus could escape.
In 2020, in the midst of the COVID panic, a note was added to the article dated by 2015, stating that the scientists believe that the coronavirus is of natural origin. In other words, some censorship actually prohibits the discussion of the virus' artificiality.
Referring to these 2015 articles, Kurginyan stresses the possibility of creating a new virus remains relevant. He tells about the events which became a prologue to the new coronavirus pandemic. At the beginning of August 2019  US mass media reported that the US Centers for Disease Control and Prevention (CDC) stopped the work of laboratories at Fort Detrick, which dealt with dangerous pathogens and toxins. Also in August, the US began to talk about an outbreak of a ""mysterious vaping illness.” Doctors encountered unusually severe lung injury in patients, but were unable to identify the source of the disease. And in October 2019, even before there was any information about an outbreak of pneumonia in China, a top-level pandemic exercise called Event 201 was held in New York. The scenario of the exercise was fantastically similar to the events that later unfolded in reality.
Then came the Munich Security Conference in February 2020, during the US announced its pivot towards an abrupt confrontation with China.
China reacted sharply to the “confessions” of Redfield, the CDC head, who confirmed in March that the US had cases of the new infection diagnosed as influenza. Kurginyan points to a whole network of close ties: US Vice President Mike Pence, Redfield, Shepherd Smith's evangelical circles and others. These figures are now taking part in the events around the coronavirus. The same group is also associated with Rumsfeld, the developer of a plan for total quarantine among the civilian population in response to a Chinese biological attack.
Kurginyan stresses that the information confirming the development of action plans in the US similar to those currently being implemented in connection with the coronavirus pandemic is not classified. It was therefore brought to the attention of Chinese policymakers, who began to ask difficult questions to the United States.",2020-10-03T09:10:37Z,59072,https://www.youtube.com/watch?v=Ae60LitDZqs
Ewq6XyJ6T6s,Plandemic,,2020-08-19T17:10:44Z,4925,https://www.youtube.com/watch?v=Ewq6XyJ6T6s
O51P4YyPdyM,COVID-19 Documentary &quot;Plandemic&quot; Is Hot Garbage,"A very requested video. Today we shall be looking at a new documentary that is spewing some conspiracy theories about COVID-19. Let's have a look.

Support me on Patreon: https://www.patreon.com/user?u=3308388

Follow me on Twitter: https://twitter.com/StickProfessor

Become a Member: https://www.youtube.com/channel/UCbjw7dE_hxJT-VGLTqCjlJA/join

Check out my merch: https://teespring.com/stores/professorstick

Join us on my Discord: https://discord.gg/NsnSvRW

Original Video: https://www.youtube.com/watch?v=gQYPi0Wm6OE

-------------------------------------------------------------------------------------------------

FAIR USE NOTICE:
This video may contain copyrighted material the use of which has not always been specifically authorized by the copyright owner. We are making such material available in our efforts to advance understanding of environmental, political, human rights, economic, democracy, scientific, and social justice issues, etc. We believe this constitutes a 'fair use' of any such copyrighted material as provided for in section 107 of the US Copyright Law. In accordance with Title 17 U.S.C. Section 107, the material on this site is distributed without profit to those who have expressed a prior interest in receiving the included information for research and educational purposes.",2020-05-09T15:50:18Z,43243,https://www.youtube.com/watch?v=O51P4YyPdyM
lhTN1xyUNZI,Plandemic,the truth about corona,2020-12-20T01:57:08Z,41,https://www.youtube.com/watch?v=lhTN1xyUNZI
rBzg1RNb4DA,"Выскопоставленные п-филы, как всегда ушли от ответственности","Страница для донатов https://www.donationalerts.com/r/plandemia ОККУЛЬТНЫЕ ИГРЫ ЭЛИТЫ. ЯЗЫК МИРОВЫХ ТАЙНЫХ ОБЩЕСТВ  320 страниц Ссылка для заказа книги  https://konzeptual.ru/okkultnie-igri-jeliti--jazik-mirovih-tajnih-obshhestv/?utm_campaign=shegalov Заказы для книг с автографом по gsmboss@hotmail.com Помощь на развитие канала: Сбербанк 2202203679660649  Благодарю всех, кто помогает каналу!  Основной канал https://www.youtube.com/channel/UCaf6yWtaTMdG4eZRi3vMxew Yandex Money https://yoomoney.ru/to/4100115671634114 Pay Pal 911twins88@gmail.com  Telegram http://t.me/voyager1970  https://zen.yandex.ru/voyager1970https://bastyon.com/plandemia  PLANDEMIA.NEWS Записи мастер-классов можно приобрести через емаил  voyager1970@yandex.ru Книги Вадима Электронные и печатные издания:
Реальный Код да Винчи.Оккультные игры элиты
https://booksnonstop.ru/store/vse-knigi/publicistika/9785532111974.html
239 Код Mессианской эры
https://booksnonstop.ru/store/vse-knigi/publicistika/9785996512546.html
Властелины 33
https://booksnonstop.ru/store/vse-knigi/publicistika/9785996514038.html
Мои дороги.Тибет
https://booksnonstop.ru/store/vse-knigi/hudozhestvennaya/sovremennaya-proza/9785996514144.html
Мои дороги.Камбоджа
https://booksnonstop.ru/store/vse-knigi/publicistika/9785996514229.html
Властелины 33 на русском языке в электронном формате ц.699 рублей. Аудио-видео формат ц. 999 рублей.  Аудио-видео книга 239 Код мессианской эры. (23 сентября).Оккультные игры элиты, длительность 2 часа, MP4 400 MB Читает автор. Cтоимость 999 рублей.  Aудио-видео книга Реальный Код Да Винчи. Оккультные игры элиты. Длительность записи 3 часа 39 минут.Формат MP4. 800MB Читает автор. Стоимость 1119 рублей. Заказы принимаются через личную почту gsmboss@hotmail.com
https://vk.com/voyager1970
Ассоциация независимых блогеров https://teleg.run/SMINEWSBLOG",2022-07-02T18:46:54Z,23210,https://www.youtube.com/watch?v=rBzg1RNb4DA
u_UAL0KPiPw,Chatting Bollo*cks -The Coronavirus Plandemic - Part 2,"In part two of our coronavirus conspiracy sesh, Jamie and I dive into the real meat of two veg of it, if you know what I mean. What's all this about 5G, and when will the mask-dodging Karens give it a rest? Was the plan to flog us vaccines all along and is Bill Gates an all-powerful mastermind, or just a proper nerd melt like Jamie? I dunno, but I've still got a 24-pack of bog roll going on eBay if you're interested.

Snapchat: Dapper29
Twitter: https://twitter.com/dapperlaughs
Facebook: https://www.facebook.com/ChattingBollocks-Podcast-111029360715042/Instagram: http://instagram.com/dappersinstagram",2020-09-10T04:00:10Z,1590,https://www.youtube.com/watch?v=u_UAL0KPiPw
Lto7XUbnBNc,PLANDEMIC – INDOCTORNATION - The Documentary,"[Mirrored]
Deleted Videos on BitChute
https://www.bitchute.com/channel/crazyworldwhichwelivein/
YouTube Main Channel
https://www.youtube.com/channel/UCjc1DttcvDAIQW8qPkpINPg/
YouTube Backup Channel
https://www.youtube.com/channel/UC74wLp8zJvjHX2kZRQeLvAQ/
PLANDEMIC - INDOCTRINATION
https://www.bitchute.com/video/f3q8hRa3Tq43/",2020-08-19T03:53:20Z,8699,https://www.youtube.com/watch?v=Lto7XUbnBNc
64MRdxyR1Q8,Plandemic Movie,"The Plandemic Movie features Dr. Judy Mikovits who claims that the current Coronavirus pandemic is a hoax. This video highlights some of the inaccuracies in the plandemic movie.

Dr. Sajjad Fazel, a public health researcher highlights some of the inaccuracies in the plandemic movie. The plandemic movie is filled with conspiracy theories and should not be shared.

Here are some published articles about the movie:
1. A detailed debunk of the movie: https://n.pr/3fw3SoB
2. A thorough fact-check of the movie: https://bit.ly/2WjZgdB
3. An insight into why people believe conspiracies: https://bit.ly/2SL9Nwb
4. The importance of pushing back against conspiracies https://bit.ly/2xLBbmi

📺Subscribe To My Channel for more Health Tips and Debunks:
https://www.youtube.com/channel/UCLFftltN4c-CLDRqcULys5w?sub_confirmation=1

You can connect with me on the following platforms:
Twitter: https://www.twitter.com/SajjadFazel
Instagram: https://www.instagram.com/sajjadfazel",2020-05-09T04:20:28Z,6088,https://www.youtube.com/watch?v=64MRdxyR1Q8
RnlJiLbRJd4,The Plandemic In One Sentence,"Connect the dots below the surface of COVID-19:

Outrageous death predictions to trigger fear and a global lockdown, false COVID tests, media fear-mongering, censorship, a war on simple inexpensive cures, 5G, mandatory vaccination of every man, woman and child with digital ID, Bill Gates, economic stranglehold, global control just to name a few.",2020-05-20T22:07:51Z,3268,https://www.youtube.com/watch?v=RnlJiLbRJd4
CUmEOIE_H9s,PLANDEMIC – INDOCTORNATION - The Documentary,"[Mirrored]
Deleted Videos on BitChute https://www.bitchute.com/channel/crazyworldwhichwelivein/
YouTube Main Channel
https://www.youtube.com/channel/UCjc1DttcvDAIQW8qPkpINPg/
YouTube Backup Channel
https://www.youtube.com/channel/UC74wLp8zJvjHX2kZRQeLvAQ/
PLANDEMIC - INDOCTRINATION
https://www.bitchute.com/video/f3q8hRa3Tq43/",2020-08-19T02:43:12Z,64438,https://www.youtube.com/watch?v=CUmEOIE_H9s
VQ9Br-bAbDE,Plandemic,Trailer for the game you have to tell all of your friends about. Make sure you expose them to the truth... Or block them for trying to debunk your views with science.,2020-05-10T05:30:14Z,245,https://www.youtube.com/watch?v=VQ9Br-bAbDE
81Q6gTGJlH8,¿Todavía no te has puesto la cuarta dosis?,"Puedes comprar el ""Diario de un negacionista"" ya en IG (@mamirricklibros) mandando mensaje privado o mandando un e-mail a mamirricklibros@gmail.com.

Para todo lo demás: https://linktr.ee/mamirrick",2022-07-03T10:26:51Z,1549,https://www.youtube.com/watch?v=81Q6gTGJlH8
X6B2IT4VPVc,Is it a pandemic or a plandemic?,"I came across this video on tiktok and wanted to share what’s really going on and we don’t know about it till now after you listen to this everything he said is true he nailed it why are they using our children now and doing all this damage it isn’t fair to us humans. Do we matter anymore? Why are we the people being a target ? Thanks for listening this is just an eye opener for all of us. We need to stick together and speak up, especially for our children.


Apple podcast -https://podcasts.apple.com/us/podcast/hazelloves-podcast/id1598053050



Merch -https://shop-with-marie.creator-spring.com/listing/no-fucks-given-6925?product=212


Spotify podcast -https://open.spotify.com/show/73jaubKZJH9c3M5mpBCk8s?si=SMSYwJCUSA2f47rfDRVmOw",2021-12-12T20:55:05Z,25,https://www.youtube.com/watch?v=X6B2IT4VPVc
IC3YZDp9V9o,Plandemic Exposed - David E. Martin via London Real,,2020-09-02T12:43:26Z,80298,https://www.youtube.com/watch?v=IC3YZDp9V9o
T0JkxcUjJA0,MORE PROOF COVID IS A PLANDEMIC,,2021-10-25T11:21:08Z,542,https://www.youtube.com/watch?v=T0JkxcUjJA0
DsA-YmYqtmI,PLANDEMIC: Censored &amp; Removed! WHY?????,"A commentary about the censorship of the documentary #PLANDEMIC, By Mikki Willis, and his interview with Dr. Judy Mikovits.
Why does Big Tech keep removing it?
What ""community guidelines"" are being broken?
What's the reason for censorship?
Why do other dubious documentaries get remain, but not this one?
Is this a Free Speech issue? Or a Big Government/Big Pharma/Big Tech one?",2020-05-07T17:56:11Z,61876,https://www.youtube.com/watch?v=DsA-YmYqtmI
Xj6ppqsK-Mk,Plandemic InDoctorNation,How The Pandemic Covid19 was planed for many years a go with succes.,2021-05-09T13:54:09Z,1484,https://www.youtube.com/watch?v=Xj6ppqsK-Mk
k4mCac7TAuo,Cobratates house being raided by police 🐍👇 #andrewtate #cobratate #cobratatemotivation #fypシ #zyxcba,#viral #shorts #andrewtate #cobratate #hustleruniversity #datingtips #datingapp #dates #onlinedating #dailydoseofredpill #onlinedatingfail #matches #datingadvice #gerardkeyspodcast #redpilltruth #redpill #datenight #redpilltraining #gerardkeys #hustlersuniversity #datejust #dailyredpilldose #trump #tristantate #tateism #motivation #successmindset #motivationalquotes #moneymindset #inspiration #tate #god #covid #pandemic #plandemic #success #mindset #grind #strongwill #masculinity #strong #demigod #leonardodicaprio #republicans #religion #king #money #whealth #talismans #lifestyle #gops #churchoftate #gop #usa #democrat #entepreneur #entepreneurship #populism #talismantate #populist #saynotolockdown #conservative @wise.guys,2022-07-09T08:33:30Z,3,https://www.youtube.com/watch?v=k4mCac7TAuo
T0QqpWxpiCY,Plandemic: The New Age Indoctrination,"Email: e511ministries@gmail.com
Facebook: https://www.facebook.com/E511Ministries/
Donate: https://www.paypal.me/e511?locale.x=en_US
Read to the first 93 pages of my book The False Apocalypse here: https://www.dropbox.com/sh/o718mhbk2se8olg/AABd4mnEqg_91mWBd-Y546bIa?dl=0

Topics include: Bible Prophecy, Conspiracy Theory, David Icke, Deception, End Times, Gnosticism, Mikki Willis, New Age, New World Order, Plandemic, Revelation, Satan, Spiritual Warfare",2020-08-23T12:22:28Z,34779,https://www.youtube.com/watch?v=T0QqpWxpiCY
gYJi1D2hBFc,BIG Proof #2: Pope behind PLANdemic,"The Pope, Chemtrails, Climate Change, Covid 19 PLANdemic and SUNday laws. He's behind ALL of it exactly as prophesied!

SEE PART 1 HERE - https://www.youtube.com/watch?v=Fx7QmY5XIfU

All links in this video are listed in my poGm blog entry at: https://nicholaspogm.blog/2021/07/16/proof-2-pope-behind-pandemic/

PART 1 OF THIS VIDEO - https://www.youtube.com/watch?v=Fx7QmY5XIfU

WE HAVE LITTLE TIME LEFT - WANT TO KNOW WHAT HAPPENS NEXT? GET THIS BOOK:
https://vbates.com/product/the-spirit-of-prophecy-volume-4/

WE NOW HAVE OUR OWN poGm LIVE STREAM! FAVORITE THIS LINK!
https://remnantofgod.org/meeting.htm
(We go LIVE Friday evening 8:00pm and Sabbath day at 12:00 noon EST)

SDR SERMONS & STUDIES:
https://remnantofgod.org/sdrhome.htm

GROWING LIST OF VIDEOS THAT WERE BANNED BY YOUTUBE:
https://remnantofgod.org/banned.htm

Main site: https://www.remnantofGod.org
PLEASE Subscribe and SHARE :)

FAIR USE NOTICE: This video may contain copyrighted material. Such material is made available for educational purposes only. This constitutes a 'fair use' of any such copyrighted material as provided for in Title 17 U.S.C. section 107 of the US Copyright Law.",2021-07-20T04:21:18Z,14378,https://www.youtube.com/watch?v=gYJi1D2hBFc
4HnfGWhDFA8,The PLANdemic ID 2020,"NEW TRACK WRITTEN BY MYSELF ADS THE BAR-BARIAN
PRODUCED BY FYA DA FLAME AKA DEMONARCHY
VIDEO PRODUCED AND EDITED BY FYA DA FLAME AKA DEMONARCHY
TAKEN FROM THE FORTHCOMING ALBUM...
ADS THE BARBARIAN
This track speaks on the current pandemic that is going on right now all over the world, never have we seen or lived in such times.
We are just trying to make people more aware of whats realy going on behind the scenes and in front of our eyes.
PLEASE SEE FOR YOURSELF...DO NOT BE A SHEEP...
LET ME BE THE SHEPARD AND THE STAFF BE MY MIC,
I WILL GUIDE YOU THROUGH THE DARKNESS ANS SHED A LITTLE LIGHT",2020-04-03T13:15:14Z,705,https://www.youtube.com/watch?v=4HnfGWhDFA8
LXoTP5JXSvo,What will the next PLANDEMIC’$ look like and what should we do to prepare?,"In this edition of the Hard Truth Show I discuss the upcoming possible future Plandemic’s the wicked leaders of the world plan to do to humanity and also check out the United in YAH online conference coming up later this year make sure to check out the video https://www.youtube.com/watch?v=8ikQH7OnrPw

Link to KingdomMindedCo t-shirt shop:
https://www.etsy.com/shop/KingdomMindedCo
https://www.facebook.com/Kingdom-Minded-111554198186427/

If you would like to support the channel through donation you can do so via:
Paypal https://www.paypal.me/7trumpetsprepper
cashapp https://cash.app/$7trumpetsprepper
venmo https://venmo.com/code?user_id=2642274391425024113
Shib wallet address
0xD687aAcE125C6869EEE68b46DDfe3B1BA50b57F8
Etherium wallet address
0xD687aAcE125C6869EEE68b46DDfe3B1BA50b57F8
Zec wallet address
t1ZB2ENer9CNrBVpBjZx7U2fJBW39GGUguh
Bitcoin wallet address
bc1q33zkcesdxkzc9la8l8pw085ekftm3ght9q426u
If you would like to support the channel and mine PI from your phone ans support yourself as well you can do so via this link: Pi is a new digital currency developed by Stanford PhDs, with over 33 million members worldwide. To claim your Pi, follow this link https://minepi.com/7trumpetsprepper and use my username (7trumpetsprepper) as your invitation code.

Make sure to visit http://www.soundingtheloudcry.com/ to find out more about the 7 Trumpets of Revelation, The Creators Calendar and much more.

Off Grid living is what you desire and independence? Then contact us at http://www.offgridcontracting.com/ and we can help make your dreams a reality.

Epic Survival and Tactical gear delivered to your door step monthly
https://www.battlbox.com/pages/7trumpetsprepper

Are you prepared for a Nuclear, Biological,Radiological, or Chemical event? IF not to get the proper protection visit Mira safety: https://www.avantlink.com/click.php?tt=cl&merchant_id=bf87b332-5dc3-4828-a78e-334a6e9c4c6a&website_id=dab56ac0-9c37-435a-854e-30b5b8f15444&url=https%3A%2F%2Fwww.mirasafety.com%2F&ctc=MSGM

Looking for Alternative Energy for your prepping needs? Offering solutions for applications in Solar, Wind and more visit: http://hurricanewindpower.com/

EMP protection for your equipment and security for when it counts visit Faraday Defense: https://www.avantlink.com/click.php?tt=cl&merchant_id=fa9c3593-8c80-4bf4-91f5-1f4ee8feaafe&website_id=dab56ac0-9c37-435a-854e-30b5b8f15444&url=https%3A%2F%2Fshop.faradaydefense.com%2F&ctc=FDDF

INTRO THUNDER BY:Mark DiAngelo

INTRO/OUTRO SOUNDS AND MUSIC PROVIDED BY:POND5.COM

#enddays
#preparedness
#plandemic",2022-05-29T02:32:45Z,1940,https://www.youtube.com/watch?v=LXoTP5JXSvo
bwRNWRRXEvc,Plandemic: The Truth Behind The COVID-19 Pandemic,Behind the scenes events leading up to the current COVID-19 Pandemic.,2021-01-23T20:19:27Z,20,https://www.youtube.com/watch?v=bwRNWRRXEvc
2-O3SZr58bg,PLANDEMIC INDOCTORNATION,"www.awarriorcalls.com the world must go for TRUTH and the SOLUTION!

All videos on A Warrior Calls youtube and website are also found at Bitchute.
Released August 18th 2020 a documentary for the world who must see this evidence!

Download this and re upload everywhere you can be relentless our world depends on these massive FACTS and TRUTH brought into the light!

God Speed",2020-08-19T01:55:29Z,5146,https://www.youtube.com/watch?v=2-O3SZr58bg
sG1I3YSXnvM,The Plandemic 👁,,2022-03-27T16:54:14Z,11874,https://www.youtube.com/watch?v=sG1I3YSXnvM
dFavC7vhp_w,Plandemic 2:INDOCTORNATION (Full Movie),"NOT MINE I AM REPOSTING IN CASE ORIGINAL IS TAKEN DOWN

https://rumble.com/vogkf1-plandemic-2-indoctornation-full-movie.html

The first installment of PLANDEMIC, a 26 minute documentary featuring celebrated virologist Judy Mikovits, has been seen by over one billion people worldwide, setting a historic record. The premiere of PLANDEMIC 2 (aka INDOCTORNATION) featuring white collar crime investigator, Dr. David Martin, also set a world record with 2 million viewers attending the global livestream.

The two part series was declared “debunked” by critics all over the world. In the name of science and public safety, the gatekeepers of free speech took unprecedented measures to censor the information they called “dangerous conspiracy theory.”

When Dr. Mikovits made the bold claim that COVID-19 was manipulated in a lab, she was smeared as “crazy.” When Dr. Martin exposed the patents and paper trail proving that that Dr. Fauci was funding dangerous gain of function research at the Wuhan Lab, critics laughed.

Today, the critics are no longer laughing. Through accredited scientific studies, every major claim made within the PLANDEMIC series has been validated as accurate. PLANDEMIC is now being acknowledged for being among the first to warn the world of the agenda to reduce the liberties of citizens through medical tyranny.",2021-12-24T18:27:33Z,997,https://www.youtube.com/watch?v=dFavC7vhp_w
iqWjah4_C90,PLANDEMIC INDOCTORNATION: THE DOCUMENTARY THEY DO NOT WANT YOU TO SEE.,"NonProfit Educational Fair Use Copyright Section 107 US

Some word like ""Population Control"" have been edited out to overcome censorship.

Watch in full ON London Real @londonreal
https://freedomplatform.tv/plandemic-...

Created by the team behind the game-changing Plandemic video segment from Mikki Willis featuring Dr. Judy Mikovits that went viral and was banned on every major social media platform for exposing the truth about Covid-19, this new FEATURE LENGTH PIECE which is the most revelatory film on what is driving the vaccine agenda, the various roles of the WHO, Bill Gates, Tedros Adhanom, Anthony Fauci and more.

Going deep into what is really happening with mainstream media, Silicon Valley tech giants, big pharma and our health protection agencies, Mikki’s new film finally connects the dots…

… And we are excited to be able to share this with you…

We believe that this film will fundamentally shift the discourse around Coronavirus, the lockdown and the vested interests involved.

Clips

1. The Event ‘201’
2. The Backstory Behind The Judy Mikovits Interview
3. Interview With David E. Martin “Turning Coronavirus From A Pathogen To Profit”
4. Where Did The Coronavirus Originate And How Was The Media Spread It
5. How Does Google And Other Silicon Valley Companies Control The Narrative
6. Should We Trust Our So Called ‘Fact Checkers’
7. Power Hungry People Controlling The Narrative, The So Called ‘Mocking Bird’
8. How The Media Targets Whistleblowers
9. The Out Break Of Coronavirus Was Predicted Long Before The ‘201 Event’
10. Leadership Is Compromised By Merits Of Influence Rather Than Qualities
11. Why We Will Never Be Able To Fix Our Medical Care System
12. Who Is Bill Gates And What Eruption Has He Caused
13. ‘The National Childhood Vaccine Injury Act’
14. From Microsoft To Creating A Vaccine, How Is Gates Involved With Epstein
15. A Vaccine Or A Population Management Story
16. Stand Up To The Conspiring Parties To Reclaim Your Humanity!",2020-12-02T03:36:12Z,1635,https://www.youtube.com/watch?v=iqWjah4_C90
_Zw_Sh5Vo5E,Baltik - Plandemic (Prod ADC),"During this Coronavirus or Covid19 plandemic. Its easy to get swept away in the tsunami of fear, being unleashed by the mass media every waking hour. However if you dig a little deeper, there is a far more sinister agenda unfolding. Welcome to the ""New normal"" where you have no rights and no privacy. Where the government pay the 77th brigade  a total of 20,000 personnel to spy on its own population and influence social media. Where immunity passports and digital ID will become a requirement, to travel or work. Decentralize and resist.",2020-05-06T14:40:13Z,3274,https://www.youtube.com/watch?v=_Zw_Sh5Vo5E
y9e8pmOGjMc,Ghana President exposes Covid - 19 Plandemic,Ghana President exposes Covid - 19 Pandemic,2022-01-17T20:10:01Z,160,https://www.youtube.com/watch?v=y9e8pmOGjMc
9es54U4Tc9E,*Plandemic  Clip03  Interview With David E  Martin Turning Coronavirus From A Pathogen To Profit,"Plandemic Indoctornation  Clip01  The Event '201' - https://youtu.be/QNi6bQ8uocM
Plandemic  Clip02  The Backstory Behind The Judy Mikovits Interview https://youtu.be/m0sm4SNH_4g
*Plandemic  Clip03  Interview With David E  Martin Turning Coronavirus From A Pathogen To Profit - https://youtu.be/9es54U4Tc9E
Plandemic  Clip04  Where Did The Coronavirus Originate And How Has The Media Spread It - https://youtu.be/C8DJ3bbfnAw
Plandemic  Clip05  How Does Google And Other Silicon Valley Companies Control The Narrative - https://youtu.be/64QxJ-Id6iU
Plandemic  Clip06  Should We Trust Our So Called ‘Fact Checkers’ - https://youtu.be/gV6ZYee_ssw
Plandemic  Clip07  Power Hungry People Controlling The Narrative, The So Called ‘Mocking Bird’ - https://youtu.be/9dseUNaJR2U
Plandemic  Clip08  How The Media Targets Whistleblowers - https://youtu.be/LVuPvRJtwWY",2020-08-18T21:20:42Z,1988,https://www.youtube.com/watch?v=9es54U4Tc9E
-h8Uw9CIgMI,Wake up from Covid19 pLandemic!,"You have been deceived by these liars who talk two opposite stories for the same thing
Coronavirus is here to justify mandatory vaccination
Main target are the children
For beginning take off your 😷

#wakeup #covid19 #coronavirus",2022-04-20T07:53:26Z,122,https://www.youtube.com/watch?v=-h8Uw9CIgMI
gFYFdBGjNpA,#HalfWoke: &quot;Plandemic Movie&quot; Part 2? with Dr Rashid Buttar,"#Halfwoke #1 - Out of the Shadows, QAnon and IPETGOAT - https://www.youtube.com/watch?v=UzpVpVn-nhA
#Halfwoke #2 - Plandemic Part 1 - What you didn't know
https://www.youtube.com/watch?v=9VtTv51152o

Support my ministry on Patreon – https://www.patreon.com/OnPointPreparedness

Support my ministry on Paypal – https://www.paypal.me/onpointpreparedness

On Point Tee’s now available! - https://teespring.com/stores/on-point-preparedness

Mail me @
On Point Preparedness
PO Box 953
Mason Ohio, 45040 The purpose for which On Point Preparedness LLC was formed is for the transaction of any and all lawful purposes for which a limited liability company may be organized under the laws of the state of Ohio.  Specifically, On Point Preparedness is a Christian Ministry (not affiliated with 501c3) with a primary purpose of online Christian Apologetics and teaching.  Secondarily, On Point Preparedness shares opinion blogging/vlogging of various worldly issues as well as topics related to outdoor survival.

The views, opinions and theological criticisms expressed @ On Point Preparedness are made solely under the single-member LLC. Any content provided is of opinion and not intended to malign or profit from any religion, ethnic group, club, organization, company, individual name, etc. All opinions made are through the lens of the Christian faith and made in good faith, relying on exegesis of the inspired Word of God contained in the sacred scriptures of biblical cannon.

On Point Preparedness Statement of Beliefs - https://www.onpointpreparedness.net/statement-of-beliefs/ .

If external content is used in this video/article, it belongs to their respective owners and On Point Preparedness LLC does not claim any right over them. Copyright Disclaimer under section 107 of the Copyright Act of 1976, allowance is made for “fair use” for purposes such as criticism, comment, news reporting, teaching, scholarship, education and research. Fair use is a use permitted by copyright statute that might otherwise be infringing.",2020-05-09T16:07:52Z,18693,https://www.youtube.com/watch?v=gFYFdBGjNpA
r5lc0_vJowU,"COVID, Plandemic, The Media, Fear, Manipulation, Awakening &amp; a Better World w/guest Daniel Pinchbeck","Conspiracy theories are thriving right now on social media about the current crisis. Why is there a massive distrust with both the government and mainstream media? What are we really to believe? And where do we go from here? Join my guest Daniel Pinchbeck and me as we talk about how humanity can move forward in these trying times and understand these events on a deeper level. Among many topics, we will get into:

How both the government and traditional mainstream media have lost the trust of so many millions of Americans, and what we can do about it.
Which parts of the conspiracies are facts, and what is simply distraction?
COVID-19’s effect on the environment and the ideal ways to replenish the planet.
The gifts of Trump-ism and concerns with the upcoming election.
Finding ways to unify ideas and understandings. Why is it difficult for progressives to achieve the level of organization shown on the right?
The world leaders being trapped in their egos and how egoic structures can be reprogrammed.
How can society accept and embrace the reality of psychedelic experiences?
Are there actually there spiritual forces at play with what’s going on?

~

About Daniel Pinchbeck:

Daniel Pinchbeck is the author of How Soon is Now?, Breaking Open the Head, and 2012: The Return of Quetzalcoatl. He co-founded Evolver.net, Reality Sandwich, and his new online project Liminal.news
~

You can find Daniel Pinchbeck on...
Facebook: https://www.facebook.com/pinchbeckdaniel/
Website: http://pinchbeck.io
Blog: http://liminal.news/author/dpinchbeck/

---

Connect with Destin Gerek!
Instagram: https://www.instagram.com/evolvedmasculine
Facebook: http://facebook.com/DestinGerekProfile
The Evolved Masculine: Be the Man the World Needs & the One She Craves: http://evolvedmasculinebook.com/
The Evolved Masculine Membership: http://evolvedmasculine.com/membership
Website: https://www.evolvedmasculine.com/
[FREE] The Evolved Masculine Blueprint: http://evolvedmasculine.com/blueprint

P.S. If you received any value whatsoever from this episode please press SUBSCRIBE ✅, RATE & REVIEW this podcast!",2020-05-20T07:00:17Z,138,https://www.youtube.com/watch?v=r5lc0_vJowU
exVfDMy2LV0,Plandemic Episode 2: Bill Gates FreeBitchuteExclusive link in vid  *reupload*,"https://www.bitchute.com/video/AWA0EMh5k8O2/

Subscribe to the back up channel: https://www.youtube.com/channel/UC5G21OeH_8yfoQm9cjZ8hFg",2021-09-06T00:05:31Z,3254,https://www.youtube.com/watch?v=exVfDMy2LV0
8tAkSy5htV4,Plandemic EXPOSED Ep1  Predictive Programming  Event 201,"Sub to my backup channel: https://www.youtube.com/channel/UC5G21OeH_8yfoQm9cjZ8hFg
#plandemic #hoax #cvirus #vax  #illuminati",2021-08-03T23:04:17Z,8572,https://www.youtube.com/watch?v=8tAkSy5htV4
BIhZ-MOEJ3Q,Occult Symbolism Plandemic,Occult Symbolism   Plandemic,2020-08-16T02:33:49Z,900,https://www.youtube.com/watch?v=BIhZ-MOEJ3Q
N5Y4KArViMg,FDA Is In On The Plandemic,The FDA has shown time and time again to be corrupt and money hungry. They are not out for our best interest and need to be exposed.,2022-01-23T05:18:53Z,4,https://www.youtube.com/watch?v=N5Y4KArViMg
fhYvzc5olNo,LOL: Jen Psaki Admits The Plandemic 😆,"👍 SUBSCRIBE: https://www.youtube.com/user/DronetekPolitics?sub_confirmation=1
👾 Join us on Discord: https://discord.gg/7u2Y4Mq
🤑 Donate Crypto: https://1upcoin.com/donate/youtube/dronetekpolitics
👍 Like the Wooden American Flag: https://www.facebook.com/myerswoodworkingnc
🍺 Tip me on Paypal: https://paypal.me/DronetekPolitics
🌎 Sponsor me on Patreon: https://www.patreon.com/dronetek
🌟 Sponsor me on SubscribeStar: https://www.subscribestar.com/Dronetek

🐸 Follow me here:
https://dronetekpolitics.com/
https://rumble.com/c/c-364115
https://www.bitchute.com/channel/dronetek/
https://app.clouthub.com/private/de121e4a-52d0-4c40-8e96-67a2b587537b
https://gab.com/Dronetek
https://www.twitch.tv/dronetek
https://odysee.com/@DronetekPolitics:8
https://dlive.tv/Dronetek

#Shorts #YTShorts #Youtube #Dronetek

⏩ Intro/Outro:  Beats Savage - https://www.youtube.com/channel/UCcoixh5sjJhxaD31paDdRIw

➡️ Sources:

JonTronShow
https://www.youtube.com/user/JonTronShow



⚠️ FAIR USE NOTICE ⚠️
This video may contain copyrighted material; the use of which has not been specifically authorized by the copyright owner. We are making such material available for the purpose of criticism, comment, review and new reporting which constitute the 'fair use' of any such copyrighted material as provided for in section 107 of the US copyright law. Notwithstanding the provisions of sections 106 and 106A, the fair use of a copyrighted work for the purposes such as criticism, comment, review and new reporting is not an infringement of copyright.",2021-09-04T23:02:43Z,141384,https://www.youtube.com/watch?v=fhYvzc5olNo
eUpZi4qwJIw,Covid Plandemic Exposed,Utopia Exposes Everything The Deep State Wants To Do The World With This Pandemic,2020-10-12T22:16:41Z,25,https://www.youtube.com/watch?v=eUpZi4qwJIw
46pZVndWAyQ,&quot;THE CDC CONTINUES TO MANIPULATE ALL NUMBERS INVOLVED IN THE PLANDEMIC.&quot;,"""THE CDC CONTINUES TO MANIPULATE ALL NUMBERS INVOLVED IN THE PLANDEMIC.
18,000+ COVID VAERS REPORTS DELETED!!!
~11K IN THE LAST EIGHT WEEKS!""",2022-06-04T20:10:24Z,14,https://www.youtube.com/watch?v=46pZVndWAyQ
mEo1hDbcdi0,Plandemic Clip03 Interview with David E  Martin &quot;Turning coronavirus from a pathogen to profit&quot;,,2020-08-19T01:01:59Z,413,https://www.youtube.com/watch?v=mEo1hDbcdi0
BUnYAAMV3-M,Plandemic: Contact Tracing and Internment of Americans,"Contact Tracing will create a modern American Stasi and possibly lead to the internment of Americans.

Royalty free music from https://www.fesliyanstudios.com

This video can be downloaded from https://archive.org/details/plandemic-contact-tracing-and-internment-of-americans",2020-05-14T05:48:11Z,65,https://www.youtube.com/watch?v=BUnYAAMV3-M
TJYUnDxa9gU,Plandemic - Plandemie,,2022-01-11T18:59:34Z,137,https://www.youtube.com/watch?v=TJYUnDxa9gU
y1JjKplVTZw,Eddie Griffin Presents: It&#39;s A Plandemic,"Eddie Griffin on why he thinks we are in a plandemic and not a pandemic!

Be sure to subscribe to Eddie Griffin Presents Funny Money",2020-12-17T14:10:21Z,58776,https://www.youtube.com/watch?v=y1JjKplVTZw
nczBDIBuOos,Still think the Plandemic wasn&#39;t planned?,"This video is for anyone who is still drowning in their cognitive dissonance, and doesn't understand that this pandemic was fake and 100% planned long in advance.

Listen to how the audience laughs when the speaker tells them how he manipulated the media and the people of his country.

These people are evil and they need to be dealt with accordingly.",2022-03-26T23:26:56Z,33,https://www.youtube.com/watch?v=nczBDIBuOos
tkmineePsEA,⚠️⚠️⚠️ Monkey  🐒 Pox ☣ or Plandemic ?,Is this  a New Pandemic or a Plandemic? And did Monkey pox  replace  cv#19?,2022-05-24T17:00:24Z,109,https://www.youtube.com/watch?v=tkmineePsEA
SD8B3MlyAP0,Plandemic WHO CONTROLS THE NARRATIVE,,2020-09-01T05:23:48Z,214,https://www.youtube.com/watch?v=SD8B3MlyAP0
oFKlCtLFAm0,"Plandemic InDoctorNation (2020) - David E. Martin, PhD","US Patents show that Covid and Sars-Cov-2 are much older than previously thought with US Patents going back as far as 2003 and research by Ralph Baric going back as far as 1999.
The CDC patented not only the virus, but also the detection of it and the kits to go with it.

Fauci funded this Gain of Function research and when it began to get a bit too questionable in the US, they moved the research to Wuhan Lab while still funding it through US companies.",2021-07-29T09:24:45Z,259,https://www.youtube.com/watch?v=oFKlCtLFAm0
Id50R6-HvRs,PLANDEMIC,,2022-04-11T17:30:01Z,32,https://www.youtube.com/watch?v=Id50R6-HvRs
tbK1VZBmivI,Plandemic  Clip08  How the media targets Whistleblowers,,2020-08-19T09:34:04Z,26,https://www.youtube.com/watch?v=tbK1VZBmivI
5ZMjYTByTxY,Plandemic  Clip02  The backstory behind the Judy Mikovits interview,"Our faith in science can be religious in its fervor, but science isn't science unless we use our powers of critical thinking.

As a campaigner against Monsanto's Roundup-Ready genetically engineered crops, I took a lot of criticism for being ""anti-science"" from the people who didn't want to look at the scientific evidence that glyphosate caused cancer. And, now Bayer's paying out $10 billion to Roundup-exposed cancer victims.

So, I'm not afraid to read the science and make my own judgements.

Recently, I've been researching the problems with ""passaging"" viruses through animals and growing out viruses in animal cells in ""gain-of-function"" experiments to make viruses more dangerous, creating potential biological weapons.

Now, I'm learning how this is also done in vaccine production from the books Plague and Plague of Corruption. It's a fascinating history that goes back to the polio vaccines of the 1930s.

I started these books right after reading Bitten about Lyme disease and Germs: Biological Weapons and America's Secret War.

There's so much well-documented evidence of the military's development biological weapons. It really makes you wonder what we don't know, but there's plenty in the public record to be concerned about.",2020-08-19T15:50:55Z,69,https://www.youtube.com/watch?v=5ZMjYTByTxY
fRlFHHJ20Uw,Great Mystery Philadelphia Reveals America&quot;s First Plandemic,The turtle goes down the rabbit hole in this one.,2020-06-09T22:44:42Z,8226,https://www.youtube.com/watch?v=fRlFHHJ20Uw
Os6bhAY7jSs,Plandemic indoctrination,watch the epic trailer for this new documentary,2021-01-19T21:20:47Z,157,https://www.youtube.com/watch?v=Os6bhAY7jSs
Ju31ok7T3zc,MONKEYPOX OUTBREAK - PLANDEMIC 2023… | “I WARNED YOU! GET READY” 👁,"Thank you all for watching, I hope you enjoyed the video! Don’t forget to like, comment, and subscribe to join the 111 FAMILY!

DISCORD CHAT: https://discord.gg/Ps3us66R5z
New Song: https://youtu.be/aETIVNAKOz8

Want access to exclusive content, access to deleted/removed videos, private livestreams, 1-On-1 mentorship, early access to new videos, access to the private Discord chat and much more?
Become a member ➔ https://www.youtube.com/channel/UCsOU...
Join me on Patreon ➔ https://www.patreon.com/trilljimi
1-on-1 Consultation With Jimi ➔ https://calendly.com/trilljimi

Subscribe to this channel ➔ https://youtube.com/c/Jimi111?sub_con...
Subscribe to my music channel ➔ https://youtube.com/c/TrillJimi?sub_c...
Subscribe to my second channel ➔ https://youtube.com/channel/UCIGOz04Q...

Listen to my podcast “Playing The Matrix with Trill Jimi” ➔ https://www.buzzsprout.com/1968860

Email for business inquiries ➔ contact.trilljimi@gmail.com
Email for personal questions/inquiries ➔ spiritualjimi@gmail.com

Instagram:  https://www.instagram.com/trilljimi/
TikTok: https://www.tiktok.com/@trilljimi
2nd TikTok: https://www.tiktok.com/@trill.jimi
Twitch: https://www.twitch.tv/trilljimi

Apple Music: https://music.apple.com/us/artist/tri...
Spotify: https://open.spotify.com/artist/7IvcG...
Soundcloud: https://m.soundcloud.com/trill-jimi
YouTube: https://youtube.com/c/TrillJimi

All donations go towards better content!
Cashapp: https://cash.app/$Jimi111
Venmo: https://venmo.com/code?user_id=313297...
Paypal: https://www.paypal.me/trilljimi",2022-05-29T17:08:33Z,1282,https://www.youtube.com/watch?v=Ju31ok7T3zc
9_9ce48WN44,Plandemic teaser #2 Freedom,"Second part of Plandemic 3 teaser
#nomandates #freedomofchoice #covid19 #holdtheline #nogreenpass",2022-02-18T15:53:37Z,42,https://www.youtube.com/watch?v=9_9ce48WN44
UVDwU8_TF20,Plandemic indoctornation Part 3. Interview with David E Martin.,"Part 3. Interview with David E. Martin ""turning a coronavirus from a pathogen to profit""",2020-08-19T00:37:04Z,126,https://www.youtube.com/watch?v=UVDwU8_TF20
H0XXrrxcVMs,Plandemic  Clip08  How the media targets Whistleblowers,,2020-08-19T01:45:15Z,5,https://www.youtube.com/watch?v=H0XXrrxcVMs
SB7JVksSUn8,Plandemic 2: Indoctornation (2020),,2022-05-15T15:09:11Z,1355,https://www.youtube.com/watch?v=SB7JVksSUn8
v9BIv1xh6LU,THE NEW PLANDEMIC,MONKEYPOX WAS PLANNED BY KEN FRASIER.,2022-05-31T21:18:18Z,11,https://www.youtube.com/watch?v=v9BIv1xh6LU
slZpdSSYqsQ,The Plandemic,if you know you know :),2021-12-12T12:25:44Z,62,https://www.youtube.com/watch?v=slZpdSSYqsQ
jFjapE3gD08,PLANDEMIC PARTE I (SUBTITULADO AL ESPAÑOL),Video Completo : https://encriptadosenlared.blogspot.com/2020/05/plandemic.html,2020-05-13T10:57:47Z,1213,https://www.youtube.com/watch?v=jFjapE3gD08
Lro1JlNnDr0,plandemic,many have been charged with treason for Less,2021-05-08T01:17:44Z,81,https://www.youtube.com/watch?v=Lro1JlNnDr0
RrzFuz1nR_U,Plandemic,,2022-05-14T10:38:20Z,7,https://www.youtube.com/watch?v=RrzFuz1nR_U
0z-j5bB0d6U,The PLANdemic ID2020,Lockdown 2020 NWO take over..mark of the beast #endofdays,2020-04-11T14:40:00Z,170,https://www.youtube.com/watch?v=0z-j5bB0d6U
WsS0rLJhm_o,Using the plandemic for the world&#39;s financial reset.,,2022-02-12T23:10:08Z,22,https://www.youtube.com/watch?v=WsS0rLJhm_o
H_UV-iGX-2g,PLANDEMIC - DISCLOSURE 🙏,,2021-05-15T10:49:13Z,44,https://www.youtube.com/watch?v=H_UV-iGX-2g
p74uqWGSlQU,They warned us the Plandemic was coming,We were warned by #obama #georgewbush and the #oprawhinfrey show that there will be a pandemic in the coming years,2022-02-09T15:00:24Z,24,https://www.youtube.com/watch?v=p74uqWGSlQU
2MgMrPpv4yE,Plandemic Documentary¦The Hidden Agenda,Plandemic¦CTTO,2020-05-08T12:41:37Z,7560,https://www.youtube.com/watch?v=2MgMrPpv4yE
6VIQHHqKKWw,Dr. Fauci PLANDEMIC 2017,Dr. Fauci in 2017,2021-06-06T05:48:43Z,19,https://www.youtube.com/watch?v=6VIQHHqKKWw
FRJwtud_kjE,Part Seven: Failures of the Plandemic Strategy,"In which I describe the failures of the plandemic strategy which are threefold: the wrong strategy, the wrong structure, and the wrong approach.",2020-07-19T15:47:54Z,6168,https://www.youtube.com/watch?v=FRJwtud_kjE
4C40nERlqhM,Coronavirus A Brave New World #plandemic (Mirror),"Here is the link to the original video.
https://www.youtube.com/watch?v=LHz8i8xpUnQ&t=331s",2020-04-06T00:41:29Z,358,https://www.youtube.com/watch?v=4C40nERlqhM
7tDcM4dkSEU,Plandemic  Indoctornation Clip  The event &#39;201&#39;,"This is a clip from Plandemic Indoctornation, please watch and share this brilliant documentary
https://tinyurl.com/y2elty94",2020-08-18T21:02:30Z,35,https://www.youtube.com/watch?v=7tDcM4dkSEU
5HZ3TEg5O0s,U Survived Plandemic? Congrats! World War 3 Is Your Reward. Scary Prophecy by Igor Kryan Satire,"LUKA: I will show you now that Putin is our savior
They were preparing to attack Belarus & The Whole World
Putin special operation disrupted their evil plans
The balance of power has been disrupted
8-6. Putin Will Be Resurrected. His Second Coming Is Upon Us
Indeed, what if you are on the wrong side of history?
What if his army was unleashed by Lord
To root our sins out of the wicked world?
And cleanse it from the wickery the by Fire Hyena
Resurrected Putin came back many times
You Lived Though Plandemic?
Congrats! WW 3 is Your Reward!
Here we can see him swimming during the Baptismal
And he is still swimming. But that's not the point
In 1980s in school they promised us paradise on earth in 2020s
Instead we live in misery, pandemic and war
So many of you pray to Lord for something to be changed
Perhaps, He appointed Putin to be the agent of change
After all, you asked Him in your payers for the change
Without Putin here is how your life will look like under NWO
There is no Ukraine only NATO & There is no you, only NWO
In many great stories villain turned to be good
And good turned to be evil
Think outside the box with Igor Kryan channel
& Read Igor Kryan books
#igorKryan #prophecy #supportukraine #NATO #worldwar3",2022-04-26T01:10:13Z,1455,https://www.youtube.com/watch?v=5HZ3TEg5O0s
BHJvIlEC_ZI,"Plandemic  Clip14  From Microsoft to creating a Vaccine, How is Gates involved with Epstein","Regenerative organic agriculture is a low-cost, low-tech, effective way to draw carbon dioxide from the atmosphere. You can see the science that backs this up at Regeneration International, Project Drawdown, Biodiversity for a Livable Climate, Kiss the Ground and Soil for Climate.

Bill Gates, instead of investing in something that would solve the climate crisis by producing plenty of healthy, nutrient-dense food for a growing population, is instead investing in the Stratospheric Controlled Perturbation Experiment (SCoPEx), what Nature called the ""First sun-dimming experiment.""

What are the downsides? ""[D]imming the Sun could backfire, or at least strongly disadvantage some areas of the world by, for example, robbing crops of sunlight and shifting rain patterns.""

The Quantum-Dot Tattoos that hold vaccination records are a real Gates investment, too. You can read all about it at news.rice.edu:

“The Bill and Melinda Gates Foundation came to us and said, ‘Hey, we have a real problem — knowing who’s vaccinated,’” said McHugh, who was recruited to join Rice with funding from the Cancer Prevention and Research Institute of Texas. “They said, ‘We go on vaccination campaigns where people get into Hummers, drive to a rural village, set up a tent and start immunizing people, but they don’t always know who’s been immunized before and what vaccines are still needed.”

Parents often don’t know their children’s vaccination histories, McHugh said. “So our idea was to put the record on the person,” he said. “This way, later on, people can scan over the area to see what vaccines have been administered and give only the ones still needed.

“There are two sides to this,” he said. “First, is that you don’t administer unnecessary vaccines, which has a cost. But even bigger, you don’t leave people underimmunized and at risk of getting an infectious disease.”

McHugh said the team worked with a bioethicist to be sure the patients’ data remains protected. “She said we’re on solid ethical ground as long as people can opt out, like getting the patch with only the vaccine. Also, the patch with quantum dots only contains information about the vaccine received. It doesn’t tell you anything else about the person.”

The square-centimeter patches hold up to 16 tiny needles. “They don’t go very deep, which makes them theoretically painless and a lot easier for kids,” McHugh said. “They’re like putting on a bandage.”

Because the 1.5-millimeter needles disintegrate in the skin, no biohazardous sharps remain for disposal, he said. Testing in model skin in strong light showed the 4-nanometer dots should be readable for at least five years.

* * *

I didn't believe the claim that Gates and the U.S. military were investigating using mosquitoes as ""flying syringes"" to administer vaccinations (mostly because I didn't see how a pharmaceutical company could make any money off of it). It's true, actually old news: https://clinicaltrials.gov/ct2/show/NCT01994525",2020-08-19T20:27:50Z,110,https://www.youtube.com/watch?v=BHJvIlEC_ZI
ii65Fp8khfs,COVIDGATE Press Conference 6.5.2020: Clandestine 60ghz in schools Plandemic,"COVIDGATE Press Conference 6.5.2020: Clandestine 60ghz in schools Plandemic with Seven [UK]; Mark Steele 5G; Lena Pu, Kandace
WATCH ON TRUETUBE.CO: https://youtu.be/ii65Fp8khfs

NEWSINSIDEOUT: https://newsinsideout.com/2020/06/covidgate-press-conference-6-5-2020-clandestine-60ghz-in-schools-plandemic-with-seven-uk-mark-steele-5g-lena-pu-kandace/

COVIDGATE: https://exopolitics.blogs.com/covidgate/2020/06/covidgate-press-conference-652020-clandestine-60ghz-in-schools-plandemic-with-seven-uk-mark-steele-5g-lena-pu-kandace.html",2020-06-06T03:08:53Z,7588,https://www.youtube.com/watch?v=ii65Fp8khfs
zJaT_shiR1Y,U.S.A &amp; China Plandemic,"https://www.timelessmomentswaxmelts.co.uk/
https://www.facebook.com/watch/timelessmomentsbysally.co.uk/",2021-04-12T14:33:29Z,812,https://www.youtube.com/watch?v=zJaT_shiR1Y
moyotZFLjjg,Plandemic  Clip03  Interview with David E  Martin &quot;Turning coronavirus from a pathogen to profit&quot;,"I just finished my Gain-of-Function Hall of Shame profile on Ralph Baric. He's been collecting and genetically modifying coronaviruses since before the first SARS pandemic. One way to justify this research would be to show that it prepared us for this pandemic, but the only drugs Baric has to offer is an anti-viral that causes birth defects and a failed Ebola drug being repurposed as supposed COVID cure. As taxpayers, we've already paid Merck and Gilead millions to make these drugs. They will make billions if they can convince us to buy them a second time. Read more at: https://www.organicconsumers.org/campaigns/covid-19",2020-08-19T15:57:12Z,10083,https://www.youtube.com/watch?v=moyotZFLjjg
ISS538_VLxc,The Plandemic 21&#39;,Thanks For Watching. More Content Coming Soon.,2021-12-12T20:57:02Z,32,https://www.youtube.com/watch?v=ISS538_VLxc
L_UHL9RZPw0,The Real ugly Evil Greedy Truth!🧐 ABOUT This Entire FRAUD! Plandemic 🤥!,,2021-12-24T15:00:11Z,4,https://www.youtube.com/watch?v=L_UHL9RZPw0
CuKj31CY-_A,Plandemic,"Celestial Kingdom Music does not own the rights to the clips used in this video. For non profit, educational purposes only. Shalom!",2022-06-30T00:33:25Z,7,https://www.youtube.com/watch?v=CuKj31CY-_A
EWJbAOxWG5I,Plandemic  Clip15   A vaccine or a population management story,,2020-08-18T20:03:37Z,75,https://www.youtube.com/watch?v=EWJbAOxWG5I
9yMRpXaAgMs,Пландемическое умопоВрачение (Plandemic),"▶ ВИДЕО: «PLANdemic: InDOCTORnation» (ПЛАНдемическое умопоВРАЧение).
🎬 ОПИСАНИЕ:
Важный документальный фильм, который вы когда – либо увидите. Этот разоблачительный фильм, несомненно, поможет изменить ваше отношение к коронавирусу. Он был заблокирован на всех основных социальных медиа-платформах из-за раскрытия правды о Covid-19.

Разбираясь в том, что на самом деле происходит с основными средства массовой информации, крупными фармацевтическими компаниями, политикой и финансовой индустрией «PLANdemic: InDOCTORnation» наконец соберёт все части пазла в единую картинку и раскроет, чьи же интересы продвигаются через СМИ, глобалистские организации и правительства, и кто зарабатывает на сфабрикованных эпидемиях, таких как COVID-19.

«PLANdemic: InDOCTORnation» отслеживает денежный след, который ведет непосредственно к ключевым игрокам, стоящим за пандемией COVID 19, таким как Билл Гейтс, Генеральный директор ВОЗ Тедрос Гебрейесус , Энтони Фаучи и многим другим.

Фильм переведён и озвучен полностью на средства подписчиков МедАльтернатива.инфо
Перевод: Ксения Нагаева, редактор перевода: Алёна Басарева
Озвучка: Мастерская АзъЕсмь, Сергей Горин/Наталья Жаркова, 2020 г.

🍏Подпишись на новинки канала: https://clck.ru/LyWW8 АзъЕсмь: Велнес, Осознанное Питание, Исцеление, Здоровье и Долголетие. Человек, меняя себя - меняет мир вокруг!
🎯Наша цель распространять информацию о гармонии и экологии в жизни человека:
🔹 здоровое питание (веганство и вегетарианство) 🔹 здоровье и исцеление🔹 здоровый образ жизни и долголетие

🔴 КАК ПОМОЧЬ ПРОЕКТУ 🔴
_______________________________

💡Просто поделитесь этим видео с другими: https://youtu.be/vFifkS9Ujjk
💡Если наши фильмы оказываются полезными для здоровья вас и ваших близких,  то вы всегда можете оказать помощь нашему делу. ""Мастерская АзъЕсмь"" создает, переводит и озвучивает фильмы, на тему питания, здоровья, ЗОЖ, новых открытий, экологии и др. Мы трудимся на безвозмездной основе, но в проект приходится вкладывать,  и часто собственные средства.
💡Каждый   может помочь хотя бы небольшой суммой, ведь  10-50-100 рублей это ни для кого не обременение. Но фильмы смотрят тысячи людей и даже такие перечисления могут складываться в приличные суммы.
💡Вы тоже можете помочь развитию проекта переводом например 10 руб. прямо сейчас. Благодарим вас! 🙏

💰 Реквизиты для помощи Мастерской АзъЕсмь:
Карта сбербанка 4817 7602 2229 0797
Qiwi-кошелёк +79081806220
Яндекс-кошелёк 410013906253192

#covid #коронавирус #пландемия #ВОЗ
__

Голос за кадром Сергей Горин, Мастерская АзъЕсмь

⏩ ПОЛЕЗНОЕ ВИДЕО? 👍 ПОСТАВЬТЕ ЛАЙК и 👉 ПОДЕЛИТЕСЬ С ДРУГИМИ
Вот ссылка  https://youtu.be/9yMRpXaAgMs


🎦 ПОДПИШИТЕСЬ НА КАНАЛ И НАЖМИТЕ НА КОЛОКОЛЬЧИК!
Так вы будете получать актуальные уведомления о публикациях первыми - вот ссылка: https://clck.ru/LyWW8
https://www.youtube.com/channel/UCjdHF37Q0GRlFLt4qyJe50A?sub_confirmation=1


👥 ЖДЕМ ВАС В НАШЕМ СООБЩЕСТВЕ “АЗЪЕСМЬ” ВКОНТАКТЕ
Заходите по ссылке https://vk.com/a3esm  Там много полезной информации.
__
🌐 ИЩИТЕ НАС В СЕТИ ИНТЕРНЕТ
Есть вопросы или предложения - пишите в комментариях или свяжитесь любым удобным способом.

🈴 Сайт АзъЕсмь https://a3esm.ru/
 E-mail  a3esm@a3esm.ru

⏩  СММ паблики:
▪ ВКонтакте https://vk.com/a3esm
▪ ФЕЙСБУК https://www.facebook.com/groups/a3esm/
▪ Телеграм-канал  https://t.me/a3esm
▪ Одноклассники:  https://ok.ru/a3esm

▪ Альтернативный видеохостинг  https://www.brighteon.com/channel/a3esm2019
__",2020-09-09T18:39:04Z,49032,https://www.youtube.com/watch?v=9yMRpXaAgMs
d45qFYOc_3Y,PLANDEMIC 3 OFFICIAL TEASER,"PLANDEMIC 3 OFFICIAL TEASER (Shortened Version)

This teaser is to let everyone know we're currently in production on Plandemic 3 and are extremely excited to release this sneak peak of what we are working on!

read more: https://drzelenkonews.com/plandemic-3-official-trailer/

Zelenko ZStack protocols https://zstack.life",2022-01-02T11:26:43Z,607,https://www.youtube.com/watch?v=d45qFYOc_3Y
GMNAcwYYjhs,COVID-19 is A Carefully Choreographed PLANDEMIC And The Government Is The REAL VIRUS!!!,"DONATE via Paypal ➜ https://www.paypal.me/PressforTruth
PFT DEMONETIZED! If I Had $1 For Every Subscriber? https://www.gofundme.com/pft-demonetized-if-i-had-1-for-every-subscriber
""The conscious and intelligent manipulation of the organized habits and opinions of the masses is an important element in democratic society. Those who manipulate this unseen mechanism of society constitute an invisible government which is the true ruling power of our country.
We are governed, our minds are molded, our tastes formed, our ideas suggested, largely by men we have never heard of."" - Edward Bernays: Propaganda (1928).
In this video Dan Dicks of Press For Truth explains how the techniques outlined in the book Propaganda (for how to manipulate an entire population into going along with their own enslavement), are now being used by the current invisible government with Covid-19 in order to trick the entire world into willingly going along with serfdom.
Cryptocurrencies:
Bitcoin  ➜ 13oNiHUNGn9vdfv7MT5kjwe7np9bwf5ccv
Ethereum ➜ 0xEce2AEf1F26373a00BDC7243d1201a98578CC67e
Bitcoin Cash ➜ 1MxgFpQdMujLYRTkSTw4PGDmL99s83PFKR
Dash ➜ XirLdVdyaW9rXvhKic78ruc2X39HjNhdTV
EOS ➜ 0x2BBB00605730feA136623CA366979705293DA659
Litecoin ➜ LVVaVCfNN25AuU1Ex2s4tX2Ze3iCig2kRo
Donate Other Cryptocurrencies ➜ https://pressfortruth.ca/top-stories/donate-cryptocurrencies/

Follow Dan Dicks:
INSTAGRAM ➜ http://instagram.com/dandickspft
TWITTER ➜ http://twitter.com/#!/DanDicksPFT
                 ➜ https://twitter.com/PressForTruth
PATREON  ➜ https://www.patreon.com/PressForTruth
SUBSCRIBESTAR ➜ https://www.subscribestar.com/pressfortruth
FLOTE ➜ https://flote.app/DanDicksPFT
STEEMIT ➜ https://steemit.com/@pressfortruth
DTUBE ➜ https://d.tube/#!/c/pressfortruth
MINDS ➜ https://www.minds.com/pressfortruth
BITCHUTE ➜ https://www.bitchute.com/pressfortruth/
BITTUBE ➜ https://bit.tube/PressForTruth
GAB ➜ https://gab.ai/PressForTruth
POCKETNET➜  https://tinyurl.com/yyju6yg8
DLIVE ➜ https://dlive.tv/PressForTruth",2020-04-02T19:37:03Z,64427,https://www.youtube.com/watch?v=GMNAcwYYjhs
tA-bHV0A5Bw,PLANDEMIC… 👁💉😷,,2022-01-08T05:07:56Z,41,https://www.youtube.com/watch?v=tA-bHV0A5Bw
LQVnxPBvb6Q,"URGENT WARNING⚠️❗️Chilling Message about the Near Future!🥶 No Food, Fuel, 2nd PLANdemic &amp; WW3 #shtf","KAL HALAL YAHAWAH BAHASHAM YAHAWASHI BAHASHAM RAWCHAA QADASH ❗️❗️🔥🔥🗣🗣

DOUBLE HONORS TO THE ELDERS APOSTLES OF GREATTMILLSTONE !!

Subscribe to ( YT: Prophets In Babylon )

https://youtube.com/c/ProphetsInBabylon

MY BACKUP CHANNELS!! ✅⬇️⬇️⬇️

https://youtube.com/channel/UC8oOoTG-7xJgbTnUFdkJP-Q

SUBSCRIBE ❗️❗️👆🏾👆🏾

& HERE …

https://youtube.com/channel/UClfPIKo5bILu5phSEDNb5pA",2022-07-06T13:15:52Z,96,https://www.youtube.com/watch?v=LQVnxPBvb6Q
u5-DLbNlFr4,Dr Vernon Coleman:  Thoughts on the plandemic - the screws are tightening,"Going through Dr Vernon Coleman's transcript titled ""The screws are tightening"".  The psychological warfare perpetrated by psychopaths, facilitated by zombies.  Corona virus - a media epidemic",2020-07-16T14:27:48Z,257,https://www.youtube.com/watch?v=u5-DLbNlFr4
UAJ-snXHms8,Round two of the plandemic has arrived In China 🇨🇳,,2022-05-01T19:17:01Z,17,https://www.youtube.com/watch?v=UAJ-snXHms8
2IMbc71JOp8,Plandemic  Clip02  The backstory behind the Judy Mikovits interview,,2020-08-18T20:26:06Z,79,https://www.youtube.com/watch?v=2IMbc71JOp8
fXdhl-acjUo,Dr. Robert Malone: &quot;The Noble Lie&quot;  Plandemic 3 Teaser,#drmalone #plandemic #teaser #mrna,2022-01-14T05:00:13Z,87,https://www.youtube.com/watch?v=fXdhl-acjUo
ekHIvD7epYg,The Plandemic continues,"[ASTM F2101-01](https://oshafactchecker.law.blog/2022/04/18/exposing-the-panldemic/#:~:text=ASTM%20F2101%2D01%20Standard%20Test%20Method%20for%20Evaluating%20the%20Bacterial%20Filtration%20Efficiency%20(BFE)%20of%20surgical%20masks%20using%20a%20Biological%20Aerosol%20of%20Staphylococcus%20aureus.) Standard Test Method for Evaluating the Bacterial Filtration Efficiency (BFE) of surgical masks using a Biological Aerosol of Staphylococcus aureus.

[100 years of history](https://www.cdc.gov/niosh/npptl/Respiratory-Protection-history.html)

[Personal protective equipment (PPE): PPE ranks lowest in the hierarchy of controls.](https://www.cdc.gov/h1n1flu/guidelines_infection_control.htm#:~:text=Personal%20protective%20equipment%20(PPE)%3A%20PPE%20ranks%20lowest%20in%20the%20hierarchy%20of%20controls.)

The full proof with blog https://oshafactchecker.law.blog/2022/04/18/exposing-the-panldemic

Dec 2017 https://www.osha.gov/laws-regs/standardinterpretations/2017-12-20

Mar 2020 https://www.osha.gov/laws-regs/standardinterpretations/2020-03-14

Apr 2020 https://www.osha.gov/laws-regs/standardinterpretations/2020-04-03

Respiratory Protection for Healthcare Workers Training Video / USDepartmentofLabor https://youtu.be/6qkXV4kmp7c

End the pandemic hoax by OSHA FactChecker https://www.c-span.org/video/?190239-1/pandemic-flu-preparedness

[many pregnant women](https://blogs.cdc.gov/niosh-science-blog/2015/06/18/respirators-pregnancy/#:~:text=many%20pregnant%20women%20find%20that%20they%20become%20somewhat%20shorter%20of%20breath%20as%20their%20pregnancy%20progresses%2C%20causing%20concern%20that%20use%20of%20N95%20FFRs%20during%20pregnancy%20might%20make%20breathing%20even%20more%20difficult%20and%20possibly%20harm%20the%20woman%20and%20her%20fetus) find that they become somewhat shorter of breath as their pregnancy progresses, causing concern that use of N95 FFRs during pregnancy might make breathing even more difficult and possibly harm the woman and her fetus.

Free speech is blocked video, proof.
https://youtu.be/i6elElJOoFk

Get your facts here. ACCOUNT BLOCKED
https://m.facebook.com/story.php?story_fbid=114663334553923&id=100080307715215#!/sharer.php?fs=8&sid=114663337887256&refid=52&__tn__=J%2AW-R",2022-04-24T04:27:18Z,11,https://www.youtube.com/watch?v=ekHIvD7epYg
kPaND3Dhwd8,Plandemic parte 3,,2020-05-12T18:39:49Z,320,https://www.youtube.com/watch?v=kPaND3Dhwd8
Zjftj4FZ05A,Dr. Peter McCullough - “This WILL Cause Harm” - Plandemic 3 Teaser,"Dr. Peter McCullough - “This WILL Cause Harm” - Plandemic 3 Teaser

https://plandemicseries.com

Follow https://t.me/OfficialPlandemic",2022-05-20T21:43:27Z,169,https://www.youtube.com/watch?v=Zjftj4FZ05A
og0w-0kmySQ,MONKEY POX: THE NEXT PLANDEMIC ⚠️❗️🦠,This stream is created with #PRISMLiveStudio,2022-06-02T09:24:29Z,35,https://www.youtube.com/watch?v=og0w-0kmySQ
grHWwSO3D0g,Pre-plandemic in our faces,Open discussion on the plandemic BEFORE it actually happened.,2022-03-17T15:14:15Z,4,https://www.youtube.com/watch?v=grHWwSO3D0g
OW8nv_J9YoQ,"Dr Judy Mikovits Plandemic ,HEY YOUTUBE  DO NOT DELETE IT,where is freedom of speech?????????????",,2020-05-08T01:59:33Z,73463,https://www.youtube.com/watch?v=OW8nv_J9YoQ
eZqxrt4V-64,#33 Plandemic,,2022-01-31T11:54:57Z,7,https://www.youtube.com/watch?v=eZqxrt4V-64
RKUr3vx_MKw,Plandemic Orphans &amp; Statist propaganda of 2000 mules fools,"pls support on cash app $crockotruth

dlive.tv/therealdaveycrocko

also Bitchute and odysee will have archives

will stream from Dlive tonight but making switch to odysee soon

#2000mules #orphans",2022-05-13T12:02:06Z,70,https://www.youtube.com/watch?v=RKUr3vx_MKw
u7-fh7GeIVI,Plandemic 2,,2020-08-21T09:58:49Z,31,https://www.youtube.com/watch?v=u7-fh7GeIVI
SD7J3O8jccg,"Plandemic  Clip14  From Microsoft to creating a Vaccine, How is Gates involved with Epstein",,2020-08-19T09:39:23Z,13,https://www.youtube.com/watch?v=SD7J3O8jccg
Z57mhYW1VHw,To ALL RIGHT WING TRUMP PIMPING MEDIA! DOTH YOUR HYPOCRISY KNOW NO BOUNDS? ARE YOU COMPLICIT?,"link to article shown
https://www.thegatewaypundit.com/2022/07/doctors-risked-saves-lives-covid-plandemic-now-demanding-cease-fire-poison-death-shots-videos/",2022-07-10T13:44:27Z,275,https://www.youtube.com/watch?v=Z57mhYW1VHw
mDTt5NS1pIU,Plandemic  Clip13  ’The National Childhood Vaccine Injury Act’,,2020-08-18T20:25:18Z,23,https://www.youtube.com/watch?v=mDTt5NS1pIU
HzUKzAYAVLQ,DR. SHERRI TENPENNY MD Weighs in on The PLANDEMIC,"Dr tenpenny is another actual MD still practising medicine in the USA .

VAXXTER.COM  SIGN UP FOR EMAIL NEWSLETTER.
https://washingtonmonthly.com/2020/04/10/the-case-for-universal-mandatory-covid-19-testing/
http://www.truthwiki.org/cdc-centers-for-disease-control-and-prevention/
https://www.activistpost.com/2020/04/henry-kissinger-bill-gates-call-for-mass-vaccination-global-governance.html

Appreciation & Thanks to: Richie
CHECKOUT RichieFromBoston And PLEASE SUBSCRIBE!
https://www.youtube.com/channel/UCuNfok7ozooi0LZgp6JJS4A

---
#CoronaMadness
---

Copyright Disclaimer:
Under Section 107 of the Copyright Act 1976, allowance is made for ""fair use"" for purposes such as criticism, commenting, news reporting, teaching, scholarship, and research. Fair use is a use permitted by copyright statute that might otherwise be infringing. Non-profit, educational or personal use tips the balance in favour of fair use.",2020-04-16T20:51:39Z,6079,https://www.youtube.com/watch?v=HzUKzAYAVLQ
oKE8Pdlc39c,The Propaganda Behind the Plandemic 2020 - Dr. John Bergman D.C. (full),"Remember:
""No One Can Terrorise a Whole Nation, Unless We Are All His Accomplices.""

Appreciation & Thanks to: Dr. John Bergman D.C.
CHECKOUT DR. BERGMAN'S CHANNEL And PLEASE SUBSCRIBE!
https://www.youtube.com/channel/UC8RPuonNxq2lMb8zMvo7Xxw

Dr John Bergman
https://drjohnbergman.com

---
#CoronaMadness
---

Copyright Disclaimer:
Under Section 107 of the Copyright Act 1976, allowance is made for ""fair use"" for purposes such as criticism, commenting, news reporting, teaching, scholarship, and research. Fair use is a use permitted by copyright statute that might otherwise be infringing. Non-profit, educational or personal use tips the balance in favour of fair use.",2020-04-19T23:11:01Z,5908,https://www.youtube.com/watch?v=oKE8Pdlc39c
c6um28kgdYM,Exposing The Plandemic,"Harry Vox exposed the Rothschild, Rockerfellers and CDC Plandemic Guides",2022-05-06T19:15:19Z,9,https://www.youtube.com/watch?v=c6um28kgdYM
e6MPQEl-ZIg,Plandemic,Must watch before youtube censors the truth,2020-05-09T00:57:47Z,7,https://www.youtube.com/watch?v=e6MPQEl-ZIg
z0qPZhnaDtM,Plandemic Phase 3 - Covid-19 Scam,THE PLAN,2021-12-21T00:10:42Z,254,https://www.youtube.com/watch?v=z0qPZhnaDtM
HG2pt7GyJFs,Plandemic Indocrination World premiere         http://t.me/globalfreedom,"If majority would vote for one of minor patriotic party,  (One Nation, one of examples) the flu (covid not isolated, its flu A and B) would be treated with effective treatments, advised by censored by big tech medical and virology experts, and we all would have collective immunity!   TheUncovering channel on R.U.M.B.L.E.   &     channel 99Percent on B.I.T.C.H.U.T.E.   Those who pushed PLANDEMONICCAVID as Emperor`s ""new clothes"" down humanity throat will be denounced !  Request  richardstokes@yahooDOTcom.au  for true news updated           bitchute.com/video/VbkblJ5qnGhA/?fbclid=IwAR3orbK3wSYbL3qJeJKMxWe84vdOueu-u9N-wRmrZgbU-8hCoJTOqYFZReE                                                                                                                             flu A and B  https://rumble.com/ve22jn-best-science-shows-covid-is-influenza-a-and-b.html Preview      https://youtu.be/HG2pt7GyJFs #NoMandatoryVaccination 1 https://youtu.be/i926i3y3EEo
#NoMandatoryVaccination 2 https://youtu.be/mSR_0aFJzXs",2020-08-18T18:40:10Z,63,https://www.youtube.com/watch?v=HG2pt7GyJFs
UULCm9y-atM,Plandemic  Clip03  Interview with David E  Martin,"Turning coronavirus from a pathogen to profit




Watch Full Documentary Here - https://freedomplatform.tv/plandemic or
Good PlandemicSeries Official Bitchute Channel https://www.bitchute.com/channel/1OjmxN0iuwte/",2020-08-18T19:36:40Z,709,https://www.youtube.com/watch?v=UULCm9y-atM
R_TmHg19ZsE,JUDY MIKOVITS  - A PHD QUE DESAFIOU O SISTEMA,Created by InShot:https://inshotapp.com/share/youtube.html,2021-02-23T08:33:11Z,119,https://www.youtube.com/watch?v=R_TmHg19ZsE
mq7CQUn410Q,Incoming Plan.demic???,"The WHO will convene an emergency meeting of experts on monkeypox next week to advise on whether the current outbreak constitutes a public health emergency of international concern, meaning it requires a coordinated response...🤔

background Audio: Early Warning 1981
https://youtu.be/VHPgzYZb6Ws

No fire without smoke...
Strengthening Global Systems
to Prevent and Respond to
High-Consequence Biological Threats
Results from the 2021 Tabletop Exercise Conducted in
Partnership with the Munich Security Conference

SUMMARY
In March 2021, NTI partnered with the Munich Security Conference to
conduct a tabletop exercise on reducing high-consequence biological threats.
The exercise examined gaps in national and international biosecurity and
pandemic preparedness architectures—exploring opportunities to improve
prevention and response capabilities for high-consequence biological
events. This report summarizes the exercise scenario, key findings from
the discussion, and actionable recommendations for the international community


WHO
https://www.who.int/emergencies/disease-outbreak-news/item/2022-DON383",2022-06-16T12:53:37Z,641,https://www.youtube.com/watch?v=mq7CQUn410Q
dMUHRtnaqkU,Dr.Judy Mikovits - Plandemic (See the link on the description www.bitchute.com/video/KqmTwS),"published on 08/05/2020

This video was eliminated from youtube after reaching about 11,359 views on my channel alone. I received a warning from Youtube informing me that I was violating their guides for spreading harmful and dangerous content to people. I was warned that if it happens again they will delete my account.

Please see this documentary ""Plandemic"", the first part is an interview with Dr. Judy Mikovits, watch here: https: //www.bitchute.com/video/KqmTwS .

Youtube, Facebook and Google are censoring this video.

You can also watch it on the website and at the end of this description! PLANDEMIC IN SUMMER 2020

Before the completion of the full documentary, we will release a series of vignettes. The first part features renowned scientist Judy Mikovits PHD.

This became much more than just a documentary. This is humanity's chance to defend freedom of expression and integrity in all sectors. Join our community and help spread the message.

Our videos are being retired every minute. We appreciate your support. More soon ...

source: https://plandemicmovie.com/",2020-05-15T13:08:22Z,255,https://www.youtube.com/watch?v=dMUHRtnaqkU
Yc226uRZoq0,Catherine Austin Fitts (CBDC),"#DcRed8 #BecauseYouShouldKnow #ArtisticMessenger
Catherine Austin Fitts ""Planet Lockdown""
https://www.bitchute.com/video/IYEODG2M8KMc/
KLAUS SCHWAB - BACK TO NORMAL
https://youtu.be/FLpmpDB9vng
HACKABLE ANIMALS
https://youtu.be/jduZQFaa4hA
KLAUS SCHWAB -WORLD GOVERNMENT SUMMIT 2022
https://youtu.be/x1-IhV9c-3Y
WORLD ECONOMIC SUMMIT 2022 (FULL)
https://youtu.be/GoHta23tlzM
THEY OWN THE EARTH
https://youtu.be/RtrPfpJo9vY
PLANDEMIC 2 DAVID E MARTIN
https://rumble.com/veci33-plandemic-2-david-e-martin.html
PLANET LOCKDOWN
https://www.bitchute.com/video/IYEODG2M8KMc/
WHY IT DOESN'T MATTER WHO IS PRESIDENT
https://youtu.be/xtqPqeIADcU
BEFORE YOU INJECT YOUR CHILD https://rumble.com/vxojr5-before-you-inject-your-child.html
MK ULTRA - MASKS AND MIND CONTROL
https://rumble.com/v10cyxm-mk-ultra-masks-and-mind-control.html
WHY ARE PEOPLE JUST DROPPING DEAD???
https://rumble.com/vyujhw-why-are-people-just-dropping-dead.html
UNDER PENALTY OF PERJURY
https://rumble.com/vymk3r-under-penalty-of-perjury.html
THEY ARE LAWLESS AND OUT OF CONTROL
https://rumble.com/vye11l-they-are-lawless-and-out-of-control.html
THEY ARE LAWLESS
https://rumble.com/vye0et-they-are-lawless.html
https://doctorsandscientistsdeclaration.org/home/supporting-evidence/#recovered
ROBERT MALONE - OMICRON IS NOT ONLY RESISTANT
https://rumble.com/vy0xq3-robert-malone-omicron-is-not-only-resistant.html
ROBERT KENNEDY JR. (STOP) THEY ARE COMING FOR OUR CHILDREN
https://rumble.com/vsie8n-robert-kennedy-jr.-stop.html
THEY ARE LAWLESS AND OUT OF CONTROL
https://rumble.com/vye11l-they-are-lawless-and-out-of-control.html
AT WHAT POINT DO WE DETERMINE THAT WE ARE UNDER ATTACK?!!!
https://rumble.com/vm0tr5-at-what-point-do-we-determine-that-we-are-under-attack.html
https://rumble.com/vsc28n-eythay-areyay-illingkay-usyay.html
World Government Summit 2022 Livestream: Day 2
https://youtu.be/P7smrUkfOq8
KLAUS SCHWAB -WORLD GOVERNMENT SUMMIT 2022
https://youtu.be/x1-IhV9c-3Y
THEY OWN THE EARTH
https://youtu.be/RtrPfpJo9vY
PLANDEMIC 2 DAVID E MARTIN
https://rumble.com/veci33-plandemic-2-david-e-martin.html
PLANET LOCKDOWN
https://www.bitchute.com/video/IYEODG2M8KMc/
WHY IT DOESN'T MATTER WHO IS PRESIDENT
https://youtu.be/xtqPqeIADcU
BEFORE YOU INJECT YOUR CHILD https://rumble.com/vxojr5-before-you-inject-your-child.html
MK ULTRA - MASKS AND MIND CONTROL
https://rumble.com/v10cyxm-mk-ultra-masks-and-mind-control.html
WHY ARE PEOPLE JUST DROPPING DEAD???
https://rumble.com/vyujhw-why-are-people-just-dropping-dead.html
UNDER PENALTY OF PERJURY
https://rumble.com/vymk3r-under-penalty-of-perjury.html
THEY ARE LAWLESS AND OUT OF CONTROL
https://rumble.com/vye11l-they-are-lawless-and-out-of-control.html
THEY ARE LAWLESS
https://rumble.com/vye0et-they-are-lawless.html
https://doctorsandscientistsdeclaration.org/home/supporting-evidence/#recovered
ROBERT MALONE - OMICRON IS NOT ONLY RESISTANT
https://rumble.com/vy0xq3-robert-malone-omicron-is-not-only-resistant.html
ROBERT KENNEDY JR. (STOP) THEY ARE COMING FOR OUR CHILDREN
https://rumble.com/vsie8n-robert-kennedy-jr.-stop.html
THEY ARE LAWLESS AND OUT OF CONTROL
https://rumble.com/vye11l-they-are-lawless-and-out-of-control.html
AT WHAT POINT DO WE DETERMINE THAT WE ARE UNDER ATTACK?!!!
https://rumble.com/vm0tr5-at-what-point-do-we-determine-that-we-are-under-attack.html
DR. JUDY MIKOVITS EXPLAINS mRNA TO THE NATION OF ISLAMhttps://www.bitchute.com/video/ggwdiMjhuvYQ/
IVY LEAGUE TASKED TO MANIPULATE YOU INTO TAKING THE FACTSEEN
https://www.bitchute.com/video/orXn3SaWHnCm/

""MORE BOOSTERS TO COME""
https://rumble.com/vsufa3-more-booster-to-come.html

Dr. Robert Malone, mRNA Technology INVENTOR Says “Fully Vaccinated People Are ‘Super-Spreaders” for COVID https://youtu.be/wl5NcHpP1zM

#WorldGovSummit #WGS2022 #FutureGovernments
Fair Use Notice: If his video contains some copyrighted material whose use has not been authorized by the copyright owners. We believe that this not-for-profit, educational, and/or criticism or commentary use on the Web constitutes a fair use of the copyrighted material (as provided for in section 107 of the US Copyright Law.
If you wish to use this copyrighted material for purposes that go beyond fair use, you must obtain permission from the copyright owner. Fair Use notwithstanding we will immediately comply with any copyright owner who wants their material removed or modified, wants us to link to their web site, or wants us to add their photo. ""Artistic Messenger “entertains numerous alternative perspectives, ideas, and humor. Anything that is presented in any of the presentations is strictly opinions, criticisms, information, or commentary from many individual points of view.
""DC RED “has every intention of being respectful of all worldviews. This channel contains strong collective opinions and/or abstract sense of humor"" Use the information found in these videos as a starting point for conducting your own research; and conduct your own due diligence before making any significant decisions.",2022-06-21T18:25:44Z,121,https://www.youtube.com/watch?v=Yc226uRZoq0
47thty-9OnA,Hunted: Dumbing Down AU?,"Do you trust facial recognition in the hands of crooks or police or government? Can they all be classified the same after the way civilians have been treated the last two years? It's only going to get worse and it will be all over Australia.

Link to GTV video about Facial recognition in Aussie schools:
https://www.youtube.com/watch?v=NDeCXvMGdEA

My dedicated Christian Channel https://youtu.be/FNoyIhq_SLQ

Please SHARE, SUBSCRIBE, LIKE and COMMENT and if you can help advance this Ministry please donate to
Paypal.Me/Diakonos777ministry
Patreon: www.Patreon.com/user?u=75874979&fan_landing=true
God bless",2022-06-30T23:19:41Z,21,https://www.youtube.com/watch?v=47thty-9OnA
8GqPvZiAOVs,World Public Health Flu Plandemic To Control the Population,"WORLD PLANNED EPIDEMIC DOCUMENTARY

Video source link below:

Watch entire video:
timeline-source
https://www.bitchute.com/video/DqTfXYSnEvDL/

Please Like, Share and Subscribe

Please Support Our 24/7 Research and Outreach Team:
paypal.me/publicoutreach

The Time Is No Longer Near, It’s Here.
Move To Your Higher Self Now, The Savior (I AM) Spirit Is Within You and Me.

Our viewers and subscribers are encouraged to do their own research and exercise discernment.

FAIR USE NOTICE: This video may contain copyrighted material. Such material is made available for educational purposes only.

Copyright Disclaimer Under Section 107 of the Copyright Act 1976, allowance is made for ""fair use"" for purposes such as criticism, comment, news reporting, teaching, scholarship, and research.

This constitutes a 'fair use' of any such copyrighted material as provided for in Title 17 U.S.C. section 106A-117 of the U.S. Copyright Law",2020-08-23T00:36:30Z,119,https://www.youtube.com/watch?v=8GqPvZiAOVs
Pjd3Rwcuf74,"Georgia Guidestones DESTROYED! CERN, and Bitcoin to $0 ?","I have VERY mixed feelings about these guidestones being taken down now. I believe they tore down their OWN monument.  This is strictly opinion but there are TOO MANY OF US waking up at the same time.  We know it and they know it.  I believe this was done on purpose to conceal their plans going forward.  Why do people think this was an inside job? This has been VERY well guarded and protected for DECADES, and it gets brought down now, why? What is the reason? I don't believe for one second that 'one of us' attacked this steaming pile. I believe it was them, the ones who placed it there in the first place.  This is all just speculation and opinion though. Keep an eye out for what they're trying to distract us from.

For those asking, here’s a little info on the Georgia Guidestones.

The capstone on top is astronomically aligned with the North Star

The guidestones also serve as an astronomical calendar, and every day at noon the sun shines through a 7/8-inch hole in the center stone and illuminates the day’s date on an engraving.

Robert C. Christian, the man who supposedly commissioned the guidestones in June 1979– Shrouded in mystery.

The inscribed Guidlines are written on every pillar, in 8 different Languages. This is what is written.

 • Maintain humanity under 500,000,000 in perpetual balance with nature. (Note, some translations say Unite humanity under 500,000,000 in perpetual balance with nature…not maintain.)
 • Guide reproduction wisely — improving fitness and diversity.
 • Unite humanity with a living new language.
 • Rule passion — faith — tradition — and all things with tempered reason.
 • Protect people and nations with fair laws and just courts.
 • Let all nations rule internally, resolving external disputes in a world order court.
 • Avoid petty laws and useless officials.
 • Balance personal rights with social duties.
 • Prize truth — beauty — love — seeking harmony with the infinite.
 • Be not a cancer on the earth — Leave room for nature — Leave room for nature.

This is a demonic structure. They had absolutely horrible things planned for us. They literally tell us. For so long, things like mentioning the Georgia guidestones in relation to a one world order was laughed at. Now we find ourselves in a world wide Plandemic, tyranny and a demonic forces breathing down our necks….

Not much of a conspiracy now, eh?

Oh, I forget maybe the juiciest fact about the Guidestones…..

There is a time capsule buried beneath it. There is no inscribed date to open…. But… with a structure that is deemed unsafe and must be torn down, that’s plenty reason enough to see what’s in that time capsule, eh?",2022-07-06T23:07:37Z,156,https://www.youtube.com/watch?v=Pjd3Rwcuf74
UT59gmwPKRc,The Biggest Scam Of All,"""Arctic sea ice will vanish in 2013""
- Sierra Club    June 10, 2013",2022-07-04T09:50:52Z,16400,https://www.youtube.com/watch?v=UT59gmwPKRc
