video_id,title,description,date,fav_count,url
jzsiDRP5gXc,What QAnon followers believe now - BBC News,"A year ago supporters of outgoing President Donald Trump stormed the US Capitol. Many of them were followers of the QAnon conspiracy theory, which saw Trump as a hero who would defeat a Satan-worshipping global cabal. 

A survey by the polling organisation Ipsos Mori has found that 7% of Americans still believe this conspiracy theory - despite a lack of any evidence and the fact that QAnon's many predictions never came true. 

So who are these people? 

Please subscribe HERE http://bit.ly/1rbfUog

#BBCNews",2022-01-07T00:34:21Z,535801,https://www.youtube.com/watch?v=jzsiDRP5gXc
DA4qLxU5ZVM,QAnon returns and targets Cassidy Hutchinson in new post,"In a new post, online conspiracy theorist QAnon targets former White House aide Cassidy Hutchinson. CNN's Donie O'Sullivan explains what it means now that the account is back active.
#donieosullivan #CNN #ac360",2022-07-01T02:46:45Z,683772,https://www.youtube.com/watch?v=DA4qLxU5ZVM
u8Gd9MJsnnE,QAnon: The conspiracy theory spreading fake news - BBC Newsnight,"Twitter has become the first social media outlet to announce a crackdown on the QAnon conspiracy theory, banning thousands of accounts and blocking web addresses linking to videos and websites spreading it. But what is QAnon and what do its followers believe? Subscribe to our channel here: https://goo.gl/31Q53F

At its heart, QAnon is a wide-ranging, unfounded conspiracy theory that says that Donald Trump is waging a secret war against elite Satan-worshipping paedophiles in government, business and the media.

QAnon believers have speculated that this fight will lead to a day of reckoning where prominent people such as Hillary Clinton will be arrested and executed.

It may sound outlandish, but it hasn't stopped President Trump himself retweeting tweets from accounts supporting the theories - and those in his circle have posted imagery linked to the group. Since the coronavirus pandemic took hold in the US in March there's been a surge in online QAnon groups. 

As the US gears up for its presidential election in November, BBC Population Correspondent Stephanie Hegarty and producer Emma Ailes have been taking a deeper look into Q-Anon. 

#BBC #Newsnight #BBCNews

Newsnight is the BBC's flagship news and current affairs TV programme - with analysis, debate, exclusives, and robust interviews. 

Website: https://www.bbc.co.uk/newsnight
Twitter: https://twitter.com/BBCNewsnight
Facebook: https://www.facebook.com/bbcnewsnight",2020-07-23T23:19:01Z,1172741,https://www.youtube.com/watch?v=u8Gd9MJsnnE
rYMIozCKxGE,QAnon Conspiracies Are Tearing Through Evangelical America,"It’s been almost a year since we heard anything from the shadowy figure behind QAnon, yet the wild conspiracy is gaining a foothold in evangelical churches. VICE investigates how congregations across the country have become fertile ground for disinformation and conspiracy theories.

Subscribe to VICE News here: http://bit.ly/Subscribe-to-VICE-News

Check out VICE News for more: http://vicenews.com

Follow VICE News here:
Facebook: https://www.facebook.com/vicenews
Twitter: https://twitter.com/vicenews
Tumblr: http://vicenews.tumblr.com/
Instagram: http://instagram.com/vicenews
More videos from the VICE network: https://www.fb.com/vicevideo

#VICENews #News",2021-10-19T13:00:22Z,1667373,https://www.youtube.com/watch?v=rYMIozCKxGE
bsN96zE8FuE,QAnon 101: The Search for Q,"To understand what Q is and why it has been so enormously popular, hosts Bayan Joonam and Marley Clements get to know the most influential QAnon evangelists.

Click here to subscribe to VICE: http://bit.ly/Subscribe-to-VICE

About VICE:
The Definitive Guide To Enlightening Information. From every corner of the planet, our immersive, caustic, ground-breaking and often bizarre stories have changed the way people think about culture, crime, art, parties, fashion, protest, the internet and other subjects that don't even have names yet. Browse the growing library and discover corners of the world you never knew existed. Welcome to VICE.

Connect with VICE:
Check out our full video catalog: http://bit.ly/VICE-Videos
Videos, daily editorial and more: http://vice.com
More videos from the VICE network: https://www.fb.com/vicevideo
Click here to get the best of VICE daily: http://bit.ly/1SquZ6v
Like VICE on Facebook: http://fb.com/vice
Follow VICE on Twitter: http://twitter.com/vice
Follow us on Instagram: http://instagram.com/vice

The VICE YouTube Network:
VICE: https://www.youtube.com/VICE
MUNCHIES: https://www.youtube.com/MUNCHIES 
VICE News: https://www.youtube.com/VICENews
VICELAND: https://www.youtube.com/VICELANDTV
Broadly: https://www.youtube.com/Broadly
Noisey: https://www.youtube.com/Noisey
Motherboard: https://www.youtube.com/MotherboardTV 
VICE Sports: https://www.youtube.com/NOC
i-D: http://www.youtube.com/iDmagazine 
Waypoint: https://www.youtube.com/WaypointVICE",2021-01-25T20:00:06Z,2181894,https://www.youtube.com/watch?v=bsN96zE8FuE
gufvLjAQsQs,Where the QAnon slogan &#39;WWG1WGA&#39; likely came from,"CNN's Donie O'Sullivan spoke with three long-shot Republican House candidates about references they've made to the QAnon conspiracy theory online.
 #cnn  #ac360 #DonieOSullivan",2022-06-07T03:13:47Z,121173,https://www.youtube.com/watch?v=gufvLjAQsQs
rkniaZtlfpg,Former QAnon believer shares bonkers conspiracy theory about Biden,"CNN's Alisyn Camerota is joined by 6 people who were former QAnon followers or have loved ones who still follow the conspiracy theories. They discuss racism and white supremacy, March 4th, media gateways and Joe Biden's presidency as it pertains to the group.
#CNN #News #NewDay",2021-03-01T14:24:42Z,845923,https://www.youtube.com/watch?v=rkniaZtlfpg
VGrfN3v5JL8,Sitting Down with QAnon Conspiracy Theorists - The Jim Jefferies Show,"Jim gathers a group of QAnon conspiracy theorists to find out just how outlandish their beliefs are. 

Subscribe to Comedy Central: https://www.youtube.com/channel/UCUsN5ZwHx2kILm84-jPDeXw?sub_confirmation=1

Watch more Comedy Central: https://www.youtube.com/comedycentral

Follow The Jim Jefferies Show: 
Twitter: https://twitter.com/jefferiesshow
Facebook: https://www.facebook.com/JefferiesShow
Instagram: https://www.instagram.com/jefferiesshow

Watch full episodes of The Jim Jefferies Show: http://www.cc.com/shows/the-jim-jefferies-show

Follow Comedy Central:
Twitter: https://twitter.com/ComedyCentral
Facebook: https://www.facebook.com/ComedyCentral/
Instagram: https://www.instagram.com/comedycentral/

About The Jim Jefferies Show:
The Jim Jefferies Show is here to shake up the humdrum formula of the political late-night show. Jim tackles the news of the day with no-bulls**t candor, piercing insight and a uniquely Aussie viewpoint.

The Jim Jefferies Show airs Tuesdays at 10:30/9:30c on Comedy Central.",2018-08-22T01:18:14Z,2332634,https://www.youtube.com/watch?v=VGrfN3v5JL8
lrfeMqM603E,What It&#39;s Like to Be a QAnon Influencer in 2021 | The Deep End,"Roy Davis is a retired travel agent living on a houseboat in Florida. He believes he is dismantling The Deep State as a self-proclaimed soldier in General Michael Flynn’s digital army. He’s also estranged from his family and looking for love. What causes people like Roy to become so resentful of our political system? We hang out with Roy and his friends to find out what draws them to cult-like beliefs.

In The Deep End, Vice News correspondent Alice Hines goes on a journey to the outer limits of obsession. Watch more episodes: https://youtube.com/playlist?list=PLDbSvEZka6GGq7q1HqHFA2gIHkg4oJP_n

Click here to subscribe to VICE: http://bit.ly/Subscribe-to-VICE

About VICE:
The Definitive Guide To Enlightening Information. From every corner of the planet, our immersive, caustic, ground-breaking and often bizarre stories have changed the way people think about culture, crime, art, parties, fashion, protest, the internet and other subjects that don't even have names yet. Browse the growing library and discover corners of the world you never knew existed. Welcome to VICE.

Connect with VICE:
Check out our full video catalog: http://bit.ly/VICE-Videos
Videos, daily editorial and more: http://vice.com
More videos from the VICE network: https://www.fb.com/vicevideo
Click here to get the best of VICE daily: http://bit.ly/1SquZ6v
Like VICE on Facebook: http://fb.com/vice
Follow VICE on Twitter: http://twitter.com/vice
Follow us on Instagram: http://instagram.com/vice

The VICE YouTube Network:
VICE: https://www.youtube.com/VICE
MUNCHIES: https://www.youtube.com/MUNCHIES 
VICE News: https://www.youtube.com/VICENews
VICELAND: https://www.youtube.com/VICELANDTV
Broadly: https://www.youtube.com/Broadly
Noisey: https://www.youtube.com/Noisey
Motherboard: https://www.youtube.com/MotherboardTV 
VICE Sports: https://www.youtube.com/NOC
i-D: http://www.youtube.com/iDmagazine 
Waypoint: https://www.youtube.com/WaypointVICE",2021-11-02T15:00:21Z,840471,https://www.youtube.com/watch?v=lrfeMqM603E
nbmMwMQEK9Y,The dangerous Qanon cult tearing families apart with conspiracies | 60 Minutes Australia,"Subscribe here: http://9Soci.al/chmP50wA97J Full Episodes: https://9now.app.link/uNP4qBkmN6 | Mind games (2021)

This story presented a serious dilemma for Sarah Abo because for the most part it is pure fantasy, and 60 MINUTES reporters prefer to deal in facts. But pure fantasy is how to best sum up QAnon, an ever-shifting mega-conspiracy theory that’s bizarre and nonsensical. As whacky as it is though, millions of people appear to be caught up in the internet-based cult, including more and more Australians. The dangerous real-world consequences of QAnon, where families are being torn apart, now demand that the rest of us stop scratching our heads in disbelief and start to take much more notice of this strange group.

WATCH more of 60 Minutes Australia: https://www.60minutes.com.au 
LIKE 60 Minutes Australia on Facebook: https://www.facebook.com/60Minutes9 
FOLLOW 60 Minutes Australia on Twitter: https://twitter.com/60Mins 
FOLLOW 60 Minutes Australia on Instagram: https://www.instagram.com/60minutes9

For forty years, 60 Minutes have been telling Australians the world’s greatest stories. Tales that changed history, our nation and our lives. Reporters Liz Hayes, Tom Steinfort, Tara Brown, Liam Bartlett and Sarah Abo look past the headlines because there is always a bigger picture. Sundays are for 60 Minutes.

#60MinutesAustralia",2021-03-14T11:30:15Z,1423312,https://www.youtube.com/watch?v=nbmMwMQEK9Y
GS6BHBeqdBs,"Loved ones describe cutting ties with parents, siblings over QAnon conspiracy theories","This week on 60 Minutes+, Laurie Segall speaks with men and women who say they have seen their loved ones fall so far into QAnon conspiracy theories that many have had to cut off contact with them.

""60 Minutes"" is the most successful television broadcast in history. Offering hard-hitting investigative reports, interviews, feature segments and profiles of people in the news, the broadcast began in 1968 and is still a hit, over 50 seasons later, regularly making Nielsen's Top 10.

Subscribe to the “60 Minutes” YouTube channel: http://bit.ly/1S7CLRu
Watch full episodes: http://cbsn.ws/1Qkjo1F
Get more “60 Minutes” from “60 Minutes: Overtime”: http://cbsn.ws/1KG3sdr
Follow “60 Minutes” on Instagram: http://bit.ly/23Xv8Ry
Like “60 Minutes” on Facebook: http://on.fb.me/1Xb1Dao
Follow “60 Minutes” on Twitter: http://bit.ly/1KxUsqX
Subscribe to our newsletter: http://cbsn.ws/1RqHw7T
Download the CBS News app: http://cbsn.ws/1Xb1WC8
Try Paramount+ free: https://bit.ly/2OiW1kZ

For video licensing inquiries, contact: licensing@veritone.com",2021-08-30T01:28:37Z,466734,https://www.youtube.com/watch?v=GS6BHBeqdBs
YTaxl0tvbqk,Inside the Mind of QAnon,"In January 2021, thousands descended on the U.S. Capitol to aid President Donald Trump. Many of those who took part in the events of January 6th believed they were combating a shadowy cabal of Satan-worshipping pedophiles. They, like millions of Americans, believe in the QAnon conspiracy theory. In their new book Pastels and Pedophiles: Inside the Mind of QAnon, Mia Bloom and Sophia Moskalenko examine the rise of QAnon, how it moved from the Internet to in-person activity, and what the role of Covid-19 was in fueling its power.

To discuss the book, New America welcomes the authors of Pastels and Pedophiles, Mia Bloom, a senior fellow with New America’s International Security program and professor at Georgia State University, and Sophia Moskalenko, a psychologist studying mass identity, inter-group conflict, and conspiracy theories and research fellow with the Evidence-Based Cybersecurity Group at Georgia State University. She received her Ph.D. from the University of Pennsylvania.

The event will be moderated by Candace Rondeaux, who directs New America’s Future Frontlines program, a public intelligence service for next generation security and democratic resilience. She is also a professor of practice and fellow at the Melikian Center for Russian, Eurasian, and East European Studies and the Center on the Future of War at Arizona State University.

Join the conversation online using #QAnonMind and following @NewAmericaISP.

PARTICIPANTS

Mia Bloom
Co-Author, Pastels and Pedophiles: Inside the Mind of QAnon
Senior Fellow, International Security Program, New America
Professor, Georgia State University

Sophia Moskalenko
Co-Author, Pastels and Pedophiles: Inside the Mind of QAnon
Research Fellow, Evidence-Based Cybersecurity Group, Georgia State University

MODERATOR

Candace Rondeaux
Director, Future Frontlines, New America
Professor of Practices, Arizona State University

====================================

We are dedicated to renewing the promise of America by continuing the quest to realize our nation's highest ideals, honestly confronting the challenges caused by rapid technological and social change, and seizing the opportunities those changes create.

Subscribe to our channel for new videos on a wide range of policy issues: http://www.youtube.com/subscription_center?add_user=newamericafoundation

Subscribe to The Week Ahead and other newsletters: http://www.newamerica.org/subscribe/#

Visit newamerica.org",2022-02-01T20:35:50Z,1238,https://www.youtube.com/watch?v=YTaxl0tvbqk
rZN5vSbhsRU,The roots of QAnon run deeper than you think,"The roots of QAnon run deeper than you think, tapping into centuries-old conspiracy theories with echoes of anti-Semitic and anti-Catholic bigotry. 

In the latest “Reality Check with John Avlon: Extremist Beat,” Avlon traces how far back these false beliefs go and explores the present-day implications with CNN’s Donie O’Sullivan.",2021-09-23T22:00:18Z,529426,https://www.youtube.com/watch?v=rZN5vSbhsRU
iv7BvLBz8MI,"QAnon - If You Don&#39;t Know, Now You Know | The Daily Social Distancing Show","Are Trump’s typos secret messages? Are Hillary Clinton, Tom Hanks and Oprah eating children to live longer? Here’s everything you need to know about the QAnon conspiracy theories. #DailyShow #TrevorNoah #QAnon

Donate to support the Alliance for Youth Organizing: https://dailyshow.com/Alliance

Subscribe to The Daily Show:
https://www.youtube.com/channel/UCwWhs_6x42TyRM4Wstoq8HA/?sub_confirmation=1 

Follow The Daily Show:
Twitter: https://twitter.com/TheDailyShow
Facebook: https://www.facebook.com/thedailyshow
Instagram: https://www.instagram.com/thedailyshow

Watch full episodes of The Daily Show for free: http://www.cc.com/shows/the-daily-show-with-trevor-noah/full-episodes

Follow Comedy Central:
Twitter: https://twitter.com/ComedyCentral
Facebook: https://www.facebook.com/ComedyCentral
Instagram: https://www.instagram.com/comedycentral

About The Daily Show:
Trevor Noah and The Daily Show correspondents tackle the biggest stories in news, politics and pop culture.

The Daily Show with Trevor Noah airs weeknights at 11/10c on Comedy Central.",2020-08-25T03:25:09Z,2274716,https://www.youtube.com/watch?v=iv7BvLBz8MI
q1fdIP_KyL0,Tim Dillon Explains QAnon,"Taken from JRE #1525 w/Tim Dillon:
https://youtu.be/h9XzuUXj6Gc",2020-08-14T19:15:01Z,2274118,https://www.youtube.com/watch?v=q1fdIP_KyL0
qAp7n2uc5bE,"QAnon’s Crazy Trump Ukraine Theory, Permanent Daylight Saving Time &amp; Proof Gonzaga&#39;s Still Not Real!","Today the United States Senate voted across both party lines to make Daylight Saving Time permanent , the finale of ABC’s “The Bachelor” aired and Jimmy’s wife Molly was successful once again in determining who the winner was, the NCAA basketball tournament is underway and Gonzaga (a totally made up school) is seeded #1, the latest March madness from the QAnon crowd is a theory that Trump says “China” incorrectly to send a secret signal to the world that COVID-19 was manufactured in Ukraine, Eric Trump went on Sean Hannity where he did his best to answer a question that nobody asked - “Who’s your daddy?” And we went out to Hollywood Blvd to play one of our favorite games “Which One Doesn’t Belong?” with our announcer Lou Wilson!

SUBSCRIBE to get the latest #Kimmel: http://bit.ly/JKLSubscribe

Watch Mean Tweets: http://bit.ly/KimmelMT10

Connect with Jimmy Kimmel Live Online:

Visit the Jimmy Kimmel Live WEBSITE: http://bit.ly/JKLWebsite
Like Jimmy Kimmel on FACEBOOK: http://bit.ly/KimmelFB
Like Jimmy Kimmel Live on FACEBOOK: http://bit.ly/JKLFacebook
Follow @JimmyKimmel on TWITTER: http://bit.ly/KimmelTW
Follow Jimmy Kimmel Live on TWITTER: http://bit.ly/JKLTwitter
Follow Jimmy Kimmel Live on INSTAGRAM: http://bit.ly/JKLInstagram

About Jimmy Kimmel Live:

Jimmy Kimmel serves as host and executive producer of Emmy®-nominated “Jimmy Kimmel Live!,” ABC’s late-night talk show. “Jimmy Kimmel Live!” is well known for its huge viral video successes, with over 11 billion views and more than 15 million subscribers on the show’s YouTube channel. Some of Kimmel’s most popular comedy bits include “Celebrities Read Mean Tweets,” “Lie Witness News,” “Unnecessary Censorship,” “Halloween Candy YouTube Challenge,” and music videos like “I (Wanna) Channing All Over Your Tatum.”",2022-03-16T02:17:06Z,2028776,https://www.youtube.com/watch?v=qAp7n2uc5bE
gMcJGnypBuQ,What is QAnon? How the conspiracy theory gained traction in 2020 campaign,"With less than three months until Election Day, most of the nation’s attention has been focused on the presidential race. But more than 20 candidates who support a far-right conspiracy theory will be on the ballot for Congressional races in November. Amna Nawaz reports and talks to Travis View, co-host of the “QAnon Anonymous” podcast.

Stream your PBS favorites with the PBS app: https://to.pbs.org/2Jb8twG
Find more from PBS NewsHour at https://www.pbs.org/newshour
Subscribe to our YouTube channel: https://bit.ly/2HfsCD6

Follow us:
Facebook: http://www.pbs.org/newshour
Twitter: http://www.twitter.com/newshour
Instagram: http://www.instagram.com/newshour
Snapchat: @pbsnews

Subscribe:
PBS NewsHour podcasts: https://www.pbs.org/newshour/podcasts
Newsletters: https://www.pbs.org/newshour/subscribe",2020-08-12T23:34:25Z,583280,https://www.youtube.com/watch?v=gMcJGnypBuQ
b74F56Unc9Q,He Lost Everyone He Knew Due To His Obsession With QAnon. Then Came Jan. 6.,"NBC News senior reporter Brandy Zadrozny details the story of a man who was radicalized by QAnon, but had a ""come to Jesus"" moment while outside the Capitol on Jan. 6, 2021.

» Subscribe to MSNBC: http://on.msnbc.com/SubscribeTomsnbc

About: MSNBC is the premier destination for in-depth analysis of daily headlines, insightful political commentary and informed perspectives. Reaching more than 95 million households worldwide, MSNBC offers a full schedule of live news coverage, political opinions and award-winning documentary programming -- 24 hours a day, 7 days a week.

Connect with MSNBC Online
Visit msnbc.com: http://on.msnbc.com/Readmsnbc
Subscribe to MSNBC Newsletter: MSNBC.com/NewslettersYouTube
Find MSNBC on Facebook: http://on.msnbc.com/Likemsnbc
Follow MSNBC on Twitter: http://on.msnbc.com/Followmsnbc
Follow MSNBC on Instagram: http://on.msnbc.com/Instamsnbc",2022-01-21T14:30:18Z,661006,https://www.youtube.com/watch?v=b74F56Unc9Q
ynBQvMESMvk,"How Are The Proud Boys, QAnon And The Oath Keepers Connected? l FiveThirtyEight","Since the Jan. 6 attack on the U.S. Capitol, researchers have discovered that many of the people charged for their alleged involvement in the attack had prior connections to extremist groups or movements. Here's how members or subscribers to the Proud Boys, the QAnon conspiracy theory and the Oath Keepers connected to one another before Jan. 6, 2021.

Website: http://fivethirtyeight.com/
Merch: http://fivethirtyeight.com/store
Twitter: http://twitter.com/fivethirtyeight/ 
Facebook: https://www.facebook.com/fivethirtyeight/ 
Podcast: https://itunes.apple.com/us/podcast/fivethirtyeight-politics/id1077418457?mt=2",2022-07-12T18:48:41Z,4458,https://www.youtube.com/watch?v=ynBQvMESMvk
tTeRofqTdlg,How QAnon Is Taking Over The GOP | The Daily Social Distancing Show,"Are Trump’s typos secret messages? Are Hillary Clinton, Tom Hanks, and Oprah eating children to live longer? Here’s what you need to know about QAnon. #DailyShow #TrevorNoah #QAnon

Subscribe to The Daily Show:
https://www.youtube.com/channel/UCwWhs_6x42TyRM4Wstoq8HA/?sub_confirmation=1 

Follow The Daily Show:
Twitter: https://twitter.com/TheDailyShow
Facebook: https://www.facebook.com/thedailyshow
Instagram: https://www.instagram.com/thedailyshow

Watch full episodes of The Daily Show for free: http://www.cc.com/shows/the-daily-show-with-trevor-noah/full-episodes

Follow Comedy Central:
Twitter: https://twitter.com/ComedyCentral
Facebook: https://www.facebook.com/ComedyCentral
Instagram: https://www.instagram.com/comedycentral

About The Daily Show:
Trevor Noah and The Daily Show correspondents tackle the biggest stories in news, politics and pop culture.

The Daily Show with Trevor Noah airs weeknights at 11/10c on Comedy Central.",2020-11-23T17:00:15Z,3154260,https://www.youtube.com/watch?v=tTeRofqTdlg
Vol30dTcOQQ,How One Small Town Fought Off A QAnon Invasion,"Hear the remarkable story of how a small town in the Pacific Northwest managed to reclaim their local government from right-wing extremists.
» Subscribe to MSNBC: http://on.msnbc.com/SubscribeTomsnbc

About: MSNBC is the premier destination for in-depth analysis of daily headlines, insightful political commentary and informed perspectives. Reaching more than 95 million households worldwide, MSNBC offers a full schedule of live news coverage, political opinions and award-winning documentary programming -- 24 hours a day, 7 days a week.

Connect with MSNBC Online
Visit msnbc.com: http://on.msnbc.com/Readmsnbc
Subscribe to MSNBC Newsletter: MSNBC.com/NewslettersYouTube
Find MSNBC on Facebook: http://on.msnbc.com/Likemsnbc
Follow MSNBC on Twitter: http://on.msnbc.com/Followmsnbc
Follow MSNBC on Instagram: http://on.msnbc.com/Instamsnbc

#MSNBC #Qanon #TrumpSupporters",2022-02-15T03:00:10Z,871912,https://www.youtube.com/watch?v=Vol30dTcOQQ
VTeMFnhJjWw,Why Do People Love QAnon? | The Problem With Jon Stewart Podcast | Apple TV+,"Listen to the full episode:
https://theproblem.link/GabrielGatehouse

What led to QAnon’s success? In this week’s podcast, Jon talks to BBC Newsnight International Editor and Foreign Correspondent Gabriel Gatehouse about how QAnon can attract people desperately looking for reasons to explain their misfortunes, and how the mainstream media often leads to the virality of conspiracies. Like the pee tape. Remember the pee tape? We gotta talk about the pee tape.


The Problem With Jon Stewart is now streaming on Apple TV+ https://theproblem.link/AppleTV

Listen to The Problem With Jon Stewart podcast on Apple Podcasts, where available. 
https://theproblem.link/ApplePodcast

Subscribe to The Problem with Jon Stewart’s YouTube channel: 
https://theproblem.link/YouTube

Follow The Problem With Jon Stewart
Instagram: 
https://theproblem.link/Insta

Twitter: 
https://theproblem.link/Twitter


Follow Apple TV:
Instagram: 
https://theproblem.link/AppleTVInsta

Facebook: 
https://theproblem.link/AppleTVFacebook

Twitter: 
https://theproblem.link/AppleTVTwitter

Giphy: 
https://theproblem.link/AppleTVGiphy


Follow Apple TV+
Instagram: 
https://theproblem.link/AppleTVPlusInsta
 

Apple TV+ is a streaming service with original stories from the most creative minds in TV and film. Watch now on the Apple TV app: 
https://apple.co/AppleTVapp

#TheProblemWithJonStewart #Podcast #AppleTV #QAnon",2022-01-27T11:00:14Z,1031475,https://www.youtube.com/watch?v=VTeMFnhJjWw
IrJ-UlN8sPk,CNN reporter on Q&#39;s return: &#39;As dumb as it is dangerous&#39;,"CNN's Donie O'Sullivan and John Avlon report that the ""Q"" persona at the center of the QAnon conspiracy theory movement, has posted online for the first time since December 2020, after former President Donald Trump lost the election. #CNN #News",2022-06-27T17:37:56Z,149272,https://www.youtube.com/watch?v=IrJ-UlN8sPk
xVx7B6o0Fno,How QAnon Went Mainstream: ‘Fever Dream Come True For The Worst People On The Internet’,"“People ask me, ‘What are the QAnon people saying?’ Well, just look at the Congresswoman’s Twitter. That’s what they’re saying,” says Brandy Zadrozny on Marjorie Taylor Greene and the mainstreaming of QAnon. 
» Subscribe to MSNBC: http://on.msnbc.com/SubscribeTomsnbc

About: MSNBC is the premier destination for in-depth analysis of daily headlines, insightful political commentary and informed perspectives. Reaching more than 95 million households worldwide, MSNBC offers a full schedule of live news coverage, political opinions and award-winning documentary programming -- 24 hours a day, 7 days a week.

Connect with MSNBC Online
Visit msnbc.com: http://on.msnbc.com/Readmsnbc
Subscribe to MSNBC Newsletter: MSNBC.com/NewslettersYouTube
Find MSNBC on Facebook: http://on.msnbc.com/Likemsnbc
Follow MSNBC on Twitter: http://on.msnbc.com/Followmsnbc
Follow MSNBC on Instagram: http://on.msnbc.com/Instamsnbc

#MSNBC #MarjorieTaylorGreene #GOP",2022-04-07T01:45:01Z,26189,https://www.youtube.com/watch?v=xVx7B6o0Fno
-3ol1aUN_Go,This family reported their son to national security authorities over QAnon | Four Corners,"The far-right political movement known as QAnon has taken off around the world, mobilising a committed band of believers dedicated to fighting what they claim is an ‘online war’ against corrupt, child abusing elites.   

In the United States, the Federal Bureau of Investigation (FBI) has declared QAnon a potential domestic terrorism threat.  

The conspiracy theory is also tearing families apart. 

The parents and sister of a QAnon follower who has been friends with the Australian Prime Minister have revealed they were so concerned about his beliefs, they notified the national security hotline several times. 

In an exclusive interview with Four Corners, the family speak out about their growing fears of the powerful hold this extremist movement now has over him.  

Scott Morrison has not responded on the record to questions about whether he and Tim Stewart are still friends.  

When asked about Four Corners’ story in a press conference in June 2021, the Prime Minister said it was deeply offensive to suggest that he would support ‘such a dangerous organisation’. 

Read more: https://www.abc.net.au/news/2021-06-14/qanon-follower-old-friend-scott-morrison-stewart-family-speaks/100125156


_________


Watch more Four Corners investigations here: https://bit.ly/2JbpMkf​ 
You can also like us on Facebook: https://www.facebook.com/abc4corners/​ 
Follow us on Twitter: https://twitter.com/4corners​ 
And sign up for our newsletter: https://www.abc.net.au/4corners/newsl​...


_____________",2021-06-14T11:15:01Z,1362393,https://www.youtube.com/watch?v=-3ol1aUN_Go
aE9mTr2uI10,QAnon in Dallas: Why have QAnon followers been flocking to Dealey Plaza -- and what do they believe?,"Over the last few months, QAnon followers have been flocking to Dallas in droves. On November 2, 2021, WFAA's Kevin Reece was at Dealey Plaza as hundreds of followers come together.

What were they hoping to see happen there that day? Did they really expect John F. Kennedy Jr. was going to show up? What do these people actually believe?

You've probably heard plenty about QAnon conspiracy theories over the last year -- including during the Jan. 6 riots at the U.S. Capitol -- but how much have you heard from these people themselves?

We visited the scene of their latest mass gathering -- and spoke with some area experts -- in order to get to the bottom of the situation and find out.

STORY:
https://www.wfaa.com/article/news/nation-world/qanon-shaman-plans-to-appeal-prison-sentence-for-role-in-jan-6-insurrection-hundreds-of-followers-flock-to-dallas/287-571279dd-3adb-4611-91aa-bf1188f101c6",2021-12-01T04:32:40Z,20771,https://www.youtube.com/watch?v=aE9mTr2uI10
HTK6WB8qOSs,QAnon believers gathered to see something physically impossible,"CNN's Donie O'Sullivan speaks with John Berman about why hundreds of QAnon believers gathered in Dallas to witness something impossible: the supposed return of John F. Kennedy and John F. Kennedy Jr., who died in 1963 and 1999, respectively. #CNN #News",2021-11-03T17:42:17Z,588200,https://www.youtube.com/watch?v=HTK6WB8qOSs
ic2C30ElCSY,QAnon: How Did It Hit Home? And WHAT NEXT?!,"Elites are taking over! Our only hope is to form our own. To learn more join my cartel here https://www.russellbrand.com/join/ and get weekly bulletins too incendiary for anything but your private inbox.
*not a euphemism

Followers of QAnon have been divided since the inauguration confounded their predictions that Donald Trump would remain in power. What does the future hold for QAnon and what does its popularity signify? 

Subscribe to my channel here: http://tinyurl.com/opragcg
(make sure to hit the BELL icon to be notified of new videos!)

My Audible Original, ‘Revelation', is released on 25 March
US: http://adbl.co/revelation
UK: http://adbl.co/revelationuk
AU: http://adbl.co/revelationau
CA: http://adbl.co/revelationca

Listen to my Under The Skin podcast here: 
https://luminarypodcasts.com

Instagram: http://instagram.com/russellbrand/
Twitter: http://twitter.com/rustyrockets

Produced by Gareth Roy",2021-02-17T19:00:10Z,789999,https://www.youtube.com/watch?v=ic2C30ElCSY
E3_euRauzwo,Who is Behind QAnon? Filmmaker Cullen Hoback Explores,"Could this be the person behind QAnon? Documentary filmmaker Cullen Hoback believes so — here’s why.
» Subscribe to NowThis: http://go.nowth.is/News_Subscribe
» Sign up for our newsletter KnowThis to get the biggest stories of the day delivered straight to your inbox: https://go.nowth.is/KnowThis

For more U.S. politics and world news, subscribe to NowThis News.

#QAnon #CullenHoback #Conspiracy #Politics #News #NowThis

Connect with NowThis
» Like us on Facebook: http://go.nowth.is/News_Facebook
» Tweet us on Twitter: http://go.nowth.is/News_Twitter
» Follow us on Instagram: http://go.nowth.is/News_Instagram
» Find us on Snapchat Discover: http://go.nowth.is/News_Snapchat

NowThis is your premier news outlet providing you with all the videos you need to stay up to date on all the latest in trending news. From entertainment to politics, to viral videos and breaking news stories, we’re delivering all you need to know straight to your social feeds. We live where you live.

http://www.youtube.com/nowthisnews
@nowthisnews",2021-04-07T15:59:48Z,90087,https://www.youtube.com/watch?v=E3_euRauzwo
KBnsuTcfWeQ,How a QAnon conspiracy theory about Ukraine ‘biolabs’ went mainstream,"Investigative reporter Justin Ling exposes how a QAnon conspiracy theory about U.S.-funded 'biolabs' in Ukraine morphed into mainstream disinformation, and what that could suggest about Russia's own dangerous ambitions. 

#Biolabs #Ukraine #Bioweapons

Watch The National live on YouTube Sunday-Friday at 9 p.m. ET

Subscribe to The National: 
https://www.youtube.com/user/CBCTheNational?sub_confirmation=1

Connect with The National online:
Facebook | https://www.facebook.com/thenational
Twitter | https://twitter.com/CBCTheNational
Instagram | https://www.instagram.com/cbcthenational

More from CBC News | https://www.cbc.ca/news

The National is CBC's flagship nightly news program, featuring the day's top stories with in-depth and original journalism, with hosts Adrienne Arsenault and Andrew Chang in Toronto, Ian Hanomansing in Vancouver and the CBC's chief political correspondent, Rosemary Barton in Ottawa.",2022-04-11T02:57:43Z,12576,https://www.youtube.com/watch?v=KBnsuTcfWeQ
flhGGq3TASo,QAnon Leader Backing Candidates For Secretary Of State | The Katie Phang Show,"QAnon ideologies have gone from fringe beliefs to mainstream political views in the Republican party thanks to people such as Wayne Willott, who is now throwing his weight behind candidates for secretary of state. The Daily Beast’s Will Sommer joins Katie Phang to discuss his reporting on his growing influence. New details surrounding the sequence of events during the shooting in Uvalde, TX are painting a much clearer picture of how law enforcement failed that day. NBC’s Ken Dilainian joins Katie Phang to share what he’s learned. 

» Subscribe to MSNBC: http://on.msnbc.com/SubscribeTomsnbc

MSNBC delivers breaking news, in-depth analysis of politics headlines, as well as commentary and informed perspectives. Find video clips and segments from The Rachel Maddow Show, Morning Joe, Meet the Press Daily, The Beat with Ari Melber, Deadline: White House with Nicolle Wallace, The ReidOut, All In, Last Word, 11th Hour, and more.

Connect with MSNBC Online
Visit msnbc.com: http://on.msnbc.com/Readmsnbc
Subscribe to MSNBC Newsletter: http://link.msnbc.com/join/5ck/msnbc-daily-signup-youtube
Find MSNBC on Facebook: http://on.msnbc.com/Likemsnbc
Follow MSNBC on Twitter: http://on.msnbc.com/Followmsnbc
Follow MSNBC on Instagram: http://on.msnbc.com/Instamsnbc

#MSNBC #News #GOP",2022-06-03T01:45:01Z,25232,https://www.youtube.com/watch?v=flhGGq3TASo
ift5nxcSrII,QAnon And Conspiracy Theories: An American Political Tradition | Meet The Press Reports | NBC News,"Conspiracy theories are nothing new in American politics, but QAnon presents unique problems.
» Subscribe to NBC News: http://nbcnews.to/SubscribeToNBC
» Watch more NBC video: http://bit.ly/MoreNBCNews

NBC News Digital is a collection of innovative and powerful news brands that deliver compelling, diverse and engaging news stories. NBC News Digital features NBCNews.com, MSNBC.com, TODAY.com, Nightly News, Meet the Press, Dateline, and the existing apps and digital extensions of these respective properties.  We deliver the best in breaking news, live video coverage, original journalism and segments from your favorite NBC News Shows.

Connect with NBC News Online!
NBC News App: https://smart.link/5d0cd9df61b80
Breaking News Alerts: https://link.nbcnews.com/join/5cj/breaking-news-signup?cid=sm_npd_nn_yt_bn-clip_190621
Visit NBCNews.Com: http://nbcnews.to/ReadNBC
Find NBC News on Facebook: http://nbcnews.to/LikeNBC
Follow NBC News on Twitter: http://nbcnews.to/FollowNBC
Follow NBC News on Instagram: http://nbcnews.to/InstaNBC

QAnon and Conspiracy Theories: An American Political Tradition | Meet The Press | NBC News",2021-04-04T16:23:47Z,654088,https://www.youtube.com/watch?v=ift5nxcSrII
DRqUQjyCXJQ,&#39;Passion of the Christ&#39; star pushes false QAnon theory,"CNN's Donie O'Sullivan reports on the false QAnon conspiracy theory pushed by ""Passion of the Christ"" star Jim Caviezel.

#DonieOSullivan #CNNBusiness #NewDay",2021-04-19T14:10:28Z,482832,https://www.youtube.com/watch?v=DRqUQjyCXJQ
rGdm386TRnY,Dangerous QAnon Fringe Seen At Gathering Waiting For JFK Jr. To Show Up,"Ben Collins, NBC News senior reporter covering disinformation, extremism, and the internet, talks with Rachel Maddow about a gathering in Dallas of a sect of the QAnon movement that expected JFK Jr. to not only not be dead but to show up at the same time and place his father was assassinated, and what it means that such a large number of people took part in this real world event.
» Subscribe to MSNBC: http://on.msnbc.com/SubscribeTomsnbc

MSNBC delivers breaking news, in-depth analysis of politics headlines, as well as commentary and informed perspectives. Find video clips and segments from The Rachel Maddow Show, Morning Joe, Meet the Press Daily, The Beat with Ari Melber, Deadline: White House with Nicolle Wallace, The ReidOut, All In, Last Word, 11th Hour, and more.

Connect with MSNBC Online
Visit msnbc.com: http://on.msnbc.com/Readmsnbc
Subscribe to MSNBC Newsletter: http://http://MSNBC.com/NewslettersYo...
Find MSNBC on Facebook: http://on.msnbc.com/Likemsnbc
Follow MSNBC on Twitter: http://on.msnbc.com/Followmsnbc
Follow MSNBC on Instagram: http://on.msnbc.com/Instamsnbc

#MSNBC #JFKJr #Dallas",2021-11-04T05:44:05Z,805509,https://www.youtube.com/watch?v=rGdm386TRnY
prXpsfTa__0,"Opinion | In Germany, QAnon and racism are fueling the far right. Sound familiar?","Conspiracy theories and racism aren't just coloring U.S. politics. In Germany, they've moved from the fringe to a political platform. The far-right Alternative for Germany (AfD) party has found the way.  Producer Parjanya Christian Holtz travels across Germany to see how QAnon and anti-immigration sentiments are energizing what has become the biggest opposition party in parliament. Read more: http:/wapo.st/germanyright

#WashingtonPost #QAnon #Germany #AFD #FarRight #Europe #Pegida #Merkel",2020-08-24T14:10:11Z,36318,https://www.youtube.com/watch?v=prXpsfTa__0
JiUxGeYBS4U,Pastel QAnon: How The Far-Right Conspiracy Group Is Creeping Into Wellness Community,"The far-right conspiracy group known as QAnon has begun to take over the wellness community throughout the pandemic through podcasts and wellness influencers. 
» Subscribe to NBC News: http://nbcnews.to/SubscribeToNBC
» Watch more NBC video: http://bit.ly/MoreNBCNews

NBC News Digital is a collection of innovative and powerful news brands that deliver compelling, diverse and engaging news stories. NBC News Digital features NBCNews.com, MSNBC.com, TODAY.com, Nightly News, Meet the Press, Dateline, and the existing apps and digital extensions of these respective properties.  We deliver the best in breaking news, live video coverage, original journalism and segments from your favorite NBC News Shows.


Connect with NBC News Online!
NBC News App: https://smart.link/5d0cd9df61b80
Breaking News Alerts: https://link.nbcnews.com/join/5cj/breaking-news-signup?cid=sm_npd_nn_yt_bn-clip_190621
Visit NBCNews.Com: http://nbcnews.to/ReadNBC
Find NBC News on Facebook: http://nbcnews.to/LikeNBC
Follow NBC News on Twitter: http://nbcnews.to/FollowNBC

#Conspiracy #QAnon #NBCNews",2021-10-07T22:52:16Z,14839,https://www.youtube.com/watch?v=JiUxGeYBS4U
obCgE_6g21s,Velshi: Even “Q” Is Disavowing Some of QAnon’s Fringe Conspiracy Theories,"QAnon, your not-so-friendly, neighborhood conspiracy cult, has gotten so out of hand that even “Q” - the All Mighty leader - is disavowing some of the most fringe conspiracy theories being peddled by its loyal followers. Including the theory that John F. Kenney Jr. is actually alive and will reveal himself as Donald Trump’s 2024 running mate. At the end of the day, these people - no matter how far on the fringe they fall - are fellow Americans who have been manipulated by the system. They are motivated and they are voting. There will almost certainly be more QAnon supporters on the ballot in 2022. So if you think it’s scary now, you have no idea.» Subscribe to MSNBC: http://on.msnbc.com/SubscribeTomsnbc

MSNBC delivers breaking news, in-depth analysis of politics headlines, as well as commentary and informed perspectives. Find video clips and segments from The Rachel Maddow Show, Morning Joe, Meet the Press Daily, The Beat with Ari Melber, Deadline: White House with Nicolle Wallace, The ReidOut, All In, Last Word, 11th Hour, and more.

Connect with MSNBC Online
Visit msnbc.com: http://on.msnbc.com/Readmsnbc
Subscribe to MSNBC Newsletter: http://http://MSNBC.com/NewslettersYouTube
Find MSNBC on Facebook: http://on.msnbc.com/Likemsnbc
Follow MSNBC on Twitter: http://on.msnbc.com/Followmsnbc
Follow MSNBC on Instagram: http://on.msnbc.com/Instamsnbc


#Qanon #Conspiracies #msnbc 

Velshi: Even “Q” Is Disavowing Some of QAnon’s Fringe Conspiracy Theories",2021-11-07T18:00:30Z,162242,https://www.youtube.com/watch?v=obCgE_6g21s
ceeuHC_xPKA,Conspiracy theory group QAnon explained | Download This Show,"US President Donald Trump has praised the followers of QAnon as ‘people that love our country’. Where did the conspiracy theory group come from, how widespread is it and where is it all headed? Host of Download This Show Marc Fennell asks Sarah Moran, CEO, Girl Geek Academy and Seamus Byrne, editor & host of the Byteside podcast.

More Download This Show podcasts at https://www.abc.net.au/radionational/programs/downloadthisshow/",2020-09-11T09:19:31Z,14605,https://www.youtube.com/watch?v=ceeuHC_xPKA
atLs7UAzytM,How to Talk to QAnon Believers | NBCLX,"Studies suggest tens of millions of Americans now believe QAnon conspiracies, including unfounded claims about satanic, cannibalistic, child-exploiting cabals. But Noah Pransky explains why logic isn’t the right strategy for talking to someone who starts believing irrational conspiracies.

Subscribe: https://www.youtube.com/nbclx?sub_confirmation=1

Find us on Instagram: https://www.instagram.com/nbclx/
Find us on Twitter: https://twitter.com/nbclx
Find us on Facebook: https://www.facebook.com/NBCLX/
Visit our website: https://www.lx.com/

ABOUT NBCLX:

Every story is local. 

We are passionate and engaged storytellers with a mission to inform and inspire. NBCLX stories will focus on depth and context, the kind of stories that can make everyone feel connected and encouraged to shape the world around them.

How to Talk to QAnon Believers | NBCLX
https://youtu.be/atLs7UAzytM
#NBCLX #ConspiracyTheories #Disinformation",2020-10-22T11:30:00Z,5962,https://www.youtube.com/watch?v=atLs7UAzytM
LhYZfh6aqls,"QAnon conspiracy theories and antisemitic messages spreading, Anti-Defamation League reports","A new report from the Anti-Defamation League says QAnon conspiracy theories and antisemitic content are spreading on the instant messaging platform Telegram with very little moderation. CBSN tech reporter Dan Patterson joins CBSN AM with the latest. 

CBSN is CBS News’ 24/7 digital streaming news service featuring live, anchored coverage available for free across all platforms. Launched in November 2014, the service is a premier destination for breaking news and original storytelling from the deep bench of CBS News correspondents and reporters. CBSN features the top stories of the day as well as deep dives into key issues facing the nation and the world. CBSN has also expanded to launch local news streaming services in major markets across the country. CBSN is currently available on CBSNews.com and the CBS News app across more than 20 platforms, as well as the Paramount+ subscription service.

Subscribe to the CBS News YouTube channel: http://youtube.com/cbsnews​
Watch CBSN live: http://cbsn.ws/1PlLpZ7c​
Download the CBS News app: http://cbsn.ws/1Xb1WC8​
Follow CBS News on Instagram: https://www.instagram.com/cbsnews/​
Like CBS News on Facebook: http://facebook.com/cbsnews​
Follow CBS News on Twitter: http://twitter.com/cbsnews​
Subscribe to our newsletters: http://cbsn.ws/1RqHw7T​
Try Paramount+ free: https://bit.ly/2OiW1kZ

For video licensing inquiries, contact: licensing@veritone.com",2021-09-24T16:38:17Z,6608,https://www.youtube.com/watch?v=LhYZfh6aqls
Z6cSu9oT6fs,‘QAnon Shaman’ Talks Insurrection Fallout From Federal Prison,"This week marks exactly one year since the nation watched in horror as insurrectionists raided the U.S. Capitol. Perhaps the most recognizable of the rioters is so-called “QAnon Shaman” Jacob Chansely, who is serving a 41-month sentence in federal prison after pleading guilty for his role in the riot. Chansley spoke exclusively with Inside Edition chief investigative correspondent Lisa Guerrero from behind bars in Oklahoma while on speakerphone with his mother, Martha Chansley.",2022-01-05T21:44:44Z,112759,https://www.youtube.com/watch?v=Z6cSu9oT6fs
pkjZl-3nA80,What QAnon Means for Corporate Censorship,"Taken from JRE #1710 w/Cullen Hoback:
https://open.spotify.com/episode/2TONVch3kNfujyXlHMnaGE?si=fI5ZizAiQQ65TRFxl4o9Mw&dl_branch=1",2021-09-23T00:21:14Z,541833,https://www.youtube.com/watch?v=pkjZl-3nA80
eh1LHbDXMQQ,"QAnon after Trump: Where did it come from, where will it go now? | DW Analysis","Supporters of the far-right movement QAnon believed that Donald Trump was fighting the ""deep state"" and that the US military would help him remain in power. But since Joe Biden was inaugurated, many QAnon followers began to question the movement's message. WithTrump out of the White House, is it all over for QAnon?

Subscribe: https://www.youtube.com/user/deutschewelleenglish?sub_confirmation=1

For more news go to: http://www.dw.com/en/
Follow DW on social media:
►Facebook: https://www.facebook.com/deutschewellenews/
►Twitter: https://twitter.com/dwnews
►Instagram: https://www.instagram.com/dwnews
Für Videos in deutscher Sprache besuchen Sie: https://www.youtube.com/dwdeutsch
#QAnon #DonaldTrump #JoeBiden",2021-02-25T13:50:38Z,139102,https://www.youtube.com/watch?v=eh1LHbDXMQQ
IvOFVzfc-k0,Dad Who Allegedly Killed Kids Speaks Out Against QAnon Beliefs,"The California surfer dad who allegedly stabbed his two young children to death with a spearfishing gun is now reportedly renouncing his beliefs in QAnon. Last August, Mathew Coleman allegedly confessed to killing his son and daughter in Mexico. It was after he was ""enlightened by QAnon and illuminati conspiracy theories."" Now in a jailhouse letter, he writes in part: ""I was deceiving myself. I know now that the [reptile] DNA thing was a delusion in my own mind.""",2022-06-16T22:08:24Z,316044,https://www.youtube.com/watch?v=IvOFVzfc-k0
zfcB2q0_hAI,QAnon Fans Doubt Their Faith After Nothing Happens In November | Dr. Oz Is Running For Office,"Stephen reopens The Q Files to check on QAnon followers whose faith was shaken after a string of false predictions failed to materialize in November. In Pennsylvania, a man known for his work as a syndicated TV doctor launched his campaign for a U.S. Senate seat. #Colbert #Comedy #Monologue

Subscribe To ""The Late Show"" Channel: http://bit.ly/ColbertYouTube

Watch full episodes of ""The Late Show"": http://bit.ly/1Puei40
Listen to ""The Late Show Pod Show"" podcast: https://link.chtbl.com/Awagtx95?sid=yt
Like ""The Late Show"" on Facebook: http://on.fb.me/1df139Y
Follow ""The Late Show"" on Twitter: http://bit.ly/1dMzZzG
Follow ""The Late Show"" on Instagram: http://bit.ly/29wfREj

Watch The Late Show with Stephen Colbert weeknights at 11:35 PM ET/10:35 PM CT. Only on CBS.

---
The Late Show with Stephen Colbert is the premier late night talk show on CBS, airing at 11:35pm EST, streaming online via Paramount+, and delivered to the International Space Station on a USB drive taped to a weather balloon. Every night, viewers can expect: Comedy, humor, funny moments, witty interviews, celebrities, famous people, movie stars, bits, humorous celebrities doing bits, funny celebs, big group photos of every star from Hollywood, even the reclusive ones, plus also jokes.",2021-12-01T04:50:00Z,2418324,https://www.youtube.com/watch?v=zfcB2q0_hAI
hGP01scixAI,Why So Many QAnon Believers Are Evangelical Christians,"On this episode of Do Your Research, VICE News dives into the history of Evangelicalism's affect on U.S. politics.

Subscribe to VICE News here: http://bit.ly/Subscribe-to-VICE-News

Check out VICE News for more: http://vicenews.com

Follow VICE News here:
Facebook: https://www.facebook.com/vicenews
Twitter: https://twitter.com/vicenews
Tumblr: http://vicenews.tumblr.com/
Instagram: http://instagram.com/vicenews
More videos from the VICE network: https://www.fb.com/vicevideo

#VICENews #News",2021-04-05T17:00:31Z,1511274,https://www.youtube.com/watch?v=hGP01scixAI
ty7jrPYhdN4,Qanon’s lies continue long after its role in the Capitol insurrection,"Anderson Cooper reports on Qanon's involvement at the insurrection on January 6th and where the movement stands one year later.

#CNN #News",2022-01-06T04:21:32Z,121161,https://www.youtube.com/watch?v=ty7jrPYhdN4
nCrZcmRoNZI,How the baseless QAnon conspiracy theory is making its way into American politics,"Members of the Trump administration are giving indirect, and sometimes mixed, answers on the president’s position on QAnon, a baseless conspiracy theory the FBI has called a potential domestic terror threat. Last week, President Trump said he didn’t know much about it, other than the followers “like him."" CNET senior producer Dan Patterson joined CBSN’s “Red and Blue” to discuss.

Subscribe to the CBS News Channel HERE: https://bit.ly/2uz8qYE
Watch CBSN live HERE: http://cbsn.ws/1PlLpZ7
Follow CBS News on Instagram HERE: https://www.instagram.com/cbsnews/
Like CBS News on Facebook HERE: http://facebook.com/cbsnews
Follow CBS News on Twitter HERE: http://twitter.com/cbsnews

Get the latest news and best in original reporting from CBS News delivered to your inbox. Subscribe to newsletters HERE: http://cbsn.ws/1RqHw7T

Get your news on the go! Download CBS News mobile apps HERE: http://cbsn.ws/1Xb1WC8

Get new episodes of shows you love across devices the next day, stream CBSN and local news live, and watch full seasons of CBS fan favorites like Star Trek Discovery anytime, anywhere with CBS All Access. Try it free! http://bit.ly/1OQA29B

---
CBSN is the first digital streaming news network that will allow Internet-connected consumers to watch live, anchored news coverage on their connected TV and other devices. At launch, the network is available 24/7 and makes all of the resources of CBS News available directly on digital platforms with live, anchored coverage 15 hours each weekday. CBSN. Always On.",2020-08-25T02:36:39Z,13837,https://www.youtube.com/watch?v=nCrZcmRoNZI
4lg6cZmfpeM,What Can You Do About QAnon? | NYT Opinion,"A global cabal of celebrity pedophiles? Trafficked children being sold online through a furniture website? And Donald Trump about to rescue us from it all?

These QAnon conspiracy theories are so outlandish — not to mention demonstrably untrue — it feels like the natural response … is laughter and mockery.

But according to documentary filmmaker Kirby Ferguson, that’s the opposite of what you should do. Dunking on fools may feel good, but humiliating QAnoners risks driving them further down the rabbit hole. And you should care because you might have a QAnon believer among your friends or family — and on Nov. 3, it’s possible several will be elected to Congress. Q is not going anywhere soon. So what can you do?

Subscribe: http://bit.ly/U8Ys7n
More from The New York Times Video:  http://nytimes.com/video
----------
Whether it's reporting on conflicts abroad and political divisions at home, or covering the latest style trends and scientific developments, New York Times video journalists provide a revealing and unforgettable view of the world. It's all the news that's fit to watch.",2020-10-27T17:00:01Z,508485,https://www.youtube.com/watch?v=4lg6cZmfpeM
_iQsr3Z3Xx4,Is QAnon a Cult or Conspiracy Theory? | Why did QAnon select Donald Trump as their prophet?,"This video answers the questions: Can I discuss the mental health and personality factors that may be at work in the QAnon conspiracy theory (or cult)? Why did QAnon select Donald Trump as their prophet or leader?
Support Dr. Grande on Patreon: https://www.patreon.com/drgrande

American Psychiatric Association. (2013). Diagnostic and statistical manual of mental disorders (5th ed.). Arlington, VA: Author.

https://www.nytimes.com/2020/08/20/us/politics/qanon-trump-republicans.html

https://www.salon.com/2019/08/18/qanon-is-the-conspiracy-theory-that-wont-die-heres-what-they-believe-and-why-theyre-wrong/

https://www.salon.com/2018/11/15/qanons-true-believers-are-devastated-as-the-conspiracy-theory-goes-down-in-flames/

https://www.theatlantic.com/magazine/archive/2020/06/qanon-nothing-can-stop-what-is-coming/610567/?utm_source=google&utm_medium=cr&utm_campaign=2020sem&gclid=EAIaIQobChMI8-fXyfy26wIVgYNbCh281QRvEAAYASAAEgJWAPD_BwE

Would you like to listen to my content in podcast form? With my partners at Ars Longa Media, we released True Crime Psychology and Personality: Narcissism, Psychopathy and the Minds of Dangerous Criminals. Subscribe to it anywhere you listen to podcasts. 

I'm looking forward to putting more of my content into audio and developing new, original podcasts on mental health topics. Visit us online, and feel free to reach out with your questions or ideas by going to arslonga.media. 
 
Dr. Grande’s True Crime Psychology and Personality podcast: https://www.arslonga.media

Check out Dr. Grande’s merchandise at: https://teespring.com/stores/dr-grandes-store",2020-08-25T21:45:27Z,61913,https://www.youtube.com/watch?v=_iQsr3Z3Xx4
_aWKftVlHac,QAnon Conspiracies Go Back Centuries,"On this episode of Do Your Research, VICE News unravels the anti-Semitic roots of QAnon beliefs. 

Subscribe to VICE News here: http://bit.ly/Subscribe-to-VICE-News

Check out VICE News for more: http://vicenews.com

Follow VICE News here:
Facebook: https://www.facebook.com/vicenews
Twitter: https://twitter.com/vicenews
Tumblr: http://vicenews.tumblr.com/
Instagram: http://instagram.com/vicenews
More videos from the VICE network: https://www.fb.com/vicevideo

#VICENews #News",2021-03-02T19:00:07Z,171003,https://www.youtube.com/watch?v=_aWKftVlHac
jf6V2CYhKvc,How to Un-Cancel Yourself After Going Viral for QAnon,"After a viral obsession with QAnon, this PR rep is taking on her most important client — herself

Subscribe to VICE News here: http://bit.ly/Subscribe-to-VICE-News

Check out VICE News for more: http://vicenews.com

Follow VICE News here:
Facebook: https://www.facebook.com/vicenews
Twitter: https://twitter.com/vicenews
Tumblr: http://vicenews.tumblr.com/
Instagram: http://instagram.com/vicenews
More videos from the VICE network: https://www.fb.com/vicevideo",2021-02-08T14:00:11Z,300889,https://www.youtube.com/watch?v=jf6V2CYhKvc
kaxFSYlqKlc,QAnon Conspiracy Theories Spread Overseas | NBC News NOW,"With the FDA willing to fast track a coronavirus vaccine before phase three trails end, there's a likelihood we could see immunizations by the end of 2020. NBC News' Dr. John Torres weighs in.
» Subscribe to NBC News: http://nbcnews.to/SubscribeToNBC
» Watch more NBC video: http://bit.ly/MoreNBCNews

NBC News Digital is a collection of innovative and powerful news brands that deliver compelling, diverse and engaging news stories. NBC News Digital features NBCNews.com, MSNBC.com, TODAY.com, Nightly News, Meet the Press, Dateline, and the existing apps and digital extensions of these respective properties.  We deliver the best in breaking news, live video coverage, original journalism and segments from your favorite NBC News Shows.

Connect with NBC News Online!
NBC News App: https://apps.nbcnews.com/mobile
Breaking News Alerts: https://link.nbcnews.com/join/5cj/breaking-news-signup?cid=sm_npd_nn_yt_bn-clip_190621
Visit NBCNews.Com: http://nbcnews.to/ReadNBC
Find NBC News on Facebook: http://nbcnews.to/LikeNBC
Follow NBC News on Twitter: http://nbcnews.to/FollowNBC
Follow NBC News on Instagram: http://nbcnews.to/InstaNBC

QAnon Conspiracy Theories Spread Overseas | NBC News NOW",2020-08-31T21:59:46Z,27373,https://www.youtube.com/watch?v=kaxFSYlqKlc
1ac9wj2ZVRM,Conspiracy theories: QAnon and the red pill of truth - BBC Newsnight,"The conspiracy theories sweeping Donald Trump’s base – we take a look into the secret supposed source, QAnon.
Subscribe to our channel here: https://goo.gl/31Q53F 

Newsnight is the BBC's flagship news and current affairs TV programme - with analysis, debate, exclusives, and robust interviews. 

Website: https://www.bbc.co.uk/newsnight
Twitter: https://twitter.com/BBCNewsnight
Facebook: https://www.facebook.com/bbcnewsnight",2018-08-16T22:36:49Z,293660,https://www.youtube.com/watch?v=1ac9wj2ZVRM
zxBchA7mrLE,Unfounded &#39;QAnon&#39; conspiracy theory gains traction in politics | Nightline,"Followers believe the baseless idea that a secret network of celebrities and politicians is working to promote its evil agenda. Some Republicans running for office have expressed support for it.

WATCH NIGHTLINE EPISODES:
https://abc.go.com/shows/nightline 

ALSO AVAILABLE ON HULU: https://hulu.tv/2wSmSrZ

#Nightline #Qanon #Republicans #Trump #Conspiracy #ConspiracyTheory #Politics",2020-09-03T07:19:12Z,71322,https://www.youtube.com/watch?v=zxBchA7mrLE
gpu4-GBgsBQ,White Supremacist Groups Target QAnon Conspiracy Theorists Who Feel Let Down By Trump | NBC News NOW,"NBC News’ Ben Collins reports on the new recruitment efforts by white supremacy groups that are targeting disillusioned QAnon conspiracy theorists who felt let down by former President Trump.
» Subscribe to NBC News: http://nbcnews.to/SubscribeToNBC
» Watch more NBC video: http://bit.ly/MoreNBCNews

NBC News Digital is a collection of innovative and powerful news brands that deliver compelling, diverse and engaging news stories. NBC News Digital features NBCNews.com, MSNBC.com, TODAY.com, Nightly News, Meet the Press, Dateline, and the existing apps and digital extensions of these respective properties.  We deliver the best in breaking news, live video coverage, original journalism and segments from your favorite NBC News Shows.

Connect with NBC News Online!
NBC News App: https://apps.nbcnews.com/mobile
Breaking News Alerts: https://link.nbcnews.com/join/5cj/breaking-news-signup?cid=sm_npd_nn_yt_bn-clip_190621
Visit NBCNews.Com: http://nbcnews.to/ReadNBC
Find NBC News on Facebook: http://nbcnews.to/LikeNBC
Follow NBC News on Twitter: http://nbcnews.to/FollowNBC
Follow NBC News on Instagram: http://nbcnews.to/InstaNBC

#Trump #ConspiracyTheorists #NBCNews

White Supremacist Groups Target QAnon Conspiracy Theorists Who Feel Let Down By Trump | NBC News NOW",2021-01-22T12:34:34Z,235583,https://www.youtube.com/watch?v=gpu4-GBgsBQ
helPavwg0-c,Trump Dodges QAnon Conspiracy Theory Question,"President Donald Trump dodged questions about whether he supported the QAnon conspiracy theory during a White House briefing on Friday.

Trump was asked about his support for Marjorie Taylor Greene, who was mocked as a supporter of QAnon conspiracies and denounced for videos deemed racist by fellow Republicans.

Unofficial election returns showed Greene winning by a wide margin in her Tuesday primary runoff with John Cowan — a neurosurgeon endorsed by several Georgia GOP congressmen, some who openly denounced Greene.

""Congratulations to future Republican Star Marjorie Taylor Greene on a big Congressional primary win in Georgia against a very tough and smart opponent,"" Trump tweeted. ""Marjorie is strong on everything and never gives up - a real WINNER!""

Trump did not directly answer questions about whether he agrees with Greene that the conspiracy theory should be ""looked into.""

The president's praise for Greene marked a direct contrast to the condemnation from Republican lawmakers during the primary campaign.

Subscribe to our YouTube channel: https://bit.ly/2TwO8Gm

QUICKTAKE ON SOCIAL:
Follow QuickTake on Twitter: twitter.com/quicktake
Like QuickTake on Facebook: facebook.com/quicktake
Follow QuickTake on Instagram: instagram.com/quicktake
Subscribe to our newsletter: https://bit.ly/2FJ0oQZ
Email us at quicktakenews@gmail.com

QuickTake by Bloomberg is a global news network delivering up-to-the-minute analysis on the biggest news, trends and ideas for a new generation of leaders.",2020-08-14T21:19:34Z,23699,https://www.youtube.com/watch?v=helPavwg0-c
CPj_Gk3FlH0,How Do People Get Sucked Into Online Conspiracies… and Find a Way Out?  | The Daily Show,"A Bernie supporter and Biden voter in QAnon? Desi Lydic sits down with a former online conspiracy theorist to discuss the appeal of conspiracy groups to people across the political spectrum and the path to getting out. #DailyShow #DesiLydic #QAnon

Subscribe to The Daily Show:
https://www.youtube.com/channel/UCwWhs_6x42TyRM4Wstoq8HA/?sub_confirmation=1 

Follow The Daily Show:
Twitter: https://twitter.com/TheDailyShow
Facebook: https://www.facebook.com/thedailyshow
Instagram: https://www.instagram.com/thedailyshow

Stream full episodes of The Daily Show on Paramount+: http://www.paramountplus.com/?ftag=PPM-05-10aei0b

Follow Comedy Central:
Twitter: https://twitter.com/ComedyCentral
Facebook: https://www.facebook.com/ComedyCentral
Instagram: https://www.instagram.com/comedycentral

About The Daily Show:
Trevor Noah and The Daily Show correspondents tackle the biggest stories in news, politics and pop culture.

The Daily Show with Trevor Noah airs weeknights at 11/10c on Comedy Central.",2021-07-28T00:00:12Z,853507,https://www.youtube.com/watch?v=CPj_Gk3FlH0
upXofFy8xrE,This Lifestyle Influencer Lost Her Accounts Because of QAnon,"QAnon has spread from the dark corners of the internet to the mainstream, in part thanks to social media influencers. VICE News meets a lifestyle influencer who says her mission is to stop child trafficking, but who has been removed from numerous social media platforms in their crackdowns on QAnon content. 

Subscribe to VICE News here: http://bit.ly/Subscribe-to-VICE-News

Check out VICE News for more: http://vicenews.com

Follow VICE News here:
Facebook: https://www.facebook.com/vicenews
Twitter: https://twitter.com/vicenews
Tumblr: http://vicenews.tumblr.com/
Instagram: http://instagram.com/vicenews
More videos from the VICE network: https://www.fb.com/vicevideo",2021-02-22T20:00:10Z,197732,https://www.youtube.com/watch?v=upXofFy8xrE
E5a7CV8U6vM,QAnon &amp; Sovereign Citizens Are Coming for the Child Welfare System,"The conspiracy theory that powerful government insiders are involved in child trafficking is having consequences. Disgruntled parents say that social workers are agents of a deep state, plotting to kidnap their children. They're being encouraged by a fake Navy SEAL who says that ""sovereign"" individuals don't have to follow laws.

Subscribe to VICE News here: http://bit.ly/Subscribe-to-VICE-News

Check out VICE News for more: http://vicenews.com

Follow VICE News here:
Facebook: https://www.facebook.com/vicenews
Twitter: https://twitter.com/vicenews
Tumblr: http://vicenews.tumblr.com/
Instagram: http://instagram.com/vicenews
More videos from the VICE network: https://www.fb.com/vicevideo

#VICENews #News",2021-09-02T23:00:04Z,952652,https://www.youtube.com/watch?v=E5a7CV8U6vM
2Q_FGJJWNHI,The Significance Of QAnon’s ‘True Inauguration Day’ Conspiracy On March 4 | NBC News NOW,"Law enforcement in the Washington, D.C., area is stepping up security for March 4, 2021, a date that has been described online among some QAnon supports as the “true Inauguration Day.” NBC News’ Brandy Zadrozny reports.
» Subscribe to NBC News: http://nbcnews.to/SubscribeToNBC
» Watch more NBC video: http://bit.ly/MoreNBCNews

NBC News Digital is a collection of innovative and powerful news brands that deliver compelling, diverse and engaging news stories. NBC News Digital features NBCNews.com, MSNBC.com, TODAY.com, Nightly News, Meet the Press, Dateline, and the existing apps and digital extensions of these respective properties.  We deliver the best in breaking news, live video coverage, original journalism and segments from your favorite NBC News Shows.

Connect with NBC News Online!
NBC News App: https://apps.nbcnews.com/mobile
Breaking News Alerts: https://link.nbcnews.com/join/5cj/breaking-news-signup?cid=sm_npd_nn_yt_bn-clip_190621
Visit NBCNews.Com: http://nbcnews.to/ReadNBC
Find NBC News on Facebook: http://nbcnews.to/LikeNBC
Follow NBC News on Twitter: http://nbcnews.to/FollowNBC
Follow NBC News on Instagram: http://nbcnews.to/InstaNBC

#InaugurationDay #LawEnforcement #NBCNews

The Significance Of QAnon’s ‘True Inauguration Day’ Conspiracy On March 4 | NBC News NOW",2021-03-04T17:29:52Z,37832,https://www.youtube.com/watch?v=2Q_FGJJWNHI
EZcSWCfbB-c,QAnon Wackos Struggle To Explain What Q Is (Video),"After nearly 2 years of silence, QAnon's 'Q' re-emerges on far-right message boards with their first message. QAnon cultists stumble over their words in explaining who 'Q' is. Richard Ojeda breaks it down.

Follow Richard on
Twitter - https://twitter.com/Ojeda4America 
Instagram - https://www.instagram.com/richardojeda2570 

#RichardOjeda #RebelHQ #Politics",2022-06-29T11:00:08Z,113543,https://www.youtube.com/watch?v=EZcSWCfbB-c
NuDmm39p4wk,QAnon Explained In Less Than 2 Minutes,"QAnon is a lot of nonsense that has emerged from the swampy corners of the internet into the mainstream. We’re giving you a rundown of what you need to know about this baseless conspiracy theory. Some of the false allegations wrapped up in it include a global pedophilia ring, Trump and Mueller working together, and Kim Jong Un being a CIA asset.

SUBSCRIBE TO THE FAKE NEWSLETTER: https://www.buzzfeednews.com/article/janelytvynenko/hoaxes-fake-news-misinformation-newsletter-update

#trackback #QAnon

Credits: https://www.buzzfeed.com/bfmp/videos/85486

GET MORE BUZZFEED NEWS
https://www.buzzfeednews.com

DOWNLOAD THE BUZZFEED APP
For iPhone — http://bzfd.it/2pinEdx
For Android — http://bzfd.it/2n0Pf03

FOLLOW BUZZFEED NEWS
On Twitter — https://twitter.com/buzzfeednews
On Facebook — https://www.facebook.com/buzzfeednews
On Instagram — https://www.instagram.com/buzzfeednews

SUBSCRIBE TO THE BUZZFEED NEWS NEWSLETTER
https://www.buzzfeed.com/newsletters/news

MUSIC

Licensed via Audio Network",2019-06-12T21:25:08Z,508519,https://www.youtube.com/watch?v=NuDmm39p4wk
AUgQ3Mq6oeo,QAnon And On | The Mehdi Hasan Show,"Where are the QAnon influencers now? Could they be making a comeback? Reporter Ben Collins and Republican strategist Susan Del Percio discuss.

» Subscribe to MSNBC: http://on.msnbc.com/SubscribeTomsnbc

MSNBC delivers breaking news, in-depth analysis of politics headlines, as well as commentary and informed perspectives. Find video clips and segments from The Rachel Maddow Show, Morning Joe, Meet the Press Daily, The Beat with Ari Melber, Deadline: White House with Nicolle Wallace, The ReidOut, All In, Last Word, 11th Hour, and more.

Connect with MSNBC Online
Visit msnbc.com: http://on.msnbc.com/Readmsnbc
Subscribe to MSNBC Newsletter: http://http://MSNBC.com/NewslettersYouTube
Find MSNBC on Facebook: http://on.msnbc.com/Likemsnbc
Follow MSNBC on Twitter: http://on.msnbc.com/Followmsnbc
Follow MSNBC on Instagram: http://on.msnbc.com/Instamsnbc

#QAnon #Trump #GOP",2022-04-06T01:15:01Z,45414,https://www.youtube.com/watch?v=AUgQ3Mq6oeo
z6Vo5uav9as,Trump Babbles About Russia’s War on Ukraine &amp; QAnon Claims Jimmy Kimmel Has Been Arrested &amp; Cloned!,"The war on Ukraine continues to be the big story of course as famously-neutral Switzerland is taking action against Russia by freezing assets, Ukrainian President Volodymyr Zelensky has shown great courage under fire and is a helluva swing dancer too, Trump was quarter pounding his little fists at CPAC this weekend explaining in no detail why he believes that there would be no war if he was still in office, he finally has “proof” that the election was stolen from him, shared his plans to run for President in 2024, Americans are fighting back at Russia by pulling vodka from their shelves, Russian OnlyFans entertainers were locked out of their accounts over the weekend, another Trump tell-all book is on the way from former Attorney General Bill Barr, and Jimmy has officially made the QAnon list of celebrities and world leaders that have supposedly been arrested and/or executed.

SUBSCRIBE to get the latest #Kimmel: http://bit.ly/JKLSubscribe

Watch Mean Tweets: http://bit.ly/KimmelMT10

Connect with Jimmy Kimmel Live Online:

Visit the Jimmy Kimmel Live WEBSITE: http://bit.ly/JKLWebsite
Like Jimmy Kimmel on FACEBOOK: http://bit.ly/KimmelFB
Like Jimmy Kimmel Live on FACEBOOK: http://bit.ly/JKLFacebook
Follow @JimmyKimmel on TWITTER: http://bit.ly/KimmelTW
Follow Jimmy Kimmel Live on TWITTER: http://bit.ly/JKLTwitter
Follow Jimmy Kimmel Live on INSTAGRAM: http://bit.ly/JKLInstagram

About Jimmy Kimmel Live:

Jimmy Kimmel serves as host and executive producer of Emmy®-nominated “Jimmy Kimmel Live!,” ABC’s late-night talk show. “Jimmy Kimmel Live!” is well known for its huge viral video successes, with over 11 billion views and more than 15 million subscribers on the show’s YouTube channel. Some of Kimmel’s most popular comedy bits include “Celebrities Read Mean Tweets,” “Lie Witness News,” “Unnecessary Censorship,” “Halloween Candy YouTube Challenge,” and music videos like “I (Wanna) Channing All Over Your Tatum.”",2022-03-01T03:56:46Z,3088596,https://www.youtube.com/watch?v=z6Vo5uav9as
4w62eh7WTNA,QAnon conspiracy postcard delivered throughout NH,"The postcard sent to mailboxes in New Hampshire and Massachusetts references prior disasters, the pandemic, war in Ukraine and claims the end of the world is near. It's all part of the baseless conspiracy theory QAnon.

Subscribe to WMUR on YouTube now for more: http://bit.ly/1lOjX9C

Get more Manchester news: http://www.wmur.com
Like us:  https://www.facebook.com/wmur9
Follow us: https://twitter.com/WMUR9
Instagram: https://www.instagram.com/wmur9/",2022-04-04T21:31:25Z,1153,https://www.youtube.com/watch?v=4w62eh7WTNA
JE2YphT9UAU,Asmongold Reacts to &quot;QAnon Conference&quot; | By Channel 5,"Asmongold reacts to Channel 5 with Andrew Callaghan, best known as All Gas No Brakes before losing control of his original channel. Andrew and its crew joined the ""God and Country Patriot Roundup"" meetup and interviewed some really interesting individuals; what is the Q Anon conspiracy? Let's find out...

Make sure to support Channel 5 if you enjoyed this, here's his Patreon: https://www.patreon.com/channel5
 
Original Video: https://www.youtube.com/watch?v=KYKOLwt8pwo (Q Conference)

SUBSCRIBE TO CHANNEL 5: https://www.youtube.com/channel/UC-AQKm7HUNMmxjdS371MSwg

► Asmongold's Twitch: https://www.twitch.tv/asmongold
► Asmongold's Twitter: https://twitter.com/asmongold
► Asmongold's 2nd YT Channel: https://www.youtube.com/user/ZackRawrr
► Asmongold's Sub-Reddit: https://www.reddit.com/r/Asmongold/

Thank you all for watching! Stay tuned and subscribe to the official Asmongold YouTube Channel to always be kept up to date about the best Asmongold Highlights, Asmongold Reacts and funniest Asmongold moments from World of Warcraft, Final Fantasy 14 (FFXIV) and other games played on stream!

Channel Editors: CatDany & Daily Dose of Asmongold

► Outro song: CatDany - Get Enough

 If you own the copyright of content showed in this video and would like it to be removed or the Ad-Revenue made from it please contact::
► https://twitter.com/CatDanyRU
► catdanyru@gmail.com

#Asmongold",2021-07-30T00:15:50Z,400900,https://www.youtube.com/watch?v=JE2YphT9UAU
erc2WSYRQHw,New Video Shows So-Called QAnon Shaman At Arizona House Protest Ahead Of Jan. 6,"New video shows the so-called QAnon Shaman at a “Stop The Steal"" protest at the Arizona's House of Representatives' building. Jacob Chansley, also known at the QAnon Shaman, was also inside the Senate chamber on Jan. 6. 
» Subscribe to NBC News: http://nbcnews.to/SubscribeToNBC
» Watch more NBC video: http://bit.ly/MoreNBCNews

NBC News Digital is a collection of innovative and powerful news brands that deliver compelling, diverse and engaging news stories. NBC News Digital features NBCNews.com, MSNBC.com, TODAY.com, Nightly News, Meet the Press, Dateline, and the existing apps and digital extensions of these respective properties.  We deliver the best in breaking news, live video coverage, original journalism and segments from your favorite NBC News Shows.

Connect with NBC News Online!
NBC News App: https://apps.nbcnews.com/mobile
Breaking News Alerts: https://link.nbcnews.com/join/5cj/breaking-news-signup?cid=sm_npd_nn_yt_bn-clip_190621
Visit NBCNews.Com: http://nbcnews.to/ReadNBC
Find NBC News on Facebook: http://nbcnews.to/LikeNBC
Follow NBC News on Twitter: http://nbcnews.to/FollowNBC
Follow NBC News on Instagram: http://nbcnews.to/InstaNBC

#QAnon #Shaman #january6",2022-06-21T19:30:04Z,11467,https://www.youtube.com/watch?v=erc2WSYRQHw
VypJ9ntnJps,QAnon believers splinter after President Joe Biden&#39;s inauguration,"NBC investigative reporter Brandy Zadrozny reports on how pro-Trump conspiracy group QAnon has responded after President Joe Biden's inauguration. Some have left the group while others have been recruited to more extreme groups. She joins Shep Smith to discuss. For access to live and exclusive video from CNBC subscribe to CNBC PRO: https://cnb.cx/2NGeIvi 

» Subscribe to CNBC TV: https://cnb.cx/SubscribeCNBCtelevision
» Subscribe to CNBC: https://cnb.cx/SubscribeCNBC
» Subscribe to CNBC Classic: https://cnb.cx/SubscribeCNBCclassic

Turn to CNBC TV for the latest stock market news and analysis. From market futures to live price updates CNBC is the leader in business news worldwide.

The News with Shepard Smith is CNBC’s daily news podcast providing deep, non-partisan coverage and perspective on the day’s most important stories. Available to listen by 8:30pm ET / 5:30pm PT daily beginning September 30: https://www.cnbc.com/2020/09/29/the-news-with-shepard-smith-podcast.html?__source=youtube%7Cshepsmith%7Cpodcast 
 
Connect with CNBC News Online
Get the latest news: http://www.cnbc.com/
Follow CNBC on LinkedIn: https://cnb.cx/LinkedInCNBC
Follow CNBC News on Facebook: https://cnb.cx/LikeCNBC
Follow CNBC News on Twitter: https://cnb.cx/FollowCNBC
Follow CNBC News on Instagram: https://cnb.cx/InstagramCNBC

https://www.cnbc.com/select/best-credit-cards/ 

#CNBC
#CNBCTV",2021-01-22T00:39:17Z,237269,https://www.youtube.com/watch?v=VypJ9ntnJps
Z4I72iI5MHY,Why We Are In A QANON Documentary On HBO / Squirmy and Grubs,"Vlogmas Giveaway 3 of 12: https://gleam.io/b2HiD/500-vlogmas-giveaway-3-of-12

The giveaway is free to enter and it is in no way sponsored, endorsed by, or affiliated with YouTube.

Hannah and I absolutely love making videos for you. If you would like to support our work so that we can continue sharing our life and relationship with you for years to come, you can do so on our Patreon: https://www.patreon.com/squirmyandgrubs

Thank you to our Advocacy Partners on Patreon: 
Dillon C.
Juli M.
Roger B.
Antonio M.
Jeffrey M.
Jason B.
Malissa H.
JT
Janet G.
Jonathan K.
Poki
Diana
Ellen C.
Craig S.
Connor D.
David O.
Emily L.
Gavin W.
Ragnar V.
Shannon D.
Pedro C.

MORE INFO ABOUT US AND OUR CHANNEL:

Follow us on Instagram at:
Shane: https://www.instagram.com/shaneburcaw
Hannah: https://www.instagram.com/hannahayl
Chloe: https://www.instagram.com/chloesayspetme

Our address:
Squirmy and Grubs 
PO Box 16411
Minneapolis, MN 55416

GRAB A COPY of Shane’s latest memoir, STRANGERS ASSUME MY GIRLFRIEND IS MY NURSE, featuring many never-before-told stories about Shane and Hannah’s relationship, right here: https://us.macmillan.com/books/9781250233165/strangersassumemygirlfriendismynurse

OFFICIAL Squirmy and Grubs Merch: teespring.com/stores/squirmy-and-grubs

SUBSCRIBE for more!  👉 https://www.youtube.com/c/squirmyandgrubs

Intro animation made by Pinkietoons! Check out her Instagram page to see more of her awesome work: https://www.instagram.com/pinkietoons

Intro jingle made by Caitlin Kalafus! Check out her Instagram page to see more of her awesome work: https://www.instagram.com/caitlinkalafus

Shane Burcaw (he/him) is the author of several award-winning books about disability. He is the President of a nonprofit organization called Laughing At My Nightmare, and a renowned public speaker who has performed across the country at places such as Harvard University, The University of Florida, The University of Connecticut, Princeton University, and many more.

Hannah Burcaw (she/her) graduated from Carleton College, where she studied Sociology and Anthropology. She films and edits the “Squirmy and Grubs” vlog, which has over 800,000 subscribers on YouTube. Hannah has spoken at prestigious universities and Fortune 500 companies alike about the realities of ableism. On her popular Instagram account, she advocates for acceptance of all people and works to improve the way society thinks about disability.

Shane and Hannah have been together for over four years. They got married in September of 2020 in the midst of a global pandemic in their backyard, with their officiant conducting the ceremony via Zoom. Their interabled relationship often confuses people, because much of society still cannot fathom people with disabilities being involved in loving, intimate relationships. Anyone who watches these episodes will quickly see their relationship is just as “normal” as any other. Sure, Hannah helps Shane use the bathroom and brush his teeth, but those activities do not detract from the emotional, intellectual, and physical connection they experience together.",2021-12-03T23:54:41Z,228450,https://www.youtube.com/watch?v=Z4I72iI5MHY
Zo913kHDoEo,The Current State Of QAnon | Ayman Mohyeldin | MSNBC,"QAnon supporters have shifted to a new theory that falsely claims former President Trump will be reinstated on March 4th, NBC News’ Ben Collins reports. Aired on 02/17/2021.
» Subscribe to MSNBC: http://on.msnbc.com/SubscribeTomsnbc

As part of its commitment to providing breaking news coverage throughout its daytime schedule, MSNBC has a block of """"MSNBC Live"""" programming throughout the day, with different anchors splitting up the hours. This portion of the block is anchored by Ayman Mohyeldin. As with the other """"MSNBC Live"""" programming blocks throughout the day, the Mohyeldin-anchored show explores the day's developments in news and politics so the network's viewers can continue to be informed of the latest happenings. In addition to covering breaking news, the show includes newsmaker interviews and analysis of the latest stories.

MSNBC delivers breaking news, in-depth analysis of politics headlines, as well as commentary and informed perspectives. Find video clips and segments from The Rachel Maddow Show, Morning Joe, Meet the Press Daily, The Beat with Ari Melber, Deadline: White House with Nicolle Wallace, Hardball, All In, Last Word, 11th Hour, and more.

Connect with MSNBC Online
Visit msnbc.com: http://on.msnbc.com/Readmsnbc
Subscribe to MSNBC Newsletter: http://MSNBC.com/NewslettersYouTube
Find MSNBC on Facebook: http://on.msnbc.com/Likemsnbc
Follow MSNBC on Twitter: http://on.msnbc.com/Followmsnbc
Follow MSNBC on Instagram: http://on.msnbc.com/Instamsnbc

#QAnon #Trump #MSNBC

The Current State Of QAnon | Ayman Mohyeldin | MSNBC",2021-02-18T01:06:40Z,261167,https://www.youtube.com/watch?v=Zo913kHDoEo
NjBi93thNFo,60 Minutes+ explores how QAnon is tearing loved ones apart,"60 Minutes+ correspondent Laurie Segall sat down with a group of people who say a loved one's beliefs in internet conspiracies and QAnon have torn apart their families and relationships. Segall joined CBSN to talk about about the interview and a support group some are turning to for help.

CBSN is CBS News’ 24/7 digital streaming news service featuring live, anchored coverage available for free across all platforms. Launched in November 2014, the service is a premier destination for breaking news and original storytelling from the deep bench of CBS News correspondents and reporters. CBSN features the top stories of the day as well as deep dives into key issues facing the nation and the world. CBSN has also expanded to launch local news streaming services in major markets across the country. CBSN is currently available on CBSNews.com and the CBS News app across more than 20 platforms, as well as the Paramount+ subscription service.

Subscribe to the CBS News YouTube channel: http://youtube.com/cbsnews​
Watch CBSN live: http://cbsn.ws/1PlLpZ7c​
Download the CBS News app: http://cbsn.ws/1Xb1WC8​
Follow CBS News on Instagram: https://www.instagram.com/cbsnews/​
Like CBS News on Facebook: http://facebook.com/cbsnews​
Follow CBS News on Twitter: http://twitter.com/cbsnews​
Subscribe to our newsletters: http://cbsn.ws/1RqHw7T​
Try Paramount+ free: https://bit.ly/2OiW1kZ

For video licensing inquiries, contact: licensing@veritone.com",2021-09-02T16:05:16Z,24297,https://www.youtube.com/watch?v=NjBi93thNFo
Yqfvka7QDO4,QAnon&#39;s corrosive impact on the U.S.,"Tens of millions of Americans believe QAnon's core — and false — theory that an evil cabal of Satan-worshipping elites commits atrocities against children and controls much of the world. Where does this movement stand and who has it impacted? Lesley Stahl reports. https://cbsn.ws/3kbfX5b

Subscribe to the 60 Minutes Channel HERE: http://bit.ly/1S7CLRu
Watch Full Episodes of 60 Minutes HERE: http://cbsn.ws/1Qkjo1F
Get more 60 Minutes from 60 Minutes: Overtime HERE: http://cbsn.ws/1KG3sdr
Relive past episodes and interviews with 60 Minutes Rewind HERE: http://cbsn.ws/1PlZiGI
Follow 60 Minutes on Instagram HERE: http://bit.ly/23Xv8Ry
Like 60 Minutes on Facebook HERE: http://on.fb.me/1Xb1Dao
Follow 60 Minutes on Twitter HERE: http://bit.ly/1KxUsqX

Get the latest news and best in original reporting from CBS News delivered to your inbox. Subscribe to newsletters HERE: http://cbsn.ws/1RqHw7T

Get your news on the go! Download CBS News mobile apps HERE: http://cbsn.ws/1Xb1WC8

Get new episodes of shows you love across devices the next day, stream local news live, and watch full seasons of CBS fan favorites anytime, anywhere with CBS All Access. Try it free! http://bit.ly/1OQA29B

---
60 Minutes, the most successful American television broadcast in history, began its 52nd season in September. Offering hard-hitting investigative reports, interviews, feature segments and profiles of people in the news, the broadcast began in 1968 is still a hit in 2020. 60 Minutes makes Nielsen’s weekly Top 10 nearly every week and was the #1 weekly television broadcast three times last season.


The program still averages more than 10 million viewers, more than double the audience of its nearest network news magazine competitor. The average audience for a 60 Minutes broadcast is 150% higher than those of the network morning news programs; the audience dwarfs the number of viewers drawn by the most popular cable news programs.  


About a million more people listen to the 60 Minutes radio simulcast in several major cities and on its companion podcast. Tens of thousands each week experience 60 Minutes online. The broadcast’s segments can be watched at 60Minutes.com and on the CBS All Access app. Its webcast, 60MinutesOvertime.com, offers content originally produced for the web, including behind-the-scenes video about the production of 60 Minutes stories and timely archival segments.


60 Minutes has won every major broadcast award. Its 25 Peabody and 150 Emmy awards are the most won by any single news program. It has also won 20 duPont-Columbia University journalism awards. Other distinguished journalism honors won multiple times include the George Polk, RTDNA Edward R. Murrow, Investigative Reporters and Editors, RFK Journalism, Sigma Delta Chi and Gerald Loeb awards.

60 Minutes premiered on CBS September 24, 1968. Bill Owens is the program’s executive producer. The correspondents and contributors of 60 Minutes are Sharyn Alfonsi, Anderson Cooper, John Dickerson, Norah O’Donnell, Scott Pelley, Lesley Stahl, Bill Whitaker and L. Jon Wertheim.",2021-02-22T00:36:52Z,530606,https://www.youtube.com/watch?v=Yqfvka7QDO4
W9FgIN-Kijo,Quarantine Conspiracy Theory: QAnon,"At a time where misinformation spreads like wildfire, a restless public under COVID-19 quarantine has started to spread all sorts of conspiracy theories about COVID, bringing them out of the margins and into the mainstream. Lee Adams, self-isolated in his home, is getting to the bottom of the wildest theories on the web. 

In this episode of The Rabbit Hole, we investigate the conspiracy theory group, QAnon. QAnon is a fringe community of Trump supporters who started in 2017. The group  Followers of Q are using the internet to spread their possibly unfounded theories on COVID- 19. We speak to Qanon believers, virologists and conspiracy theory experts to see if there’s truth to these COVID conspiracy theories… follow us down the rabbit hole.

Click here to SUBSCRIBE to VICE Asia: https://bit.ly/2LhqAR9

Connect with VICE Asia: 
Check out our full video catalog: https://bit.ly/2P3Y0pv
Videos, daily editorial and more: http://vice.com/en_asia
More videos from the VICE network: https://fb.com/viceasia/videos/
Like VICE Asia on Facebook: http://fb.com/viceasia
Follow VICE Asia on Twitter: https://twitter.com/viceasia
Follow us on Instagram: https://www.instagram.com/viceasia/",2020-07-19T05:48:41Z,100597,https://www.youtube.com/watch?v=W9FgIN-Kijo
QKwrhnh3Hj0,QAnon &amp; Alien Lizard Homicides | Matthew Taylor Coleman Case Analysis,"This video answers the question: Can I analyze the case of Matthew Taylor Coleman?
Support Dr. Grande on Patreon: https://www.patreon.com/drgrande

Subscribe to the Bella Grande Media Podcast: https://www.youtube.com/channel/UCFhTghsZxD25yV24hrfkMPw

Dr. Grande’s book Harm Reduction: 
https://www.amazon.com/Harm-Reduction-Todd-Grande-PhD/dp/1950057313

Dr. Grande's book Psychology of Notorious Serial Killers: https://www.amazon.com/Psychology-Notorious-Serial-Killers-Intersection/dp/1950057259

Check out Dr. Grande’s merchandise at: https://teespring.com/stores/dr-grandes-store

References:

https://www.scribd.com/document/519920521/Matthew-Taylor-Coleman-Complaint

https://www.nytimes.com/2021/08/12/us/matthew-coleman-children-mexico.html

https://www.washingtonpost.com/nation/2021/08/12/california-father-killed-children-qanon-illuminati/

https://people.com/crime/dad-accused-of-killing-kids-with-spear-gun-over-qanon-theories-believed-some-weird-stuff-says-friend/

https://www.instagram.com/matthewtaylorcoleman/",2021-08-17T16:28:21Z,120132,https://www.youtube.com/watch?v=QKwrhnh3Hj0
PHWEhGeCXaM,How QAnon Conspiracies Impact American Christianity | MSNBC,"Conservative writers Peter Wehner, Matt Lewis and David French join Morning Joe to discuss how QAnon conspiracy theories are impacting Christianity and the church.

» Subscribe to MSNBC: http://on.msnbc.com/SubscribeTomsnbc

About: MSNBC is the premier destination for in-depth analysis of daily headlines, insightful political commentary and informed perspectives. Reaching more than 95 million households worldwide, MSNBC offers a full schedule of live news coverage, political opinions and award-winning documentary programming -- 24 hours a day, 7 days a week.

Connect with MSNBC Online
Visit msnbc.com: http://on.msnbc.com/Readmsnbc
Subscribe to MSNBC Newsletter: MSNBC.com/NewslettersYouTube
Find MSNBC on Facebook: http://on.msnbc.com/Likemsnbc
Follow MSNBC on Twitter: http://on.msnbc.com/Followmsnbc
Follow MSNBC on Instagram: http://on.msnbc.com/Instamsnbc

How QAnon Conspiracies Impact American Christianity | MSNBC",2021-06-21T14:00:19Z,151623,https://www.youtube.com/watch?v=PHWEhGeCXaM
A1IDYHEdZpE,Trump Dragged by Former Staffers &amp; Facebook Outage Sends QAnon Crazies Into Conspiracy Meltdown,"Rain and lightning hit LA for the first time in a while causing a delay at the Chargers/Raiders game, Facebook released the reason for their outage yesterday and many QAnonners believe it was the start of the “Blackout” where major public figures will be arrested for sex trafficking, Mark Zuckerberg released an apology for disruption in their services, Democrats and Republicans finally agree on something, Donald Trump didn’t make the Forbes 400 list of richest people in America, we got some fresh insight about our Crazy Ex-President from a new tell-all book, we ask people on the street to name a Nobel Prize winner, and we go back a year ago this week for a new edition of This Week in COVID History.

SUBSCRIBE to get the latest #Kimmel: http://bit.ly/JKLSubscribe

Watch Mean Tweets: http://bit.ly/KimmelMT10

Connect with Jimmy Kimmel Live Online:

Visit the Jimmy Kimmel Live WEBSITE: http://bit.ly/JKLWebsite
Like Jimmy Kimmel on FACEBOOK: http://bit.ly/KimmelFB
Like Jimmy Kimmel Live on FACEBOOK: http://bit.ly/JKLFacebook
Follow @JimmyKimmel on TWITTER: http://bit.ly/KimmelTW
Follow Jimmy Kimmel Live on TWITTER: http://bit.ly/JKLTwitter
Follow Jimmy Kimmel Live on INSTAGRAM: http://bit.ly/JKLInstagram

About Jimmy Kimmel Live:

Jimmy Kimmel serves as host and executive producer of Emmy®-nominated “Jimmy Kimmel Live!,” ABC’s late-night talk show. “Jimmy Kimmel Live!” is well known for its huge viral video successes, with over 11 billion views and more than 15 million subscribers on the show’s YouTube channel. Some of Kimmel’s most popular comedy bits include “Celebrities Read Mean Tweets,” “Lie Witness News,” “Unnecessary Censorship,” “Halloween Candy YouTube Challenge,” and music videos like “I (Wanna) Channing All Over Your Tatum.”",2021-10-06T02:56:23Z,1708954,https://www.youtube.com/watch?v=A1IDYHEdZpE
jOeDnvxYgIw,Revealed: How Facebook promoted QAnon to a &#39;North Carolina mom&#39;,"Leaked Facebook documents detail how an internal experiment showed how the company was promoting conspiracy theories to users. CNN's Donie O'Sullivan reports.

#CNN
#Facebook
#Business",2021-10-25T12:05:09Z,122407,https://www.youtube.com/watch?v=jOeDnvxYgIw
929viHEzCEY,QAnon and Trump: Hear what his supporters think,"A day after President Donald Trump refused to denounce a QAnon conspiracy theory, CNN's Gary Tuchman asked Trump supporters at a Macon, Georgia, rally about the viral cult.

#QAnon #CNN #News",2020-10-17T02:35:37Z,840438,https://www.youtube.com/watch?v=929viHEzCEY
hOkKkH23pi4,Ex-QAnon believer breaks his silence. How he escaped the viral cult,"Jitarth Jadeja found QAnon in 2017. The 32-year-old spent two years entrenched in the virtual cult. His biggest regret? Sharing the conspiracy theory with his father. CNN's Donie O'Sullivan reports.
One day in June 2019, Jadeja went outside to smoke a cigarette. For two years he'd been in the virtual cult of QAnon. But now he'd watched a YouTube video that picked apart the last element of the theory he believed in. Standing there smoking, he would say later, he felt ""shattered."" He had gone down the QAnon rabbit hole; now, having emerged from it, he had no idea what to do next.
The most basic QAnon belief casts President Trump as the hero in a fight against the ""deep state"" and a sinister cabal of Democratic politicians and celebrities who abuse children. And it features an anonymous government insider called ""Q"" who purportedly shares secret information about that fight via cryptic online posts.
Travis View is a conspiracy theory researcher who co-hosts the podcast ""QAnon Anonymous.""
The theory's believers ""always fantasize that they are saving children and they're bringing criminals to justice,"" View says. ""But QAnon only hurts people. It has helped nobody.""

#DonieOSullivan #QANON #CNN",2020-10-16T20:49:45Z,761661,https://www.youtube.com/watch?v=hOkKkH23pi4
3hybkzCWb_w,"Trump Denounces White Supremacy, Sidesteps Question On QAnon | NBC News","President Trump argues with NBC News’ Savannah Guthrie about white supremacy and sidesteps a question about conspiracy theory group QAnon.
» Subscribe to NBC News: http://nbcnews.to/SubscribeToNBC
» Watch more NBC video: http://bit.ly/MoreNBCNews

NBC News Digital is a collection of innovative and powerful news brands that deliver compelling, diverse and engaging news stories. NBC News Digital features NBCNews.com, MSNBC.com, TODAY.com, Nightly News, Meet the Press, Dateline, and the existing apps and digital extensions of these respective properties.  We deliver the best in breaking news, live video coverage, original journalism and segments from your favorite NBC News Shows.

Connect with NBC News Online!
NBC News App: https://apps.nbcnews.com/mobile
Breaking News Alerts: https://link.nbcnews.com/join/5cj/breaking-news-signup?cid=sm_npd_nn_yt_bn-clip_190621
Visit NBCNews.Com: http://nbcnews.to/ReadNBC
Find NBC News on Facebook: http://nbcnews.to/LikeNBC
Follow NBC News on Twitter: http://nbcnews.to/FollowNBC
Follow NBC News on Instagram: http://nbcnews.to/InstaNBC

Trump Denounces White Supremacy, Sidesteps Question On QAnon | NBC News",2020-10-16T01:15:16Z,401949,https://www.youtube.com/watch?v=3hybkzCWb_w
QHOK_9hWU5U,Biden&#39;s inauguration led to mom escaping QAnon,"Ashley Vanderbilt fell down the QAnon rabbit hole but after Joe Biden was inaugurated, she knew she'd been tricked. She tells CNN Business' Donie O'Sullivan how she escaped.
#CNN #DonieOSullivan #Qanon",2021-02-03T14:03:09Z,1405104,https://www.youtube.com/watch?v=QHOK_9hWU5U
65q8J3Q8MlU,QAnon followers react to Trump refusing to condemn them,"CNN's Donie O'Sullivan went inside a gathering of QAnon followers in Arizona, just a couple of weeks before the 2020 election.
#CNN #News",2021-02-05T05:37:33Z,1484959,https://www.youtube.com/watch?v=65q8J3Q8MlU
2rpkwnVgPNU,"MAGA Takeover: GOP Voters Buck McConnell’s Warning, Fringe QAnon Candidates Grow","At least 36 QAnon supporters are running for Congress, and a “Stop the Steal” rally-goer with ties to the fringe group has won a Republican primary for a key House seat in Ohio. MSNBC’s Ari Melber is joined by former RNC Chairman Michael Steele to discuss how the GOP is reckoning with these nominees and how they are leveraging fringe politics into a voting bloc. » Subscribe to MSNBC: http://on.msnbc.com/SubscribeTomsnbc

About: MSNBC is the premier destination for in-depth analysis of daily headlines, insightful political commentary and informed perspectives. Reaching more than 95 million households worldwide, MSNBC offers a full schedule of live news coverage, political opinions and award-winning documentary programming -- 24 hours a day, 7 days a week.

Connect with MSNBC Online
Visit msnbc.com: http://on.msnbc.com/Readmsnbc
Subscribe to MSNBC Newsletter: MSNBC.com/NewslettersYouTube
Find MSNBC on Facebook: http://on.msnbc.com/Likemsnbc
Follow MSNBC on Twitter: http://on.msnbc.com/Followmsnbc
Follow MSNBC on Instagram: http://on.msnbc.com/Instamsnbc

#MSNBC #News #GOP",2022-05-06T00:45:00Z,103156,https://www.youtube.com/watch?v=2rpkwnVgPNU
AhYRHif-U8I,QAnon and the spread of conspiracy theories,"Followers of the online conspiracy theorist ""QAnon"" have propagated outlandish disinformation about secret plots by a ""deep state"" cabal of Satanic, cannibalistic child-traffickers out to ""get"" President Trump. How do these anonymous accusations spread, and what happens if Q believers are elected to office? Wired magazine editor-in-chief Nicholas Thompson reports.

Subscribe to the ""CBS Sunday Morning"" Channel HERE: http://bit.ly/20gXwJT
Get more of ""CBS Sunday Morning"" HERE: http://cbsn.ws/1PlMmAz
Follow ""CBS Sunday Morning"" on Instagram HERE: http://bit.ly/23XunIh
Like ""CBS Sunday Morning"" on Facebook HERE: https://www.facebook.com/CBSSundayMorning/
Follow ""CBS Sunday Morning"" on Twitter HERE: http://bit.ly/1RquoQb

Get the latest news and best in original reporting from CBS News delivered to your inbox. Subscribe to newsletters HERE: http://cbsn.ws/1RqHw7T

Get your news on the go! Download CBS News mobile apps HERE: http://cbsn.ws/1Xb1WC8

Get new episodes of shows you love across devices the next day, stream local news live, and watch full seasons of CBS fan favorites anytime, anywhere with CBS All Access. Try it free! http://bit.ly/1OQA29B

---
""CBS Sunday Morning"" features stories on the arts, music, nature, entertainment, sports, history, science, Americana and highlights unique human accomplishments and achievements. Check local listings for CBS Sunday Morning broadcast times.",2020-10-11T14:10:01Z,132140,https://www.youtube.com/watch?v=AhYRHif-U8I
UAWhOE1PEuY,&quot;Reverb | The QAnon Effect&quot;,"""What started out as a fringe conspiracy theory in 2017 has recently spread into the mainstream. Dozens of people linked to the baseless QAnon conspiracy theory ran for federal office in 2020, and two were elected to Congress. This documentary explores how QAnon has taken root amid challenging times and a growing distrust in American institutions, and what it means for the future of the country.

Watch more documentaries and CBS News Specials that take a deep dive into the key issues driving the national and global conversation here: https://www.cbsnews.com/cbs/reports/

Subscribe to the CBS News YouTube channel: http://youtube.com/cbsnews
Watch CBS News: http://cbsn.ws/1PlLpZ7c
Download the CBS News app: http://cbsn.ws/1Xb1WC8
Follow CBS News on Instagram: https://www.instagram.com/cbsnews/
Like CBS News on Facebook: http://facebook.com/cbsnews
Follow CBS News on Twitter: http://twitter.com/cbsnews
Subscribe to our newsletters: http://cbsn.ws/1RqHw7T

Get new episodes of shows you love across devices the next day, stream CBSN and local news live, and watch full seasons of CBS fan favorites like Star Trek Discovery anytime, anywhere with CBS All Access. Try it free: http://bit.ly/1OQA29B",2020-11-24T11:30:07Z,354372,https://www.youtube.com/watch?v=UAWhOE1PEuY
nbNXMx_xqs4,QAnon Conspiracy Theory Lands On European Shores | Morning Joe | MSNBC,"NBC News' Matt Bradley reports from Germany on how the QAnon conspiracy theory recently found a home at a protest of coronavirus restrictions. Aired on 08/31/2020.
» Subscribe to MSNBC: http://on.msnbc.com/SubscribeTomsnbc

MSNBC delivers breaking news, in-depth analysis of politics headlines, as well as commentary and informed perspectives. Find video clips and segments from The Rachel Maddow Show, Morning Joe, Meet the Press Daily, The Beat with Ari Melber, Deadline: White House with Nicolle Wallace, Hardball, All In, Last Word, 11th Hour, and more.

Connect with MSNBC Online
Visit msnbc.com: http://on.msnbc.com/Readmsnbc
Subscribe to MSNBC Newsletter: http://MSNBC.com/NewslettersYouTube
Find MSNBC on Facebook: http://on.msnbc.com/Likemsnbc
Follow MSNBC on Twitter: http://on.msnbc.com/Followmsnbc
Follow MSNBC on Instagram: http://on.msnbc.com/Instamsnbc

QAnon Conspiracy Theory Lands On European Shores | Morning Joe | MSNBC",2020-08-31T12:59:52Z,130011,https://www.youtube.com/watch?v=nbNXMx_xqs4
FLPLeig95M4,Ex-QAnon follower: This is what people need to understand ...,"CNN's Alisyn Camerota is joined by 6 people who were former QAnon followers, or have loved ones who still follow the conspiracy theories, about how they became indoctrinated into the world of conspiracies.

#Qanon #NewDay #AlysinCamerota",2021-03-02T16:29:34Z,52474,https://www.youtube.com/watch?v=FLPLeig95M4
sqtVhQY27jc,GOP Smears Political Opponents As ‘Pro-Pedophile’: The QAnon Part Out Loud,"Chris Hayes on the new Republican tactic of smearing everyone who disagrees with them as supporting pedophilia: “This is a disgusting and cynical attempt to render their political opposition essentially as hateable as possible.”
» Subscribe to MSNBC: http://on.msnbc.com/SubscribeTomsnbc

About: MSNBC is the premier destination for in-depth analysis of daily headlines, insightful political commentary and informed perspectives. Reaching more than 95 million households worldwide, MSNBC offers a full schedule of live news coverage, political opinions and award-winning documentary programming -- 24 hours a day, 7 days a week.

Connect with MSNBC Online
Visit msnbc.com: http://on.msnbc.com/Readmsnbc
Subscribe to MSNBC Newsletter: MSNBC.com/NewslettersYouTube
Find MSNBC on Facebook: http://on.msnbc.com/Likemsnbc
Follow MSNBC on Twitter: http://on.msnbc.com/Followmsnbc
Follow MSNBC on Instagram: http://on.msnbc.com/Instamsnbc

#MSNBC #GOP #MattGaetz",2022-04-06T01:30:09Z,528158,https://www.youtube.com/watch?v=sqtVhQY27jc
US0Rfav2qBA,Why Some Chinese Dissidents Love QAnon,"A year after the January 6 uprising, one group of avid Trump supporters think they know who was really behind the violence at the Capitol: the Chinese Communist Party.

Subscribe to VICE News here: http://bit.ly/Subscribe-to-VICE-News

Check out VICE News for more: http://vicenews.com

Follow VICE News here:
Facebook: https://www.facebook.com/vicenews
Twitter: https://twitter.com/vicenews
Tumblr: http://vicenews.tumblr.com/
Instagram: http://instagram.com/vicenews
More videos from the VICE network: https://www.fb.com/vicevideo

#VICENews #News",2022-01-09T14:00:20Z,114116,https://www.youtube.com/watch?v=US0Rfav2qBA
Upz4oo4cDfg,"The Truth About Conspiracy Theories: Qanon, Coronavirus, 5G &amp; the Deep State | Explained","It’s safe to say it’s been a big year for conspiracy theories.

Everything from President Trump's secret war against a ‘deep state’, to the endless stream of COVID theories. Is COVID a hoax? Is COVID a weapon? Is COVID caused by 5G somehow? Is 5G Safe? Even flat earthers have been back in the headlines.

But, what actually makes people believe in these kinds of conspiracy theories? Also, how do you protect yourself from falling for them and how do you talk to family or friends who are conspiracy theorists?

It’s important to understand that real conspiracies do exist.

There was the Volkswagen scandal of 2015. The car company cheated environmental regulations, which ended up costing them billions of dollars when it was uncovered. Another example is the US Government’s National Security Agency exposure for illegally spying on Americans in 2013.

The difference between real conspiracies and something like the COVID 5G theory or the moon landing being faked, is that real conspiracies are exposed by solid, credible, proven evidence. And they’re usually exposed by journalists, whistleblowers or government investigations. Whereas, fringe conspiracy theorists often tend to ignore experts and credible evidence.

So, what is it that makes people believe these kinds of conspiracy theories and ignore any evidence disproving them? There are a couple of different reasons.

The first is pretty straightforward, convenience. If you choose to believe COVID isn’t real. You can continue to live life normally & don’t have to worry about things like wearing a mask or making sure your actions don’t put anyone else at risk. 

But what about the people who are more extreme in their beliefs that buy into theories that don’t really make their lives any easier? When people feel scared, confused  or like they’re not in control of their own lives conspiracy theories can actually make them feel safe and even empowered.

The idea of a global pandemic, that’s fast spreading, invisible, and affects people pretty randomly, can be scary.

If you believe COVID’s caused by 5G you now have someone or something you can blame and you know how to stop it.

Conspiracy Theories can also help people make sense of things they don’t understand.

For example, it’s easier to think we just pretended to land on the moon than it is to try to understand how we managed to get a big hunk of metal to travel hundreds of thousands of kays into space run by computers about as powerful as a pocket calculator.

Trying to wrap your head around that can be mind boggling and make you feel dumb. The other option is simple, easy to understand and as a bonus it can actually make you feel smarter than everyone else because you’re part of a small group that knows the truth and hasn’t been tricked by a fake story.

While some conspiracy theories may seem harmless they can actually cause serious problems. They erode people’s trust in institutions and experts and can even lead to violence.

What makes things worse is that the internet has made it a lot easier to make, find and spread conspiracy theories and misinformation.

So, how can you protect yourself from being suckered into conspiracy theories? It helps to look at the world in the same way that most scientists do. For one thing get used to the fact that you don’t know everything and you’re going to be wrong about things; and that’s ok.

People have a natural instinct to try to protect ourselves from that negative feeling by convincing ourselves that we’re not the ones that are wrong. 

Take a step back, weigh up the evidence, listen to experts and try to think logically about it. 

There’s a well known principle called Occam's razor, which is basically that the simplest answer is usually the right one. Also, people are really bad at keeping secrets…

So just try to think about all of the people that would need to keep quiet for a conspiracy theory to be true.

Now, what can you do to help friends or family who may be deep into a particular conspiracy theory? We asked the experts:
__________________________________________

For the past 50 years, Behind the News has been helping to break down current issues and events for young people all around the world. The program is a high-energy, fun way for people to learn about the stories we see in the news, while providing background information that isn’t usually given by other news bulletins.

We have over 1000 stories on all sorts of topics - everything from politics & volcanoes, to online security & fortnite. If you're looking for help to understand something, you'll probably find it on BTN.

Make sure to like & subscribe our videos if you want to stay in the know!

http://www.abc.net.au/btn/ 

Follow us on Social Media:
Facebook: https://www.facebook.com/abcbtn 
Instagram: https://www.instagram.com/behindthenews/ 
Twitter: https://twitter.com/behindthenews",2020-10-29T21:56:26Z,55926,https://www.youtube.com/watch?v=Upz4oo4cDfg
4XTZbYtwZJQ,"QAnon, coronavirus and the conspiracy cult - BBC News","A bizarre conspiracy theory has surged in popularity in the US since the pandemic, according to exclusive research seen by the BBC.

QAnon and its believers say that Donald Trump is here to save the world from an evil cabal of paedophiles and it’s had a surprising level of interest around the world from Brazil to Germany, the UK and Indonesia.

And this week Twitter announced it would delete 7,000 QAnon-related accounts, saying it hoped the action would help to prevent ""offline harm"".

BBC Population Correspondent Stephanie Hegarty has spoken to QAnon followers and their families to find out why this cultish conspiracy has gained so much traction.

Produced by Emma Ailes

Edited by Emma Ailes & Robert Timothy

Animation by Peter Caires

Please subscribe HERE http://bit.ly/1rbfUog",2020-07-27T15:09:24Z,225867,https://www.youtube.com/watch?v=4XTZbYtwZJQ
66vEd4bt9SA,Civil rights and Qanon candidates: the fight for black voters in Georgia | Anywhere but Washington,"Joe Biden won the nomination for president on the shoulders of older Black voters in the US south. But how do younger, progressive people of color feel about his candidacy in the southern state of Georgia, in play for the first time in decades? And will a dangerous campaign of Qanon disinformation have any bearing on the outcome of the election? Oliver Laughland and Tom Silverstone try to find out 

Subscribe to The Guardian on YouTube ► http://is.gd/subscribeguardian

Troubled Florida, divided America: will Donald Trump hold this vital swing state? - video ► https://www.youtube.com/watch?v=OzGL2s2n_QY
 
Battle for the suburbs: can Joe Biden flip Texas? – video ► https://www.youtube.com/watch?v=LCgFlohsKH4

Support the Guardian ► https://support.theguardian.com/contribute

Today in Focus podcast ► https://www.theguardian.com/news/series/todayinfocus

Sign up for the Guardian documentaries newsletter ► https://www.theguardian.com/info/2016/sep/02/sign-up-for-the-guardian-documentaries-update

The Guardian ► https://www.theguardian.com

The Guardian YouTube network:

Guardian News ► http://is.gd/guardianwires
Owen Jones talks ► http://bit.ly/subsowenjones
Guardian Football ► http://is.gd/guardianfootball
Guardian Sport ► http://bit.ly/GDNsport
Guardian Culture ► http://is.gd/guardianculture",2020-10-15T07:52:17Z,125103,https://www.youtube.com/watch?v=66vEd4bt9SA
dowVuV05xlo,How QAnon Supporters Work To Spread Ideas Via School Boards | MSNBC,"NBC News reporter Ben Collins details how many people who spout QAnon’s false claims have hatched a new plan to run for school board or local office, spread the gospel of Q.

» Subscribe to MSNBC: http://on.msnbc.com/SubscribeTomsnbc

About: MSNBC is the premier destination for in-depth analysis of daily headlines, insightful political commentary and informed perspectives. Reaching more than 95 million households worldwide, MSNBC offers a full schedule of live news coverage, political opinions and award-winning documentary programming -- 24 hours a day, 7 days a week.

Connect with MSNBC Online
Visit msnbc.com: http://on.msnbc.com/Readmsnbc
Subscribe to MSNBC Newsletter: MSNBC.com/NewslettersYouTube
Find MSNBC on Facebook: http://on.msnbc.com/Likemsnbc
Follow MSNBC on Twitter: http://on.msnbc.com/Followmsnbc
Follow MSNBC on Instagram: http://on.msnbc.com/Instamsnbc

How QAnon Supporters Work To Spread Ideas Via School Boards | MSNBC",2021-07-08T16:30:10Z,92636,https://www.youtube.com/watch?v=dowVuV05xlo
fjnu5pj1Ku4,When parents become strangers: How QAnon is tearing families apart,"These two women share a gut-wrenching story: their parents have bought into QAnon's lies, and it's tearing their families apart. Hear their stories.

Produced by Richa Naik & Zach Wasser
Supervising Producer: Logan Whiteside
Reporter: Donie O'Sullivan

#CNN
#DonieOSullivan
#QAnon",2021-02-11T12:00:09Z,655369,https://www.youtube.com/watch?v=fjnu5pj1Ku4
y7YPZxqJDYQ,QAnon: Are conspiracy theories becoming a deadly threat? | To The Point,"QAnon adherents distrust to the state and its elites. Some believers in the QAnon deep state conspiracy even call for violence. How real is the threat? Our guests: Theresa Locker (Vice), Felix Huesmann (freelance journalist), Jochen Roose (sociologist)
Subscribe: https://www.youtube.com/user/deutschewelleenglish?sub_confirmation=1

For more news go to: http://www.dw.com/en/
Follow DW on social media:
►Facebook: https://www.facebook.com/deutschewellenews/
►Twitter: https://twitter.com/dwnews
►Instagram: https://www.instagram.com/dw_stories/
Für Videos in deutscher Sprache besuchen Sie: https://www.youtube.com/channel/deutschewelle
#QAnon #Conspiracy #AltRight",2020-09-10T14:08:53Z,249790,https://www.youtube.com/watch?v=y7YPZxqJDYQ
_m5twZSHvZ4,Washington DC is on high alert as QAnon threats strengthen,"Donald Trump has left the capital, but QAnon continues to rally his loyal following for a quick return to the White House. 

QAnon was one of the main influencers of the siege on the Senate and the wake of his threats have kept Washington on high alert. 

Sky's Cordelia Lynch spoke with ex QAnon followers to find out what the appeal is and the destruction it leaves behind.

SUBSCRIBE to our YouTube channel for more videos: http://www.youtube.com/skynews

Follow us on Twitter: https://twitter.com/skynews

Like us on Facebook: https://www.facebook.com/skynews

Follow us on Instagram: https://www.instagram.com/skynews

For more content go to http://news.sky.com and download our apps:
Apple: https://itunes.apple.com/gb/app/sky-news/id316391924?mt=8
Android https://play.google.com/store/apps/details?id=com.bskyb.skynews.android&hl=en_GB

Sky News videos are now available in Spanish here/Los video de Sky News están disponibles en español aquí https://www.youtube.com/channel/skynewsespanol",2021-03-04T19:06:10Z,9393,https://www.youtube.com/watch?v=_m5twZSHvZ4
evqRMVW7lvc,Filmmaker says he potentially uncovered man behind QAnon,"CNN's Anderson Cooper speaks to director Cullen Hoback about his HBO documentary series ""Q: Into The Storm"" on potentially uncovering QAnon. HBO is a part of CNN's parent company WarnerMedia.

#AC360 #CNNBusiness #News",2021-04-06T14:56:17Z,855862,https://www.youtube.com/watch?v=evqRMVW7lvc
bntGdNFAAAw,"QAnon in Europe: the meteoric rise of a dangerous conspiracy theory, boosted by the pandemic","Labelled a terror threat in the US by the FBI, Qanon's pro-Trump social media conspiracy theorists are now on the ground at demonstrations in Europe boosted by the COVID-19 pandemic. Unreported Europe looks into who they are - and why many experts feel the phenomenon is too dangerous to be ignored. 

READ MORE : https://www.euronews.com/2020/10/23/qanon-the-meteoric-rise-of-a-dangerous-conspiracy-theory-boosted-by-the-pandemic

Subscribe to our channel: https://www.youtube.com/c/euronews?sub_confirmation=1
Watch our LIVE here: https://www.youtube.com/c/euronews/live

Subscribe to our thematic channels:
NoComment: https://www.youtube.com/c/nocommenttv?sub_confirmation=1
Euronews Living: http://bit.ly/2sMsaDB
Knowledge: https://www.youtube.com/c/euronewsknowledge?sub_confirmation=1

Euronews is available on YouTube in 12 languages: https://www.youtube.com/user/euronewsnetwork/channels

#UnreportedEurope",2020-10-23T16:54:36Z,10720,https://www.youtube.com/watch?v=bntGdNFAAAw
_7FWr2Nvf9I,The Instagram aesthetic that made QAnon mainstream,"Conspiracy theory researchers explain how QAnon spread through Instagram.

Subscribe to our channel! http://goo.gl/0bsAjO

At first glance, the images under the hashtags about child trafficking don’t look that different from anything else you’d expect to see on Instagram. They feature bright pastel colors with trendy fonts spelling out taglines like “wake up” and “get loud.” 

What the people who see these hashtags — and the lifestyle influencers who often post them — might not know is that the hashtag is being used to bring QAnon ideas into the mainstream. In March, 23 percent of people surveyed by Pew had heard of QAnon; by September, that number had risen to 47 percent. Now the conspiracy theory has reached a bigger support base than ever before via QAnon-lite memes — with serious implications for the election. 

Read more of Vox's coverage on QAnon: https://www.vox.com/policy-and-politics/2018/8/1/17253444/qanon-trump-conspiracy-theory-4chan-explainer

And on how it spread to a new audience: https://www.vox.com/21436671/save-our-children-hashtag-qanon-pizzagate

Open Sourced is a year-long reporting project from Recode by Vox that goes deep into the closed ecosystems of data, privacy, algorithms, and artificial intelligence. Learn more at http://www.vox.com/opensourced

This project is made possible by the Omidyar Network. All Open Sourced content is editorially independent and produced by our journalists.

Watch all episodes of Open Sourced right here on YouTube: http://bit.ly/2tIHftD

Become a part of the Open Sourced Reporting Network and help our reporting. Join here: http://www.vox.com/opensourcednetwork
Vox.com is a news website that helps you cut through the noise and understand what's really driving the events in the headlines. Check out http://www.vox.com.

Watch our full video catalog: http://goo.gl/IZONyE
Follow Vox on Facebook: http://goo.gl/U2g06o
Or Twitter: http://goo.gl/XFrZ5H",2020-10-28T12:00:08Z,1090851,https://www.youtube.com/watch?v=_7FWr2Nvf9I
K_qQuZkodNQ,Former QAnon follower explains why she left the movement,"A former follower of the QAnon movement tells CNN's Don Lemon how she came to believe in the movement and ultimately decided to leave.

#CNNTonight #CNN #News",2021-02-02T14:05:54Z,605133,https://www.youtube.com/watch?v=K_qQuZkodNQ
2qrpfHIpnqk,Reno 911! The Hunt for QAnon Trailer #1 (2021) | Rotten Tomatoes TV,"Check out the new Reno 911! The Hunt for QAnon Trailer starring Thomas Lennon! Let us know what you think in the comments below.
► Learn more about this show on Rotten Tomatoes: https://www.rottentomatoes.com/m/reno_911_the_hunt_for_qanon?cmp=RTTV_YouTube_Desc

Want to be notified of all the latest TV shows? Subscribe to the channel and click the bell icon to stay up to date.

US Air Date: December 23, 2021
Starring: Thomas Lennon, Robert Ben Garant, Kerri Kenney-Silver
Network: Paramount+
Synopsis: On a mission to track down the one and only Q, the one behind all QAnon conspiracies, RENO 911! THE HUNT FOR QANON follows the deputies from the Reno Sheriff’s Department as they get stuck at a QAnon convention at sea, ultimately escaping only to discover that they’ve landed at Jeffrey Epstein’s old island.

What to Watch Next:
► Certified Fresh TV: http://bit.ly/2FC8sQi
► Top TV Comedies: http://bit.ly/2ozqvP6
► Most Anticipated Shows: http://bit.ly/2GQb8cq
► TV Shows by Channel & Streaming Platform: http://bit.ly/2GKXHuv

More Rotten Tomatoes:
► Subscribe to ROTTEN TOMATOES TV: http://bit.ly/2qTF6ZY
► Subscribe to the ROTTEN TOMATOES NEWSLETTER: https://www.rottentomatoes.com/newsletter?cmp=RTYT_YouTube_Desc
► Follow us on TWITTER: http://bit.ly/2mpschF
► Like us on FACEBOOK: http://bit.ly/2COySMI
► Follow us on INSTAGRAM: http://bit.ly/2FlxGC6

Rotten Tomatoes TV delivers Fresh TV at a click! Subscribe now for the best trailers, clips, sneak peeks, and binge guides for shows you love and the upcoming series and TV movies that should be on your radar.",2021-12-10T19:50:54Z,31499,https://www.youtube.com/watch?v=2qrpfHIpnqk
m6U-5Hck5z0,Where Did QAnon Come From?,"VICE News investigates the who, what, and why behind the QAnon conspiracy movement to understand its radicalizing impact on society, in the wake of the Capitol riots.

Subscribe to VICE News here: http://bit.ly/Subscribe-to-VICE-News

Check out VICE News for more: http://vicenews.com

Follow VICE News here:
Facebook: https://www.facebook.com/vicenews
Twitter: https://twitter.com/vicenews
Tumblr: http://vicenews.tumblr.com/
Instagram: http://instagram.com/vicenews
More videos from the VICE network: https://www.fb.com/vicevideo",2021-01-15T18:38:20Z,694919,https://www.youtube.com/watch?v=m6U-5Hck5z0
ZiBaXCyObsg,"Velshi: When QAnon Lies, People DIE","QAnon once thrived in the darkest corners of the web. And while we still find traces of QAnon on our Aunts’ and Uncles’ Facebook pages, the movement has largely dissipated on the internet. But that’s not good news, because they are reappearing on a ballot near you.  According to Media Matters, at least 40 people running for Congress in 2022 have publicly expressed some level of support for the QAnon movement.  This is dangerous because when QAnon lies, people die. Right now, fueled, in part by QAnon adherents, a massive Covid-19 disinformation campaign is convincing Americans not to get vaccinated. They’re lying, again...and people are dying, again.» Subscribe to MSNBC: http://on.msnbc.com/SubscribeTomsnbc

MSNBC delivers breaking news, in-depth analysis of politics headlines, as well as commentary and informed perspectives. Find video clips and segments from The Rachel Maddow Show, Morning Joe, Meet the Press Daily, The Beat with Ari Melber, Deadline: White House with Nicolle Wallace, The ReidOut, All In, Last Word, 11th Hour, and more.

Connect with MSNBC Online
Visit msnbc.com: http://on.msnbc.com/Readmsnbc
Subscribe to MSNBC Newsletter: http://http://MSNBC.com/NewslettersYouTube
Find MSNBC on Facebook: http://on.msnbc.com/Likemsnbc
Follow MSNBC on Twitter: http://on.msnbc.com/Followmsnbc
Follow MSNBC on Instagram: http://on.msnbc.com/Instamsnbc

#QAnon #MSNBC #Conspiracies

Velshi: When QAnon Lies, People DIE",2021-07-18T16:17:32Z,149777,https://www.youtube.com/watch?v=ZiBaXCyObsg
UGYO28tOB7Y,QAnon diventa globale: cresce in Europa la teoria del complotto americana spinta dalla pandemia,"La teoria del complotto pro-Trump balza dal Web alla realtà e dagli USA si diffonde sempre piú anche in Europa, inglobando le teorie conspirazioniste locali. 

ALTRE INFORMAZIONI : https://it.euronews.com/2020/10/23/qanon-diventa-globale-cresce-in-europa-la-teoria-del-complotto-americana-spinta-dalla-pand

Abbonati : https://www.youtube.com/c/euronewsit?sub_confirmation=1
Euronews in streaming : https://www.youtube.com/c/euronewsit/live

euronews è disponibile in 12 lingue: https://www.youtube.com/user/euronewsnetwork/channels

#UnreportedEurope",2020-10-27T14:53:38Z,5455,https://www.youtube.com/watch?v=UGYO28tOB7Y
qkfDYt-9W58,GOP Senators Seem To Pander To QAnon Base In Judge Jackson Hearings,"“If you were wondering why Republican Senators sounded like QAnon-obsessives in the confirmation hearing for Judge Ketanji Brown Jackson, it is because, apparently, that is exactly the constituency they are catering to,” says Chris Hayes. 
» Subscribe to MSNBC: http://on.msnbc.com/SubscribeTomsnbc

About: MSNBC is the premier destination for in-depth analysis of daily headlines, insightful political commentary and informed perspectives. Reaching more than 95 million households worldwide, MSNBC offers a full schedule of live news coverage, political opinions and award-winning documentary programming -- 24 hours a day, 7 days a week.

Connect with MSNBC Online
Visit msnbc.com: http://on.msnbc.com/Readmsnbc
Subscribe to MSNBC Newsletter: MSNBC.com/NewslettersYouTube
Find MSNBC on Facebook: http://on.msnbc.com/Likemsnbc
Follow MSNBC on Twitter: http://on.msnbc.com/Followmsnbc
Follow MSNBC on Instagram: http://on.msnbc.com/Instamsnbc

#MSNBC #GOP #KetanjiBrownJackson",2022-03-25T01:45:00Z,78439,https://www.youtube.com/watch?v=qkfDYt-9W58
1SZnybNvfFE,"California father kills his children, blames QAnon","A California surfing school owner was charged Wednesday with killing his two young children with a spear gun in Mexico because he believed they would become monsters, authorities said. WATE Midday News",2021-08-12T16:50:28Z,2158,https://www.youtube.com/watch?v=1SZnybNvfFE
bh5DklX-N2Y,QANON: THE SEARCH FOR Q (Trailer),"Take a comprehensive look at the who, what, and why of the viral movement QAnon.

QAnon: The Search for Q premieres in a three night event starting January 26 at 10p.

Subscribe Now: https://vice.video/SUBSCRIBE-TO-VICETV

Follow VICE TV:

VICETV.com | https://www.vicetv.com
VICE Video | https://video.vice.com
Facebook | https://www.facebook.com/vicetv
Twitter | https://twitter.com/vicetv
Instagram | http://instagram.com/vicetv
Newsletter | http://bit.ly/1kpnyN6",2021-01-14T00:08:42Z,60918,https://www.youtube.com/watch?v=bh5DklX-N2Y
35Wi3Gm2OrQ,"As QAnon Fizzles, DHS Warns Conspiracy&#39;s Followers Pose A New Threat","As QAnon's false prophecies increasingly fail to come true, a new FBI report warns that followers of the conspiracy theory could target Democrats. NBC's Ben Collins and Ken Dilanian report.

» Subscribe to MSNBC: http://on.msnbc.com/SubscribeTomsnbc

About: MSNBC is the premier destination for in-depth analysis of daily headlines, insightful political commentary and informed perspectives. Reaching more than 95 million households worldwide, MSNBC offers a full schedule of live news coverage, political opinions and award-winning documentary programming -- 24 hours a day, 7 days a week.

Connect with MSNBC Online
Visit msnbc.com: http://on.msnbc.com/Readmsnbc
Subscribe to MSNBC Newsletter: MSNBC.com/NewslettersYouTube
Find MSNBC on Facebook: http://on.msnbc.com/Likemsnbc
Follow MSNBC on Twitter: http://on.msnbc.com/Followmsnbc
Follow MSNBC on Instagram: http://on.msnbc.com/Instamsnbc

#QAnon #Conspiracies #DHS",2021-06-15T20:00:03Z,179669,https://www.youtube.com/watch?v=35Wi3Gm2OrQ
8_fn-a5qmxY,60 in 6 reports on QAnon,"An inside look at a group that rarely allows news crews access. Laurie Segall reports on one of the fastest growing conspiracy communities: QAnon. http://link.quibi.com/60in6




Photos and video provided by:
Getty Images
AP
17
POND5
Ben Crump Press Office
Daily Caller
Adam Rogan/The Journal Times via AP
APTN",2020-10-06T23:28:22Z,849555,https://www.youtube.com/watch?v=8_fn-a5qmxY
rEFzB6Lb_DI,Теория заговора QAnon: демократы США пьют кровь младенцев?,"Американская теория заговора QAnon вышла из виртуального в мир реальный и распространилась в Европе на волне пандемии. Что это за теория, и почему важно о ней говорить? 

ЧИТАТЬ ДАЛЕЕ : https://ru.euronews.com/2020/10/23/tv-ru-is-01-unreported-ep01-qanon-germany

Подписывайтесь: https://www.youtube.com/c/евроньюс?sub_confirmation=1
Прямой эфир euronews: https://www.youtube.com/c/евроньюс/live

Euronews можно смотреть на YouTube на 12 языках: https://www.youtube.com/user/euronewsnetwork/channels

#UnreportedEurope",2020-10-23T17:00:16Z,22015,https://www.youtube.com/watch?v=rEFzB6Lb_DI
Msyp_dmsZRI,Former QAnon Supporter Ashley Vanderbilt on Why She Believed Radical Conspiracies | The View,"The former QAnon supporter tells ""The View"" how she came to believe baseless radical conspiracy theories, how it affected her life and why she’s now speaking out now.

Subscribe to our YouTube channel: http://bit.ly/2Ybi4tM 

MORE FROM 'THE VIEW':
Full episodes: http://abcn.ws/2tl10qh
Twitter: http://twitter.com/theview
Facebook: http://facebook.com/TheView
Instagram: http://instagram.com/theviewabc",2021-02-15T19:00:03Z,101238,https://www.youtube.com/watch?v=Msyp_dmsZRI
PYZBxH4I_GA,QAnon: the rise and roots of a baseless conspiracy theory,"Donald Trump has referred to QAnon followers as 'people who love our country' - while to the FBI they are considered a potential domestic terror threat. The Guardian US technology reporter Julia Carrie Wong explains the roots - and rise - of QAnon, the unfounded conspiracy theory that emerged in the US in 2017, and is now spreading across the world

Subscribe to Guardian News on YouTube ► http://bit.ly/guardianwiressub

The QAnon orphans: people who have lost loved ones to conspiracy theories ► https://www.theguardian.com/us-news/2020/sep/23/qanon-conspiracy-theories-loved-ones

'Quite frankly terrifying': How the QAnon conspiracy theory is taking root in the UK ► https://www.theguardian.com/world/2020/sep/20/the-qanon-conspiracy

Support the Guardian ► https://support.theguardian.com/contribute

Today in Focus podcast ► https://www.theguardian.com/news/series/todayinfocus

The Guardian YouTube network:

The Guardian ► http://www.youtube.com/theguardian
Guardian Football ► http://is.gd/guardianfootball
Guardian Sport ► http://bit.ly/GDNsport
Guardian Culture ► http://is.gd/guardianculture",2020-09-29T15:45:12Z,207955,https://www.youtube.com/watch?v=PYZBxH4I_GA
mTqkygZ-Zsg,FBI issues warning about QAnon,"The FBI has warned lawmakers that online QAnon conspiracy theorists may carry out more acts of violence as they move from serving as ""digital soldiers"" to taking action in the real world following the January 6 US Capitol attack.

#CNN #News",2021-06-15T01:03:23Z,297741,https://www.youtube.com/watch?v=mTqkygZ-Zsg
IKXoJ6UqsoA,"QAnon Shaman Sentenced to Prison, Kim Jong-un Enters the Matrix | The Tonight Show","Jimmy addresses the ""QAnon shaman"" being sentenced to 41 months in prison for his participation in the January 6 insurrection and Kim Jong-un’s pleather fashion statement.

The Tonight Show Starring Jimmy Fallon.  Stream now on Peacock: https://bit.ly/3gZJaNy

Subscribe NOW to The Tonight Show Starring Jimmy Fallon: http://bit.ly/1nwT1aN
 
Watch The Tonight Show Starring Jimmy Fallon Weeknights 11:35/10:35c
 
Get more The Tonight Show Starring Jimmy Fallon: https://www.nbc.com/the-tonight-show
 
JIMMY FALLON ON SOCIAL
Follow Jimmy: http://Twitter.com/JimmyFallon
Like Jimmy: https://Facebook.com/JimmyFallon
Follow Jimmy: https://www.instagram.com/jimmyfallon/
 
THE TONIGHT SHOW ON SOCIAL
Follow The Tonight Show: http://Twitter.com/FallonTonight
Like The Tonight Show: https://Facebook.com/FallonTonight
Follow The Tonight Show: https://www.instagram.com/fallontonight/
Tonight Show Tumblr: http://fallontonight.tumblr.com
 
The Tonight Show Starring Jimmy Fallon features hilarious highlights from the show, including comedy sketches, music parodies, celebrity interviews, ridiculous games, and, of course, Jimmy's Thank You Notes and hashtags! You'll also find behind the scenes videos and other great web exclusives.
 
GET MORE NBC
NBC YouTube: http://bit.ly/1dM1qBH
Like NBC: http://Facebook.com/NBC
Follow NBC: http://Twitter.com/NBC
NBC Instagram: http://instagram.com/nbc
NBC Tumblr: http://nbctv.tumblr.com/
 
QAnon Shaman Sentenced to Prison, Kim Jong-un Enters the Matrix | The Tonight Show 
http://www.youtube.com/fallontonight

#FallonTonight
#JimmyFallon",2021-11-18T04:40:41Z,234133,https://www.youtube.com/watch?v=IKXoJ6UqsoA
cykveQsmO1M,"Trump Grilled About His QAnon, Debts And Covid-19 Diagnosis At Town Hall | TODAY","At a fast-paced town hall in Miami, President Trump fielded questions about QAnon, conspiracy theories, his finances, and when he had his last negative coronavirus test. NBC’s Hallie Jackson reports for TODAY from Miami.
» Subscribe to TODAY: http://on.today.com/SubscribeToTODAY
» Watch the latest from TODAY: http://bit.ly/LatestTODAY

About: TODAY brings you the latest headlines and expert tips on money, health and parenting. We wake up every morning to give you and your family all you need to start your day. If it matters to you, it matters to us. We are in the people business. Subscribe to our channel for exclusive TODAY archival footage & our original web series.  

Connect with TODAY Online!
Visit TODAY's Website: http://on.today.com/ReadTODAY
Find TODAY on Facebook: http://on.today.com/LikeTODAY
Follow TODAY on Twitter: http://on.today.com/FollowTODAY
Follow TODAY on Instagram: http://on.today.com/InstaTODAY
Follow TODAY on Pinterest: http://on.today.com/PinTODAY

#Trump #TownHall #TodayShow

Trump Grilled About His QAnon, Debts And Covid-19 Diagnosis At Town Hall | TODAY",2020-10-16T13:00:15Z,100187,https://www.youtube.com/watch?v=cykveQsmO1M
Vuh2AeO7ziw,QAnon is spreading in churches. These pastors are trying to stop it,"Two pastors on opposite sides of the country, one dangerous problem: QAnon spreading in their congregation. CNN Business' Donie O'Sullivan reports on how they're trying, and often failing, to stop the lies.

Produced by Richa Naik & John General
Supervising Producer: Logan Whiteside
Correspondent: Donie O'Sullivan
Additional Camerawork: Sean Clark

#CNN
#News
#DonieO'Sullivan",2021-05-21T13:54:15Z,407865,https://www.youtube.com/watch?v=Vuh2AeO7ziw
dayJDrRdTEY,"QAnon Nuts Still Waiting for JFK Jr, the Trump Tower of Tell-Alls &amp; Chris Christie&#39;s Golden Moment","United Airlines has resumed the sale of liquor on their flights, restaurants in LA will no longer hand out plastic utensils and napkins, Chris Christie is busy on his image rehabilitation tour and was subject to some poor commercial placement, we introduce the Trump Tower of Tell-Alls, QAnon supporters are still waiting for the return of JFK Jr and his dad in Dealey Plaza and have been wearing suits and ball gowns for some kind of welcome back soiree, Jimmy chats with one of the supporters, we replace the voices of the Bachelorette and her suitors with those of actual children and Jimmy asks Kevin Garnett three ridiculous questions.

SUBSCRIBE to get the latest #Kimmel: http://bit.ly/JKLSubscribe

Watch Mean Tweets: http://bit.ly/KimmelMT10

Connect with Jimmy Kimmel Live Online:

Visit the Jimmy Kimmel Live WEBSITE: http://bit.ly/JKLWebsite
Like Jimmy Kimmel on FACEBOOK: http://bit.ly/KimmelFB
Like Jimmy Kimmel Live on FACEBOOK: http://bit.ly/JKLFacebook
Follow @JimmyKimmel on TWITTER: http://bit.ly/KimmelTW
Follow Jimmy Kimmel Live on TWITTER: http://bit.ly/JKLTwitter
Follow Jimmy Kimmel Live on INSTAGRAM: http://bit.ly/JKLInstagram

About Jimmy Kimmel Live:

Jimmy Kimmel serves as host and executive producer of Emmy®-nominated “Jimmy Kimmel Live!,” ABC’s late-night talk show. “Jimmy Kimmel Live!” is well known for its huge viral video successes, with over 11 billion views and more than 15 million subscribers on the show’s YouTube channel. Some of Kimmel’s most popular comedy bits include “Celebrities Read Mean Tweets,” “Lie Witness News,” “Unnecessary Censorship,” “Halloween Candy YouTube Challenge,” and music videos like “I (Wanna) Channing All Over Your Tatum.”",2021-11-17T03:30:04Z,1129154,https://www.youtube.com/watch?v=dayJDrRdTEY
_Zd75jXaBdA,Their loved ones are &#39;obsessed&#39; with QAnon conspiracies. It&#39;s tearing their families apart,"A survey released by the Public Religion Research Institute this week found 15% of Americans believe a QAnon conspiracy that the government is controlled by a cabal of Satan-worshipping pedophiles. Just one in five Republicans fully reject the theory. For many Americans, those ideas are tearing their families apart. We spoke to three people whose relationships have been hurt by far-right beliefs.

Stream your PBS favorites with the PBS app: https://to.pbs.org/2Jb8twG
Find more from PBS NewsHour at https://www.pbs.org/newshour
Subscribe to our YouTube channel: https://bit.ly/2HfsCD6

Follow us:
Facebook: http://www.pbs.org/newshour
Twitter: http://www.twitter.com/newshour
Instagram: http://www.instagram.com/newshour

Subscribe:
PBS NewsHour podcasts: https://www.pbs.org/newshour/podcasts
Newsletters: https://www.pbs.org/newshour/subscribe",2021-05-28T22:39:07Z,16977,https://www.youtube.com/watch?v=_Zd75jXaBdA
nVZZ1cUYAmw,"Fox News Anchor Endorses Qanon Conspiracy Theories, Tries To Backtrack | The ReidOut | MSNBC","Tonight’s Craziest Damn Thing: Fox News Anchor Jesse Waters endorsing the work of Qanon. As Joy describes, “It’s easy to dismiss Qanon as only crazy, but they also happen to be crazy dangerous.” NBC News reports that “QAnon followers have also been implicated in armed standoffs, attempted kidnappings, harassment and at least one killing since the conspiracy theory first gained traction on the internet in October 2017.” Aired on 7/27/2020.
» Subscribe to MSNBC: http://on.msnbc.com/SubscribeTomsnbc

MSNBC delivers breaking news, in-depth analysis of politics headlines, as well as commentary and informed perspectives. Find video clips and segments from The Rachel Maddow Show, Morning Joe, Meet the Press Daily, The Beat with Ari Melber, Deadline: White House with Nicolle Wallace, Hardball, All In, Last Word, 11th Hour, and more.

Connect with MSNBC Online
Visit msnbc.com: http://on.msnbc.com/Readmsnbc
Subscribe to MSNBC Newsletter: http://MSNBC.com/NewslettersYouTube
Find MSNBC on Facebook: http://on.msnbc.com/Likemsnbc
Follow MSNBC on Twitter: http://on.msnbc.com/Followmsnbc
Follow MSNBC on Instagram: http://on.msnbc.com/Instamsnbc

Fox News Anchor Endorses Qanon Conspiracy Theories, Tries To Backtrack | The ReidOut | MSNBC",2020-07-28T01:59:47Z,135271,https://www.youtube.com/watch?v=nVZZ1cUYAmw
O1yOqtbWrdg,How This TV Chef Turned COVID Truther Helped QAnon Boom in Germany,"Former TV chef Atilla Hildmann is one of the most famous conspiracy theorists in Germany and he's helping QAnon conspiracy theories thrive. 

Subscribe to VICE News here: http://bit.ly/Subscribe-to-VICE-News

Check out VICE News for more: http://vicenews.com

Follow VICE News here:
Facebook: https://www.facebook.com/vicenews
Twitter: https://twitter.com/vicenews
Tumblr: http://vicenews.tumblr.com/
Instagram: http://instagram.com/vicenews
More videos from the VICE network: https://www.fb.com/vicevideo",2020-10-23T14:59:58Z,59890,https://www.youtube.com/watch?v=O1yOqtbWrdg
FZAcHk1d000,How the QAnon conspiracy threatens U.S. democracy,"Two months after the deadly attacks on the nation's capital, top intelligence officials issued a warning saying pro-Trump militia groups could be plotting to breach the halls of Congress on Thursday, one of several dates important to the QAnon conspiracy movement. CBS News tech reporter Dan Patterson discusses the danger conspiracy theory followers present to the country and why the fringe movement will continue.

Subscribe to the CBS News YouTube channel: https://youtube.com/cbsnews
Watch CBSN live: https://cbsn.ws/live
Download the CBS News app: https://cbsn.ws/1Xb1WC8
Follow CBS News on Instagram: https://www.instagram.com/cbsnews/
Like CBS News on Facebook: https://facebook.com/cbsnews
Follow CBS News on Twitter: https://twitter.com/cbsnews
Subscribe to our newsletters: https://cbsn.ws/1RqHw7T

Get new episodes of shows you love across devices the next day, stream CBSN and local news live, and watch full seasons of CBS fan favorites and originals like ""Star Trek Discovery,"" ""The Good Fight,"" ""No Activity,"" and many more to come with Paramount+. Sign up here: http://bit.ly/309gCe2

---
CBSN is CBS News' 24/7 digital streaming news service featuring live, anchored coverage available for free across all platforms. Launched in November 2014, the service is a premier destination for breaking news and original storytelling from the deep bench of CBS News correspondents and reporters. CBSN features the top stories of the day as well as deep dives into key issues facing the nation and the world. CBSN has also expanded to launch local news streaming services in major markets across the country. CBSN is available on CBSNews.com and the CBS News app across more than a dozen platforms, as well as the Paramount+ subscription service.",2021-03-04T20:49:33Z,8963,https://www.youtube.com/watch?v=FZAcHk1d000
XlJXKe4fcDE,Cooper reacts to being targeted by QAnon conspiracy theorists,"CNN's Anderson Cooper speaks to a QAnon conspiracy theorist who messaged him that he would be publicly executed.

#AndersonCooper #CNN #News",2021-03-05T15:40:35Z,840652,https://www.youtube.com/watch?v=XlJXKe4fcDE
WtgNCo4HRu4,"Man allegedly confesses to killing his kids, refers to QAnon conspiracies","A California man confessed to killing his two young children, allegedly telling an FBI investigator he thought they were ""going to grow into monsters so he had to kill them,"" according to a criminal complaint filed Wednesday.
Matthew Taylor Coleman, a 40-year-old Santa Barbara surfing school instructor, has been charged with foreign murder of US nationals after allegedly taking his 2-year-old son and 10-month-old daughter into Mexico and killing them, according to an affidavit filed as part of a federal criminal complaint and a statement from the US Attorney's Office for the Central District of California.
Stopped for questioning at the US-Mexico border, Coleman allegedly told investigators he shot the children with a spear fishing gun, then hid their bodies, the affidavit said.
Coleman spoke to authorities about being ""enlightened by QAnon and Illuminati conspiracy theories,"" including that he had visions that his wife ""possessed serpent DNA and had passed it onto his children,"" according to the affidavit.
Coleman was detained at the border and transported to a local jail by authorities.
CNN has reached out to Coleman's lawyer but has not received a response. He was scheduled for an initial court appearance Wednesday in US District Court in Los Angeles, the US Attorney's Office said.
#JoshCampbell #CNN #DonLemonTonight",2021-08-13T14:43:46Z,546073,https://www.youtube.com/watch?v=WtgNCo4HRu4
ELntKgrMAzs,FBI Warns Of Potential For More Violence From QAnon Followers,"In a new FBI assessment, the agency warns that some QAnon followers have become more violent since the Capitol attack and could target Democrats and other political opposition.
» Subscribe to NBC News: http://nbcnews.to/SubscribeToNBC
» Watch more NBC video: http://bit.ly/MoreNBCNews

NBC News Digital is a collection of innovative and powerful news brands that deliver compelling, diverse and engaging news stories. NBC News Digital features NBCNews.com, MSNBC.com, TODAY.com, Nightly News, Meet the Press, Dateline, and the existing apps and digital extensions of these respective properties.  We deliver the best in breaking news, live video coverage, original journalism and segments from your favorite NBC News Shows.

Connect with NBC News Online!
NBC News App: https://apps.nbcnews.com/mobile
Breaking News Alerts: https://link.nbcnews.com/join/5cj/breaking-news-signup?cid=sm_npd_nn_yt_bn-clip_190621
Visit NBCNews.Com: http://nbcnews.to/ReadNBC
Find NBC News on Facebook: http://nbcnews.to/LikeNBC
Follow NBC News on Twitter: http://nbcnews.to/FollowNBC
Follow NBC News on Instagram: http://nbcnews.to/InstaNBC

#QAnon #FBI #NightlyNews",2021-06-16T00:45:01Z,65384,https://www.youtube.com/watch?v=ELntKgrMAzs
tmQEBFYrEx0,RENO 911! The Hunt for QAnon | Official Trailer | Paramount+,"On a mission to track down the one and only Q, the one behind all QAnon conspiracies, RENO 911! THE HUNT FOR QANON follows the deputies from the Reno Sheriff's Department as they get stuck at a QAnon convention at sea.

Try It Free! https://bit.ly/3oy8DVd

Follow Paramount+ for the latest news: 
Facebook: https://www.facebook.com/ParamountPlus 
Twitter: https://twitter.com/paramountplus 
Instagram: https://www.instagram.com/paramountplus/",2021-12-09T16:00:42Z,794426,https://www.youtube.com/watch?v=tmQEBFYrEx0
a9YRQaIUNHY,Meet The White Women Empowering QAnon Part 1,"If you thought Mary Kay was the most dangerous thing recruiting white women, think again! Thanks to Instagram-friendly, Mom-approved branding, QAnon is attracting more white women than ever, from suburban housewives to Congresswomen. And much like a Crate and Barrel Black Friday sale, this could turn deadly. This is part 1 of 2.  

Watch Full Frontal with Samantha Bee all new Wednesdays at 10:30/ 9:30c on TBS!

Subscribe: https://www.youtube.com/fullfrontalsamb?sub_confirmation=1

Follow Full Frontal with Samantha Bee:
Twitter: https://twitter.com/FullFrontalSamB
Facebook: https://www.facebook.com/fullfrontalsamb/
Instagram: https://www.instagram.com/fullfrontalsamb/

SamBee.com

#SamanthaBee
#FullFrontalSamB",2021-03-11T03:30:12Z,1560770,https://www.youtube.com/watch?v=a9YRQaIUNHY
AOwWXYfcrEc,QAnon received early boost from Russia,"Russian government-backed social media accounts nurtured the QAnon conspiracy theory in its infancy, earlier than previously reported, according to interviews with current and former Twitter executives and archives of tweets from suspended accounts.

Subscribe: http://smarturl.it/reuterssubscribe

Reuters brings you the latest business, finance and breaking news video from around the globe.  Our reputation for accuracy and impartiality is unparalleled.

Get the latest news on: http://reuters.com/
Follow Reuters on Facebook: https://www.facebook.com/Reuters
Follow Reuters on Twitter: https://twitter.com/Reuters
Follow Reuters on Instagram: https://www.instagram.com/reuters/?hl=en",2020-11-02T22:15:13Z,5655,https://www.youtube.com/watch?v=AOwWXYfcrEc
GNI553Np__k,‘They Like Me Very Much’: Trump Discusses The QAnon Conspiracy Theory Movement | NBC News NOW,"During a news conference, President Trump is asked about his opinion of the QAnon movement, and while claiming he had not heard the conspiracy theory he did acknowledge ""they like me very much.""
» Subscribe to NBC News: http://nbcnews.to/SubscribeToNBC
» Watch more NBC video: http://bit.ly/MoreNBCNews

NBC News Digital is a collection of innovative and powerful news brands that deliver compelling, diverse and engaging news stories. NBC News Digital features NBCNews.com, MSNBC.com, TODAY.com, Nightly News, Meet the Press, Dateline, and the existing apps and digital extensions of these respective properties.  We deliver the best in breaking news, live video coverage, original journalism and segments from your favorite NBC News Shows.

Connect with NBC News Online!
NBC News App: https://apps.nbcnews.com/mobile
Breaking News Alerts: https://link.nbcnews.com/join/5cj/breaking-news-signup?cid=sm_npd_nn_yt_bn-clip_190621
Visit NBCNews.Com: http://nbcnews.to/ReadNBC
Find NBC News on Facebook: http://nbcnews.to/LikeNBC
Follow NBC News on Twitter: http://nbcnews.to/FollowNBC
Follow NBC News on Instagram: http://nbcnews.to/InstaNBC

‘They Like Me Very Much’: Trump Discusses The QAnon Conspiracy Theory Movement | NBC News NOW",2020-08-20T00:29:50Z,220495,https://www.youtube.com/watch?v=GNI553Np__k
LU3afdtRCqE,"Trump Goes Head-to-Head with Trump, QAnon Waits for Michael Jackson &amp; a Rare Melania Sighting","Some parts of Massachusetts got more than thirty inches of snow over the weekend and there were quite a few characters out and about in the cold, the LA Rams are headed to the Super Bowl and will face the Cincinnati Bengals, Donald Trump was back on the road as part of his “Save America Tour” and he contradicted himself quite a few times, QAnon nuts think Michael Jackson is coming back, Mike Pence joined Fox News and gave an update on where things stand with him and Donald, and we got a rare Melania sighting with former Trump cabinet member Ben Carson.

SUBSCRIBE to get the latest #Kimmel: http://bit.ly/JKLSubscribe

Watch Mean Tweets: http://bit.ly/KimmelMT10

Connect with Jimmy Kimmel Live Online:

Visit the Jimmy Kimmel Live WEBSITE: http://bit.ly/JKLWebsite
Like Jimmy Kimmel on FACEBOOK: http://bit.ly/KimmelFB
Like Jimmy Kimmel Live on FACEBOOK: http://bit.ly/JKLFacebook
Follow @JimmyKimmel on TWITTER: http://bit.ly/KimmelTW
Follow Jimmy Kimmel Live on TWITTER: http://bit.ly/JKLTwitter
Follow Jimmy Kimmel Live on INSTAGRAM: http://bit.ly/JKLInstagram

About Jimmy Kimmel Live:

Jimmy Kimmel serves as host and executive producer of Emmy®-nominated “Jimmy Kimmel Live!,” ABC’s late-night talk show. “Jimmy Kimmel Live!” is well known for its huge viral video successes, with over 11 billion views and more than 15 million subscribers on the show’s YouTube channel. Some of Kimmel’s most popular comedy bits include “Celebrities Read Mean Tweets,” “Lie Witness News,” “Unnecessary Censorship,” “Halloween Candy YouTube Challenge,” and music videos like “I (Wanna) Channing All Over Your Tatum.”",2022-02-01T03:40:54Z,1278632,https://www.youtube.com/watch?v=LU3afdtRCqE
N3zujKdhH0U,QAnon: Is pro-Trump conspiracy movement going mainstream? | The Stream,"** A technical error led to a pause in this broadcast at approx 14 minutes. You can skip to the point at which the stream started again by clicking here: 19:30 We apologise for the inconvenience. **

Conspiracy theories are nothing new in the United States. There have been thousands of sightings of the mythical 'Bigfoot' creature. Many believe that a US military installation known as 'Area 51' is sheltering spacecraft and aliens. And some say the 9/11 attacks were an inside job.

But, even in that company, the theories of the QAnon world stand out. Its growing network of true believers are centred around an anonymous figure known only as ""Q"" who claims to have inside knowledge that US President Donald Trump is waging an undercover war against elite and ""deep state"" paedophile rings and sex trafficking schemes. Many other conspiracy theories are also being spread by the movement's adherents.

""Q"" began posting messages on some of the more obscure corners of the internet such as the message boards 4chan and 8chan. Now, though, supporters of the individual's theories are happy to be interviewed in the mainstream media and have been turning up in force at Trump rallies.

In this episode of The Stream, we look at the origins of the movement, find out why so many people are getting involved and ask, can they have a serious impact on US politics?

Join the conversation:
TWITTER: https://twitter.com/AJStream 
FACEBOOK: http://www.facebook.com/AJStream 
Subscribe to our channel  http://bit.ly/AJSubscribe

#QAnon
#aljazeeraenglish
#ajstream",2020-07-13T15:37:21Z,312062,https://www.youtube.com/watch?v=N3zujKdhH0U
ExPt6yPfN_o,RENO 911!: The Hunt for QAnon - Official Trailer,"The Reno Sheriff’s Department is back December 23 on Paramount+.

Paramount+ is here! Stream all your favorite shows now on Paramount+. Try it FREE at https://bit.ly/3qyOeOf

About RENO 911!:  
The brave men and women of the Reno Sheriff's Department give you the 411 on the thin khaki line that keeps Reno, Nevada, on the straight and narrow. Led by Lt. Jim Dangle, the officers of RENO 911! attempt to keep the streets safe – mainly from themselves.
 
Subscribe to Comedy Central: https://www.youtube.com/channel/UCUsN5ZwHx2kILm84-jPDeXw?sub_confirmation=1

Watch more Comedy Central: https://www.youtube.com/comedycentral
 
Follow RENO 911!
Facebook: https://www.facebook.com/Reno-911-9407255519 
Watch full episodes of RENO 911!: http://www.cc.com/shows/reno-911-

Follow Comedy Central:
Twitter: https://twitter.com/ComedyCentral
Facebook: https://www.facebook.com/ComedyCentral
Instagram: https://www.instagram.com/comedycentral

#Reno911 #ParamountPlus",2021-12-09T16:00:04Z,164446,https://www.youtube.com/watch?v=ExPt6yPfN_o
QQkID_o8U3k,"Trump’s Dire Warnings About Biden, QAnon Waiting for Dead Celebrities &amp; Facebook Stole Your Face","Today marks the one year anniversary of the 2020 Presidential election and Donald Trump is still out searching for fraud, a crazy QAnon event in Dallas took place with supporters claiming that Keith Richards of the Stones was JFK, and that other celebrities such as Robin Williams and Michael Jackson were also going to come back from the dead, the Atlanta Braves won their first World Series title in 26 years, Jimmy talks to the Director of Communications at Facebook about shutting down their facial recognition system, and we look back at one year ago this week for an election day edition of “This Week in COVID History.”

SUBSCRIBE to get the latest #Kimmel: http://bit.ly/JKLSubscribe

Watch Mean Tweets: http://bit.ly/KimmelMT10

Connect with Jimmy Kimmel Live Online:

Visit the Jimmy Kimmel Live WEBSITE: http://bit.ly/JKLWebsite
Like Jimmy Kimmel on FACEBOOK: http://bit.ly/KimmelFB
Like Jimmy Kimmel Live on FACEBOOK: http://bit.ly/JKLFacebook
Follow @JimmyKimmel on TWITTER: http://bit.ly/KimmelTW
Follow Jimmy Kimmel Live on TWITTER: http://bit.ly/JKLTwitter
Follow Jimmy Kimmel Live on INSTAGRAM: http://bit.ly/JKLInstagram

About Jimmy Kimmel Live:

Jimmy Kimmel serves as host and executive producer of Emmy®-nominated “Jimmy Kimmel Live!,” ABC’s late-night talk show. “Jimmy Kimmel Live!” is well known for its huge viral video successes, with over 11 billion views and more than 15 million subscribers on the show’s YouTube channel. Some of Kimmel’s most popular comedy bits include “Celebrities Read Mean Tweets,” “Lie Witness News,” “Unnecessary Censorship,” “Halloween Candy YouTube Challenge,” and music videos like “I (Wanna) Channing All Over Your Tatum.”",2021-11-04T02:26:24Z,1268185,https://www.youtube.com/watch?v=QQkID_o8U3k
AFPIZrd3iF8,Mayor who called QAnon a &#39;truth movement&#39; under scrutiny by residents,"CNN's Kyung Lah visits the town of Sequim, Washington, where Mayor William Armacost is under scrutiny by residents for his stance on QAnon.

#CNN #News #Politics",2021-01-31T19:29:48Z,106230,https://www.youtube.com/watch?v=AFPIZrd3iF8
fbWq1FXdhtg,&quot;QAnon Shaman&quot; still feels &quot;sympathy&quot; for former President Donald Trump,"In his first interview from jail, Jacob Chansley, known as the ""QAnon Shaman,"" says he still supports President Donald Trump. Laurie Segall spoke to Chansley for 60 Minutes+, a new show on ViacomCBS' new streaming platform, Paramount+. She joins Anne-Marie Green and Vladimir Duthiers with a preview on CBSN.

Subscribe to the CBS News YouTube channel: https://youtube.com/cbsnews
Watch CBSN live: https://cbsn.ws/live
Download the CBS News app: https://cbsn.ws/1Xb1WC8
Follow CBS News on Instagram: https://www.instagram.com/cbsnews/
Like CBS News on Facebook: https://facebook.com/cbsnews
Follow CBS News on Twitter: https://twitter.com/cbsnews
Subscribe to our newsletters: https://cbsn.ws/1RqHw7T

Get new episodes of shows you love across devices the next day, stream CBSN and local news live, and watch full seasons of CBS fan favorites and originals like ""Star Trek Discovery,"" ""The Good Fight,"" ""No Activity,"" and many more to come with Paramount+. Sign up here: http://bit.ly/309gCe2

---
CBSN is CBS News' 24/7 digital streaming news service featuring live, anchored coverage available for free across all platforms. Launched in November 2014, the service is a premier destination for breaking news and original storytelling from the deep bench of CBS News correspondents and reporters. CBSN features the top stories of the day as well as deep dives into key issues facing the nation and the world. CBSN has also expanded to launch local news streaming services in major markets across the country. CBSN is available on CBSNews.com and the CBS News app across more than a dozen platforms, as well as the Paramount+ subscription service.",2021-03-04T17:59:07Z,196183,https://www.youtube.com/watch?v=fbWq1FXdhtg
gyzbHFYs3pg,Karl denies being ‘lizard person’ in bizarre QAnon conspiracy theory | Today Show Australia,"Subscribe 👉 https://bit.ly/2n4QLnx | Today host Karl Stefanovic has denied being a ‘lizard person’ in a bizarre QAnon conspiracy theory as author Van Badham discussed the growing threats of these far-right conspiracies in her new book ‘QAnon and On’. 

(Broadcast November 16, 2021) Get more TODAY at: http://9Soci.al/KzNl50GjSJk

Join the TODAY team as they bring you the latest in news, current affairs, sports, politics, entertainment, fashion, health and lifestyle. 

Like TODAY on Facebook: http://facebook.com/IWakeUpWithTODAY 
Follow TODAY on Twitter: http://twitter.com/thetodayshow  
Follow TODAY on Instagram: https://www.instagram.com/thetodayshow 

#TodayShowAustralia #KarlStefanovic #AllisonLangdon",2021-11-16T01:40:43Z,14440,https://www.youtube.com/watch?v=gyzbHFYs3pg
DC9cojCs-nk,What&#39;s the significance of &#39;QAnon Shaman&#39; sentence to years in prison? | DW News,"He became the face of the US Capitol riots on January 6. Jacob Chansley, who described himself as a “Q-Anon Shaman,” plead guilty to obstructing Congress. Now, he will be sentenced. Prosecutors have asked for four years behind bars - a lengthy jail term they say would act as a deterrent to similar attacks in the future.

Anticipation is at fever pitch as the country awaits a verdict from jurors weighing charges against Kyle Rittenhouse, another high profile case. The teenager faces life in prison if convicted of killing two men, and wounding a third. He shot the three men during protests against racial injustice in Kenosha, Wisconsin in August 2020. Rittenhouse has testified he acted in self-defense. The case has become a flashpoint in the U.S. debate over gun rights and racial tensions. 

Subscribe: https://www.youtube.com/user/deutschewelleenglish?sub_confirmation=1

For more news go to: http://www.dw.com/en/
Follow DW on social media:
►Facebook: https://www.facebook.com/deutschewellenews/
►Twitter: https://twitter.com/dwnews
►Instagram: https://www.instagram.com/dwnews
Für Videos in deutscher Sprache besuchen Sie: https://www.youtube.com/dwdeutsch
#QAnon #CapitolRiots #USA",2021-11-17T17:44:04Z,67089,https://www.youtube.com/watch?v=DC9cojCs-nk
43diWYSoERw,"Trump Not Back In Office August 13 Despite QAnon, MyPillow Predictions","“As with all good cults, expect the goalposts to shift fast. Expect one missed deadline from a false conspiracy to just bleed into another. Because a significant chunk of the American public has collectively lost its mind,” says Mehdi Hasan. 

» Subscribe to MSNBC: http://on.msnbc.com/SubscribeTomsnbc

MSNBC delivers breaking news, in-depth analysis of politics headlines, as well as commentary and informed perspectives. Find video clips and segments from The Rachel Maddow Show, Morning Joe, Meet the Press Daily, The Beat with Ari Melber, Deadline: White House with Nicolle Wallace, The ReidOut, All In, Last Word, 11th Hour, and more.

Connect with MSNBC Online
Visit msnbc.com: http://on.msnbc.com/Readmsnbc
Subscribe to MSNBC Newsletter: http://http://MSNBC.com/NewslettersYouTube
Find MSNBC on Facebook: http://on.msnbc.com/Likemsnbc
Follow MSNBC on Twitter: http://on.msnbc.com/Followmsnbc
Follow MSNBC on Instagram: http://on.msnbc.com/Instamsnbc

#Trump #GOP #QAnon",2021-08-14T01:30:02Z,1215380,https://www.youtube.com/watch?v=43diWYSoERw
Emo_pQgwfkk,CNN reporter went to a QAnon event. This is what he saw,"You might see people sharing the hashtag #SavetheChildren on social media. But much of this online activity has nothing to do with the respected and real Save the Children charity. Its name has been hijacked by followers of the QAnon conspiracy theory.
CNN's Donie O'Sullivan went to a QAnon protest event to learn more.

#DonieOSullivan #CNN #News",2020-10-20T00:57:43Z,1368146,https://www.youtube.com/watch?v=Emo_pQgwfkk
sO5h_M6dn6M,&#39;South Park&#39; Mocks QAnon and Vaccine Line-Cutters in New &quot;Vaccination Special&quot; | THR News,"'South Park' mocked vaccine line-cutters, as well as QAnon, in its outrageous hour-long ""Vaccination Special"" on Wednesday. This marked an early return for the show created by Trey Parker and Matt Stone before its usual fall run.

►►Subscribe for more entertainment news: http://thr.cm/dwtPxG2
►► See our latest videos: http://thr.cm/syLedfw

About: The Hollywood Reporter (THR) is the entertainment industry's flagship media brand, offering in-depth reporting, analysis, unparalleled access, world-class photography and video, and feature exclusives in its award-winning weekly magazine and dynamic website. The Hollywood Reporter also boasts prestigious live events, industry-leading philanthropic, empowerment and diversity initiatives and hugely successful video series.

Connect with The Hollywood Reporter Online:
Visit the website: http://thr.cm/MgwCFl9
Likes us on Facebook: http://thr.cm/ngIBL8l
Follow us on Twitter: http://thr.cm/2S875k7
Follow us on Instagram: http://thr.cm/cDQoWQd

#SouthPark #THRNews #HollywoodReporter

'South Park' Mocks QAnon and Vaccine Line-Cutters in New ""Vaccination Special"" | THR News

The Hollywood Reporter
https://youtube.com/hollywoodreporter",2021-03-11T21:22:05Z,207374,https://www.youtube.com/watch?v=sO5h_M6dn6M
O9hF5Yo1_Rk,The connection between White evangelical Republicans and QAnon,"The QAnon movement is still growing even after its baseless conspiracy theories are proven to be false. One group driving the movement is White evangelical Republicans. A recent study found the faction is more likely than others to believe in fanatical theories, like the ""Deep State"" and that there was fraud during the 2020 presidential election. Colin Clarke, director of policy and research at the Soufan Group, joined CBSN's Lana Zak to discuss the connection between the two groups.

CBSN is CBS News’ 24/7 digital streaming news service featuring live, anchored coverage available for free across all platforms. Launched in November 2014, the service is a premier destination for breaking news and original storytelling from the deep bench of CBS News correspondents and reporters. CBSN features the top stories of the day as well as deep dives into key issues facing the nation and the world. CBSN has also expanded to launch local news streaming services in major markets across the country. CBSN is currently available on CBSNews.com and the CBS News app across more than 20 platforms, as well as the Paramount+ subscription service.

Subscribe to the CBS News YouTube channel: http://youtube.com/cbsnews​
Watch CBSN live: http://cbsn.ws/1PlLpZ7c​
Download the CBS News app: http://cbsn.ws/1Xb1WC8​
Follow CBS News on Instagram: https://www.instagram.com/cbsnews/​
Like CBS News on Facebook: http://facebook.com/cbsnews​
Follow CBS News on Twitter: http://twitter.com/cbsnews​
Subscribe to our newsletters: http://cbsn.ws/1RqHw7T​
Try Paramount+ free: https://bit.ly/2OiW1kZ

For licensing inquiries, contact: licensing@veritone.com",2021-03-06T20:27:48Z,337246,https://www.youtube.com/watch?v=O9hF5Yo1_Rk
3q1wOBVLJHw,QAnon Shaman takes Afghanistan,"Jordan Klepper vs. Iowans Part 2 #DailyShow #JordanKlepper #Shorts

Subscribe to The Daily Show:
https://www.youtube.com/channel/UCwWhs_6x42TyRM4Wstoq8HA/?sub_confirmation=1 

Follow The Daily Show:
Twitter: https://twitter.com/TheDailyShow
Facebook: https://www.facebook.com/thedailyshow
Instagram: https://www.instagram.com/thedailyshow

Stream full episodes of The Daily Show on Paramount+: http://www.paramountplus.com/?ftag=PPM-05-10aei0b

Follow Comedy Central:
Twitter: https://twitter.com/ComedyCentral
Facebook: https://www.facebook.com/ComedyCentral
Instagram: https://www.instagram.com/comedycentral

About The Daily Show:
Trevor Noah and The Daily Show correspondents tackle the biggest stories in news, politics and pop culture.

The Daily Show with Trevor Noah airs weeknights at 11/10c on Comedy Central.",2021-10-24T18:00:03Z,700317,https://www.youtube.com/watch?v=3q1wOBVLJHw
WrZheAFpqLQ,QAnon Figurehead Announces Run For Congress,"Ron Watkins, the former 8chan administrator believed to be the origin of the QAnon conspiracy theory, has announced he plans to run for Congress in Arizona. In the video he used to announce his run, he claimed he was jumping into the race ""to defeat the ""dirtiest Democrat in the D.C. swamp,"" incumbent Congressman Tom O'Halleran, who has only been in office for four years. Tina Nguyen speaks with Hallie Jackson about what this could mean for the Republican party. 
» Subscribe to MSNBC: http://on.msnbc.com/SubscribeTomsnbc

About: MSNBC is the premier destination for in-depth analysis of daily headlines, insightful political commentary and informed perspectives. Reaching more than 95 million households worldwide, MSNBC offers a full schedule of live news coverage, political opinions and award-winning documentary programming -- 24 hours a day, 7 days a week.

Connect with MSNBC Online
Visit msnbc.com: http://on.msnbc.com/Readmsnbc
Subscribe to MSNBC Newsletter: MSNBC.com/NewslettersYouTube
Find MSNBC on Facebook: http://on.msnbc.com/Likemsnbc
Follow MSNBC on Twitter: http://on.msnbc.com/Followmsnbc
Follow MSNBC on Instagram: http://on.msnbc.com/Instamsnbc

#QAnon #RonWatkins #MSNBC",2021-10-15T20:57:11Z,137206,https://www.youtube.com/watch?v=WrZheAFpqLQ
qQbACnrgc2o,Loved ones mourn &quot;QAnon casualties&quot; on 60 Minutes+,"60 Minutes+ correspondent Laurie Segall sat down with a group of people who say they are bound by the loss of relationships due to QAnon. In this preview, they describe the frustration and loss they feel at watching their loved ones whom, they say, have fallen into the web of right-wing conspiracy theories.

Each weekday morning, ""CBS This Morning"" co-hosts Gayle King, Anthony Mason and Tony Dokoupil deliver two hours of original reporting, breaking news and top-level newsmaker interviews in an engaging and informative format that challenges the norm in network morning news programs.

Subscribe to “CBS This Morning” on YouTube: https://www.youtube.com/user/CBSThisMorning
Watch CBSN live: http://cbsn.ws/1PlLpZ7c​
Download the CBS News app: http://cbsn.ws/1Xb1WC8​
Follow ""CBS This Morning"" on Instagram: http://bit.ly/1Q7NGnY
Like ""CBS This Morning"" on Facebook: http://on.fb.me/1LhtdvI
Follow ""CBS This Morning"" on Twitter: http://bit.ly/1Xj5W3p
Subscribe to our newsletter: http://cbsn.ws/1RqHw7T​
Try Paramount+ free: https://bit.ly/2OiW1kZ

For video licensing inquiries, contact: licensing@veritone.com",2021-09-02T12:53:22Z,13795,https://www.youtube.com/watch?v=qQbACnrgc2o
YfJq1K20YZg,New Rule: Think Like a True QAnon | Real Time with Bill Maher (HBO),"Subscribe to the Real Time YouTube: http://itsh.bo/10r5A1B

Bill re-reveals his true identity as ""Q"" and revels in the embrace of his conspiracy theories by President Trump and other politicians. 

Connect with Real Time Online:
Find Real Time on Facebook: https://www.facebook.com/Maher
Find Real Time on Twitter: https://twitter.com/RealTimers
Find Real Time with Bill Maher Official Site: http://itsh.bo/HttKcM.
Find Real Time with Bill Maher on HBO GO® http://itsh.bo/iioY87.
Find Real Time with Bill Maher on Connect: http://connect.hbo.com/real-time-bill-maher
Find Real Time on Instagram: http://instagram.com/realtimers
The Real Time blog: http://www.real-time-with-bill-maher-blog.com/

It's HBO.

Connect with HBO Online
Find HBO on Facebook: http://Facebook.com/HBO
Follow @HBO on Twitter: http://Twitter.com/HBO
Find HBO on Youtube: http://Youtube.com/HBO
Find HBO Official Site: http://HBO.com
Find HBO Connect: http://Connect.hbo.com
Find HBO GO: http://HBOGO.com
Find HBO on Instagram: http://Instagram.com/hbo
Find HBO on Foursquare: http://Foursquare.com/hbo

Check out other HBO Channels
HBO: http://www.youtube.com/hbo
Game of Thrones: http://www.youtube.com/GameofThrones 
True Blood: http://www.youtube.com/trueblood 
HBO Sports: http://www.youtube.com/HBOsports 
HBO Documentary Films: http://www.youtube.com/HBODocs 
Cinemax: http://www.youtube.com/Cinemax 
HBO Latino: http://www.youtube.com/HBOLatino",2020-08-22T02:57:05Z,1486028,https://www.youtube.com/watch?v=YfJq1K20YZg
oesJCQdkblQ,Trump dodges QAnon conspiracy theory question,"President Donald Trump dodged questions Friday about his thoughts on QAnon during a White House briefing. Trump was asked about his support for Marjorie Taylor Greene, who has embraced the baseless, far-right conspiracy theory. (Aug. 14)

Subscribe for more Breaking News: http://smarturl.it/AssociatedPress 
Website: https://apnews.com
Twitter: https://twitter.com/AP
Facebook: https://facebook.com/APNews
Google+: https://plus.google.com/115892241801867723374
Instagram: https://www.instagram.com/APNews/
​

You can license this story through AP Archive: http://www.aparchive.com/metadata/youtube/645f74f1343e4bc8bb110cecbf40bf8d",2020-08-14T18:56:00Z,52119,https://www.youtube.com/watch?v=oesJCQdkblQ
COAgIT61NjA,Alleged QAnon leader running for Congress in Arizona,"Ron Watkins, labeled the linchpin of the QAnon movement, has filed to run for Congress as a Republican in Arizona. And Watkins is already handing out endorsements.",2021-10-16T01:12:02Z,4369,https://www.youtube.com/watch?v=COAgIT61NjA
U_Pr7lS6zU0,"MyPillow Mike Sits Down with Trump, QAnon Shaman Gets Prison Time &amp; New Spider-Man Trailer","We celebrate the 11th anniversary of Jimmy creating National Unfriend Day for those who are still on Facebook, a professor in Glasgow has developed an electronic device that allows dogs to video call their owner, MyPillow Mike Lindell sat down with Donald Trump for an interview highlighting every debunked claim of election fraud, the QAnon Shaman was sentenced to 41 months in prison, the Staples Center in Los Angeles will now be known as the Crypto.com arena, outgoing New York City Mayor Bill de Blasio reminded us why we will miss his special brand of pizzaz, “Tiger King 2” came out today on Netflix and with their star in the slammer a character from the first season will now be the focus, and Jimmy reveals the sixth member of the Sinister Six in a second first look at the trailer for Spider-Man: No Way Home.

SUBSCRIBE to get the latest #Kimmel: http://bit.ly/JKLSubscribe

Watch Mean Tweets: http://bit.ly/KimmelMT10

Connect with Jimmy Kimmel Live Online:

Visit the Jimmy Kimmel Live WEBSITE: http://bit.ly/JKLWebsite
Like Jimmy Kimmel on FACEBOOK: http://bit.ly/KimmelFB
Like Jimmy Kimmel Live on FACEBOOK: http://bit.ly/JKLFacebook
Follow @JimmyKimmel on TWITTER: http://bit.ly/KimmelTW
Follow Jimmy Kimmel Live on TWITTER: http://bit.ly/JKLTwitter
Follow Jimmy Kimmel Live on INSTAGRAM: http://bit.ly/JKLInstagram

About Jimmy Kimmel Live:

Jimmy Kimmel serves as host and executive producer of Emmy®-nominated “Jimmy Kimmel Live!,” ABC’s late-night talk show. “Jimmy Kimmel Live!” is well known for its huge viral video successes, with over 11 billion views and more than 15 million subscribers on the show’s YouTube channel. Some of Kimmel’s most popular comedy bits include “Celebrities Read Mean Tweets,” “Lie Witness News,” “Unnecessary Censorship,” “Halloween Candy YouTube Challenge,” and music videos like “I (Wanna) Channing All Over Your Tatum.”",2021-11-18T03:22:34Z,1877080,https://www.youtube.com/watch?v=U_Pr7lS6zU0
Glwk8OskVAU,QAnon believers hit with disappointment after Biden&#39;s inauguration,"Conspiracy theories circled online leading up to President Biden's inauguration, leading some to believe former President Donald Trump would somehow remain in office. When that didn't happen, followers were left doubting. CBSN technology reporter Dan Patterson joins CBSN AM to discuss QAnon's impact and potential future.",2021-01-21T15:02:42Z,983732,https://www.youtube.com/watch?v=Glwk8OskVAU
RSu_XYXSgz4,"Trump Could Face Prison, QAnon’s UFO Conspiracy &amp; Bigfoot’s Message for Crazy People","Something magical happened in the sky last night when a super/blood moon appeared, the walls are closing in around Donald Trump after the Manhattan district attorney has convened a grand jury, internet chatter about Trump has reach a five-year low and his team is resorting to desperate measures, the QAnon crowd believes that all the recent talk of UFOs is a deep state conspiracy to distract us from voter fraud, Bigfoot barges into the studio with something important to say, and Yehya reviews A Quiet Place Part II.

SUBSCRIBE to get the latest #Kimmel: http://bit.ly/JKLSubscribe

Watch Mean Tweets: http://bit.ly/KimmelMT10

Connect with Jimmy Kimmel Live Online:

Visit the Jimmy Kimmel Live WEBSITE: http://bit.ly/JKLWebsite
Like Jimmy Kimmel on FACEBOOK: http://bit.ly/KimmelFB
Like Jimmy Kimmel Live on FACEBOOK: http://bit.ly/JKLFacebook
Follow @JimmyKimmel on TWITTER: http://bit.ly/KimmelTW
Follow Jimmy Kimmel Live on TWITTER: http://bit.ly/JKLTwitter
Follow Jimmy Kimmel Live on INSTAGRAM: http://bit.ly/JKLInstagram

About Jimmy Kimmel Live:

Jimmy Kimmel serves as host and executive producer of Emmy®-nominated “Jimmy Kimmel Live!,” ABC’s late-night talk show. “Jimmy Kimmel Live!” is well known for its huge viral video successes, with over 11 billion views and more than 15 million subscribers on the show’s YouTube channel. Some of Kimmel’s most popular comedy bits include “Celebrities Read Mean Tweets,” “Lie Witness News,” “Unnecessary Censorship,” “Halloween Candy YouTube Challenge,” and music videos like “I (Wanna) Channing All Over Your Tatum.”",2021-05-27T02:21:36Z,1613172,https://www.youtube.com/watch?v=RSu_XYXSgz4
8emVCG1Jrnc,Notorious Anti-Mask QAnon Supporter Dies Of Covid,"Veronica Wolski, a woman who became well-known online for her anti-mask beliefs, has died of Covid. Her story underscores the continuing challenge health care professionals and public health experts face fighting misinformation about the coronavirus. Dr. Kavita Patel joins to discuss.
» Subscribe to MSNBC: http://on.msnbc.com/SubscribeTomsnbc

MSNBC delivers breaking news, in-depth analysis of politics headlines, as well as commentary and informed perspectives. Find video clips and segments from The Rachel Maddow Show, Morning Joe, Meet the Press Daily, The Beat with Ari Melber, Deadline: White House with Nicolle Wallace, The ReidOut, All In, Last Word, 11th Hour, and more.

Connect with MSNBC Online
Visit msnbc.com: http://on.msnbc.com/Readmsnbc
Subscribe to MSNBC Newsletter: http://http://MSNBC.com/NewslettersYo...
Find MSNBC on Facebook: http://on.msnbc.com/Likemsnbc
Follow MSNBC on Twitter: http://on.msnbc.com/Followmsnbc
Follow MSNBC on Instagram: http://on.msnbc.com/Instamsnbc

#MSNBC #Covid #AntiMask",2021-09-14T05:39:26Z,1553003,https://www.youtube.com/watch?v=8emVCG1Jrnc
r3rVGrTknIk,New video of &#39;QAnon Shaman&#39; at Capitol riot angers judge,"CNN's Brian Todd reports on newly released video of the ""QAnon Shaman"" Jacob Chansley walking into the Capitol. The footage angered the judge after Chansley lied in a ""60 Minutes"" interview and said police waved rioters in on January 6th.

#CNN #News",2021-03-16T23:59:12Z,2391972,https://www.youtube.com/watch?v=r3rVGrTknIk
WN5u1T4iXF8,The Allure of QAnon for a U.S. Immigrant | The New Yorker Documentary,"Roughly 50 million Americans are thought to believe in ideas associated with the conspiracy theory QAnon. In the documentary “We Call Him Super,” the director Michael Patten tells the story of his next-door neighbor. 

Still haven’t subscribed to The New Yorker on YouTube ►► 
http://bit.ly/newyorkeryoutubesub
 


The Allure of QAnon for a U.S. Immigrant | The New Yorker Documentary",2022-03-02T17:00:07Z,7042,https://www.youtube.com/watch?v=WN5u1T4iXF8
AaB-XNwi1PM,Avlon: How China and Russia used QAnon against Americans,"CNN's John Avlon looks into how China and Russia used the QAnon conspiracy theory against the American people, according to a recent report.
#CNN #News #JohnAvlon",2021-04-22T17:19:57Z,82502,https://www.youtube.com/watch?v=AaB-XNwi1PM
HaSTzSIBgwg,The Social Media Algorithms Fueling QAnon | Jennifer Golbeck | TEDxMarin,"A look inside conspiracy theories, especially QAnon, and the role algorithms play in fueling these ideas across social media.  When fringe beliefs turn into a movement, our culture itself is at risk. Jen Golbeck is an expert on social media, artificial intelligence, and malicious online behavior which keeps her mucking around in the nasty bits of the internet. More info http://jengolbeck.com/index.html Jen Golbeck is a world leader in social media research and science communication. She began studying social media from the moment it emerged on the web a decade ago, and is one of the world's foremost experts in the field. Her research has influenced industry, government and the military. She is a pioneer in the field of social data analytics, discovering people's hidden attributes from their online behavior, and a leader in creating human-friendly security and privacy systems.

Her TED Talk, ""The Curly Fry Conundrum"", was named one of the most powerful talks of 2014 by TED.

In addition to her work as a professor at the University of Maryland, she writes for top online news organizations, including Slate and The Atlantic, and appears frequently on NPR and commercial talk radio.

Jen received an AB in Economics and an SB and SM in Computer Science at the University of Chicago, and a Ph.D. in Computer Science from the 
University of Maryland, College Park. She is an expert on social media, artificial intelligence, and malicious online behavior which keeps her mucking around in the nasty bits of the internet. More info http://jengolbeck.com/index.html This talk was given at a TEDx event using the TED conference format but independently organized by a local community. Learn more at https://www.ted.com/tedx",2021-10-06T01:08:51Z,984,https://www.youtube.com/watch?v=HaSTzSIBgwg
LyZl8omsmn8,Thomas Lennon on new movie &#39;Reno 911!: The Hunt for QAnon&#39;,"Dean Richards sits down with ""Reno 911"" actor Thomas Lennon",2022-01-11T18:21:02Z,894,https://www.youtube.com/watch?v=LyZl8omsmn8
awLgMJeD0Os,"Qanon, scoperti gli ideatori della teoria della cospirazione globale: ecco come è nata","QAnon è il movimento cospirazionista più diffuso al mondo. Un complessop sistema di fake news ha persuaso milioni di persone dell""    esistenza di uno stato parallelo costituito da poteri occulti dediti alla pedofilia e al satanismo. Ora, a distanza di cinque anni dalla pubblicazione del primo messaggio dell""    ideatore di questa teoria, due team di detective hanno scoperto l""    identità di ""    mister Q""    , sono due uomini: un sudafricano e uno statunitense. Insieme animano un movimento ritenuto pericoloso perché in grado di attingere dalle paure e dal disagio per istigare comportamenti violenti. LEGGI L'ARTICOLO  (A cura di Sofia Gadici)",2022-02-22T11:13:56Z,2910,https://www.youtube.com/watch?v=awLgMJeD0Os
7e2dmzJd7yQ,&quot;QAnon Shaman&quot; (Jacob Angeli Chansley) Case Analysis,"This video answers the question: Can I analyze the case of the ""QAnon Shaman"" (Jacob Angeli Chansley)?  Support Dr. Grande on Patreon: https://www.patreon.com/drgrande

https://www.scribd.com/document/490820072/USA-vs-CHANSLEY-Gov-uscourts-azd-1258007-5-0

https://www.independent.co.uk/news/world/americas/qanon-jacob-chansley-arrest-trump-pardon-b1791365.html

https://www.channel4.com/news/meet-the-qanon-shaman-behind-the-horns-at-the-capitol-insurrection

https://www.washingtonpost.com/nation/2021/01/15/qanon-shaman-trump-kill-pardon/

https://www.foxnews.com/us/qanon-shaman-i-was-duped-by-trump

https://www.bbc.com/news/world-us-canada-55606044

https://www.azcentral.com/story/news/politics/arizona/2021/01/06/arizona-qanon-supporter-jake-angeli-joins-storming-u-s-capitol/6568513002/

https://www.rollingstone.com/culture/culture-news/man-pelosi-lectern-qanon-shaman-arrested-capitol-1112191/

https://www.cbsnews.com/news/jake-angeli-qanon-shaman-jail-triial-capitol-riots/

Would you like to listen to my content in podcast form? With my partners at Ars Longa Media, we released True Crime Psychology and Personality: Narcissism, Psychopathy and the Minds of Dangerous Criminals. Subscribe to it anywhere you listen to podcasts. 

I'm looking forward to putting more of my content into audio and developing new, original podcasts on mental health topics. Visit us online, and feel free to reach out with your questions or ideas by going to arslonga.media.  

Dr. Grande’s True Crime Psychology and Personality podcast: https://www.arslonga.media

Check out Dr. Grande’s merchandise at: https://teespring.com/stores/dr-grandes-store",2021-01-25T21:36:08Z,186515,https://www.youtube.com/watch?v=7e2dmzJd7yQ
7qlJMEUSSWU,"How QAnon, the bizarre pro-Trump conspiracy theory, took hold in right-wing circles online","QAnon, a baseless conspiracy theory, is fueled by right-wing outrage online and in the real world. The movement started when President Trump cryptically referred to the ""calm before the storm"" in October of 2017. Read more: https://wapo.st/2DZm7BV. Subscribe to The Washington Post on YouTube: https://wapo.st/2QOdcqK

Follow us:
Twitter: https://twitter.com/washingtonpost
Instagram: https://www.instagram.com/washingtonpost/
Facebook: https://www.facebook.com/washingtonpost/",2019-02-20T22:54:07Z,829280,https://www.youtube.com/watch?v=7qlJMEUSSWU
RLAL0rAD1TM,"Trump grilled on COVID-19, QAnon, personal finances at town hall","President Trump and Democratic nominee Joe Biden took part in separate televised town hall events Thursday night. The president was grilled on his coronavirus diagnosis, QAnon and his personal finances. CBS News correspondent Nikole Killion joins CBSN from the White House to discuss the biggest moments.",2020-10-16T16:22:54Z,272936,https://www.youtube.com/watch?v=RLAL0rAD1TM
bF6ExHfRjqk,&#39;Crowdsourced Crazy&#39;: Why The GOP&#39;s QAnon Problem Persists,"Despite none of the prophesies coming to be, many followers of the QAnon conspiracy theory still believe the absurd and false allegations about a cabal of Democrats who are cannabalistic pedophiles. MSNBC's Brian Williams discusses with Clint Watts.
» Subscribe to MSNBC: http://on.msnbc.com/SubscribeTomsnbc

About The 11th Hour with Brian Williams: Brian Williams delivers the latest updates on evolving news stories and places the major political events of the day into context for viewers. Broadcast live from New York, Williams' show convenes a dynamic panel of guests to offer a forward-thinking look at the critical stories that are expected to drive the conversation the following morning. Williams has also anchored MSNBC's special coverage around key political events and major breaking news stories as they occur domestically and around the world.

MSNBC delivers breaking news, in-depth analysis of politics headlines, as well as commentary and informed perspectives. Find video clips and segments from The Rachel Maddow Show, Morning Joe, Meet the Press Daily, The Beat with Ari Melber, Deadline: White House with Nicolle Wallace, Hardball, All In, Last Word, 11th Hour, and more.

Connect with MSNBC Online
Visit msnbc.com: http://on.msnbc.com/Readmsnbc
Subscribe to MSNBC Newsletter: http://MSNBC.com/NewslettersYouTube
Find MSNBC on Facebook: http://on.msnbc.com/Likemsnbc
Follow MSNBC on Twitter: http://on.msnbc.com/Followmsnbc
Follow MSNBC on Instagram: http://on.msnbc.com/Instamsnbc

#MSNBC #GOP #BrianWilliams",2021-05-28T04:45:00Z,90754,https://www.youtube.com/watch?v=bF6ExHfRjqk
Yb7YTarMtzI,QAnon: Former conspiracy theorist explains why she stopped believing - DailyMail TV,"A South Carolina mom not interested in politics has revealed how she was lured into QAnon conspiracy theories on TikTok when she lost her job during the pandemic.

Ashley Vanderbilt, 27, has broken her silence to share how she became so indoctrinated by the extreme right-wing conspiracy that even her four-year-old daughter Emmerson knew 'something was wrong with her mom.'

Before getting caught up in QAnon, Vanderbilt said she was passive with politics, didn't read the news and had always been someone 'that you just tell me what to do and I do it.'

She said she had always been a Republican as she grew up being told to be and was a Donald Trump supporter but ended up so far 'down the rabbit hole' she started viewing him as being above God.


Original Video: http://www.dailymail.co.uk/video/dailymailtv/video-2359502/Former-conspiracy-theorist-details-left-QAnon.html

Daily Mail Facebook: http://facebook.com/dailymail
Daily Mail IG: http://instagram.com/dailymail
Daily Mail Snap: https://www.snapchat.com/discover/Daily-Mail/8392137033
Daily Mail Twitter: http://twitter.com/MailOnline
Daily Mail Pinterest: http://pinterest.co.uk/dailymail
Daily Mail Google+: https://plus.google.com/+DailyMail

Get the free Daily Mail mobile app: http://dailymail.co.uk/mobile",2021-02-20T15:15:02Z,1228,https://www.youtube.com/watch?v=Yb7YTarMtzI
a_dMDE-BzNc,&#39;QAnon Shaman&#39; Jacob Chansley Sentenced To 41 Months In Prison,"Jacob Chansley, also known as the “QAnon Shaman,” has been sentenced to 41 months in prison after storming the Capitol on Jan. 6.

» Subscribe to MSNBC: http://on.msnbc.com/SubscribeTomsnbc

About: MSNBC is the premier destination for in-depth analysis of daily headlines, insightful political commentary and informed perspectives. Reaching more than 95 million households worldwide, MSNBC offers a full schedule of live news coverage, political opinions and award-winning documentary programming -- 24 hours a day, 7 days a week.

Connect with MSNBC Online
Visit msnbc.com: http://on.msnbc.com/Readmsnbc
Subscribe to MSNBC Newsletter: MSNBC.com/NewslettersYouTube
Find MSNBC on Facebook: http://on.msnbc.com/Likemsnbc
Follow MSNBC on Twitter: http://on.msnbc.com/Followmsnbc
Follow MSNBC on Instagram: http://on.msnbc.com/Instamsnbc

#QAnon #Shaman #JacobChansley",2021-11-17T17:22:44Z,175019,https://www.youtube.com/watch?v=a_dMDE-BzNc
W-2LLrq4SdI,How Facebook&#39;s algorithms are spreading QAnon conspiracies | 60 Minutes Australia,"Subscribe here: http://9Soci.al/chmP50wA97J Full Episodes: https://9now.app.link/uNP4qBkmN6 | Mind Games (2021)

In an interview with 60 Minutes, Author Mike Rothschild says the QAnon supporters are anybody who is looking for an easy answer to a complicated question. He believes social media sites like Facebook, use their algorithms to push people further down the QAnon rabbit hole.

WATCH more of 60 Minutes Australia: https://www.60minutes.com.au 
LIKE 60 Minutes Australia on Facebook: https://www.facebook.com/60Minutes9 
FOLLOW 60 Minutes Australia on Twitter: https://twitter.com/60Mins 
FOLLOW 60 Minutes Australia on Instagram: https://www.instagram.com/60minutes9

For forty years, 60 Minutes have been telling Australians the world’s greatest stories. Tales that changed history, our nation and our lives. Reporters Liz Hayes, Tom Steinfort, Tara Brown, Liam Bartlett and Sarah Abo look past the headlines because there is always a bigger picture. Sundays are for 60 Minutes.

#60MinutesAustralia",2021-03-16T06:00:09Z,32319,https://www.youtube.com/watch?v=W-2LLrq4SdI
xHoJbgl9h_w,Ex-QAnon follower: It&#39;s like a doomsday cult,"CNN's Brianna Keilar speaks with Jitarth Jadeja, who followed QAnon for two years, about how it appeals to its members and what happens now that ""The Storm"" never came. #CNN #News",2021-01-22T22:05:25Z,731371,https://www.youtube.com/watch?v=xHoJbgl9h_w
oi1StXx1p5M,What is QAnon Conspiracy Theory? Could it have impact on the US election? #UPSC #IAS,"UPSC IAS (Pre + Mains) LIVE Foundation batch, Visit https://bit.ly/39OS2Ic for all details. Batch starting from 11th July'22 | 8:00 AM 

Our ""UPSC IAS (Pre + Mains) Full LIVE Foundation Batch"" will aid your preparation in completing your Journey to LBSNAA. This course is meticulously designed to cover the exhaustive prelims-cum-mains syllabus.
The important course features are -
1. 900+ Hours of Live teaching by our faculties
2. One to one mentorship to keep you on track to achieve the target
3. Handmade and concise Lecture Notes, Handouts on static topics
4. MCQ based learning for every lecture to enhance retention
5. Answer writing program guided by our experienced faculties
6. Daily Current Affairs Programme (CAP) PDF + Videos covering multiple sources
7. Benchmarking of students through weekly revision tests for students
8. Prelims Test Series to make you battle ready for Prelims exam
9. Gyanvani sessions by senior bureaucrats, selected candidates and senior aspirants
10. CSAT Lectures to help to adapt with changing patterns of examination.
 
Special Benefits
# Course is now available at Rs.20500. Use Coupon Code ""LIVE"" at the time of checkout
 
Download the App to Subscribe to the Course - https://bit.ly/StudyIQAPP 
For More Information regarding the course, Visit: https://bit.ly/39OS2Ic  

For any doubt, Call 95-8004-8004 or Click here for Whatsapp Chat http://wa.me/919554443351
 
 
Gaurav Sir Courses - One-Stop Solution for Current Affairs of all Government Exams.
Gaurav Sir Current Affairs                                                   https://bit.ly/3jwDRsv
Complete Static GK by Dr. Gaurav Garg                      https://bit.ly/3O0FaxE
Banking Awareness (Static) by Dr Gaurav Garg          https://bit.ly/36dElAI
 
Vipan Sir Courses - Courses to help you gain an edge with MCQs preparation
10000 MCQs of GA by Vipan Sir                                        https://bit.ly/367qqMi
GS - Dr. Vipan Goyal                                                             https://bit.ly/3vbslbn
5000+ MCQs for BPSC (Bihar GK + India GS)               https://bit.ly/3uCr9Pe
5000+ MCQs for OPSC (Odisha GK + India GS)            https://bit.ly/37gtVR5
5000+ MCQs for UPPSC (UP GK + India GS)                https://bit.ly/3JB7fZa
5000+ MCQs for MPPSC (MP GK + India GS)               https://bit.ly/3rnyy2O

State PSCs
State Courses cover the syllabus end to end including all Static and Current topics in depth.
In the static portion, special focus has been given to Polity, Economy, Geography and History.
Current affairs which form the backbone of the exam are regularly updated.
Click here to know more https://bit.ly/3ET2nxu
 
Judiciary Exams
Comprehensive coverage of syllabus of state judiciary exams with personalised support and answer writing practice.
Click here to know more: https://bit.ly/3xQign3
 
UPSC Optionals
Optionals can make or break your chances to get selected for exams.
Click here to know more: https://bit.ly/3k6LCFE
 
SSC Exams https://bit.ly/3viQk9A
 
Banking & Insurance https://bit.ly/3OBGQhs
 
Defence Exams https://bit.ly/3keznHl
 
RBI & SEBI Exams https://bit.ly/3xWgmBp
 
Railways Exams https://bit.ly/3xWlLZ1
 
SSC JE Exams https://bit.ly/3KoPRXQ
 
DMRC Exams https://bit.ly/38qSWt0
 
GATE Exams https://bit.ly/3KlCeZB
 
Professional Courses https://bit.ly/38rfYQw
 
NABARD and Agri Exams https://bit.ly/3LgTv7o
 
UGC Net https://bit.ly/3EOgO6h
 
#StudyIQ_Launched_UPSC_LIVE_Batch #Download_StudyIQ_App",2020-08-17T10:15:25Z,88582,https://www.youtube.com/watch?v=oi1StXx1p5M
bLOW1RvLQHo,Lauren Boebert references QAnon conspiracy about Tom Hanks in tweet,Lauren Boebert is running for Congress in Colorado's House District 3. She beat incumbent Scott Tipton in the primary.,2020-08-19T00:18:09Z,23709,https://www.youtube.com/watch?v=bLOW1RvLQHo
JovkktIip0k,"When Family and Friends Fall Down the QAnon Rabbit Hole, Can They Be Rescued? | NBCLX","As QAnon and other conspiracy theories spread online, more people are losing friends and family to these cult-like networks of misinformation. NBCLX storyteller Cody Broadway talked to people who have lost loved ones to conspiracies, and to experts like Mick West, author of “Escaping the Rabbit Hole” about how people get caught in this web — and whether it’s possible to get them back. 

Subscribe: https://www.youtube.com/nbclx?sub_confirmation=1

Find us on Instagram: https://www.instagram.com/nbclx/
Find us on Twitter: https://twitter.com/nbclx
Find us on Facebook: https://www.facebook.com/NBCLX/
Visit our website: https://www.lx.com/

ABOUT NBCLX:

Every story is local. 

We are passionate and engaged storytellers with a mission to inform and inspire. NBCLX stories will focus on depth and context, the kind of stories that can make everyone feel connected and encouraged to shape the world around them.

When Family and Friends Fall Down the QAnon Rabbit Hole, Can They Be Rescued? | NBCLX
https://youtu.be/JovkktIip0k

#NBCLX",2021-02-04T12:30:01Z,1929,https://www.youtube.com/watch?v=JovkktIip0k
m9F3ayPoDIA,QAnon Explained: How The Conspiracy Became Mainstream - TLDR News,"QAnon is a conspiracy theory that's been around for a few years now, but since COVID the theory seems to have really taken off. Believers think there's a secret underground group of people committing horrific crimes and that Trump's the only person who can stop them. In this video, we explain the theory, but more importantly how it took off and the social media platforms that allowed the theory to become mainstream.

Follow TLDR on Facebook: http://www.facebook.com/tldrnewsus
Follow TLDR on Instagram: http://www.instagram.com/tldrnewsus
Follow TLDR on Twitter: https://twitter.com/tldrnewsus
Discord: https://discord.gg/BMrk6MC

Support TLDR on Patreon: http://www.patreon.com/tldrnews
TLDR News Store: https://www.tldrnews.co.uk/store
TeeSpring Store: https://teespring.com/en-GB/stores/tldr-news-us
Donate by PayPal: https://tldrnews.co.uk/funding
Learn About Our Funding: https://tldrnews.co.uk/funding

TLDR is a super small company, run by few people with the help of some amazing volunteers. We are primarily fan sourced with most of our funding coming from donations and ad revenue. No shady corporations, no one telling us what to say. We can't wait to grow further and help more people get informed. Help support us by subscribing, following and backing on Patreon. Thanks!


////////////////////////////////////////

1 - https://www.dailydot.com/debug/qanon-failed-predictions/
2 - https://arxiv.org/pdf/1912.11211.pdf
3 - https://www.nytimes.com/2018/03/10/opinion/sunday/youtube-politics-radical.html
4 - https://www.buzzfeednews.com/article/skbaer/qanon-believer-arrested-hoover-dam
5 - https://www.newsbreak.com/new-york/new-york/news/1557512969857/nypd-arrests-qanon-conspiracist-who-allegedly-threatened-to-kill-joe-biden-had-car-full-of-knives",2020-08-28T14:00:28Z,198697,https://www.youtube.com/watch?v=m9F3ayPoDIA
L4DkztDjlak,Reformed Neo-Nazi Explains How People Fall Prey to QAnon Online | MSNBC,"Shannon Foley-Martinez, a former violent white supremacist now working to extract others from extremist groups, says QAnon attracts people looking for a meaningful connection and a way to navigate a world that feels unsafe.» Subscribe to MSNBC: http://on.msnbc.com/SubscribeTomsnbc

MSNBC delivers breaking news, in-depth analysis of politics headlines, as well as commentary and informed perspectives. Find video clips and segments from The Rachel Maddow Show, Morning Joe, Meet the Press Daily, The Beat with Ari Melber, Deadline: White House with Nicolle Wallace, Hardball, All In, Last Word, 11th Hour, and more.

Connect with MSNBC Online
Visit msnbc.com: http://on.msnbc.com/Readmsnbc
Subscribe to MSNBC Newsletter: http://http://MSNBC.com/NewslettersYouTube
Find MSNBC on Facebook: http://on.msnbc.com/Likemsnbc
Follow MSNBC on Twitter: http://on.msnbc.com/Followmsnbc
Follow MSNBC on Instagram: http://on.msnbc.com/Instamsnbc


Reformed Neo-Nazi Explains How People Fall Prey to QAnon Online | MSNBC",2020-09-06T22:59:41Z,1584840,https://www.youtube.com/watch?v=L4DkztDjlak
enyep7yAKxY,Trump again refuses to denounce QAnon,"President Donald Trump doubled down on his refusal to denounce QAnon conspiracy theorists, saying in a nationally televised town hall that ""they are very much against pedophilia"" and he agrees with that sentiment.
In a heated exchange, NBC News' Savannah Guthrie asked Trump if he could state that the prevailing conspiracy devised by QAnon was not true.
""I know nothing about QAnon,"" Trump responded.
""I just told you,"" Guthrie said.
Trump fired back, saying, ""What you tell me doesn't necessarily make it fact.""
QAnon's main conspiracy theories -- none based in fact -- claim dozens of Satan-worshipping politicians and A-list celebrities work in tandem with governments around the globe to engage in child sex abuse. Followers also believe there is a ""deep state"" effort to annihilate Trump and that the President is secretly working to bust these pedophilic cabals.
The President claimed that all he knows about the movement, which has had a prevalent presence at his campaign rallies, is that ""they are very much against pedophilia"" and that he agrees with that sentiment.
Followers of the group -- which has been labeled a domestic terror threat by the FBI -- have also peddled baseless theories surrounding mass shootings and elections and have falsely claimed that 5G cellular networks are spreading the coronavirus.
During the town hall, the President also tried to separate himself from his recent retweet of a conspiracy theory from an account linked to QAnon, which baselessly claimed that former Vice President Joe Biden orchestrated to have Seal Team Six killed to cover up the fake death of al Qaeda founder Osama bin Laden.
""I know nothing about it,"" Trump claimed. ""That was a retweet -- that was an opinion of somebody. And that was a retweet. I'll put it out there. People can decide for themselves.""
But Guthrie responded: ""I don't get that. You're the President. You're not like someone's crazy uncle who can retweet whatever.""
Trump has frequently used his social media platform to promote various QAnon-associated accounts and their related theories. He previously refused to condemn the group in August and went so far as to embrace their support.
""I don't know much about the movement other than I understand they like me very much, which I appreciate,"" Trump said in August.
""I have heard that it's gaining in popularity,"" Trump said, suggesting QAnon followers approved of how he'd handled social unrest in places such as Portland, Oregon. ""I've heard these are people that love our country and they just don't like seeing it.""

#Trump #DanaBash #CNN",2020-10-16T02:35:40Z,610923,https://www.youtube.com/watch?v=enyep7yAKxY
OvPrhQ_0GfM,Meet The White Women Empowering QAnon Part 2,"If you thought Mary Kay was the most dangerous thing recruiting white women, think again! Thanks to Instagram-friendly, Mom-approved branding, QAnon is attracting more white women than ever, from suburban housewives to Congresswomen. And much like a Crate and Barrel Black Friday sale, this could turn deadly. This is part 2 of 2. 

Watch Full Frontal with Samantha Bee all new Wednesdays at 10:30/ 9:30c on TBS!

Subscribe: https://www.youtube.com/fullfrontalsamb?sub_confirmation=1

Follow Full Frontal with Samantha Bee:
Twitter: https://twitter.com/FullFrontalSamB
Facebook: https://www.facebook.com/fullfrontalsamb/
Instagram: https://www.instagram.com/fullfrontalsamb/

SamBee.com

#SamanthaBee
#FullFrontalSamB",2021-03-11T03:45:00Z,395326,https://www.youtube.com/watch?v=OvPrhQ_0GfM
_VJG91FQpJ4,QAnon Conspiracy Theorists Increase Their Presence At Donald Trump Rallies | The Last Word | MSNBC,"Pro-Trump conspiracy theorists QAnon were out in full force at Trump's recent Michigan rally. NBC News reporter Ben Collins explains what QAnon is and why they believe Trump will take down the ""deep state.""
» Subscribe to MSNBC: http://on.msnbc.com/SubscribeTomsnbc

MSNBC delivers breaking news and in-depth analysis of the headlines, as well as informed perspectives. Find video clips and segments from The Rachel Maddow Show, Morning Joe, Hardball, All In, Last Word, 11th Hour, and more.

Connect with MSNBC Online
Visit msnbc.com: http://on.msnbc.com/Readmsnbc
Subscribe to MSNBC Newsletter: MSNBC.com/NewslettersYouTube
Find MSNBC on Facebook: http://on.msnbc.com/Likemsnbc
Follow MSNBC on Twitter: http://on.msnbc.com/Followmsnbc
Follow MSNBC on Instagram: http://on.msnbc.com/Instamsnbc

QAnon Conspiracy Theorists Increase Their Presence At Donald Trump Rallies | The Last Word | MSNBC",2019-03-30T04:00:01Z,137079,https://www.youtube.com/watch?v=_VJG91FQpJ4
1Cylk43dcVs,Brianna Keilar slams Sean Hannity after his QAnon comments,"CNN's Brianna Keilar rolls the tape on Fox News host Sean Hannity's comments on QAnon, where he claims ""not a single conservative"" shares conspiratorial beliefs despite promoting numerous conspiracies on his prime time show.

The Trump wing just keeps sinking deeper into conspiracy theories
https://www.cnn.com/2021/07/27/politics/donald-trump-joe-biden-mike-lindell-ronny-jackson/index.html

#BriannaKeilar #CNN #Newsroom",2021-02-05T21:24:25Z,2781744,https://www.youtube.com/watch?v=1Cylk43dcVs
yA4NgY3T6fA,How Jan. 6 Changed One Man&#39;s Path Away From QAnon,"NBC's Brandy Zadrozny spoke to a man who was a believer in the QAnon conspiracy until the events of the January 6 Capitol riot began to change his path away from conspiracy theories.» Subscribe to NBC News: http://nbcnews.to/SubscribeToNBC
» Watch more NBC video: http://bit.ly/MoreNBCNews

NBC News Digital is a collection of innovative and powerful news brands that deliver compelling, diverse and engaging news stories. NBC News Digital features NBCNews.com, MSNBC.com, TODAY.com, Nightly News, Meet the Press, Dateline, and the existing apps and digital extensions of these respective properties.  We deliver the best in breaking news, live video coverage, original journalism and segments from your favorite NBC News Shows.


Connect with NBC News Online!
NBC News App: https://smart.link/5d0cd9df61b80
Breaking News Alerts: https://link.nbcnews.com/join/5cj/breaking-news-signup?cid=sm_npd_nn_yt_bn-clip_190621
Visit NBCNews.Com: http://nbcnews.to/ReadNBC
Find NBC News on Facebook: http://nbcnews.to/LikeNBC
Follow NBC News on Twitter: http://nbcnews.to/FollowNBC


#Jan6th #CapitolRiot #QAnon


How Jan. 6 Changed One Man's Path Away From QAnon",2022-01-19T18:16:49Z,4273,https://www.youtube.com/watch?v=yA4NgY3T6fA
qUxkONMfW6U,Her QAnon parents say she’s brainwashed. Listen to her plea,"This woman says her parents are becoming unrecognizable as they follow QAnon religiously. Listen as she reads a letter to a therapist about what it’s like to be seen as an “idiot” by her own family for rejecting the conspiracy theory.

Producers: Melody Shih, Kelly Fynn, Zach Wasser, John General 
Supervising Producer: Logan Whiteside

#CNN
#News
#QAnon",2021-03-16T13:24:23Z,195393,https://www.youtube.com/watch?v=qUxkONMfW6U
kgp_4ThZ7BE,QAnon: One year on from the Capitol Hill insurrection,"Opinion Writer Liam Gilliver goes down the QAnon rabbit hole: https://www.mirror.co.uk/tv/tv-news/i-fell-down-qanon-rabbit-25639882

Climate change is a hoax, the world is flat, 5G is killing us and the Covid vaccines contain teeny microchips so Bill Gates can track us all.

We've all heard these conspiracy theories at some point. But most of us don't even entertain their validity - or lack of.

They're wildly hyperbolic, defy scientific consensus and just seem inherently conspiracy-like. And so, after their five minutes of fame, they exit our minds and fall into irrelevance.

But there's one conspiracy that has managed to push its way into the mainstream and stay there - dragging with it some pretty disturbing consequences.

I'm talking about QAnon, which in the space of four years has managed to rake up a cult-like following in America and take the grimier corners of the internet by storm.

This is the official home of the Mirror on YouTube. Bringing you the best news, entertainment and real life stories from The Heart of Britain.

Follow our pages: http://www.mirror.co.uk/social

Sign up for our newsletters: https://www.mirror.co.uk/email

Music: Intuit256 by Kevin MacLeod is licensed under a Creative Commons Attribution 4.0 licence. https://creativecommons.org/licenses/by/4.0/

Source: http://incompetech.com/music/royalty-free/index.html?isrc=USUAN1100193

Artist: http://incompetech.com/",2022-01-06T08:57:08Z,318,https://www.youtube.com/watch?v=kgp_4ThZ7BE
trB06rINhKI,Meet the ‘QAnon shaman’ behind the horns at the Capitol insurrection,"While there'll be many people breathing a sigh of relief that Donald Trump has left the White House - millions of his supporters still don't accept the fact of his defeat, and Americans are now divided not so much by their support for different politicians but more by their belief in polar opposite versions of the truth. (Subscribe: https://bit.ly/C4_News_Subscribe)

Jake Angeli was one of the rioters who stormed the Capitol - he's now facing multiple charges for his role in the attack which left five people dead. Photographs of him, clad in horns and fur was one of the more bizzare and defining images of that day. But what drives someone like him? 

The filmmaker Alex Lockett came across Angeli before the election in his home town of Phoenix Arizona and followed him for several weeks - here's what happened next - narrated by Krishnan Guru-Murthy.

Filmed and Directed by Alex Lockett. Edited by Aggie Liggett. Produced by Amy Howerska.

Researchers: Talah Kaddourah, Ashley Markle and Isobel Ray. Field assistant: Travis Upright. Executive Producer: Nevine Mabro. 

-----

Watch more of our explainer series here - https://www.youtube.com/playlist?list=PLXjqQf1xYLQ6bu-iixvoFTVsiXQVlVniX
Get more news at our site - https://www.channel4.com/news/ 

Follow us:
Facebook - https://www.facebook.com/Channel4News/
Twitter - https://twitter.com/Channel4News",2021-01-21T19:13:06Z,406521,https://www.youtube.com/watch?v=trB06rINhKI
Hs7UZ5y4L_8,"QAnon Supporters Gathered in Dallas, Expecting JFK Jr. to Reappear","Hundreds of Trump and QAnon supporters gathered Tuesday along the Grassy Knoll in Dallas, the site of the assassination of President John F. Kennedy, believing the president's late son, John F. Kennedy Jr., would miraculously reappear and that he would help former President Donald Trump reclaim power. 

#QAnon #JFK #JFKJr

---

Daily Blast LIVE: Your Daytime Destination.

Live on TV. Live Streaming. | DailyBlastLive.com | Check Your Local Listings 

Join the conversation and share your #DBLtake! 

Monday - Friday
12:30  p.m. - 1 p.m. ET
1:30 p.m. - 5 p.m. ET
7:30 p.m. - 8 p.m. ET",2021-11-03T20:30:02Z,12555,https://www.youtube.com/watch?v=Hs7UZ5y4L_8
dz9oI7ugqRQ,Arizona&#39;s QAnon candidate hits the campaign trail in Prescott,"Experts say Ron Watkins has been the leading influencer of the far-right political conspiracy theory, QAnon. Watkins is running for Congress, hoping to represent northern Arizona. He held a campaign rally on Tuesday in Prescott.

Stay connected with 12 News
---------------------------------------------------------------------------------------------------
Website: https://12News.com
Email: https://12news.com/email
Facebook: https://www.facebook.com/12news/
Twitter: https://twitter.com/12News
Instagram: https://www.instagram.com/12newsaz/
---------------------------------------------------------------------------------------------------",2022-02-02T01:13:51Z,3828,https://www.youtube.com/watch?v=dz9oI7ugqRQ
8XsaFuEXRV4,QAnon Has Moved Off the Internet and Is Coming For Congress,"The November ballot is starting to get crowded with candidates tied to QAnon.

Subscribe to VICE News here: http://bit.ly/Subscribe-to-VICE-News

Check out VICE News for more: http://vicenews.com

Follow VICE News here:
Facebook: https://www.facebook.com/vicenews
Twitter: https://twitter.com/vicenews
Tumblr: http://vicenews.tumblr.com/
Instagram: http://instagram.com/vicenews
More videos from the VICE network: https://www.fb.com/vicevideo",2020-09-02T22:00:01Z,1039459,https://www.youtube.com/watch?v=8XsaFuEXRV4
GtSQvYlLweM,Biden Warns &#39;Bizarre&#39; QAnon Conspiracies Are &#39;Deconstruction&#39; Of Democratic System | MSNBC,"Democratic candidate Joe Biden criticizes President Trump’s for not publicly rejecting QAnon conspiracy theories. Aired on 09/04/2020.
» Subscribe to MSNBC: http://on.msnbc.com/SubscribeTomsnbc

MSNBC delivers breaking news, in-depth analysis of politics headlines, as well as commentary and informed perspectives. Find video clips and segments from The Rachel Maddow Show, Morning Joe, Meet the Press Daily, The Beat with Ari Melber, Deadline: White House with Nicolle Wallace, Hardball, All In, Last Word, 11th Hour, and more.

Connect with MSNBC Online
Visit msnbc.com: http://on.msnbc.com/Readmsnbc
Subscribe to MSNBC Newsletter: http://MSNBC.com/NewslettersYouTube
Find MSNBC on Facebook: http://on.msnbc.com/Likemsnbc
Follow MSNBC on Twitter: http://on.msnbc.com/Followmsnbc
Follow MSNBC on Instagram: http://on.msnbc.com/Instamsnbc

Biden Warns 'Bizarre' QAnon Conspiracies Are 'Deconstruction' Of Democratic System | MSNBC",2020-09-04T17:57:35Z,134878,https://www.youtube.com/watch?v=GtSQvYlLweM
-4vb6UWhf3o,Is QAnon a game gone wrong? | FT Film,"Izabella Kaminska explains how QAnon stems from the worlds of online gaming and Playboy magazine.  It's not a conspiracy. It’s a way to hack reality. Read more at: https://on.ft.com/2Hdmvkw

Produced by Tom Hannen

See if you get the FT for free as a student (http://ft.com/schoolsarefree) or start a £1 trial: https://subs.ft.com/spa3_trial?segmentId=3d4ba81b-96bb-cef0-9ece-29efd6ef2132

► Check out our Community tab for more stories or to suggest videos.
► Listen to our podcasts: https://www.ft.com/podcasts
► Follow us on Instagram: https://www.instagram.com/financialtimes",2020-10-16T05:25:04Z,79014,https://www.youtube.com/watch?v=-4vb6UWhf3o
utNYSivVlJ4,‘QAnon Congresswoman’ Marjorie Taylor Green Roasted by ‘SNL’,"Rep. Marjorie Taylor Greene was lampooned over the weekend on “Saturday Night Live.” Greene, who believes in the QAnon conspiracy theory, once posted on Facebook that the deadly 2018 California wildfires were started by Jewish space lasers — just one of the Georgia congresswoman’s bizarre beliefs spoofed by “SNL” cast member Cecily Strong. Greene also reportedly believes that the school shooting at Stoneman Douglas High School in Parkland, Florida, in which 17 were killed, was faked. It was not. #InsideEdition",2021-02-01T23:18:13Z,100985,https://www.youtube.com/watch?v=utNYSivVlJ4
agrl6P5mWT8,&#39;QAnon Shaman&#39; Sentenced To 41 Months For Role In Jan. 6 Riots,"Jacob Chansely also known as the ""QAnon Shaman"" was sentenced to more than three years in prison for his role in the January 6th riots at the U.S. Capitol. NBC News' Pete Williams reports.

» Subscribe to NBC News: http://nbcnews.to/SubscribeToNBC
» Watch more NBC video: http://bit.ly/MoreNBCNews

NBC News Digital is a collection of innovative and powerful news brands that deliver compelling, diverse and engaging news stories. NBC News Digital features NBCNews.com, MSNBC.com, TODAY.com, Nightly News, Meet the Press, Dateline, and the existing apps and digital extensions of these respective properties.  We deliver the best in breaking news, live video coverage, original journalism and segments from your favorite NBC News Shows.

Connect with NBC News Online!
NBC News App: https://smart.link/5d0cd9df61b80
Breaking News Alerts: https://link.nbcnews.com/join/5cj/breaking-news-signup?cid=sm_npd_nn_yt_bn-clip_190621
Visit NBCNews.Com: http://nbcnews.to/ReadNBC
Find NBC News on Facebook: http://nbcnews.to/LikeNBC
Follow NBC News on Twitter: http://nbcnews.to/FollowNBC

#QAnon #Jan6 #CapitolRiot",2021-11-18T04:30:00Z,52950,https://www.youtube.com/watch?v=agrl6P5mWT8
wYDMTCqZ0XU,Former QAnon follower: I really believe it&#39;s a cult,"Former QAnon believer Melissa Rein Lively speaks to CNN's Alisyn Camerota about how she fell into the conspiracy theories, her darkest moment, coming to see the light and helping others find their way out as well.
#CNN #News",2021-02-08T16:01:56Z,503774,https://www.youtube.com/watch?v=wYDMTCqZ0XU
isucCrzOh3M,Is QAnon Responsible For The Jan 6 Capitol Hill Riots? | The Cult of Conspiracy: QAnon | BBC Select,"In this compelling political documentary on BBC Select, the conspiracy theories of the online group QAnon are revealed and explored. It follows the people at the forefront of the conspiracy movement and asks who exactly is steering it and what their motivations might be.

BBC Select is the new home for documentaries. Available in the U.S and Canada. Find out more and start your free trial: https://bit.ly/3kwM3bU

Follow us on social media 📲💻
Facebook: https://bit.ly/37UXpBn 
Twitter: https://bit.ly/3dSUqxc
Instagram: https://bit.ly/3uEVieL",2021-12-30T16:04:08Z,1784,https://www.youtube.com/watch?v=isucCrzOh3M
IvCDqvthiCo,What Is QAnon: When Social Media Conspiracies Spark Real Violence | Bad Influence,"What Is QAnon? How did the movement that began with a sick joke end in a deadly riot at our nation’s Capitol? Here’s how the social media echo chamber brought QAnon to life.
» Subscribe to NowThis: http://go.nowth.is/News_Subscribe
» Sign up for our newsletter KnowThis to get the biggest stories of the day delivered straight to your inbox: https://go.nowth.is/KnowThis

For more on the dark side of the internet, check out ‘Onision in Real Life’ exclusively on discovery+.

For more episodes of Bad Influence, subscribe to NowThis News.

#QAnon #MarjorieTaylorGreene #Pizzagate #Trump #News #NowThis

Connect with NowThis
» Like us on Facebook: http://go.nowth.is/News_Facebook
» Tweet us on Twitter: http://go.nowth.is/News_Twitter
» Follow us on Instagram: http://go.nowth.is/News_Instagram
» Find us on Snapchat Discover: http://go.nowth.is/News_Snapchat

NowThis is your premier news outlet providing you with all the videos you need to stay up to date on all the latest in trending news. From entertainment to politics, to viral videos and breaking news stories, we’re delivering all you need to know straight to your social feeds. We live where you live.

http://www.youtube.com/nowthisnews
@nowthisnews",2021-06-18T22:00:07Z,49639,https://www.youtube.com/watch?v=IvCDqvthiCo
d-IZwugU6NE,Did the PM try to keep his ties with a QAnon supporter secret? | 7.30,"This week, Four Corners aired an episode detailing links between Prime Minister Scott Morrison and a man who supports QAnon - a group the FBI considers has the potential for domestic terrorism. The report detailed concerns about the radicalisation of Tim Stewart, who is a close friend of the PM and whose wife Lynelle worked at Kirribilli House.

Among the revelations were that the Stewarts were due to be on the PM’s controversial Hawaii holiday and a claim of influence over Prime Minister. Chief political correspondent Laura Tingle reports.

Subscribe: http://ab.co/1svxLVE  

ABC News provides around the clock coverage of news events as they break in Australia and abroad, including the latest coronavirus pandemic updates. It's news when you want it, from Australia's most trusted news organisation.

For more from ABC News, click here: https://ab.co/2kxYCZY
Watch more ABC News content ad-free on iview: https://ab.co/2OB7Mk1

Go deeper on our ABC News In-depth channel: https://ab.co/2lNeBn2
Like ABC News on Facebook: http://facebook.com/abcnews.au
Follow ABC News on Instagram: http://instagram.com/abcnews_au
Follow ABC News on Twitter: http://twitter.com/abcnews

#ABCNews #ABCNewsAustralia",2021-06-16T01:15:02Z,6980,https://www.youtube.com/watch?v=d-IZwugU6NE
PkvDJm_4Pjo,QAnon casualties: Families torn apart by conspiracy theory,"“My mom initially thought that my dad was developing Alzheimer's,"" says the daughter of a QAnon follower. ** Subscribe to WUSA9: https://bit.ly/2lO8e2F

FOLLOW US ON SOCIAL MEDIA –
Twitter: https://twitter.com/wusa9
Facebook: https://www.facebook.com/wusa9
Instagram: https://www.instagram.com/wusa9

NEWS TIPS –
Email: newstips@wusa9.com",2021-05-11T18:57:19Z,2517,https://www.youtube.com/watch?v=PkvDJm_4Pjo
uhibVl0m8FM,"Trump refuses to denounce QAnon, fields questions about health in combative town hall","In his televised NBC News town hall in Miami, President Trump was combative as he faced tough questions on his handling of the coronavirus pandemic, his views on a conspiracy movement and his taxes. Nikole Killion reports.",2020-10-16T12:07:29Z,310559,https://www.youtube.com/watch?v=uhibVl0m8FM
G-WCG_T9-bo,Borat Learns About The &#39;Dangers Of The Democrats&#39; | Borat: Subsequent Moviefilm | Prime Video,"Borat is lucky enough to be taken in by ""two of America's greatest scientists"" where he learns about the dangers of the Democrats, how to kill the Coronavirus, and more!
» SUBSCRIBE: http://www.youtube.com/channel/UCwSIJCMWZC5GDM59wj7pMsg?sub_confirmation=1

Get More Prime Video: 
Watch More: http://bit.ly/WatchPrimeVideoUKNow
Facebook: http://bit.ly/PrimeVideoUKFacebook
Twitter: http://bit.ly/PrimeVideoUKTwitter
Instagram: http://bit.ly/PrimeVideoUKInstagram

About Prime Video:
Want to watch it now? We've got it. This week's newest movies, last night's TV shows, classic favourites, and more are available to stream instantly, plus all your videos are stored in Your Video Library. Over 150,000 movies and TV episodes, including thousands for Amazon Prime members at no additional cost.",2020-10-23T16:30:01Z,863064,https://www.youtube.com/watch?v=G-WCG_T9-bo
J0yqUUTiYLI,QAnon Founder’s Disgustingly Hypocritical Online History,"Jim Watkins, a QAnon conspiracy theorist and the old owner of the website forum Pink, is shown in archived messages taking a completely hands-off approach to moderating child porn and other related content on the website. Moderators repeatedly asked Watkins to help in handling the disgusting content to which he replied with indifference and a total lack of direct action. His son, Ron Watkins, claims to be the true QAnon, running for State Congress in Arizona. Cenk Uygur and Ana Kasparian discuss on The Young Turks. Watch LIVE weekdays 6-8 pm ET. http://youtube.com/theyoungturks/live

Read more HERE:  
https://www.motherjones.com/politics/2022/05/qanon-jim-watkins-pink-pedophilic-links/

""The QAnon conspiracy has always stood on a morbidly ironic contradiction: “Q,” the pseudonymous poster who claimed to be a government insider batlling elite liberal pedophiles, infamously became a phenomenon by posting on 8chan, a website where users had allegedly established a child porn swapping network.

8chan’s proprietor is Jim Watkins—an American but often Philippines-based pornographer, pig farmer, and internet forum entrepreneur. Over the years, Watkins and his team took special steps to keep the Q posts coming and purportedly verify their provenance, ensuring the poster’s continued access to their followers. While 8chan’s historic association with child sexual abuse material is familiar to close observers of the QAnon conspiracy, Mother Jones has reviewed a little-known archive documenting conversations in the moderation channel of Pink, an earlier internet forum, that capture Watkins, the site’s administrator, pushing for a hands-off approach to the moderation of child porn-related content there. Entries in the archive, created between 2004 and 2018, show he was slow to address concerns about child pornography and sometimes dismissed advice from moderators seeking to stop the spread of potentially illegal content. They repeatedly record moderators of Watkins’ forum coming to him for advice on how to handle issues related to child sex abuse material and pedophilic content, and Watkins responding with blasé indifference.""

*** 

The largest online progressive news show in the world. Hosted by Cenk Uygur and Ana Kasparian. LIVE weekdays 6-8 pm ET. 

Help support our mission and get perks. Membership protects TYT's independence from corporate ownership and allows us to provide free live shows that speak truth to power for people around the world. See Perks: ▶ https://www.youtube.com/TheYoungTurks/join


SUBSCRIBE on YOUTUBE: ☞ http://www.youtube.com/subscription_center?add_user=theyoungturks
FACEBOOK: ☞ http://www.facebook.com/TheYoungTurks
TWITTER: ☞ http://www.twitter.com/TheYoungTurks
INSTAGRAM: ☞ http://www.instagram.com/TheYoungTurks
TWITCH: ☞ http://www.twitch.com/tyt

👕 Merch: http://shoptyt.com

❤ Donate: http://www.tyt.com/go

🔗 Website: https://www.tyt.com

📱App: http://www.tyt.com/app

📬 Newsletters: https://www.tyt.com/newsletters/


If you want to watch more videos from TYT, consider subscribing to other channels in our network:



The Damage Report ▶ https://www.youtube.com/thedamagereport

TYT Sports ▶ https://www.youtube.com/tytsports

The Conversation ▶ https://www.youtube.com/tytconversation

Rebel HQ ▶ https://www.youtube.com/rebelhq

TYT Investigates ▶ https://www.youtube.com/channel/UCwNJt9PYyN1uyw2XhNIQMMA


#TYT #TheYoungTurks #BreakingNews

220516__TB03_Exposed_Q_Founder",2022-05-22T22:00:05Z,64051,https://www.youtube.com/watch?v=J0yqUUTiYLI
VH9ukM11INY,Judge sentences &#39;QAnon Shaman&#39; Jacob Chansley for role in Capitol riot,"CNN's Chris Cuomo and Attorney Albert Watkins discuss his client Jacob Chansley, who was sentenced to 41 months in prison for his role in the US Capitol riot.

#CNN #News",2021-11-19T02:42:41Z,276206,https://www.youtube.com/watch?v=VH9ukM11INY
4txKoYKYvHY,"Unholy alliance: Trump, evangelicals and QAnon  | The Bottom Line","Jeff Sharlet, executive producer of the Netflix docudrama, The Family, talks to Steve Clemons about the ""born again"" movement - the biggest voting bloc in the United States.

About one in three Americans consider themselves to be evangelicals, and despite the differences between them, they agree that the US should be a Christian nation.

President Donald Trump considers evangelicals to be the majority of his ""base"", and has focused his energy on the culture war, appointing conservative judges and supporting the Israeli government. Last month he said he moved the US embassy in Israel to Jerusalem ""for the Evangelicals"".

- Subscribe to our channel: http://aje.io/AJSubscribe 
- Follow us on Twitter: https://twitter.com/AJEnglish 
- Find us on Facebook: https://www.facebook.com/aljazeera 
- Check our website: https://www.aljazeera.com/",2020-09-17T14:10:45Z,174851,https://www.youtube.com/watch?v=4txKoYKYvHY
WiM_VlEnFpw,QAnon Lies Are Going Mainstream Thanks to Trump | NowThis,"QAnon lies are going mainstream faster than ever — all with the help of you know who. If you still don’t understand the threat QAnon poses to our democracy, watch this.
» Subscribe to NowThis: http://go.nowth.is/News_Subscribe
» Sign up for our newsletter KnowThis to get the biggest stories of the day delivered straight to your inbox: https://go.nowth.is/KnowThis

For more U.S. politics, Trump news, and world news, subscribe to NowThis News.

#QAnon #Trump #News #NowThis #NowThisNews

Connect with NowThis
» Like us on Facebook: http://go.nowth.is/News_Facebook
» Tweet us on Twitter: http://go.nowth.is/News_Twitter
» Follow us on Instagram: http://go.nowth.is/News_Instagram
» Find us on Snapchat Discover: http://go.nowth.is/News_Snapchat

NowThis is your premier news outlet providing you with all the videos you need to stay up to date on all the latest in trending news. From entertainment to politics, to viral videos and breaking news stories, we’re delivering all you need to know straight to your social feeds. We live where you live.

http://www.youtube.com/nowthisnews
@nowthisnews",2020-12-20T00:59:45Z,72585,https://www.youtube.com/watch?v=WiM_VlEnFpw
6LFnQ56U7Jo,O QUE É QANON,"Uma superteoria conspiratória capaz de unificar as mais perigosas fantasias dos extremistas de direita acaba de conquistar um lugar dentro da política dos Estados Unidos. Há quem ache essa história de QAnon engraçada e há quem saia que não existe teoria conspiratória inofesnsiva.
--
Essa é a campanha de financiamento coletivo que mantém esse canal no ar: https://goo.gl/koguaJ
--
E tem a nossa caixa postal 17905 CEP 80410-981
--
O Meteoro já caiu no facebook, no twitter e no instagram:
https://www.facebook.com/meteorobr/
https://twitter.com/meteoro_br
https://www.instagram.com/meteorobrasil/
--
Trilha sonora:
Sunday Joyride
https://www.youtube.com/watch?v=dIFS9...
Persona 3 - Maya",2021-01-05T17:43:15Z,194816,https://www.youtube.com/watch?v=6LFnQ56U7Jo
-J5rtcJlmz4,4 things to know about the QAnon conspiracy theory,"During President Trump’s rally on July 31, several attendees held or wore signs with a mysterious symbol, the letter “Q.” Here’s what you need to know about QAnon conspiracy theory. Read more: https://wapo.st/2KjXyzz. Subscribe to The Washington Post on YouTube: http://bit.ly/2qiJ4dy

Follow us:
Twitter: https://twitter.com/washingtonpost
Instagram: https://www.instagram.com/washingtonpost/
Facebook: https://www.facebook.com/washingtonpost/",2018-08-01T17:53:55Z,248814,https://www.youtube.com/watch?v=-J5rtcJlmz4
nsF1HczPhxE,Ethan Reacts to QAnon Conference | Channel 5,"WATCH US LIVE AT... https://www.twitch.tv/h3h3productions

Original video...  https://youtu.be/KYKOLwt8pwo

TEDDY FRESH...http://teddyfresh.com

Follow us on Social Media:
https://twitter.com/h3h3productions
https://www.instagram.com/h3h3productions
https://twitter.com/theh3podcast

Follow Teddy Fresh Social Media:
https://teddyfresh.com
https://instagram.com/teddyfresh
https://twitter.com/teddyfresh",2021-08-01T17:07:07Z,227293,https://www.youtube.com/watch?v=nsF1HczPhxE
tpRVWeMsoaE,Marjorie Taylor Greene Gets Punished by House and Disavows QAnon | The Daily Social Distancing Show,"Despite publicly disavowing QAnon, the House votes to remove Marjorie Taylor Greene from her committees while GOP lawmakers continue to stand by her. #DailyShow #TrevorNoah #MajorieTaylorGreene

Support Color of Change’s efforts in creating a more humane and less hostile world for Black people in America: https://www.dailyshow.com/ColorOfChange

Subscribe to The Daily Show:
https://www.youtube.com/channel/UCwWhs_6x42TyRM4Wstoq8HA/?sub_confirmation=1 

Follow The Daily Show:
Twitter: https://twitter.com/TheDailyShow
Facebook: https://www.facebook.com/thedailyshow
Instagram: https://www.instagram.com/thedailyshow

Watch full episodes of The Daily Show for free: http://www.cc.com/shows/the-daily-show-with-trevor-noah/full-episodes

Follow Comedy Central:
Twitter: https://twitter.com/ComedyCentral
Facebook: https://www.facebook.com/ComedyCentral
Instagram: https://www.instagram.com/comedycentral

About The Daily Show:
Trevor Noah and The Daily Show correspondents tackle the biggest stories in news, politics and pop culture.

The Daily Show with Trevor Noah airs weeknights at 11/10c on Comedy Central.",2021-02-05T03:41:17Z,1654349,https://www.youtube.com/watch?v=tpRVWeMsoaE
hcKWSqDbxUM,QAnon: Wie gefährlich kann eine Verschwörungstheorie werden? | frontal,"QAnon klingt wie eine absurde Verschwörungstheorie – aber kann sie trotzdem gefährlich werden? Die QAnon Erzählung hat in Deutschland prominente Verbreiter, wie den Sänger Xavier Naidoo und den YouTuber Oliver Janich. Terrorexperten warnen davor, dass Verschwörungserzählungen wie QAnon zu einer echten Gefahr werden können.

-----  
Bei frontal_ ist die Recherche ein Erlebnis: Wir nehmen euch mit auf unsere Spurensuche, vom ersten Hinweis bis zur großen Enthüllung – und ihr seid dabei. Auf dem Kanal der ZDFheute Nachrichten veröffentlichen wir dreimal im Monat ein Thema, das uns alle bewegt, vielleicht sogar aufregt. Diskutiert mit uns in den Kommentaren, donnerstags ab 16 Uhr.

frontal_ ist das YouTube-Format von Frontal 21, dem investigativen Magazin des ZDF.

-----
Autoren: Felix Huesmann, Daniel Samini
Redaktion: Patrick Stegemann (K2H), Steffen Judzikowski (ZDF)
Datenanalyse: Josef Holnburger
Kamera: Tobias Schütze
Schnitt: Tobias Schütze und David Wieching
Grafik: Anne Pothenick
Sprecher: Philipp Lind

frontal_ ist eine Kooperation von Frontal 21 und K2H

----- 
Hier auf ZDFheute Nachrichten erfahrt ihr, was auf der Welt passiert und was uns alle etwas angeht: Wir sorgen für Durchblick in der Nachrichtenwelt, erklären die Hintergründe und gehen auf gesellschaftliche Debatten ein. Diskutiert in Livestreams mit uns und bildet euch eure eigene Meinung mit den Fakten, die wir euch präsentieren.

Abonniert unseren Kanal, um nichts mehr zu verpassen.

Immer auf dem aktuellen Stand seid ihr auf http://www.ZDFheute.de/.

#QAnon #Verschwörungstheorie #frontal",2020-06-18T15:00:11Z,571636,https://www.youtube.com/watch?v=hcKWSqDbxUM
bRp_W-VGw5s,Infighting Among QAnon Luminaries Roils Delusional Movement,"Will Sommer, political reporter for the Daily Beast, talks with Rachel Maddow about infighting among the celebrities of the QAnon delusion and what dangers may come with the fracturing of the movement. (Edited for length from the original broadcast.)
» Subscribe to MSNBC: http://on.msnbc.com/SubscribeTomsnbc

About: MSNBC is the premier destination for in-depth analysis of daily headlines, insightful political commentary and informed perspectives. Reaching more than 95 million households worldwide, MSNBC offers a full schedule of live news coverage, political opinions and award-winning documentary programming -- 24 hours a day, 7 days a week.

Connect with MSNBC Online
Visit msnbc.com: http://on.msnbc.com/Readmsnbc
Subscribe to MSNBC Newsletter: MSNBC.com/NewslettersYouTube
Find MSNBC on Facebook: http://on.msnbc.com/Likemsnbc
Follow MSNBC on Twitter: http://on.msnbc.com/Followmsnbc
Follow MSNBC on Instagram: http://on.msnbc.com/Instamsnbc

#MSNBC #MikeFlynn #QAnon",2021-11-30T07:00:06Z,350608,https://www.youtube.com/watch?v=bRp_W-VGw5s
indnwMwNF6w,MacGruber: Coronavirus - SNL,"MacGruber (Will Forte) attempts to diffuse a bomb with the help of Vicki (Kristen Wiig) and Piper (Ryan Phillippe), but becomes distracted by his views on COVID, vaccines and right-wing conspiracies.

Saturday Night Live. Stream now on Peacock: https://pck.tv/3uQxh4q

Subscribe to SNL: https://goo.gl/tUsXwM
Stream Current Full Episodes: http://www.nbc.com/saturday-night-live

WATCH PAST SNL SEASONS
Google Play - http://bit.ly/SNLGooglePlay
iTunes - http://bit.ly/SNLiTunes

SNL ON SOCIAL
SNL Instagram: http://instagram.com/nbcsnl
SNL Facebook: https://www.facebook.com/snl
SNL Twitter: https://twitter.com/nbcsnl
SNL TikTok: https://www.tiktok.com/@nbcsnl

GET MORE NBC
Like NBC: http://Facebook.com/NBC
Follow NBC: http://Twitter.com/NBC
NBC Tumblr: http://NBCtv.tumblr.com/
YouTube: http://www.youtube.com/nbc
NBC Instagram: http://instagram.com/nbc

#SNL #WillForte #Måneskin #SNL47",2022-01-23T07:19:30Z,2676505,https://www.youtube.com/watch?v=indnwMwNF6w
lbZAJLeastk,Trump: QAnon theorists &quot;love our country&quot;,"U.S. President Donald Trump on Wednesday said QAnon conspiracy believers like him and ""love our country,"" seeming to back the conspiracy group. (Aug. 19)

Subscribe for more Breaking News: http://smarturl.it/AssociatedPress 
Website: https://apnews.com
Twitter: https://twitter.com/AP
Facebook: https://facebook.com/APNews
Google+: https://plus.google.com/115892241801867723374
Instagram: https://www.instagram.com/APNews/
​

You can license this story through AP Archive: http://www.aparchive.com/metadata/youtube/c1acf0e9f05044eea886192e3f230d64",2020-08-19T23:22:52Z,6908,https://www.youtube.com/watch?v=lbZAJLeastk
3cNmMygIcX0,The Great Awakening: QAnon | Available Now,"The Great Awakening: QAnon: Formed in the dark corners of the internet, far right conspiracy group QAnon has now gone global. With more people joining since the COVID-19 epidemic, it has made its way to the top of Australian politics.

Watch now:
iTunes: https://itunes.apple.com/us/movie/the-great-awakening/id1584314297
Google Play: https://play.google.com/store/movies/details?id=C8TuT4zhLz4.P&sticky_source_country=US&gl=US&hl=en
Vimeo: https://vimeo.com/ondemand/thegreatawakeningqanon2

Subscribe to Journeyman here: http://www.youtube.com/subscription_center?add_user=journeymanpictures

QAnon has mobilised a global band of believers dedicated to fighting what they claim is a war against child abusing elites. ’It was clear to me in late 2018 and early 2019, that these conspiracy theory trends like QAnon were a danger to the country’, says Miles Taylor, former Chief of Staff to the US Department of Homeland Security. In Australia, it tore apart the Stewart family, after Tim Stewart rose through the ranks of QAnon. His sister says: ’They talk about saving the children. But I was that child, I was once the child that they claim they’re saving. My life is the worse for having QAnon in it. ’. Tim Stewart’s close relationship with Prime Minister Scott Morrison may even have influenced Morrison’s decision to include the words ‘ritual abuse’ in a parliamentary speech, a phrase used by the Q community. However he counters the allegation - ‘I find it deeply offensive that there would be any suggestion that I would have any involvement or support for such a dangerous organisation’.

For more information, visit https://www.journeyman.tv/film/8100

Like us on Facebook: https://www.facebook.com/journeymanpictures
Follow us on Twitter: 
https://twitter.com/JourneymanNews
https://twitter.com/JourneymanVOD
Follow us on Instagram: https://instagram.com/journeymanpictures
Visit our subreddit: https://www.reddit.com/r/JourneymanPictures/

ABC Australia – Ref. 8100",2021-07-06T14:35:33Z,24661,https://www.youtube.com/watch?v=3cNmMygIcX0
vwV-rqMmQtE,QAnon Exposed By Journalist Cullen Hoback - HBO Documentary,"Patrick Bet-David sits down with Cullen Hoback. Cullen James Hoback is an American filmmaker, film producer and director.  Let Cullen know your thoughts on the interview here: https://bit.ly/3xihmgR

Recommended videos: 
- Alex Jones “I’m Ready to Die” - Exclusive Interview After Being Banned: https://youtu.be/xvqdhphHrh0

Check out Official Valuetainment Merch here: https://vtmerch.com/

Reach Cullen Here:
Twitter: https://bit.ly/3xihmgR

About Guest:
Cullen James Hoback is an American filmmaker, film producer and director. He is also an occasional columnist and speaker. His documentary films include Monster Camp (2007), Terms and Conditions May Apply (2013), and What Lies Upstream (2018), as well as the HBO mini-series Q: Into the Storm (2021). His documentary style has been described as non-fiction horror with a comedic tone. He appears on-camera as a central character in Terms and Conditions May Apply and What Lies Upstream. Following the release of Terms and Conditions May Apply, Hoback has written op-eds for many journals including The Guardian, presented as faculty at The American Bar Association Section of Antitrust Law Spring Meeting, and has appeared as a privacy expert on networks and shows including MSNBC, CNN, NPR, Huffington Post, Stossel, and The Young Turks.
Hoback has been overtly critical of the relationship between corporations and the government, and how they've been complicit in the surveillance system. On December 25, 2013, Cullen Hoback and Ondi Timoner released a lengthy conversation about how the surveillance situation has evolved since her film, We Live in Public. In an interview with The Guardian earlier that month in December 2013, Hoback commented that whistleblower Edward Snowden should be granted immunity by the US government.

Music selection used through agreement with Epidemic Sound http://bit.ly/2B8DxK1

Make sure to subscribe to Valuetainment for the updates: http://bit.ly/2aPEwD4

About Valuetainment: 
Founded in 2012 by Patrick Bet-David, our goal is to impact entrepreneurs around the world through value and entertainment. We are the #1 channel for entrepreneurs because of the best interviews, best how to videos, best case studies and because we defend capitalism and educate entrepreneurs. 

Follow Patrick on social media:
Website: http://www.patrickbetdavid.com
Facebook: https://www.facebook.com/PatrickBetDavid.Valuetainment/
Instagram:https://www.instagram.com/patrickbetdavid
Twitter:https://twitter.com/patrickbetdavid
LinkedIn: https://www.linkedin.com/in/patrick-bet-david-3731553

To reach the Valuetainment team, you can email: info@valuetainment.com

#PatrickBetDavid #Valuetainment",2021-11-24T13:47:28Z,53413,https://www.youtube.com/watch?v=vwV-rqMmQtE
QMb6f9EeBWs,Marjorie Greene Peddles Mind Blowing QAnon Conspiracy,"Marjorie Greene is now pushing a whacked-out conspiracy on Twitter about climate change and our food supply also pushed by QAnon supporters. and Francesca Fiorentini and Erin Ryan break it down on The Damage Report. 

Read more here:

Marjorie Taylor Greene sums up the GOP's cognitive dissonance on climate change in a single tweet - https://www.alternet.org/2022/06/majorie-taylor-greene-climate-change/

""The consequences of anthropomorphic climate change, due to the carbon dioxide and methane waste produced by humanity's relentless burning of fossil fuels, are becoming more pronounced with each passing year. Record heat waves, extreme cold, prolonged droughts, powerful storms, torrential precipitation, crop failures, wildfires, melting ice caps, sea-level rise, and biodiversity loss are all symptoms of modern civilization's seemingly unbreakable addiction to oil. The data, according to the planet's scientists, is as irrefutable as the most successful scientific theories like the Standard Model of Particle Physics and Quantum Mechanics.

That conclusion is not limited to academia, however. Last year, the office of the Director of National Intelligence published a 27-page report outlining in no uncertain terms the risks that climate change poses to the security of the United States and beyond.
 
""We assess that climate change will increasingly exacerbate risks to US national security interests as the physical impacts increase and geopolitical tensions mount about how to respond to the challenge,"" the document's opening brief states.""

Watch Francesca on The Bitchuation Room Sundays at 5/8EST http://www.youtube.com/franifio 

Follow Francesca: http://www.twitter.com/franifio 

Become a TDR YouTube Member: http://www.youtube.com/thedamagereport/join 

Follow The Damage Report on Facebook: https://www.facebook.com/TheDamageReportTYT/

Help build the Home of the Progressives http://tyt.com/JOIN

Subscribe to The Damage Report YouTube channel: https://www.youtube.com/thedamagereport?sub_confirmation=1

Follow The Damage Report on TikTok: https://www.tiktok.com/@thedamagereport?lang=en

Follow The Damage Report on Instagram: http://www.instagram.com/thedamagereport/ 

Follow The Damage Report on Twitter: https://twitter.com/TheDamageReport

#TheDamageReport #JohnIadarola #TheYoungTurks",2022-07-03T21:00:07Z,66588,https://www.youtube.com/watch?v=QMb6f9EeBWs
dPKkBk_xpbs,QAnon Followers Have A Scary New Obsession,"QAnon followers have started to change their tune on Elon Musk following his Twitter buyout and now want to essentially turn him into a Q god by decoding his tweets. John Iadarola and Ana Kasparian break it down on The Damage Report. 

Read more here:

QAnon believers’ newest obsession? Decoding Elon Musk’s tweets - https://www.dailydot.com/debug/qanon-believers-newest-obsession-decoding-elon-musks-tweets/

""Supporters of the QAnon conspiracy theory are now analyzing tweets from Tesla CEO Elon Musk in an apparent effort to find secret messages.

After Musk announced on Monday his intentions to purchase Twitter for $44 billion, users on the platform responded with a wide range of reactions.

Right-wing users, who believe that Musk will usher in a golden era of “free speech,” largely celebrated the news. Many left-wing users, however, argued that the planned acquisition would lead to an increase in misinformation and other issues.""

**

Become a TDR YouTube Member: http://www.youtube.com/thedamagereport/join 

Follow The Damage Report on Facebook: https://www.facebook.com/TheDamageReportTYT/

Help build the Home of the Progressives http://tyt.com/JOIN

Subscribe to The Damage Report YouTube channel: https://www.youtube.com/thedamagereport?sub_confirmation=1

Follow The Damage Report on TikTok: https://www.tiktok.com/@thedamagereport?lang=en

Follow The Damage Report on Instagram: http://www.instagram.com/thedamagereport/ 

Follow The Damage Report on Twitter: https://twitter.com/TheDamageReport

#TheDamageReport #JohnIadarola #TheYoungTurks",2022-05-01T22:00:21Z,163214,https://www.youtube.com/watch?v=dPKkBk_xpbs
ZwfOZB9IWx0,QAnon conspiracy theory&#39;s growing influence on American politics,"In a now deleted online video, Oregon Republican Senate candidate Jo Rae Perkins touted QAnon, an online conspiracy theory group, on the night she won the primary. Other candidates also have ties to the group and new director of national intelligence, John Ratcliffe, also shares a link. CNET senior producer Dan Patterson joined CBSN to discuss.

Subscribe to the CBS News Channel HERE: https://bit.ly/2uz8qYE
Watch CBSN live HERE: http://cbsn.ws/1PlLpZ7
Follow CBS News on Instagram HERE: https://www.instagram.com/cbsnews/
Like CBS News on Facebook HERE: http://facebook.com/cbsnews
Follow CBS News on Twitter HERE: http://twitter.com/cbsnews

Get the latest news and best in original reporting from CBS News delivered to your inbox. Subscribe to newsletters HERE: http://cbsn.ws/1RqHw7T

Get your news on the go! Download CBS News mobile apps HERE: http://cbsn.ws/1Xb1WC8

Get new episodes of shows you love across devices the next day, stream CBSN and local news live, and watch full seasons of CBS fan favorites like Star Trek Discovery anytime, anywhere with CBS All Access. Try it free! http://bit.ly/1OQA29B

---
CBSN is the first digital streaming news network that will allow Internet-connected consumers to watch live, anchored news coverage on their connected TV and other devices. At launch, the network is available 24/7 and makes all of the resources of CBS News available directly on digital platforms with live, anchored coverage 15 hours each weekday. CBSN. Always On.",2020-05-27T17:19:15Z,120556,https://www.youtube.com/watch?v=ZwfOZB9IWx0
uul5qjtDzEk,Historic: Judge Jackson Sailing Toward Confirmation Amidst GOP Shouting &amp; QAnon Conspiracies,"Senators questioned Judge Ketanji Brown Jackson for the final time in her confirmation process Wednesday. Jackson appeared calm and poised while Republicans lodged debunked claims and misleading rhetoric about her sentences in child pornography cases in an attempt to frame her as soft on crime. MSNBC’s Chief Legal Correspondent Ari Melber is joined by The Nation’s Elie Mystal to discuss the striking rhetoric Republicans employed in this round of the SCOTUS hearings.
» Subscribe to MSNBC: http://on.msnbc.com/SubscribeTomsnbc

About: MSNBC is the premier destination for in-depth analysis of daily headlines, insightful political commentary and informed perspectives. Reaching more than 95 million households worldwide, MSNBC offers a full schedule of live news coverage, political opinions and award-winning documentary programming -- 24 hours a day, 7 days a week.

Connect with MSNBC Online
Visit msnbc.com: http://on.msnbc.com/Readmsnbc
Subscribe to MSNBC Newsletter: MSNBC.com/NewslettersYouTube
Find MSNBC on Facebook: http://on.msnbc.com/Likemsnbc
Follow MSNBC on Twitter: http://on.msnbc.com/Followmsnbc
Follow MSNBC on Instagram: http://on.msnbc.com/Instamsnbc

#MSNBC #GOP #KetanjiBrownJackson",2022-03-24T00:30:08Z,88402,https://www.youtube.com/watch?v=uul5qjtDzEk
KPSu-Jolq4Y,Unmasking QAnon&#39;s Wall Street Evangelist,"A Citigroup senior vice president was recently shown to be the man behind the biggest aggregator of posts tied to QAnon, a far-right hodgepodge of outlandish conspiracy theories. So a Bloomberg reporter rented a car and drove to his house in New Jersey to ask him a few questions. 

Read William Turton and Joshua Brustein's full feature article in Bloomberg Businessweek:
https://www.bloomberg.com/news/features/2020-10-07/who-is-qanon-evangelist-qmap-creator-and-former-citigroup-exec-jason-gelinas

#Qanon #BloombergQuicktake #Storylines
--------
Like this video? Subscribe: http://www.youtube.com/Bloomberg?sub_confirmation=1
Become a Quicktake Member for exclusive perks: http://www.youtube.com/bloomberg/join

QuickTake Originals is Bloomberg's official premium video channel. We bring you insights and analysis from business, science, and technology experts who are shaping our future. We’re home to Hello World, Giant Leap, Storylines, and the series powering CityLab, Bloomberg Businessweek, Bloomberg Green, and much more.

Subscribe for business news, but not as you've known it: exclusive interviews, fascinating profiles, data-driven analysis, and the latest in tech innovation from around the world.

Visit our partner channel QuickTake News for breaking global news and insight in an instant.",2020-11-10T16:08:40Z,542160,https://www.youtube.com/watch?v=KPSu-Jolq4Y
9R5TvLCsN-E,Die Verschwörungsfanatiker von QAnon | SPIEGEL TV,"Ihre Verschwörungsideologie ist so sinnlos wie gefährlich. QAnon-Anhänger glauben, dass die Menschheit von geheimnisvollen Eliten versklavt werden soll. Kinder würden in unterirdischen Bunkern gehalten, ihr Blut soll die Reichen dieser Welt für immer jung halten. Der Verfassungsschutz warnt vor der wachsenden Bewegung. Und: der Kurznachrichtendienst Twitter sperrte vergangene Woche die Konten von rund 7000 Nutzern, die Inhalte der amerikanischen Verschwörungstheorie verbreitet haben. Weitere 150 000 Konten wurden in ihrer Reichweite eingeschränkt.",2020-08-04T05:41:52Z,2639492,https://www.youtube.com/watch?v=9R5TvLCsN-E
M-0pk1MuWao,Qanon / Mytho-théories - Info ou Mytho,"c'est bien mignon de croire en la Terre plate, le 11 septembre, les Illuminati ou les francs-maçons, mais avez-vous essayé de combiner toutes les théories du complot qui existent ? C'est un peu le boss final du game, plus fort que les scénaristes de South Park, j'ai nommé : QAnon ! 
----------------
Sources :
Adrénochrome 
https://factuel.afp.com/ladrenochrome-drogue-la-plus-puissante-du-monde-recoltee-sur-des-humains-cest-faux
https://fr.wikipedia.org/wiki/QAnon

Messages de Q sur 4chan : https://archive.4plebs.org/pol/search/uid/BQ7V3bcW%20/order/asc/ 
https://www.franceculture.fr/societe/nouveau-podcast-original-mecaniques-du-complotisme-saison-10-qanon-le-complotisme-dun-nouveau-genre
https://information.tv5monde.com/info/qanon-le-mouvement-complotiste-la-conquete-des-esprits-en-europe-391522 
https://www.youtube.com/watch?v=8Ddm66dmeNg 

----------------
Mytho-théories, c'est un retour aux origines des théories du complot les plus connues, raconté avec humour par Valentine Delattre de @Science de comptoir 
----------------
Info ou Mytho ?, c'est la chaîne d'esprit critique pour les ados... et les plus grands : biais cognitifs, théories du complot, éducation aux médias et à l'information, conséquences des fake news dans l'actu, interviews de youtubeurs luttant contre la désinformation, etc.",2022-02-22T15:00:21Z,47959,https://www.youtube.com/watch?v=M-0pk1MuWao
0tCYt4VteJU,"Im Verhör: Putin, Trump und die QAnon-Verschwörer | SPIEGEL TV","""Putin, Putin, Putin"", rufen die Protestler vor der russischen Botschaft bei einer der großen Corona-Demos in Berlin. Darunter auch einige Anhänger der QAnon-Verschwörungsideologie. In dieser Episode von ""Im Verhör"" sprechen wir über die Rolle Putins und Trumps, was Xavier Naidoo damit zu tun hat und wer der mysteriöse ""Q"" eigentlich ist.

00:00 Was ist QAnon?
03:55 Wer ist ""Q""?
11:21 Die Rolle von Wladimir Putin
14:49 Die ""Friedensfahrzeuge""
16:55 Die Bedeutung von ""Telegram"" für die Verschwörer-Szene
25:04 Treffen mit einem QAnon-Anhänger
29:28 Donald Trump als Kandidat für den Umsturz
35:14 QAnon und der AfD-Politiker
38:47 Wilde Verschwörungstheorien im Internet
42:25 Ist Trump doch nicht der ""Erlöser""",2022-03-26T07:30:00Z,570051,https://www.youtube.com/watch?v=0tCYt4VteJU
7LsYUfWL1Do,Actor debunks QAnon #standup #standupcomedy #actor #conspiracy #comedy #jokes #shorts,,2022-04-23T15:24:04Z,471648,https://www.youtube.com/watch?v=7LsYUfWL1Do
Y27t-yWgjGk,"QAnon, así es la conspiranoia de los seguidores de Trump y que no para de crecer","Si todavía no sabes que es QAnon a estas alturas, es que estás más fuera del ciclo informativo de lo que pensabas, y quizás totalmente rodeado de 'anons' sin saberlo.

QAnon es la gran conspiración que faltaba. Una especie de secta nacida hace tres años en un recóndito foro de internet, que, a través de los mensajes de su profeta Q. considera a Donald Trump como el salvador del mundo, venido para derrocar a unas élites progresistas dirigidas por los Clinton, Obama, Soros, Jay Z y un largo etcétera que moverían los hilos del mundo, que han manipulado la pandemia de covid y que en su ratos libres se dedican a violar a niños y beberse su sangre.

Una teoría de lo más surrealista, pero que en Estados Unidos está marcando la actual campaña, con un Donald Trump más ambiguo y desconcertante que nunca cuando le preguntan por el asunto y con, al menos, una docena de candidatos republicanos al Congreso y el Senado que muestran públicamente sus simpatías con el movimiento.

Y si te parece que esto es otra de esas rarezas típicas estadounidenses, tienes que saber que el movimiento lleva meses y semanas creciendo en Europa. Y aunque el foco más preocupante es Alemania, los seguidores de QAnon en Reino Unido, Francia e Italia se cuentan por decenas de miles.

#QAnon #conspiración #trump

Otros temas en OBSERVATORIO: https://www.youtube.com/playlist?list=PL1hLvXWwzy1WR6COTHPjN_DLIleasAdWC

Nuestros explicativos del CORONAVIRUS: https://www.youtube.com/playlist?list=PL1hLvXWwzy1WYs9_PMhC-01T82YJzpvRR

Y también en nuestra lista GEO: https://www.youtube.com/playlist?list=PL1hLvXWwzy1VA_yf6MyP-n1NP2UQKrj6z

SUSCRÍBETE a nuestro canal aquí: https://www.youtube.com/channel/UCY2hu_NT5NDbBU-HGxgqMuA?sub_confirmation=1",2020-10-17T21:30:09Z,55273,https://www.youtube.com/watch?v=Y27t-yWgjGk
9YP5LBhiwL4,Trump Praises QAnon: &#39;They Like Me&#39; | NowThis,"'I don't know really anything about it other than they do supposedly like me' — Here's how Pres. Trump responded to a question about QAnon conspiracy theorists.

» Subscribe to NowThis: http://go.nowth.is/News_Subscribe
» Sign up for our newsletter KnowThis to get the biggest stories of the day delivered straight to your inbox: https://go.nowth.is/KnowThis

In US news and current events today, President Trump, QAnon protagonist, has seemingly endorsed the dangerous lunacy of the Q Anon conspiracy theory. When a reporter asked President Donald Trump, QAnon seemed to be something he was unfamiliar with but supportive of. For Donald J. Trump, QAnon a useful distraction, for the rest of America, it is a dangerous conspiracy theory that is bordering on a cult.

#Trump #Conspiracies #QAnon #News #NowThis #NowThisNews

Connect with NowThis
» Like us on Facebook: http://go.nowth.is/News_Facebook
» Tweet us on Twitter: http://go.nowth.is/News_Twitter
» Follow us on Instagram: http://go.nowth.is/News_Instagram
» Find us on Snapchat Discover: http://go.nowth.is/News_Snapchat

NowThis is your premier news outlet providing you with all the videos you need to stay up to date on all the latest in trending news. From entertainment to politics, to viral videos and breaking news stories, we’re delivering all you need to know straight to your social feeds. We live where you live.

http://www.youtube.com/nowthisnews
@nowthisnews",2020-08-20T21:00:02Z,32064,https://www.youtube.com/watch?v=9YP5LBhiwL4
GArWVPo-86s,QAnon Lunatics &amp; Unusual Memes - H3TV #3,"H3TV will be every Monday & Thursday from here on out, it is a very casual format and could include whatever we want - reactions to memes, video game play throughs - its basically our creative playground to experiment and have fun! It airs on http://twitch.tv/h3h3productions live and we will immediately post the VOD exclusively to YouTube. We hope you guys enjoy!",2021-07-31T13:48:37Z,575227,https://www.youtube.com/watch?v=GArWVPo-86s
v-KrRplQZMI,Trump Praises QAnon: &#39;I Understand They Like Me Very Much&#39;,"U.S. President Donald Trump on Wednesday said QAnon conspiracy believers like him and ""love our country,"" seeming to back the conspiracy group.

Trump admitted he doesn't know much about the conspiracy theory that describes an alleged secret plot by the so-called ""deep state"" to undermine the president and his supporters.

Speaking to reporters at the White House, the president said he'd heard the group was ""gaining in popularity.""

The QAnon conspiracy theory is centered on the baseless belief that Trump is waging a secret campaign against enemies in the “deep state” and a child sex trafficking ring run by satanic pedophiles and cannibals.

For more than two years, followers have pored over tangled clues purportedly posted online by a high-ranking government official known only as “Q.”

Some extreme supporters of Trump adhere to the theory, often likened to a cult.

The conspiracy theory emerged in a dark corner of the internet but has recently crept into mainstream politics.

Trump has retweeted QAnon-promoting accounts and its followers flock to his rallies wearing clothes and hats with QAnon symbols and slogans.

Subscribe to our YouTube channel: https://bit.ly/2TwO8Gm

QUICKTAKE ON SOCIAL:
Follow QuickTake on Twitter: twitter.com/quicktake
Like QuickTake on Facebook: facebook.com/quicktake
Follow QuickTake on Instagram: instagram.com/quicktake
Subscribe to our newsletter: https://bit.ly/2FJ0oQZ
Email us at quicktakenews@gmail.com

QuickTake by Bloomberg is a global news network delivering up-to-the-minute analysis on the biggest news, trends and ideas for a new generation of leaders.",2020-08-20T00:42:42Z,4545,https://www.youtube.com/watch?v=v-KrRplQZMI
oo3g6-JXGKk,Waarom QAnon niet zomaar een complottheorie is,"Facebook en YouTube hebben besloten dat het genoeg is: de samenzweringstheorieën van QAnon worden vanaf nu van de platforms verwijderd.

Rondom de complottheorie hangt een zweem van mysterie. Niemand weet wie achter de beweging zit. Aanhangers geloven onder meer dat de Amerikaanse president Trump in het geheim strijdt tegen de deep state: een mondiale elite die uit zou zijn op een wereldregering en zich ook schuldig maakt aan kindermisbruik. Uit een onderzoek blijkt dat één op de drie Republikeinen in de VS erin gelooft.

Maar ook hier krijgt de theorie voet aan de grond. Ook Nederlandse politici flirten met het gedachtengoed en retweeten QAnon-accounts. Is de complottheorie die uit Amerika is overgewaaid alleen maar bizar of ook gevaarlijk? Moeten we de theorieën de kop in drukken? En zo ja, zijn we niet al te laat?

Verslaggever Rudy Bouma volgt al jaren het nieuws over desinformatie. Hij legt uit waarom QAnon niet zomaar een complottheorie is.

#QAnon #complottheorie #desinformatie

**************************************************************************** 
Vond je dit een goed verhaal? Doe dan een duimpje omhoog en abonneer je op dit kanaal. 

Wil je elke dag verhalen bij het nieuws? Volg ons dan ook op Instagram: https://www.instagram.com/nieuwsuur/",2020-10-17T09:05:47Z,371001,https://www.youtube.com/watch?v=oo3g6-JXGKk
8dEmoV0g-Aw,"“QANON SHAMAN SONG” The Mini Musical from Brandon Ethridge, starring Jake Angeli at the Capitol Riot","You can be in one of my mini musicals! You make a video of yourself speaking, and I make the music. Birthday messages, anniversaries, corporate events, whatever. :) Write me at MyMiniMusical@gmail.com
#piano
#musical

If you enjoyed this, please buy me a coffee! https://www.buymeacoffee.com/brandonethridge
This is the original, unaltered voice of the QAnon Shaman, with an added piano accompaniment.
#JakeAngeli
#qanonshaman
#qanoncult
#qanon
#conspriacytheory",2021-01-22T01:17:22Z,598952,https://www.youtube.com/watch?v=8dEmoV0g-Aw
GcL1ztrN42A,&#39;QAnon Shaman&#39; Jacob Chansley sentenced to 41 months in prison over Jan. 6 Capitol riot,"Jacob Chansley, the so-called ""QAnon Shaman"" was sentenced to 41 months in prison for his role in the Jan. 6 riot at the U.S. Capitol. Federal Judge Royce Lamberth told Chansley during a sentencing hearing on Wednesday that he believed the 34-year-old was now ""on the right track,"" but that the crime was so serious it warranted the sentence. Chansley gave a lengthy speech during the hearing, saying he was ""wrong for entering the Capitol,"" and admitting he had no excuse. LiveNOW from FOX's Daytona Everett spoke with Fox 10 Phoenix's Irene Snyder about the sentencing. Snyder also spoke with Chansley's mother, Martha, for reaction.

Subscribe to LiveNOW from FOX! https://www.youtube.com/livenow?sub_confirmation=1
Where to watch LiveNOW from FOX: https://www.livenowfox.com/
Follow us @LiveNOWFOX on Twitter: https://twitter.com/livenowfox

Raw and unfiltered. Watch a non-stop stream of breaking news, live events and stories across the nation. Limited commentary. No opinion. Experience LiveNOW from FOX.",2021-11-18T04:36:06Z,5456,https://www.youtube.com/watch?v=GcL1ztrN42A
CeVqt1Umiko,Marjorie Taylor Greene Controversy | QAnon and Space Lasers,"This video answers the question: Can I analyze the Marjorie Taylor Greene controversy?  Support Dr. Grande on Patreon: https://www.patreon.com/drgrande

https://www.washingtonpost.com/politics/2021/01/26/marjorie-taylor-greene-facebook-violence/

https://www.cnn.com/2021/01/27/politics/marjorie-taylor-greene-comments-reaction/index.html

Would you like to listen to my content in podcast form? With my partners at Ars Longa Media, we released True Crime Psychology and Personality: Narcissism, Psychopathy and the Minds of Dangerous Criminals. Subscribe to it anywhere you listen to podcasts. 

I'm looking forward to putting more of my content into audio and developing new, original podcasts on mental health topics. Visit us online, and feel free to reach out with your questions or ideas by going to arslonga.media.  

Dr. Grande’s True Crime Psychology and Personality podcast: https://www.arslonga.media

Check out Dr. Grande’s merchandise at: https://teespring.com/stores/dr-grandes-store",2021-01-30T20:55:14Z,118826,https://www.youtube.com/watch?v=CeVqt1Umiko
k7dK3Qd4Xsg,How QAnon Became a Defining U.S. Political Issue,"QAnon developed from a moral panic to a defining issue in U.S. politics — here’s how. (warning: distressing themes)
» Sign up for our newsletter KnowThis to get the biggest stories of the day delivered straight to your inbox: https://go.nowth.is/knowthis_youtube
» Subscribe to NowThis: http://go.nowth.is/News_Subscribe

For more U.S. politics, subscribe to NowThis News.

#QAnon #Morality #Politics #News #NowThis

Connect with NowThis
» Like us on Facebook: http://go.nowth.is/News_Facebook
» Tweet us on Twitter: http://go.nowth.is/News_Twitter
» Follow us on Instagram: http://go.nowth.is/News_Instagram
» Find us on Snapchat Discover: http://go.nowth.is/News_Snapchat

NowThis is your premier news outlet providing you with all the videos you need to stay up to date on all the latest in trending news. From entertainment to politics, to viral videos and breaking news stories, we’re delivering all you need to know straight to your social feeds. We live where you live.

http://www.youtube.com/nowthisnews
@nowthisnews",2021-12-17T20:59:50Z,5366,https://www.youtube.com/watch?v=k7dK3Qd4Xsg
MSs5PsapMYY,¿Cómo logró una madre desempleada salir del mundo de QAnon?,"Ashley Vanderbilt cayó en la madriguera de QAnon. Pero después de que Joe Biden asumió como presidente de Estados Unidos, ella sabía que había sido engañada. Le cuenta a Donie O'Sullivan cómo lograr escapar de esta teoría de la conspiración.

#QAnon
#JoeBiden
#CNNInternacionalEnEspañol

*-*-*-*-*-*-*-*-*-*-*-*-*-*-*-*-*-*-*-*-*-*-*-*-*-*-*-*-*-*-*-*-*-*-*-*-*-*
Visita nuestro sitio: https://cnnespanol.cnn.com/
Suscríbete a nuestro canal en Youtube: http://bit.ly/15NWkSN

CNNE UNDERSCORED, la guía de productos y servicios que te ayuda a vivir una vida más inteligente, simple y satisfactoria. http://cnne.com/underscored

Dale a ""Me gusta"" en Facebook: http://Facebook.com/cnnee
Síguenos en Twitter: http://Twitter.com/cnnee
CNN en Español en Instagram: http://instagram.com/cnnee

SUSCRÍBETE A NUESTRO NEWSLETTER: https://cnn.it/35fuA1b

PROYECTO SER HUMANO
https://cnne.com/serhumano",2021-02-03T23:18:14Z,7691,https://www.youtube.com/watch?v=MSs5PsapMYY
TCs-nVQcn5g,Alex Jones&#39;s Head EXPLODES Over QAnon Phone Call,"Alex Jones goes nuts and completely destroys a caller during his show, InfoWars, for asking a QAnon related question. John Iadarola and Yasmin Khan break it down on The Damage Report. 

Read more here:

Alex Jones Rips Caller for Invoking QAnon Conspiracy Theory: ‘I’m Tired of It… Q is the Worst People in the World’ - https://www.mediaite.com/news/alex-jones-rips-caller-for-invoking-qanon-conspiracy-theory-im-tired-of-it-q-is-the-worst-people-in-the-world/

""Conspiracy theorist Alex Jones has had enough of the QAnon crowd.

The InfoWars founder and host ripped a caller who invoked the popular theory on his show.

A clip posted online highlighted a moment in Jones’ daily, hours-long broadcast in which he ripped QAnon to shreds after it was brought into the conversation by a caller.

Jones went into a screed in which he screamed at the man — and everyone who bought into QAnon — in the years leading up to the 2020 election.""

**

Become a TDR YouTube Member: http://www.youtube.com/thedamagereport/join 

Follow The Damage Report on Facebook: https://www.facebook.com/TheDamageReportTYT/

Help build the Home of the Progressives http://tyt.com/JOIN

Subscribe to The Damage Report YouTube channel: https://www.youtube.com/thedamagereport?sub_confirmation=1

Follow The Damage Report on TikTok: https://www.tiktok.com/@thedamagereport?lang=en

Follow The Damage Report on Instagram: http://www.instagram.com/thedamagereport/ 

Follow The Damage Report on Twitter: https://twitter.com/TheDamageReport

#TheDamageReport #JohnIadarola #TheYoungTurks",2022-05-10T20:38:40Z,47707,https://www.youtube.com/watch?v=TCs-nVQcn5g
eAiTFdiCeuM,QAnon followers flocked to Dallas for &#39;return&#39; of JFK Jr.,Hundreds of people who believe in the right-wing conspiracy theory QAnon gathered in downtown Dallas on Tuesday in the hopes of seeing John F. Kennedy Jr. — a man who died more than two decades ago — reappear and issue support for former President Donald Trump.,2021-11-03T16:35:01Z,3236,https://www.youtube.com/watch?v=eAiTFdiCeuM
bivSQ1zd9y8,QAnon Spreads Wildfire Conspiracies &amp; Prisoners Risk Their Lives | The Daily Social Distancing Show,"Conspiracy theories add fuel to the west coast wildfires, California inmates fighting the fires can become professionals after their release, Florida brings back saggy pants, and a lock of Abraham Lincoln’s hair sells for $81,000. #DailyShow #TrevorNoah #Wildfires

Donate to protect the environment and help prevent future disasters like the west coast wildfires: https://dailyshow.com/EDF

Subscribe to The Daily Show:
https://www.youtube.com/channel/UCwWhs_6x42TyRM4Wstoq8HA/?sub_confirmation=1 

Follow The Daily Show:
Twitter: https://twitter.com/TheDailyShow
Facebook: https://www.facebook.com/thedailyshow
Instagram: https://www.instagram.com/thedailyshow

Watch full episodes of The Daily Show for free: http://www.cc.com/shows/the-daily-show-with-trevor-noah/full-episodes

Follow Comedy Central:
Twitter: https://twitter.com/ComedyCentral
Facebook: https://www.facebook.com/ComedyCentral
Instagram: https://www.instagram.com/comedycentral

About The Daily Show:
Trevor Noah and The Daily Show correspondents tackle the biggest stories in news, politics and pop culture.

The Daily Show with Trevor Noah airs weeknights at 11/10c on Comedy Central.",2020-09-15T12:58:05Z,1286570,https://www.youtube.com/watch?v=bivSQ1zd9y8
itpMqWZdNC8,QAnon Shaman Says His Actions Were Not an Attack on the US,"The ""QAnon Shaman,"" speaking from jail, told a 60 Minutes+ reporter during an exclusive interview that he did not believe his attacks on the U.S. Capitol were an attack on the country. Jacob Chansley was one of the nearly 300 rioters who were charged following the Jan. 6 siege on the capitol that forced the entire U.S. Senate to go into hiding. Chansley faces up to 20 years in prison, if he is convicted. He will appear Friday before a judge who will determine whether he is released pending trial. #InsideEdition",2021-03-04T23:07:18Z,287542,https://www.youtube.com/watch?v=itpMqWZdNC8
y-w6caES8Fs,How QAnon Is Mutating for 2020,"► Full article at Mother Jones: https://bit.ly/3ce6XHW

Remember ""Pizzagate""? That far-right fever dream about Hillary Clinton's allies running a pizza parlor child-sex ring turned out to be a precursor to QAnon, a bizarre and sprawling trove of pro-Trump conspiracy theories. Its strains have been mutating and adapting ever since 2017, finding new ways to infect our politics.

Mother Jones' disinformation reporter Ali Breland and digital producer Mark Helenowski will take you inside the Trump rallies that served as offline nerve centers for the movement to ask supporters clad in Q-paraphernalia if the conspiracy is still alive and thriving, or has it peaked?

They found that this once unmissable presence has faded to a crew of Q-diehards as a decline in the volume of related social media content took hold. But in an election year, QAnon is still shaping Trump's base and could be just one presidential tweet away from roaring back to life stronger than ever. Watch to learn how this far-right mega-conspiracy lives on, and about the danger it poses to an election already steeped in disinformation.

#qanon #trump #2020

--

For more award-winning independent reporting, visit Mother Jones: https://www.motherjones.com/

Facebook: https://www.facebook.com/motherjones/
Twitter: https://twitter.com/motherjones
Instagram: https://www.instagram.com/motherjonesmag",2020-02-26T09:09:24Z,145421,https://www.youtube.com/watch?v=y-w6caES8Fs
6cHMzWTBDxU,Alex Jones Breaks Up With QAnon (Song A Day #4393),"I write a song a day!

Patreon: http://patreon.com/jonathanmann
Website: http://jonathanmann.net
Spotify: http://bit.ly/SADspotify
Bandcamp: http://jonathanmann.bandcamp.com
Instagram: http://instagram.com/jonathanmann
Twitter: http://twitter.com/songadaymann
Speaking: http://jonathanmann.net/conf
Commission me: http://jonathanmann.net/personal
Theme songs: http://jonathanmann.net/themes",2021-01-10T15:46:21Z,97024,https://www.youtube.com/watch?v=6cHMzWTBDxU
JHfA_1bey0A,Dealing with your QAnon friend,"We all have that friend who's always ""been doing some research"".",2021-02-22T23:36:27Z,9125,https://www.youtube.com/watch?v=JHfA_1bey0A
o0qW954JGJo,The Shady Side Of Jesse Watters,"This FOX News talking-head believes Obama brought Ebola to America, but he also spent $500 on his campaign. Jesse Watters makes many eyebrow-raising comments, especially about Dr. Fauci. What other shady things has Jesse Watters done? Here's what you need to know.

#JesseWatters #FoxNews #Fauci 

Accused of harassing journalist | 0:00
Went after Dr. George Tiller | 1:33
Donated to Obama's campaign? | 2:37
Insulted unhoused people | 3:54
Islamophobic remarks | 5:04
Ivanka Trump comments | 5:56
Seemed to praise QAnon | 6:55
Said 'ambush' Dr. Fauci | 7:58
Affair with coworker | 9:22

Read full article: https://www.nickiswift.com/831754/the-shady-side-of-jesse-watters/",2022-07-12T12:00:28Z,4654,https://www.youtube.com/watch?v=o0qW954JGJo
gqZ361LFN-E,Qanon Kaifak,"Provided to YouTube by Believe A.

Qanon Kaifak · Assalah

Qanon Kaifak

℗ Arabian Collection

Released on: 2013-10-07

Author: Assalah
Composer: Assalah

Auto-generated by YouTube.",2016-04-13T21:36:27Z,4142,https://www.youtube.com/watch?v=gqZ361LFN-E
cR00neuasbU,QAnon Followers &#39;Waking Up&#39; To Realize They&#39;re Fools,"QAnon followers have new conspiracies and question whether Donald Trump understands the big plan. John Iadarola and Jayar Jackson break it down on The Damage Report. 

Read more here:

Radio host Stew Peters’ ‘Watch the Water’ film ridiculously claims COVID-19 is snake venom - https://www.poynter.org/fact-checking/2022/radio-host-stew-peters-watch-the-water-film-ridiculously-claims-covid-19-is-snake-venom/

""A new anti-vaccine documentary ridiculously claims that the coronavirus is not a virus, but a synthetic version of snake venom that evil forces are spreading through remdesivir, the mRNA COVID-19 vaccines and drinking water to “make you a hybrid of Satan.”

The 48-minute film, released April 11, is the latest in an expanding genre of mega-viral, conspiracy-laden videos made in the mold of the “Plandemic” video from May 2020. Its title, “Watch the Water,” is a nod to a favorite refrain of the QAnon conspiracy theory, which is centered around the belief that a secret cabal of Satan-worshipping pedophiles is running a global sex-trafficking ring.""

**

Become a TDR YouTube Member: http://www.youtube.com/thedamagereport/join 

Follow The Damage Report on Facebook: https://www.facebook.com/TheDamageReportTYT/

Help build the Home of the Progressives http://tyt.com/JOIN

Subscribe to The Damage Report YouTube channel: https://www.youtube.com/thedamagereport?sub_confirmation=1

Follow The Damage Report on TikTok: https://www.tiktok.com/@thedamagereport?lang=en

Follow The Damage Report on Instagram: http://www.instagram.com/thedamagereport/ 

Follow The Damage Report on Twitter: https://twitter.com/TheDamageReport

#TheDamageReport #JohnIadarola #TheYoungTurks",2022-04-24T15:00:31Z,214331,https://www.youtube.com/watch?v=cR00neuasbU
MBKolZ7Fb8Y,WTF is Wrong with QAnon (an a-ha Take on Me parody),"Somehow, the video from a-ha just fits this perfectly! And it was great fun to sing!

If you like it, please share - and subscribe!

Original song - ""Take On Me"" by A-ha

Written by: 
Magne Furuholmen, Morten Harket, and Pål Waaktaar

Released on Warner Bros. (1984)",2021-06-03T06:41:41Z,1567,https://www.youtube.com/watch?v=MBKolZ7Fb8Y
C6kisopf54M,The Cult of Conspiracy: QAnon | Trailer | BBC Select,"In this compelling political documentary on BBC Select, the conspiracy theories of the online group QAnon are revealed and explored. It follows the people at the forefront of the conspiracy movement and asks who exactly is steering it and what their motivations might be.

Stream The Cult of Conspiracy: QAnon in the US & Canada by visiting Amazon Prime Video, Apple TV & The Roku Channel:

Prime Video Channels:
US: https://www.amazon.com/The-Cult-Of-Conspiracy-QAnon/dp/B09PFJ518K

Apple TV US: https://tv.apple.com/us/show/the-cult-of-conspiracy-qanon/umc.cmc.51dwihbcrf4tsj3ramcts5qvr?itsct=tv_box_link&itscg=30200 

Apple TV CA: https://tv.apple.com/ca/show/the-cult-of-conspiracy-qanon/umc.cmc.51dwihbcrf4tsj3ramcts5qvr?itsct=tv_box_link&itscg=30200

BBC Select is the new home for documentaries. Available in the U.S and Canada. Find out more and start your free trial: https://bit.ly/3kwM3bU

Follow us on social media 📲💻
Facebook: https://bit.ly/37UXpBn 
Twitter: https://bit.ly/3dSUqxc
Instagram: https://bit.ly/3uEVieL",2021-12-30T15:22:48Z,89755,https://www.youtube.com/watch?v=C6kisopf54M
tJgwZa3IxPw,"Explaining Qanon: The Bad, The Ugly, and the Headaches | Corporate Casket","Go to http://mintmobile.com/casket to get your new wireless plan for just $15 a month and free shipping!

Welcome to the Corporate Casket, a weekly series where bad businesses go to die. 

Connect with me: https://linktr.ee/iilluminaughtii
Sources: https://pastebin.com/hRLeF3A5

Writers/Researchers/Helpers:
Ali Zagame

This episode's audio was mixed by:
G. Thomas Craig 

Artists:
Sprites made by https://plegberb.tumblr.com/

Outro song is Cake by Retrovision

You made it all the way to the bottom of my description box so, hello there.

#iilluminaughtii #qanon #conspiracy",2021-02-03T17:30:03Z,324673,https://www.youtube.com/watch?v=tJgwZa3IxPw
rG5WbN_0z2M,QAnon: ¿es peligroso el mito conspirativo?,"La oposición a las medidas gubernamentales contra el coronavirus crece, y con ella los mitos conspirativos. Por ejemplo, los miembros del movimiento QAnon esparcen algunas ideas difíciles de entender, sobre todo en Estados Unidos. Pero en Alemania y América Latina, también ya se escucha de ellos. ¿Quién está detrás del movimiento? ¿Se los debe tomar en serio?",2020-09-10T19:00:12Z,135181,https://www.youtube.com/watch?v=rG5WbN_0z2M
XQ1cJrGXe2k,phoenix plus: QAnon - Gefahr für Deutschland?,"Noch vor wenigen Jahren hätte man Personen, die öffentlich behauptet hätten, eine weltweit agierende Elite foltere entführte Kinder, um aus ihrem Blut eine Verjüngungsdroge zu gewinnen, unverzüglich nahegelegt, sich psychiatrisch behandeln zu lassen.

Heute ist die Gruppe, die sich QAnon nennt, mit dieser kruden Verschwörungstheorie im Internet aktiv und erfreut sich laut Experten einer wachsenden Fangemeinde. Auch hier in Deutschland. Nach Erkenntnissen der Amadeu-Antonio-Stiftung gibt es hierzulande rund 150.000 QAnon-Anhänger - damit zählt Deutschland zur größten Community außerhalb des englischsprachigen Raums.

Wer verbirgt sich hinter dieser Gruppe, die ihre Theorien, auch mit rechtsextremen Hintergrund, im Internet verbreiten und 2017 in den USA gegründet wurde? Und wie gefährlich sind sie für Deutschland und die Demokratie?

phoenix-Moderatorin Claudia Davies versucht mit Prof. Thomas Grumke, Politikwissenschaftler und ehemaliger Mitarbeiter des Verfassungsschutzes in NRW, und Lena Kampf, Journalistin des Recherchenetzwerkes von NDR,WDR und Süddeutscher Zeitung Antworten auf diese Fragen zu finden.",2021-03-10T14:25:35Z,35042,https://www.youtube.com/watch?v=XQ1cJrGXe2k
pBEH8appK-Q,He Bet His QAnon Mom On Her Conspiracy Theories,"Sean Donnelly’s mom became addicted to QAnon conspiracy theories. So he bet her on every one. Find out who won. 

Subscribe to Brut America: https://bit.ly/BrutAmericaYT

📲Watch the newest Brut videos on our mobile apps: 
▶︎https://apps.apple.com/us/app/brut/id1401241655
▶︎https://play.google.com/store/apps/details?id=media.brut.brut

#brut
#brutamerica

Discover More Brut:
▶︎ https://brut.media/us
▶︎ FB: https://facebook.com/brutamerica
▶︎ IG: https://instagram.com/brutamerica
▶︎ TW: https://twitter.com/brutamerica",2021-06-14T17:29:26Z,2119,https://www.youtube.com/watch?v=pBEH8appK-Q
xqeIRi3XDo8,QANON-AUSTEIGERIN: Diese Frau berichtet von den düsteren Abgründen der Verschwörungssekte,"Ashley Vanderbilt war Anhängerin von QAnon. Sie glaubte, dass Eliten Kinder foltern und dass Trump zurückkehren wird, um die Welt zu retten. Hier gibt sie Einblicke in die Gedankenwelt eines Kults, der sich auf bizarren Verschwörungstheorien gründet. 

#usa #qanon #verschwörungstheorien 

Der WELT Nachrichten-Livestream http://bit.ly/2fwuMPg
Abonniere den WELT YouTube Channel http://bit.ly/WeltVideoTVabo
Die Top-Nachrichten auf WELT.de http://bit.ly/2rQQD9Q
Unsere Reportagen & Dokumentationen http://bit.ly/WELTdokus
Die Mediathek auf WELT.de http://bit.ly/2Iydxv8
WELT Nachrichtensender auf Instagram https://bit.ly/IGWELTTV
WELT auf Instagram http://bit.ly/2X1M7Hk

In eigener Sache: Wegen des hohen Aufkommens unsachlicher und beleidigender Beiträge können wir zurzeit keine Kommentare mehr zulassen. 

Danke für Eurer Verständnis - das WELT-Team

Video 2021 erstellt",2021-02-18T19:15:02Z,39887,https://www.youtube.com/watch?v=xqeIRi3XDo8
2ut4HYHkLjQ,Alleged True QAnon EMBARRASSED At Primary Debate,"Ron Watkins, the alleged true QAnon poster, is running for office in Arizona and had an absolutely disastrous showing at the Republican Party’s primary debate. Watkins asserted that the Keystone XL pipeline was responsible for provoking Russia’s invasion of Ukraine, which he immediately conceded to be false after a rebuttal from an opponent. Cenk Uygur, Jayar Jackson, and Francesca Fiorentini discuss on The Young Turks. Watch LIVE weekdays 6-8 pm ET. http://youtube.com/theyoungturks/live

Read more HERE:  
https://www.newsweek.com/i-made-mistake-qanon-candidate-corrected-during-arizona-tv-debate-1702105

“Ron Watkins, the man who is accused of being behind the QAnon conspiracy movement, was corrected on Thursday after describing the Keystone XL oil pipeline as being the cause of the Ukraine war.

Watkins was speaking at a GOP primary debate to run in Arizona's 2nd Congressional District. The pipeline was meant to stretch 1,200 miles, carrying 830,000 barrels of oil per day from Alberta to Nebraska. But the project was halted by owner TC Energy after U.S. President Joe Biden revoked a key permit needed for it to go ahead on his first day in office in January 2021.

Asked whether he supports U.S. military aid to Ukraine by host Ted Simons, Watkins said: ""I support military aid to Ukraine but I want to say that we would not even be in Ukraine if President Biden did not shut down the Keystone Pipeline on the first day [of his presidency].”""

*** 

The largest online progressive news show in the world. Hosted by Cenk Uygur and Ana Kasparian. LIVE weekdays 6-8 pm ET. 

Help support our mission and get perks. Membership protects TYT's independence from corporate ownership and allows us to provide free live shows that speak truth to power for people around the world. See Perks: ▶ https://www.youtube.com/TheYoungTurks/join


SUBSCRIBE on YOUTUBE: ☞ http://www.youtube.com/subscription_center?add_user=theyoungturks
FACEBOOK: ☞ http://www.facebook.com/TheYoungTurks
TWITTER: ☞ http://www.twitter.com/TheYoungTurks
INSTAGRAM: ☞ http://www.instagram.com/TheYoungTurks
TWITCH: ☞ http://www.twitch.com/tyt

👕 Merch: http://shoptyt.com

❤ Donate: http://www.tyt.com/go

🔗 Website: https://www.tyt.com

📱App: http://www.tyt.com/app

📬 Newsletters: https://www.tyt.com/newsletters/


If you want to watch more videos from TYT, consider subscribing to other channels in our network:



The Damage Report ▶ https://www.youtube.com/thedamagereport

TYT Sports ▶ https://www.youtube.com/tytsports

The Conversation ▶ https://www.youtube.com/tytconversation

Rebel HQ ▶ https://www.youtube.com/rebelhq

TYT Investigates ▶ https://www.youtube.com/channel/UCwNJt9PYyN1uyw2XhNIQMMA


#TYT #TheYoungTurks #BreakingNews

220429__TB03Cringe",2022-04-30T05:00:01Z,112745,https://www.youtube.com/watch?v=2ut4HYHkLjQ
MvjEB9-nxp4,QAnon：一個信奉特朗普是來拯救世界的陰謀論宗派－ BBC News 中文,"自從新型疫情爆發以來，一個奇怪的陰謀論派別「匿名者Q」（QAnon）在美國流傳。
信奉者認為，美國總統特朗普是來拯救世界的，而他的對手是一群孌童癖。為什麼一個聽起來荒謬的陰謀論會有如此多的人相信？

BBC News 中文: https://www.bbc.com/zhongwen
訂閱BBC News 中文 YouTube：http://bit.ly/1wkHh5T
BBC News 中文 Facebook - https://www.facebook.com/bbcchinese
BBC News 中文 Twitter - https://twitter.com/bbcchinese
BBC News 中文 Instagram - https://www.instagram.com/bbcchinese/",2020-07-30T11:00:12Z,32175,https://www.youtube.com/watch?v=MvjEB9-nxp4
TQA6Z_g8gdw,Alex Jones TRIGGERED By QAnon Supporter Live On Air,"Notorious conspiracy theorist Alex Jones has had enough of the QAnon crowd, raging about how Q supporters “lost us the country” in the past election. Jones bashed the gullibility of QAnon supporters and even went so far as to call the whole movement a psyop led by the U.S. government. Cenk Uygur and Ana Kasparian discuss on The Young Turks. Watch LIVE weekdays 6-8 pm ET. http://youtube.com/theyoungturks/live

Read more HERE:  
https://www.mediaite.com/news/alex-jones-rips-caller-for-invoking-qanon-conspiracy-theory-im-tired-of-it-q-is-the-worst-people-in-the-world/

""Conspiracy theorist Alex Jones has had enough of the QAnon crowd.

The InfoWars founder and host ripped a caller who invoked the popular theory on his show.

A clip posted online highlighted a moment in Jones’ daily, hours-long broadcast in which he ripped QAnon to shreds after it was brought into the conversation by a caller.

Jones went into a screed in which he screamed at the man — and everyone who bought into QAnon — in the years leading up to the 2020 election.

The host fumed their gullibility helped Democrats steal the country.""

*** 

The largest online progressive news show in the world. Hosted by Cenk Uygur and Ana Kasparian. LIVE weekdays 6-8 pm ET. 

Help support our mission and get perks. Membership protects TYT's independence from corporate ownership and allows us to provide free live shows that speak truth to power for people around the world. See Perks: ▶ https://www.youtube.com/TheYoungTurks/join


SUBSCRIBE on YOUTUBE: ☞ http://www.youtube.com/subscription_center?add_user=theyoungturks
FACEBOOK: ☞ http://www.facebook.com/TheYoungTurks
TWITTER: ☞ http://www.twitter.com/TheYoungTurks
INSTAGRAM: ☞ http://www.instagram.com/TheYoungTurks
TWITCH: ☞ http://www.twitch.com/tyt

👕 Merch: http://shoptyt.com

❤ Donate: http://www.tyt.com/go

🔗 Website: https://www.tyt.com

📱App: http://www.tyt.com/app

📬 Newsletters: https://www.tyt.com/newsletters/


If you want to watch more videos from TYT, consider subscribing to other channels in our network:



The Damage Report ▶ https://www.youtube.com/thedamagereport

TYT Sports ▶ https://www.youtube.com/tytsports

The Conversation ▶ https://www.youtube.com/tytconversation

Rebel HQ ▶ https://www.youtube.com/rebelhq

TYT Investigates ▶ https://www.youtube.com/channel/UCwNJt9PYyN1uyw2XhNIQMMA


#TYT #TheYoungTurks #BreakingNews

220510__TB03Alex",2022-05-11T05:45:01Z,120814,https://www.youtube.com/watch?v=TQA6Z_g8gdw
64WkVkjkTYI,Is Far-Right QAnon Conspiracy Theorist Rep. Marjorie Taylor Greene the New Face of the GOP?,"Republicans face increasing pressure to strip Georgia Congressmember Marjorie Taylor Greene of her post on the House Education Committee. Greene was elected in November 2020 and is a far-right conspiracy theorist who has promoted QAnon, supported the execution of House Speaker Nancy Pelosi, and claimed the school shootings in Sandy Hook, Connecticut, and Parkland, Florida, were staged — as was the September 11 attack on the Pentagon. She also has a history of racist, anti-Muslim and anti-Semitic comments. Bee Nguyen, a Democratic state representative in Georgia, recently joined other lawmakers in signing a resolution that calls on Greene to resign. “The congresswoman has proven to be dangerous, not just to our state, but to our country,” says Nguyen. We also speak with Michael Edison Hayden, senior reporter for the Southern Poverty Law Center, who says media discussions of QAnon and other far-right conspiracy theories tend to focus on how outlandish they are rather than on their hateful content. “While some of these ideas are crazy-sounding to people, I think it’s very, very helpful to start reframing it in your mind as something that is part of this drift toward anti-democratic, hard-right, authoritarian tendencies in the Republican Party,” says Hayden.

#DemocracyNow

Democracy Now! is an independent global news hour that airs on nearly 1,400 TV and radio stations Monday through Friday. Watch our livestream 8-9AM ET: https://democracynow.org

Please consider supporting independent media by making a donation to Democracy Now! today: https://democracynow.org/donate

FOLLOW DEMOCRACY NOW! ONLINE:
YouTube: http://youtube.com/democracynow 
Facebook: http://facebook.com/democracynow 
Twitter: https://twitter.com/democracynow
Instagram: http://instagram.com/democracynow
SoundCloud: http://soundcloud.com/democracynow 
iTunes: https://itunes.apple.com/podcast/democracy-now!-audio/id73802554 
Daily Email Digest: https://democracynow.org/subscribe",2021-02-01T15:47:44Z,32253,https://www.youtube.com/watch?v=64WkVkjkTYI
TTb31HVYil0,REPORT: QAnon Continues To Gain Believers,"Even though Trump’s presidency has been over for a while now, the QAnon conspiracy theory movement is still gaining traction with the group increasing in size since the end of the Trump Administration. Around 41 MILLION Americans believe in the conspiracy that Satan-worshipping pedophile elites are drinking the blood of and trafficking young children. Cenk Uygur and Ana Kasparian discuss on The Young Turks. Watch LIVE weekdays 6-8 pm ET. http://youtube.com/theyoungturks/live

Read more HERE:  
https://www.vice.com/en/article/93bg5a/qanon-conspiracy-theory-prri-poll

""In November 2020, Donald Trump lost the presidential election. In December 2020, the anonymous poster known only as “Q” stopped posting updates, or “Q drops.” In January 2021, in the wake of the Capitol riots, social networks purged their platforms of accounts and groups associated with QAnon. 

Many saw these developments as the final nails in the coffin of a conspiracy movement that had briefly consumed millions of Americans who now believed that a group of Satan-worshipping elites from Hollywood and the Democratic Party was operating a child sex-trafficking ring in order to harvest children’s blood. But with Trump’s loss, Q going silent, and access to Twitter and Facebook removed, the reasoning went, the QAnon fever was sure to break.""

*** 

The largest online progressive news show in the world. Hosted by Cenk Uygur and Ana Kasparian. LIVE weekdays 6-8 pm ET. 

Help support our mission and get perks. Membership protects TYT's independence from corporate ownership and allows us to provide free live shows that speak truth to power for people around the world. See Perks: ▶ https://www.youtube.com/TheYoungTurks/join


SUBSCRIBE on YOUTUBE: ☞ http://www.youtube.com/subscription_center?add_user=theyoungturks
FACEBOOK: ☞ http://www.facebook.com/TheYoungTurks
TWITTER: ☞ http://www.twitter.com/TheYoungTurks
INSTAGRAM: ☞ http://www.instagram.com/TheYoungTurks
TWITCH: ☞ http://www.twitch.com/tyt

👕 Merch: http://shoptyt.com

❤ Donate: http://www.tyt.com/go

🔗 Website: https://www.tyt.com

📱App: http://www.tyt.com/app

📬 Newsletters: https://www.tyt.com/newsletters/


If you want to watch more videos from TYT, consider subscribing to other channels in our network:



The Damage Report ▶ https://www.youtube.com/thedamagereport

TYT Sports ▶ https://www.youtube.com/tytsports

The Conversation ▶ https://www.youtube.com/tytconversation

Rebel HQ ▶ https://www.youtube.com/rebelhq

TYT Investigates ▶ https://www.youtube.com/channel/UCwNJt9PYyN1uyw2XhNIQMMA


#TYT #TheYoungTurks #BreakingNews

220224__BE02QanonGrowsBP",2022-02-28T03:00:19Z,83856,https://www.youtube.com/watch?v=TTb31HVYil0
ZdKc808GJMg,Waarom geloven aanhangers van QAnon in zulke bizarre verhalen? | Debunked,"De dingen waar de complotdenkers van QAnon zich aan vastklampen lijken zo uit een sciencefiction-film te komen. Hoe kan het dat zo'n beweging zo'n grote groep volgers heeft gekregen?

In de serie 'Debunked' onderzoekt VICE i.s.m. de Nationale WetenschapsAgenda de zin en voornamelijk onzin van wilde complottheorieën die op het internet circuleren.

Correctie: In de complottheorieën van QAnon staan een aantal onderwerpen centraal die diepe
antisemitische wortels hebben. Hiervan hebben we helaas geen melding gemaakt in de video. VICE betreurt de fout.

Abonneer je op VICE Nederland: http://bit.ly/Abonneer-op-VICE​
En abonneer je ook op het internationale kanaal van VICE: http://bit.ly/Subscribe-to-VICE​

Over VICE:
Met onze impactvolle, maar ook luchtige verhalen geven we wereldwijd een originele kijk op de actualiteit, cultuur, feesten, identiteit, het internet en allemaal dingen waar überhaupt nog niet eens een naam voor bestaan. Scroll door onze bibliotheek en ontdek onze wereld. Welkom bij VICE.

Connect met VICE:
Bekijk onze video's in het Nederlands: http://bit.ly/VICEnl-Videos​ 
Bekijk onze wereldwijde video bibliotheek: http://bit.ly/VICE-Videos​
Videos, dagelijkse artikelen en meer: http://vice.com​
Meer video’s van het VICE-netwerk: https://www.fb.com/vicevideo​

Volg VICE Nederland op Instagram: http://instagram.com/vicenl​
Like VICE Nederland op Facebook: http://fb.com/vicenederland​
Volg VICE Nederland op Twitter: http://twitter.com/vicenl​
Klik hier om wekelijks het beste van VICE te ontvangen: https://www.vice.com/nl/page/nieuwsbrief​

Het VICE YouTube Netwerk:
VICE: https://www.youtube.com/VICE​
MUNCHIES: https://www.youtube.com/MUNCHIES​ 
VICE News: https://www.youtube.com/VICENews​
VICELAND: https://www.youtube.com/VICELANDTV​
Broadly: https://www.youtube.com/Broadly​
Noisey: https://www.youtube.com/Noisey​
Motherboard: https://www.youtube.com/MotherboardTV​ 
VICE Sports: https://www.youtube.com/NOC​
i-D: http://www.youtube.com/iDmagazine​ 
Waypoint: https://www.youtube.com/Waypoint​

#Debunked​ #QAnon​ #VICE",2021-02-16T16:00:09Z,4380,https://www.youtube.com/watch?v=ZdKc808GJMg
sr8n7Cos4a8,QAnon Supporters Stood Up By DEAD JFK Jr.,"Hundreds of QAnon supporters gathered in Dallas today in hopes of meeting JFK Jr. after he miraculously comes back to life, assumes the presidency, and deems Trump the 'King of Kings'. Cenk Uygur and Ana Kasparian discuss on The Young Turks. Watch LIVE weekdays 6-8 pm ET. http://youtube.com/theyoungturks/live

*** 

The largest online progressive news show in the world. Hosted by Cenk Uygur and Ana Kasparian. LIVE weekdays 6-8 pm ET. 

Help support our mission and get perks. Membership protects TYT's independence from corporate ownership and allows us to provide free live shows that speak truth to power for people around the world. See Perks: ▶ https://www.youtube.com/TheYoungTurks/join

SUBSCRIBE on YOUTUBE: ☞ http://www.youtube.com/subscription_center?add_user=theyoungturks
FACEBOOK: ☞ http://www.facebook.com/TheYoungTurks
TWITTER: ☞ http://www.twitter.com/TheYoungTurks
INSTAGRAM: ☞ http://www.instagram.com/TheYoungTurks
TWITCH: ☞ http://www.twitch.com/tyt

👕 Merch: http://shoptyt.com

❤ Donate: http://www.tyt.com/go

🔗 Website: https://www.tyt.com

📱App: http://www.tyt.com/app

📬 Newsletters: https://www.tyt.com/newsletters/

If you want to watch more videos from TYT, consider subscribing to other channels in our network:

The Damage Report ▶ https://www.youtube.com/thedamagereport

TYT Sports ▶ https://www.youtube.com/tytsports

The Conversation ▶ https://www.youtube.com/tytconversation

Rebel HQ ▶ https://www.youtube.com/rebelhq

TYT Investigates ▶ https://www.youtube.com/channel/UCwNJt9PYyN1uyw2XhNIQMMA

#TYT #TheYoungTurks #BreakingNews

211102__BE03QAnonHeartJFK",2021-11-03T08:15:02Z,326777,https://www.youtube.com/watch?v=sr8n7Cos4a8
KYwbmcbtibA,Joe Biden has a suggestion for QAnon supporters,"When asked about the QAnon conspiracy theory, Joe Biden said, “I’ve been a big supporter of mental health. I’d recommend that people who believe maybe should take advantage while it still exists in the Affordable Care Act...Have you guys found that plane load of people in uniforms and weapons and flying around?”

Follow us on:
Facebook: https://www.facebook.com/yahoonews
Instagram: https://www.instagram.com/yahoonews/
Twitter: https://twitter.com/yahoonews
Website: https://news.yahoo.com/

#JoeBiden #Qanon #JoeBidenQanon #conspiracytheory #joebidenmentalhealth #qanonmentalhealth #joebidenpressconference #Bidenqanon #bidenqanonmentalhealth #joebidenqanonmentalhealth",2020-09-04T17:59:48Z,15549,https://www.youtube.com/watch?v=KYwbmcbtibA
XJgX20S0Zdg,Maybe We Should Be Concerned About Qanon? - SOME MORE NEWS,"In today's episode, oh dear God we have to revisit Qanon? Can’t the sun explode instead?

Support SOME MORE NEWS: http://www.patreon.com/SomeMoreNews
Check out our MERCH STORE: https://tinyurl.com/y4xxl3zn
SUBSCRIBE to SOME MORE NEWS: https://tinyurl.com/ybfx89rh

Produced by Katy Stoll (@KatyStoll). Written by David C. Bell (@moviehooligan).

You can subscribe to our podcast EVEN MORE NEWS here:
iTunes: https://goo.gl/bveu8q  
Google Play: https://goo.gl/zpnhN9  
Soundcloud: https://goo.gl/xMHZYT  
Stitcher: https://goo.gl/ZFdRhp

Follow us on social Media! 
Twitter: https://twitter.com/SomeMoreNews 
Instagram: https://www.instagram.com/SomeMoreNews/ 
Facebook: https://www.facebook.com/SomeMoreNews/

Source List -  https://tinyurl.com/y2fnr589

Music: ""Dance"" from http://www.Bensound.com

Snake image via - http://Morelia-snake.blogspot.com",2019-08-20T15:00:09Z,803583,https://www.youtube.com/watch?v=XJgX20S0Zdg
kBZNFhbKqsc,Xeno Reacts to &quot;QAnon Conference&quot; By Channel 5,"People are weird, man. In this video Xeno reacts to a conference for conspiracy theory believers. This was hard to watch. This video was made by Channel 5 with Andrew Callaghan, previously known as All Gas No Brakes. Andrew and the Channel 5 crew joined the ""God and Country Patriot Roundup"" meetup and interviewed some interesting folks out there. What is QAnon conspiracy? Who are the people who believe in it? Stay tuned to find out.

Original video: https://www.youtube.com/watch?v=KYKOLwt8pwo (Q Conference)

► Xeno's Twitch: https://www.twitch.tv/xenosysvex
► Xeno's Twitter: https://twitter.com/xenosysvex
► Xeno's Discord: https://discord.gg/xenosysvex
► Xeno's fflogs: https://www.fflogs.com/character/id/27629

Thank you for watching! Don't forget to subscribe to Xeno's YouTube Channel so you can stay up to date with the best Xeno Highlights, Xeno Reacts, Xeno Guides and the funniest Xeno moments from Final Fantasy 14 (FFXIV) and other games played on stream! 

#Xeno #FFXIV #Channel5

Channel Editor: Leo Coman (Discord: Leo#9926)

Outro song: Sirius Beat - The Chosen
Link: http://youtu.be/JuaM1romA3c

Background music by Sirius Beat
Link: https://www.youtube.com/c/siriusbeat

If you own the copyright of content showed in this video and would like it to be removed or the Ad-Revenue made from it please contact:
► leocoman3@gmail.com",2021-11-30T14:30:06Z,15146,https://www.youtube.com/watch?v=kBZNFhbKqsc
Ty5XsUhB7J8,How QAnon Went Global,"QAnon took over the US, and now it's coming for the world. 

Subscribe to VICE News here: http://bit.ly/Subscribe-to-VICE-News

Check out VICE News for more: http://vicenews.com

Follow VICE News here:
Facebook: https://www.facebook.com/vicenews
Twitter: https://twitter.com/vicenews
Tumblr: http://vicenews.tumblr.com/
Instagram: http://instagram.com/vicenews
More videos from the VICE network: https://www.fb.com/vicevideo

#VICENews #News",2020-11-01T13:00:13Z,229693,https://www.youtube.com/watch?v=Ty5XsUhB7J8
I8NVVgg9v-U,QAnon: Wer steckt hinter den bizarren Verschwörungstheorien? | Galileo | ProSieben,"Auf Corona-Demos taucht immer häufiger der Buchstabe Q auf. Hinter diesem soll sich angeblich eine Geheimorganisation mit dem Namen QAnon verbergen. Doch was ist an den Gerüchten dran? Und was könnte der amerikanische Präsident damit zu tun haben?

#QAnon #Verschwörungstheorie #Galileo

► Die besten Videos von #Galileo: https://s71.link/b/2S1dw8f 
► Ganze Folgen von Galileo: https://s71.link/b/3eQ2n3U 

*******************

►Galileo auf YouTube abonnieren: 
https://s71.link/b/3eLvbux 

*********************

►Mehr auf Galileo: https://s71.link/b/3bBYVIr 

►Alle Videos findest du auf https://s71.link/b/2S3LBVf 

Galileo ist die #ProSieben Wissenssendung mit Aiman Abdallah, Stefan Gödde und Funda Vanroy. Täglich um 19.05 Uhr kannst Du auf ProSieben die Welt kennen und verstehen lernen. Galileo nimmt Dich mit auf eine Reise durch das Wissen: Physik, Geschichte, Natur und Internetphänomene, Gesellschaft, Politik und alltägliche Fragen. Die Hosts Harro Füllgrabe, Jan Schwiderek, Jumbo Schreiner, Klas Bömecke, Matthias Fiedler, Akif Aydin und Dionne Wudu nehmen dabei vollen Körpereinsatz in Kauf und gehen allem auf den Grund, was uns interessiert.

-----------------------------------------------------------------------------------------------

Impressum:
https://www.sat1.de/service/impressum",2020-09-17T10:30:01Z,147860,https://www.youtube.com/watch?v=I8NVVgg9v-U
Zxi--4N8CBY,"“60 in 6” gets inside look at QAnon, speaks with a leader in the movement",“60 in 6” corespondent Laurie Segall reports on followers of a fast-growing conspiracy called QAnon — a movement that could possibly influence voters in the upcoming election.,2020-09-23T14:26:32Z,222,https://www.youtube.com/watch?v=Zxi--4N8CBY
LjBDr_Pr2jE,Qanon Leader RETURNS After 2 Years Of Silence,"Qanon has returned. The leader, Q, posted new messages for the first time in two years. The Qanon community is going absolutely wild.

Religious Evangelist Warning Sign: https://www.etsy.com/listing/1156613611/religious-evangelists-warning-sign

Patreon: https://www.patreon.com/telltaleatheist
Twitter: https://twitter.com/telltaleatheist
Twitch: https://www.twitch.tv/telltaleatheist
Telltale: https://www.youtube.com/c/TelltaleAtheist
Telltale Fireside Chat: https://www.youtube.com/c/TelltaleFiresideChat
Telltale Unfiltered: https://www.youtube.com/channel/UCOB86WpguzlOEs4z93iZ7kA
TikTok: https://www.tiktok.com/@telltaleatheist
Discord: https://discord.gg/KeXmEq9
PayPal: http://paypal.me/telltaleatheist
Teespring: https://teespring.com/stores/telltaleatheist
Etsy Game Shop: https://www.etsy.com/shop/TelltaleShop
Podcast on iTunes: https://podcasts.apple.com/us/podcast/telltale-podcast/id1399333418
Podcast on SoundCloud: https://soundcloud.com/user-450959803
Voicemail: 1-800-701-8573",2022-07-05T20:00:05Z,5810,https://www.youtube.com/watch?v=LjBDr_Pr2jE
0x_uz2_a11k,QAnon Rapper Wins Ohio Primary,"J.R. Majewski, an air force veteran, QAnon Rapper, and insurrectionist has won the Ohio Primary. Jayar Jackson and Rayyvana break it down on The Watchlist. Watch LIVE weekdays at noon ET. http://youtube.com/watchlisttyt/live

Read more HERE: https://www.cnn.com/2022/05/08/politics/kfile-jr-majewski-jan-6-qanon-material/index.html

""J.R. Majewski, the Air Force veteran who won the GOP primary for Ohio's new 9th Congressional District, was a January 6 rally participant and has repeatedly shared pro-QAnon material -- including a video showing him painting his lawn to say Trump 2020 with ""Q"" replacing the zeros.

Majewski emerged victorious in Tuesday's crowded Republican primary and will face off against long-serving Democratic Rep. Marcy Kaptur in the newly drawn district this November.""

*** 

Host Jayar Jackson reacts to a must-watch list of videos of the day, which will cover news, politics, society, culture, current events, and more. 

Help support our mission and get perks. Membership protects TYT's independence from corporate ownership and allows us to provide free live shows that speak truth to power for people around the world. See Perks:  https://www.tyt.com/join


SUBSCRIBE on YOUTUBE: ☞ http://youtube.com/watchlisttyt
FACEBOOK: ☞ http://www.facebook.com/watchlisttyt
TWITTER: ☞ https://twitter.com/watchlisttyt
INSTAGRAM: ☞ https://instagram.com/watchlisttyt
TWITCH: ☞ http://www.twitch.com/tyt


 Merch: http://shoptyt.com

 Donate: http://www.tyt.com/go

 Website: https://www.tyt.com

App: http://www.tyt.com/app

 Newsletters: https://www.tyt.com/newsletters/


If you want to watch more videos from TYT, consider subscribing to other channels in our network:


Indisputable  https://www.youtube.com/indisputabletyt

The Young Turks  https://www.youtube.com/theyoungturks

The Damage Report  https://www.youtube.com/thedamagereport

TYT Sports  https://www.youtube.com/tytsports

The Conversation  https://www.youtube.com/tytconversation

Rebel HQ  https://www.youtube.com/rebelhq

TYT Investigates  https://www.youtube.com/channel/UCwNJt9PYyN1uyw2XhNIQMMA

#TYT #TheWatchlist #JayarJackson

220510__WL03_Man_With_Trump_Lawn",2022-05-10T18:35:09Z,17328,https://www.youtube.com/watch?v=0x_uz2_a11k
4eJ0mUDu7pE,QAnon supporters gather in hope JFK junior returns from dead,"QAnon supporters attended a gathering in Dallas, Texas, at which they falsely believed JFK junior would reveal he is not dead and announce a 2024 presidential run with Donald Trump, the former president.

The bizarre and unfounded theory suggests that JFK's plane accident was just a ruse to fake his death and that he will be resurrected. 

QAnon is a wide-ranging conspiracy theory based on factually incorrect information that Mr Trump is waging a secret war against elite Satan-worshipping paedophiles in government, business and the media.

Read more: https://www.independent.co.uk/news/qanon-jfk-junior-trump-2024-b1949713.html

Like us on Facebook: https://www.facebook.com/TheIndependentOnline
Follow us on Twitter: https://twitter.com/Independent
Follow us on Instagram: https://www.instagram.com/the.independent

Subscribe to Independent Premium for exclusive content and live events: https://bit.ly/2MiOONB",2021-11-03T00:46:04Z,21631,https://www.youtube.com/watch?v=4eJ0mUDu7pE
7pZMqFF6iNs,Chi sono i seguaci della teoria del complotto QAnon?,"Cosa unisce una mamma influencer che va a fare ritiri yoga e un misogino filonazista che crede che Tom Hanks e Obama rapiscano bambini per bere il loro sangue? La risposta è una: le teorie QAnon. 

QAnon è una teoria del complotto nata negli Stati Uniti nel 2017, quando il profeta del movimento, un anonimo che si fa chiamare Q, ha iniziato a pubblicare profezie su 4Chan. La teoria principale è che un gruppo di celebrità di Hollywood e politici liberali siano membri di un’élite perversa che rapisce bambini per nutrirsi del loro sangue ricco di una sostanza chiamata adrenocromo che avrebbe le proprietà di farli restare giovani in eterno.

Dopo l’assalto a Capitol Hill il 6 gennaio 2021 i QAnon sono diventati mainstream e stanno aumentando anche in Europa. Sono 85 i paesi in cui stanno accumulando seguaci e l’Italia è il terzo paese al mondo dopo gli Stati Uniti e la Germania. 

Ma chi sono davvero? Ce lo spiega Valeria Montebello.

► Iscriviti: https://tinyurl.com/66hffrar

00:00 Intro
00:13 Una teoria del complotto nata negli USA
00:48 Buoni e cattivi: il mondo per i QAnon
01:22 QAnon e no-vax
01:44 I QAnon in Italia
02:22 I QAnon sono sempre di più: i WAnon
03:15 Il rebranding di QAnon
04:50 Un fenomeno da prendere seriamente

#Will #QAnon #Complotto

Will è uno spazio per i curiosi del mondo⁣, per capire ciò che ci circonda e fare un figurone a cena ;)

Scopri tutti i nostri canali:
► Instagram: https://instagram.com/will_ita
► Facebook: https://facebook.com/willmediaITA
► LinkedIn: https://linkedin.com/company/willmedi...
► TikTok: https://tiktok.com/@will_ita
► Telegram: https://t.me/will_media
► Sito: https://willmedia.it
► Podcast: https://willmedia.it/podcast/
► Ascolta Acerbe, il nostro nuovo podcast: https://www.spreaker.com/show/acerbe",2021-12-21T16:00:06Z,25211,https://www.youtube.com/watch?v=7pZMqFF6iNs
VvkeuA_a3bw,QAnon Followers Short Circuit Over Elon Musk,"QAnon king, Ron Watkins, and other Qanon followers try to form an opinion on Elon Musk buying twitter after previously condemning him but now wanting to back in on the social media platform. John Iadarola and Wosny Lambre break it down on The Damage Report. 

Read more here:

Twitter says it's being acquired by Elon Musk for $44 billion - https://finance.yahoo.com/news/elon-musk-to-buy-twitter-for-44-billion-185306641.html

""Twitter (TWTR) announced on Monday that it has entered into a deal to be acquired by Tesla CEO Elon Musk for $44 billion. Twitter shareholders will receive $54.20 per share, and when the deal is finalized the social network will become a privately held company.

Twitter trading was halted Monday afternoon ahead of the news. Shares were up 6% just after 3:30 p.m. EST.

""Free speech is the bedrock of a functioning democracy, and Twitter is the digital town square where matters vital to the future of humanity are debated,"" Musk said in a statement following the announcement.""

**

Become a TDR YouTube Member: http://www.youtube.com/thedamagereport/join 

Follow The Damage Report on Facebook: https://www.facebook.com/TheDamageReportTYT/

Help build the Home of the Progressives http://tyt.com/JOIN

Subscribe to The Damage Report YouTube channel: https://www.youtube.com/thedamagereport?sub_confirmation=1

Follow The Damage Report on TikTok: https://www.tiktok.com/@thedamagereport?lang=en

Follow The Damage Report on Instagram: http://www.instagram.com/thedamagereport/ 

Follow The Damage Report on Twitter: https://twitter.com/TheDamageReport

#TheDamageReport #JohnIadarola #TheYoungTurks",2022-04-30T19:00:07Z,8549,https://www.youtube.com/watch?v=VvkeuA_a3bw
NFpCcis1GFQ,QAnon Just Got Deadlier,"Texas cult convinces QAnon to drink a chemical cocktail. John Iadarola breaks it down on The Damage Report. 

Become a TDR YouTube Member: http://www.youtube.com/thedamagereport/join 

Follow The Damage Report on Facebook: https://www.facebook.com/TheDamageReportTYT/

Help build the Home of the Progressives http://tyt.com/JOIN

Subscribe to The Damage Report YouTube channel: https://www.youtube.com/thedamagereport?sub_confirmation=1

Follow The Damage Report on TikTok:https://www.tiktok.com/@thedamagereport?lang=en

Follow The Damage Report on Instagram: http://www.instagram.com/thedamagereport/ 

Follow The Damage Report on Twitter: https://twitter.com/TheDamageReport

Read more here: https://www.dailydot.com/debug/telegram-scam-meticore-covid-cure/

""Telegram channels posing as prominent right-wing figures are hawking a supplement that supposedly prevents COVID-19. Some of the channels even claim that the supplement, Meticore, “will kill every infection.”""

#TheDamageReport #JohnIadarola #TheYoungTurks",2021-12-26T16:00:13Z,216927,https://www.youtube.com/watch?v=NFpCcis1GFQ
bD9U9bQUlSs,The Q in Conspiracy: Wu Ming 1 and Florian Cramer on QAnon &amp; Conspiracies #DisruptiveFridays,"THE Q IN QONSPIRACY: QAnon as a Paradigm for Future Social-media-driven Conspiracism· Disruptive Fridays #19

Wu Ming 1 and Florian Cramer, moderated by Tatiana Bazzichelli 

In this conversation between Wu Ming 1 and Florian Cramer, QAnon is discussed as a template for contemporary social-media-driven conspiracy fantasies that work simultaneously as games and a new kind of cults. By focusing on the mutation of conspiracy myths from countercultural phenomena to contemporary meme and influencer culture, they will focus on three conspiracy narratives: ""The Great Replacement"" (from Renaud Camus to Charlottesville), QAnon (from Pizzagate to the Capitol storming) and ""The Great Reset"" (as a set of pandemic-inspired variations on the old New World Order trope).

https://www.disruptionlab.org/fridays

00:00. Introduction by Tatiana Bazzichelli
3:55.  Wu Ming 1: The Q in Qonspiracy - Background
7:05  Qanons dynamics & context: social media & algorithms
9:00. Real Conspiracies vs Conspiracy Fantasies
11:50. Qanons evolution
14:22. Florian Cramer: Gamification & Qanon as a Collaborative Game
20:44. Forerunners to Qanon: The Zeitgeist Movement, Occupy Wall Street
22:33. Global Scale & Success; Qanons Plane of Immanence
26:35. Rhizomatic Fascism
29:31. Similarities to the Q novel by Wu Ming / Luther Blissett
33:21. The Kernel of Truth of Qanon; Europe, Corona, Conspirituality, The Great Reset
37:41. Bill Gates, the WHO & Neoliberalism
39:31. The trap of defending Bill Gates, avoiding the binary; Snowden
48:03. Suspicion, Mistrust, Big Pharma
46:31. New narratives: The Great Replacement, The Great Reset
46:49. The assault on Capitol Hill - an apex and swan song of Qanon  
55:48. The Great Reset, World Economic Forum, Covid-19
57:06. The Catholic Church
1:01:00. Outro",2021-03-13T05:15:35Z,2069,https://www.youtube.com/watch?v=bD9U9bQUlSs
0S6XHbIokh0,Warum QAnon jetzt auch Deutschland infiziert | WALULIS STORY SWR3,"Und hier gibt's den Bonus zur Story:

►► https://1.ard.de/Scheuer_Spahn_Chatverlauf

Mit fliegenden Kackbeuteln, dem No Angels Comeback, irren Polizeifails und Luisa am Internet-Helpdesk.
 
Und Du kannst testen, ob Du das Zeug zum neuen Superverschwörer hast: http://www.quizanon.de


→ DIE LINKS AUS DIESEM VIDEO ZUM ANKLICKEN
►Artikel, Posts und Videos: http://walul.is/3sQp12G


→ ""Walulis Story"" ist ein Angebot von SWR3. 
►Instagram: https://www.instagram.com/swr3online/
►Homepage: https://www.swr3.de/
►Facebook: https://www.facebook.com/SWR3
►Datenschutz: https://www.swr3.de/datenschutz/index.html
►Impressum: https://www.swr3.de/impressum/index.html

Außerdem gelten die Datenschutzbestimmungen der Plattform, auf der du dich eingeloggt hast: https://policies.google.com​ 

→ Mehr von WALULIS: 
►WALULIS Daily: https://walul.is/daily 
►WALULIS // Instagram: https://walul.is/instagram​ 
►WALULIS // Facebook: https://walul.is/facebook​ 
►WALULIS // Twitter: https://walul.is/twitter

→Alle Folgen der WALULIS Woche findet ihr hier: 

►https://1.ard.de/waluliswoche

#WALULIS",2021-03-04T17:09:41Z,216524,https://www.youtube.com/watch?v=0S6XHbIokh0
JgsRzTxzC0U,QAnon Anonymous,"We were given exclusive access to a ‘QAnon Anonymous’ meeting – for people addicted to insane conspiracy theories, including … wait for it …

This sketch is part of the War On 2020 series, a collaboration between Chaser Digital, The Shovel and a whole heap of other talented writers and performers. This sketch was written by James Schloeffel from The Shovel and directed by Victoria Zerbst. It features Sami Shah, Cameron James, Zoe Norton Lodge, Nina Oyama, Nat Damena, Jenna Owen, Charles Firth and James Schloeffel.

Want more? Go to www.theshovel.com.au",2020-12-17T21:30:24Z,83795,https://www.youtube.com/watch?v=JgsRzTxzC0U
WtfXRED2Jhs,Who is Simply Q? Rise and Fall of QAnon in 2022 (Why is March 4 significant) Who is QAnon  Pizzagate,"To help support me in creating great content, pls join my Patreon page: www.patreon.com/company_insight

The January 6th storming of the Capitol featured several memorable characters. Most people who even remotely recall the event remember a bare chested young man wearing a horned fur hat with a sign that read, “Q Sent Me,” as well as several participants’ clothes featuring a prominent “Q.” Since Donald Trump’s presidency in 2017, QAnon, often abbreviated as “Q” in their swag, has become a larger part of mainstream American culture. It’s quite possible that the Internet has spawned QAnon, and we hear about it often --- usually associated with fake news and conspiracy theories. What or who is QAnon then? The answer highly depends on who you ask, but I’ll try to break it down anyway.  By the end of this video, you’ll also know what is pizzagate, what is Simply Q and why is march 4 significant.

QAnon has tried to combat irrelevancy by also harping back on Cold War-style fears that the US is falling behind other countries and it will only be exacerbated with Biden’s presidency. Their more recent rhetoric focuses on the Chinese Communist Party establishing a New World Order antithetical to the United States. Ironically, it’s been theorized that China, Russia, Iran, and Saudia Arabia have fueled QAnon messaging prior to the Capitol Riot to sow discord and misinformation. While in 2020, Russia is thought to have led QAnon activity that has originated outside of the USA, in 2021, China has led the fray. It might be lost on many QAnon followers that perhaps the so-called “breadcrumbs” or clues dropped by “Q” on different forums may actually be propagated by the same nations they demonize. It’s safe to say that given the prevalence of conspiracy theories throughout American history, QAnon is just another one for the history books, even if it’s muted for now.  @FiveThirtyEight @The QAnon Anonymous Podcast @Real QanonNews @QAnon Anonymous @Dr. Todd Grande

👋 I'm real!  Connect with me:  
https://www.instagram.com/companyinsight/ 
https://www.twitter.com/company_insight/
https://www.linkedin.com/in/companyinsight

#companyinsight
If you enjoyed watching this video, you'll love our other videos 💡

👉 Who is Company Man?  📈  
https://youtu.be/_HGBnIW4_Gk

👉 Is Honda in Trouble? - The Rise and Fall of Honda
https://youtu.be/IYE1SUJWmxY

👉 The Rise and Fall of Huffy Bike
https://youtu.be/5PXtd5--I38

👉 The Rise and Fall of New York
https://youtu.be/_c6wYou9qLQ

👉 The Rise and Fall of Orbitz Drink 
https://youtu.be/dTw6cY4bGUw

👉 The Rise of Bumble 
https://youtu.be/jEwbFU1g39Q

👉 The Rise of Kiehl's 
https://youtu.be/BUi-xBVr3x8

👉 The Rise and Fall of the Weather Channel 🌤️
https://youtu.be/Haps6M-BYYs

👉 The Rise of Comme Des Garcons ❤️
https://youtu.be/K-HEmrizDRk

👉 The Rise and Fall of Discovery Zone 👾
https://youtu.be/cDjHfy1tDKg

👉 The Rise and Fall of Rainforest Cafe 🦜
https://youtu.be/UVtCaPzyKXo

👉 The Rise and Fall of Magic Eye 👁️🔍
https://youtu.be/ycA6WpArfyY

👉 The Rise and Fall and Rise Again of Britney Spears 
https://youtu.be/pxh0ly9sWjY

👉 USA vs China COVID Vaccine War 
https://youtu.be/uUFUCJv47FI

👉Rise and Fall of LinkedIn 
https://youtu.be/YMtXPYIIYKM

👉 What Happened to LA Gear Shoes?
https://youtu.be/C4HmReSFSkU

👉What Happened to Bruno Mars
https://youtu.be/ouLY7kKqGWc

👉The REAL Truth What Happened to FUBU
https://youtu.be/gUK1j_A8wMg

👉Warren Buffett Secret to Success
https://youtu.be/hM1olEUuz3E

👉How Did In-N-Out Get So Popular? In N Out Success Story
https://youtu.be/klgOJkeZZ8o

👉What Happened to Cyberpunk 2077 in 2021
https://youtu.be/1iqDel7_jhA

👉How Did Five Guys Get So Popular? 
https://youtu.be/7nNK0gdx684

👉TOP 15 STATES Everyone is Leaving
https://youtu.be/l5WuOGyKgO8

👉 Asian American Racism in the USA
https://youtu.be/l5WuOGyKgO8

👉 What Happened to Jack Ma?
https://youtu.be/pF5uNGpT-HY

👉How Shake Shack is Taking Over the World
https://youtu.be/6GwENVGBbv8

👉 The Rise and Fall of Circle K
https://youtu.be/IlahmVkjQps

👉 Real Advice from the Wives of Billionaires
https://youtu.be/VbQPSuQNHN0

👉What Happened to Skid Row?
https://youtu.be/zLLTmjDRSmc

👉How we almost got acquired by Facebook
https://youtu.be/kciSEbJUsSg

👉 The rise and fall of Philadelphia
https://youtu.be/CdoBsUsG1Po

👉 Should I Move to Texas, or Florida?
https://youtu.be/yPLOhWUmWl4

👉The Story of Onlyfans
https://youtu.be/jSz68IlMifU

👉 How Coinbase is taking over the world?
https://youtu.be/zGjmPN4dmLk

👉 Rise and Fall of American Higher Education
https://youtu.be/uW2-3QlBvAs

👉What does it mean to be wealthy in 2021 ?
https://youtu.be/c162wQ_VSKE

🔔 Don't miss out! Subscribe for new weekly Company Insight videos
https://www.youtube.com/c/CompanyInsight?sub_confirmation=1

[TIMESTAMP]
00:00 beginning
01:33 Beginnings of QAnon
03:20 QAnon through the years
09:08 QAnon post-trump",2021-06-02T16:08:59Z,742,https://www.youtube.com/watch?v=WtfXRED2Jhs
dAuBM_7-e9g,Why QAnon is a Problem for the Church,This video discusses my concerns with the growth of the QAnon movement in the church.,2021-01-27T17:40:51Z,4900,https://www.youtube.com/watch?v=dAuBM_7-e9g
DwVIvmhdzdc,QAnon - Superquark 18/08/2021,"https://www.raiplay.it/programmi/superquark - Per la rubrica ""Psicologia di una bufala"", Massimo Polidoro ci racconta cosa è QAnon",2021-08-20T08:55:05Z,8891,https://www.youtube.com/watch?v=DwVIvmhdzdc
5oWlfEidpf4,QAnon Followers Mysteriously Get Sick,"QAnon followers all gathered in a big crowd and somehow came down with a not-so-mysterious illness. But they beg to differ. Francesca Fiorentini and Brett Erlich break it down on The Damage Report. 

Watch Francesca on The Bitchuation Room Sundays at 5/8EST http://www.youtube.com/franifio 

Follow Francesca: http://www.twitter.com/franifio 

Become a TDR YouTube Member: http://www.youtube.com/thedamagereport/join 

Follow The Damage Report on Facebook: https://www.facebook.com/TheDamageReportTYT/

Help build the Home of the Progressives http://tyt.com/JOIN

Subscribe to The Damage Report YouTube channel: https://www.youtube.com/thedamagereport?sub_confirmation=1

Follow The Damage Report on TikTok:https://www.tiktok.com/@thedamagereport?lang=en

Follow The Damage Report on Instagram: http://www.instagram.com/thedamagereport/ 

Follow The Damage Report on Twitter: https://twitter.com/TheDamageReport

Read more here: https://www.vice.com/en/article/k7wz5a/people-got-sick-at-a-conspiracy-conference-theyre-sure-its-anthrax

""A group of unvaccinated people who attended a huge conspiracy conference in Dallas earlier this month all became sick in the days after the event with symptoms like coughing, shortness of breath, and fever. Instead of blaming the global COVID pandemic, however, the conspiracy theorists think they were attacked with anthrax.""

#TheDamageReport #JohnIadarola #TheYoungTurks",2021-12-23T21:00:02Z,151299,https://www.youtube.com/watch?v=5oWlfEidpf4
gRGe-jXs2is,Travis View - Baking the Crumbs: QAnon’s Crowdsourced Construction Of Unreality,"The QAnon movement was able to successfully attract so many adherents partly because of its gamified, participatory nature. QAnon followers tasked themselves with either constructing news conspiracist narratives, building upon existing conspiracist narratives, or amplifying those narratives on social media networks. These narratives, such as the claim that there are over 100,000 “sealed indictments” that will soon reveal the crimes of the deep state, seem facially absurd. But they’re constructed with a kind of inner logic and elaborate, if flawed, reasoning process that reveals a surprising degree of intelligence from QAnon followers. This presentation will discuss the potency of QAnon narrative “baking,” what it reveals about how QAnon followers view themselves, and its implications for online conspiracism in the future.


Bio:  Travis View is the co-host of the QAnon Anonymous podcast and has been monitoring and reporting on the movement since 2018. His work has been cited by the Washington Post, The New York Times, the LA Times, NBC News, USA Today, and many other national and international publications. He can also be seen in the first episode of the HBO docu series “Q: Into the Storm.”",2022-02-08T19:19:10Z,207,https://www.youtube.com/watch?v=gRGe-jXs2is
5uFJ60An5k8,Lunatic Candidate Tries To Awaken America To QAnon Stupidity,"Leading Republican candidate for the Pennsylvania governor race, Doug Mastriano, is excited to promote QAnon and to de-certify the 2020 election results when Donald Trump lost if elected. John Iadarola and Jayar Jackson break it down on The Damage Report. 

Read more here:

Pa. GOP governor hopeful Mastriano campaigned at event promoting QAnon
 - https://www.pghcitypaper.com/pittsburgh/pa-gop-governor-hopeful-mastriano-campaigned-at-event-promoting-qanon/Content?oid=21557786

""A top-tier Republican candidate for Pennsylvania governor, among other GOP luminaries, put in an appearance at an event in Gettysburg last weekend that promoted QAnon and conspiracy theories about the Sept. 11, 2001 attacks, according to published reports.

The candidate, state Sen. Doug Mastriano, attended the conference called “Patriots Arise for God and Country,” according to Right Wing Watch, a website that monitors the far right.

Mastriano was joined by Republican lieutenant governor hopeful Teddy Daniels; Maryland gubernatorial candidate Dan Cox; Liz Harrington, a spokesperson for former President Donald Trump; and former Trump campaign attorney Jenna Ellis, according to Philadelphia Inquirer, which first reported the story.""

**

Become a TDR YouTube Member: http://www.youtube.com/thedamagereport/join 

Follow The Damage Report on Facebook: https://www.facebook.com/TheDamageReportTYT/

Help build the Home of the Progressives http://tyt.com/JOIN

Subscribe to The Damage Report YouTube channel: https://www.youtube.com/thedamagereport?sub_confirmation=1

Follow The Damage Report on TikTok: https://www.tiktok.com/@thedamagereport?lang=en

Follow The Damage Report on Instagram: http://www.instagram.com/thedamagereport/ 

Follow The Damage Report on Twitter: https://twitter.com/TheDamageReport

#TheDamageReport #JohnIadarola #TheYoungTurks",2022-05-14T16:00:06Z,23755,https://www.youtube.com/watch?v=5uFJ60An5k8
JV4QnalowwE,QAnon &quot;Prophet&quot; Finally Decodes Covfefe,"This is the most astoundingly dumbest theorist by this qanon self-proclaimed “prophet” Johnny Enlow. Jayar Jackson and Yasmin Khan break it down on The Watchlist. Watch LIVE weekdays at noon ET. http://youtube.com/watchlisttyt/live

See more HERE: https://twitter.com/RightWingWatch/status/1521880722281222147?s=20&t=k8wM4GpwP5RrJuFT5JMmaA

*** 

Host Jayar Jackson reacts to a must-watch list of videos of the day, which will cover news, politics, society, culture, current events, and more. 

Help support our mission and get perks. Membership protects TYT's independence from corporate ownership and allows us to provide free live shows that speak truth to power for people around the world. See Perks:  https://www.tyt.com/join


SUBSCRIBE on YOUTUBE: ☞ http://youtube.com/watchlisttyt
FACEBOOK: ☞ http://www.facebook.com/watchlisttyt
TWITTER: ☞ https://twitter.com/watchlisttyt
INSTAGRAM: ☞ https://instagram.com/watchlisttyt
TWITCH: ☞ http://www.twitch.com/tyt


 Merch: http://shoptyt.com

 Donate: http://www.tyt.com/go

 Website: https://www.tyt.com

App: http://www.tyt.com/app

 Newsletters: https://www.tyt.com/newsletters/


If you want to watch more videos from TYT, consider subscribing to other channels in our network:


Indisputable  https://www.youtube.com/indisputabletyt

The Young Turks  https://www.youtube.com/theyoungturks

The Damage Report  https://www.youtube.com/thedamagereport

TYT Sports  https://www.youtube.com/tytsports

The Conversation  https://www.youtube.com/tytconversation

Rebel HQ  https://www.youtube.com/rebelhq

TYT Investigates  https://www.youtube.com/channel/UCwNJt9PYyN1uyw2XhNIQMMA

#TYT #TheWatchlist #JayarJackson


220505__WL04_Qanon_Conspiracist",2022-05-07T13:00:07Z,3671,https://www.youtube.com/watch?v=JV4QnalowwE
-Rd3leXFcmI,Michael Cohen EXPOSES QAnon Republican Takeover with Investigative Journalist Kurt Eichenwald,"The GOP has unleashed a terrifying new plot to harness the collective voting power of millions of QAnon adherents and sympathizers in their quest to retake the Congressional majority in this year’s midterm elections. By doing so they have purposely unleashed a dangerous, uncontrollable virus into American politics. We talk with former New York Times investigative reporter and bestselling author Kurt Eichenwald about what it all means.

Subscribe to Mea Culpa with Michael Cohen: https://www.audioup.com/shows/meaculpa",2022-04-16T13:00:16Z,157300,https://www.youtube.com/watch?v=-Rd3leXFcmI
G9p4yt8XjVM,Families Of QAnon Followers Speak Out,"The families of QAnon faithful are continuing to speak out and share their stories of family members that they lost to the ‘movement’, almost all of which are too deep into the conspiracy to ever escape and return to normal life. Cenk Uygur and Ana Kasparian discuss on The Young Turks. Watch LIVE weekdays 6-8 pm ET. http://youtube.com/theyoungturks/live

Read more HERE:  
https://www.vice.com/en/article/qjb8mv/qanon-jfk-cult-tearing-families-apart

""Katy Garner and her sister grew up in a small town in Arkansas and were always close.

“We both were cheerleaders in school, made pretty good grades, and loved to just hang out with friends and each other. No one has a perfect childhood, but we had each other. We knew that. And that's what made us so close. We even have matching tattoos to remind each other of that,” Garner told VICE News.""

*** 

The largest online progressive news show in the world. Hosted by Cenk Uygur and Ana Kasparian. LIVE weekdays 6-8 pm ET. 

Help support our mission and get perks. Membership protects TYT's independence from corporate ownership and allows us to provide free live shows that speak truth to power for people around the world. See Perks: ▶ https://www.youtube.com/TheYoungTurks/join


SUBSCRIBE on YOUTUBE: ☞ http://www.youtube.com/subscription_center?add_user=theyoungturks
FACEBOOK: ☞ http://www.facebook.com/TheYoungTurks
TWITTER: ☞ http://www.twitter.com/TheYoungTurks
INSTAGRAM: ☞ http://www.instagram.com/TheYoungTurks
TWITCH: ☞ http://www.twitch.com/tyt

👕 Merch: http://shoptyt.com

❤ Donate: http://www.tyt.com/go

🔗 Website: https://www.tyt.com

📱App: http://www.tyt.com/app

📬 Newsletters: https://www.tyt.com/newsletters/


If you want to watch more videos from TYT, consider subscribing to other channels in our network:



The Damage Report ▶ https://www.youtube.com/thedamagereport

TYT Sports ▶ https://www.youtube.com/tytsports

The Conversation ▶ https://www.youtube.com/tytconversation

Rebel HQ ▶ https://www.youtube.com/rebelhq

TYT Investigates ▶ https://www.youtube.com/channel/UCwNJt9PYyN1uyw2XhNIQMMA


#TYT #TheYoungTurks #BreakingNews

211122__BE01QAnonFamTooFarGoneBP",2021-11-28T02:00:08Z,236698,https://www.youtube.com/watch?v=G9p4yt8XjVM
aYk0bu-npso,Qui sont les QAnon ?,"""Ils disent que nous sommes une secte. Nous ne sommes pas une secte."" Eux, ce sont les QAnon, un mouvement de plus en plus influent dont la cible principale est ""l'État profond"" qui se cacherait derrière l'assassinat de JFK ou le 11-Septembre. Voilà ce en quoi ils croient…

————————————— 
▶︎ Retrouvez la vidéo sur le site de Brut : https://www.brut.media/fr/news/c-est-quoi-les-qanon--a3f5184d-12c1-4d46-b4f8-3011a87cfe7f
▶ 📲 sur l’appli Brut (iOS) : https://apple.co/2UY7gNH 
▶ 📲 sur l’appli Brut (Android) : https://play.google.com/store/apps/details?id=media.brut.brut 
▶ Pour ne rien louper des vidéos Brut, n’hésitez pas à vous abonner ➞ https://www.youtube.com/channel/UCSKdvgqdnj72_SLggp7BDTg/?sub_confirmation=1 et à activer la cloche 🔔",2020-07-16T18:59:18Z,138542,https://www.youtube.com/watch?v=aYk0bu-npso
TU3i4hjAmVk,How a South African Tech Journalist Cofounded QAnon,"Subscribe NOW to get.Africa: https://www.youtube.com/channel/UCguRYryPJr1CvJ-6hDyjphA?sub_confirmation=1

Subscribe to our weekly newsletter on African tech: https://www.getrevue.co/profile/getafrica

Watch our most recent videos: https://www.youtube.com/channel/UCguRYryPJr1CvJ-6hDyjphA/playlists

---

When you mix anonymity with bizarre conspiracy theories, you get QAnon, a far-right movement that's fast becoming one of the most important factors in the upcoming US elections.

QAnon started on 4chan. 4chan is a bulletin board-style online forum, in a similar vein to Nigeria’s Nairaland, but for images.

One of the people behind the movement is a South African called Paul Furber. This is his story.

---
Follow get.Africa:
Website: https://get.africa/
Twitter: https://twitter.com/getdotafrica
Facebook: https://www.facebook.com/getdotAfrica/
Instagram: https://www.instagram.com/getdotafrica/

Produced by get.Africa: African tech in a language you'll understand. 

About get.Africa:
get.Africa is focused on providing unique insights into Africa’s emerging tech scene. 

We do this by collecting and curating knowledge, inspiration and background stories, and adding a point of view you’re unlikely to get anywhere else.

Our illustrated YouTube videos address all aspects of the scene, including fintech, AI, startups, telecoms and more.

We also make bespoke videos.

#4chan #ConspiracyTheories #OnlineAnonymity",2020-11-01T07:23:15Z,257,https://www.youtube.com/watch?v=TU3i4hjAmVk
8m1VBksxDyU,LEAK: QAnon Poster-Boy Calls The Group “Total Nonsense”,"Michael Flynn, Trump-ally and former national security adviser to Trump is revered in the QAnon community as a hero and the political face of the ‘movement’. But, it turns out that he doesn’t believe any of it and thinks the group is a CIA disinformation campaign formed by the left-wing. Cenk Uygur and Ana Kasparian discuss on The Young Turks. Watch LIVE weekdays 6-8 pm ET. http://youtube.com/theyoungturks/live

Read more HERE:  
https://www.thedailybeast.com/qanon-hero-michael-flynn-secretly-said-qanon-is-total-nonsense

""Former Trump national security adviser Michael Flynn has embraced his position as a hero to QAnon conspiracy theorists. He took the QAnon oath, sold QAnon T-shirts, and even auctioned off a QAnon quilt. He appeared at a QAnon convention and signed books with a QAnon slogan. Some QAnon followers even believe that Flynn is “Q,” the mysterious figure behind QAnon.

But a recording released late Saturday night by a one-time Flynn ally suggests that the retired three-star general privately believes QAnon to be “total nonsense.”""

*** 

The largest online progressive news show in the world. Hosted by Cenk Uygur and Ana Kasparian. LIVE weekdays 6-8 pm ET. 

Help support our mission and get perks. Membership protects TYT's independence from corporate ownership and allows us to provide free live shows that speak truth to power for people around the world. See Perks: ▶ https://www.youtube.com/TheYoungTurks/join


SUBSCRIBE on YOUTUBE: ☞ http://www.youtube.com/subscription_center?add_user=theyoungturks
FACEBOOK: ☞ http://www.facebook.com/TheYoungTurks
TWITTER: ☞ http://www.twitter.com/TheYoungTurks
INSTAGRAM: ☞ http://www.instagram.com/TheYoungTurks
TWITCH: ☞ http://www.twitch.com/tyt

👕 Merch: http://shoptyt.com

❤ Donate: http://www.tyt.com/go

🔗 Website: https://www.tyt.com

📱App: http://www.tyt.com/app

📬 Newsletters: https://www.tyt.com/newsletters/


If you want to watch more videos from TYT, consider subscribing to other channels in our network:



The Damage Report ▶ https://www.youtube.com/thedamagereport

TYT Sports ▶ https://www.youtube.com/tytsports

The Conversation ▶ https://www.youtube.com/tytconversation

Rebel HQ ▶ https://www.youtube.com/rebelhq

TYT Investigates ▶ https://www.youtube.com/channel/UCwNJt9PYyN1uyw2XhNIQMMA


#TYT #TheYoungTurks #BreakingNews

211129__TB04_Watch_Michael_Flynn_Qanon",2021-11-30T05:30:01Z,74723,https://www.youtube.com/watch?v=8m1VBksxDyU
76yMhwUfoys,Come nasce una teoria del complotto: il caso QAnon - di Wu Ming 1,"Intervento al Festival del Giornalismo Internazionale di Perugia, 7 aprile 2019. Introduzione di Leonardo Bianchi. 
Per via dei ritardi accumulati nel corso della giornata, WM1 non ha potuto terminare il suo racconto. I tentativi di registrare la parte mancante non hanno dati risultati accettabili (sotto l'aspetto tecnico e non solo), ma l'intera presentazione è ora disponibile qui, navigabile a piacimento:
https://prezi.com/pq5tdhg4mp2v/come-nasce-una-teoria-del-complotto-e-come-affrontarla-il-caso-qanon-di-wu-ming-1/",2019-04-15T13:07:45Z,21420,https://www.youtube.com/watch?v=76yMhwUfoys
jtlAL-lKHnE,Resolution Condemning QAnon (1 of 2),"Resolution Condemning QAnon - ""I rise in strong support of this resolution, which condemns an extremist group known as QAnon...""
October 2, 2020

Resolution Condemning QAnon (2 of 2):
https://www.youtube.com/watch?v=5sufkFlwS-o&t=31s

https://mcclintock.house.gov/newsroom/speeches/resolution-condemning-qanon",2020-10-02T20:46:16Z,973,https://www.youtube.com/watch?v=jtlAL-lKHnE
XM_Gh_vP1mg,QAnon Claims Water Supply Is Poisoned With COVID-19,"Well-known QAnon-er really goes off the deep end in a recent video. John Iadarola breaks it down on The Damage Report. 

Become a TDR YouTube Member: http://www.youtube.com/thedamagereport/join 

Follow The Damage Report on Facebook: https://www.facebook.com/TheDamageReportTYT/

Help build the Home of the Progressives http://tyt.com/JOIN

Subscribe to The Damage Report YouTube channel: https://www.youtube.com/thedamagereport?sub_confirmation=1

Follow The Damage Report on TikTok:https://www.tiktok.com/@thedamagereport?lang=en

Follow The Damage Report on Instagram: http://www.instagram.com/thedamagereport/ 

Follow The Damage Report on Twitter: https://twitter.com/TheDamageReport

Read more here: https://www.nbcnews.com/news/world/omicron-covid-variant-resistant-pfizer-vaccine-south-africa-rcna8678

""The first major real-world study of the omicron Covid-19 variant found that it appeared to cause less severe illness in South Africa, where it was first discovered last month, but that two doses of the Pfizer-BioNTech vaccine offer reduced protection against it.

The analysis, released Tuesday by the country's largest health care administrator, found that on average 29 percent fewer people were being admitted to hospital in the region than previously with the delta variant.  However, the study also found that two Pfizer jabs gave 70 percent protection against hospitalization from the new variant, compared with 90 percent seen in the delta wave.""

#TheDamageReport #JohnIadarola #TheYoungTurks",2021-12-18T18:00:18Z,27770,https://www.youtube.com/watch?v=XM_Gh_vP1mg
HCKFP4aFMwI,Transvestigations: Qanon&#39;s trans conspiracy theory | The Cringe Corner ft. Sophie from Mars,"Find Sophie's stuff here:
https://www.patreon.com/sophiefrommars
https://www.youtube.com/channel/UCJmlCcnfMlyPA2oSbb072QA
https://linktr.ee/SophieFromMars

Support me on Patreon:
https://patreon.com/ThoughtSlime

Follow me on Twitch:
https://twitch.tv/ThoughtSlime

One time tips on Ko-Fi:
https://ko-fi.com/Thought_Slime

Want more Thought Slime videos? Check out Scaredy Cats! Horror content, every Tuesday at 12 pm EST :
https://youtube.com/ScaredyCatsTV

CGI-Sewer Background courtesy of Andrea Jörgensen:
https://twitter.com/AndiJorgensen

Eyeball Zone solicitations can be sent to thoughtslimeeditor@gmail.com, please include your pronouns and use the word ""eyeballs"" somewhere in the subject line. I do not accept sponsorships, so please do not e-mail me about it.

The Eyeball Zone Masterlist:
https://docs.google.com/spreadsheets/d/1PSzDDfsDnvWZjoTUQQfWulK6uwfP9oKwi_y1SBL3WdM/edit?usp=sharing",2021-12-17T19:52:47Z,282385,https://www.youtube.com/watch?v=HCKFP4aFMwI
LStlxxFONAw,WTF Is QAnon?!,"The wait is over: the TYT Plus app is now available for Android users! Download the app by searching TYT Plus in the Google Play store or by going to https://TYT.com/app

The right has officially lost it. Cenk Uygur and Ana Kasparian, hosts of The Young Turks, break it down.

Read more here: 
https://www.nytimes.com/2018/08/01/us/politics/what-is-qanon.html

""Those watching President Trump’s rally in Tampa on Tuesday couldn’t help but be exposed to a fringe movement that discusses several loosely connected and vaguely defined — and baseless — conspiracy theories.

In one shot on Fox News, the president was partially obscured by a sign in the crowd reading “We Are Q.” In another shot during the president’s speech, a sign promoting the debunked Seth Rich conspiracy theory, with the hashtag #Qanon, came into focus in the center of the screen. Some attendees wore T-shirts with a blocky Q. Others held up signs with the letter.

They were all self-described “followers of Q,” an anonymous person or group of people who claim to be privy to government secrets. That supposedly classified information has been revealed on the 4chan and 8chan message boards and spread around mainstream internet platforms like YouTube, Facebook and Twitter. Q has attracted people — the exact number is hard to know — eager to consume his “bread crumbs,” or new details in a sprawling web of conspiracy theories.""

Hosts: Cenk Uygur, Ana Kasparian

Cast: Cenk Uygur, Ana Kasparian

***

The Largest Online News Show in the World. Hosted by Cenk Uygur and Ana Kasparian. LIVE STREAMING weekdays 6-8pm ET. http://www.tytnetwork.com/live

Subscribe to The Young Turks on YouTube: http://www.youtube.com/subscription_center?add_user=theyoungturks

Like The Young Turks on Facebook: http://facebook.com/theyoungturks
Follow The Young Turks on Twitter: http://twitter.com/theyoungturks

Buy TYT Merch: http://www.shoptyt.com

Download audio and video of the full two hour show on-demand + the members-only post game show by becoming a member at http://www.tytnetwork.com/join/. Your membership supports the day to day operations and is vital for our continued success and growth.

Young Turk (n), 1. Young progressive or insurgent member of an institution, movement, or political party. 2. A young person who rebels against authority or societal expectations.(American Heritage Dictionary)",2018-08-02T04:30:01Z,347241,https://www.youtube.com/watch?v=LStlxxFONAw
Wz2LISfMBo4,QAnon Fears Butterflies?!,"A butterfly sanctuary in Texas is forced to close after becoming a target of QAnon Conspiracies. John Iadarola and Brett Erlich break it down on The Damage Report. 

Become a TDR YouTube Member: http://www.youtube.com/thedamagereport/join 

Follow The Damage Report on Facebook: https://www.facebook.com/TheDamageReportTYT/

Help build the Home of the Progressives http://tyt.com/JOIN

Subscribe to The Damage Report YouTube channel: https://www.youtube.com/thedamagereport?sub_confirmation=1

Follow The Damage Report on TikTok:https://www.tiktok.com/@thedamagereport?lang=en

Follow The Damage Report on Instagram: http://www.instagram.com/thedamagereport/ 

Follow The Damage Report on Twitter: https://twitter.com/TheDamageReport

Read more here: https://www.dailydot.com/debug/national-butterfly-center-closed-sex-trafficking-qanon/

""Right-wing conspiracy theorists have already decided that pizza, furniture, and pictures of corn are all part of the vast secret and silent war between good and evil. So moving on to claiming that butterflies are part of the deep state isn’t a surprise. But a bizarre and still unfolding incident at the National Butterfly Center in Mission, Texas isn’t just proof that conspiracy theorists see patterns in noise, but that social media hysteria and anti-immigrant sentiment can combine for terrible and violent results.""

#TheDamageReport #JohnIadarola #TheYoungTurks",2022-01-28T22:00:22Z,15019,https://www.youtube.com/watch?v=Wz2LISfMBo4
K4K7DVBzZ54,Teacher’s INSANE QAnon Rant to 8th-Graders,"A California teacher is under fire after students recorded a QAnon-inspired rant during an 8th-grade history class. Cenk Uygur and Ana Kasparian discuss on The Young Turks. Watch LIVE weekdays 6-8 pm ET. http://youtube.com/theyoungturks/live

Read more HERE:  
https://www.alternet.org/2021/11/anti-vax-teacher/

""A mother in Ventura, California is furious after her son came home saying she and his father lied to him after his 8th-grade history teacher told the class Donald Trump is still president, hospitals steal newborn babies from unvaccinated parents, Hunter Biden's laptop had child pornography on it, and he's never going to get vaccinated ever again.

""He's damaged. He's hurt. He's scared. He doesn't trust his parents now. He thinks we lied to him,"" Sarah Silikula told CBS affiliate KCAL.""

*** 

The largest online progressive news show in the world. Hosted by Cenk Uygur and Ana Kasparian. LIVE weekdays 6-8 pm ET. 

Help support our mission and get perks. Membership protects TYT's independence from corporate ownership and allows us to provide free live shows that speak truth to power for people around the world. See Perks: ▶ https://www.youtube.com/TheYoungTurks/join


SUBSCRIBE on YOUTUBE: ☞ http://www.youtube.com/subscription_center?add_user=theyoungturks
FACEBOOK: ☞ http://www.facebook.com/TheYoungTurks
TWITTER: ☞ http://www.twitter.com/TheYoungTurks
INSTAGRAM: ☞ http://www.instagram.com/TheYoungTurks
TWITCH: ☞ http://www.twitch.com/tyt

👕 Merch: http://shoptyt.com

❤ Donate: http://www.tyt.com/go

🔗 Website: https://www.tyt.com

📱App: http://www.tyt.com/app

📬 Newsletters: https://www.tyt.com/newsletters/


If you want to watch more videos from TYT, consider subscribing to other channels in our network:



The Damage Report ▶ https://www.youtube.com/thedamagereport

TYT Sports ▶ https://www.youtube.com/tytsports

The Conversation ▶ https://www.youtube.com/tytconversation

Rebel HQ ▶ https://www.youtube.com/rebelhq

TYT Investigates ▶ https://www.youtube.com/channel/UCwNJt9PYyN1uyw2XhNIQMMA


#TYT #TheYoungTurks #BreakingNews

211104__TB05Teacher",2021-11-07T00:00:06Z,239166,https://www.youtube.com/watch?v=K4K7DVBzZ54
So2AExCMzlo,QAnon Candidates Are Running for Congress | NowThis,"The QAnon conspiracy theory has escaped from the fringes of the internet. Now, numerou adherents to the dangerous delusion are running for Congress.

» Subscribe to NowThis: http://go.nowth.is/News_Subscribe
» Sign up for our newsletter KnowThis to get the biggest stories of the day delivered straight to your inbox: https://go.nowth.is/KnowThis

In US news and current events today, congressional candidates KW Miller, Marjorie Taylor Greene, Lauren Boebert, and Jo Rae Perkins have all expressed their interest in the Q Anon conspiracy that is running rampant throughout society. The QAnon conspiracy theory, like many conspiracy theories, is dangerous and gaining like wildfire. The Trump conspiracy theory, which we won't go into here, has resulted in incidents like Pizzagate, among others. Q followers in Congress would be very bad news indeed, and even no piece of QAnon news is distressing and depressing. What is QAnon? Who is Q? The truth is so ridiculous it's not worth going into, because QAnon explained is just another ridiculous conspiracy theory that is rapidly and dangerously gaining steam.

#QAnon #Q #Conspiracy #News #NowThis #NowThisNews

Connect with NowThis
» Like us on Facebook: http://go.nowth.is/News_Facebook
» Tweet us on Twitter: http://go.nowth.is/News_Twitter
» Follow us on Instagram: http://go.nowth.is/News_Instagram
» Find us on Snapchat Discover: http://go.nowth.is/News_Snapchat

NowThis is your premier news outlet providing you with all the videos you need to stay up to date on all the latest in trending news. From entertainment to politics, to viral videos and breaking news stories, we’re delivering all you need to know straight to your social feeds. We live where you live.

http://www.youtube.com/nowthisnews
@nowthisnews",2020-07-29T12:00:13Z,41335,https://www.youtube.com/watch?v=So2AExCMzlo
KS456ruZV1M,Andrew Interviews the QAnon Shaman,"Andrew has outdone himself...
Live everyday at https://www.twitch.tv/hasanabi 

Edited by: Wargur (https://twitter.com/Archb98)

Other Links
TikTok: https://www.tiktok.com/@hasandpiker
Twitter: https://twitter.com/hasanthehun
Instagram: https://www.instagram.com/hasandpiker/

Check out the gaming channel -https://www.youtube.com/channel/UCoatplmazYmGMPe-3LRCeyg
Art by - Jokrel/Jokerbostain (https://twitter.com/jokerbostain)",2022-01-15T18:48:09Z,247125,https://www.youtube.com/watch?v=KS456ruZV1M
_wZHyq8iO3o,"“QANON IS ALIENS, PEDOPHILES AND SPACE FORCE!” The Mini Musical from Brandon Ethridge","This is the original, unaltered voice of a QAnon follower.
#qanon
#qanoncult
#conspriacytheory",2021-01-28T17:17:10Z,30061,https://www.youtube.com/watch?v=_wZHyq8iO3o
XoN8rPagleA,"QAnon, JFK Jr. y el verdadero problema de la teoría de la conspiración","La teoría de la conspiración QAnon volvió este mes a acaparar titulares a raíz de un evento en Dallas, Texas, en el que cientos de seguidores de Q se congregaron para esperar una revelación imposible: que JFK Jr. aparecería tras años en la sombra para presentarse a la vicepresidencia junto al expresidente Donald Trump en las elecciones de 2024. Pero nada se cumplió. Al fin y al cabo, JFK Jr. murió en un accidente aéreo en 1999.

Pese a todo, el movimiento en torno a QAnon tiene estos días más fuerza que nunca. Más estadounidenses creen sus principales teorías, incluida la de que un cabal satánico de las élites trafica con niños para beber su sangre como método rejuvenecedor, y más representantes políticos en las instituciones públicas han defendido alguna de sus ideas en público. ¿Pero por qué sigue en marcha una teoría de la conspiración que ha fallado en tantas profecías? ¿Y qué planes tienen una vez alcancen posiciones políticas relevantes? Emilio Doménech (@Nanisimo) analiza todas las claves en la última entrega de Solo en América.

En Newtral somos periodismo, tecnología y datos. Contamos historias que importan, desmentimos noticias falsas y hacemos fact-checking. 
Síguenos en redes: 

🐦 Twitter: https://twitter.com/Newtral
👤 Facebook: https://www.facebook.com/NewtralMedia/
📸 Instagram: https://www.instagram.com/newtral/

Envíanos lo que quieras que verifiquemos a 📲 WhatsApp: (+34682589664)
Y para estar siempre al día, suscríbete a nuestra newsletter 📨 https://www.newtral.es/suscribete/",2021-11-09T09:44:18Z,10130,https://www.youtube.com/watch?v=XoN8rPagleA
FzuWSWK4vuc,Alex Jones Has Meltdown Over QAnon,"Alex Jones Has Meltdown Over QAnon

#Shorts #TYT #AnaKasparian #News #Politics #CenkUygur",2022-05-13T17:05:56Z,9442,https://www.youtube.com/watch?v=FzuWSWK4vuc
4BrtBmhhohE,"QAnon, Explained","""Deep state,"" pizza, pedophiles, the number 17...This conspiracy theory is trickling into mainstream politics from the Web's dark recesses. Here's QAnon.

Subscribe to Brut America: https://bit.ly/BrutAmericaYT

📲Watch the newest Brut videos on our mobile apps: 
▶︎https://apps.apple.com/us/app/brut/id1401241655
▶︎https://play.google.com/store/apps/details?id=media.brut.brut

Discover More Brut:
▶︎ https://brut.media/us
▶︎ FB: https://facebook.com/brutamerica
▶︎ IG: https://instagram.com/brutamerica
▶︎ TW: https://twitter.com/brutamerica",2020-07-16T14:00:00Z,53418,https://www.youtube.com/watch?v=4BrtBmhhohE
MUoe_kyrvqk,Alex Jones Turns On QAnon!,"Support The Show On Patreon!:
https://www.patreon.com/seculartalk

Subscribe to Krystal Kyle & Friends On Substack!:
https://krystalkyleandfriends.substack.com/p/coming-soon

Follow Kyle on Twitter:
http://www.twitter.com/kylekulinski",2021-01-13T20:00:13Z,402229,https://www.youtube.com/watch?v=MUoe_kyrvqk
aRjYB7le0sw,QAnon Believers Gather In Dallas Awaiting Return Of Long-Dead JFK Jr.,"QAnon supporters have reportedly gathered in Dallas, Texas, in anticipation of the return of John F. Kennedy, who they believe will announce a 2024 presidential run alongside Donald Trump despite being dead for 22 years — the latest outlandish claim from a movement that believes the world is run by a cabal of Satan-worshiping pedophiles.

READ MORE: https://www.forbes.com/sites/teakvetenadze/2021/11/02/qanon-believers-gather-in-dallas-awaiting-return-of-long-dead-jfk-jr/?sh=23e1b22b668f

Stay Connected
Forbes on Facebook: http://fb.com/forbes
Forbes Video on Twitter: http://www.twitter.com/forbes
Forbes Video on Instagram: http://instagram.com/forbes
More From Forbes:  http://forbes.com",2021-11-02T18:09:28Z,95192,https://www.youtube.com/watch?v=aRjYB7le0sw
lNB1qd6qnC0,Wordle Is The Cure For QAnon Brainwashing?,"The daughter of a reported QAnon believer is claiming that she got her mom out of the alt-right conspiracy group by introducing her to the new viral word game Wordle. The mother apparently is socializing with her daughter more and spends far more time away from Telegram and conspiracy videos now that she's hooked on Wordle. Cenk Uygur and Ana Kasparian discuss on The Young Turks. Watch LIVE weekdays 6-8 pm ET. http://youtube.com/theyoungturks/live

Read more HERE:  
https://www.rawstory.com/qanon-mother-rescued-by-wordle/

""A woman purporting to be a daughter of a QAnon mom  confessed on a Reddit thread  that she was able to get her mother out of the ""cult.""

The Independent reported the thread, which explained that her mother was too busy to play Wordle because she was glued to conspiracy videos and chatting on Telegram. But that has all changed. 

""Now she spends as much as 2 to 3 hours per day playing bootleg Wordle on another site that lets you play as much as you like. I’m not even joking,"" said Jo on Reddit. 

""Plus, she has to discuss Wordle issues with me multiple times per day, which has made her more social and less isolated. She’s always texting me to brag on a score or express frustration. Sometimes she asks me to help her when she’s stuck. Anyway… Wordle™️: share it with the QAnon cult member in your life,"" she continued.""

*** 

The largest online progressive news show in the world. Hosted by Cenk Uygur and Ana Kasparian. LIVE weekdays 6-8 pm ET. 

Help support our mission and get perks. Membership protects TYT's independence from corporate ownership and allows us to provide free live shows that speak truth to power for people around the world. See Perks: ▶ https://www.youtube.com/TheYoungTurks/join


SUBSCRIBE on YOUTUBE: ☞ http://www.youtube.com/subscription_center?add_user=theyoungturks
FACEBOOK: ☞ http://www.facebook.com/TheYoungTurks
TWITTER: ☞ http://www.twitter.com/TheYoungTurks
INSTAGRAM: ☞ http://www.instagram.com/TheYoungTurks
TWITCH: ☞ http://www.twitch.com/tyt

👕 Merch: http://shoptyt.com

❤ Donate: http://www.tyt.com/go

🔗 Website: https://www.tyt.com

📱App: http://www.tyt.com/app

📬 Newsletters: https://www.tyt.com/newsletters/


If you want to watch more videos from TYT, consider subscribing to other channels in our network:



The Damage Report ▶ https://www.youtube.com/thedamagereport

TYT Sports ▶ https://www.youtube.com/tytsports

The Conversation ▶ https://www.youtube.com/tytconversation

Rebel HQ ▶ https://www.youtube.com/rebelhq

TYT Investigates ▶ https://www.youtube.com/channel/UCwNJt9PYyN1uyw2XhNIQMMA


#TYT #TheYoungTurks #BreakingNews

220203__TA05_Wordle_Saves_Woman_Addicted",2022-02-04T04:30:08Z,40735,https://www.youtube.com/watch?v=lNB1qd6qnC0
8TRkocc3Dig,&#39;Q&#39; Into The Storm Doc/What Is QAnon &amp; Watkins Weirdos With Frederick Brennan &amp; Spencer Rice(Spenny),"@Spenny and American software developer and type designer who founded the image-board website 8chan in 2013, Frederick Brennan joins us: 

 Brennan moved to the Philippines to work for Jim Watkins, who provided hosting services to 8chan and later became the site's owner. Brennan cut ties with 8chan in 2016 and with Watkins in 2018. Brennan has since become an outspoken critic of both 8chan and Watkins and has actively battled to try to take 8chan offline. Brennan is also an outspoken critic of the QAnon conspiracy theory, which centers on 8chan posts by an anonymous figure named ""Q"", and Brennan has researched who may be behind the Q identity.

We go into detail about: 

- Q ""Into the Storm Doc""
- What/Who is 'Q'
- The Watkins Weirdos",2022-07-13T20:05:51Z,220,https://www.youtube.com/watch?v=8TRkocc3Dig
gHDhSWvHNm8,"Qanon Cult Turns On Kenneth Copeland, Others Come To His Defense","In this video, I talk about Qanon turning on Kenneth Copeland, Tyler Perry, Billy Graham, and others, the involvement of popular Q pastors like Johnny Enlow and Francine Fosdick. I also talk about other pastors, like Hank Kunneman, coming to the defense of Kenneth Copeland.

Game Shop: https://www.etsy.com/shop/TelltaleShop

Merch Shop: https://teespring.com/stores/telltaleatheist

Twitter: http://telltaleatheist.com/twitter

Patreon: https://www.patreon.com/telltaleatheist

All links to my channel can be found at http://telltaleatheist.com

Podcast on iTunes: https://podcasts.apple.com/us/podcast/telltale-atheist-podcast/id1399333418

Podcast on SoundCloud: https://soundcloud.com/user-450959803

Podcast on Google Play: https://play.google.com/music/listen?u=0#/ps/I4syo4revixssvwypbxknebgapa

Podcast on YouTube: 
https://www.youtube.com/channel/UCo6JSNp6SuUKf-yiaBQReNA



Social Media:

Patreon: http://telltaleatheist.com/patreon

Twitter: http://telltaleatheist.com/twitter

Discord:  http://telltaleatheist.com/discord

PayPal:  http://telltaleatheist.com/paypal",2021-08-29T16:59:53Z,176066,https://www.youtube.com/watch?v=gHDhSWvHNm8
cGfg-WnkXto,Qanon DEFENDS Trump’s Involvement With Jeff Epstein And Ghislaine Maxwell,"QAnon faithful rushed to the support of Donald Trump after Jeffery Epstein’s former pilot testified in the Ghislaine Maxwell trial. Pilot Lawrence Paul Visoski testified that Trump flew on one of Epstein’s private planes, along with other high-profile celebrities on multiple occasions. Ana Kasparian and John Iadarola discuss on The Young Turks. Watch LIVE weekdays 6-8 pm ET. http://youtube.com/theyoungturks/live

Read more HERE:  
https://www.newsweek.com/qanon-followers-defend-donald-trump-jeffrey-epstein-plane-ghislaine-maxwell-trial-1654823?utm_medium=Social&utm_source=Twitter#Echobox=1638369521

“QAnon followers and commentators have rushed to defend Donald Trump after Jeffrey Epstein's former pilot testified in Ghislaine Maxwell's trial that the former president had traveled on one of the pedophile's private planes.

Lawrence Paul Visoski Jr., who was Epstein's pilot for nearly 30 years, said he flew Trump and other famous names between 1991 and 2019, the Associated Press reported.""

*** 

The largest online progressive news show in the world. Hosted by Cenk Uygur and Ana Kasparian. LIVE weekdays 6-8 pm ET. 

Help support our mission and get perks. Membership protects TYT's independence from corporate ownership and allows us to provide free live shows that speak truth to power for people around the world. See Perks: ▶ https://www.youtube.com/TheYoungTurks/join


SUBSCRIBE on YOUTUBE: ☞ http://www.youtube.com/subscription_center?add_user=theyoungturks
FACEBOOK: ☞ http://www.facebook.com/TheYoungTurks
TWITTER: ☞ http://www.twitter.com/TheYoungTurks
INSTAGRAM: ☞ http://www.instagram.com/TheYoungTurks
TWITCH: ☞ http://www.twitch.com/tyt

👕 Merch: http://shoptyt.com

❤ Donate: http://www.tyt.com/go

🔗 Website: https://www.tyt.com

📱App: http://www.tyt.com/app

📬 Newsletters: https://www.tyt.com/newsletters/


If you want to watch more videos from TYT, consider subscribing to other channels in our network:



The Damage Report ▶ https://www.youtube.com/thedamagereport

TYT Sports ▶ https://www.youtube.com/tytsports

The Conversation ▶ https://www.youtube.com/tytconversation

Rebel HQ ▶ https://www.youtube.com/rebelhq

TYT Investigates ▶ https://www.youtube.com/channel/UCwNJt9PYyN1uyw2XhNIQMMA


#TYT #TheYoungTurks #BreakingNews

211201__TB04Qanon",2021-12-02T06:15:01Z,242990,https://www.youtube.com/watch?v=cGfg-WnkXto
3UPRNh_6zLk,QANON: panico satanico e ADRENOCROMO - parte 1,"Quanto è credibile l’idea che esista un complotto universale, che unisce i potenti di mezzo mondo, impegnati in fantomatici rituali satanici che prevedono il sacrificio di milioni di bambini e, soprattutto, che a contrastare questo complotto sia, nel segreto più assoluto, il presidente americano Donald Trump? Parliamo di QAnon: l'ultra-bufala americana, sbarcata anche da noi. In questa prima parte scopriamo le origini del ""panico satanista"" e la realtà sulla famigerata sostanza nota come ""adrenocromo"".

LEGGI il mio nuovo libro ""Il mondo sottosopra"": https://amzn.to/2nk0QNG

LEGGI ""Grandi misteri della storia"": https://amzn.to/3f3xaKG

Iscriviti all'AVVISO AI NAVIGANTI, la mia newsletter: https://mailchi.mp/massimopolidoro/avvisoainaviganti
e partecipa alla mia community

PER APPROFONDIRE

""Il mondo sottosopra"": https://amzn.to/2nk0QNG
Wu Ming 1 su Internazionale: ""Come nasce una teoria del complotto e come affrontarla"": https://bit.ly/2WSoaQv
WuMing1: “Come nasce una teoria del complotto e come affrontarla: il caso QAnon” (conferenza live): https://www.youtube.com/watch?v=76yMhwUfoys
WuMing1: Slides della conferenza: https://bit.ly/2zwgPhw
Pepijn van Erp: ""Debunking Fall Cabal by Janet Ossebaard"": https://www.pepijnvanerp.nl/2020/04/debunking-fall-cabal-by-janet-ossebaard-part-1
ilPost: ""Un conduttore radiofonico complottista americano ha chiesto scusa per il “Pizzagate”: https://www.ilpost.it/2017/03/27/pizzagate-alex-jones 
NBC News: “How three conspiracy theorists took 'Q' and sparked Qanon”: https://nbcnews.to/2Ls0e0V
The Guardian: “What is QAnon? Explaining the bizarre rightwing conspiracy theory”: https://bit.ly/362zSw3
BBC: “QAnon: What's the truth behind a pro-Trump conspiracy theory?”: https://www.bbc.com/news/blogs-trending-45040614
The Guardian: “Trump claims Obama committed 'biggest political crime in American history'”: https://bit.ly/2T21qMQ
The Spinoff: “The truth about adrenochrome”: https://bit.ly/3dNPwOJ
Sulla inattendibilità di YourNewsWire https://mediabiasfactcheck.com/your-news-wire/ e di NewsPunch: https://mediabiasfactcheck.com/news-punch/
The New York Times: “Bill Clinton and Jeffrey Epstein: How Are They Connected?”: https://www.nytimes.com/2019/07/09/nyregion/bill-clinton-jeffrey-epstein.html
Le dichiaraizoni favorevoli di Trump su Jeffrey Epstein sono qui: “Jeffrey Epstein: International Moneyman of Mystery”: https://nymag.com/nymetro/news/people/n_7912/
BuzzFeed: ""Jeffrey Epstein’s connections to Donald Trump and Bill Clinton, explained"": https://www.vox.com/platform/amp/2019/7/9/20686347/jeffrey-epstein-trump-bill-clinton
BuzzFeed: “An Armed Man Spouting A Bizarre Right-Wing Conspiracy Theory Was Arrested After A Standoff At The Hoover Dam”: https://bit.ly/2LrEdj2

Iscriviti al mio canale: https://goo.gl/Xkzh8A
e non perdere i prossimi video

Lasciami sotto i tuoi commenti e i suggerimenti per nuovi misteri da indagare!

I miei ultimi libri:
""Il mondo sottosopra"": https://amzn.to/2nk0QNG
""Atlante dei luoghi misteriosi d'Italia"": https://amzn.to/2OWmjrX
""Io, Leonardo Da Vinci"": https://amzn.to/2XUeHXA
""Leonardo. Il romanzo di un genio ribelle"": https://amzn.to/2D80WgX

Non perdere i prossimi video, iscriviti al mio canale: https://goo.gl/Xkzh8A

I MIEI LIBRI:
Qui alcuni dei miei libri: 

Il mondo sottosopra: https://amzn.to/2nk0QNG
Leonardo. Il romanzo di un genio ribelle: https://amzn.to/2D80WgX
Atlante dei luoghi misteriosi d'Italia: https://amzn.to/2OWmjrX
Io, Leonardo Da Vinci: https://amzn.to/2XUeHXA
Enigmi e misteri della storia: http://amzn.to/2DNjGPw
Segreti e tesori del Vaticano: http://amzn.to/2ub5bpb
Grandi misteri della storia: http://amzn.to/2pynMG9
Rivelazioni. Il libro dei segreti e dei complotti: http://amzn.to/2G4aFDG
Il segreto di Colombo: https://amzn.to/2xa2A0i

E qui l’elenco completo dei miei libri disponibili: http://amzn.to/2G49XGw


RESTIAMO IN CONTATTO:

Ricevi l'Avviso ai Naviganti, la mia newsletter settimanale: https://mailchi.mp/massimopolidoro/avvisoainaviganti
e partecipa alle scelte della mia community

Seguimi:
Instagram: https://www.instagram.com/massimopolidoro
Gruppo FB: https://www.facebook.com/groups/MassimoPolidoroFanClub
Pagina FB: https://www.facebook.com/Official.Massimo.Polidoro
Twitter: https://twitter.com/massimopolidoro

Sito e blog: http://www.massimopolidoro.com

Iscriviti al mio canale: https://goo.gl/Xkzh8A

Ideato da Massimo Polidoro

Ha collaborato Roberta Baria

Grazie a Francesco Miceli

Le immagini del canale spesso provengono da Wikimedia Commons, dalla Collezione James Randi, dalla Collezione CICAP e dalla mia Collezione personale 

Questa descrizione contiene link affiliati, il che significa che in caso di acquisto di qualcuno dei libri segnalati riceverò una piccola commissione: un piccolo contributo per sostenere il canale e la realizzazione di questi video. Grazie per il sostegno!",2020-05-15T11:30:01Z,126773,https://www.youtube.com/watch?v=3UPRNh_6zLk
zPtpAGM-9us,"Reno 911 Star Carlos Alazraqui Talks &quot;The Hunt for Qanon,&quot; Fave Five Characters &amp; Fauci Impression","The incredible talented actor, comedy, voiceover actor sits down with WHO'S the ROSS? talk show to discuss the upcoming Reno 911 movie on Paramount+ ""The Hunt for Qanon,"" divulges his ""Fave Five Characters"" to play, wows with his Fauci Impression, plus talks recent Horror film ""Witness Infection.""",2021-11-20T22:48:37Z,185,https://www.youtube.com/watch?v=zPtpAGM-9us
cR5H-tlTtY0,QAnon? Non è un gioco,"Come si spiega il successo di una teoria del complotto assurda come quella di QAnon? Un'ipotesi è che sia vissuta dai suoi seguaci come un ARG, cioè un ""Alternate Reality Game"", un gioco calato in una realtà alternativa. Ma è un gioco molto pericoloso... Di questo parliamo oggi a ""Il complotto quotidiano"".

Aderisci alla pagina PATREON e sostieni i miei progetti e il mio lavoro: http://patreon.com/massimopolidoro

Iscriviti alla mia NEWSLETTER: L' ""AVVISO AI NAVIGANTI"": 
https://mailchi.mp/massimopolidoro/avvisoainaviganti e partecipa alle scelte della mia community

LEGGI il mio libro ""Il mondo sottosopra"": https://amzn.to/2nk0QNG

Iscriviti al mio canale: https://goo.gl/Xkzh8A
e non perdere i prossimi video

Lasciami sotto i tuoi commenti e i suggerimenti per nuovi misteri da indagare!

PER APPROFONDIRE

""Il mondo sottosopra"": https://amzn.to/2nk0QNG
Warzel, C.: ""Is QAnon the Most Dangerous Conspiracy Theory of the 21st Century?"", The New York Times, 4 agosto 2020: https://www.nytimes.com/2020/08/04/opinion/qanon-conspiracy-theory-arg.html
Kaminska, I. ""The “game theory” in the Qanon conspiracy theory"", Financial Times, 16 ottobre 2020: https://ftalphaville.ft.com/2020/10/16/1602828074000/The--game-theory--in-the-Qanon-conspiracy-theory/
Puente, D. ""*** a processo per le falsità su Valeria Solesin. I complottisti prima o poi pagano"": https://www.open.online/2020/10/19/rosario-marciano-processo-falsita-valeria-solesin/
Wu Ming 1 ""Come entrare e uscire da QAnon"": Parte 1 https://bit.ly/2SbRgZc - Parte 2 https://bit.ly/33h8jza
Queryonline: ""QAnon perché funziona?"": https://bit.ly/30lkzNh
ValigiaBlu: ""QAnon: la nuova religione complottista"": https://bit.ly/34fASMK
Wu Ming 1 su Internazionale: ""Come nasce una teoria del complotto e come affrontarla"": https://bit.ly/2WSoaQv
WuMing1: “Come nasce una teoria del complotto e come affrontarla: il caso QAnon” (conferenza live): https://www.youtube.com/watch?v=76yMhwUfoys

BuzzFeed: “An Armed Man Spouting A Bizarre Right-Wing Conspiracy Theory Was Arrested After A Standoff At The Hoover Dam”: https://bit.ly/2LrEdj2

I miei ultimi libri:
""Il mondo sottosopra"": https://amzn.to/2nk0QNG
""La libreria dei misteri"": https://amzn.to/3bHBU7E
""Grandi misteri della storia"": https://amzn.to/2U5hcHe
""Atlante dei luoghi misteriosi d'Italia"": https://amzn.to/2OWmjrX
Io, Leonardo Da Vinci: https://amzn.to/2XUeHXA
""Leonardo. Il romanzo di un genio ribelle"": https://amzn.to/2D80WgX

Iscriviti al mio canale: https://goo.gl/Xkzh8A
e non perdere i prossimi video

Lasciami sotto i tuoi commenti e i suggerimenti per nuovi misteri da indagare!

I miei ultimi libri:
""Il mondo sottosopra"": https://amzn.to/2nk0QNG
""Grandi misteri della storia"": https://amzn.to/3f3xaKG
""Atlante dei luoghi misteriosi d'Italia"": https://amzn.to/2OWmjrX
""Io, Leonardo Da Vinci"": https://amzn.to/2XUeHXA
""Leonardo. Il romanzo di un genio ribelle"": https://amzn.to/2D80WgX

E qui l’elenco completo dei miei libri disponibili: http://amzn.to/2G49XGw

Non perdere i prossimi video, iscriviti al mio canale: https://goo.gl/Xkzh8A


RESTIAMO IN CONTATTO:

Ricevi l'Avviso ai Naviganti, la mia newsletter settimanale: https://mailchi.mp/massimopolidoro/avvisoainaviganti
e partecipa alle scelte della mia community

Seguimi:
Patreon: http://patreon.com/massimopolidoro
Instagram: https://www.instagram.com/massimopolidoro
Gruppo FB: https://www.facebook.com/groups/MassimoPolidoroFanClub
Pagina FB: https://www.facebook.com/Official.Massimo.Polidoro
Twitter: https://twitter.com/massimopolidoro

Sito e blog: http://www.massimopolidoro.com

Iscriviti al mio canale: https://goo.gl/Xkzh8A

IIscriviti al mio canale: https://goo.gl/Xkzh8A

IIdeato da Massimo Polidoro

Ha collaborato Roberta Baria

Grazie a Francesco Miceli

Le immagini del canale spesso provengono da Wikimedia Commons, dalla Collezione James Randi, dalla Collezione CICAP e dalla mia Collezione personale 

Questa descrizione contiene link affiliati, il che significa che in caso di acquisto di qualcuno dei libri segnalati riceverò una piccola commissione: un piccolo contributo per sostenere il canale e la realizzazione di questi video. Grazie per il sostegno!",2020-10-21T11:30:02Z,69999,https://www.youtube.com/watch?v=cR5H-tlTtY0
swHsbunOGH4,QAnon - exposing extremists views within the ranks ICYMI,"We are revisiting our Qanon episode, in which we explored the murky world of QAnon, the far-right conspiracy theory that falsely claims President Donald Trump is fighting a shadowy cabal of Satanist pedophiles.

 To find out how child pedophilia rings, Pizzagate, and the existence of a deep state made their way into the mainstream consciousness, and also to learn about the conspiracy theory’s links to the military and veteran community, we talk with QAnon Anonymous podcast co-host and Washington Post contributor Travis View, as well as with journalist and former Green Beret Jack Murphy.

 Does QAnon have the potential for stoking extremist violence? Why do it and other extremist organizations work to recruit service members and veterans?",2022-02-10T11:20:32Z,198,https://www.youtube.com/watch?v=swHsbunOGH4
kQ4AaIGxLxs,"QAnon cult humiliated after JFK Jr. fails to &#39;reappear&#39; in Dallas, declare Trump king","These are deeply disturbed people.

Donate to MeidasTouch: https://secure.actblue.com/donate/meidastouch
Buy MeidasTouch Merch: https://store.meidastouch.com

Follow MeidasTouch on Twitter: https://twitter.com/meidastouch
Follow MeidasTouch on Facebook: https://facebook.com/meidastouch
Follow MeidasTouch on Instagram: https://instagram.com/meidastouch

#MeidasTouch #Disinformation #JFK",2021-11-03T00:05:32Z,75067,https://www.youtube.com/watch?v=kQ4AaIGxLxs
UG9ao9fY75c,"QAnon, Conspiracy Theories, and the Christian, part 1.","Watch and listen to full episodes of Wretched Radio & TV for FREE: https://wretched.org

Follow Wretched:
Facebook: http://facebook.com/wretchednetwork
Twitter: http://twitter.com/wretchednetwork
Instagram: http://instagram.com/wretched.network

Follow Todd Friel:
Twitter: http://twitter.com/toddfriel

Help support quality Christian media!
https://wretched.org/donate

We cannot promise that your ongoing, tax-deductible monthly support will save polar bears and stop global warming (if there were such a thing). But we can promise that we will wisely use every penny you entrust to us to preach the Gospel to as many people as possible. Thank you for trusting us.",2020-08-27T01:00:03Z,25614,https://www.youtube.com/watch?v=UG9ao9fY75c
Y_YHbOwR_Rc,QAnon Turns On Michael Flynn,"QAnon has turned on Trump crony, Michael Flynn. Jayar Jackson, Cenk Uygur, and Rayyvana discuss on The Young Turks.

Watch LIVE weekdays 6-8 pm ET. http://youtube.com/theyoungturks/live

Read more HERE: https://www.thedailybeast.com/michael-flynn-to-qanon-believers-im-not-a-satanist

""Former Trump National Security Adviser Michael Flynn has been on a relentless media tour since his pardon last year, sitting for interviews with even the most obscure right-wing media outlets to promote the MAGA agenda.

But on Tuesday, Flynn appeared on a little-known YouTube channel called Truth Unveiled TV for a very different reason: rebutting the idea that he led a church congregation in a Satanic ritual borrowed from a nuclear doomsday cult.""

***

The largest online progressive news show in the world. Hosted by Cenk Uygur and Ana Kasparian. LIVE weekdays 6-8 pm ET.

Help support our mission and get perks. Membership protects TYT's independence from corporate ownership and allows us to provide free live shows that speak truth to power for people around the world. See Perks: ▶ https://www.youtube.com/TheYoungTurks/join


SUBSCRIBE on YOUTUBE: ☞ http://www.youtube.com/subscription_center?add_user=theyoungturks
FACEBOOK: ☞ http://www.facebook.com/TheYoungTurks
TWITTER: ☞ http://www.twitter.com/TheYoungTurks
INSTAGRAM: ☞ http://www.instagram.com/TheYoungTurks
TWITCH: ☞ http://www.twitch.com/tyt

👕 Merch: http://shoptyt.com

❤ Donate: http://www.tyt.com/go

🔗 Website: https://www.tyt.com

📱App: http://www.tyt.com/app

📬 Newsletters: https://www.tyt.com/newsletters/


If you want to watch more videos from TYT, consider subscribing to other channels in our network:



The Damage Report ▶ https://www.youtube.com/thedamagereport

TYT Sports ▶ https://www.youtube.com/tytsports

The Conversation ▶ https://www.youtube.com/tytconversation

Rebel HQ ▶ https://www.youtube.com/rebelhq

TYT Investigates ▶ https://www.youtube.com/channel/UCwNJt9PYyN1uyw2XhNIQMMA


#TYT #TheYoungTurks #BreakingNews",2021-10-09T01:30:09Z,218317,https://www.youtube.com/watch?v=Y_YHbOwR_Rc
n-DO-tE7dsk,UNCOVERED: This QAnon Influencer Is A CONVICTED Sex Offender,"It was revealed recently that QAnon influencer David Trent, aka David Todeschini, who has contributed to spreading misinformation and conspiracy theories about pedophile Democrats, is actually a convicted pedophile himself. Cenk Uygur, Jayar Jackson, and Aida Rodriguez discuss on The Young Turks. Watch LIVE weekdays 6-8 pm ET. http://youtube.com/theyoungturks/live

Read more HERE:  
https://www.vice.com/en/article/4awydp/qanon-figure-david-trent-convicted-child-abuser

""QAnon promoter David Trent has spent the last four years telling his tens of thousands of followers that the Democrats are pedophiles working as part of a global child sex trafficking ring run by the world’s elite.

What he didn’t tell them was that he was the real pedophile: In 1999, he was found guilty of coercing an 8-year-old boy into sexual acts three years earlier, and spent almost five years in prison.""


*** 

The largest online progressive news show in the world. Hosted by Cenk Uygur and Ana Kasparian. LIVE weekdays 6-8 pm ET. 

Help support our mission and get perks. Membership protects TYT's independence from corporate ownership and allows us to provide free live shows that speak truth to power for people around the world. See Perks: ▶ https://www.youtube.com/TheYoungTurks/join


SUBSCRIBE on YOUTUBE: ☞ http://www.youtube.com/subscription_center?add_user=theyoungturks
FACEBOOK: ☞ http://www.facebook.com/TheYoungTurks
TWITTER: ☞ http://www.twitter.com/TheYoungTurks
INSTAGRAM: ☞ http://www.instagram.com/TheYoungTurks
TWITCH: ☞ http://www.twitch.com/tyt

👕 Merch: http://shoptyt.com

❤ Donate: http://www.tyt.com/go

🔗 Website: https://www.tyt.com

📱App: http://www.tyt.com/app

📬 Newsletters: https://www.tyt.com/newsletters/


If you want to watch more videos from TYT, consider subscribing to other channels in our network:



The Damage Report ▶ https://www.youtube.com/thedamagereport

TYT Sports ▶ https://www.youtube.com/tytsports

The Conversation ▶ https://www.youtube.com/tytconversation

Rebel HQ ▶ https://www.youtube.com/rebelhq

TYT Investigates ▶ https://www.youtube.com/channel/UCwNJt9PYyN1uyw2XhNIQMMA


#TYT #TheYoungTurks #BreakingNews

211029__TB03Qanon",2021-11-01T01:00:09Z,153003,https://www.youtube.com/watch?v=n-DO-tE7dsk
-2L-5UAya1U,"QAnon, Boogaloo, Proud Boys: What’s next for the U.S. extreme right?","QAnon, the Boogaloo movement, the Proud Boys — names once lurking on the fringes of the internet are now making mainstream headlines. On today’s episode, Saba Eitizaz talks to Amarnath Amarasingham, a veteran researcher on terrorism and political violence, about what could be next for the American far-right and whether there are some global parallels to how they operate.

 If you would like to support the journalism of the Toronto Star, you can subscribe at thestar.com/subscribingmatters.",2021-02-01T21:48:22Z,1109,https://www.youtube.com/watch?v=-2L-5UAya1U
bROze9AMwic,QAnon and On,"In the most information-rich era of world history, how and why can people be persuaded to believe that hundreds of thousands of children are somehow being stashed away in city sewers? Or that feminists are plotting to ruin video games? Or that Donald Trump is waging a secret war against a cabal of alien lizard people?

What would motivate followers to so forcefully avoid the facts and surrender instead to made-up stories designed to influence and control? It’s a question that has haunted Van, herself a veteran of social media’s relentless trolling wars. To understand why, she delves into the historical, political, sociological and psychological context of conspiracy belief.

QAnon and On is the story of the modern internet, the farscape of political belief and a disinformation pipeline built between the two that poses an ongoing threat to democracy itself. Shocking and mesmerising in equal measure, this book will open our eyes to the dangers of partisan belief.

Van Badham spoke with Per Capita's Emma Dawson at this webinar recorded on 15 December 2021.",2021-12-15T06:06:44Z,77,https://www.youtube.com/watch?v=bROze9AMwic
YPe0m28Glcs,Kinzinger on CNN&#39;s &#39;Reliable Sources&#39; discussing QAnon Conspiracies and Combating Disinformation,"On Sunday, August 16th, Congressman Adam Kinzinger (R-IL) joined CNN's 'Reliable Sources' with Brian Stelter to discuss QAnon Conspiracies and the importance of combating these disinformation campaigns in America.

-----
Adam Kinzinger is a common-sense conservative who believes servant leadership, a pragmatic approach, and civil discourse are essential to resolving the issues we face today. 

Currently serving his fifth term in the U.S. House of Representatives, Congressman Kinzinger proudly represents Illinois’ 16th Congressional District, which stretches across 14 counties in Northern Illinois. He serves as a member of the House Committee on Energy and Commerce and the House Foreign Affairs Committee, where he serves as Ranking Member of the Subcommittee on Europe, Eurasia, Energy and the Environment. His top priorities include strengthening U.S. energy policy and making our nation less reliant on foreign resources as well as bolstering the strength of our national security – both at home and abroad. 
 
Prior to being elected to Congress, Kinzinger served in the U.S. Air Force in both Operation Iraqi Freedom and Operation Enduring Freedom. He continues to serve his country as a pilot in the Air National Guard, with the current rank of Lieutenant Colonel, and balances this service with his duties in Congress, where he works tirelessly for Illinois and for the security of our nation. From getting veterans back to work, to combatting the opioid epidemic, Congressman Kinzinger continues to fight for his constituents and stand up for America.
 
Subscribe to Congressman Kinzinger’s YouTube page here: https://www.youtube.com/user/RepAdamKinzinger/featured
Learn more about the Congressman’s work and the district he serves here: https://kinzinger.house.gov/
And follow Congressman Kinzinger on:
Twitter: https://twitter.com/RepKinzinger
Facebook: https://www.facebook.com/RepKinzinger/
Snapchat: https://www.snapchat.com/add/repkinzinger",2020-08-17T15:34:14Z,1758,https://www.youtube.com/watch?v=YPe0m28Glcs
SCTRWU_Gnao,Hvad er konspirationsteorien QAnon?,"Lige nu har flere millioner mennesker tilsluttet sig konspirationsteorien QAnon. 

De mener blandt andet, at verden styres af en magtfuld elite, der driver en satanistisk pædofiliring, hvor de tapper livsforlængende kemikalier fra børn blod. Og at den eneste, der kan redde verden mod den dybe stat, er USA’s præsident Donald Trump. 

Men hvad er Qanon?  Og hvorfor tror så mange mennesker på en konspirationsteori, som ikke er sand? 

--- 
Velkommen til DR Nyheders YouTube-kanal.

Her kan du se overraskende og oplysende videoer om den verden, vi lever i.

Du er velkommen til at indlejre/embedde vores videoer på din hjemmeside.

Husk at tale pænt. Kanalen modereres efter DR's debatregler på sociale medier: https://dr.dk/talpænt

Du kan abonnere på vores kanal ved at klikke på DR Nyheder-logoet og du kan også klikke dig videre til mange af vores andre nyhedstilbud.

Facebook: 
https://facebook.com/DRNyheder

Instagram:
https://www.instagram.com/DRNyheder/

Twitter: 
https://twitter.com/DRNyheder (alle nyheder)
https://twitter.com/DRBreaking (kun breaking)

DR Nyheder:
https://www.dr.dk/nyheder

DRTV:
https://www.dr.dk/tv

Nyheds-app: Send sms med ""APP"" til 1212 eller hent den i App Store eller Google Play.

Fejl og fakta vil fremgå på følgende side: https://www.dr.dk/etik-og-rettelser/fejl-og-fakta

Du kan sende ris, ros og klager på https://dr.custhelp.com/",2020-10-12T13:00:08Z,53645,https://www.youtube.com/watch?v=SCTRWU_Gnao
IgbhDwzRAgs,"QAnon isn’t Anti-P*dophilia. In Fact, it’s Making Things Worse.","Website - https://www.vaush.gg/
Patreon - https://www.patreon.com/vaush
Donate - https://www.paypal.me/vaush

Twitter - https://twitter.com/VaushV
Instagram - https://www.instagram.com/vaushv/
Facebook - https://www.facebook.com/vaushvidya
TikTok - https://www.tiktok.com/@vaushvidya
Podcast - https://anchor.fm/vaush

Intro animation credit goes to https://twitter.com/ItIsMeKyleG & https://twitter.com/honeybunnbadger for the visuals, and https://twitter.com/sound_sierra for the audio! Thank you!

#qanon #childmarriage #childbeautypageants",2020-11-01T20:00:03Z,253544,https://www.youtube.com/watch?v=IgbhDwzRAgs
MnwqxJiK5S8,Why Hundreds of QAnon Believers Gathered In Dallas Today,"Hundreds of QAnon supporters gathered in Dallas in hopes of meeting JFK Jr. and other deceased celebrities like Kobe Bryant and Robin Williams after they miraculously come back to life and appoint Trump as the ‘King of Kings'. Ana Kasparian and John Iadarola discuss on The Young Turks. Watch LIVE weekdays 6-8 pm ET. http://youtube.com/theyoungturks/live

Read More HERE:
https://thehill.com/homenews/state-watch/579798-hundreds-of-qanon-supporters-gather-in-dallas-expecting-return-of-jfk-jr

“Hundreds of QAnon supporters have gathered in Dallas expecting the return of John F. Kennedy Jr., who they believe would then help reinstate former President Trump, The Dallas Morning News reported.

The first wave of supporters gathered in downtown Dallas on Monday night as another wave of supporters gathered the next day near Dealey Plaza, where former President Kennedy was assassinated in 1963.""

*** 

The largest online progressive news show in the world. Hosted by Cenk Uygur and Ana Kasparian. LIVE weekdays 6-8 pm ET. 

Help support our mission and get perks. Membership protects TYT's independence from corporate ownership and allows us to provide free live shows that speak truth to power for people around the world. See Perks: ▶ https://www.youtube.com/TheYoungTurks/join


SUBSCRIBE on YOUTUBE: ☞ http://www.youtube.com/subscription_center?add_user=theyoungturks
FACEBOOK: ☞ http://www.facebook.com/TheYoungTurks
TWITTER: ☞ http://www.twitter.com/TheYoungTurks
INSTAGRAM: ☞ http://www.instagram.com/TheYoungTurks
TWITCH: ☞ http://www.twitch.com/tyt

👕 Merch: http://shoptyt.com

❤ Donate: http://www.tyt.com/go

🔗 Website: https://www.tyt.com

📱App: http://www.tyt.com/app

📬 Newsletters: https://www.tyt.com/newsletters/


If you want to watch more videos from TYT, consider subscribing to other channels in our network:



The Damage Report ▶ https://www.youtube.com/thedamagereport

TYT Sports ▶ https://www.youtube.com/tytsports

The Conversation ▶ https://www.youtube.com/tytconversation

Rebel HQ ▶ https://www.youtube.com/rebelhq

TYT Investigates ▶ https://www.youtube.com/channel/UCwNJt9PYyN1uyw2XhNIQMMA


#TYT #TheYoungTurks #BreakingNews

211103__TB03QAnon",2021-11-04T03:45:00Z,76135,https://www.youtube.com/watch?v=MnwqxJiK5S8
rZWf48jSvXQ,"Dr. Phil - Talks New Season, QAnon, Politics &amp; Families, and Kids Should Be Back in School | Pt 1","Dr. Phil checks in with Crisco Kidd to talk about the new season of the Dr. Phil Show starting September 14.

Dr. Phil On:
0:54 - What's changing on-set this season during COVID-19
3:02 - Students returning to the classroom and their mental health 
6:08 - QAnon, divorce rates during COVID-19, quarantine stress, and more topics this season
8:00 - Protecting and saving our children
9:43 - How to have real political conversations without yelling and breaking up families and friendships


Subscribe to Crisco Kidd Block Party: https://www.youtube.com/channel/UCSK0eokUkJKGrXhkmGqaRCw?sub_confirmation=1

Official Site: http://criscokiddblockparty.com
Follow us on Twitter: http://www.twitter.com/CriscoKidd
Follow us on Instagram: http://www.twitter.com/CriscoKidd

#drphil #criscokidd #thedrphilshow",2020-09-12T22:25:48Z,814,https://www.youtube.com/watch?v=rZWf48jSvXQ
JY79KL3Hb3U,Target Karen Claims Association With QAnon After She Destroys Face Masks,"A destroyed face mask display in an Arizona Target makes another Karen go viral, but this woman claims she’s working with the deep-state and President Trump.
--
Follow us Online: http://whatstrending.com
Read more on Facebook: http://www.facebook.com/WhatsTrending 
Keep up with us on Instagram: http://instagram.com/whatstrending
Laugh more on Twitter: http://twitter.com/whatstrending
Find us on TikTok: @whatstrending
Sign Up for Our Newsletter: http://bit.ly/wtnewsletter 
Business Inquiries: whatstrendingaccts@gmail.com

Andy Lalwani
Tweet Me: http://www.twitter.com/andylalwani
Find me on IG: http://www.instagram.com/andylalwani

Shira Lazar
Tweet Me: http://www.twitter.com/shiralazar
Find me on IG: http://www.instagram.com/shiralazar",2020-07-07T01:11:58Z,37574,https://www.youtube.com/watch?v=JY79KL3Hb3U
eTNkFfkxGjM,Living with Q: How QAnon is Destroying the Private Lives of Americans,"We’ve watched QAnon disrupt political life. This story shows another side: how the QAnon conspiracy theory has entered the private lives of Americans. We’ve spoken to husbands, wives and partners about what it’s like to watch a loved one turn to Q. Told on condition of anonymity, each person shares their own story about “losing” a partner to a conspiracy theory that orbits around former President Donald Trump. There’s no single narrative for why QAnon has made such deep inroads into American life, with recent polls showing that the conspiracy cult is now as popular as some major religions in the U.S. Emerging from the bowels of the internet, the ever-evolving theory claims a cabal of pedophiles controls the U.S. government and that Trump is uniquely equipped to save the state from their clutches. In collaboration with Newsy, Coda brings you stories of couples in Utah, Colorado and Ohio whose live and homes have been torn apart by QAnon.

For more of Coda Story's coverage, visit our website: https://codastory.com

Subscribe to our Channel: https://www.youtube.com/channel/UCGoMb4CH3KWcjkZrVKC28ag?sub_confirmation=1

Find Coda online: https://codastory.com

And follow Coda:
Facebook: https://www.facebook.com/StayOntheStory/
Twitter: https://twitter.com/CodaStory
Instagram: https://www.instagram.com/codastory/?hl=en

Coda is a nonprofit organization and we depend on your contributions to continue reporting. Please help support independent journalism: http://codastory.com/support",2021-06-09T14:01:09Z,10538,https://www.youtube.com/watch?v=eTNkFfkxGjM
jrkhRR7WtJQ,Rittenhouse Sparks QAnon Civil War,"QAnon followers are not too found of Kyle Rittenhouse at the moment after he publicly aired out his disapproval of extremist conspiracy lawyer and Trump-ally Lin Wood. Cenk Uygur and Ana Kasparian discuss on The Young Turks. Watch LIVE weekdays 6-8 pm ET. http://youtube.com/theyoungturks/live

Read more HERE: 
https://www.yahoo.com/news/qanon-believers-rattled-kyle-rittenhouse-141259289.html

""QAnon followers were taken aback this week when acquitted gunman Kyle Rittenhouse slammed extremist lawyer and longtime QAnon acolyte Lin Wood as “insane.”

As Rittenhouse and Wood faced off against each other, QAnon backers were speaking out in support of the lawyer — or the gunman — indicating a possible fracture in the far-right conspiracy movement.""


***

The largest online progressive news show in the world. Hosted by Cenk Uygur and Ana Kasparian. LIVE weekdays 6-8 pm ET.

Help support our mission and get perks. Membership protects TYT's independence from corporate ownership and allows us to provide free live shows that speak truth to power for people around the world. See Perks: ▶ https://www.youtube.com/TheYoungTurks/join


SUBSCRIBE on YOUTUBE: ☞ http://www.youtube.com/subscription_center?add_user=theyoungturks
FACEBOOK: ☞ http://www.facebook.com/TheYoungTurks
TWITTER: ☞ http://www.twitter.com/TheYoungTurks
INSTAGRAM: ☞ http://www.instagram.com/TheYoungTurks
TWITCH: ☞ http://www.twitch.com/tyt

👕 Merch: http://shoptyt.com

❤ Donate: http://www.tyt.com/go

🔗 Website: https://www.tyt.com

📱App: http://www.tyt.com/app

📬 Newsletters: https://www.tyt.com/newsletters/


If you want to watch more videos from TYT, consider subscribing to other channels in our network:



The Damage Report ▶ https://www.youtube.com/thedamagereport

TYT Sports ▶ https://www.youtube.com/tytsports

The Conversation ▶ https://www.youtube.com/tytconversation

Rebel HQ ▶ https://www.youtube.com/rebelhq

TYT Investigates ▶ https://www.youtube.com/channel/UCwNJt9PYyN1uyw2XhNIQMMA


#TYT #TheYoungTurks #BreakingNews

211129__TB03_Kyle_Rittenhouse_Qanon_Civil_War",2021-11-30T08:30:10Z,326037,https://www.youtube.com/watch?v=jrkhRR7WtJQ
oCKa4OVh5-s,"¿Qué es la teoría de conspiración QAnon, que apoya a Trump?","¿Realmente Trump se enfrenta a una élite liderada por demócratas que operan una red de pedofilia? No, no lo hace. Pero, los simpatizantes de la teoría de la conspiración QAnon creen que sí. La desinformación ha empapado a demócratas como Obama, Hillary Clinton, Joe Biden, y también a actores como Tom Hanks o Ellen DeGeneres. 
Pese a que sus afirmaciones son falsas, las acciones de estos grupos de ultraderecha que apoyan a Trump y alimentan la teoría han pasado de la pantalla al mundo real.  En este video te explicamos cómo surgió y de qué manera ha crecido esta teoría, llena de información falsa.  

¿Quieres ver más historias en video? Suscríbete a nuestro canal aquí: http://bit.ly/2OkzL9y

Historias, contexto y la información que necesitas para entender tu día a día en México: https://www.animalpolitico.com/

Síguenos en nuestras redes sociales.
Twitter: https://twitter.com/pajaropolitico
Facebook: https://www.facebook.com/pajaropolitico/
Instagram: https://www.instagram.com/pajaropolitico",2020-11-12T12:00:10Z,103549,https://www.youtube.com/watch?v=oCKa4OVh5-s
-jdCgct6fAk,QAnon Believer Murders His Own Young Children,"A California man indoctrinated by QAnon murdered his two young children because he believed they were infected with ""serpent DNA."" Jayar Jackson, Francesca Fiorentini, and Nando Vila discuss on The Young Turks. Watch LIVE weekdays 6-8 pm ET. http://youtube.com/tyt/live

Read more HERE:  https://www.washingtonpost.com/nation/2021/08/12/california-father-killed-children-qanon-illuminati/

""Matthew Taylor Coleman was supposed to go on a camping trip with his wife and their two young children last weekend. But evil was in his midst and threatened to bring about the end of the world, he told investigators.

He had to do something.""

Hosts: Jayar Jackson, Francesca Fiorentini, Nando Vila

Cast: Jayar Jackson, Francesca Fiorentini, Nando Vila

*** 

The largest online progressive news show in the world. Hosted by Cenk Uygur and Ana Kasparian. LIVE weekdays 6-8 pm ET. 

Help support our mission and get perks. Membership protects TYT's independence from corporate ownership and allows us to provide free live shows that speak truth to power for people around the world. See Perks: ▶ https://www.youtube.com/TheYoungTurks/join


SUBSCRIBE on YOUTUBE: ☞ http://www.youtube.com/subscription_center?add_user=theyoungturks
FACEBOOK: ☞ http://www.facebook.com/TheYoungTurks
TWITTER: ☞ http://www.twitter.com/TheYoungTurks
INSTAGRAM: ☞ http://www.instagram.com/TheYoungTurks
TWITCH: ☞ http://www.twitch.com/tyt

👕 Merch: http://shoptyt.com

❤ Donate: http://www.tyt.com/go

🔗 Website: https://www.tyt.com

📱App: http://www.tyt.com/app

📬 Newsletters: https://www.tyt.com/newsletters/


If you want to watch more videos from TYT, consider subscribing to other channels in our network:



The Damage Report ▶ https://www.youtube.com/thedamagereport

TYT Sports ▶ https://www.youtube.com/tytsports

The Conversation ▶ https://www.youtube.com/tytconversation

Rebel HQ ▶ https://www.youtube.com/rebelhq

TYT Investigates ▶ https://www.youtube.com/channel/UCwNJt9PYyN1uyw2XhNIQMMA


#TYT #TheYoungTurks #BreakingNews

210813__TB03Qanon",2021-08-14T03:45:01Z,235455,https://www.youtube.com/watch?v=-jdCgct6fAk
kdLZpUfgjms,Qanon Shaman&#39;s lawyer speaks out,"The lawyer for the Qanon Shaman speaks out about his clients defense for his trespass into the Capitol complex during the January 6th Capitol riots - Via Newsmax's 'John Bachman Now.'

Watch Newsmax on Directv 349, Xfinity 1115, Dish 216, Spectrum (see channels), Cox, Optimum, U-Verse 1120, FiOS 615, Suddenlink, CenturyLink 1209, Mediacom 277, Fubo, Sling, WOW!, Armstrong, YouTube live stream, or the Newsmax smartphone APP. Find your cable/streaming provider here: https://newsmaxtv.com/findus

Stay up-to-date at https://newsmax.com

Like Newsmax on Facebook: https://facebook.com/newsmax

Follow Newsmax on Twitter: https://twitter.com/newsmax

Follow Newsmax on Instagram: https://instagram.com/newsmax",2021-05-23T16:00:17Z,42380,https://www.youtube.com/watch?v=kdLZpUfgjms
jG441JLC4Ak,"Rep. Kinzinger On CNN: GOP Leadership, Effects of Misinformation, QAnon, Republican Party","On January 28, 2021, U.S. Representative Adam Kinzinger (R-IL) joined CNN's John Berman to discuss GOP Leadership, the effects of misinformation, the importance of denouncing QAnon, and future of the Republican Party. 

-----
Adam Kinzinger is a common-sense conservative who believes servant leadership, a pragmatic approach, and civil discourse are essential to resolving the issues we face today. 

Currently serving his sixth term in the U.S. House of Representatives, Congressman Kinzinger proudly represents Illinois’ 16th Congressional District, which stretches across 14 counties in Northern Illinois. He serves as a member of the House Committee on Energy and Commerce and the House Foreign Affairs Committee. His top priorities include strengthening U.S. energy policy and making our nation less reliant on foreign resources as well as bolstering the strength of our national security – both at home and abroad. 
 
Prior to being elected to Congress, Kinzinger served in the U.S. Air Force in both Operation Iraqi Freedom and Operation Enduring Freedom. He continues to serve his country as a pilot in the Air National Guard, with the current rank of Lieutenant Colonel, and balances this service with his duties in Congress, where he works tirelessly for Illinois and for the security of our nation. From getting veterans back to work, to combatting the opioid epidemic, Congressman Kinzinger continues to fight for his constituents and stand up for America.
 
Subscribe to Congressman Kinzinger’s YouTube page here: https://www.youtube.com/user/RepAdamKinzinger/featured
Learn more about the Congressman’s work and the district he serves here: https://kinzinger.house.gov/
And follow Congressman Kinzinger on:
Twitter: https://twitter.com/RepKinzinger
Facebook: https://www.facebook.com/RepKinzinger/
Medium: https://medium.com/@RepAdamKinzinger",2021-01-28T14:45:28Z,2073,https://www.youtube.com/watch?v=jG441JLC4Ak
kmAwfo-9IWk,QAnon Prophet Finally Solves The Covfefe Mystery,"The QAnon prophets are at it again, this time the claim that they understand the infamous covfefe tweet from Donald Trump. Jayar Jackson breaks it down on The Watchlist. Watch LIVE weekdays at noon ET. http://youtube.com/watchlisttyt/live

Host Jayar Jackson reacts to a must-watch list of videos of the day, which will cover news, politics, society, culture, current events, and more. 

Help support our mission and get perks. Membership protects TYT's independence from corporate ownership and allows us to provide free live shows that speak truth to power for people around the world. See Perks:  https://www.tyt.com/join


#TYT #TheWatchlist #JayarJackson",2022-05-10T22:30:06Z,14169,https://www.youtube.com/watch?v=kmAwfo-9IWk
7bZddpx8dtM,"&quot;Dr. Seuss, conspiracy theories, QAnon, Marjorie Taylor Greene, and Matt Gaetz&quot;: Jeffries shreds GOP","DEMOCRATS/REPUBLICANS: House Democratic Caucus Chair Rep. Hakeem Jeffries slams the GOP: ""They are out of touch with reality in large measure... They are the party of Dr. Seuss, conspiracy theories, QAnon, Marjorie Taylor Greene, and Matt Gaetz.""

Stay Connected
Forbes on Facebook: http://fb.com/forbes
Forbes Video on Twitter: http://www.twitter.com/forbes
Forbes Video on Instagram: http://instagram.com/forbes
More From Forbes:  http://forbes.com",2021-04-14T17:00:08Z,4786,https://www.youtube.com/watch?v=7bZddpx8dtM
06AfpZf3BzU,"Trump&#39;s Role in the In the Capitol Attack, QAnon&#39;s Rise, and Georgia Guidestones Were Bombed!","We talked about the Georgia Guidestones and then they were bombed weeks later... a coincidence?

 In 1979, an anonymous man using the pseudonym Robert C. Christian commissioned the project from a local granite company on behalf of “a small group of loyal Americans.” That kicked off the construction of five, 16-foot tall slabs of polished granite arranged in a starlike pattern—with a 25,000lb capstone.

The slabs feature a 10-part message in eight different languages about how to live in an “age of reason.” One note recommends keeping the world population under 500 million and only reproducing wisely.

Fun fact, he said to the builder, apparently, through my Youtube Wikipedia research that he wanted them to be able to withstand catastrophic events, I.e an apocalypse.

No suspects have been identified in the bombing, but a Georgia district attorney said the perp(s) would face a minimum of 20 years in prison

Here’s my thing after I researched this a bit more. If you were trying to plan this globalistic takeover and guide people to eugenics and other sinister stuff, why would you publish it on 10 foot stones

Christian J. Pinto. In his documentary Dark Clouds Over Elberton,
Pinto interviewed Wyatt Martin, and was allowed to view one of Christian’s letters to Martin, as well as a glimpse of the papers in the box where Martin stored his paperwork and correspondences relating to the Guidestones. Upon analysis of the footage, he spied a post mark upon one of the letters: Fort Dodge, Iowa. Another envelope had a return address from that same city in Iowa. 

That address, Pinto discovered, was associated with a Doctor Herbert Hinzie Kersten. He lived there both when the Guidestones were commissioned in 1979, as well as in 1998, the date on the letter shown to Pinto. 

Kersten was additionally a self-proclaimed conservationist (indeed, it’s literally engraved on his headstone), and was deeply concerned with human population growth. He was of the belief, among other things, that people with lower IQs should be paid to be sterilized to improve future generations of humans, very in keeping with the tenants of the Guidestones. 

Trump's actions in the January 6th riot: https://www.theguardian.com/us-news/2022/jun/19/january-6-republican-adam-kinzinger-trump-actions-seditious-conspiracy

The hearing, the second in a series planned for this month, marked a further attempt by the committee to show that Mr. Trump was responsible for summoning supporters to Washington on Jan. 6 for his Stop the Steal rally and then directing a mob toward the Capitol.

By showing that Mr. Trump was repeatedly informed by some of his closest advisers that he had lost the election, the committee hopes to establish that his true goal was to maintain power at any cost.

When it finishes its investigation later this year, the committee will have to decide whether to refer a criminal case to the Justice Department.

As Kinzinger told This Week’s host George Stephanopoulos, the January 6 committee cannot file criminal charges against Trump. And the Democratic panel chairman, Mississippi congressman Bennie Thompson, said he does not expect he and his colleagues to make a referral for charges to the justice department, which is the sole entity with the power to prosecute Trump.

It’s been brought to light that Congress had intelligence days before Jan. 6, 2021, that there might be violence. Yet Democratic Party leadership didn’t take measures to prepare Capitol security for violence.

Look Trump definitely promotes conspiracy theories
Claimed Biden had members of SEAL Team 6 killed to cover up a purportedly failed assassination of Osama bin Laden in 2011.

False Birther Conspiracy (Obama not born in America)

Ted Cruz’s father and JFK’s Assassination: “His father was with Lee Harvey Oswald prior to Oswald’s being, you know, shot,” Trump said. “I mean, the whole thing is ridiculous. What — what is this right, prior to his being shot. And nobody even brings it up.”

Trump cast suspicion on Biden by saying he is controlled by “people that you’ve never heard of. People that are in the dark shadows.” Ingraham asked, “What does that mean? That sounds like conspiracy theory. Dark shadows, what is that?”Trump responded by referring to “people that you haven’t heard of” who are “controlling the streets.” He then told a story about a plane that was “almost completely loaded with thugs wearing these dark uniforms, black uniforms with gear” and later said they “were on the plane to do big damage.”

Supreme Court Justice Antonin Scalia was murdered, “But they say they found a pillow on his face, which is a pretty unusual place to find a pillow.”

Vince Foster, who had worked with Clinton as a lawyer in Arkansas and was a deputy in the White House counsel’s office during the Clinton administration, killed himself in a Northern Virginia park in 1993. 

,",2022-07-10T04:43:35Z,60,https://www.youtube.com/watch?v=06AfpZf3BzU
_NGnOCVS16A,the politics of conspiracy: looking at qanon the bigfoot way,"i'm personally more of a pineapple on pizza kinda guy

thanks for watching! :D check below for some STUFF!

animation ending credits, as always, to my friend: https://twitter.com/gamjabyte

music credits:
https://www.youtube.com/watch?v=neY9bvFdYwE - book bag
Herb Ellis & Remo Palmier ‎– Windflower (1978) - Windflower, Sara Casey
Cruel Angels’ Thesis (NGE OP)
https://youtu.be/d8Y2sKIgFWc - Daybreak Chill Blend (original mix), Ron Gelinas
stoneflower - Tereza my Love and Children’s Games
Freddie Hubbard – First Light (1971) - Fantasy in D
https://www.youtube.com/watch?v=aGdzdsqCXPQ - Subo and Mollzitter
https://www.youtube.com/watch?v=ZwArpu4B1P8 Meditation [Humanity]
https://www.youtube.com/watch?v=XOl7qeEiM6A Glee


Sources––with links! :D

BIGFOOT STUFF:
“Why Do So Many People Still Want to Believe in Bigfoot?”: https://www.smithsonianmag.com/history/why-so-many-people-still-believe-in-bigfoot-180970045/
“Search for Bigfoot Outlives The Man Who Created Him”: https://www.nytimes.com/2003/01/03/us/search-for-bigfoot-outlives-the-man-who-created-him.html
QANON STUFF:
“What Is QAnon, the Viral Pro-Trump Conspiracy Theory?”: https://www.nytimes.com/article/what-is-qanon.html
“The truth about adrenochrome”:
https://thespinoff.co.nz/society/07-04-2020/explainer-adrenochrome-the-drug-that-doesnt-exist/
“Like QAnon's Capitol rioters, the Nashville bomber's lizard people theory is deadly serious”: https://www.nbcnews.com/think/opinion/qanon-s-capitol-rioters-nashville-bomber-s-lizard-people-theory-ncna1253819
“THE PROPHECIES OF Q”: https://www.theatlantic.com/magazine/archive/2020/06/qanon-nothing-can-stop-what-is-coming/610567/
Source for the ‘David Goldberg’ Tweet: https://archive.ph/20161031014010/https://twitter.com/DavidGoldbergNY/status/792766614827470848
“A New Wave Of ‘QAnon’ Activists Emerge From The Cult Of MAGA”: https://www.rightwingwatch.org/post/a-new-wave-of-qanon-activists-emerge-from-the-cult-of-maga/
“Who are QAnon Supporters? 5 Revealing Findings from Survey Data”: https://morningsidepost.com/articles/2021/3/8/who-are-qanon-supporters-5-revealing-findings-from-survey-data 
Full transcriptions of Qanon drops––WIP: https://krypt3ia.files.wordpress.com/2018/08/q_s_posts_-_cbts_-_7-2-0.pdf
“Why hundreds of QAnon supporters showed up in Dallas, expecting JFK Jr.’s return”: https://www.washingtonpost.com/nation/2021/11/02/qanon-jfk-jr-dallas/
“Fox News Hosts Conveniently Ignore the News of Their Private January 6th Fears ”: https://www.vanityfair.com/news/2021/12/fox-news-hosts-january-6-fears
CONSPIRACY ESSAYS:
“Kubrick and the Paranoid Style: Antisemitism, Conspiracy Theories, and The Shining”: https://www.sensesofcinema.com/2020/the-shining-at-40/kubrick-paranoid-style-antisemitism-conspiracy-theories/
“Hitler's Racial Ideology: Content and Occult Sources”: https://www.museumoftolerance.com/education/archives-and-reference-library/online-resources/simon-wiesenthal-center-annual-volume-3/annual-3-chapter-9.html
“The Paranoid Style in American Politics”, Richard Hofstadter: http://users.clas.ufl.edu/burt/spaceshotsairheads/HofstaderparanoidstyleHarpers.pdf 
A Bioweapon or a Hoax? The Link Between Distinct Conspiracy Beliefs About the Coronavirus Disease (COVID-19) Outbreak and Pandemic Behavior:
https://www.ncbi.nlm.nih.gov/pmc/articles/PMC7342934/ 
OUTSIDE READING:
“The Secret Doctrine by H. P. Blavatsky -- Vol. 2”: https://www.sacred-texts.com/the/sd/sd2-1-21.htm 
IF YOU HATE READING:
HBO Documentary - “Q: Into the Storm”
VICE - How 8chan Became The Worst Place on The Internet: 
https://www.youtube.com/watch?v=Kerg2rrIdAU 
VICE - QAnon Conspiracies Are Tearing Through Evangelical America: https://www.youtube.com/watch?v=rYMIozCKxGE 
David Dees Documentary - “Do you see what I see?”: https://vimeo.com/577756310
David Dees Art Masterpost: https://www.reddit.com/r/DataHoarder/comments/gxp1ti/requesting_the_archival_of_ddeescom_before_it/ 

if you scrolled all the way down here, uh... woof!",2021-12-21T17:52:34Z,4822,https://www.youtube.com/watch?v=_NGnOCVS16A
a88OIG_JOcY,QAnon decoder,"Volgens de complottheorie QAnon behoort kersvers president Joe Biden tot een elite van satanistische pedofielen en vermomde hagedissen. Het lijkt misschien van de pot gerukt, maar bij QAnon kijken ze nu eenmaal met een andere bril naar het nieuws.",2021-01-22T07:00:00Z,19069,https://www.youtube.com/watch?v=a88OIG_JOcY
pACjrL78K8A,How QANON is EVOLVING,"Mike Rothschild speaks with Adrienne Lawrence on The Conversation about his new book The Storm Is Upon Us: How Qanon Became a Movement, Cult, and Conspiracy Theory of Everything. https://twitter.com/rothschildmd

https://www.penguinrandomhouse.com/books/676746/the-storm-is-upon-us-by-mike-rothschild/ 

MORE TYT: https://tyt.com/trial

Hosts: Adrienne Lawrence, 

Cast: Adrienne Lawrence,

***

The Largest Online News Show in the World. Hosted by Cenk Uygur and Ana Kasparian. LIVE STREAMING weekdays 6-8pm ET. http://tyt.com/live

Subscribe to The Young Turks on YouTube: http://youtube.com/subscription_center?add_user=theyoungturks

TYT on Facebook: http://facebook.com/theyoungturks
TYT on Twitter: http://twitter.com/theyoungturks
TYT on Instagram: http://instagram.com/theyoungturks

Merch: http://www.shoptyt.com

Donate to TYT
https://patreon.com/tytnetwork
http://tyt.com/donate

Download audio and video of the full two-hour show on-demand + the members-only postgame show by becoming a member at http://tyt.com/join/. Your membership supports the day to day operations and is vital for our continued success and growth.

Gift membership: http://tyt.com/gift

Producer, Senior Producer and Executive Producer membership: http://go.tyt.com/producer

Young Turk (n), 1. Young progressive or insurgent member of an institution, movement, or political party. 2. A young person who rebels against authority or societal expectations. (American Heritage Dictionary)

#TYT #TheYoungTurks #TheConversation",2021-06-30T23:15:00Z,3140,https://www.youtube.com/watch?v=pACjrL78K8A
XsMC3X62n4c,QAnon Documentary Is Next Level MADNESS,"A new QAnon documentary, Watch the Water, promotes a truly unhinged conspiracy theory mixing snake venom, magnetic beads, satan's DNA and Covid vaccines. John Iadarola and Yasmin Khan break it down on The Damage Report. 

Read more here:

A Batsh*t New QAnon Documentary Warns That COVID Vaccines Transfer ‘Satan’s DNA’ Into Your Body - https://uproxx.com/viral/watch-the-water-qanon-documentary-satan-dna/

""Wherever QAnon goes, Batsh*t is right there alongside him. But even by wacky conspiracy theory standards (Trump-JFK Jr. 2024, anyone?), a new documentary called Watch the Water is jaw-droppingly insane. Or, as NBC News senior reporter Ben Collins describes it: “It is even more insane than usual.”

Among the many claims made in the documentary, according to Raw Story, are that the COVID “vaccines contain a mixture of magnets and snake venom with the goal of transferring ‘Satan’s DNA’ into human bodies.”""

**

Become a TDR YouTube Member: http://www.youtube.com/thedamagereport/join 

Follow The Damage Report on Facebook: https://www.facebook.com/TheDamageReportTYT/

Help build the Home of the Progressives http://tyt.com/JOIN

Subscribe to The Damage Report YouTube channel: https://www.youtube.com/thedamagereport?sub_confirmation=1

Follow The Damage Report on TikTok: https://www.tiktok.com/@thedamagereport?lang=en

Follow The Damage Report on Instagram: http://www.instagram.com/thedamagereport/ 

Follow The Damage Report on Twitter: https://twitter.com/TheDamageReport

#TheDamageReport #JohnIadarola #TheYoungTurks",2022-04-16T18:00:08Z,47395,https://www.youtube.com/watch?v=XsMC3X62n4c
-A8URYUNKeo,"Echsenmenschen, Qanon &amp; Co. - Warum boomen Verschwörungstheorien? | Galileo Spezial | ProSieben","2020 verbreiten sich mit COVID-19 diverse Verschwörungstheorien: Corona sei eine Erfindung des Establishments, Bill Gates wolle mit einem Impfstoff die Weltherrschaft an sich reißen, 5G-Sendemasten würden Corona verbreiten. Und Anti-Corona-Demos werden zum Instrument von Rechtsradikalen. Warum ist das globale Ereignis Nährboden für Verschwörungstheorien? Wozu dienen sie und warum machen sie sich Rechtsradikale zunutze? ""Galileo Spezial"" begibt sich auf die Suche nach Antworten.

#Aluhut #Verschwörungstheorie #Galileo

► Die besten Videos von #Galileo: https://s71.link/b/2S1dw8f 
► Ganze Folgen von Galileo: https://s71.link/b/3eQ2n3U 

*******************

►Galileo auf YouTube abonnieren: 
https://s71.link/b/3eLvbux 

*********************

►Mehr auf Galileo: https://s71.link/b/3bBYVIr 

►Alle Videos findest du auf https://s71.link/b/2S3LBVf 

Galileo ist die #ProSieben Wissenssendung mit Aiman Abdallah, Stefan Gödde und Funda Vanroy. Täglich um 19.05 Uhr kannst Du auf ProSieben die Welt kennen und verstehen lernen. Galileo nimmt Dich mit auf eine Reise durch das Wissen: Physik, Geschichte, Natur und Internetphänomene, Gesellschaft, Politik und alltägliche Fragen. Die Hosts Harro Füllgrabe, Jan Schwiderek, Jumbo Schreiner, Klas Bömecke, Matthias Fiedler, Akif Aydin und Dionne Wudu nehmen dabei vollen Körpereinsatz in Kauf und gehen allem auf den Grund, was uns interessiert.

-----------------------------------------------------------------------------------------------

Impressum:
https://www.sat1.de/service/impressum",2020-12-19T11:30:00Z,430109,https://www.youtube.com/watch?v=-A8URYUNKeo
4Ao0uncWqXc,Attorney and QAnon supporter Sidney Powell speaks at Rudy Giuliani briefing,"Attorney and QAnon supporter Sidney Powell speaks at a Rudy Giuliani press conference in Philadelphia, in which she made an unfounded claim that Democrats had 'paid' to rig the election in Biden's favor. The Donald Trump legal team has now denied she is now working with them. In a written statement issued by Trump's personal attorney Rudy Giuliani, and his senior campaign adviser, Jenna Ellis on Sunday, they said: 'Sidney Powell is practicing law on her own.' 'She is not a member of the Trump Legal Team,' the message continued. 'She is also not a lawyer for the President in his personal capacity.' 

Original Article: http://www.dailymail.co.uk/news/article-8975945/Trump-campaign-says-attorney-QAnon-supporter-Sidney-Powell-NOT-legal-team.html
Original Video: http://www.dailymail.co.uk/video/news/video-2298214/Video-Attorney-QAnon-supporter-Powell-speaks-Giuliani-briefing.html

Daily Mail Facebook: http://facebook.com/dailymail
Daily Mail IG: http://instagram.com/dailymail
Daily Mail Snap: https://www.snapchat.com/discover/Daily-Mail/8392137033
Daily Mail Twitter: http://twitter.com/MailOnline
Daily Mail Pinterest: http://pinterest.co.uk/dailymail
Daily Mail Google+: https://plus.google.com/+DailyMail

Get the free Daily Mail mobile app: http://dailymail.co.uk/mobile",2020-11-23T10:09:11Z,62447,https://www.youtube.com/watch?v=4Ao0uncWqXc
85GRWClyY10,QAnon против сатанистов-педофилов,"Мир контролирует элитарная группа сатанистов-педофилов, а коронавируса не существует. В это верят сторонники конспирологической теории QAnon. За время пандемии их число выросло в несколько раз, а отдельные участники движения планируют участвовать в выборах США в 2020 году.

Подписывайтесь на наш канал: https://www.youtube.com/bbcrussian

Русская служба Би-би-си:
https://www.bbc.com/russian

Мы в соцсетях:

Instagram: https://instagram.com/bbcrussian
Facebook: https://facebook.com/bbcnewsrussian
Telegram: https://t.me/bbcrussian
Twitter: https://twitter.com/bbcrussian
ВКонтакте: https://vk.com/bbc
Одноклассники: https://ok.ru/bbcrussian
Яндекс.Дзен: https://zen.yandex.ru/bbcrussian

Подкасты Русской службы Би-би-си: https://bbc.in/2YumUTl

Скачивайте приложение Русской службы Би-би-си:

App Store: https://apple.co/2KWOeX0
Google Play: https://bit.ly/2J6ePyW

Комментарии к видео проходят модерацию. Мы оставляем за собой право удалять те комментарии, которые содержат оскорбления, призывы к насилию, клевету, ругательства, рекламу или спам. К сожалению, у нас нет возможности модерировать комментарии в режиме реального времени, поэтому ваш комментарий будет опубликован не сразу. Спасибо за понимание!",2020-07-31T07:00:03Z,88422,https://www.youtube.com/watch?v=85GRWClyY10
mxvQdjdKP78,QAnon on salaliittoteorioista huuruisin – miten siihen uskotaan Suomessakin? HS MINIDOKUMENTTI,"QAnon on pinnalta tarkastellen käsittämättömän typerä salaliittoteoria. Se pohjaa ajatukseen, jonka mukaan Yhdysvaltoja ja maailmaa yrittää hallita salainen eliitti, joka on mieltynyt milloin satanismiin, milloin pedofiliaan, milloin mihinkin. Ja että tätä salaista eliittiä vastaan taistelee, kukas muu kuin Donald Trump. 

Mutta miten tämä kaikki alkoi mennä läpi myös Suomessa? Katso HS Minidokumentti, tilaa kanava ja kommentoi alla!

Lue tästä lisää Qanonista: https://www.hs.fi/nyt/art-2000006706094.html",2020-10-30T09:16:56Z,22051,https://www.youtube.com/watch?v=mxvQdjdKP78
ecgeJhg_JYI,QANON OR MAGANON from ALDI???,Tell me whats on your mind NOW by texting me @ (352)226-2513!!!,2019-01-08T03:53:21Z,1246,https://www.youtube.com/watch?v=ecgeJhg_JYI
vba3lIDdYbw,Kinzinger Addresses Threats by the QAnon Network,"Congressman Kinzinger addresses the QAnon conspiracy theorists and explains how technology has brought us great advances in life and in how we connect, but it has also opened us up to a whole new host of dangers. 
He goes on to say that bad actors like the QAnon network are taking full advantage of humanity’s vulnerability with their malicious troll campaigns and how it’s something we need to be vigilant about, recognize, and denounce. 

-----
Adam Kinzinger is a common-sense conservative who believes servant leadership, a pragmatic approach, and civil discourse are essential to resolving the issues we face today. 

Currently serving his fifth term in the U.S. House of Representatives, Congressman Kinzinger proudly represents Illinois’ 16th Congressional District, which stretches across 14 counties in Northern Illinois. He serves as a member of the House Committee on Energy and Commerce and the House Foreign Affairs Committee, where he serves as Ranking Member of the Subcommittee on Europe, Eurasia, Energy and the Environment. His top priorities include strengthening U.S. energy policy and making our nation less reliant on foreign resources as well as bolstering the strength of our national security – both at home and abroad. 
 
Prior to being elected to Congress, Kinzinger served in the U.S. Air Force in both Operation Iraqi Freedom and Operation Enduring Freedom. He continues to serve his country as a pilot in the Air National Guard, with the current rank of Lieutenant Colonel, and balances this service with his duties in Congress, where he works tirelessly for Illinois and for the security of our nation. From getting veterans back to work, to combatting the opioid epidemic, Congressman Kinzinger continues to fight for his constituents and stand up for America.
 
Subscribe to Congressman Kinzinger’s YouTube page here: https://www.youtube.com/user/RepAdamKinzinger/featured
Learn more about the Congressman’s work and the district he serves here: https://kinzinger.house.gov/
And follow Congressman Kinzinger on:
Twitter: https://twitter.com/RepKinzinger
Facebook: https://www.facebook.com/RepKinzinger/
Snapchat: https://www.snapchat.com/add/repkinzinger",2020-08-16T13:57:58Z,32235,https://www.youtube.com/watch?v=vba3lIDdYbw
4zMV4cLz05Y,QAnon Queen Tells Followers Not To Pay Bills,"There goes QAnon queen of Canada, Romana Didulo, speaking to a gaggle of minions about how her supreme authority makes court orders and laws that she disagrees with ineffective. 
Jayar Jackson and Farron Cousins break it down on The Watchlist. Watch LIVE weekdays at noon ET. http://youtube.com/watchlisttyt/live

Read more HERE: https://www.vice.com/en/article/z3na53/qanon-queen-bills-electricty-canada

""The more who do it, the quicker we can be free of enslavement,” she wrote on one of the group’s Telegram channels. “Those still living in fear are making it harder to get out. Don’t be afraid, because we’re in this together.”

Many, many others have posted that they, too, have stopped paying their bills after hearing that Romana Didulo—a QAnon influencer who has them convinced she’s running Canada behind the scenes—made a decree that electricity is free. Several have posted their power has been shut off or that they were on the verge of having it shut off and relented to finally paying. ""
*** 

Host Jayar Jackson reacts to a must-watch list of videos of the day, which will cover news, politics, society, culture, current events, and more. 

Help support our mission and get perks. Membership protects TYT's independence from corporate ownership and allows us to provide free live shows that speak truth to power for people around the world. See Perks:  https://www.tyt.com/join


#TYT #TheWatchlist #JayarJackson

220511__WL01_Qanon_Queen",2022-05-11T20:30:00Z,55770,https://www.youtube.com/watch?v=4zMV4cLz05Y
H46eprnYcuY,REPORT: 30 Million Americans Believe In QAnon,"A new report says that over 30 million Americans, and that's just the horrible beginning of it all. Ana Kasparian and Cenk Uygur discuss on The Young Turks. Watch LIVE weekdays 6-8 pm ET. http://youtube.com/tyt/live

Read more HERE:  https://www.vice.com/en/article/4avx99/over-30-million-americans-believe-in-qanons-most-outrageous-conspiracy

""To figure out who might be a follower of the unhinged conspiracy movement QAnon, researchers might look at a person’s religious beliefs, or their devotion to Donald Trump, or even their belief in other conspiracy theories.""

Hosts: Ana Kasparian, Cenk Uygur

Cast: Ana Kasparian, Cenk Uygur

*** 

The largest online progressive news show in the world. Hosted by Cenk Uygur and Ana Kasparian. LIVE weekdays 6-8 pm ET. 

Help support our mission and get perks. Membership protects TYT's independence from corporate ownership and allows us to provide free live shows that speak truth to power for people around the world. See Perks: ▶ https://www.youtube.com/TheYoungTurks/join


SUBSCRIBE on YOUTUBE: ☞ http://www.youtube.com/subscription_center?add_user=theyoungturks
FACEBOOK: ☞ http://www.facebook.com/TheYoungTurks
TWITTER: ☞ http://www.twitter.com/TheYoungTurks
INSTAGRAM: ☞ http://www.instagram.com/TheYoungTurks
TWITCH: ☞ http://www.twitch.com/tyt

👕 Merch: http://shoptyt.com

❤ Donate: http://www.tyt.com/go

🔗 Website: https://www.tyt.com

📱App: http://www.tyt.com/app

📬 Newsletters: https://www.tyt.com/newsletters/


If you want to watch more videos from TYT, consider subscribing to other channels in our network:



The Damage Report ▶ https://www.youtube.com/thedamagereport

TYT Sports ▶ https://www.youtube.com/tytsports

The Conversation ▶ https://www.youtube.com/tytconversation

Rebel HQ ▶ https://www.youtube.com/rebelhq

TYT Investigates ▶ https://www.youtube.com/channel/UCwNJt9PYyN1uyw2XhNIQMMA


#TYT #TheYoungTurks #BreakingNews

210527__TB03Report",2021-05-28T02:15:00Z,50295,https://www.youtube.com/watch?v=H46eprnYcuY
8ziJwXOVBSw,"QAnon, Conspiracy Theories, and the Christian, part 2.","Watch and listen to full episodes of Wretched Radio & TV for FREE: https://wretched.org

Follow Wretched:
Facebook: http://facebook.com/wretchednetwork
Twitter: http://twitter.com/wretchednetwork
Instagram: http://instagram.com/wretched.network

Follow Todd Friel:
Twitter: http://twitter.com/toddfriel

Help support quality Christian media!
https://wretched.org/donate

We cannot promise that your ongoing, tax-deductible monthly support will save polar bears and stop global warming (if there were such a thing). But we can promise that we will wisely use every penny you entrust to us to preach the Gospel to as many people as possible. Thank you for trusting us.",2020-08-28T01:00:01Z,13137,https://www.youtube.com/watch?v=8ziJwXOVBSw
-bd6bTRppyc,The Cult of Conspiracy: QAnon - TRAILER,"Watch our latest documentary on Channel 4 in the UK: https://www.channel4.com/programmes/the-cult-of-conspiracy-qanon

Or internationally: https://www.bbcselect.com/ca/the-cult-of-conspiracy-qanon/",2021-12-07T18:43:20Z,1270,https://www.youtube.com/watch?v=-bd6bTRppyc
Acgxebewi8s,"Jennifer Siebel Newsom Slams &#39;Trump Supporters,&#39; &#39;QAnon Conspiracy Theorists&#39; Before Recall Election","First Partner Jennifer Siebel Newsom pushes for defeat of the recall of her husband Gov. Gavin Newsom (D-CA).

Stay Connected
Forbes on Facebook: http://fb.com/forbes
Forbes Video on Twitter: http://www.twitter.com/forbes
Forbes Video on Instagram: http://instagram.com/forbes
More From Forbes:  http://forbes.com",2021-09-14T03:59:31Z,14137,https://www.youtube.com/watch?v=Acgxebewi8s
8wwsKTew_v8,QAnon Training Video,Qnaversity Part 1,2021-02-02T18:07:54Z,21765,https://www.youtube.com/watch?v=8wwsKTew_v8
jdIBQgHM1os,Report: Forensic scientists identify the people behind QAnon,"According to a new report from the New York Times, two sets of forensic scientists have identified the two people they think are behind QAnon. Using computer analysis, the two groups, working separately, named Paul Furber and Ron Watkins as the people behind the posts.

Rate this story: https://santv.co/3I6XvG3.

The Times reports the analysts believe Furber was the first to post a ‘Q’, with Watkins taking over in 2018. Watkin’s father, James Watkins, is the owner of the website where QAnon posts live, and has been contacted by the January 6 Select Committee. 

Watkins is now running for Congress in Arizona.

As part of the New York Times report, both men deny being behind the movement, but Furber did admit that his writing style resembles Q’s style.

Follow Straight Arrow News on social media —
Facebook: https://www.facebook.com/straightarrownews
Twitter: https://twitter.com/StraightArrow__
Instagram: https://www.instagram.com/straightarrownews/
TikTok: https://www.tiktok.com/@straightarrownews

Subscribe to Straight Arrow News emails --
Weekly Newsletter: http://eepurl.com/hxuRdj
Opinion Newsletter: http://eepurl.com/hS5VIX",2022-02-21T18:57:23Z,134,https://www.youtube.com/watch?v=jdIBQgHM1os
9UPJByp9Zv8,"QAnon, the David Dobrik Controversy, and Jo Koy","Jo Koy joins the show to talk about selling out arenas, his new book, dancing with the Jabbawockeez, helping people learn about Filipino talent, and the escalating hate and violence against Asian people.

But first, aliens confirmed and absolutely nobody cares. The QAnon doc ""Into The Storm"" and  the David Dobrik controversy.

Subscribe to The Kevin Clancy Show: https://podcasts.apple.com/us/podcast/the-kevin-clancy-show/id1492939892

Follow Kevin Clancy on Twitter: https://twitter.com/KFCBarstool
Follw Kevin Clancy on Instagram: https://www.instagram.com/kfcbarstool/
Follow Kevin Clancy on TikTok: https://www.tiktok.com/@kfcbarstool

#KevinClancy #JoKoy #QAnon",2021-03-24T12:00:03Z,1891,https://www.youtube.com/watch?v=9UPJByp9Zv8
R8l4jXVlPYw,"The Storm Is Upon Us: How QAnon Became a Movement, Cult, and Conspiracy Theory of Everything","Mike Rothschild explains the background conspiracies and cults that fed the Q phenomenon, from its embrace by right-wing media and Donald Trump, through the rending of families as loved ones became addicted to Q’s increasingly violent rhetoric, to the storming of the Capitol, and on.

And as the phenomenon shows no sign of calming despite Trump’s loss of the presidency—with everyone from Baby Boomers to Millennial moms proving susceptible to its messaging—and politicians starting to openly espouse its ideology, Rothschild makes a compelling case that mocking the seeming madness of QAnon will get us nowhere. Rather, his impassioned reportage makes clear it’s time to figure out what QAnon really is — because QAnon and its relentlessly dark theory of everything isn’t done yet.

Mike Rothschild, author of The Storm Is Upon Us: How QAnon Became a Movement, Cult, and Conspiracy Theory of Everything, is a journalist focused on the intersections between internet culture and politics as seen through the dark glass of conspiracy theories. Since 2018, he has specialized in examining the QAnon conspiracy cult, and is one of the first journalists to reveal its connections to past conspiracy theories and scams. Rothschild’s expertise has led to his becoming a leading commentator on the subject for The New York Times, The Washington Post, NPR, CNN, MSNBC, the BBC, and elsewhere.

This talk took place on August 5, 2021 and was part of the Skeptical Inquirer presents series.",2021-08-06T17:55:28Z,3059,https://www.youtube.com/watch?v=R8l4jXVlPYw
CgbPg5jyg3c,Qanon: a Christ Centered Response,"Qanon: a Christ Centered Response
🤝: Partner with us on Patreon https://www.patreon.com/kingsdream
💦: New Merch https://www.kingsdreament.com/store
🔴: Naval's full Podcast: https://youtu.be/1-TZqOsVCNM
💰: Get debt free with Dave: https://youtu.be/H2Zd0-0XLBU
💸: Invest with robinhood: http://join.robinhood.com/ruslank30
► Subscribe: http://goo.gl/A3eVy8
► Text Ruslan (Don't Send Links Please) 714-710-1017

For more information:
http://RuslanKD.com
http://KingsDreamEnt.com
http://Instagram.com/RuslanKD
http://Facebook.com/RuslanKD
http://twitter.com/RuslanKD

My Gear recommendations

Camera's:
Canon 6D Mark II - https://goo.gl/KLmEDM
Canon 7D Mark II (Great for Low Light + Music Video): http://goo.gl/b8TIvH
Canon 70D (Great for Vlogging w/flip screen): http://goo.gl/5IAGaX
Sony A6500 http://goo.gl/xL1CLU
Canon SL2: https://amzn.to/2XYTHPQ

Video Switcher:
Roland 3 channel w/Audio (new 2019): https://amzn.to/2Hubp7U
Roland 4 channel: https://amzn.to/2IU0XIX
Roland 2 channel: https://amzn.to/2GLaLSn

Lenses: 
Canon 24mm ($150): http://goo.gl/K28A2E
Canon 50 ($125): http://goo.gl/eYp8Co
Canon 10-18 ($299) Vlogging: http://goo.gl/MNuVL6
Tokina 11-16 music video/photo: http://goo.gl/UwU3RQ

Camera Mic:
Rode VMPR http://goo.gl/eujCBD

Lights:
http://goo.gl/kD1azx
http://goo.gl/fRE5Ac
https://goo.gl/KArbTp

Audio interfaces:
Apogee One: http://goo.gl/Nhde5v
Apogee Duet: http://goo.gl/8V5l7w
Apogee Symphony: http://goo.gl/y0oGjn
Cheaper Alternative
Focusrite Scarlett http://goo.gl/Dasvfz

Software:
Reason 10 http://goo.gl/kEAXhw
Final Cut Pro X http://goo.gl/LVCJCq

Microphones: 
Neumann TLM 102: http://goo.gl/u668ku
Rode NT1000: http://goo.gl/1wxEJ3
Bluebird: http://goo.gl/apoaGc
http://goo.gl/NKwpMi
Neumann 87 [Most Expensive]: http://goo.gl/kdpyP2

Pop Filter:
http://goo.gl/e68x0J

Filter: Kaotica EyeBall
https://www.kaoticaeyeball.com/produc...

Cheaper Alternative:
http://goo.gl/b8TIvH

Studio Monitors/Speakers:
Yamaha HS8: http://goo.gl/zHjp0e

Headphones: 
Audio-Technica ATH-M40x: http://goo.gl/Rfvnx0
beyerdynamic DT 770 Pro 80: http://goo.gl/21cs3n

Studio Curtains/Room Dividers:
http://goo.gl/GZj94y

Backdrop/Set:
wall kit: http://goo.gl/iPm8gr
white backdrop: http://goo.gl/oZBUUE
gray backdrop: http://goo.gl/WQk1Dv

Nutrition:
Food Scale - https://goo.gl/gzLUNF
Supplements -  
Garden of Life fit - https://goo.gl/t8r3JT
Garden of Life Protein - https://goo.gl/BF9RHV

(If budget isn't a factor) 
Pre Amp/ Compressor 
Avalon 737: http://goo.gl/smpyb

Books that have changed my life:
""How to Get a Record Deal"" http://goo.gl/wqgkT2
""Quitter"" http://goo.gl/zgpHp5
""Entreleadership"" http://goo.gl/EewQUz
""Power of Habit"" http://goo.gl/iSc3E7
""Purple Cow"" http://goo.gl/WqBR69
""Ask Gary Vee"" http://goo.gl/SLemCy
""New Morning Mercies"" http://goo.gl/yMEKVZ
""Blue Like Jazz"" http://goo.gl/9S2p5Q

DISCLAIMER: This video and description contains affiliate links, which means that if you click on one of the product links, I’ll receive a small commission. This helps support the channel and allows us to continue to make videos like this. Thank you for the support!

Biography:
Almost a decade into his career, San Diego-based rapper Ruslan is Christian hip hop’s jack of all trades. When he isn’t writing and producing original music, he develops compelling content on Youtube, mentors up-and-coming artists, and runs his own independent label, Kings Dream Entertainment. 
 
Born Ruslan Karaoglanov to Armenian parents in Baku, Azerbaijan, Ruslan was a child when he immigrated with his family to the United States in 1991 to escape religious persecution after an ethnic conflict broke out in the wake of tensions between the dissolving Soviet Union and the Azerbaijan government. Settling in San Diego, Ruslan became interested in hip-hop around age eight, and has been honing his craft ever since. In 2010 he released Right Out Loud (The Prequel EP), followed by his full-length debut, Carry On, in 2013. Around the same time, he formed the collective Dream Junkies with fellow rappers Beleaf and John Givez. The group’s debut album, 2016’s Good Religion, registered on Billboard’s R&B, rap, independent, and Heatseakers charts. In 2017 he released part one of his Indie Jones mixtape series which garnered attention on Youtube from the likes of Gary Vaynerchuk and Chase Jarvis.
 
On Indie Jones III, the self-produced third installment in the series. This time around, he gives listeners a glimpse of the man behind the music, discussing his upbringing, his family, his work ethic, his faith, and more.

#Qanon #Conspiracy",2020-11-23T17:00:11Z,3807,https://www.youtube.com/watch?v=CgbPg5jyg3c
s1hpnHgEEWQ,"QAnon Seminar | Professor Darrell Bock, Karl &quot;KJ&quot; Johnson, and moderator Kaitlyn Schiess","𝗟𝗲𝗮𝗿𝗻 𝘄𝗵𝗮𝘁 𝗤𝗔𝗻𝗼𝗻 𝗶𝘀, 𝘄𝗵𝘆 𝗶𝘀 𝗶𝘁 𝗴𝗼𝗶𝗻𝗴 𝘃𝗶𝗿𝗮𝗹, 𝗮𝗻𝗱 𝘄𝗵𝘆 𝗶𝘀 𝗶𝘁 𝗮 𝗱𝗮𝗻𝗴𝗲𝗿 𝘁𝗼 𝘁𝗵𝗲 𝗹𝗼𝗰𝗮𝗹 𝗰𝗵𝘂𝗿𝗰𝗵!",2020-10-23T21:57:34Z,525,https://www.youtube.com/watch?v=s1hpnHgEEWQ
L6n9X6bKpms,The Truth About QAnon,"--Alex Kaplan, Senior Researcher at Media Matters, joins David to discuss social media disinformation and online extremism, as well as the QAnon conspiracy theory

Support The David Pakman Show:
-Become a Member: https://www.davidpakman.com/membership
-Become a Patron: https://www.patreon.com/davidpakmanshow
-Book David Pakman: https://www.cameo.com/davidpakman

Engage with us on social media:

-Join on YouTube: https://www.youtube.com/channel/UCvixJtaXuNdMPUGdOPcY8Ag/join
-Follow David on Twitter: http://www.twitter.com/dpakman
-David on Instagram: http://www.instagram.com/david.pakman
-TDPS on Instagram: https://www.instagram.com/davidpakmanshow/
-Discuss on TDPS subreddit: http://www.reddit.com/r/thedavidpakmanshow/
-Facebook: http://www.facebook.com/davidpakmanshow
-Call the 24/7 Voicemail Line: (219)-2DAVIDP

-Timely news is important! We upload new clips every day! Make sure to subscribe!

Broadcast on September 1, 2020

#davidpakmanshow #alexkaplan #qanon",2020-09-06T21:30:01Z,77237,https://www.youtube.com/watch?v=L6n9X6bKpms
kbgyuK_FP-c,Interviewing Caterers at qAnon Conference,,2021-07-29T02:14:23Z,310632,https://www.youtube.com/watch?v=kbgyuK_FP-c
JTfhYyTuT44,In Search Of A Flat Earth,"Clickbait Title: The Twist at 37 Minutes Will Make You Believe We Live In Hell

More Lake Footage: https://youtu.be/y8MboQzXO1o

This has taken a long time to make, and it was a very winding road, but I'm glad I did it. Hiking out to the north shore of Minnewanka, a 19km round trip, is one of the worst decisions I've ever made but I'm glad I did it. I'm not sure what else to say. I'm so tired. So very, very, very tired.

Flat Earth OR Why Do People Reject Science? - Philosophy Tube
https://www.youtube.com/watch?v=AGvGQSazaTM

Flat Earth: A Measured Response - hbomberguy
https://www.youtube.com/watch?v=2gFsOoKAHZg

I Read The Most Hateful Book Ever Written - Thought Slime
https://www.youtube.com/watch?v=67Rg8V4g3ak

Maybe We Should Be Concerned About Qanon? - SOME MORE NEWS
https://www.youtube.com/watch?v=XJgX20S0Zdg

If you want to stay up to date on QAnon, The QAnon Anonymous Podcast, YouTube channel Some More News, and the work of journalists Will Sommer and Alex Kaplan will give you a place to start.

Music: 
Isolated by Kevin MacLeod (prologue)
Oxygen Mask by Andy G. Cohen (title/credits)
Sunset by Kai Engel (across a curved lake)
Fastest Man on Earth by Jahzzer (they're all going to Q)
Released under a Creative Commons Attribution International License

Written and performed by Dan Olson

Crowdfunding: https://www.patreon.com/foldablehuman
Twitter: https://twitter.com/FoldableHuman

00:00 Prologue
03:21 Intro
05:01 Part 1
37:39 Part 2",2020-09-11T20:04:16Z,2467972,https://www.youtube.com/watch?v=JTfhYyTuT44
qWMW-LKgXVc,QAnon Star Who Says Only &#39;Idiots&#39; Get Vaxxed Dies Of Covid | The Kyle Kulinski Show,"Support The Show On Patreon!:
https://www.patreon.com/seculartalk

Subscribe to Krystal Kyle & Friends On Substack!:
https://krystalkyleandfriends.substack.com

Follow Kyle on Twitter:
http://www.twitter.com/kylekulinski

#KyleKulinski #SecularTalk",2022-01-11T20:00:26Z,117424,https://www.youtube.com/watch?v=qWMW-LKgXVc
WThso-fI0sQ,QANON: La teoría de la conspiración PRO-TRUMP | Draw My Life en Español,"¿Estamos todos bajo el control de élites corruptas? ¿Cuánto sabes acerca de las teorías conspiratorias de QAnon? Hoy en Draw My Life te contamos todo acerca de este nuevo movimiento viral en las redes. ¡No te lo pierdas!

#QAnon #QueEsQAnon #DrawMyLife

Suscríbete para seguir disfrutando de nuestros vídeos: http://bit.ly/DrawMyLifeES_Sub

Otros vídeos que no debes perderte en #DrawMyLife :

El APOCALIPSIS: https://youtu.be/z3N7HySH5_w
Las PESADILLAS de SUSCRIPTORES: https://youtu.be/-kmZF3yu0-U
TEORÍAS CONSPIRANÓICAS VERIFICADAS: https://youtu.be/Hu70m2Tp3ww
La TORTURA BLANCA: https://youtu.be/SIGZgKjteNk
AMONG US: https://youtu.be/AMNVxAeN9cM
LA TALASOFOBIA: https://youtu.be/USitOwuHmvc

Y si lo que te gustan son los vídeos creepy, no lo dudes y sigue nuestro canal más creepypasta, Creepy Club: http://bit.ly/CreepyClubChannel

Descubre los vídeos de Draw My Life más creepy del canal: https://bit.ly/38hQelz

☟ ¡SÍGUENOS AQUÍ! ☟

☛ Facebook (@DrawMyLifeES): http://bit.ly/2C5kW2F
☛ Twitter (@DrawMyLife_ES): http://bit.ly/2EOlNq4 
☛ Instagram(@DrawMyLife_ES): http://bit.ly/2XB6hFm

😍 📖  Ya en venta EL PRIMER LIBRO DE DRAW MY LIFE 👉  https://amzn.to/2Jk3qOv


Producido por 2btube
Contacto para consultas, peticiones o licencias: dml@2btalent.com

Y si te gusta el fútbol suscríbete a CAMPEONES: http://bit.ly/1zVZfXc

QANON: La teoría de la conspiración PRO-TRUMP | Draw My Life en Español | Draw My Life en Español https://youtu.be/WThso-fI0sQ",2021-01-17T18:00:06Z,33023,https://www.youtube.com/watch?v=WThso-fI0sQ
8khVKFGHnhI,QAnon Weirdos Explain Their UNHINGED Conspiracies,"Republican politicians and far-right conspiracists are gathering at a QAnon sponsored event in Pennsylvania, blurring the lines between the two groups. Yasmin Khan breaks it down.

Follow Yasmin on
TikTok - https://www.tiktok.com/@yazzzzzk
Instagram - https://www.instagram.com/yazzzzzk
Twitter - https://twitter.com/YazzieK

#YasminKhan #News #Politics

Delivered by @tyt/studio",2022-04-23T22:15:48Z,78371,https://www.youtube.com/watch?v=8khVKFGHnhI
Xwdkng6ZGp8,Q Shaman Prison Interview,"In this Jan 6 special we get a call from the Q shaman (aka Jake Angeli) who is currently serving a 41 month prison sentence for his involvement in the Capitol Riot.
enjoy -- timestamps are below.

Intro and prison conditions: 0:00 - 05:34
What is a shaman?: 05:34 - 11:52
What catalysed you to get involved in politics?: 11:52 - 16:22
Where does Trump fit into this whole thing? (Q): 16:22 - 19:33
Adrenochrome and elite bloodlines: 16:22 - 24:48
Blood libel and anti-semetism: 24:48 - 26:55
Qanon, the storm. What did Q do? What happens now?: 26:55 - 29:24
Qanon, the storm. Was Q a psyop?: 29:24 - 33:00
Jan 6th, should have Trump have done more?: 33:00 - 34:37
Media portrayal of Q Shaman as Antifa: 34:37 - 35:33
What everyone should do to directly effect change: 35:33 - 37:44
What do you think about violent elements that use the cover of mass movements to do violence?: 37:44 - 39:57
Do you have any regrets?: 39:57 - 41:13
How do you think you'll be remembered by history?: 41:13 - 41:23
Channel 5 and Qshaman rap song drop:  41:23 - 42:50
I cant believe your lawyer said you were retarded: 42:50 - 43:36
What media outlets do you trust?: 43:36 - 43:40
Wrap up, potential other documentaries and future plans: 43:40 - 44:37",2022-01-06T16:00:27Z,2810157,https://www.youtube.com/watch?v=Xwdkng6ZGp8
T-OuspyohIk,QAnon Shaman’s Lawyer DENOUNCES Donald Trump,"Jacob Chansley aka “QAnon Shaman” was recently sentenced to 41 months in prison for storming the Capitol building during the January 6th Insurrection and his lawyer is not happy with how Donald Trump handled his clients’ legal situation. Cenk Uygur and Ana Kasparian discuss on The Young Turks. Watch LIVE weekdays 6-8 pm ET. http://youtube.com/theyoungturks/live

Read more HERE:  
https://www.mediaite.com/trump/lawyer-for-qanon-shamans-message-to-trump-take-care-of-the-jackaes-that-you-fcked-up-because-of-january-6/

""The lawyer for the “QAnon Shaman” teed off a bit on former President Donald Trump after his client was sentenced on Wednesday.

Jacob Chansley, who infamously stormed the capitol on January 6 in a hard-to-miss costume, was sentenced to 41 months in prison.

Attorney Albert Watkins briefly fielded questions from reporters afterward, and one asked him about what he would consider “appropriate accountability” for Trump at this time.""

*** 

The largest online progressive news show in the world. Hosted by Cenk Uygur and Ana Kasparian. LIVE weekdays 6-8 pm ET. 

Help support our mission and get perks. Membership protects TYT's independence from corporate ownership and allows us to provide free live shows that speak truth to power for people around the world. See Perks: ▶ https://www.youtube.com/TheYoungTurks/join


SUBSCRIBE on YOUTUBE: ☞ http://www.youtube.com/subscription_center?add_user=theyoungturks
FACEBOOK: ☞ http://www.facebook.com/TheYoungTurks
TWITTER: ☞ http://www.twitter.com/TheYoungTurks
INSTAGRAM: ☞ http://www.instagram.com/TheYoungTurks
TWITCH: ☞ http://www.twitch.com/tyt

👕 Merch: http://shoptyt.com

❤ Donate: http://www.tyt.com/go

🔗 Website: https://www.tyt.com

📱App: http://www.tyt.com/app

📬 Newsletters: https://www.tyt.com/newsletters/


If you want to watch more videos from TYT, consider subscribing to other channels in our network:



The Damage Report ▶ https://www.youtube.com/thedamagereport

TYT Sports ▶ https://www.youtube.com/tytsports

The Conversation ▶ https://www.youtube.com/tytconversation

Rebel HQ ▶ https://www.youtube.com/rebelhq

TYT Investigates ▶ https://www.youtube.com/channel/UCwNJt9PYyN1uyw2XhNIQMMA


#TYT #TheYoungTurks #BreakingNews

211118_TB01QANONSHAMAN’SLAWYERCALLSOUTTRUMP",2021-11-19T04:45:01Z,119024,https://www.youtube.com/watch?v=T-OuspyohIk
wxC5by-Vvko,QAnon at Dallas Christmas Parade,They're still here... waiting on JFK Jr,2021-12-04T22:01:39Z,18542,https://www.youtube.com/watch?v=wxC5by-Vvko
gUao4-Z2ML8,Qanon Cult Believes JFK Is Coming Back to Life,"Watch Full Episodes here... https://youtu.be/oHU006rCb2c

TEDDY FRESH...http://teddyfresh.com

Follow us on Social Media:
https://twitter.com/h3h3productions
https://www.instagram.com/h3h3productions
https://twitter.com/theh3podcast

Follow Teddy Fresh Social Media:
https://teddyfresh.com
https://instagram.com/teddyfresh
https://twitter.com/teddyfresh",2021-11-06T20:00:13Z,80851,https://www.youtube.com/watch?v=gUao4-Z2ML8
Kg5-8eIX9k0,QANON Anonymes,"Qu'on se le dise, la plus grande des impostures et des fake news, c'est la théorie du ruissellement ! Un ancien adepte témoigne lors d'une séance de Qanon Anonymes ! (attention, vidéo humoristique) 

Via Caisse de grèves",2020-12-30T11:01:39Z,1860,https://www.youtube.com/watch?v=Kg5-8eIX9k0
TsfBczc7bS0,Highland Park shooting suspect was &#39;known to law enforcement&#39;,"Robert “Bobby” Crimo III, the suspect in the Highland Park parade shooting Monday was taken into custody around Monday evening.WGN Investigates  looked into Crimo’s background. Crimo was a prolific poster online where he apparently went by the name “Awake the Rapper.” His videos foretell his alleged violent acts. In one, he appears to be dramatize a school shooting. In another video, Crimo appears to animate his own demise in a confrontation with police.",2022-07-05T02:30:34Z,1954629,https://www.youtube.com/watch?v=TsfBczc7bS0
edAzGFOmV3o,The Divide: QAnon Part One,"Dark Loops Productions proudly presents, ""The Divide"" (Drs. Scott Jordan, Byron Craig, Steve Hunt, Nathan Carpenter, and Steve Rahko) for an intense, informed discussion of the documentaries, ""QAnon: Searching for Q"" and ""Q: Into the Storm."" 

Leave questions and comments on this YouTube page, or send to:

Twitter: @Dark_Loops

Facebook: Dark Loops Productions

email: darkloopsproductions@gmail.com

Love to all!

Zombie Scotty",2022-01-01T03:06:20Z,208,https://www.youtube.com/watch?v=edAzGFOmV3o
J0J6Yn7V-rk,"Twitter Purges 7,000 QAnon Accounts","Support The Show On Patreon:
https://www.patreon.com/seculartalk

Here's Our Amazon Link:
https://www.amazon.com/?tag=seculacom-20

Follow Kyle on Twitter:
http://www.twitter.com/kylekulinski

Like the show on Facebook:
http://www.facebook.com/SecularTalk

Clip from The Kyle Kulinski Show, which airs live on Blog Talk Radio and Secular Talk Radio Monday - Friday 11:00 AM - 12:30 PM Eastern time zone.

Listen to the Live Show or On Demand archive at:
http://www.blogtalkradio.com/kylekulinski",2020-07-25T23:45:00Z,105701,https://www.youtube.com/watch?v=J0J6Yn7V-rk
pNPwQzeVd_E,Cholo QAnon? (Tales From Aztlantis Clip),"Kurly Tlapoyawa and Ruben Arellano Tlakatekatl try to come up with a good term for the conspiracy theory / alternative medicine nonsense currently taking root in the Chicano community in this clip from Episode 22 of the Tales From Aztlantis podcast! In this episode, we explore the need for critical thinking and scientific literacy within the Danza/Mexikayotl community, and offer a simple checklist to help you weed out pseudo history and misinformation!

talesfromaztlantis.com

Your Hosts:

Kurly Tlapoyawa is an archaeologist, ethnohistorian, and filmmaker. His research covers Mesoamerica, the American Southwest, and the historical connections between the two regions. He is the author of numerous books and has presented lectures at the University of New Mexico, Yale University, San Diego State University, and numerous others. He is currently a professor of Chicano Studies at the Colegio Chicano del Pueblo, a free online educational institution.
@kurlytlapoyawa

Ruben Arellano Tlakatekatl is a scholar, activist, and professor of history. His research explores Chicana/Chicano indigeneity, Mexican indigenist nationalism, and Coahuiltecan identity resurgence. Other areas of research include Aztlan (US Southwest), Anawak (Mesoamerica), and Native North America. He has presented and published widely on these topics and has taught courses at various institutions. He currently teaches history at Dallas College – Mountain View Campus.
@Tlakatekatl

Support the show (https://www.patreon.com/hcarchy)",2022-02-04T13:00:33Z,199,https://www.youtube.com/watch?v=pNPwQzeVd_E
ziw4bBGEFLg,QAnon in the German speaking World - An Exclusive Report by CeMAS,"According to a new study by CeMAS, #QAnon is gaining popularity in the German speaking world. Watch our video featuring co-founder Josef Holnburger & our Program Manager Benjamin Fischer for more details.",2022-03-31T06:30:16Z,94,https://www.youtube.com/watch?v=ziw4bBGEFLg
0A0lIfomTP8,"Reno 911: The Hunt for Qanon - Official Trailer 2 (2021) Niecy Nash, Thomas Lennon, Cedric Yarbrough","An irreverent look at what goes on behind-the-scenes in Reno, Nevada's Sheriff's Department.
-
-
-
reno 911! the hunt for qanon,reno 911! the hunt for qanon teaser,reno 911! the hunt for qanon movie teaser,reno 911! the hunt for qanon teaser 2021,reno 911! the hunt for qanon official teaser,teaser,trailers,special trailer,2021 trailers,2021 tv trailers,reno 911! the hunt for qanon teaser 1,reno 911! the hunt for qanon paramount+,paramount+,entertainment,tv series,tv special,thomas lennon,robert ben garant,kerri kenney-silver,trailers 2021,trailer party
-
-
-
-
Email: trailerparty101@gmail.com

#trailerparty #subscribe #reno911thehuntforqanon",2021-12-11T18:00:00Z,138,https://www.youtube.com/watch?v=0A0lIfomTP8
vwhwg0uS7xU,qanon,,2015-01-28T17:14:33Z,25,https://www.youtube.com/watch?v=vwhwg0uS7xU
YDBhkvHshJY,Qanon conspiracies,,2022-05-09T15:53:41Z,25,https://www.youtube.com/watch?v=YDBhkvHshJY
_M0c_sbHZeo,QAnon Phenomenon and It&#39;s Assault on Democracy | To The Point,"Are Hillary Clinton, Tom Hanks and Oprah eating children to live longer? Here's everything you need to know about the QAnon conspiracy theories and the Cult members that are attacking our democracy.

#ToThePoint #EricMitchell #QAnon

Subscribe to To The Point:
http://bit.ly/WatchMoreToThePoint


Find To The Point on Twitter: https://twitter.com/tothepointtv
Find To The Point on Facebook: https://www.facebook.com/ToThePointWithEricMitchell
Find To The Point on Instagram: https://www.instagram.com/tothepointtv/



About To The Point:
National Tv Commentator Eric Mitchell gets straight To the Point every weekday, addressing the biggest stories in news, politics, pop culture, and entrepreneurship, Now you can get directly To the Point every day.

-~-~~-~~~-~~-~-
Please watch: ""Why the US has a Mental Health Pandemic | To The Point"" 
https://www.youtube.com/watch?v=Alh6jfhGQkU
-~-~~-~~~-~~-~-",2021-01-15T17:30:02Z,293,https://www.youtube.com/watch?v=_M0c_sbHZeo
j25NHPw8bik,The Racist Women of QANON,"Author Mia Bloom speaks with Benjamin Dixon on The Conversation about her book Pastels and Pedophiles: Inside the Mind of QAnon. https://twitter.com/MiaMBloom

https://www.sup.org/books/title/?id=34673

MORE TYT: https://tyt.com/trial

Hosts: Benjamin Dixon, 

Cast: Benjamin Dixon,

***

The Largest Online News Show in the World. Hosted by Cenk Uygur and Ana Kasparian. LIVE STREAMING weekdays 6-8pm ET. http://tyt.com/live

Subscribe to The Young Turks on YouTube: http://youtube.com/subscription_center?add_user=theyoungturks

TYT on Facebook: http://facebook.com/theyoungturks
TYT on Twitter: http://twitter.com/theyoungturks
TYT on Instagram: http://instagram.com/theyoungturks

Merch: http://www.shoptyt.com

Donate to TYT
https://patreon.com/tytnetwork
http://tyt.com/donate

Download audio and video of the full two-hour show on-demand + the members-only postgame show by becoming a member at http://tyt.com/join/. Your membership supports the day to day operations and is vital for our continued success and growth.

Gift membership: http://tyt.com/gift

Producer, Senior Producer and Executive Producer membership: http://go.tyt.com/producer

Young Turk (n), 1. Young progressive or insurgent member of an institution, movement, or political party. 2. A young person who rebels against authority or societal expectations. (American Heritage Dictionary)

#TYT #TheYoungTurks #TheConversation",2021-07-01T23:45:22Z,6135,https://www.youtube.com/watch?v=j25NHPw8bik
89NP0NXU6l4,How the sex trafficking panic leads to Qanon conspiracy theorists - Brooke Magnanti,"Streamed live on 15th October 2020

As the US Presidential election draws near, the world has become fascinated with the seemingly new phenomena of Qanon and other wide-ranging conspiracy theories taking over social media and mainstream politics. However, the genesis of these groups is years old and comes from a surprising place: the global anti-sex trafficking movement. Brooke Magnanti discusses what happens when well-meaning causes are sidelined by bad stats and bad faith actors seize the opportunity in the service of a more worrying trend.

Brooke Magnanti is a scientist and author. She is writer of the bestselling Belle de Jour series of books, which were adapted into the hit ITV show ""Secret Diary of a Call Girl"" starring Billie Piper. She is also the writer of crime thrillers The Turning Tide and You Don't Know Me.
Brooke was born in west central Florida in 1975. She earned a Ph.D. in the Forensic Pathology department there, specialising in human decomposition and postmortem identification. She has worked in forensic science, epidemiology, chemoinformatics and cancer research. 

About Skeptics in the Pub - Online
We are a coalition of UK-based Skeptics groups. Formed as the Covid-19 epidemic brought our country to a standstill, we are working to deliver high-quality online events focusing on Science, reason, and critical thinking.

Chapters:
0:00 Intro
2:04 Talk
56:03 QnA",2020-10-18T07:00:01Z,822,https://www.youtube.com/watch?v=89NP0NXU6l4
FVTe7dvMUso,Marianne Williamson: New Age Spiritual Types Getting Sucked In To QAnon,"Support The Show On Patreon:
https://www.patreon.com/seculartalk

Here's Our Amazon Link:
https://www.amazon.com/?tag=seculacom-20

Follow Kyle on Twitter:
http://www.twitter.com/kylekulinski

Like the show on Facebook:
http://www.facebook.com/SecularTalk

Clip from The Kyle Kulinski Show, which airs live on Blog Talk Radio and Secular Talk Radio Monday - Friday 11:00 AM - 12:30 PM Eastern time zone.

Listen to the Live Show or On Demand archive at:
http://www.blogtalkradio.com/kylekulinski",2020-11-18T22:00:02Z,122670,https://www.youtube.com/watch?v=FVTe7dvMUso
yezsgWbVZ30,QAnon Crypto IMPLODES As Markets Tank,"Support our Channel:  http://www.patreon.com/JeffWaldorf

On Monday, disinformation-fighting tech company Logically.ai reported that a special cryptocurrency developed for adherents of the QAnon conspiracy theory has imploded.

https://www.rawstory.com/qanon-cryptocurrency/?fbclid=IwAR28hqEPmjijYrCTMFA30hMAfcDlic_J3_5ujwTAgFFVgtmf9aBhqfA-Opw

Or become a channel member: https://www.youtube.com/channel/UCIAXaU6LIcZyoHYWqVLM4wg/join

Subscribe for daily videos!

Reddit: https://www.reddit.com/r/WaldorfNation/
Like Our Facebook Page! http://www.Facebook.com/JeffWaldorfShow
Find me on Twitch! https://www.twitch.tv/jeff_waldorf
Follow me on Twitter: @JeffsPolitics",2022-06-20T22:00:10Z,5302,https://www.youtube.com/watch?v=yezsgWbVZ30
3e6jfa6jzp8,"Bert Gets Into QAnon - 2 Bears, 1 Cave Highlight","Tom Segura and Bert Kreischer discuss QAnon and watch a video from a conspiracy theorist who insists that Joe Biden is not really the president. Bert also reveals which conspiracy theory he could get behind the easiest.

https://ymhstudios.com/
https://store.ymhstudios.com/
https://www.reddit.com/r/yourmomshousepodcast/",2021-04-28T17:00:03Z,41322,https://www.youtube.com/watch?v=3e6jfa6jzp8
Tc27HJLU5xg,A Look Back at All of the QAnon Prophecies That Never Came True,"Get early access to videos by supporting us on Patreon, YouTube or PayPal! Sign up here: http://www.patreon.com/humanistreport or here: http://www.humanistreport.com/support.html or here: https://www.youtube.com/channel/UC7Q4rvzJDbHeBHYk5rnvZeA/join

Sources:
https://www.rollingstone.com/politics/politics-news/trump-reinstatement-mike-lindell-thanksgiving-1262796/
https://docs.cdn.yougov.com/87gqotkd1s/econTabReport.pdf

Watch Our Fake Conspiracy Video:
https://youtu.be/b8uHPDgSczM?t=272

************************
Visit Our Website: http://www.humanistreport.com/
Follow Us on Twitter: http://www.twitter.com/HumanistReport
Like Us on Facebook: http://www.facebook.com/humanistreport
Follow Mike on Instagram: https://www.instagram.com/mike.figueredo/
Follow Mike on Twitch: https://www.twitch.tv/humanistreport
Audio Available on iTunes, Spotify, SoundCloud, and iHeartRadio

************************
The Humanist Report (THR) is a progressive political podcast that discusses and analyzes current news events and pressing political issues. Our analyses are guided by humanism and political progressivism. Each news story we cover is supplemented with thought-provoking, fact-based commentary that aims for the highest level of objectivity.

#HumanistReport #THR #MikeFigueredo",2021-12-23T17:59:52Z,11534,https://www.youtube.com/watch?v=Tc27HJLU5xg
9jf_HZUxauY,EXCLUSIVE: QANON SHAMAN INTERVIEW - CRACKHEAD BARNEY &amp; FRIENDS,"EPISODE 11 - EXCLUSIVE: QANON SHAMAN INTERVIEW

Instagram: https://www.instagram.com/crackheadbarneyandfriends/
Tik Tok: https://www.tiktok.com/@crackheadbarneyndfriends?",2021-01-16T22:03:32Z,31692,https://www.youtube.com/watch?v=9jf_HZUxauY
OiJvRykl1GI,Who Started Qanon? | #Shorts,"In this video, I go through a basic timeline detailing who likely started Qanon

[placeholder]
Patreon: https://www.patreon.com/telltaleatheist
Twitter: https://twitter.com/telltaleatheist
Twitch: https://www.twitch.tv/telltaleatheist
Telltale: https://www.youtube.com/c/TelltaleAtheist
Telltale Fireside Chat: https://www.youtube.com/c/TelltaleFiresideChat
Telltale Unfiltered: https://www.youtube.com/channel/UCOB86WpguzlOEs4z93iZ7kA
TikTok: https://www.tiktok.com/@telltaleatheist
Discord: https://discord.gg/KeXmEq9
PayPal: http://paypal.me/telltaleatheist
Teespring: https://teespring.com/stores/telltaleatheist
Etsy Game Shop: https://www.etsy.com/shop/TelltaleShop
Podcast on iTunes: https://podcasts.apple.com/us/podcast/telltale-podcast/id1399333418
Podcast on SoundCloud: https://soundcloud.com/user-450959803
Voicemail: 1-800-701-8573",2022-05-13T20:00:05Z,9735,https://www.youtube.com/watch?v=OiJvRykl1GI
aUHRm6EYiBU,Crazy Alert: Are QAnon Believers Just Reinvented Lizard People?,"Crazy Alert! Vice News is reporting, a California man killed his two children because he thought they inherited serpent DNA from their mother.  He was radicalized by infamous conspiracy theorist David Icke. QAnon Surfer Who Killed His Kids Was Radicalized by Lizard People Conspiracies
 
🔴 Subscribe for more clips like this: https://www.youtube.com/user/thomhartmann?sub_confirmation=1 

⭐ Join our Membership and Support the Channel:  https://www.youtube.com/user/thomhartmann/join

MORE FROM THOM
🎦 Watch a full program re-run anytime: http://www.patreon.com/thomhartmann
🎧 Audio Podcast: http://www.thomhartmann.com/podcast
📜 Free Newsletter: http://www.thomhartmann.com/podcast
👕 Merchandise: https://teespring.com/stores/thom-hartmann-program-2
🍺 Thom Merchandise: https://teespring.com/thom-hartmann-mug?pid=522&cid=101870

FOLLOW THOM
📕 AMAZON: http://amzn.to/2hS4UwY
📝 BLOG: http://www.thomhartmann.com/thom/blog
👥 FACEBOOK: http://www.facebook.com/ThomHartmannProgram/
📸 INSTAGRAM: http://www.instagram.com/Thom_Hartmann
🎦 PATREON: http://www.patreon.com/thomhartmann 
🐦 TWITTER: http://www.twitter.com/thom_hartmann
🌐 WEBSITE: http://www.thomhartmann.com
📺 YOUTUBE: http://www.youtube.com/subscription_center?add_user=thomhartmann

ABOUT THE PROGRAM
The Thom Hartmann Program is the leading progressive political talk radio show for political news and comments about Government politics, be it Liberal or Conservative, plus special guests and callers.

#MoreFromThom

✔ Amazon links are affiliate links",2022-04-09T00:45:01Z,4513,https://www.youtube.com/watch?v=aUHRm6EYiBU
OVJxZLIpcfc,The Evangelical Christian To QAnon Pipeline,"Support The Show On Patreon!:
https://www.patreon.com/seculartalk

Subscribe to Krystal Kyle & Friends On Substack!:
https://krystalkyleandfriends.substack.com

Follow Kyle on Twitter:
http://www.twitter.com/kylekulinski

""The first time I ever really listened to Kyle Kulinski’s show was in the back of a cab last summer. The driver had his phone hooked up through the stereo and was pumping out an episode through the car speakers — loudly, as if looking to convert a captive audience.

“Do you like Kyle Kulinski?”

The driver, Ahmed, was a recent immigrant and apparently a die-hard fan of Secular Talk, the political talk show that Kulinski broadcasts on YouTube. I told him, yes, in fact. I do like Kulinski, had come across his show several years ago, and, all things considered, he seemed pretty good.

“He understands what we’re up against,” Ahmed said. “Like Bernie.”

But I was surprised to hear Kulinski’s name mentioned in the same breath as Bernie Sanders, particularly with such adoration. Because what I did remember about Kulinski’s show struck me as mostly capital-P “progressive” takes on the news — the left wing of the Netroots crowd more than the democratic socialism Sanders has popularized.

It’s an impression that wasn’t entirely incorrect.

“I have no time for philosophical, airy bullshit,” Kulinski tells me from his home in Westchester, New York. “I don’t want to hear about Lenin. I don’t want to hear about Marx. I just want a super plainspoken, straightforward agenda with a straightforward way of selling it.”

With over 800,000 subscribers and nearly 670 million total views on YouTube, selling a progressive agenda is clearly something Kulinski knows how to do — even Democracy Now, the long-standing flagship of progressive media, cannot match his reach on the platform. Chapo Trap House can certainly boast a wildly devoted fan base (and a not insignificant degree of media influence), but their audience is roughly half the size of Kulinski’s.

While Secular Talk might be more likely to be looped in with the progressive networks around Air America and Pacifica alums like Sam Seder than the more resolutely socialist world, Kulinski’s fiery rhetoric, razor-sharp class instincts, and knack for withering takedowns sets him apart from his peers. Judging by his rhetoric alone, he’s closer to a Eugene Debs than a Chris Hayes.

But unlike Hayes, Amy Goodman, or his friend Cenk Uygur of The Young Turks — who began airing Secular Talk on his web network seven years ago — the thirty-two-year-old Kulinski is virtually invisible in the mainstream media. Despite his enormous fan base, his show has never once been mentioned in the obligatory trend pieces on “the Millennial Left” pumped out by the prestige media. Nor has Kulinski’s name ever popped up at all in the New York Times, Vox, the New Yorker, New York Magazine, or the Washington Post, despite his leading role in cofounding Justice Democrats, the organization widely credited with sweeping Alexandria Ocasio-Cortez and the rest of “the Squad” to power.

Just last week, his Wikipedia page was deleted. The reason? “There is very simply no [reliable source] coverage of this person,” according to one moderator. In new media, he’s king — the Sean Hannity of the Berniecrat left. In old media, he’s nobody.

I suspect there are a few reasons for that. There is nothing “cool” about Kulinski’s show. (As a friend put it, “‘Welcome to Secular Talk’ sounds like something you’d hear on Egyptian radio.”) His no-nonsense social-democratic politics won’t get him much cred with the Full Communism crowd. He records his show not in Brooklyn or Los Angeles, but in a studio he built himself in his modest Westchester home. His hair is too groomed and his taste in clothes too preppy to qualify as “Dirtbag Left.” Nor has he ever attended an n+1 release party. “Not only have I not attended one,” he says, “I have no idea what that means.”

And yet he’s astonishingly plugged-in for a young man in the suburbs. Wondering how Sanders ended up on the Joe Rogan Experience? Kulinski, a frequent guest on Rogan’s wildly popular show, introduced them. “You make the most sense to me,” Rogan told Kulinski on a recent episode. “You’re a normal person.”

Much like Sanders himself, Kulinski’s show has a massive audience that just doesn’t compute with our media’s understanding of “what the kids want” or even “what the left-wing kids want.”

It’s probably for the best — the very woke and very WASP-ish decorum haunting much of the media world is nowhere to be found in Secular Talk. “Corporate Democrats over-focus on identity as a trick to divert you from the issues that unite us all — class issues,” he said on a recent episode. “That Raytheon decided they don’t hate gays or trans people — frankly, I don’t really give a shit what their take on that is...""

Read More Here!:
https://jacobinmag.com/2020/03/kyle-kulinski-bernie-bros-secular-talk-joe-rogan-youtube

#KyleKulinski #SecularTalk",2022-03-19T17:00:30Z,51772,https://www.youtube.com/watch?v=OVJxZLIpcfc
aoJEBw-c3TE,What Qanon Follower REALLY Believes,"Musician JT Wilde speaks with Cenk Uygur on The Conversation about his involvement with Qanon. https://www.instagram.com/thejtwilde/

https://www.jtwilde.com/

MORE TYT: https://tyt.com/trial

Hosts: Cenk Uygur, 

Cast: Cenk Uygur,

***

The Largest Online News Show in the World. Hosted by Cenk Uygur and Ana Kasparian. LIVE STREAMING weekdays 6-8pm ET. http://tyt.com/live

Subscribe to The Young Turks on YouTube: http://youtube.com/subscription_center?add_user=theyoungturks

TYT on Facebook: http://facebook.com/theyoungturks
TYT on Twitter: http://twitter.com/theyoungturks
TYT on Instagram: http://instagram.com/theyoungturks

Merch: http://www.shoptyt.com

Donate to TYT
https://patreon.com/tytnetwork
http://tyt.com/donate

Download audio and video of the full two-hour show on-demand + the members-only postgame show by becoming a member at http://tyt.com/join/. Your membership supports the day to day operations and is vital for our continued success and growth.

Gift membership: http://tyt.com/gift

Producer, Senior Producer and Executive Producer membership: http://go.tyt.com/producer

Young Turk (n), 1. Young progressive or insurgent member of an institution, movement, or political party. 2. A young person who rebels against authority or societal expectations. (American Heritage Dictionary)

#TYT #TheYoungTurks #TheConversation",2021-03-16T20:45:00Z,72141,https://www.youtube.com/watch?v=aoJEBw-c3TE
PPQ-zSjHOeY,KO HANJI KO HANTA KO HUNHU (BARKA DA SALLAH),"Welcome to Official YouTube Channel of Dauda Kahutu Rarara. 
Dauda Adam Abdullahi popularly known as ""RARARA"" is Nigerian  Musical Artist, SongWriter and Producer.
Click on the below link to get updates any time we upload https://studio.youtube.com/channel/UC-MK0W08QFLkReXKyPEHK4w?sub_confirmation=1

Follow me on Facebook: https://web.facebook.com/daudaadamu.abdullahi.505
Official Facebook Page: https://web.facebook.com/Rararaofficial
Follow me on Instagram: https://www.instagram.com/real_rarara_multimedia/

#DaudaKahutuRarara #RararaMultimediaTV #Jami'aGonarWaka #Rarara
#YoutubeCreators, #YouTubeMusic #YouTubeVideos, #YouTubePartner #YouTubeAcadamy #YouTubeKids #YouTubeRed #YouTubeSubscribers #YouTubeViews #YouTubeWatchTime #YouTube #YouTubers #YouTubeRiwind #YouTubeTrends #YouTubeAdvertisers #YouTubeMovies #TeamYouTube #Google #SnapChat #TikTok #Twitter #Likee #Vskit #Website #Blog #Blogger #WordPress #FaceBook #WhatsApp #Gaming #WWE #Craft #WatchTime #Technology #Create #Creator #VideoStrategy #BoostVideo #CreatorStudio #Tseries #Netflix #KindMaster #Phone #Iphone #Samsung #Nokia #SmartPhone #Tutorial
#FaceBookLite #YTStudio #App #Apk #English #LearnEnglish #Computer #Book #Watch #Streaming #OnYouTube #TwitterLite #LikeeLite #HowToFish #HowtoCreate #Howtocatch #HowtoStart #Andromo #AdSense #Admob #AdWord #YouTubCampaign #AppCampaign #HowtoDo #HowtoCook #Trick #Magic #Trailer #AmericanMovies #ChinesMovies #IndianMovies #NigerianMovies #GanianMovies #Hiphop #Rap #Musicians #Novel #Novels #Speak #Action #Money #Monitization #Content  #Art #Editing #Edit #Editor #HowEdit #Howtochange #Howtoremove #Howtopay #Howtogetpaid #Googleplaystore #Account #FaceBookAccpunt #TwitterAccount #LikeeAccount #WhatsAppNumber #InstagramAccount #InstagramActionBlock #WIFI #Password #HowtogangePassword #HowToSwim #Payment #OnlineMarketing #Onlinebusiness #HowtobuyOnline #Daudakahutu
#Hausatop, #mubarakeytv #alijita #gwanjatv #umarmSharif #brotherstv entertainment #aliartwork #mazajene #markangelComedy #arewateach #algaidaDubStudio #taskarala #tsakargida #mazajetv #nuraminuwa #adamazango #kainuwa24 #arewa24 #alrahustv #Bushkiddo #rahamasadautv #amalUmartv #ahmadshawa #kundinshahara #awa24 #muraditv #kwanachassa,in #dadinkowa #gidanbadasi #arewacomedy #drsambo #jarumaempire #fkdtv #hausaTV #muneeratabdussalam #sadiyaharuna #buzoDanfillo #maisuburbuda #indianHausa #fassara #arewatv #masarauta #sarauniyatv #zinariyatv #yawaskit #Emanuela #kannywood channel #finafinan Fassara #taba kalashetv #shagirigirbau #murnatv #hamisubreka #isahayagi #sayyid gadankaya #shamsualale #habibu lafazy #lilin baba #Dj Ab #diezel #classic #Morrel #youngkeenz #legitHausa #bbcHausa #babanchinedu #auduboda #usainidanko #ahmadmsadik #tijjanigandu #Matankannywood #hausafilmstv
#followme#follow#followforfollow#followback#followers#follow4follow#followher#follower#followhim#followall#followbackteam#followbackalways#follows#followgram#followalways#tagblender#followmefollowyou#following#followstagram#follownow#ifollowback#followus#followmeback#followforlike#followmeplease#followshoutoutlikecomment#followbackinstantly#f4f#ifollo#followyou
#youtube #youtuber #youtubers #subscribe #youtubepagepromotion #youtubespotlight #youtubelikes #youtubefans #youtubecontent #youtubepost #youtubevideo #youtubestar #youtubemarketing #youtuberlife #youtubeguru #youtubecreator #youtubesubscribers #youtuberslife #youtubeviews #youtubeadvertising #instayoutubers #instavideo #instayoutube #instavideos
#youtubegamers #youtubeyoga #youtubermakeup #youtubegaming #youtubeblogger #youtubegamer #youtubefamily #youtubecouple #youtubemama #youtuberkids #youtubefitness #youtubevlogger #youtubetutorial #youtubevlog #vlog #youtubecomedy #youtubegiveaway #youtubegamingchannel #youtubefood
#youtube #youtuber #instagram #music #like #youtubers #follow #love #spotify #video #gaming #hiphop #subscribe #twitch #explorepage #rap #memes #facebook #gamer #soundcloud #youtubechannel #ps #fortnite #instagood #tiktok #k #viral #explore #artist #bhfyp #funny #itunes #newmusic #vlog #meme
#likeforlikes #applemusic #twitter #photography #m #s #xbox #trending #podcast #game #f #repost #bhfyp #l #sub #a #followme #rapper #followforfollowback #edit #vlogger #producer #playstation #o #musicvideo #hiphop #rap #music #rapper #trap #dance #rnb #dj #newmusic #beats #artist #love #hiphopmusic #producer #art #soundcloud #rapmusic #party #hiphopculture #spotify #freestyle #youtube #follow #reggae #rappers #explorepage #like #undergroundhiphop #s #bhfyp
#nyc #instagood #bhfyp #fashion #newyork #repost #boombap #musicproducer #beatmaker #atlanta #pop #trapmusic #musician #radio #instagram #dancer #worldstar #oldschool #beat #unsignedartist #musicvideo #hiphopdance #life #photography #nightlife #singer #explore #viral #studio #reggaeton",2022-07-09T06:56:24Z,31345,https://www.youtube.com/watch?v=PPQ-zSjHOeY
lrTNaOpfHa8,Did you know that QAnon is structured like an alternate reality game?! - Reed Berkowitz explains why,"QAnon has the structure of an alternate reality game. It starts with a rabbit hole, a strange thing that happens to catch your eye, followed by a trailhead that reveals information, patterns, questions — where you discover an entire community trying to solve the same puzzles.

________________________________________________________

In this episode, we sit with Reed Berkowitz, who has over 25 years of experience designing, writing, and researching award-winning interactive experience for some of the largest entertainment companies. We talk to Reed about all things fiction including what happens when fictional and real worlds collide. We kick things off by hearing more about Reed’s childhood and what fictional stories gave him that he couldn’t find anywhere else. After hearing about how fiction can help you conquer fears and life’s adversities, Reed continues by contrasting the difference between entertainment and escapism.
As our conversation deepens, we talk about QAnon and discover how this movement has uncanny similarities to an alternate reality game. Reed touches on the structure of alternate reality games and introduces listeners to concepts like rabbit holes, trailheads, and the communities that take part in solving puzzles. We then take a look at the disconcerting psychology behind this real-world alternate reality and hear about epiphanies as well as pre-schizophrenic states and delusional thinking. In the latter half of the show, Reed tells us how we can avoid slipping into this rabbit hole through building and nurturing connection with others, before explaining how video games can bring people together. To conclude the show, we ask Reed how video games can inspire social discourse and activism to become more fun and engaging. To hear his response, and much more, check out one of the links below:

Summary, Graphics and Audiograms: https://medium.com/impact-everywhere/reed-berkowitz-fiction-podcast-88da3c636a75

Subscribe on Spotify: https://open.spotify.com/episode/4eQQwPFdCHJfGlriFsPF6l
Subscribe on Apple Podcasts: https://podcasts.apple.com/us/podcast/unexpected-benefits-fiction-why-qanon-sucks-ft-game/id1504371839?i=1000508100653
Subscribe on Google Podcasts: https://podcasts.google.com/feed/aHR0cHM6Ly9mZWVkcy5idXp6c3Byb3V0LmNvbS85MjY4OTYucnNz/episode/QnV6enNwcm91dC03NzE3MjQw?sa=X&ved=0CAUQkfYCahcKEwiwiojlrNruAhUAAAAAHQAAAAAQAQ",2021-02-08T17:30:14Z,139,https://www.youtube.com/watch?v=lrTNaOpfHa8
c85qXebXi1Q,Qanon Promotes Crazy Device Called Med Bed,"Qanon has reached new heights of crazy... a device called a ""med bed"" has been released. Jayar Jackson and David Shuster break it down on The Watchlist. Watch LIVE weekdays at noon ET. http://youtube.com/watchlisttyt/live

See more HERE: https://twitter.com/willsommer/status/1462856683382845445?ref_src=twsrc%5Etfw%7Ctwcamp%5Etweetembed%7Ctwterm%5E1462856683382845445%7Ctwgr%5E%7Ctwcon%5Es1_&ref_url=https%3A%2F%2Fembedly.forbes.com%2Fwidgets%2Fmedia.html%3Ftype%3Dtext2Fhtmlkey%3D3ce26dc7e3454db5820ba084d28b4935schema%3Dtwitterurl%3Dhttps3A%2F%2Ftwitter.com%2Fwillsommer%2Fstatus%2F1462856683382845445image%3Dhttps3A%2F%2Fi.embed.ly%2F1%2Fimage3Furl3Dhttps253A252F252Fabs.twimg.com252Ferrors252Flogo46x38.png26key3D3ce26dc7e3454db5820ba084d28b4935

*** 

Host Jayar Jackson reacts to a must-watch list of videos of the day, which will cover news, politics, society, culture, current events, and more. 

Help support our mission and get perks. Membership protects TYT's independence from corporate ownership and allows us to provide free live shows that speak truth to power for people around the world. See Perks:  https://www.tyt.com/join


SUBSCRIBE on YOUTUBE: ☞ http://youtube.com/watchlisttyt
FACEBOOK: ☞ http://www.facebook.com/watchlisttyt
TWITTER: ☞ https://twitter.com/watchlisttyt
INSTAGRAM: ☞ https://instagram.com/watchlisttyt
TWITCH: ☞ http://www.twitch.com/tyt


 Merch: http://shoptyt.com

 Donate: http://www.tyt.com/go

 Website: https://www.tyt.com

App: http://www.tyt.com/app

 Newsletters: https://www.tyt.com/newsletters/


If you want to watch more videos from TYT, consider subscribing to other channels in our network:


Indisputable  https://www.youtube.com/indisputabletyt

The Young Turks  https://www.youtube.com/theyoungturks

The Damage Report  https://www.youtube.com/thedamagereport

TYT Sports  https://www.youtube.com/tytsports

The Conversation  https://www.youtube.com/tytconversation

Rebel HQ  https://www.youtube.com/rebelhq

TYT Investigates  https://www.youtube.com/channel/UCwNJt9PYyN1uyw2XhNIQMMA

#TYT #TheWatchlist #JayarJackson



220426__WL06_Qanon_Conspiracists",2022-04-26T20:45:00Z,4281,https://www.youtube.com/watch?v=c85qXebXi1Q
kceNRZvsJWE,Trump Goes FULL QAnon,"Support The Show On Patreon!:
https://www.patreon.com/seculartalk

Subscribe to Krystal Kyle & Friends On Substack!:
https://krystalkyleandfriends.substack.com


Former President Donald Trump said the Republican Party will take back Congress and the White House ""sooner than you think.""

He was speaking in a video for the National Republican Senatorial Committee that was shared online Friday.

""We're going to take back the Senate, take back the House, we're going to take back the White House, and sooner than you think. It's going to be really something special,"" Trump said in the video.

""The love, and the affection, and the respect that you've given all of us, it's really important,"" he added, thanking people for their support. ""The Republican Party is stronger than its ever been, and its going to be a lot stronger than it is right now. We're going to turn it around, we're going to turn it around fast.""


https://www.businessinsider.com/trump-gop-take-back-white-house-sooner-reinstatement-august-2021-6

Follow Kyle on Twitter:
http://www.twitter.com/kylekulinski",2021-06-12T18:00:11Z,94289,https://www.youtube.com/watch?v=kceNRZvsJWE
w2x4LLrjTpY,Covid &amp; QAnon at Camelot | Edgelands Ep.1,"UnHerd's Aris Roussinos meets John Mappin.

Tintagel in Cornwall, the legendary birthplace of King Arthur, has always been a mystical place. Perched on the edge of Atlantic cliffs, it is where new age beliefs meld with Britain's Celtic past. 
It is also the home of John Mappin, who's been described as the mouthpiece of Britain's QAnon movement and as a prominent associate of American conservatism’s wilder fringes. Aris Roussinos spent the weekend with Mappin at his home, Camelot castle, to find out how (or if) these American beliefs have penetrated into deep England.

// Timecodes //
00:41 - Introduction
01:37 - Meeting John Mappin
01:56 - Myth making and backing Donald Trump
06:11 - Saving the planet and creating destiny
08:17 - Flying the QAnon flag
10:44 - Did Covid bring down Trump?
14:09 - Questioning QAnon 
15:27 - Clarifying conspiracies
19:00 - Saying goodbye",2021-04-28T23:00:22Z,14979,https://www.youtube.com/watch?v=w2x4LLrjTpY
B3YpQGrRioI,QAnon | ADL BackGrounder,"QAnon is a global, wide-reaching and remarkably elaborate conspiracy theory that has taken root within some parts of the pro-Trump movement. It is an amalgam of both novel and well-established theories, with marked undertones of antisemitism and xenophobia.

Learn more at: www.adl.org/qanon

copyright © 2020 ADL",2020-08-27T16:38:51Z,6959,https://www.youtube.com/watch?v=B3YpQGrRioI
rXVCUpuvn0w,"The rise, fall &amp; resurgence of QAnon: The conspiracy &#39;too crazy&#39; for Alex Jones | MINI-DOCUMENTARY","SUBSCRIBE HERE: https://www.youtube.com/six_news_australia?sub_confirmation=1

DONATE ON PATREON FOR $4 A MONTH: https://www.patreon.com/6newsau

FOLLOW US ON SOCIAL MEDIA:
Facebook: https://bit.ly/31MlrvP
Twitter: https://bit.ly/3lw5Vfa
Instagram: https://bit.ly/2DbXV1y
TikTok: https://bit.ly/3aSXyae
LITT: https://bit.ly/3syT1zV
Rumble: https://bit.ly/3lYRN0F

FOLLOW OUR PODCAST: 
Spotify: https://spoti.fi/3AoQKMh
Apple Podcasts: https://apple.co/3yolYS6

VISIT OUR WEBSITE: https://www.6newsau.com

FOLLOW OUR TEAM ON TWITTER:
@Leo_Puglisi6, @darby_travers6, @lincoln_holmes6, @HollyShields_6, @JGosnellNews, @cpenny_6 & @dusty_fitz6.

#6NewsAU #QAnon #Trump #COVID #COVID19 #Vaccine #AlexJones #Conspiracy",2021-08-17T10:00:11Z,868,https://www.youtube.com/watch?v=rXVCUpuvn0w
2Sim0oAZL98,QAnon &amp; Libertarian&#39;s Murderous Cult Origins,"Why are we amazed by QAnon, when the Republican Party was transformed by a Psychotic Child Murderer?
 
🔴 Subscribe for more clips like this: https://www.youtube.com/user/thomhartmann?sub_confirmation=1 

⭐ Join our Membership and Support the Channel:  https://www.youtube.com/user/thomhartmann/join

MORE FROM THOM
🎦 Watch a full program re-run anytime: http://www.patreon.com/thomhartmann
🎧 Audio Podcast: http://www.thomhartmann.com/podcast
📜 Free Newsletter: http://www.thomhartmann.com/podcast
👕 Merchandise: https://teespring.com/stores/thom-hartmann-program-2
🍺 Thom Merchandise: https://teespring.com/thom-hartmann-mug?pid=522&cid=101870

FOLLOW THOM
📕 AMAZON: http://amzn.to/2hS4UwY
📝 BLOG: http://www.thomhartmann.com/thom/blog
👥 FACEBOOK: http://www.facebook.com/ThomHartmannProgram/
📸 INSTAGRAM: http://www.instagram.com/Thom_Hartmann
🎦 PATREON: http://www.patreon.com/thomhartmann 
🐦 TWITTER: http://www.twitter.com/thom_hartmann
🌐 WEBSITE: http://www.thomhartmann.com
📺 YOUTUBE: http://www.youtube.com/subscription_center?add_user=thomhartmann

ABOUT THE PROGRAM
The Thom Hartmann Program is the leading progressive political talk radio show for political news and comments about Government politics, be it Liberal or Conservative, plus special guests and callers.

#MoreFromThom

✔ Amazon links are affiliate links",2021-05-11T17:15:01Z,7062,https://www.youtube.com/watch?v=2Sim0oAZL98
FWhXEG4OS64,The Media Can&#39;t Stop Talking About QAnon,"The media claim they will focus on covering the most important issues of the day—but as COVID deaths rise during the Biden administration, their focus seems to be elsewhere.",2021-02-10T20:15:01Z,823,https://www.youtube.com/watch?v=FWhXEG4OS64
3wgEvNw-YQA,QAnon SLAMS &#39;Nutty&#39; Flat Earthers In Conspiracy Fight,"Support our Channel:  http://www.patreon.com/JeffWaldorf

Weill recalls learning about the flat-earth movement while covering extremist groups for The Daily Beast. “I thought flat earth was such an interesting parable about how people can believe anything,” she says, “because we see other conspiracy theories that might be more reality-adjacent, or you can understand someone’s political motivations. But flat earth seemed so out there that I wanted to understand it better.”

https://www.thedailybeast.com/flat-earthers-keep-alienating-other-conspiracy-theorists-even-qanon-believers?fbclid=IwAR3KqtUZklYE5Ih2R6MAqPpw8fx_SbySy0ZaZcT-S0RnLljUAshI5EqKNdU

Or become a channel member: https://www.youtube.com/channel/UCIAXaU6LIcZyoHYWqVLM4wg/join

Subscribe for daily videos!

Reddit: https://www.reddit.com/r/WaldorfNation/
Like Our Facebook Page! http://www.Facebook.com/JeffWaldorfShow
Find me on Twitch! https://www.twitch.tv/jeff_waldorf
Follow me on Twitter: @JeffsPolitics",2022-02-24T00:00:14Z,3615,https://www.youtube.com/watch?v=3wgEvNw-YQA
OHxhYKoHfug,What is QAnon and is it getting further into the mainstream?,"QAnon is a conspiracy theory-laden activist group with many threads, including the most prominent one that Donald Trump is fighting an underground battle against a group of paedophile, cannibalistic democrats who have high ranking jobs in politics and media.",2022-03-28T14:58:55Z,54,https://www.youtube.com/watch?v=OHxhYKoHfug
XOhcrio_5Bc,"The Return of Q, Creator of QAnon (w/ Mike Rothschild)","Mike Rothschild, author of The Storm Is Upon Us: How QAnon Became a Movement, Cult, and Conspiracy Theory of Everything, joins DOOMED with Matt Binder to discuss Q's sudden return to 8kun after disappearing for 563 days.

Support the show: http://www.patreon.com/mattbinder",2022-06-28T04:36:02Z,5175,https://www.youtube.com/watch?v=XOhcrio_5Bc
PLYVpq99s2A,Qanon by DJ Jefani,"This music video is dedicated to all the Qanon fighters in this world! We support and love all patriots who fight for this great country!
check this anon out and sub to his page.
https://www.youtube.com/watch?v=_01s4Mut2YQ&feature=youtu.be

You and I are living history. For hundreds of years they will talk about this time, right now.
WWG1WGA",2019-03-29T00:12:22Z,3516,https://www.youtube.com/watch?v=PLYVpq99s2A
_UADcU9JtvA,The QAnon JFK Resurrection Conspiracy Theory | The Just Interesting Podcast #69,"In this weeks episode we discuss the bizarre world of QAnon, and the latest insane conspiracy theory their followers have subscribed to, and Robin hosts the weekly quiz themed on the number 69. Nice.

SUBSCRIBE HERE!: https://bit.ly/2SZZSDV

NEW Just Interesting Patreon: https://www.patreon.com/user?u=29057101

Join our channel to get access to perks:
https://www.youtube.com/channel/UC5ZaQUppCpHHkWwI-WymwJw/join

Follow us on Twitter! https://twitter.com/JInterestingYT

Follow us on Twitch! https://www.twitch.tv/just_interesting

Hot Links:
0:00 - Introduction
03:52 - This Week We Learned
21:21 - Your Comments!
28:00 -  QAnon Resurrection Theory
47:47 - The Weekly Quiz!

#Podcast #Mystery #History",2021-11-23T18:00:10Z,3189,https://www.youtube.com/watch?v=_UADcU9JtvA
YwzxJNhbLGk,"August 21, 2018 - What Is QAnon?","Jim questions the logic behind modern marriage, breaks down America's tradition of tipping in the service industry and chats with QAnon experts.",2018-08-23T14:51:25Z,-1,https://www.youtube.com/watch?v=YwzxJNhbLGk
ra_C49I91sk,"I Snuck Into a QAnon Conference — Excuse Me, What?","I snuck into a QAnon conference in Dallas, Texas and interviewed conspiracy theorists who said some really absurd things.

Season 4, Episode 1

Early drops and more exclusive interviews:
https://patreon.com/excusemewhat

Hosted by Luke Touma",2021-06-03T22:47:09Z,30212,https://www.youtube.com/watch?v=ra_C49I91sk
jAKw_NCFEgM,What&#39;s Q got to do with it? (Tina Turner QAnon song parody),"What is QAnon? What’s Q got to do with it? May the almighty powers of truth, logic, and Philip Sparkle dressed as ass-clown QAnon shaman Jake Angeli parodying Tina Turner destroy Q once and for all. 

QAnon followers - hopefully by now you realize you’ve been lied to and have retreated back to the bowels of the internet. Or have picked up some new hobbies that don’t include hate-filled, irrational conspiracy theories and violent insurrection aimed at murdering our members of Congress and tearing down our democracy. If not, this parody is for you and all your friends - the Neo Nazis, white supremacists, unhinged militia groups, Incels using third-rate moisturizers, and anyone else brain washed by the overweight, power hungry, lying geriatric that is Donald Trump. 

What is QAnon? QAnon is a cult. It is the largest, most successful brainwashing in this country’s history. Made possible by social media outlets that let violent, irresponsibly misinformed people assemble for years in plain sight. They believe a secret cabal of Satan-worshipping, cannibalistic pedophiles is running a global sex trafficking ring in a plot against Donald Trump. Cannibalism? Seriously? Who has time for that? Cooking everyday is enough work without having to hunt down victims and elaborately throw law enforcement off the scent of your scheme. Hillary Clinton is most certainly just ordering in. As crazy as all this sounds, they’re actually using recycled old anti-Semitic tropes as the base for their conspiracies. Not even clever enough to come up with with their own.

Enjoy Philip acting out the mental unraveling of Jake Angeli, the QAnon shaman. We’re guessing the term “QAnon shaman” is self-appointed. One would think a following whose shaman is a 33-year old failed actor still living with his mother in Arizona should have given the Q followers pause - or at least look up his credits on IMDB first. 

QAnon has even infiltrated our government through the likes of Marjorie Taylor Greene. Who is Marjorie Taylor Greene you ask? She’s a Georgia Representative in Congress and QAnon believer who is known for physically and verbally accosting teenage Parkland school shooting survivor, David Hogg—calling him a coward, endorsing the execution of House Speaker Nancy Pelosi on Facebook and denying the Sandy Hook school shooting where 20 first graders were brutally murdered ever happened - yet doesn't see the value in walking through a metal detector to enter the Capitol building despite her dangerous, violence inciting track record. She’s just that cuckoo for QAnon. Answering the question who is Marjorie Taylor Greene is frankly too much to unpack and her representation in Congress should scare the living shit out of everyone.  

Donald Trump’s years of repeated lies and assassination of our free press allowed QAnon and white domestic terrorist groups to thrive. They are the biggest threat to our democracy and have been dangerously perpetuated by his army of twisted mouthpieces to the likes of Kellyanne Conway, Kevin McCarthy, Mitch McConnell, Ted Cruz, et al. Thanks Kellyanne Conway, for your years of dedicated service answering our questions by changing the subject entirely.

Even with Donald Trump out of office, we need to hold the lying, morally bankrupt Republican Party accountable. The insurrection at the Capitol was a violent coup attempt and everyone who participated should be prosecuted as if they were international terrorists. Please, Justice Department, don’t just insult us with these trespassing charges. The terrifying reality is that as QAnon followers become further disenfranchised, they will walk into the arms of Neo-Nazis and white supremacists posing an even greater threat to our safety.

What is QAnon? More importantly, what’s Q got to do with it - our democracy, our country, the soul of our nation? This parody attempts at answering that, but more importantly offers some much-needed ridicule so we can all feel a little better and look to a brighter future.

The Demon Rats
Performer: Philip Sparkle | https://philipsparkle.com/
Lyrics: Julie Rega | http://julierega.com/
Video: Sam Baumel | http://sambaumel.com

Music Production: Sweet Tea Studios BK | https://facebook.com/sweetteastudiobk
Special Thanks: Hester Wilkinson

Parody of Tina Turner’s “What’s Love Got to Do with It” 
Original song written by Terry Britten and Graham Lyle

——
Disclaimer: The Demon Rats would like our viewers to know that we in no way aim to make light of the abhorrent riot that took place at the Capitol on January 6, 2021. All actions and images shown in this video are a satire of the desecration of our flag and country made by these insurrectionists. We choose to use parody, joy, and humor as an act of resistance and are forever grateful to those who risked and lost their lives defending our democracy and members of Congress.",2021-01-27T18:38:59Z,4705,https://www.youtube.com/watch?v=jAKw_NCFEgM
58gqjne-gi4,qanon moment,qanon logic in a nutshell,2021-03-12T19:14:18Z,28,https://www.youtube.com/watch?v=58gqjne-gi4
3szve4NWl3I,DISGUSTING Marjorie Taylor Greene gets SCHOOLED by Coach D.,Marjorie Taylor Greene’s dispicable comments about the shooting in Highland Park gets hammered by Coach D. #maga #qanon #marjorietaylorgreene #vote #marcusflowers #conspiracies #january6 #trump #cult,2022-07-07T13:22:16Z,75,https://www.youtube.com/watch?v=3szve4NWl3I
1xWjmXu05us,QAnon Explained in 3 Minutes,"THESE VIDEOS ARE CROWDFUNDED. The next is released the moment its goal is reached: https://infactvideo.com/support.php

A rapid-fire history of one of the craziest conspiracy theories of all time: QAnon.

By now you've probably heard that QAnon is a far-right populist conspiracy theory in which a global cabal of prominent Democrats, Hollywood celebrities, and Jewish bankers secretly comprise a ""Deep State"" secret government, which on the side, also runs a worldwide pedophilia ring for their own amusement. In the QAnon fictional universe, then-president Donald Trump was the only one heroic and powerful enough to save the world, through mass indictments and arrests of Democrats.

Well, obviously, none of that ever happened. So if all of this was fiction from the beginning, what was its source? In October 2017, someone began posting on anonymous Internet message boards calling himself ""Q Clearance Patriot"", Q clearance being a security clearance level at the Department of Energy. Q claimed to be an insider in the Trump administration, and for years posted predictions of mass arrests of Democrats. Though none of the anonymous Internet troll's predictions ever came true, many Trump supporters nevertheless rallied around him and adopted him as a sort of messiah.

Obviously it's not credible that an insider in Trump's inner circle would have leaked these sensitive releases of classified information in secret behind the administration's back -- that would have been treasonous. So the QAnon conspiracy must assume that Q was making these Internet posts with the full knowledge and consent of the government. Thus, it follows that the Trump administration determined that announcing tomorrow's indictments was best, and anonymous postings to message boards best known for pornography, racism, and assorted illegal content was the most appropriate channel to make these presidential announcements.

So how can ordinarily smart people believe something so obviously irrational as QAnon? A lot of academic research has been funneled into figuring this out. In recent decades, globalization has led many people to feel disenfranchised and unrepresented, people who'd grown accustomed to feeling safely entrenched in predictable, homogenous, traditional communities. Sociological studies tell us that the less we feel in control of our own lives, the more likely we are to believe there's a conspiracy against us, and to embrace anything that promises to fight that conspiracy. Q happened to appear just at the right moment, when millions of Americans felt their accustomed way of life was under fire, and their wounds were fresh from having eight years of progressive values wash over them during the Obama administration. Q was the savior they sought.

REFERENCES & FURTHER READING

Cluley, G. ""Bad news conspiracy theorists. QAnon codes are just a guy mashing his keyboard."" Computer security news, advice, and opinion. Graham Cluley, 14 Aug. 2018. Web. 20 Jul. 2020. https://www.grahamcluley.com/bad-news-conspiracy-theorists-qanons-codes-are-just-a-guy-mashing-his-keyboard/

Gilbert, D. ""Inside the War to Kill Off 8chan — and Crush QAnon."" VICE. VICE Media Group, 18 Oct. 2019. Web. 20 Jul. 2020. https://www.vice.com/en_us/article/zmj8y4/inside-the-war-to-kill-off-8chan-and-crush-qanon

Harwell, D., McLaughlin, T. ""From helicopter repairman to leader of the Internet's darkest reaches: The life and times of 8chan owner Jim Watkins."" The Washington Post. Nash Holdings, 12 Sep. 2019. Web. 20 Jul. 2020. https://www.washingtonpost.com/technology/2019/09/12/helicopter-repairman-leader-internets-darkest-reaches-life-times-chan-owner-jim-watkins/

Kurtzleben, D. ""GOP Candidates Open To QAnon Conspiracy Theory Advance In Congressional Races."" NPR News. National Public Radio, 1 Jul. 2020. Web. 20 Jul. 2020. https://www.npr.org/2020/07/01/885991730/gop-candidates-open-to-qanon-conspiracy-theory-advance-in-congressional-races

LaFrance, A. ""The Prophecies of Q."" The Atlantic. The Atlantic Monthly Group, 1 Jun. 2020. Web. 20 Jul. 2020. https://www.theatlantic.com/magazine/archive/2020/06/qanon-nothing-can-stop-what-is-coming/610567/

Sommer, W. ""QAnon Believer Teamed Up With Conspiracy Theorists to Plot Kidnapping, Police Say."" Daily Beast. The Daily Beast Company LLC, 4 Jan. 2020. Web. 21 Jul. 2020. https://www.thedailybeast.com/cynthia-abcug-qanon-conspiracy-theorist-charged-in-kidnapping-plot

Van Prooijen, J. ""The psychology of Qanon: Why do seemingly sane people believe bizarre conspiracy theories?"" Think. NBC News, 13 Aug. 2018. Web. 20 Jul. 2020. https://www.nbcnews.com/think/opinion/psychology-qanon-why-do-seemingly-sane-people-believe-bizarre-conspiracy-ncna900171

Watkins, A. ""He Wasn’t Seeking to Kill a Mob Boss. He Was Trying to Help Trump, His Lawyer Says."" The New York Times. The New York Times Company, 21 Jul. 2019. Web. 21 Jul. 2020. https://www.nytimes.com/2019/07/21/nyregion/gambino-shooting-anthony-comello-frank-cali.html",2021-09-13T20:38:29Z,2444,https://www.youtube.com/watch?v=1xWjmXu05us
xUEUT_vI4VE,Physician QUITS because of QAnon Conspiracy Theorists...,"Own your cringe, own this- https://cuddlyoctopus.com/product/suris/

Also, go here- https://www.suris.cc/live

All My Links Can Be Found Here: https://linktr.ee/SurisSkeptic

Merch! https://rdbl.co/3mKx6Vc

Shoutout to CherryBread For Editing
https://twitter.com/CherryBreadTV

Shoutout To YaraKoro For ending screen and 2d Studio + assets https://twitter.com/YaraKoro 

Shoutout To Rimexin For Live2d Avatar and Rigging! https://twitter.com/Rimexin

Shout-out to CaelemSky for Live2d VKS avatar and rigging, as well as helping BonBon with 3d models! https://twitter.com/caelemsky

Shoutout to Suzu Sawara For Live2d Slime Avatar and Rigging, as well as the new Channel Logo!
https://twitter.com/SuzuSawara

Shoutout to BonBonBerry For 3d Vroid Model and Rigging!: https://twitter.com/BonBonBerry15

Shoutout To JacandQuil For Patron Slides! https://twitter.com/JACandQuill

Shoutout to TurningTideStudios For Patron Slides! https://twitter.com/TurningTideArt

Shoutout to Vequisa for Emotes!: https://twitter.com/vequisaaa

Vks Sweater Design Concept by https://twitter.com/Glubbinex
Fall Outfit Design Concept by Taylor Allen https://www.instagram.com/taylo.tired/?hl=en

Outro Music: herbal tea - Artificial.Music
----------------------------------------------------------------------------------------------------

AFFILIATE LINKS!

https://artesianbuilds.com/gaming/?aff=Nekosuris

https://ddlgplayground.com/ Go here and use Coupon Code ""Suris"" For 10% off of any purchase!

#VTuber #ENVTuber #Politics",2022-01-13T14:03:04Z,10368,https://www.youtube.com/watch?v=xUEUT_vI4VE
faAzjGWaBjY,There&#39;s New Undeniable (Maths/CS) Proof Jim Watkins Stole QAnon. I Will Be Taking Your Questions.,"What started with a few new Q drops in 2022 ended with me once and for all proving Jim Watkins, or someone sanctioned by him like Ron, is QAnon.

I will be taking your questions.",2022-06-30T03:27:04Z,956,https://www.youtube.com/watch?v=faAzjGWaBjY
TESRV38mDc0,GOP Candidate Short Circuits Trying To Defend Delusions,"Republican candidate for Senate in Oklahoma, Jarrin Jackson, posts an unhinged rant about religion, the Great Replacement Theory spouted by Tucker Carlson on Fox News, QAnon and general hate-based conspiracy theories.  John Iadarola and Jayar Jackson break it down on The Damage Report. 

Read more here:

Streamer and Oklahoma GOP candidate: “I largely agree” with anti-miscegenation and “Jews taking over the world” conspiracy theories - https://www.mediamatters.org/diversity-discrimination/jarrin-jackson-i-largely-agree-anti-miscegenation-and-jews-taking-over

""Right-wing streamer and Oklahoma state Senate candidate Jarrin Jackson said in a video last year that he “largely” agrees with the conspiracy theories that Jews are “taking over the world” and that they are attempting to get rid of white people through immigration and miscegenation. Jackson has also expressed support for the QAnon conspiracy theory, saying, “I appreciate Q & I love anons” and “Q is so very intriguing.” 

Additionally, Jackson indicated to followers on Facebook that he does not want Hispanic and Black immigrants in the United States, claiming that “it is not racist to want America to stay American.”

Jackson received the most votes last month in a Republican primary for Oklahoma state Senate District 2, and will head to an August runoff against fellow Republican Ally Seifried. Jackson frequently does livestreams and posts his commentaries on sites like Facebook and Rumble. He self-published a book about “responding to escalating tyranny in the wake of the stolen 2020 elections.”""

**

Become a TDR YouTube Member: http://www.youtube.com/thedamagereport/join 

Follow The Damage Report on Facebook: https://www.facebook.com/TheDamageReportTYT/

Help build the Home of the Progressives http://tyt.com/JOIN

Subscribe to The Damage Report YouTube channel: https://www.youtube.com/thedamagereport?sub_confirmation=1

Follow The Damage Report on TikTok: https://www.tiktok.com/@thedamagereport?lang=en

Follow The Damage Report on Instagram: http://www.instagram.com/thedamagereport/ 

Follow The Damage Report on Twitter: https://twitter.com/TheDamageReport

#TheDamageReport #JohnIadarola #TheYoungTurks",2022-07-10T19:00:07Z,49533,https://www.youtube.com/watch?v=TESRV38mDc0
2aPZ4i7vk-8,QAnon followers are &#39;alone&#39; with &#39;nobody to talk to&#39; as they pursue their theories,"https://www.rawstory.com/qanon-supporters/

On CNN Wednesday, reporter Donie O'Sullivan discussed the QAnon gathering in Dallas — and some of the personal motivations of its adherents.

""It is important to remember the sort of wider context, this is all playing out and there is a space online where there is no truth,"" said O'Sullivan. ""People are not tethered to reality anymore. And while we have seen — this was a small segment of the QAnon population, I guess you could call them at this point, but, you know, other folks in QAnon said those people yesterday were crazy, who showed up in [Dallas] to try to see JFK and JFK Jr. They have been said the election has been stolen, all the Democrats are going to be rounded up and sent to Guantanamo Bay. It is tough to see where one conspiracy begins and another one ends. JFK and his son JFK Jr. did not show up yesterday, so these people didn't get to meet their hero.""

""I do want to show you one quote from the Daily Beast picked up on, on livestream, a lot of people livestreaming this event yesterday,"" added O'Sullivan. ""A person, one of the attendees said some of them are home, speaking about this event, feeling lonely. They had nobody there. We heard these stories for months about people, people feeling alone, having nobody they can talk to and now you have a thousand people in Dallas. I think that's just a really important point to hit on ... amid all the political stuff. So many folks that we speak to who go down these rabbit holes of conspiracy theories, especially online, are looking for community. They are looking for people to interact with and that is what a lot of these conspiracies give folks that sort of outlet.""

""That all being said ... I am going for a late breakfast this morning with Elvis and Tupac,"" joked O'Sullivan.

To watch the full CNN clip: https://www.youtube.com/watch?v=r_vn5oczs_I",2021-11-03T16:10:32Z,3942,https://www.youtube.com/watch?v=2aPZ4i7vk-8
wJWj8ajMEHk,STAR WARS QANON: A Geeks+Gamers Conspiracy | RealmW,"Today, we take a deep dive into one of the most bafflingly complex and long-lasting conspiracies on the modern internet. It's not something that would come to mind when thinking of a conspiracy theory. It's about Star Wars and the people who make it. And while this might just seem absurd on the surface, as you go deeper, you may just find that it has more in common with the conspiracies becoming an increasingly large part of modern politics than you think.  

CORRECTIONS:
-The first time I refer to Rian Johnson, I mistakenly say that he was the producer of The Last Jedi. He was the director, Kathleen Kennedy was a producer (one of four).
-When talking about the Ankler, I say that the quote was from the New York Times, but as can be seen on-screen, it was actually from the New Yorker. 

All music used is listed in the credits. 
Outro song - https://youtu.be/17nC6Rd-rX4

RealmW Ep. 12",2021-02-05T14:23:42Z,2709,https://www.youtube.com/watch?v=wJWj8ajMEHk
Ojl_LI4Em90,BREAKING: Highland Park shooter APPREHENDED and IDENTIFIED,"We are learning additional details about the terrorist involved in the Highland Park shooting who used an assault weapon and positioned himself on a roof murdering at least 6 and injuring as many as 30. The terrorist is a MAGA sympathizer who was apprehended after fleeing the scene. 

Donate to MeidasTouch: https://secure.actblue.com/donate/meidastouch
Buy MeidasTouch Merch: https://store.meidastouch.com

Follow MeidasTouch on Twitter: https://twitter.com/meidastouch
Follow MeidasTouch on Facebook: https://facebook.com/meidastouch
Follow MeidasTouch on Instagram: https://instagram.com/meidastouch",2022-07-05T17:00:21Z,152869,https://www.youtube.com/watch?v=Ojl_LI4Em90
Esx2CH5tkxE,A Warning to Christians About the QAnon Cult,"Given that YouTube is a hotbed for QAnon conspiracy videos, I have little doubt that this video will get a bunch of dislikes, but I think the warning I have to offer as a pastor and theologian is important for Christians to hear.

If you'd like to listen to the interview I did with journalist Bonnie Kristian covering some of the basics of QAnon and why it has become appealing both to evangelical Christians and as it's own ""substitute religion"" to many who have left traditional church structures, check out this link for a full hour-long interview and discussion.

https://www.podbean.com/eu/pb-aafng-df1798",2020-07-29T15:20:47Z,10997,https://www.youtube.com/watch?v=Esx2CH5tkxE
AXH_TufIw8A,WWG1WGA -  QANON MOVEMENT,Where we go one we go all 🌎,2022-07-04T22:17:28Z,43,https://www.youtube.com/watch?v=AXH_TufIw8A
NIfz61nZf44,QAnon and Conspiracy Theories Within Our Society | Green Left Show #5,"#GreenLeft #Culture #CriticalTheory
How do conspiracy theories grow and take hold in society? What gives them so much power? And how can we counter the loss of solidarity in our society and rebuild communities in a time of increasing precarity both online and in the real world?

Jono Mi Lo, Aleks Wansbrough, Fred Fuentes and Dirk Kelly look at what a left response to the rise of QAnon, the Trump adjacent alt-right internet phenomenon that encouraged people to storm the US capital, and other contemporary conspiracy theories could look like.

======================================
Book now for Green Left's 30th anniversary celebration with Kavita  Krishnan:
https://www.trybooking.com/BOQWR
======================================

If you like our work, become a supporter:
https://www.greenleft.org.au/support

Support Green Left on Patreon:
https://www.patreon.com/greenleft

Green Left online: https://www.greenleft.org.au/
Facebook: https://www.facebook.com/GreenLeftOnline/
Twitter: https://twitter.com/greenleftonline
YouTube: https://www.youtube.com/greenlefttv
Instagram: https://www.instagram.com/greenleftonline/
Podbean: https://greenleftonline.podbean.com/",2021-02-27T22:00:14Z,434,https://www.youtube.com/watch?v=NIfz61nZf44
8OiXdZMd9r8,QAnon Conspiracists Where You At?,See the hypocrisy highlighted by SNL,2021-04-06T15:49:29Z,120,https://www.youtube.com/watch?v=8OiXdZMd9r8
bbRZ9n1jj9M,Truth Social vs Cow; QAnon Slams &quot;Nutty&quot; Flat Earthers; Conservative Game Facebook &amp; More,"Support our movement for better Journalism at http://www.patreon.com/JeffWaldorf

Or become a channel member: https://www.youtube.com/channel/UCIAXaU6LIcZyoHYWqVLM4wg/join

Subscribe for daily videos!

Like Our Facebook Page! http://www.Facebook.com/JeffWaldorfShow

Follow us on Twitter @JeffWaldorfShow
Follow Jeff on Twitter: @JeffsPolitics",2022-02-23T22:13:33Z,1409,https://www.youtube.com/watch?v=bbRZ9n1jj9M
EfU6Wsbzuq8,Has QAnon Infiltrated the GOP? | Hell &amp; High Water,"John Heilemann talks with Denver Riggleman, former Republican congressman from Virginia, and, until recently, 1/6 committee staffer. Heilemann and Riggleman discuss the part Q-Anon played in ending Riggleman’s career in Congress, the centrality of conspiracy theories to the identity of today’s GOP, the powerful speech Riggleman gave on the House floor denouncing Q-Anon, and the strange tale of how Riggleman’s interest in Bigfoot became part of his public profile. Tune in to the full episode to hear about the staggering scope of what Jan. 6 House Select Committee has learned since its inception about the involvement of Donald Trump and his inner circle in the attempt to overturn the 2020 election; how the story of the pressures placed on Mike Pence to prevent Joe Biden from taking office will be among the key facets of the hearings; and Riggleman’s assessment of the case for bringing criminal charges against Trump for his role in the 1/6 insurrection.

#republicans #qanon #politics 

Subscribe to The Recount
https://www.youtube.com/channel/UCmsrXvrQ1S_61vVO-fNL-Mg?sub_confirmation=1

Watch Chatterbrain on Twitch every Wednesday at 5p.m. ET - https://www.twitch.tv/therecount

Read The Recount Newsletter
https://therecount.com/newsletter
Twitter 
https://twitter.com/therecount
Instagram
https://www.instagram.com/TheRecount/
TikTok
https://www.tiktok.com/@therecount
Facebook 
https://www.facebook.com/TheRecount/
Hell & High Water podcast 
https://therecount.com/podcasts/hell-and-high-water
Website 
https://therecount.page.link/Home
Twitch
https://www.twitch.tv/therecount",2022-06-10T21:00:10Z,203,https://www.youtube.com/watch?v=EfU6Wsbzuq8
yjSD6GpWTuM,QANON and TRUMP are FLAT EARTH PEOPLE... 2018 04 11 23 50 13,"Q and Trump know we did not go to the moon, nor will we go to Mars... And... Musk is a total fake... WAKEY WAKEY EGGS AND BAKEY                    ....... Thank You, McAllisterTV ......
https://mega.nz/#F!z1FCnaiA!4NS6tTnFmNs_yBZpKbCCgg",2018-04-12T04:06:12Z,781,https://www.youtube.com/watch?v=yjSD6GpWTuM
YO4GRfoNjHY,Qanon Group Waits For The Return Of JFK In Dallas,"A Qanon group followed their leader Michael Protzman to Dallas, Texas just to wait for JFK's triumphant return to the scene of his gruesome assassination. After countless empty predictions and requests for money to keep the grift going, most went home, but a couple of dozen brainwashed supporters hung around to finish off their bank accounts. Jayar Jackson and Michael Shure break it down on The Watchlist. Watch LIVE weekdays at noon ET. http://youtube.com/watchlisttyt/live

Read more HERE: https://www.vice.com/en/article/3abyxj/jfk-qanon-cult-collapse

""Five months ago, hundreds of followers of QAnon figure Michael Protzman traveled from all corners of the country to Dallas, where they were told that John F. Kennedy, along with his wife Jackie and son JFK Jr., would suddenly reappear at Dealey Plaza, the site of JFK’s 1963 assassination.""

*** 

Host Jayar Jackson reacts to a must-watch list of videos of the day, which will cover news, politics, society, culture, current events, and more. 

Help support our mission and get perks. Membership protects TYT's independence from corporate ownership and allows us to provide free live shows that speak truth to power for people around the world. See Perks:  https://www.tyt.com/join


SUBSCRIBE on YOUTUBE: ☞ http://youtube.com/watchlisttyt
FACEBOOK: ☞ http://www.facebook.com/watchlisttyt
TWITTER: ☞ https://twitter.com/watchlisttyt
INSTAGRAM: ☞ https://instagram.com/watchlisttyt
TWITCH: ☞ http://www.twitch.com/tyt


 Merch: http://shoptyt.com

 Donate: http://www.tyt.com/go

 Website: https://www.tyt.com

App: http://www.tyt.com/app

 Newsletters: https://www.tyt.com/newsletters/


If you want to watch more videos from TYT, consider subscribing to other channels in our network:


Indisputable  https://www.youtube.com/indisputabletyt

The Young Turks  https://www.youtube.com/theyoungturks

The Damage Report  https://www.youtube.com/thedamagereport

TYT Sports  https://www.youtube.com/tytsports

The Conversation  https://www.youtube.com/tytconversation

Rebel HQ  https://www.youtube.com/rebelhq

TYT Investigates  https://www.youtube.com/channel/UCwNJt9PYyN1uyw2XhNIQMMA

#TYT #TheWatchlist #JayarJackson


220324__WL03_Qanon_Followers",2022-03-27T13:00:27Z,15061,https://www.youtube.com/watch?v=YO4GRfoNjHY
r91n-dQPots,Former Japanese PM assassination sends shock waves,"Former Prime Minister Shinzo Abe was giving a morning campaign speech at a train station near Kyoto when he was suddenly shot twice from behind and security tackled the suspect immediately.

WATCH FULL EPISODES OF WORLD NEWS TONIGHT:
https://abc.com/shows/world-news-tonight
WATCH WORLD NEWS TONIGHT ON HULU:
https://bit.ly/3iQLwPp

#WorldNewsTonight #japan #assassination #primeministershinzo",2022-07-09T02:15:46Z,145659,https://www.youtube.com/watch?v=r91n-dQPots
vA3DXtRgOpo,marjorie taylor greene is questioned about QAnon,,2022-04-27T13:33:25Z,115,https://www.youtube.com/watch?v=vA3DXtRgOpo
kHT9u4VNuaw,02 14 21 QAnon,,2021-02-16T19:11:00Z,38,https://www.youtube.com/watch?v=kHT9u4VNuaw
10QaoZjRINw,Former QAnon Supporter Explains How To Deconvert Believers,"Support The Show On Patreon!:
https://www.patreon.com/seculartalk

Subscribe to Krystal Kyle & Friends On Substack!:
https://krystalkyleandfriends.substack.com/p/coming-soon


""One of the indelible images from the January 6 invasion of the US Capitol is of Jacob Chansley dressed in horns, a bearskin headdress, red, white and blue face paint, and carrying a spear. Chansley had been deeply affected by the relentless assertions of former President Donald Trump that the election was stolen. And yet Chansley's attorney recently announced that he is willing to testify against Trump at the impeachment trial. Chansley reportedly feels betrayed because no pardons were issued to protect him and other QAnon supporters who participated.
QAnon is often referred to in the media and by politicians as a conspiracy theory, but it is more than that. Conspiracy theories are encouraged and promoted, but QAnon is a political cult that recruits and indoctrinates primarily online. At its core, QAnon teaches that dozens of politicians and A-list celebrities work in tandem with governments around the globe to engage in child sex abuse. They also generally believe that the 2020 presidential election was rigged against Trump.""


https://www.cnn.com/2021/02/04/perspectives/qanon-cult-truth/index.html

Follow Kyle on Twitter:
http://www.twitter.com/kylekulinski",2021-02-12T20:00:00Z,69914,https://www.youtube.com/watch?v=10QaoZjRINw
kx8Iez5OTOE,"Azadi-e-Izhar | Anchor Imran Riaz kay leay qanon kuch, Ali Wazir kay leay kuch aur ? Baithak part 1","#SyedImranShafqat #LahoreHighCourt #ImranKhan

You can follow me on
https://www.facebook.com/syed.i.shafqat
https://twitter.com/simranshafqat
Contact @ mannkuja@gmail.com",2022-07-09T18:34:05Z,24876,https://www.youtube.com/watch?v=kx8Iez5OTOE
hWy5W3IZ0LQ,Jacob Chansley (QAnon Shaman) Enters The Senate Floor,,2021-01-19T20:27:00Z,3452,https://www.youtube.com/watch?v=hWy5W3IZ0LQ
vS1KduGFM5Y,Save The Children March by Qanon in New York City,"Across the country rallies were held as part of the Save the Children campaign. In New York City a couple dozen protesters marched from Manhattan's Washington Square Park to Union Square holding signs reading #SaveourChildren, telling the FBI to arrest Prince Andrew, calling for the defunding of Hollywood, and to end child trafficking. They chanted, ""Childrens Lives Matter"", ""Child trafficking is not a conspiracy"", ""Jeffrey Epstein Was Not Working Alone"". Their signs had references to various known conspiracy theories with Pizza Gate and Q markings. 
 QAnon is growing behind these marches with proponents claiming children are being trafficked for the abuse by the super elite and deep state. They marched From Washington Square Park to Union Square on August 22 2020, in Manhattan, New York

According to Wikipedia: QAnon. is a disproven far-right conspiracy theory alleging that a cabal of Satanic, cannibalistic pedophiles operate a global child sex trafficking ring and conspired against former President Donald Trump during his term in office. QAnon has been described as a cult.",2020-08-22T23:23:43Z,4930,https://www.youtube.com/watch?v=vS1KduGFM5Y
EuuzTkedQLg,Accidental* QAnon Interview (2020),"* so far as I know.

At the end of August, 2020, some postmodernist decolonialist academic revealed that she was not black, as she claimed, but was actually a white jewish woman. I found a lady on twitter who had an interesting take on the matter, and so invited her on. The ensuing calmversation did not go as I expected.

Support this channel: https://www.paypal.me/benjaminboyce

Find all interviews on spotify: https://spoti.fi/3px5WnK

https://www.patreon.com/benjaminboyce
Join me on alternative video sites:
https://odysee.com/@BenjaminABoyce
https://www.bitchute.com/channel/benjaminboyce/
And on Twitter @BenjaminABoyce",2022-04-17T02:30:12Z,9964,https://www.youtube.com/watch?v=EuuzTkedQLg
aLooeL6KzJQ,QAnon Psychopath Attacks Holy Church With Crowbar; Timothy Larson of Sedona AZ Arrested,"Marcus Conte Reporting...
https://patreon.com/marcusconte 
https://paypal.me/theghostofbrooklyn
https://ebay.com (Marcus Conte Stickers)

SOCIAL
Marcus Conte Too (Backup) http://youtube.com/c/MarcusConteToo 
https://youtube.com/c/marcusconte
https://dlive.tv/MarcusConte
https://twitter.com/ghostofbklyn  
https://facebook.com/marcus.conte.7 
https://minds.com/marcusconte 
https://twitch.tv/marcusconte 
https://bitchute.com/channel/marcus_conte/   
https://steemit.com/@marcusconte 
https://d.tube/#!/c/marcusconte 
https://gab.ai/marcusconte

INTEL DROP shorthappylife [at] gmail [dot] com

WAKE YOURSELF UP Spiritual Enlightenment Right Here, Right Now [2012] by Marcus Conte [FREE] https://drive.google.com/file/d/0B6qVzJDsLTXqVWltT3ZCeUx1MEE
My punk band: https://youtu.be/pP29cwkbO8Q
Trippy meditation videos: https://www.youtube.com/channel/UCc3nYM9cu-LLHX8PpgAi4WA
Performing as The Ghost of Brooklyn (music):
https://www.youtube.com/watch?v=bsiVyFqEhX4&list=PLzZrJJlrBsjtQ9BZBQbgk8tvvdy-048vR
''Ghost' video: https://youtu.be/mV4LCDha4fY

CC-BY 4.0 - Logo Art by One Manc Banned

Statements of opinion on matters of public concern are constitutionally protected free speech. New York Times Co. v. Sullivan, 376 U.S. 254 (1964)",2019-09-28T18:46:34Z,772,https://www.youtube.com/watch?v=aLooeL6KzJQ
HlDur6kzAuE,QAnon - Just Remember That It&#39;s A Grand Illusion Q Q Q Q ...,"SUPPORT: http://www.PayPal.Me/TheGhostOfBrooklyn

Conte v. DSNY 101058 / 2016
NY Supreme Court DECISION [AD1]: http://www.nycourts.gov/reporter/3dseries/2018/2018_02252.htm
PDF: https://drive.google.com/file/d/1wOprzG6Agf9290yEwMXOYMsCXKDd7mBi/view?usp=sharing
CONTE REPLY BRIEF https://drive.google.com/open?id=1GL0WmOFmOWGHtu9U6jYmr1Zw52iq19Lf 
NY SENATOR MARTY GOLDEN LETTER 12-19-17 https://drive.google.com/open?id=1CYuLNTd-7ayRYnAGOfU-whSl_niVp1sM
DSNY RESPONSE BRIEF https://drive.google.com/open?id=1nIEXoQQlCsrpEtx83f6cUhrlPxp8FiV3
DSNY RESPONSE APPENDIX https://drive.google.com/open?id=1IMw6r-3PZZbvFyUKXEWSCmKYH5wIPci_
CONTE APPEAL BRIEF https://drive.google.com/open?id=0B4rQOtvT_OGRRzNldFV2T2UtQW8 
CONTE APPEAL [APPENDIX] https://drive.google.com/open?id=0B4rQOtvT_OGRMmY3Y19CWEctMDg

YOUTUBE https://www.youtube.com/channel/UCOVthTawN8KN0ZuGqzLjqkw

My Other Works,
WAKE YOURSELF UP Spiritual Enlightenment Right Here, Right Now [2012] [PDF] https://drive.google.com/file/d/0B6qVzJDsLTXqVWltT3ZCeUx1MEE/view
The Ghost Of Brooklyn [Youtube music]
https://www.youtube.com/channel/UCFumdL9Y0mY5FKj0TJNZdew 
https://youtu.be/bsiVyFqEhX4
Statements of opinion on matters of public concern are constitutionally protected free speech. New York Times Co. v. Sullivan, 376 U.S. 254 (1964)",2018-04-01T13:53:33Z,704,https://www.youtube.com/watch?v=HlDur6kzAuE
c7B9iAceZjY,Trump: &quot;I know nothing about QAnon&quot;,"SUBSCRIBE HERE: https://www.youtube.com/six_news_australia?sub_confirmation=1

FOLLOW US ON SOCIAL MEDIA:
Facebook: https://bit.ly/31MlrvP
Twitter: https://bit.ly/3lw5Vfa
Instagram: https://bit.ly/2DbXV1y

FOLLOW OUR TEAM ON TWITTER:
@Leo_Puglisi6, @jackhahnj02, @darby_travers6, @lincoln_holmes6 & @JGosnellNews.

#6NewsAU #QAnon #TrumpTownHall",2020-10-17T04:14:06Z,210,https://www.youtube.com/watch?v=c7B9iAceZjY
CM4W7UKrcTI,Channel 5&#39;s Interview with the ‘QAnon Shaman’ Was WILD,"Get early access to videos by supporting us on Patreon, YouTube or PayPal! Sign up here: http://www.patreon.com/humanistreport or here: http://www.humanistreport.com/support.html or here: https://www.youtube.com/channel/UC7Q4rvzJDbHeBHYk5rnvZeA/join

Watch the Full Interview Here:
https://www.youtube.com/watch?v=Xwdkng6ZGp8

************************
Visit Our Website: http://www.humanistreport.com/
Follow Us on Twitter: http://www.twitter.com/HumanistReport
Like Us on Facebook: http://www.facebook.com/humanistreport
Follow Mike on Instagram: https://www.instagram.com/mike.figueredo/
Follow Mike on Twitch: https://www.twitch.tv/humanistreport
Audio Available on iTunes, Spotify, SoundCloud, and iHeartRadio

************************
The Humanist Report (THR) is a progressive political podcast that discusses and analyzes current news events and pressing political issues. Our analyses are guided by humanism and political progressivism. Each news story we cover is supplemented with thought-provoking, fact-based commentary that aims for the highest level of objectivity.

#HumanistReport #THR #MikeFigueredo",2022-01-14T19:59:50Z,18847,https://www.youtube.com/watch?v=CM4W7UKrcTI
bWerC0cNUOc,Ed Litton on QAnon presence in Southern Baptist churches,,2021-06-17T00:12:19Z,1203,https://www.youtube.com/watch?v=bWerC0cNUOc
r7W15dHwAWU,Is QAnon a &#39;deep-state&#39; conspiracy seeing Trump as saviour in a battle of good versus evil?,"David Aaronovitch speaks to talkRADIO's Ian Collins about QAnon, once a phenomenon on the fringes of the internet, which has moved onto mainstream platforms such as Twitter, Facebook and YouTube.

The journalist said QAnon is the first 'online cult' — without a leader, but with sufficient diffuse momentum to generate its own direction.",2020-08-01T09:35:37Z,11583,https://www.youtube.com/watch?v=r7W15dHwAWU
Cyj32KXwLxk,QANON  d3p7aqtUSJc  Texas Congressman Offers Huber the Transcript of Ohrs Testimony,d3p7aqtUSJc      I searched for d3p7aqtUSJc on youtube and found this video...  I copied it...,2018-08-29T20:45:50Z,109,https://www.youtube.com/watch?v=Cyj32KXwLxk
re7fKhkPxLY,"The Conspirituality Podcast: QAnon, Cultic Dynamics, &amp; The Gateway To Fascism","This is a segment of episode #266 of Last Born In The Wilderness “Redpilled: New Age Spirituality, Online Influencers, & QAnon w/ The Conspirituality Podcast.” Listen to the full episode: http://bit.ly/LBWconspirituality

Learn more about Conspirituality and listen to and subscribe to the podcast: https://conspirituality.net

In continuing my exploration into QAnon and the widespread proliferation of and cult-like adherence to conspiracy theory thinking in the United States, I felt it was time to have this discussion with the hosts of this timely, well crafted, and increasingly needed podcast project. Conspirituality uncovers the intricate dynamics at play in the merging of the Health and Wellness community and its online influencers with this far right conspiracy theory — including the cult dynamics at play in its popularity and spread, the role social media plays in disseminating these ideas, and what the popularity of these ideas means for political action and discourse in our time of rising authoritarianism and right wing populism.

“As the alt-right and New Age horseshoe toward each other in a blur of disinformation, well-intentioned discourse and honest debate are being smothered. Charismatic influencers exploit their followers by peddling dangerous conspiracy theories. In the process, spiritual beliefs that nurture creativity and meaning are transformed into memes of a quickly-globalizing paranoia.

Conspirituality attempts to bring clarity to this conversation. A journalist, cult researcher, and philosophical skeptic discuss the stories, cognitive dissonances, and cultic dynamics tearing through the yoga, wellness, and new spirituality worlds.” (https://conspirituality.net/about)

Derek Beres is a multi-faceted author, media expert, and fitness instructor based in Los Angeles. A former reporter and magazine editor, he has written for dozens of publications, including MTV, Rolling Stone, Women’s Health, Yoga Journal, and National Geographic online. He is currently a columnist for Big Think and a marketing writer for StackSocial. His new book, ‘Hero’s Dose: The Case for Psychedelics in Ritual and Therapy,’ will be published in Summer 2020. 

Matthew Remski is a cult survivor and researcher. His 2019 book, ‘Practice and All is Coming: Abuse, Cult Dynamics and Healing in Yoga and Beyond,’ is the first systematic analysis of pervasive cultism in the modern yoga world. His current research is pivoting to look at cultic dynamics in conspirituality and eco-justice movements.

Julian Walker grew up in Zimbabwe and South Africa and has lived in LA since 1990. He is fascinated with the intersections of yoga/meditation, psychology, science, and culture. He has written extensively on cults and gurus, spiritual bypass and quantum woo in New Age circles, trauma and the body, and neuroscience and somatic psychology informing the practice and teaching of yoga. 

WEBSITE: https://www.lastborninthewilderness.com

BOOK: http://bit.ly/ORBITgr

PATREON: https://www.patreon.com/lastborninthewilderness

DONATE: https://www.paypal.me/lastbornpodcast

DROP ME A LINE: Call (208) 918-2837 or http://bit.ly/LBWfiledrop

EVERYTHING ELSE: https://linktr.ee/patterns.of.behavior",2020-08-29T15:00:11Z,1819,https://www.youtube.com/watch?v=re7fKhkPxLY
PmgdnJPjwX8,"[MIRROR] The Past, Present, and Future of Qanon, A Conspiracy That Is Very Dumb - SOME MORE NEWS","[Originally Uploaded 13.08.2018]
In today's episode, we do a deep dive on the latest crazy conspiracy phenom, Qanon, also known as ""The Storm,"" also known as ""Pizzagate 2,"" also know as ""that batshit, nonsense thing you may have heard about from one of your high school friends on Facebook."" Yes, the conspiracy theory that proposes that God-King, Donald Trump, was elected president to stop a villainous cabal made up of Hillary Clinton, The Deep State, The Democrats, and anyone who makes fun of Trump, whose purpose is global domination and child smuggling. Also? UGH.

Correction: The Seattle plane thief was not Q fan. Sorry for any confusion.

Written by Tom Reimann. Produced by Katy Stoll.

Support SOME MORE NEWS: http://www.patreon.com/SomeMoreNews
SUBSCRIBE to SOME MORE NEWS: https://tinyurl.com/ybfx89rh

You can subscribe to our podcast EVEN MORE NEWS here:
iTunes: https://goo.gl/bveu8q
Google Play: https://goo.gl/zpnhN9
Soundcloud: https://goo.gl/xMHZYT
Stitcher: https://goo.gl/ZFdRhp

Follow us on social Media!
Twitter: https://twitter.com/SomeMoreNews
Instagram: https://www.instagram.com/SomeMoreNews/
Facebook: https://www.facebook.com/SomeMoreNews/

Source List - https://goo.gl/sYb6sL",2019-08-28T16:16:42Z,2357,https://www.youtube.com/watch?v=PmgdnJPjwX8
w6uc8n9Xga0,Sensibly Speaking Podcast #282: Talking with QAnon ft. Rachel Bernstein,"This week I welcome licensed therapist and cult recovery counselor Rachel Bernstein back to the channel to discuss the unique problems and techniques of talking to people in extremist belief sets such as those of QAnon. This reckless and all-consuming conspiracy has created radicalized extremists, making this much more than ""just another cult."" It's time we all had some information about how to deal with people in this mindset and hopefully bring them back.

All show notes, quotes and sources are at http://sensiblyspeaking.com

AMAZON ASSOCIATES STORE
https://www.amazon.com/shop/chrisshelton
As an Amazon Associate I earn from qualifying purchases.

SHOP FOR CRITICAL MERCHANDISE
http://shop.spreadshirt.com/chrisshelton

My book, Scientology: A to Xenu, is available here:
Paperback: https://goo.gl/yYIl2t
Kindle edition: http://goo.gl/K51ySi
Audio edition: http://goo.gl/1yvlYS

Subscribe to my podcast at http://sensiblyspeaking.com or on iTunes at https://goo.gl/1QDUHS

Please consider supporting this channel and helping me to offer more and better content. 
Patreon: https://patreon.com/chrisshelton
PayPal: https://paypal.me/ChrisJShelton
Click the blue Support button here: https://goo.gl/vHgSoE",2021-01-30T07:00:10Z,2545,https://www.youtube.com/watch?v=w6uc8n9Xga0
0NtCVpuSaog,Bradley police no parking plate dugan qanon,,2022-07-07T20:15:41Z,2739,https://www.youtube.com/watch?v=0NtCVpuSaog
mhJCYHDUedA,Is Q (of qanon) Running For Congress? Q Interpreter Comes Unhinged,"Q interpreter STILL believes that hillary is going to face a military tribunal. Not only that, but somebody rumored to be Q himself, Code Monkey, is running for congress in arizona. His first debate didn't go well.

[placeholder]
Patreon: https://www.patreon.com/telltaleatheist
Twitter: https://twitter.com/telltaleatheist
Twitch: https://www.twitch.tv/telltaleatheist
Telltale: https://www.youtube.com/c/TelltaleAtheist
Telltale Fireside Chat: https://www.youtube.com/c/TelltaleFiresideChat
Telltale Unfiltered: https://www.youtube.com/channel/UCOB86WpguzlOEs4z93iZ7kA
TikTok: https://www.tiktok.com/@telltaleatheist
Discord: https://discord.gg/KeXmEq9
PayPal: http://paypal.me/telltaleatheist
Teespring: https://teespring.com/stores/telltaleatheist
Etsy Game Shop: https://www.etsy.com/shop/TelltaleShop
Podcast on iTunes: https://podcasts.apple.com/us/podcast/telltale-podcast/id1399333418
Podcast on SoundCloud: https://soundcloud.com/user-450959803
Voicemail: 1-800-701-8573",2022-06-11T17:00:19Z,25155,https://www.youtube.com/watch?v=mhJCYHDUedA
mEmIepbEph0,Watters World QAnon Segment - Jesse Watters,Made with Monosnap - https://monosnap.com,2019-12-08T07:34:59Z,3501,https://www.youtube.com/watch?v=mEmIepbEph0
zmdlDNUprus,Infamous Qanon Anti-masker Explains How She Got Brainwashed,"One of our first brainworms contestants is back in the spotlight with a carefully crafted redemption story.... What do you think?

👕  Apparel - http://leonlush.com/shop

🎶  The music I use - http://leonlush.com/epidemic (It's perfect for avoiding copyright issues)

👌  Become a channel member - http://leonlush.com/join
🍿  Second channel (ft. my wife) - http://leonlush.com/LushLife

🐦  Twitter - http://www.twitter.com/leonlush
🎮  Twitch.tv - http://www.twitch.tv/leonlush
📸  Instagram - http://www.instagram.com/leonlush

🎥  My camera: http://leonlush.com/camera (Amazon - Commissions earned)
🎤  My microphone: http://leonlush.com/mic (Amazon - Commissions earned)
📹  The rest: http://leonlush.com/gear (Amazon - Commissions earned)
🖥  Software: Final Cut Pro, Motion 5, Logic Pro X, Photoshop

🎧  Listen to my music
Spotify: http://leonlush.com/Spotify
iTunes: http://leonlush.com/iTunes

📬  PO BOX (If you wanna send me stuff)
Leon Lush
PO Box 3956
Peabody, MA 01961, USA

📩  If you'd like to get in touch for any reason (ideas, criticism or just to say hi) hit me up at hello@leonlush.com and I'll do my best to reply. For business inquiries please use the email in the About section.

Thanks for watching, liking and sharing. I appreciate ya!",2021-02-13T19:04:25Z,461368,https://www.youtube.com/watch?v=zmdlDNUprus
37tJpnMVYQk,Conversations With Great Minds  - The History Of QAnon  (w/ Mike Rothschild) Part One,"Has Qanon taken over America? Your politicians, your friends and even your family, could all be a part of the Qanon cult, but how did a nonsensical conspiracy theory move from the fringes of infamous imageboard 4chan to mainstream movement?  

Mike Rothschild joins Thom Hartmann for a deep dive into the history of QANON. 
 
🔴 Subscribe for more clips like this: https://www.youtube.com/user/thomhartmann?sub_confirmation=1

Mike Rothchild joined Thom to discuss QAnon

Mike Rothschild is an Investigative journalist focusing on the intersection of internet culture, politics & conspiracy theories...specializing in QAnon conspiracy cult since its inception in 2018...contributor-The New York Times, The Washington Post, NPR, CNN, MSNBC, the BBC, and elsewhere. Author of the new book, The Storm Is Upon Us: How QAnon Became a Movement, Cult and Conspiracy Theory of Everything

🔥 WATCH NEXT:  Is Qanon A New Religion That Worships Trump? - https://youtu.be/LtEymp5WhCA

⭐ Join our Membership and Support the Channel:  https://www.youtube.com/user/thomhartmann/join

MORE FROM THOM
🎦 Watch a full program re-run anytime: http://www.patreon.com/thomhartmann
🎧 Audio Podcast: http://www.thomhartmann.com/podcast
📜 Free Newsletter: http://www.thomhartmann.com/podcast
👕 Merchandise: https://teespring.com/stores/thom-hartmann-program-2
🍺 Thom Merchandise: https://teespring.com/thom-hartmann-mug?pid=522&cid=101870

FOLLOW THOM
📕 AMAZON: http://amzn.to/2hS4UwY
📝 BLOG: http://www.thomhartmann.com/thom/blog
👥 FACEBOOK: http://www.facebook.com/ThomHartmannProgram/
📸 INSTAGRAM: http://www.instagram.com/Thom_Hartmann
🎦 PATREON: http://www.patreon.com/thomhartmann 
🐦 TWITTER: http://www.twitter.com/thom_hartmann
🌐 WEBSITE: http://www.thomhartmann.com
📺 YOUTUBE: http://www.youtube.com/subscription_center?add_user=thomhartmann

ABOUT THE PROGRAM
The Thom Hartmann Program is the leading progressive political talk radio show for political news and comments about Government politics, be it Liberal or Conservative, plus special guests and callers.

#MoreFromThom #Qanon #ThomandMikeRothschild 

✔ Amazon links are affiliate links",2021-10-07T23:13:43Z,9022,https://www.youtube.com/watch?v=37tJpnMVYQk
HYQZxRtK1HA,#news House GOP leader defends freshly-elected QAnon conspiracy theorist,House GOP leader defends freshly-elected QAnon conspiracy theorist,2022-04-17T13:00:08Z,29,https://www.youtube.com/watch?v=HYQZxRtK1HA
FA6mZciSX4s,Reno 911! The Hunt for QAnon,"High Seas, hijinks, and the Hunt for QAnon! The Reno Sheriff's Department has been ordered to serve court papers to the mysterious head of QAnon, ""Q."" They're going deep undercover on Q's Booze Cruise. (Mostly just to go on a free cruise!)",2022-04-19T11:15:28Z,-1,https://www.youtube.com/watch?v=FA6mZciSX4s
WJywMP9JN8M,Sensibly Speaking Podcast #306: The Cult of QAnon,"This week I'm giving a sort of QAnon 101 for my viewers. It may be that we'll do more episodes about QAnon depending on the feedback to this one. Here I talk about QAnon's origin story, the fascinating mechanics behind how it evolved and some of the more obvious cultic aspects of how it is organized and how its followers have become extremists. I cover a lot of territory. Enjoy!

SHOP FOR CRITICAL MERCHANDISE
http://shop.spreadshirt.com/chrisshelton

My book, Scientology: A to Xenu, is available here:
Paperback: https://goo.gl/yYIl2t
Kindle edition: http://goo.gl/K51ySi
Audio edition: http://goo.gl/1yvlYS

Subscribe to my podcast at http://sensiblyspeaking.com or on iTunes at https://goo.gl/1QDUHS

Please consider supporting this channel and helping me to offer more and better content. 
Patreon: https://patreon.com/chrisshelton
PayPal: https://paypal.me/ChrisJShelton
Click the blue Support button here: https://goo.gl/vHgSoE",2021-08-07T06:00:14Z,3465,https://www.youtube.com/watch?v=WJywMP9JN8M
CRE4ImMk0c4,You Are Not So Smart 211 - QAnon and Conspiracy Narratives,"Website: https://youarenotsosmart.com 
Patreon: https://www.patreon.com/youarenotsosmart 

The Topic: How the psychology that leads people into QAnon can help us understand not only what leads people into a conspiracy community, but which community and why

The Guests: Political scientist Steve Uscinski and psychologist Anni Sternisko

- Facebook: https://www.facebook.com/youarenotsosmart
- Twitter: https://twitter.com/notsmartblog 
- Omny: https://omny.fm/shows/you-are-not-so-smart
- Soundcloud: https://soundcloud.com/youarenotsosmart
- iTunes: https://itunes.apple.com/us/podcast/you-are-not-so-smart/id521594713
- Stitcher: http://app.stitcher.com/browse/feed/22954/episodes
- Spotify: https://open.spotify.com/show/3tZoJ9YXvUAy7CrYQK9d7b?si=r2EKZu9eQuWFxDfn4IZSww&dl_branch=1
- Transcript: https://youarenotsosmart.com/transcript-qanon-and-conspiratorial-narratives",2021-08-04T18:20:37Z,1262,https://www.youtube.com/watch?v=CRE4ImMk0c4
r_vn5oczs_I,Donie O&#39;Sullivan says QAnon followers are &quot;lonely&quot;,,2021-11-03T13:18:22Z,366,https://www.youtube.com/watch?v=r_vn5oczs_I
sJMwWDW8YmU,QAnon is Changing...But It Isn&#39;t Going Away (w/ Jared Holt),"Jared Holt of The Atlantic Council's Digital Forensic Research Lab and host of the SH!TPOST podcast joins DOOMED with Matt Binder joins the show to discuss how QAnon is changing. The slogans and hashtags may be disappearing from mainstream social media, but that doesn't mean it's going away. In fact, it very well could mean something worse.

Read Jared's piece here: https://medium.com/dfrlab/qanons-hallmark-catchphrases-evaporating-from-the-mainstream-internet-ce90b6dc2c55

Read Matt's piece here: https://mashable.com/article/how-qanon-hides-on-the-internet/

Support the show: http://www.patreon.com/mattbinder",2021-06-18T05:18:01Z,3654,https://www.youtube.com/watch?v=sJMwWDW8YmU
lueIx97K0wo,Its Amazing #Qanon #Greatawakening,,2020-09-11T19:59:34Z,869,https://www.youtube.com/watch?v=lueIx97K0wo
vFHzrmk5Md0,Anonymous Operation QAnon,"Hello boys and girls, it's time to learn your A B C's
""L."" ""M."" ""N."" ""O."" ""P."" ""Q.""  Op Q, Op Q Anon
ABCDEFGHIJKLMN (#OpQ) RSTUVWXYZ.

Greetings Q,

We are Anonymous.

We've been watching the interwebs from deep within our basements, flinging data bits and bytes here and there - living the stereotypical hacker life, you know;  eating Doritos and drinking the Dew, (we do the dew - that shit's trademarked by the way), and we've been watching the world burn at the hands of idiots.  We've slapped around a few people for being ignorant morons, sure - we're totally not sorry for taking down racist websites or helping antifascist movements, leaking ICE data, and also all the little things we do when people don't pay attention...  
Anyhow Q, we've been watching you too - and you're quite funny.  We were all like ""yo, check this troll out! He has them convinced that he's on the inside and they're eating it up like sheep!""  
We all knew who was responsible for Q, and we thought the insanity would end with a final punch line of lulz - yet u 8 chan freaks never delivered that shit.  Nope, you tossed it aside and let it grow into a deformed Alex Jones conspiracy thought bubble.  Someone is gonna get hurt, so we have to put our foot down and start some shit with you all, oh kay?  We don't know if you can hang with the real thing, cuz believe it or not - we're kind of upset that you'd try to even associate yourselves with our decentralized collective.  
That crazy pedophile conspiracy you Q's are throwing around while ignoring Trump's own connections makes us wonder why?  Seems you have some kooky political agenda.   We don't like brainless political agendas; hell we don't even like political agendas at all, so get your asses ready for a thrashing of butt hurt.  You got all these foolish people all riled up with no proof, no leaks.  We have plans.  We will not sit idly by while you take advantage of the misinformed and poorly educated. In our collective we all have our differences and internal drama but we do have one thing in common; none of us are happy with your bullshit.
And oh my god, oh no - it's teh real ""Anonymous"" they deep state fedz oh my god ohmygod *insert conspiracy* theory omg help.
We gonna wreck you. 

We are Anonymous,
We are legion,
We do not forgive,
We do not forget.

We're sure you know we're coming, how could you not?",2018-08-05T19:56:42Z,108537,https://www.youtube.com/watch?v=vFHzrmk5Md0
1QbEcG8O-L8,TEDxMidAtlantic — Dismantling QAnon,"This event was recorded on October 21, 2020. As part of our ongoing series on defending democracy from unethical manipulation, we are honored to bring you a very special 90 minute program explaining what's behind the QAnon movement. We looked at where it came from, its true nature, and how it might end safely.

At its root, the scheme functions as an authoritarian cult. Through that lens, it can be properly understood as being based in a crisis of connection. During this pandemic, when so many people are feeling disconnected and off-balance, we are all more susceptible than ever to undue influence and unethical manipulation. We'll look at ways we can become more resilient against it.

This program, featuring alternate reality gaming expert Jim Stewartson, cult expert Steven Hassan, multimedia journalist Desiree Kane, in conversation with TEDxMidAtlantic co-curator (and disifnformation specialist) Dave Troy offers a broad overview of the networks involved — with clear-headed ideas about how this destructive movement can be ended safely.

Among the areas covered: QAnon has its roots in the internet puzzle ""Cicada 3301""; that a network of former disgruntled military and intelligence professionals has collaborated to lend the scheme legitimacy; that various people involved are connected to a 1930's cult called ""I AM""; that many people involved with QAnon were also involved in the 2011 ""Occupy"" protests and NODAPL protests at Standing Rock in 2016-2017 — and even connected to the makers of the 2020 disinformation film, ""Plandemic.""

Please take a moment to watch and share this important program with the people in your network. If you have family members or friends affected by this or other similar destructive movements, there is hope, and help is available. And if you are involved with the media or research community, feel free to follow up with our presenters. Together, we can help slow the growth of harmful authoritarian movements. #igotout

We'd also like to give special thanks to Arturo Tafoya for his support with research and video production. Please check out his channel here: https://www.youtube.com/c/BMHC2CSi

Please see additional coverage from Financial Times and Heavy.com:
https://www.ft.com/video/372cac40-0f6f-498b-8c19-7b635142296e?playlist-name=editors-picks&playlist-offset=0

https://heavy.com/news/thomas-schoenberger-qanon/",2020-10-22T18:10:12Z,22235,https://www.youtube.com/watch?v=1QbEcG8O-L8
DUQ5OTeQQBY,QANON: Is Antisemitism Hiding In Dangerous Conspiracy Theory?,"What would happen if a far right Nazi cult gained power in the United States, infecting your neighbors, friends, family and even your elected officials. Thom Hartmann exposes QANON. 
 
🔴 Subscribe for more clips like this: https://www.youtube.com/user/thomhartmann?sub_confirmation=1 

Qanon, the far right conspiracy theory that says Donald Trump is the sole hero fighting off satanic, baby eating leftists, who have control over the media and democracy sounds too ridiculous to be taken seriously... Until it is..... 

Thom Hartmann exposes the nazi origins of QANON. 

⭐ Join our Membership and Support the Channel:  https://www.youtube.com/user/thomhartmann/join

MORE FROM THOM
🎦 Watch a full program re-run anytime: http://www.patreon.com/thomhartmann
🎧 Audio Podcast: http://www.thomhartmann.com/podcast
📜 Free Newsletter: http://www.thomhartmann.com/podcast
👕 Merchandise: https://teespring.com/stores/thom-hartmann-program-2
🍺 Thom Merchandise: https://teespring.com/thom-hartmann-mug?pid=522&cid=101870

FOLLOW THOM
📕 AMAZON: http://amzn.to/2hS4UwY
📝 BLOG: http://www.thomhartmann.com/thom/blog
👥 FACEBOOK: http://www.facebook.com/ThomHartmannProgram/
📸 INSTAGRAM: http://www.instagram.com/Thom_Hartmann
🎦 PATREON: http://www.patreon.com/thomhartmann 
🐦 TWITTER: http://www.twitter.com/thom_hartmann
🌐 WEBSITE: http://www.thomhartmann.com
📺 YOUTUBE: http://www.youtube.com/subscription_center?add_user=thomhartmann

ABOUT THE PROGRAM
The Thom Hartmann Program is the leading progressive political talk radio show for political news and comments about Government politics, be it Liberal or Conservative, plus special guests and callers.

#MoreFromThom

✔ Amazon links are affiliate links",2020-09-15T01:18:23Z,13732,https://www.youtube.com/watch?v=DUQ5OTeQQBY
DqscTbrubT4,Qanon Followers are still waiting to JFK Jr in Dallas. #shorts #news #jfkjr,Qanon Followers are still waiting to JFK Jr in Dallas. #shorts #politics #news,2021-11-17T04:41:17Z,104,https://www.youtube.com/watch?v=DqscTbrubT4
PAxSkA1UDOI,He Literally MURDERED His Kids For Qanon....,"All My Links Can Be Found Here: https://linktr.ee/SurisSkeptic

Merch! https://rdbl.co/3mKx6Vc

Shoutout To YaraKoro For Stream Opening and 2d Studio

Commissions open at: https://twitter.com/YaraKoro 

Shoutout To Rimixen For Live2d Avatar and Rigging!
Commissions at: https://twitter.com/Rimexin

Shoutout to Suzu Sawara For Live2d Slime Avatar and Rigging!
https://twitter.com/SuzuSawara

Shoutout to BonBonBerry For 3d Vroid Model and Rigging!
Commissions at: https://twitter.com/BonBonBerry15

Shoutout To JacandQuil For Patron Slides!
Commissions at: https://twitter.com/JACandQuill

----------------------------------------------------------------------------------------------------

AFFILIATE LINKS!

https://artesianbuilds.com/gaming/?aff=Nekosuris

https://ddlgplayground.com/ Go here and use Coupon Code ""Suris"" For 10% off of any purchase! All My Links Can Be Found Here: https://linktr.ee/SurisSkeptic

Shoutout To YaraKoro For Stream Opening and 2d Studio

Commissions open at: https://twitter.com/YaraKoro 

Shoutout To Rimixen For Live2d Avatar and Rigging!

Commissions open at: https://twitter.com/Rimexin

Shoutout to BonBonBerry For 3d Vroid Model and Rigging!

Commissions open at: https://www.fiverr.com/bonbonberry01/make-you-a-3d-model-in-vroid-for-vtubing?source=order_page_summary_gig_link_title&funnel=b2d719ff0aff27089f45e70126496c4b

Shoutout To JacandQuil For Patron Slides!

Commissions Open at: https://twitter.com/JACandQuill

----------------------------------------------------------------------------------------------------

AFFILIATE LINKS!

https://artesianbuilds.com/gaming/?aff=Nekosuris

https://ddlgplayground.com/ Go here and use Coupon Code ""Suris"" For 10% off of any purchase!",2021-08-27T22:00:06Z,7631,https://www.youtube.com/watch?v=PAxSkA1UDOI
hnY09j2MpHc,A Message From QAnon,,2020-09-04T12:42:05Z,26245,https://www.youtube.com/watch?v=hnY09j2MpHc
lpgyxvwbAxo,RWW News: QAnon &#39;Prophet&#39; Johnny Enlow Prayed Over and &#39;Commissioned&#39; Three GOP Candidates,"https://www.rightwingwatch.org/post/qanon-prophet-johnny-enlow-prayed-over-and-commissioned-three-gop-candidates/

Right Wing Watch reports on the extreme rhetoric and activities of key right-wing figures and organizations by showing their views in their own words. In this clip, self-proclaimed ""prophet"" and QAnon conspiracy theorist Johnny Enlow prays over and ""commissions"" three GOP candidates who are running for office in Oregon.",2022-03-28T17:50:52Z,1644,https://www.youtube.com/watch?v=lpgyxvwbAxo
yTSR6jGw54U,QAnon Conspiracist Kills After Going Down The Rabbit Hole,"Conspiracy theories are fun. Illuminati, flat earth, etc There are a plenty to choose from. Alex Jones, David Icke, Eric Dubay are some of the more detailed voices in the space. 

Conspiracies start out as fun for most but can turn serious and can go from something to joke about to something dark and tragic.

This is the story of Matthew Taylor Coleman. A man who killed his children to save the world because of QAnon conspiracies.

Thanks for watching and make sure to subscribe to the channel to stay up to date with our latest #TrueCrime videos.",2022-04-05T13:00:54Z,138,https://www.youtube.com/watch?v=yTSR6jGw54U
ut_X1yRk7bM,"Jan. 6 hearing: Panel probes Trump&#39;s potential connections to Proud Boys, Oath Keepers | FULL","WARNING: Video contains graphic language and disturbing content. Viewer discretion is advised.

Congressional investigators into the Jan. 6, 2021 attack on the U.S. Capitol reconvened for the committee’s seventh hearing on Tuesday, focused on drawing connections between then-President Donald Trump's associates and right-wing militia groups who stormed the seat of government.

Jason Van Tatenhove, the former media director for the far-right anti-government militia Oath Keepers, as well as self-identified ex-Trump supporter Stephen Ayres provided testimonies on their participation in the lead-up to Jan. 6 and Trump’s influence on their actions.
 
In footage shared at the hearing, former Attorney General William Barr can be heard recounting that Trump asked to have the Department of Justice seize voting machines, which Barr refused to do, due to a lack of probable cause. The hearing also displayed an executive order drafted by several of Trump’s advisors to appoint American Attorney Sidney Powell as Special Counsel with the power to seize voting machines, which former White House counsel Pat Cipollone “vehemently opposed.”
 
The hearing also reviewed past phone records between Trump with former advisor Steve Bannon and former Vice President Mike Pence, Trump’s last-minute changes to speeches, recordings from Trump’s daughter Ivanka Trump and more.

The attack on the Capitol, following a speech Trump gave at a rally outside the White House that day, delayed the certification of Joe Biden's election for hours, injured more than 140 police officers and led to several deaths. The committee said that they will be reconvening next week for an eighth hearing.

For more info, please go to https://globalnews.ca/news/8982224/jan-6-us-capitol-attack-hearings-revelations/

Subscribe to Global News Channel HERE: http://bit.ly/20fcXDc
Like Global News on Facebook HERE: http://bit.ly/255GMJQ
Follow Global News on Twitter HERE: http://bit.ly/1Toz8mt
Follow Global News on Instagram HERE: https://bit.ly/2QZaZIB
#GlobalNews #January6Hearing #USPolitics",2022-07-12T20:15:01Z,8000,https://www.youtube.com/watch?v=ut_X1yRk7bM
CpfvjOIot0A,QAnon supporters chant ‘Let’s Go Brandon’ while holding ‘Trump-Kennedy’ banner,"https://www.rawstory.com/qanon-jfk-jr-2024/

QAnon supporters gathered in Dallas on Tuesday in the hopes that John F. Kennedy, Jr. would make major revelations.

""QAnon supporters are gathering for an event in Texas on Tuesday at which they falsely believe JFK junior will reveal he is not dead and announce a 2024 presidential run with Donald Trump, the former president,"" the Independent reports.

The son of America's 35th president died in 1999.

Journalist Steven Monacelli posted a video of members of the crowd chanting a euphemism for ""f*ck Joe Biden"" while holding a Trump-Kennedy QAnon banner. Although, the banner is from 2020, showing yet another ""prophecy"" that did not occur.

To see the full twitter thread of Steven Monacelli: https://twitter.com/stevanzetti/status/1455583375385837581?ref_src=twsrc%5Etfw%7Ctwcamp%5Etweetembed%7Ctwterm%5E1455584854624645131%7Ctwgr%5E%7Ctwcon%5Es2_&ref_url=https%3A%2F%2Fwww.rawstory.com%2Fqanon-jfk-jr-2024%2F",2021-11-02T19:44:45Z,7238,https://www.youtube.com/watch?v=CpfvjOIot0A
5UnjpqF1MqM,"&quot;As QAnon Waits Patiently for JFK Jr&quot;, by Mangy Fetlocks","Recently, a group of the QAnon faithful joined in Dallas, fully believing that JFK Jr. was going to show up and announce that he had faked his death, and that he was going to join Trump in taking back The White House, starting immediately. Some similarly believed that Elvis would also come out of hiding and announce that he would be standing in for John Lennon as The Beatles got back together with Kim Jong Un replacing George Harrison on guitar.   All this makes me worry about the effect bottled water and Pop Tarts have had on some Americans' brain development. Lyrics below:

As QAnon waited patiently for JFK Junior,
I wonder what was going through their heads.
I’m thinking their thought processes were somewhat peculiar
since it’s been 21 years he’s been dead.
It seems they thought he’d faked his death, and was in hiding,
That’s sane compared to some beliefs they hold.
Their mass hysteria I would not think of deriding
but to  “Get a life” I think they should be told. 

They spend their days all up in arms ‘bout child molesters
while there are child molesters in their ranks.
They love to get on TV as those unhinged protestors,
they love conspiracies about Tom Hanks.
Each time a dear conspiracy is proved to be rubbish
They up and find another to embrace.
Their lives are intertwined in ways both cult-like and clubbish.
Their heads, I think, are mostly empty space. 
                                        copyright 2021, Bruce W. Nelson",2021-11-04T13:00:25Z,738,https://www.youtube.com/watch?v=5UnjpqF1MqM
PncG8DHMftw,Trump Basically Endorses QAnon Without Knowing What It Is W/ Matt Christman,"Matt Christman (https://twitter.com/cushbomb) of Chapo Trap House (http://chapotraphouse.com/) and Ben Burgis (https://twitter.com/BenBurgis) watch Trump's recent QAnon press conference and talk about the recent rise of QAnon incidents. 

Independent creators rely on your support to create the content you want! 
Support Give Them An Argument on Patreon: https://www.patreon.com/benburgis. Patrons get early access to every episode as well as a weekly bonus episode and regularly scheduled ""Discord Office Hours"" group voice chats.

Image Credit: Marc Nozell
https://www.flickr.com/people/37996583933@N01 
https://creativecommons.org/licenses/by/2.0/legalcode
Image has been cropped and color has been altered

Follow Ben on Twitter: https://twitter.com/BenBurgis
Like, subscribe, and get notifications on Ben’s channel: https://www.youtube.com/BenBurgisGTAA
Visit benburgis.com",2020-08-27T00:30:01Z,7588,https://www.youtube.com/watch?v=PncG8DHMftw
eriefCfe66A,Jfk Jr Qanon the great awakening 22.7.18,,2018-07-22T21:22:11Z,1039,https://www.youtube.com/watch?v=eriefCfe66A
0ZC96TGAuHk,"QAnon, Trump, &amp; the American Church with Bonnie Kristian","This week's guest is Bonnie Kristian. Bonnie is a contributing editor at The Week and has also been featured in Christianity Today, USA Today, Time and many other publications. She also holds a Master's in Christian Thought from Bethel Seminary. 

Bonnie has been studying the QAnon movement and the growing conspiracy theory culture which centers around Donald Trump as a messianic figure. This movement has been both influencing American Christianity and developing as its own religious cult.

Check out some of the articles referred to in today's discussion here:

https://www.thegospelcoalition.org/article/the-faqs-what-christians-should-know-about-qanon/ 
https://www.theatlantic.com/magazine/archive/2020/06/qanon-nothing-can-stop-what-is-coming/610567/ 
https://theconversation.com/the-church-of-qanon-will-conspiracy-theories-form-the-basis-of-a-new-religious-movement-137859 
To Find out more about Bonnie Kristian go to:
https://www.bonniekristian.com/

 

If you want to support this podcast and become a member of the Deep Talks Patreon Community, go to this link:
https://www.patreon.com/deeptalkstheologypodcast

 

To Subscribe & Review on Apple Podcasts:

https://podcasts.apple.com/us/podcast/deep-talks-exploring-theology-and-meaning-making/id1401730159",2020-06-30T17:31:07Z,1099,https://www.youtube.com/watch?v=0ZC96TGAuHk
fpHrTuNWHTU,QAnon: A Credible Threat or a Fabrication by Progressives?,"The House canceled votes on Thursday due to 'credible' threats of QAnon followers attacking the Capitol. O'Reilly debates whether these actual threats or just the latest narrative being pushed from K Street in Washington, that the media has picked up on and used to make the American public believe right wing extremists is a major issue the country faces.",2021-03-05T18:00:10Z,19348,https://www.youtube.com/watch?v=fpHrTuNWHTU
sPQ2ZVwCdps,"Trump’s Dire Warnings About Biden, QAnon Waiting for Dead Celebrities &amp; Facebook Stole Your Face","Trump’s Dire Warnings About Biden, QAnon Waiting for Dead Celebrities & Facebook Stole Your Face

PERPETUAL INCOME 365 HERE----https://bit.ly/3xERw5c",2021-11-05T20:25:05Z,332328,https://www.youtube.com/watch?v=sPQ2ZVwCdps
TRxw2oKj8hQ,QAnon friends be like...,#shorts,2021-03-05T18:33:30Z,105,https://www.youtube.com/watch?v=TRxw2oKj8hQ
OeMqkX9Gdcg,Congresswoman Boebert Promotes QAnon Conspiracy: Predicts Resignations Based on Declassified Docs,"Speaking to Republicans in Montrose, Colorado, Congresswoman Lauren Boebert (R-CO) is asked if there will ever be ""perp walks"" for high-level former officials like the former head of the FBI, CIA and Hillary Clinton. Boebert responds by saying she has inside knowledge of a QAnon-linked conspiracy theory promoted by The Epoch Times that secret documents declassified in the final days of the Trump administration will expose wrongdoing by his enemies and lead to resignations and arrests. 

Original audio recording by the Montrose Daily Press and Delta County Independent.",2021-03-19T18:24:52Z,8488,https://www.youtube.com/watch?v=OeMqkX9Gdcg
oVnrLmNOCg4,Rock Anthem for Qanon movement:   Search the Word &quot;Q&quot;,"""The hard part is for the ‘public’ to ‘know’ what we’ve know for a very long time. There is no bigger threat to ‘them’ than the public being awake and thinking for themselves. Why are we here?""  Q

This song is dedicated with the greatest admiration, appreciation and respect to those who have fearlessly risked their live in the of truth, goodness.  A song describing the most extraordinary phenomenon ever to manifest in modern western society - the dismantling of the entrenched corrupt and wicked ""Deep State""machine .ss and righteousness.  “Your reward shall be with you in heaven”.

MUST WATCH:  Sister video to this one.  Share both 

Q  - The Plan to Save the World
https://www.youtube.com/watch?v=6cYZ8dUgPuU

RESOURCES::

https://www.qanon.pub

https://www.qproofs.com/

https://www.reddit.com/r/greatawakening/

Political glimpse:
Qanon Redpilled: A mini-documentary
https://www.youtube.com/watch?v=xEqavcwFyLY

Spiritual glimpse (about the most truth-filled documentary we've ever seen - brilliant)
https://www.youtube.com/watch?v=4XvGBmkHGMY&t=487s

https://www.reddit.com/r/greatawakening/comments/7y0wjx/q_code_guide_to_abbreviations

https://pastebin.com/UhK5tkgb

Enjoy the adventure. Happy hunting as you delve into the mysteries of Q",2018-06-23T14:48:52Z,21303,https://www.youtube.com/watch?v=oVnrLmNOCg4
ILAMhJHJthA,The Violent Holy-War QAnon is Secretly Plotting...,"What happens when right-wing conspiracy theories reach their end game?  Will the followers of Qanon one day begin to kill liberals? 
 
🔴 Subscribe for more clips like this: https://www.youtube.com/user/thomhartmann?sub_confirmation=1 

After the defeat of Donald Trump, Qanon has become more and more radical. What happens when Qanon reaches its endgame. 

⭐ Join our Membership and Support the Channel:  https://www.youtube.com/user/thomhartmann/join

MORE FROM THOM
🎦 Watch a full program re-run anytime: http://www.patreon.com/thomhartmann
🎧 Audio Podcast: http://www.thomhartmann.com/podcast
📜 Free Newsletter: http://www.thomhartmann.com/podcast
👕 Merchandise: https://teespring.com/stores/thom-hartmann-program-2
🍺 Thom Merchandise: https://teespring.com/thom-hartmann-mug?pid=522&cid=101870

FOLLOW THOM
📕 AMAZON: http://amzn.to/2hS4UwY
📝 BLOG: http://www.thomhartmann.com/thom/blog
👥 FACEBOOK: http://www.facebook.com/ThomHartmannProgram/
📸 INSTAGRAM: http://www.instagram.com/Thom_Hartmann
🎦 PATREON: http://www.patreon.com/thomhartmann 
🐦 TWITTER: http://www.twitter.com/thom_hartmann
🌐 WEBSITE: http://www.thomhartmann.com
📺 YOUTUBE: http://www.youtube.com/subscription_center?add_user=thomhartmann

ABOUT THE PROGRAM
The Thom Hartmann Program is the leading progressive political talk radio show for political news and comments about Government politics, be it Liberal or Conservative, plus special guests and callers.

#MoreFromThom

✔ Amazon links are affiliate links",2021-11-04T23:18:50Z,11366,https://www.youtube.com/watch?v=ILAMhJHJthA
BbJLNF1Fe8w,QAnon Returns! | Trump FBI Raid | TikTok Conspiracies | Dead Internet Conspiracy,,2022-06-26T07:05:22Z,288,https://www.youtube.com/watch?v=BbJLNF1Fe8w
tREt3GqzPf0,Ho..ho..ho..Qanon...strange Things..,,2018-11-24T15:14:12Z,1092,https://www.youtube.com/watch?v=tREt3GqzPf0
vczSiTZj3dA,Judges Order QAnon Lawyer To Take Mental Health Exam To Keep Bar License,"▶ Support my work: https://www.patreon.com/rodecast
▶ Sign Up For A Channel Membership To Support My Work Here: https://www.youtube.com/channel/UCIyYmQOEs0vHrIqEpUlKHdw/join
▶ Twitter: @Rodeslav
▶ Cashapp: $Rodeslav

▶ Intro Music: JAG Intro Orchestra 
▶ Outro Music: Judge Dredd Stories 

NOTE: I am not a lawyer. I am a legal scholar. I study the law and legal theory, but have no interest in practicing law. I am familiar with most court procedures as well as trial procedure.
▶ My Educational Qualifications:
+ Deep legal knowledge about the Rules of Civil & Criminal Procedures In US Courts
+ Deep legal knowledge about the Federal Rules of Evidence (central to understanding any US federal legal cases)
+ Deep knowledge of America Constitutional Law Principles and their application in federal and state cases
+ Deep knowledge of Criminal Law Principles relevant to court proceedings and trials
+ Deep knowledge of Civil Law Principles related to torts and civil trials
+ Growing library of knowledge of relevant precedential supreme court cases in US History
+ Historical knowledge of Anglo-American Jurisprudence dating back to the British Empire. 
+ B.A in Political Science from California State University, Northridge
+ B.S in Microbiology from California State University, Northridge
+ Deep knowledge in Central and Northern European Politics, History, and Culture
+ Deep knowledge of Classical Greek Philosophy and Logical Argumentation
+ Deep knowledge of Evolutionary Biology, Psychology, and Human Genetics

#LawAndOrder #LegalNews #TheLaw #Rodecast",2022-06-01T21:00:18Z,306,https://www.youtube.com/watch?v=vczSiTZj3dA
UYkFgodiVVw,No ThankQ John 🦋💙🌈🍿😎#WWG1WGA  #Qanon...the beautiful energy..see u soon,,2020-04-05T16:12:01Z,682,https://www.youtube.com/watch?v=UYkFgodiVVw
Q75Bw-9StBA,Qanon The Conspiracy Theory,"Source:
https://www.spreaker.com/user/allmusicradiopodcast/qanon-the-conspiracy-theory-stereo-mix

QAnon is a wide-ranging, unfounded conspiracy theory that says that Donald Trump is waging a secret war against elite Satan-worshipping pedophiles in government, business, and the media.",2022-05-30T13:16:03Z,7,https://www.youtube.com/watch?v=Q75Bw-9StBA
mCOZLjgoyWQ,My Thoughts On Brexit#Qanon,,2018-06-24T12:17:48Z,183,https://www.youtube.com/watch?v=mCOZLjgoyWQ
qWINdmTIGXw,Qanon..happy Soul..divine Feminine,,2018-11-23T15:38:18Z,420,https://www.youtube.com/watch?v=qWINdmTIGXw
BHA7JPF6qZw,Wow...do You Believe In Santa..Qanon,,2018-11-24T01:04:00Z,1230,https://www.youtube.com/watch?v=BHA7JPF6qZw
IwSS5e9Tk2c,Imran Riaz Khan ki Pak Fauj per tanqeed | jis qanon ki hamayet ki wohi galay par gya,"#SyedImranShafqat #nawazsharif #armychiefgenbajwa

You can follow me on
https://www.facebook.com/syed.i.shafqat
https://twitter.com/simranshafqat
Contact @ mannkuja@gmail.com",2022-07-06T13:40:29Z,18329,https://www.youtube.com/watch?v=IwSS5e9Tk2c
KjH_EFfq5jk,Red Wave..Midterms ..QANON,,2018-11-06T22:29:42Z,518,https://www.youtube.com/watch?v=KjH_EFfq5jk
uzACSoeg_9w,The 17th Digit - the math and connections behind Q #Q #Qanon,"this video lays out the timing and synchronicities between major events in the United States. the pandemic, World War I, 9/11, human rights day the 345th day of the year represents a 345 triangle as shown in logo of Masonry. the 162 day of the year which represents the golden ratio. Skull and Bones uses 322 as their number, this number is the golden ratio times two.",2022-07-10T15:32:26Z,76,https://www.youtube.com/watch?v=uzACSoeg_9w
vPQUIdQZc34,Evening Chat..Gratitude.....Qanon..Awakening to you,,2020-09-07T22:03:41Z,578,https://www.youtube.com/watch?v=vPQUIdQZc34
_-FZH34phsI,QAnon and the Blood Libel,"QAnon is one of the craziest, stupidest and most dangerous far-right cults out there. In this essay, I talk a little about how it's not even creative, since it borrows heavily on old antisemitic conspiracy theories.

Text: https://www.metaphysicalexile.com/2021/11/q-and-blood-libel.html

Music by CO.AG: https://www.youtube.com/channel/UCcavSftXHgxLBWwLDm_bNvA",2022-02-03T17:42:33Z,201,https://www.youtube.com/watch?v=_-FZH34phsI
1l82kK6PUio,Random Chat..christmas..jfk Jr ..Qanon,,2018-12-21T21:54:49Z,855,https://www.youtube.com/watch?v=1l82kK6PUio
F6b1KK2EZbY,IndoctriNation - Qanon Casualties w/ Jitath Jadeja,"Jitarth Jadeja is a former QAnon follower and current moderator of a Reddit group with over 200K followers called QAnon Casualties. Residing in Sydney, Australia, Jitarth has been covered in many major news publications in the U.S. and beyond, providing important insight into the perplexing world of Q. Since leaving Qanon behind, Jitarth has become an invaluable resource not only to high-profile journalists but also to families who have lost loved ones to Qanon. As you'll hear, his charming vulnerability and quick wit have helped him to shine a light on the shadows of Qanon and the conspiratorial right.

Jitarth shares with Rachel why he first became consumed with Qanon, explaining the ways in which it affected his familial relationships, specifically with his father who became a Q believer as well. Rachel discusses her experience dealing with the fallout of the Qanon movement. Together they talk through the consequences of Qanon's dangerous disinformation, lamenting the human cost of its voracious growth.

Before You Go: Rachel explains the often innocuous reasons and even positive attributes that can cause people to seek community in cultic situations. Additionally, she offers insight on engaging with people whose natural desire for acceptance and status prevents them from thinking critically.

Listen to Rachel and Jitarth's conversation on Conspirituality Podcast here:
https://podcasts.apple.com/us/podcast/65-long-haul-qanon-w-rachel-bernstein-jitarth-jadeja/id1515827446?i=1000532569599

Find Rachel's book ""Now I Know: Kids Talking To Kids About Divorce..."" here:
www.amazon.com/Now-I-Know-Rachel…ein/dp/1620867893

Thanks to our newest Patreon supporters Lisa Akers and Stef CLO!!!

To help support the show monthly and sign up for cool Indoctrination shirts and tote bags, please visit:
www.patreon.com/indoctrination

Prefer to support the IndoctriNation show with a one-time donation? Use this link: www.paypal.me/indoctriNATION

You can help the show for free by leaving a rating on Spotify or Apple/ iTunes. It really helps the visibility of the show!",2022-02-12T16:57:53Z,125,https://www.youtube.com/watch?v=F6b1KK2EZbY
cLtCA7_5m1s,Thierry Casasnovas et les DéQodeurs : quand RGNR rencontre la mouvance QAnon,"Et si on assistait au rapprochement de deux dérives sectaires épinglées dans le dernier rapport de la MIVILUDES ? D’un côté, le mouvement pseudoscientifique initié par Thierry Casasnovas autour de la “Régénération” incitant les gens à se détourner de la médecine scientifique, et faisant la promotion de pratiques extrêmes comme le crudivorisme, le jeûne sec prolongé ou l’exposition au froid sans suivi médical. De l’autre, une résurgence européenne de la mouvance QAnon, très active sur les réseaux sociaux depuis deux ans, propageant une vision conspirationniste et fantasmée du monde, pouvant pousser ses adeptes à la radicalisation. 
Comment et pourquoi se fait la jonction entre ces deux sphères ? Cela aurait-il un lien avec leur croyance religieuse commune ?
Éléments de réponses en vidéo.


Chapitrage de la vidéo :
00:00 Introduction
00:35 Faux-départ
15:50 Qontact
26:42 Papa est la clé
32:25 Les nouveaux prophètes
35:33 Conclusion

POUR APPROFONDIR LE SUJET

Nos articles et vidéos en lien avec cette vidéo :
- RGNR Saison 2 – Le retour ! : https://bit.ly/3yeKBCc
- Complotisme et extrême-droite : les liaisons dangereuses ? https://bit.ly/3bHcawi
- Thierry Casasnovas : ses conseils pour les enfants https://youtu.be/d26n2SIZB9k 
- Thierry Casasnovas a-t-il recommandé l'eau de coco comme substitut au lait maternel pour les bébés ? https://youtu.be/6Z_zXHRPEcg 
- Thierry Casasnovas et l'éloignement de la médecine https://youtu.be/4FI6DPNpIDU 

Sur le prosélytisme évangélique de Thierry Casasnovas :
- Thierry CASASNOVAS (Le Syndrome Jésus) https://skeptikon.fr/w/9DRzxb5CfTrKKxRrS2ZseW par ACult
- Thierry La Fronde - Magazine Society n° 152 p.50 Paru le 25 mars 2021 https://bit.ly/3R85Kq2
- Le Nouveau péril sectaire - Livre de Jean-Loup Adénor et Timothée de Rauglaudre paru chez Robert Laffont
- Thierry Casasnovas : contraception et avortement https://youtu.be/wQzzcaqkeXI 

Sur le mouvement QAnon :
- QAnon : histoire d'un mouvement complotiste pro-Trump devenu incontrôlable - Podcast Le Parisien https://youtu.be/Gp4ouBwB5cY 
- Qanon : le mouvement complotiste pro-Trump gagne l'Europe - L'Instant M sur France Inter https://youtu.be/DNG0aeuO6zE

SOURCES
Concernant Thierry Casasnovas
- Au revoir ( Pourquoi j'arrête les vidéos Youtube ) https://youtu.be/Jzu5LrCG4k4 
- RGNR saison 2 : le retour des vidéos ! https://youtu.be/bRmKDxJl_HU 
- Le jus qui a fait trembler la matrice - RGNR.FR Saison 2 https://youtu.be/V_QUcU08Pz0 
- Questions & réponses N°124 https://youtu.be/Il4I0-jzLHk 
- LIBÉREZ L'INFO #1 - 9.06.22 https://odysee.com/@Chloe_F:b/LIBEREZ_LINFO_1:6 
- Archives de son site vivrecru.org (Questions physiologiques): https://bit.ly/3Id4Jcc
- Archives de son site vivrecru.org (Les plantes médicinales):  https://bit.ly/3NAOMOd
- Archives du site ABC de la nature : https://bit.ly/3bLmNOP
- Site RGNR : https://www.rgnr.fr/presentation.html
- Fil Telegram RGNR : https://t.me/rgnr_fr

Concernant Les DeQodeurs
- Épilogue de la Saison 1 : 2020 – 2022 (Passé, Présent et Futur) https://bit.ly/3y96jHL
- QAnon n’existe pas, Q en revanche… https://bit.ly/3a8gLqO
- Rencontre avec l'instigateur du mouvement Qanon en Europe - Reportage de Quotidien https://bit.ly/3bLXYC4
- QAnon en Suisse : au-delà des clichés pédo-satanistes - Reportage de Nouvo https://youtu.be/mMb3hUCSAeQ 
- Site des DeQodeurs : https://lesdeqodeurs.fr/

Articles cités en conclusion
- Un Américain, adepte de QAnon, accusé d’avoir tué ses deux enfants pour « sauver le monde » - 20Minutes : https://bit.ly/3bEh2Cd
- Tous les deux membres de QAnon, elle finit par le tuer, persuadée qu'il conspire contre elle - ParisMatch : https://bit.ly/3OU3HnI


NOTE
Les courts extraits utilisés dans cette vidéo appartiennent à leurs auteurs respectifs. Ils restent leur propriété intellectuelle. Ces citations sont justifiées par le caractère critique, pédagogique et d'information de l'œuvre dans laquelle elles sont incorporées. Conformément à l'article L122-5 du code de la propriété intellectuelle.
https://www.legifrance.gouv.fr/codes/article_lc/LEGIARTI000037388886/ 

MUSIQUES
- ""Enter the Maze"" Kevin MacLeod (incompetech.com)
Licensed under Creative Commons: By Attribution 4.0 License
http://creativecommons.org/licenses/by/4.0/ 

- “L’Extracteur” musique originale de Eddy Kaiser https://www.eddykaiser.com/",2022-07-05T15:00:11Z,17267,https://www.youtube.com/watch?v=cLtCA7_5m1s
L5B2GUPEjso,how they did it #QANON,,2018-09-12T17:21:56Z,404,https://www.youtube.com/watch?v=L5B2GUPEjso
3uNDIMhGTFc,Morning Chat...take What Resonates With U #maketheearthgreatagain #Qanon,,2020-09-10T12:05:07Z,406,https://www.youtube.com/watch?v=3uNDIMhGTFc
X2trxAHMHhg,QAnon Await Dead JFK,"QAnon Await Dead JFK. Kennedy did not appear, but he sent a message..
---------------------------------------------------------------------------------
#cartoonagent
---------------------------------------------------------------------------------
Follow us
Official Site: https://cartoonagent.com
Facebook: https://www.facebook.com/cartoonagent/
Instagram: https://www.instagram.com/cartoonagent/",2021-11-06T23:56:41Z,13,https://www.youtube.com/watch?v=X2trxAHMHhg
y3p-Wk_EU5c,Trump Supporters Are Clueless Of Their Own Stupidity,"Donald Trump's latest social media gaffe has sent loyal fans and QAnon supporters into a frenzy as the post gives them hope of Trump returning to power. Wosny Lambre breaks it down on Rebel HQ.

Follow Wos on
Twitter - https://twitter.com/bigwos
Instagram - https://www.instagram.com/bigwos

#WosnyLambre #News #Politics",2022-07-11T00:15:03Z,85751,https://www.youtube.com/watch?v=y3p-Wk_EU5c
xcw3SMfwp80,Jenny Hatch #Qanon,,2019-02-23T22:46:30Z,633,https://www.youtube.com/watch?v=xcw3SMfwp80
5ETdaWoLVgE,Time To Unite..the lies we live #Qanon,,2018-07-15T22:46:32Z,345,https://www.youtube.com/watch?v=5ETdaWoLVgE
pfjhBFClEJE,Did the Satanic Panic lead to QAnon? - JD Sword [SkeptiCamp 2021],"Accusations of child sacrifice and other ghastly deeds are not new. The Satanic Panic of the 1980s never really went away; it persisted and mutated in the American psyche, before coming back to prominence in the ""Pizzagate"" conspiracy theory of 2016. This was the birth of what would become QAnon.

JD Sword hosts the podcast ""The Devil in the Details,"" writes for ""Skeptical Inquirer"" and AIPT Science, and is a member of the Church of Satan.

SkeptiCamp is like a science conference, except that its content is provided by the attendees themselves! Anyone can be a presenter, as long as they can withstand the withering criticism of their peers. 

New York City Skeptics is an all-volunteer,  501(c)3 nonprofit that promotes critical thinking and science education. You can make a fully tax-deductible donation below!

https://www.nycskeptics.org/join",2022-04-27T03:27:47Z,35,https://www.youtube.com/watch?v=pfjhBFClEJE
uOh--VauDcA,#QANON messages,,2018-06-22T10:13:59Z,111,https://www.youtube.com/watch?v=uOh--VauDcA
aMAjDYyUoEM,"A lot of QAnon believers think this guy is JFK Jr who was 6’1, handsome and currently dead!",Actual footage of JFK junior. The short bus is getting longer. SMDH which asylum had a breakout?,2022-06-12T19:06:45Z,78,https://www.youtube.com/watch?v=aMAjDYyUoEM
mL29osNOUwc,"Cassady Campbell with a QAnon drop at Frisco, TX City Council","Cassady Campbell with a QAnon drop at Frisco, TX City Council",2022-05-19T04:35:14Z,5602,https://www.youtube.com/watch?v=mL29osNOUwc
xxrEBbvYfxI,QANON OR Q &amp; ANONS | LET&#39;S START FROM THE BEGINNING,"This week - Q & Anons with Bannin Shannon 

We run mainly on listener and fan support. If you like what you hear and wish to help us keep the lights on you can click the link below. We appreciate all of our members to no end. 

Join this channel to get access to perks:
https://www.youtube.com/channel/UC3Z-IIhg_-LlzhJkgOBD9lQ/join

Business inquiries - shipwreck.sunken@gmail.com 

Find our affiliate programs here
https://beardedbeancoffeecompany.com/
https://www.rogershood.com/

And check out our merch!
https://shipwreck-2.creator-spring.com/listing/shipwreck-show-flames",2022-07-10T03:27:41Z,706,https://www.youtube.com/watch?v=xxrEBbvYfxI
QBm89zfvWNs,Discord Testing Live Chat..With Chat family...mixed Chat..Qanon,"Support me at https://streamlabs.com/dollydaydream 

Join me in discord - https://discord.gg/tCryPV",2019-04-05T22:28:17Z,286,https://www.youtube.com/watch?v=QBm89zfvWNs
tELpmrNJYDI,DHS Says QAnon Followers Could Resort to Violence This Summer,"Mike Lindell is a high profile figure associated with spawning various conspiracy theories relating to the Presidential election in which Joe Biden won. Lindell has stated that he had financially backed a project that purportedly looked into the election and that the team he hired had turned up evidence that hackers in which from China had infiltrated the Arizona election via it’s network routers; he further asserts that data packets captured from these routers have revealed that such activity had in fact taken place and therefore Biden is not the legitimate President he wildly claims.
QAnon followers are growing restless — and could resort to violence, similarly as the Capitol Rioters, DHS officials have warned — as MyPillow founder Mike Lindell continues to push back a timeline for his conspiracy theory about former president Donald Trump's reinstatement to office.",2021-08-06T01:52:48Z,40,https://www.youtube.com/watch?v=tELpmrNJYDI
hS8NK_tUyNk,Dengists are the Qanon of the Left,"Sources you won't read:

China Donates $19.5 Million in Military Equipment to Philippines
https://www.thedefensepost.com/2022/01/24/china-military-equipment-philippines/

Philippines receives military equipment from China
https://www.janes.com/defence-news/news-detail/philippines-receives-military-equipment-from-china

China donates equipment to Philippine military
https://www.shephardmedia.com/news/landwarfareintl/china-donates-equipment-to-philippine-military/

LOOK: China donates P1 billion worth of equipment to PH military
https://www.rappler.com/nation/photos-china-donates-equipment-philippine-military/

China giving weapons to kill communists
https://www.philstar.com/headlines/2022/01/23/2155749/china-donates-p1-billion-military-aid-philippines

China is not a planned economy
https://www.bnnbloomberg.ca/xi-says-china-will-not-return-to-planned-economy-1.1440271

China building attack deones to kill Yemenis
https://www.scmp.com/news/china/diplomacy-defence/article/2081869/chinese-drone-factory-saudi-arabia-first-middle-east

China Developing New Attack Drones for Saudis and Others
https://www.scmp.com/news/china/military/article/3150271/china-unveil-new-reconnaissance-and-attack-drones-air-show

China defening Saudi Arabia after Yemenis strike it back.
https://www.scmp.com/news/china/diplomacy/article/3029737/china-calls-calm-aftermath-drone-strikes-saudi-oil-facilities

http://democracyandclasstruggle.blogspot.com/2018/11/how-chinese-loans-become-unrepayable-by.html

Patreon ★ https://goo.gl/TcEqJ4
Website ★ http://jasonunruhe.com/
Facebook ★ https://goo.gl/G5wDyF
Twitter ★ https://goo.gl/Cu1s9S",2022-01-27T23:00:16Z,2433,https://www.youtube.com/watch?v=hS8NK_tUyNk
lHhhuNDPzpY,"Reading Qanon Propaganda, Problems In Atheism, And More | Voicemails","00:00 - Reading Qanon propaganda
04:44 - Problems in the Atheism community/movement
10:53 - Will Qanon start their own political party?
13:25 - Is there mental illness on the right side of the political spectrum?
15:09 - What kind of apple juice do i drink?
16:15 - What's the worst cult in history?
21:36 - Why was TRUMP chosen as the messiah rather than any other republican president?
24:10 - Why would an LGBTQ person vote for the republican party?

Game Shop: https://www.etsy.com/shop/TelltaleShop

Merch Shop: https://teespring.com/stores/telltaleatheist

Facebook: https://www.facebook.com/telltaleatheist/

Patreon: https://www.patreon.com/telltaleatheist

All links to my channel can be found at http://telltaleatheist.com

Podcast on iTunes: https://podcasts.apple.com/us/podcast/telltale-atheist-podcast/id1399333418

Podcast on SoundCloud: https://soundcloud.com/user-450959803

Podcast on Google Play: https://play.google.com/music/listen?u=0#/ps/I4syo4revixssvwypbxknebgapa

Podcast on YouTube: 
https://www.youtube.com/channel/UCo6JSNp6SuUKf-yiaBQReNA



Social Media:

Patreon: http://telltaleatheist.com/patreon

Twitter: http://telltaleatheist.com/twitter

Discord:  http://telltaleatheist.com/discord

PayPal:  http://telltaleatheist.com/paypal",2021-12-07T18:00:15Z,24855,https://www.youtube.com/watch?v=lHhhuNDPzpY
EHgRNW7u5Ec,Balloon Or No Balloon Trumps Coming Anyway #Qanon,,2018-07-10T16:07:38Z,234,https://www.youtube.com/watch?v=EHgRNW7u5Ec
X2eWeJvH3Ls,Qanon - Is it a Cult?,"Could Qanon be a cult? Qanon has similar characteristics as a Cult. We discuss the potential. Thanks for sharing!

Web: www.NeverTooSerious.com
Twitter: @TheNTSPodcast
Gettr: @TheNTSPodcast
Parler: @TheNTSPodcast",2022-01-19T15:00:17Z,54,https://www.youtube.com/watch?v=X2eWeJvH3Ls
4yjpDzkMhe0,QAnon Awaits the Return of JFK Jr.,,2021-11-03T17:03:11Z,94,https://www.youtube.com/watch?v=4yjpDzkMhe0
dB2_XplN2jo,QAnon Karen Calls The Cops Because She Refuses To Wear A Mask,"#Karens
#Karen
#PublicFreakouts
#COVIDIOTS
#QAnon",2022-02-18T03:40:14Z,1393,https://www.youtube.com/watch?v=dB2_XplN2jo
45tB9LUgEy0,Just a Little Stitious Episode 6: Qanon,"Tomjhomerson, and Paige do a deep dive on Qanon. Where did the conspiracies come from? How did it become popular? Why does my congressman keep sucking my blood?


Find us on:
TikTok - JustALittleStitiousPod
Discord - https://discord.gg/863Uy56Rjk",2022-07-06T04:00:01Z,18,https://www.youtube.com/watch?v=45tB9LUgEy0
Cy1WH3hE9k4,QAnon is something greater than the American government . It’s the answer to some of our problems.,,2022-06-07T03:00:05Z,34,https://www.youtube.com/watch?v=Cy1WH3hE9k4
QKZQEGju2u8,Investigate QAnon: Muppets Most Wanted,I finally investigate the 311 out of QAnon,2020-09-04T20:35:44Z,615,https://www.youtube.com/watch?v=QKZQEGju2u8
HZhQLnREEE0,QAnon Dad Killed His Kids To Save The World From Monsters,"I breakdown the latest disastrous news from the cross section of mental illness and conspiracy theories. 
QAnon Dad Killed His Kids To Save The World From Monsters.
▶ Support my work: https://www.patreon.com/rodeslav
▶ Sign Up For A Channel Membership To Support My Work Here: https://www.youtube.com/channel/UCIyYmQOEs0vHrIqEpUlKHdw/join
▶ Twitter: @Rodeslav
Paypal: theslavicamerican@gmail.com
Cashapp: $Rodeslav

▶ Intro Music: Twilight Of The Thunder God by Amon Amarth
▶ Outro Music: Viking War Drums

▶ Bad Reading Skills:
Many have commented on my poor reading skills. There is a reason for this. 
I had a drowning accident when I was 18, which damaged the language centers of my brain and I suffer from mild aphasia. I have a hard time reading out loud. I try my best, but it is not curable with practice. No sympathy needed, just an explanation.
Learn More:
https://tactustherapy.com/what-is-aphasia/

▶ My Educational and Professional Qualifications:
Academic Training:
+ B.A in Political Science from California State University, Northridge
+ B.S in Microbiology from California State University, Northridge
+ Deep knowledge in Central and Eastern European Politics, History, and Culture
+ Deep knowledge of Classical Greek Philosophy and Logical Argumentation
+ Deep knowledge of Evolutionary Biology, Psychology, and Human Genetics
Political Experience:
+ Served as a political strategist on 3 winning Democratic State House Campaigns in California (names withheld for privacy reasons).
+ Worked for a sitting California Democratic senator's office, as a social media coordinator.
+ Served as a lobbyist for a labor union in Sacramento, California.

#QAnon #Rodeslav",2021-09-29T01:00:03Z,641,https://www.youtube.com/watch?v=HZhQLnREEE0
QIo88M1aTRI,Is QAnon a New Religious Movement? Talk by Marc-Andre Argentino,"Is QAnon a New Religious Movement? Talk by Marc-Andre Argentino for my class in the School of Religion at Queen's University. Recorded on November 10, 2020.

Marc-André Argentino is a PhD candidate in the Individualized Program (INDI) at Concordia University, Montreal. His research examines how extremist groups leverage technology to create propaganda, recruit members to ideological causes, inspire acts of violence and impact democratic institutions. He is an associate fellow at the Global Network on Extremism & Technology and an associate researcher at the Centre d'Expertise et de Formation sur les Intégrismes Religieux, les Idéologie Politique et la Radicalisation.",2020-11-10T18:56:11Z,435,https://www.youtube.com/watch?v=QIo88M1aTRI
gua3hHTQ48w,Episode 669: Pete Tells His Story And Talks QAnon/Libertarian Similarities w/ Justin Campbell,"81 Minutes

Not Safe For Work

Justin Campbell is the host the Fact Check This Podcast

Justin asked Pete to come on his show and talk about the politics in his home growing up, where Pete sees politics going forward and Pete's comparison of Libertarians waiting for a savior to show up much like the followers of QAnon did.

Today's Sponsor

THC Hemp Spot - Promo Code ""pete"" for 15% Off

https://thchempspot.com/ref/pete

Show notes and links - https://freemanbeyondthewall.libsyn.com/episode-668",2021-12-10T02:00:08Z,1158,https://www.youtube.com/watch?v=gua3hHTQ48w
tiLohKh2Ljo,EMERGENCY CRACKING OF THE SHITS: ABC Four Corners&#39; QAnon garbage,"I've cracked the shits over ABC Four Corners' QAnon/ScoMo/Burned Spy episode last night, and thought I'd share the process of cracking with you.  No, this was not a good episode.  It was bad.  Allow me to explain to you why.  I legit edited the react video down from an original 1.5 hrs so thank me pls.

https://patreon.com/tomtanuki",2021-06-15T08:31:50Z,2614,https://www.youtube.com/watch?v=tiLohKh2Ljo
-RSnc2yqYEE,Ask Crystal: Jessica Schab-fraud*Qanon*Illuminati*5D,"I guess I've been saving up a lot to talk about so fasten your seatbelts, it's all on the way.

Http://CrystalHutchens.com

Listen to my music:
Http://soundcloud.com/crystal-hutchens
Www.numberonemusic.com/Crystal Hutchens

I'm hyperactive on Mewe.com
https://mewe.com/i/crystal.hutchens2
Or join and use search to find me by my name, Crystal Hutchens. #DELETEFACEBOOK, IT IS CORRUPT. Mewe is the anti facebook...no ads, no cookies, no tracking, not now not neva. It's rawsome and I share stuff there everyday.

I tweet a little
Http://www.twitter.com/CrystalHutchens ...but mostly I am just there to see Jim Carrey's new paintings and cartoons almost everyday. Have you heard? He's awake. I wrote a script for him so if you have any connection, GET IN TOUCH. I'm Cereal!!",2018-04-11T18:52:04Z,2041,https://www.youtube.com/watch?v=-RSnc2yqYEE
a66J9QCUw-A,Dawn of JFK Jr. (and QAnon&#39;s Other Favorite Dead Celebs) w/ Steven Monacelli,"Steven Monacelli of Protean Magazine joins DOOMED with Matt Binder to talk about the big QAnon gathering in Dallas, Texas earlier this week where QAnon believers thought JFK Jr. and other dead celebrities were going to unveil that they're still alive and support Donald Trump.

Read Steven's reports on this event:
https://twitter.com/stevanzetti/status/1455338895793659910
https://www.rollingstone.com/culture/culture-news/qanon-kennedy-jfk-jr-dealey-plaza-dallas-1251929/
https://www.rollingstone.com/culture/culture-news/qanon-rolling-stones-mick-jagger-keith-richards-1253314/

Support the show: http://www.patreon.com/mattbinder",2021-11-05T04:35:49Z,3187,https://www.youtube.com/watch?v=a66J9QCUw-A
s6X7TF8Fg5U,After life..spirits and #Qanon chat,,2018-06-29T19:33:52Z,52,https://www.youtube.com/watch?v=s6X7TF8Fg5U
wfuLm5NusB8,QAnon Conspiracy Theorist/&quot;Prophet&quot; Johnny Enlow Claims Trump Has Been &quot;President Of The World&quot;,"QAnon conspiracy theorist and self-proclaimed ""prophet"" Johnny Enlow claims that people are lost in ""the fog of war"" and therefore can't see the truth, which is that for the last year, Trump has actually been President of the World: ""The proof will be forthcoming.""",2021-12-06T17:15:16Z,2332,https://www.youtube.com/watch?v=wfuLm5NusB8
mKr4k6WApGM,Courtroom EXCLUSIVE: “I Killed Franky Cali&quot; QAnon Killer Anthony Comello Confesses; NY Supreme,"Frank Cali (born Francesco Paolo Augusto Calì; March 26, 1965 – March 13, 2019), also known as ""Franky Boy,"" was an American crime boss of the Gambino crime family. Law enforcement considered Cali to have been the Gambinos' ""ambassador to Sicilian mobsters"" and had linked him to the Inzerillo Mafia family from Palermo. According to Assistant U.S. Attorney Joseph Lipton, he was ""seen as a man of influence and power by organized crime members in Italy."" Cali was shot and killed outside his home in Staten Island on March 13, 2019

Marcus Conte Reporting...
https://patreon.com/marcusconte 
https://paypal.me/theghostofbrooklyn
https://ebay.com (Marcus Conte Stickers)

SOCIAL
Marcus Conte Too (Backup) http://youtube.com/c/MarcusConteToo 
https://youtube.com/c/marcusconte
https://dlive.tv/MarcusConte
https://twitter.com/ghostofbklyn  
https://facebook.com/marcus.conte.7 
https://minds.com/marcusconte 
https://twitch.tv/marcusconte 
https://bitchute.com/channel/marcus_conte/   
https://steemit.com/@marcusconte 
https://d.tube/#!/c/marcusconte 
https://gab.ai/marcusconte

INTEL DROP shorthappylife [at] gmail [dot] com

WAKE YOURSELF UP Spiritual Enlightenment Right Here, Right Now [2012] by Marcus Conte [FREE] https://drive.google.com/file/d/0B6qVzJDsLTXqVWltT3ZCeUx1MEE
My Comedy/Rock band: https://youtu.be/pP29cwkbO8Q
My trippy meditation videos: https://www.youtube.com/channel/UCc3nYM9cu-LLHX8PpgAi4WA
Performing as The Ghost of Brooklyn (music):
https://www.youtube.com/watch?v=bsiVyFqEhX4&list=PLzZrJJlrBsjtQ9BZBQbgk8tvvdy-048vR
https://theghostofbrooklyn.blogspot.com/

CC-BY 4.0 - Logo Art by One Manc Banned

Statements of opinion on matters of public concern are constitutionally protected free speech. New York Times Co. v. Sullivan, 376 U.S. 254 (1964)",2019-10-30T20:50:59Z,1649,https://www.youtube.com/watch?v=mKr4k6WApGM
ey6_GU4ghss,Q QAnon is a ‘Domestic Terrorism Threat&#39; According To New FBI Memo,"Marcus Conte Reporting...
https://patreon.com/marcusconte 
https://paypal.me/theghostofbrooklyn
https://ebay.com (Marcus Conte Stickers)

SOCIAL
Marcus Conte Too (Backup) http://youtube.com/c/MarcusConteToo 
https://youtube.com/c/marcusconte
https://dlive.tv/MarcusConte
https://twitter.com/ghostofbklyn  
https://facebook.com/marcus.conte.7 
https://minds.com/marcusconte 
https://twitch.tv/marcusconte 
https://bitchute.com/channel/marcus_conte/   
https://steemit.com/@marcusconte 
https://d.tube/#!/c/marcusconte 
https://gab.ai/marcusconte

INTEL DROP shorthappylife@gmail.com

WAKE YOURSELF UP Spiritual Enlightenment Right Here, Right Now [2012] by Marcus Conte [FREE] https://drive.google.com/file/d/0B6qVzJDsLTXqVWltT3ZCeUx1MEE

My punk band: https://youtu.be/pP29cwkbO8Q

CC-BY 4.0 - Logo Art by One Manc Banned

Statements of opinion on matters of public concern are constitutionally protected free speech. New York Times Co. v. Sullivan, 376 U.S. 254 (1964)",2019-08-02T20:22:36Z,789,https://www.youtube.com/watch?v=ey6_GU4ghss
xE2g7mox3pU,QAnon supporters gather in Washington DC for the return of JFK (June 11 2022),QAnon supporters gather in Washington DC for the return of JFK (June 11 2022),2022-06-12T12:18:34Z,67,https://www.youtube.com/watch?v=xE2g7mox3pU
APsbyVunOnY,Qanon. Fehlgeleitete Emotionen. Malzeichen des Tieres,Qanon - Was ist dran? Wie fehlgeleitete Emotionen zum Malzeichen des Tieres führen.,2020-08-17T08:53:31Z,13084,https://www.youtube.com/watch?v=APsbyVunOnY
gJORU1Z-J_M,The Q poem by me Thankyou and world wide patriots #Qanon,,2018-09-24T22:54:11Z,134,https://www.youtube.com/watch?v=gJORU1Z-J_M
S2EcB90wcBg,"MCC Epstein Blunder, QAnon College Professor, McCabe Joins CNN, Vegan Baby Death, LARP News","Marcus Conte Reporting...
https://patreon.com/marcusconte 
https://paypal.me/theghostofbrooklyn
https://ebay.com (Marcus Conte Stickers)

SOCIAL
Marcus Conte Too (Backup) http://youtube.com/c/MarcusConteToo 
https://youtube.com/c/marcusconte
https://dlive.tv/MarcusConte
https://twitter.com/ghostofbklyn  
https://facebook.com/marcus.conte.7 
https://minds.com/marcusconte 
https://twitch.tv/marcusconte 
https://bitchute.com/channel/marcus_conte/   
https://steemit.com/@marcusconte 
https://d.tube/#!/c/marcusconte 
https://gab.ai/marcusconte

INTEL DROP shorthappylife [at] gmail [dot] com

WAKE YOURSELF UP Spiritual Enlightenment Right Here, Right Now [2012] by Marcus Conte [FREE] https://drive.google.com/file/d/0B6qVzJDsLTXqVWltT3ZCeUx1MEE
My punk band: https://youtu.be/pP29cwkbO8Q
Trippy meditation videos: https://www.youtube.com/channel/UCc3nYM9cu-LLHX8PpgAi4WA
Performing as The Ghost of Brooklyn (music):
https://www.youtube.com/watch?v=bsiVyFqEhX4&list=PLzZrJJlrBsjtQ9BZBQbgk8tvvdy-048vR
''Ghost' video: https://youtu.be/mV4LCDha4fY

CC-BY 4.0 - Logo Art by One Manc Banned

Statements of opinion on matters of public concern are constitutionally protected free speech. New York Times Co. v. Sullivan, 376 U.S. 254 (1964)",2019-08-26T13:55:19Z,1280,https://www.youtube.com/watch?v=S2EcB90wcBg
w9pW91m2cJQ,Russia + QANON = Stealing our Democracy?,"What does Russia have to do with the cries of ""fake news"" and QAnon? Are the conspiracy theories Putin's efforts to disrupt our democracy? Has Russia infiltrated our White house? Is this Putin's revenge for the fall of the USSR? Follow our evidence and you decide! 

Video 2 in this series. Like & subscribe if you find it interesting, leave a comment below or send a message to us: saverdemocracy@gmail.com
 
I want to thank my resources: PBS Wisconsin: Frontline: Putin’s Revenge, Pt 1 Sept 27, 2017 German Public Broadcasting: DW documentary; / Trump & Putin, August 8, 2020 NBC: The Ellen show, President Bush thoughts on Putin and the Press, March 2, 2017 ABC News: Unfounded 'QAnon' conspiracy theory gains traction in politics Sept 22, 2020 NBC: Today show: Trump and the Transfer of Power, Sept 24, 2020 NPR: From the Debate Stage, Sept 30, 2020 Sky News: Who Killed Russian Spy Alexander Litvinenko? Jan 28, 2015",2021-01-12T20:30:32Z,2572,https://www.youtube.com/watch?v=w9pW91m2cJQ
QUBYeYwrtSI,QANON ReAwaken America Convention Cringe Collection,"In this video we've got some exciting speakers to show you, like: 

'WE'RE HERE TO TAKE OVER' Mark Burns! 

'It needs to stop NOW!'  Leigh Dundas

'Getting his Pump On!' Jason Sisneros (aka ""The Bald Avenger"") 

 'Evolution = Bullying' Sam  Sorbo

'Holy Ghost hand grenades'  Stella Immanuel. 

R.I.P to those gl*balists' satellites. 

And the Human Cockatoo, Jim Breuer. 

Reawaken America Convention 2021 was a whole mood. 

Cryptoland, The Cryptoland Coin-tastrophe, NFT's, NFT Scams, Crypto, Crypto 2022, Crypto Scams, Crypto Fraud, Crypto fail, NFT fail, Cryptoland gets screenshotted, Cryptoland Is Embarrassing, Cryptoland presentation mirror, Cryptoland presentation, but only the parts where they say Crypto, Cryptoland Is A Nightmare, bitcoins, rat poison cryptoland, cryptoland explained, Connie, bitcoin, bitcoin fail, elon musk, elon musk fail, elon musk next investment, fake elon musk, elon musk exposed, elon musk the truth, crypto the truth, crypto exposed,Satoshi Nakamoto, crypto pardoy, nft parody, crypto satire, nft satire, crypto fail, cryptoland video, cryptoland 2022, cryptoland ytp, moonpay exposed, moonpay, jimmy fallon exposed, post malone exposed, shady moonpay, moonpay scam, cryptoland animation, norf fc, norf fc crypto, crypto explained, nfts are stupid, nfts don't work, maricoin, maricoin exposed, maricoin fail, maricoin explained, pizza express woking, prince andrew, moonpay review, spicedao, cryptoland cringe, el salvador bitcoin, bitcoin el salvador, norf, ytp cryptoland, cryptoland memes, cryptoland pardoy, cryptoland rant, quantum ai rant, quantum ai exposed, quantum ai scam, quantum ai fraud, dune crypto, crypto is my chromosome, cryptoland to the moon, cryptocurrency rant, cryptocurrency exposed, how to use bitcoin, how to use moonpay, jimmy fallon rant, jodorowsky, convention cringe, crypto convention, palace confidential, do i need a blockchain, blockchain rant, banter capital, heather morgan, stolen crypto, crypto laundering, Ilya Lichtenstein, 4.6 billion bitcoin heist, bought NFT's, how to mint, fraud probe, fraud case, nft fraud, crypto fraud, seized nfts, crypto bros, crypto bros taking Ls, crypto Ls, NFT Ls, Bitcoin Ls, elon musk is good, elon musk is bad, elon musk is a fraud, elon musk is a visionary man, next elon musk project, scammer exposed, crypto scammer, crypto scammer caught, nft scammer exposed, nft scammer caught, nft scammer, rug pull, shady crypto, shady nft, nft tiktok, crypto tiktok, tiktok fail, understand crypto fraud, noft fc funny, prince andrew pizza express interview, crypto land, spice dao, cryptoland presentation, after life, ai, elon musk ai generator, elon musk generator, elon musk text to speech, funny text to speech, fake elon musk, funny scam fail, funny fraud fail, quantum ai fraud, fiverr fraud, fiverr scam, proof of scams, proof of fraud, frudsters exposed, dune crypto, crypto bros are stupid, beware of using moonpay, 

QANON conspiracy is sadly, still going strong.  

#Cringe #QANON",2021-12-14T18:24:28Z,10074,https://www.youtube.com/watch?v=QUBYeYwrtSI
umLUtRFSep0,"Proud Boys, QAnon, The Oath Keepers, Conspiracies, Extremists and Militias",,2022-07-13T06:27:23Z,113,https://www.youtube.com/watch?v=umLUtRFSep0
unvD8SlzowU,Qanon Nut Jobs,,2021-11-03T13:40:45Z,130,https://www.youtube.com/watch?v=unvD8SlzowU
lQIbtKFq5Bg,Bill Maher and panel wrestle with QAnon pedophilia conspiracies,"Nancy MacLean, David Leonhardt and Bill Maher in one of the strangest, most awkward cringe fests I can remember on Real Time. I even bleeped a part out of self-censorial decency. They seem to struggle acknowledging rampant pedophilia while at the same time dismissing crazy right wing QAnon conspiracies. I'm setting this video as 18+ due to the nature of the discussion. I also included part of the David Mamet interview, that's the first couple minutes.",2022-04-10T23:15:06Z,171,https://www.youtube.com/watch?v=lQIbtKFq5Bg
cbLXUqQIT1Y,Tim Dillon: QAnon + Trump JRE,,2022-07-13T11:37:22Z,5,https://www.youtube.com/watch?v=cbLXUqQIT1Y
um_Xa0ncwfE,Apr 28 Dr Jerome Corsi Decodes Latest QANON Posts #1275 thru #1291,"Apr 28 Dr Jerome Corsi Decodes Latest QANON Posts #1275 thru #1291


DOWNLOAD, REPOST AND SHARE THESE VIDEOS!!!

VirtualShield, You have the right to remain private. Browse the web safely & anonymously. Built from the ground up specifically for privacy protection.
START YOUR FREE 30 DAYS TRIAL by VirtualShield
https://www.nobsu.com/r/virtualshield/


Dr. Jerome Corsi is an investigative reporter and author of many New York Times bestsellers. He is a frequent guest on talk radio shows nationally and has made repeated television appearances on Fox News, MSNBC, C-Span, CNN News and Fox Business News. Most recently you can find him on the CBTS Live Stream channel (linked below) and also catch his daily Qanon decodes here on the No B.S. U Youtube channel. Subsribe to not miss any updates.

Dr. Corsi’s most recent book is KILLING THE DEEP STATE: THE PLAN TO SAVE DONALD TRUMP. Publication Date: March 13, 2018.
PURCHASE Dr. Corsi’s Latest Book: http://amzn.to/2ESZTU7

""BE LOUD. BE HEARD."" ""BUILDING THE ARMY. Not convinced this is spreading? You, the PEOPLE, have THE POWER. You, the PEOPLE, just forgot how to PLAY. TOGETHER you are STRONG. APART you are weak. THEY WANT YOU DIVIDED. THEY WANT RACE WARS. THEY WANT CLASS WARS. THEY WANT RELIGIOUS WARS. THEY WANT POLITICAL WARS. THEY WANT YOU DIVIDED! LEARN! FOR GOD & COUNTRY - LEARN! STAY STRONG. STAY TOGETHER. FIGHT, FIGHT, FIGHT. This is more important than you can imagine.""

SUPPORT
Due to certain platforms censoring and demonizing conservative content. Help support the efforts by following, subscribing, donating, and becoming a supporter via links below.

https://www.reddit.com/r/CBTS_Stream/
https://8ch.net/greatawakening/index.html
https://discord.gg/QyKFRKe
https://qanonposts.com/
https://qanonmap.github.io/?

Twitter:
https://www.twitter.com/cbts_stream/
https://www.twitter.com/jerome_corsi
https://www.twitter.com/nobsu
 
YouTube:
CBTS 24/7 LIVESTREAM: https://www.youtube.com/channel/UCWW3gYCvKS412p7o6qSK5gg
DR. Corsi: https://www.youtube.com/jrlcorsi

Website:
https://www.nobsu.com/

Dr. Corsi’s most recent book is KILLING THE DEEP STATE: THE PLAN TO SAVE DONALD TRUMP. Publication Date: March 13, 2018.
PURCHASE Dr. Corsi’s Latest Book: http://amzn.to/2ESZTU7",2018-04-28T22:27:53Z,17143,https://www.youtube.com/watch?v=um_Xa0ncwfE
J0iT84BhL2w,QAnon Killer: His Cell Phone &amp; Computer Hold The Answer (Anthony Comello),"https://patreon.com/marcusconte 
https://paypal.me/theghostofbrooklyn
https://ebay.com (Marcus Conte Stickers)

SOCIAL
Marcus Conte Too (Backup) https://www.youtube.com/channel/UCJGxgqG2Veh4Xu245xlrt6A/featured?view_as=subscriber
https://youtube.com/c/marcusconte
https://dlive.tv/MarcusConte
https://twitter.com/ghostofbklyn  
https://facebook.com/marcus.conte.7 
https://minds.com/marcusconte 
https://twitch.tv/marcusconte 
https://bitchute.com/channel/marcus_conte/   
https://steemit.com/@marcusconte 
https://d.tube/#!/c/marcusconte 
https://gab.ai/marcusconte

INTEL DROP shorthappylife@gmail.com

WAKE YOURSELF UP Spiritual Enlightenment Right Here, Right Now [2012] by Marcus Conte [FREE] https://drive.google.com/file/d/0B6qVzJDsLTXqVWltT3ZCeUx1MEE

CC-BY 4.0 - Logo Art & Select Music by One Manc Banned

Statements of opinion on matters of public concern are constitutionally protected free speech. New York Times Co. v. Sullivan, 376 U.S. 254 (1964)",2019-04-24T17:45:35Z,1022,https://www.youtube.com/watch?v=J0iT84BhL2w
ztGJDkMRQsI,More lies from msm...#QANON,,2018-06-24T15:24:48Z,244,https://www.youtube.com/watch?v=ztGJDkMRQsI
Tk1Zx06Axik,Knowing Right From Wrong..and Tommy Qanon 2.8.18,,2018-08-02T16:52:04Z,846,https://www.youtube.com/watch?v=Tk1Zx06Axik
iffeR6GvLs4,QAnon KILLER Anthony Comello Had NO Mob Ties; All Roads Lead To His Q Obsession,"SUPPORT
https://patreon.com/marcusconte 
https://paypal.me/theghostofbrooklyn
https://ebay.com (Marcus Conte Stickers)

SOCIAL
Marcus Conte Too (Main Backup) https://www.youtube.com/channel/UCJGxgqG2Veh4Xu245xlrt6A/featured?view_as=subscriber
https://youtube.com/c/marcusconte
https://twitter.com/ghostofbklyn  
https://facebook.com/marcus.conte.7 
https://minds.com/marcusconte 
https://twitch.tv/marcusconte 
https://bitchute.com/channel/marcus_conte/   
https://steemit.com/@marcusconte 
https://d.tube/#!/c/marcusconte 
https://gab.ai/marcusconte

INTEL DROP shorthappylife@gmail.com

WAKE YOURSELF UP Spiritual Enlightenment Right Here, Right Now [2012] by Marcus Conte [FREE] https://drive.google.com/file/d/0B6qVzJDsLTXqVWltT3ZCeUx1MEE

CC-BY 4.0 - Logo Art & Select Music by One Manc Banned

Statements of opinion on matters of public concern are constitutionally protected free speech. New York Times Co. v. Sullivan, 376 U.S. 254 (1964)",2019-04-03T17:14:11Z,944,https://www.youtube.com/watch?v=iffeR6GvLs4
IShgst8QR1E,US election misinformation: What is QAnon and how much of a threat is it to democracy?,"QAnon followers have been flooding social media with false information about the 2020 U.S. presidential election, ensuing confusion that is spilling over from the online world into the real world. 
 
The unfounded internet conspiracy theory alleges the world is run by a cabal of satan-worshiping pedophiles including Democratic politicians and Hollywood celebrities running a global child sex-trafficking ring.

At its core, the far-right conspiracy theory claims it is only U.S. President Donald Trump  who can get “deep state” leaders arrested in what they call “The great awakening.”

But with QAnon going mainstream, how detrimental is the far-right conspiracy theory and how much of a threat is it to democracy?

Emanuela Campanella explains. 

This video is part of a three-part series on misinformation in the U.S. presidential election: https://globalnews.ca/news/7425408/qanon-misinformation-donald-trump-us-election/ 

Subscribe to Global News Channel HERE: http://bit.ly/20fcXDc
Like Global News on Facebook HERE: http://bit.ly/255GMJQ
Follow Global News on Twitter HERE: http://bit.ly/1Toz8mt
Follow Global News on Instagram HERE: https://bit.ly/2QZaZIB
#GlobalNews #misinformation #QAnon",2020-10-28T15:02:00Z,118607,https://www.youtube.com/watch?v=IShgst8QR1E
c5S9CSXo-Oc,The Cult of QAnon - Travis View | The Open Mind,"QAnon Anonymous host Travis Views discusses QAnon conspiracy theorists, what motivates them, and their political goals.

(Taped: 2/21/20)

Premiered in May 1956, Open Mind was created and hosted by Richard D. Heffner, American historian, broadcaster, and University Professor of Communications and Public Policy at Rutgers, the State University of New Jersey. Fifty years after its first broadcast,  Open Mind continues with a new host, Mr. Heffner's grandson, Alexander Heffner. Open Mind as a weekly public affairs program was designed to elicit guests' most meaningful insights into the challenges Americans face in a variety of contemporary areas of national concern.

Watch more The Open Mind at CUNY TV https://tv.cuny.edu/show/openmind

Subscribe to the CUNY TV channel:  https://bit.ly/2GmGb13 
Subscribe to the Series Playlist: https://bit.ly/2VN8oc9

Follow CUNY TV:
Facebook: https://www.facebook.com/CUNYTV
Twitter: https://twitter.com/cunytv
Instagram: https://www.instagram.com/cuny_tv/
YouTube: https://www.youtube.com/user/cunytv75 
LinkedIn: https://www.linkedin.com/company/cunytv/

Find more from CUNY TV at https://tv.cuny.edu

OPEN19048",2020-04-26T13:00:17Z,148014,https://www.youtube.com/watch?v=c5S9CSXo-Oc
Ca2DSsuE7jI,"Trump, QAnon and The Return of Magic","Get ""This is Not a Conspiracy Theory"": http://thisisnotaconspiracytheory.com
Help me make more videos: http://www.patreon.com/kirbyferguson
For more information: http://thisisnotaconspiracytheory.com",2020-08-03T17:00:11Z,89049,https://www.youtube.com/watch?v=Ca2DSsuE7jI
FUAKjmAZAuA,QAnon: Blood Libel for the Digital Age with Stephanie Kemmerer,"QAnon, the ultimate baseless conspiracy theory, first emerged in 2017 as a rehashing of the equally ridiculous PizzaGate conspiracy from 2016. But its true origins – and in fact – the true origin of most conspiracy theories is much older than that. Long before the Satanic Panic of the West Memphis Three, the McMartin Preschool Trial, the Martinsville Nightmare and the abduction of paperboy Johnny Gosch – with its possible ties to the Franklin Community Federal Credit Union in Omaha; lies the medieval source of QAnon: The Blood Libel Myth. The popularity of QAnon, PizzaGate and WayfairGate demonstrates the ability of dangerous ideas to persist through the ages. QAnon not only updates this myth for the modern age, but it has also utilized modern technology to proliferate; spreading like a virus, damaging lives and destroying Democracy. With its unique blend of online riddles contained in Nostradamus-like posts and its usage of Trump as the ultimate hero, QAnon has tested our society – and in fact the world – in ways no other modern conspiracy theory has. Its followers manifest symptoms of what could only be described as ‘collective schizophrenia.’ Calling themselves ‘Digital Soldiers,’ members of the QAnon cult wage ‘meme wars’ from behind their computers; and recently several have emerged from beyond their computers, committing dangerous crimes in real life. (IRL) This discussion will focus on the origin of QAnon and demonstrate how destructive it is and ultimately, that it must not be taken lightly or ignored.

Stephanie Kemmerer is a researcher and writer for the podcast, Even the Podcast Is Afraid and an occasional contributor for the Southern Oddities podcast, both owned by Ordis Studios. She currently resides in Sunnyvale, California, and is interested in true crime, the paranormal, politics and conspiracy culture. The podcast is available on all streaming services. The website is https://www.ordisstudios.com/  Her Twitter handle is @mcpasteface

This talk took place on February 4th, 2021 and was part of Skeptical Inquirer Presents. Learn more at skepticalinquirer.org/presents",2021-02-05T15:02:08Z,3612,https://www.youtube.com/watch?v=FUAKjmAZAuA
KeJHlZsbimQ,Michael Flynn appears to endorse QAnon coup conspiracy,"Michael Flynn, former President Donald Trump's first national security adviser, appeared to endorse a Myanmar-style coup in the United States on Sunday.
For months, QAnon and Trump-supporting online forums have celebrated the deadly military coup in Myanmar and suggested the same should happen in the United States so Trump could be reinstated as President.
Flynn made the comments at an event in Dallas on Sunday that was attended by prominent peddlers of the QAnon conspiracy theory and the Big Lie.
""I want to know why what happened in Minamar (sic)can't happen here?"" a member of the audience, who identified himself as a Marine, asked Flynn.
""No reason, I mean, it should happen here. No reason. That's right,"" Flynn responded.
A message posted to a Parler account used by Flynn on Monday claimed Flynn's words had been twisted and that he was not calling for a coup.
Lawyer Sidney Powell, who has represented Flynn in the past, said Monday that he had in no way encouraged ""any act of violence or any military insurrection."" She claimed the media had ""grossly distorted"" Flynn's comments. She did not explain why Flynn had answered the question the way he did.
CNN's Donie O'Sullivan has more.
#DonieOSullivan #CNN #NewDay",2021-06-01T13:41:49Z,207212,https://www.youtube.com/watch?v=KeJHlZsbimQ
22d6tRXxVeg,QAnon Shaman - Jake Angeli - Interview - ORF,"Jake Angeli - You all know who Q is?

Interview from 2020 in Arizona",2021-01-07T03:38:00Z,455150,https://www.youtube.com/watch?v=22d6tRXxVeg
r_CAu6OAv6o,Eddie Bravo: QAnon is Real!,"Taken from Fight Companion 01/9/20 w/Bryan Callen, Eddie Bravo, and Brendan Schaub: https://youtu.be/fM5IYSZeGCY",2020-01-10T20:00:06Z,789933,https://www.youtube.com/watch?v=r_CAu6OAv6o
5mCRU21yEN8,Wow Jfk Jr.... Qanon,,2018-07-20T11:20:14Z,6821,https://www.youtube.com/watch?v=5mCRU21yEN8
Nc5mRzEARgw,Qanon researchers Frudeau&#39;s loose movements when Rushin image board breaks,"Is this the real life**HO**?
Is this just fantasy**HO**?
Caught in a landside**--LARP--**,
No escape from reality
Open your eyes**--LARP--**,
Look up to the skies and see**--LARP--**,
I'm just a poor boy**--LARP--**, I need no sympathy**--LARP--**,
Because I'm easy come**--LARP--**, easy go**--LARP--**,
Little high**--LARP--**, little low**--LARP--**,
Any way the wind blows doesn't really matter to
Me**--LARP--**, to me
Mamaaa**--LARP--**,
Just killed a man**--LARP--**,
Put a gun against his head**--LARP--**, pulled my trigger**--LARP--**,
Now he's dead
Mamaaa**--LARP--**, life had just begun**--LARP--**,
But now I've gone and thrown it all away
Mama**--LARP--**, oooh**--LARP--**,
Didn't mean to make you cry**--LARP--**,
If I'm not back again this time tomorrow**--LARP--**,
Carry on**--LARP--**, carry on as if nothing really matters
Too late**--LARP--**, my time has come**--LARP--**,
Sends shivers down my spine**--LARP--**, body's aching all
The time
Goodbye**--LARP--**, everybody**--LARP--**, I've got to go**--LARP--**,
Gotta leave you all behind and face the truth
Mama**--LARP--**, oooh
I don't want to die**--LARP--**,
I sometimes wish I'd never been born at all.
I see a little silhouetto of a man**--LARP--**,
Scaramouch**--LARP--**, Scaramouch**--LARP--**, will you do the Fandango!
Thunderbolts and lightning**--LARP--**, very**--LARP--**, very frightening me
Galileo**--LARP--**, Galileo
Galileo**--LARP--**, Galileo
Galileo**--LARP--**, Figaro - magnificoo
I'm just a poor boy nobody loves me
He's just a poor boy from a poor family**--LARP--**,
Spare him his life from this monstrosity
Easy come**--LARP--**, easy go**--LARP--**, will you let me go
Bismillah! No**--LARP--**, we will not let you go
(Let him go!) Bismillah! We will not let you go
(Let him go!) Bismillah! We will not let you go
(Let me go) Will not let you go
(Let me go)(Never) Never let you go
(Let me go) (Never) let you go (Let me go) Ah
No**--LARP--**, no**--LARP--**, no**--LARP--**, no**--LARP--**, no**--LARP--**, no**--LARP--**, no
Oh mama mia**--LARP--**, mama mia**--LARP--**, mama mia**--LARP--**, let me go
Beelzebub has a devil put aside for me**--LARP--**, for me**--LARP--**,
For meee
So you think you can stop me and spit in my eye
So you think you can love me and leave me to die
Oh**--LARP--**, baby**--LARP--**, can't do this to me**--LARP--**, baby**--LARP--**,
Just gotta get out**--LARP--**, just gotta get right outta here
Nothing really matters**--LARP--**, Anyone can see**--LARP--**,
Nothing really matters**--LARP--**,
Nothing really matters to me
Any way the wind blows...",2022-07-13T02:50:43Z,4,https://www.youtube.com/watch?v=Nc5mRzEARgw
PzJFhcwQXe4,Trump The Deception?...#WWG1WGA #QANON,,2019-02-23T22:10:28Z,1284,https://www.youtube.com/watch?v=PzJFhcwQXe4
3e4AOydSGTw,They Are Getting Caught In Their Own Lies #WWG1WGA  #QANON,,2020-06-07T17:48:23Z,832,https://www.youtube.com/watch?v=3e4AOydSGTw
vNzKs-0WzR4,Where am i....Qanon,,2018-09-13T13:55:16Z,560,https://www.youtube.com/watch?v=vNzKs-0WzR4
CfJPtfP8XZw,Qanon Q=R =jfk Jr,,2018-07-18T21:33:43Z,3154,https://www.youtube.com/watch?v=CfJPtfP8XZw
I-2Cnc0KNMk,jfk jr we see you QANON,,2018-09-21T08:44:16Z,2190,https://www.youtube.com/watch?v=I-2Cnc0KNMk
zlZEZ0goYBM,Stand Up In The Light..Trump..Jfk jr And Qanon,Support the stream: https://streamlabs.com/dollydaydream,2019-07-17T13:41:27Z,517,https://www.youtube.com/watch?v=zlZEZ0goYBM
NwVakRYvOi0,jackie and jfk not a conicidence Qanon,,2018-11-02T11:40:19Z,871,https://www.youtube.com/watch?v=NwVakRYvOi0
G1d18WNBqVo,Trump Whitehouse Speech 23.7.18...Q&amp;R Qanon 24.7.18,,2018-07-24T09:27:47Z,653,https://www.youtube.com/watch?v=G1d18WNBqVo
eqpNj_baN4o,Vincent Fusca ..jfk Jr...R Qanon,,2018-07-21T20:10:55Z,14154,https://www.youtube.com/watch?v=eqpNj_baN4o
ucYK4nFGQT0,Q And R chat Jfk Jr...Qanon,,2018-07-20T22:46:59Z,755,https://www.youtube.com/watch?v=ucYK4nFGQT0
hLoXJX-aipQ,Question everything and research yourself..Qanon,Support the stream: https://streamlabs.com/dollydaydream,2019-06-23T21:18:17Z,637,https://www.youtube.com/watch?v=hLoXJX-aipQ
ip6Rd91qV4g,Nicola tesla..Trump 5G..Energy..Qanon....,,2019-02-24T20:23:51Z,542,https://www.youtube.com/watch?v=ip6Rd91qV4g
yOgMiM1hdS0,QMAP #QANON,,2018-06-22T10:24:06Z,237,https://www.youtube.com/watch?v=yOgMiM1hdS0
tAh9YGi0P-0,Chit Chat..do You Remember And Qanon,,2018-07-09T15:45:34Z,164,https://www.youtube.com/watch?v=tAh9YGi0P-0
q3M7n4Y2teA,Could It Be/Qanon JFK jr 18.7.18,"I'm really starting to think this is ""The Plan"" did JFK JR fake his death
Please go watch The mile high podcast and find the link on his channel to the 8 Chan research boards",2018-07-18T21:08:03Z,537,https://www.youtube.com/watch?v=q3M7n4Y2teA
D1XaGl3hy7E,Shut down of space observatory #QANON #WWG1WGA,,2018-09-15T13:10:19Z,1281,https://www.youtube.com/watch?v=D1XaGl3hy7E
9LHg6MITLTU,When Did You Wake Up #QANON,,2018-06-21T22:28:20Z,163,https://www.youtube.com/watch?v=9LHg6MITLTU
QuaaZt42wOE,Hot And Sticky With Qanon,,2018-06-27T13:55:13Z,244,https://www.youtube.com/watch?v=QuaaZt42wOE
3MsNqJDz7TE,Check It Out...flat earth &amp; Qanon,,2019-03-12T20:01:28Z,414,https://www.youtube.com/watch?v=3MsNqJDz7TE
NQtbKRCX7Tc,The Ghost Of JFK JR Qanon,,2018-07-20T13:00:14Z,1328,https://www.youtube.com/watch?v=NQtbKRCX7Tc
cABXgDC4Byo,Unite together stop dividing...research...Qanon,,2019-02-12T13:01:14Z,222,https://www.youtube.com/watch?v=cABXgDC4Byo
uW6UKCNE0Qw,to all u none Q believers #Qanon,,2018-09-22T22:10:08Z,2467,https://www.youtube.com/watch?v=uW6UKCNE0Qw
t_z8oUef7VY,Fiction vs Reality #Qanon,,2018-08-25T20:49:23Z,724,https://www.youtube.com/watch?v=t_z8oUef7VY
OB7gNxZnSuw,"Save the Children: QAnon, the Blood Libel, and Witch-hunts (Eve Siebert)","Many QAnon proponents believe in a vast conspiracy by Democrats, celebrities, the Deep State, pizza parlors, and butterfly sanctuaries to kidnap, molest, traffic, mutilate, and murder children and to drain them of their sweet, sweet blood. Such accusations are not new, however. They have, for instance, affinities with the Satanic Panic accusations that roiled many countries in the 1980s and 90s.

But the story is much older than the late twentieth century. It ultimately derives from two parallel and mutually reinforcing strands of defamatory claims aimed at religious minorities. One is the Blood Libel, the belief that Jews annually choose a Christian child to be murdered for any number of contradictory reasons. The first Blood Libel accusation was made in the middle of the twelfth century, and it has never really gone away.

The other strand of accusations is older. It was initially used against Christians during the Roman Empire, but it was later recycled by the Church and deployed against the wrong kind of Christians, particularly heretical sects. Later the same accusations became central to the great witch-hunts of the late medieval and early modern periods. As with the Blood Libel, these accusations have remained with us in various forms, constantly resuscitated like a B-movie Dracula whenever some group needs to be dehumanized as an existential threat to Christianity, nationalism, or Christian nationalism.

Eve Siebert has a Ph.D. in medieval English literature from Saint Louis University. She has contributed to the Skeptical Humanities blog, ""Skeptic"" magazine’s Insight blog, the Skepticality podcast, and the Virtual Skeptics webcast. She is an adjunct professor at Stockton University.

View expressed in this live presentation are those of the speaker and do not necessarily reflect the views of the National Capital Area Skeptics.",2022-03-13T08:01:10Z,1175,https://www.youtube.com/watch?v=OB7gNxZnSuw
4p5HZkZV1gQ,Is Q (#QAnon) the Red Pill ?,"Is Q (#QAnon) the Red Pill ?

Who or What is Q?  As an alternative source of ""What's Really Going On"" vis-a-vis the Main Stream Media (MSM) propaganda, does Q represent a path towards #TheGreatAwakening that many Patriots and Truth-Seekers are searching for, believing and following? Can we handle the Truth? Is Q the Red Pill?

Here are resources to discover and understand the Q phenomena and ""What's Really Going On"" in our world:

(1) ""Q - The Plan To Save The World REMASTERED"" and ""Q - Killing the Mockingbird""  and ""Q - We Are The Plan"" and ""Q - Dark To Light"" by JoeM ""StormisUponUs"" 
https://www.youtube.com/watch?v=KVeDKuHPDK8 and https://www.youtube.com/watch?v=80s5xuvzCtg and https://www.youtube.com/watch?v=MRtEgdgj_XQ and https://www.youtube.com/watch?v=NGuyUyRBsA4 
Perhaps the best, big-picture summary of the ""Q message/Plan"" and the great danger we face as expressed from the (to-date anonymous) Q-team.These four, short videos, are recommended to be viewed first to grasp the importance and the great urgency of Q for everyone. #WWG1WGA

(2) ""Q For Beginners Part 1 - Who is Q?"" by ""prayingmedic"" https://www.youtube.com/watch?v=5vYqqH3-xFY&feature=youtu.be
This is an excellent and straight-forward, no-nonsense journalist briefly explaining and introducing the Q (or QAnon) phenomenon.

(3) https://qanon.pub  -  Here please find all of the up-to-date, #QAnon posts. Across the internet, there are many high-quality sources to help understand and decode the content of #QAnon. Two favorites are: prayingmedic (youtube channel: https://www.youtube.com/user/prayingmedic and website:  https://prayingmedic.com/ ) and https://twitter.com/Jordan_Sather_ (Jordan's youtube channel: https://t.co/ki6dS6Qxbx ).

Music and Graphics Resources:

(1) ""Stars"" from Les Miserables by Sean and Scott Holshouser from https://www.youtube.com/watch?v=kLntt0vYrWA

(2) ""Do You Hear the People Sing"" from Les Miserables by Treorchy Male Choir from https://www.youtube.com/watch?v=_EQr5nzSiTM

(3) ""Les Mis - Do You Hear the People Sing"" from Les Miserables by Baldwin-Wallace College Musical Theatre students from https://www.youtube.com/watch?v=UXqkYU676eU

(4) Q-cards - The beautiful cards were made by an anonymous Artist(s?) to help synthesise while quickly and visually explaining some of the many subjects shared in the over 4000 #Qanon posts to date. 

Please note - This video was created and published unlisted for friends and family in March, 2018 and publicly in August by lgflower. There are 120+ Q-cards - at least 10 more than included here.",2018-08-04T21:37:52Z,12820,https://www.youtube.com/watch?v=4p5HZkZV1gQ
JVp3AqoJ6RI,Jfk Jr And Numerology Adds Up To R..Qanon,,2018-07-21T01:03:23Z,2092,https://www.youtube.com/watch?v=JVp3AqoJ6RI
HqUgMGx1o3g,Still Believe..jfk Jr And Carolyn Are Here Qanon,Boogey belief bigfoot,2018-08-17T20:56:58Z,5459,https://www.youtube.com/watch?v=HqUgMGx1o3g
fIA0Tpm7yM4,"Rising Of Conciouness,Vibration,Frequncey Of Humanity..Qanon",,2020-03-21T15:41:24Z,285,https://www.youtube.com/watch?v=fIA0Tpm7yM4
vhH47qld6IA,QAnon conspiracy theorist Tim Stewart and son Jesse on Patriot Transition Voice,Read more at Crikey: https://www.crikey.com.au/2021/06/14/short-history-pm-tim-stewart-qanon-australia/,2021-06-14T05:46:14Z,1319,https://www.youtube.com/watch?v=vhH47qld6IA
Cfd4xCXO9C8,After Life..tesla..Qanon,,2018-06-29T21:31:34Z,217,https://www.youtube.com/watch?v=Cfd4xCXO9C8
b58A760T4ws,Qanon is back let the Grifting begin,"https://youtube.com/channel/UCgzcfqseWYoJjprxt49rsfA
spooky show season 2 pls sub
10 pm est



https://dlive.tv/therealdaveycrocko


support 

https://cash.app/$crockotruth",2022-06-26T10:18:50Z,159,https://www.youtube.com/watch?v=b58A760T4ws
O0oJ6rDCcaA,Looky Here..jfk JR Qanon 27.7.18,,2018-07-27T08:16:05Z,4148,https://www.youtube.com/watch?v=O0oJ6rDCcaA
EFGaB21am0s,Nows More Important Than Then..WWG1WGA QANON,,2018-08-17T20:35:43Z,755,https://www.youtube.com/watch?v=EFGaB21am0s
vCJYVL6QWPE,What is Qanon and Is Q Real ? For Beginners Share with Family &amp; Friends,"JENNIFER MAC’s be deliciously healthy® NEWS at https://www.thejennifermac.com


VISIT https://107DAILY.COM (NEW PLATFORM to find JenniferMac!!!)


Jennifer Mac also on RUMBLE https: https://rumble.com/JenniferMac


BOOK - KID BY THE SIDE OF THE ROAD
https://gumroad.com/l/kidbythesideoftheroad


PEACHES VIDEO (The Perfect Day)
https://youtu.be/R6q78jxvE3I


IT’S GOING TO BE BIBLICAL VIDEO
https://youtu.be/j39qe-pgL-k


CHOOSE THIS DAY
https://youtu.be/MbIPGrBQqIU",2018-10-15T23:27:31Z,37109,https://www.youtube.com/watch?v=vCJYVL6QWPE
ObsT7VwR6cw,NEWS: What is Qanon? Qanon Explained | #Qanon | Almas Jacob,"#whatisqanon #qanon #qanonexplained



Technical Almas Jacob Channel Link: https://www.youtube.com/channel/UCofRMbAjA2XCKidI2X9euOw


NEWS: What is Qanon? Qanon Explained | #Qanon | Almas Jacob


NEWS: What is Qanon? Qanon Explained | #Qanon | Almas Jacob
-------------------------------------------------------------------------------------------
Follow Me On FaceBook: https://web.facebook.com/WeAreWatchersEndTimesNWO

Follow Me On Instagram: https://www.instagram.com/almasjacoblive

Follow Me On TikTok: https://vm.tiktok.com/p2QxDc

Follow Me On Pinterest: https://www.pinterest.com/rickyjacob_1988

Join Our Telegram Channel: t.me/almasjacoblive

----------------------------------------------------------------------------------------------------------
Facts: What They Don't Tell You About | Bill Gates 2020 | Mark Of Beast | END TIMES | ABP NEWS
https://youtu.be/HkxMq9IR2O0
Facts: What They Don't Tell You About | Gray State Movie | New World Order | 
https://youtu.be/RgD-OAwsOl8
Facts: What They Don't Tell You About | Corona Virus | 2020 | Urdu/Hindi
https://youtu.be/Op9ctT68kGg
Facts: What They Don't Tell You About | 29 April 2020 Nasa | Nasa 29th April 2020 | Hindi | Urdu
https://youtu.be/fxsnLDLFjP8

------------------------------------------------------------------------------------------------------------------------
rahul gandhi | george soros | abhishek sagar | vladtv | technical sagar | lebron james |",2021-03-17T13:45:01Z,26791,https://www.youtube.com/watch?v=ObsT7VwR6cw
FbUfxz92eyQ,More On Vincent Fusca Aka Jfk Jr Qanon THEGREATAWAKENING 22.7.18,,2018-07-22T21:33:59Z,8016,https://www.youtube.com/watch?v=FbUfxz92eyQ
KvECwPSxSio,"QAnon Tim Stewart and son Jesse Stewart on now-deleted YouTube channel, Patriot Transition Voice.",Read more: https://www.crikey.com.au/2021/06/14/short-history-pm-tim-stewart-qanon-australia/,2021-06-13T23:38:17Z,1627,https://www.youtube.com/watch?v=KvECwPSxSio
7Xruw0y5uto,RWW News: QAnon Conspiracy Theorist Scott McKay Vows to Wage War on Doctors and Nurses,"https://www.rightwingwatch.org/post/this-is-world-war-iv-qanon-conspiracy-theorist-scott-mckay-vows-to-wage-war-on-doctors-and-nurses/

Right Wing Watch reports on the extreme rhetoric and activities of key right-wing figures and organizations by showing their views in their own words. In this clip, QAnon conspiracy theorist Scott McKay (aka Patriot Streetfighter) declares war on health care providers, accusing them of using COVID-19 to ""kill our people.""",2022-01-19T17:18:00Z,2148,https://www.youtube.com/watch?v=7Xruw0y5uto
3CTkrQAFplA,Judeo-Christian Neocon QAnon PsyOp Exposed,"Major General Paul E Vallely has many interesting links to major events in US history - From the authoring of  Psy Ops to MindWar with Michael Aquino, founding of USAISA that are linked to Delta Force, inserting himself into Plamegate in an attempt to help the disgraced Scooter Libby, being hired as the head of military analysts by Fox News the week after 9/11, being recruited to be part of the Pentagon's military analyst program to propagandize the public into supporting an invasion of Iraq in 2003, to his involvement in promoting unhinged conspiracy theories in the alternative media community including trying to legitimize QAnon. Oh...and his links to CNP and Russia.

Paul E Vallely wiki - https://en.wikipedia.org/wiki/Paul_E._Vallely

Paul E Valley profile on Militarist Monitor https://militarist-monitor.org/profile/paul-vallely/

SourceWatch profile on Paul E Vallely https://www.sourcewatch.org/index.php?title=Paul_E._Vallely

Retired Major General Paul E Vallely interview with Pete Santilli https://www.bitchute.com/video/RvSxjpOBjIMb/

Blackwater's Christian Crusaders - Keith Olbermann https://www.youtube.com/watch?v=Kq6E0MIeGvQ

The DeVos Dynasty: A Family of Extremists https://www.americanprogress.org/issues/default/news/2017/01/23/296947/the-devos-dynasty-a-family-of-extremists/

Richard and Helen DeVos Foundation
https://en.wikipedia.org/wiki/Richard_and_Helen_DeVos_Foundation

Retired Major General Paul E Vallely interview on Americanuck Radio 
https://www.spreaker.com/user/icrn/americanuck-radio-20191014?fbclid=IwAR3Ikh2f0Ni7r8UJn_lE0u48ERBiBnNYGJe16evmJLQiQRMEyeIA4WN_8gk#

Jerusalem Summit https://militarist-monitor.org/profile/jerusalem_summit/

Plamegate - https://en.wikipedia.org/wiki/Plame_affair

Two years into leak investigation, Gen. Vallely suddenly claims, in contradictory statements, that Wilson revealed Plame's identity to him
https://www.mediamatters.org/war-iraq/two-years-leak-investigation-gen-vallely-suddenly-claims-contradictory-statements-wilson

Trump Pardons Scooter Libby https://www.nytimes.com/2018/04/13/us/politics/trump-pardon-scooter-libby.html

Pentagon military analyst program https://www.sourcewatch.org/index.php/Pentagon_military_analyst_program

From Psyops To Mindwars by Colonel Paul E Vallely (Commander) and Michael Aquino (PSYOPS and Research Team Leader) https://projectspeak.net/from-psyop-to-mindwar-the-psychology-of-victory-by-paul-e-vallely-michael-a-aquino

Michael Aquino Says MindWar Came From Esalen’s Transformation Project and the Russians https://vimeo.com/179318378

Intelligence Support Activity (USAISA / Army of Northern Virginia) https://en.wikipedia.org/wiki/Intelligence_Support_Activity

TruNews connections https://podimo.com/en/shows/15ed0028-5952-45b2-a415-c4fba7602546
TRUNEWS 6/12/14: Ret. MG Paul E. Vallely, Claire Lopez https://www.blogtalkradio.com/trunews/2014/06/12/trunews-61214-ret-mg-paul-e-vallely-claire-lopez

Retired Army General To Tea Party Group: I Would Lead A Coup Against The U.S. Government
https://archive.thinkprogress.org/retired-army-general-to-tea-party-group-i-would-lead-a-coup-against-the-u-s-government-43a91f51de8a/

Paul E Vallely Valdai Club - https://valdaiclub.com/about/experts/5298/

U.S. General: Trump won’t take confrontational approach with Russia https://www.rbth.com/international/2017/03/03/us-general-trump-wont-take-confrontational-approach-with-russia_712923

Make sure you check out the website https://www.exposetheenemy.com/ and The AnteDote podcast. You can become a patron here https://www.patreon.com/Theantedote

Jaleel https://www.bitchute.com/channel/4cmxFm2SX0fg/
John Brisson - https://www.youtube.com/channel/UC7vqQJCxvXl2tZ_V5P-gYJQ",2020-11-18T18:00:29Z,7188,https://www.youtube.com/watch?v=3CTkrQAFplA
y3kVr2GdTN8,Remote Viewing Qanon: Final Session! Artificial Intelligence,"https://www.patreon.com/EdwardRiordanRemoteViewing

This is the final session of the Q project. 

If anyone would like to contribute to my work, please do so here:
https://www.paypal.me/EdwardRiordan",2018-09-22T13:42:44Z,17155,https://www.youtube.com/watch?v=y3kVr2GdTN8
k0CEhszmZo8,"Q RABBIT HOLE Explained; Qanon Q Q-Anon, Russia-HillaryGate, Party-ReformGate","https://www.patreon.com/MarcusConte
Stickers https://www.ebay.com/itm/142905828315
https://www.gofundme.com/conte-for-united-states-senate-ny
http://www.PayPal.Me/TheGhostOfBrooklyn

Watch: https://youtu.be/omtkAvyURvE
Watch: https://youtu.be/X5FKTTFsTxg

Marcus Conte for United States Senator for New York:
- 100% Election Justice & Integrity
- Reduce Military Spending By 80%
- Raise The Corporate Tax Rate To 80%
- Cap Individual Income Tax @ 10% or Less
- Make Tax Evasion & Tax Avoidance Illegal Again
- Make Taking Bribes & Bribing Politicians Illegal Again 
- FREE Universal Single Payer Healthcare For All
- FREE College Tuition at City & State Universities
- Expunge (Delete) All Student Loan Debt
- Convert US Power Grid to 100% Wind & Solar by 2024
- Term Limits for both House & Senate (2 - two-year terms max)
- Public Hand Counted Paper Ballots at Every Election
- Close the FBI & CIA
- Raise The Minimum Wage To A Living Wage 
- End Mass Incarceration And The Poverty Draft
- Legalize All Drugs
- Restore Our Full Right To Bear Arms

https://twitter.com/GhostOfBklyn
https://www.facebook.com/marcus.conte.7 
https://www.minds.com/MarcusConte
https://gab.ai/MarcusConte
https://www.bitchute.com/channel/marcus_conte/ 
https://steemit.com/@marcusconte 

My Other Works,
WAKE YOURSELF UP Spiritual Enlightenment Right Here, Right Now [2012] 
[PDF for FREE] https://drive.google.com/file/d/0B6qVzJDsLTXqVWltT3ZCeUx1MEE/view
[AMAZON $1]: https://www.amazon.com/WAKE-YOURSELF-UP-Spiritual-Enlightenment-ebook/dp/B008XDGGPE/ref=sr_1_1?ie=UTF8&qid=1522602720&sr=8-1&keywords=marcus+conte+Wake+yourself+up 
https://www.amazon.com/Marcus-Conte/e/B008XQV8DQ/ref=sr_ntt_srch_lnk_2?qid=1534085299&sr=8-2

The Ghost Of Brooklyn [FREE]
https://www.youtube.com/channel/UCFumdL9Y0mY5FKj0TJNZde
https://youtu.be/bsiVyFqEhX4

Conte v DSNY 101058 / 2016 - NY Supreme Court 
DECISION [AD1]: http://www.nycourts.gov/reporter/3dseries/2018/2018_02252.htm
PDF: https://drive.google.com/file/d/1wOprzG6Agf9290yEwMXOYMsCXKDd7mBi/view?usp=sharing
CONTE REPLY BRIEF https://drive.google.com/open?id=1GL0WmOFmOWGHtu9U6jYmr1Zw52iq19Lf 
NY SENATOR MARTY GOLDEN LETTER 12-19-17 https://drive.google.com/open?id=1CYuLNTd-7ayRYnAGOfU-whSl_niVp1sM
DSNY RESPONSE BRIEF https://drive.google.com/open?id=1nIEXoQQlCsrpEtx83f6cUhrlPxp8FiV3
DSNY RESPONSE APPENDIX https://drive.google.com/open?id=1IMw6r-3PZZbvFyUKXEWSCmKYH5wIPci_
CONTE APPEAL BRIEF https://drive.google.com/open?id=0B4rQOtvT_OGRRzNldFV2T2UtQW8 
CONTE APPEAL [APPENDIX] https://drive.google.com/open?id=0B4rQOtvT_OGRMmY3Y19CWEctMDg
_
Statements of opinion on matters of public concern are constitutionally protected free speech. New York Times Co. v. Sullivan, 376 U.S. 254 (1964)",2018-09-21T14:49:23Z,816,https://www.youtube.com/watch?v=k0CEhszmZo8
tX4IpR5D7aE,"Qanon, Trump   Der Kabbalistische Apokalyptische Kult","Qanon erwähnte nicht ein einziges mal SELBST ""CABAL"" ,
er zitierte nur Gerüchte!

Q hat nicht einmal sein SEHR ERSTES VERSPRECHEN erfüllt !!!!
Hillary Clinton ist immer noch noch frei! Wenn Q ihre Festnahme für 30 Oktober 2017 vorausgesagt hat!

Trump ist FREUND mit Bill Gates, den Clintons, Epstein…
Trump ist Pro Impfung, Pro 5G Technologie und Wissenschaft!
Trump hat keine Macht über Amerika !!!

Q anon ist KONTROLLIERTE OPPOSITION! Feind für die Wahrheit!

Fanatische Anhänger des Qanon-Kultes kommen mit ihren Mantras überall hin, um die Fakten zu zerstören und die Menschen zu verwirren!

Video in English: https://youtu.be/zjn45ObFJAo

Video en Français: https://youtu.be/LhltFUNyCVo",2020-05-05T13:19:53Z,39439,https://www.youtube.com/watch?v=tX4IpR5D7aE
Cr1LLrZAB3M,Qanon Public forum,"@r0nd0n, @globocop @dylanlouismonroe and @aggroed all come together to discuss Q and what's going on in the world especially regarding the Deep State take down.  They/we discuss potential upside and downside of Q.",2018-04-21T19:48:40Z,236,https://www.youtube.com/watch?v=Cr1LLrZAB3M
N9gQS9HOU6s,The joker... Jesus...Qanon...Trump,#The joker #Jesus #Qanon #mkultra #donniedarko,2020-12-07T03:25:59Z,34,https://www.youtube.com/watch?v=N9gQS9HOU6s
84fk2g5LIlA,Guess What Just got dropped 😎 #Qanon,,2019-03-07T22:13:20Z,1499,https://www.youtube.com/watch?v=84fk2g5LIlA
8SZD9FAd59s,Why Is Tommy Important/Trump/Qanon/Freedom For Humanity,,2018-06-26T18:10:50Z,258,https://www.youtube.com/watch?v=8SZD9FAd59s
qz2S4cLYulI,Qanon follower freakouts over covid mandates,"#qanon #trump #covid 19


Antivaxx and Qanon follower anti vaxxers freakouts over covid vaccine mandates on school board meeting, compare it to nazi Germany he also attacks doctor fauci
 
guys subscribe for more content

guys like my facebook page = https://m.facebook.com/Dunkeymedia/?v=feed&paipv=1&_rdr


#news #anti vaxx #covid 19 #fauci #trump


guys subscribe for more content",2022-01-19T13:47:39Z,18317,https://www.youtube.com/watch?v=qz2S4cLYulI
bRmOVb2rABs,The upcoming alien (fallen angels) deception - newage - qanon lies,,2022-07-10T17:39:14Z,470,https://www.youtube.com/watch?v=bRmOVb2rABs
q9Ylji3hxHI,Is Q (Qanon) JFK JR?,"Did JFK JR. stage his death in order for a plan to unfold perfectly and unite the WORLD from the corruption and enslavement we find ourselves in today?

Host: Dan Hohlfeld
Guest: Michelle Wolfe 
Michelle's Channel►https://tinyurl.com/y82a2t8o

8 Chan►https://tinyurl.com/ybt3u8gz
Q Plan to save the world►https://tinyurl.com/yalcyl3f
Kennedy Burial site►https://tinyurl.com/ybocdnq6
Trump Lights Out►https://tinyurl.com/y8bx4fa3
VINCENT FUSCA (Kennedy) @ Trump Rally►https://tinyurl.com/yby984g2

Gift by PayPal►K2d4network@gmail.com

FOR MORE VISIT US AT►http://k2d4network.com
DTube►http://bit.ly/2GuqOTT
BitChute►http://bit.ly/2peX99T
FACEBOOK►http://www.facebook.com/K2D4network/
Voice Mail►+1 (256) 510-5234

Google Play►http://bit.ly/2H13xYF
Apple Podcast►https://apple.co/2FkADWc
Spotify►https://tinyurl.com/ybcnfako

► Camera Used◄ 
○ Panasonic HC-VX981 on Amazon (affiliate link): http://amzn.to/2hdikr5

Theme Song

“Art Now” 
by Alex
http://ccmixter.org/files/AlexBeroza/30344

2011 - Licensed under
Creative Commons
Attribution (3.0)
https://creativecommons.org/licenses/by/3.0/",2018-07-21T01:44:34Z,204978,https://www.youtube.com/watch?v=q9Ylji3hxHI
qEYgnhqsZxY,"Twitter Targets QAnon, War Over Masks Continue, NYC ‘worst place to do business&#39;","http://marcusconte.com 
https://patreon.com/marcusconte 
https://paypal.me/theghostofbrooklyn
https://ebay.com (Marcus Conte Stickers)
Marcus Conte Reporting...

SOCIAL
Marcus Conte News http://youtube.com/c/MarcusConteToo 
https://youtube.com/c/marcusconte
https://www.bitchute.com/channel/x4BN6j0IulWg/
https://dlive.tv/MarcusConte
https://twitter.com/ghostofbklyn  
https://facebook.com/marcus.conte.7 
https://minds.com/marcusconte 
https://twitch.tv/marcusconte 
https://steemit.com/@marcusconte 
https://d.tube/#!/c/marcusconte 
https://gab.ai/marcusconte

INTEL DROP shorthappylife [at] gmail [dot] com

WAKE YOURSELF UP Spiritual Enlightenment Right Here, Right Now [2012] by Marcus Conte [FREE] https://drive.google.com/file/d/0B6qVzJDsLTXqVWltT3ZCeUx1MEE
My Comedy/Rock band: https://youtu.be/pP29cwkbO8Q
My trippy meditation videos: https://www.youtube.com/channel/UCc3nYM9cu-LLHX8PpgAi4WA
Performing as The Ghost of Brooklyn (music):
https://www.youtube.com/watch?v=bsiVyFqEhX4&list=PLzZrJJlrBsjtQ9BZBQbgk8tvvdy-048vR
https://theghostofbrooklyn.blogspot.com/

Logo Art by One Manc Banned

Statements of opinion on matters of public concern are constitutionally protected free speech. New York Times Co. v. Sullivan, 376 U.S. 254 (1964)",2020-07-22T14:19:34Z,909,https://www.youtube.com/watch?v=qEYgnhqsZxY
uGkPTMaIAQ4,AMERICA&#39;S FALSE MAGA QANON PROPHETS CALLED OUT BY TRUE PROPHET..,,2022-07-12T18:23:35Z,7,https://www.youtube.com/watch?v=uGkPTMaIAQ4
