video_id,title,description,date,fav_count,url
M8clZP-PI2Y,Tourette Syndrome is...,,2018-01-24T19:33:57Z,283339,https://www.youtube.com/watch?v=M8clZP-PI2Y
8brbjfNX8ck,2-Minute Neuroscience: Tourette Syndrome,"In this video, I discuss what is hypothesized to occur in the brain to cause Tourette syndrome, a disorder characterized by recurrent involuntary movements or sounds called tics.

For an article (on my website) that discusses Tourette syndrome more in-depth, click this link: https://neuroscientificallychallenged.com/posts/know-your-brain-tourette-syndrome

TRANSCRIPT:

Tourette syndrome is characterized by recurrent involuntary movements or sounds called tics. Tics can be classified as simple or complex. Simple tics usually involve only one group of muscles, and might consist of actions like eye blinking or throat clearing. Complex tics are more elaborate, and might involve actions like reaching out to touch something or the involuntary use of obscene language, which is known as coprolalia. It’s worth noting that coprolalia, while often associated with Tourette syndrome, is actually thought to occur in less than 20% of cases.

The neuroscience of Tourette syndrome is still poorly understood, but a number of studies suggest an important role for a group of structures known as the basal ganglia, which includes the: caudate, putamen, globus pallidus, substantia nigra, and subthalamic nucleus. The basal ganglia are involved in diverse brain functions, but they are especially relevant to Tourette syndrome for their hypothesized role in suppressing unwanted actions. 

According to this perspective, one function of basal ganglia circuitry is to inhibit neurons in the thalamus and prevent them from sending undesired movement-related signals to the motor cortex. In Tourette syndrome, it’s thought that faulty inhibitory mechanisms in the basal ganglia may fail to stop unwanted signals from reaching the cortex. This causes the execution of an action that the patient might prefer to suppress, forming the basis for tics. The failed inhibition in the basal ganglia is thought to be coupled with increased activity in motor pathways that generate movements. Thus, patients with Tourette’s might experience a problematic combination of high motor activity that generates habitual patterns of behavior, along with abnormally low inhibitory activity that would normally keep those behaviors from being acted out. More research needs to be done, however, to fully elucidate the neural circuitry underlying the disorder.

REFERENCES:

Jahanshahi M, Obeso I, Rothwell JC, Obeso JA. A fronto-striato-subthalamic-pallidal network for goal-directed and habitual inhibition. Nat Rev Neurosci. 2015 Dec;16(12):719-32. doi: 10.1038/nrn4038. Epub 2015 Nov 4.

McNaught KS, Mink JW. Advances in understanding and treatment of Tourette syndrome. Nat Rev Neurol. 2011 Nov 8;7(12):667-76. doi: 10.1038/nrneurol.2011.167.

Robertson MM, Eapen V, Singer HS, Martino D, Scharf JM, Paschou P, Roessner V, Woods DW, Hariz M, Mathews CA, Črnčec R, Leckman JF. Gilles de la Tourette syndrome. Nat Rev Dis Primers. 2017 Feb 2;3:16097. doi: 10.1038/nrdp.2016.97.",2021-01-10T11:18:22Z,171729,https://www.youtube.com/watch?v=8brbjfNX8ck
1w8lPOgFxt4,"Tourette&#39;s syndrome &amp; tic disorders - definition, symptoms, diagnosis, treatment","What are tic disorders? The DSM-V classifies three different tic disorders: Tourette's syndrome, persistent vocal or motor tic disorder, and provisional tic disorder. Find more videos at http://osms.it/more.

Hundreds of thousands of current & future clinicians learn by Osmosis. We have unparalleled tools and materials to prepare you to succeed in school, on board exams, and as a future clinician. Sign up for a free trial at http://osms.it/more.

Subscribe to our Youtube channel at http://osms.it/subscribe.  

Get early access to our upcoming video releases, practice questions, giveaways, and more when you follow us on social media:
Facebook: http://osms.it/facebook
Twitter: http://osms.it/twitter
Instagram: http://osms.it/instagram

Our Vision: Everyone who cares for someone will learn by Osmosis.
Our Mission: To empower the world’s clinicians and caregivers with the best learning experience possible. Learn more here: http://osms.it/mission

Medical disclaimer: Knowledge Diffusion Inc (DBA Osmosis) does not provide medical advice. Osmosis and the content available on Osmosis's properties (Osmosis.org, YouTube, and other channels) do not provide a diagnosis or other recommendation for treatment and are not a substitute for the professional judgment of a healthcare professional in diagnosis and treatment of any person or animal. The determination of the need for medical services and the types of healthcare to be provided to a patient are decisions that should be made only by a physician or other licensed health care provider. Always seek the advice of a physician or other qualified healthcare provider with any questions you have regarding a medical condition.",2017-01-11T20:02:40Z,482214,https://www.youtube.com/watch?v=1w8lPOgFxt4
oFoVIC8e9lE,Radical Surgery Cures Teen of Tourette&#39;s Syndrome (04.01.11),"Dr. Richard Besser on a radical surgery that has turned one teen's life around.  For more, go here: http://abcnews.go.com/Health/story?id=7627574&page=1",2011-04-01T16:26:49Z,642824,https://www.youtube.com/watch?v=oFoVIC8e9lE
3roWss5sNas,Inside Tourette Syndrome,"A rare, unique disorder comes with all sorts of misconceptions. NBC4 introduces you to a little boy who tells you what Tourette syndrome is really all about.",2011-05-20T02:48:20Z,5936,https://www.youtube.com/watch?v=3roWss5sNas
MbGJ0AETwzQ,A Tourette Conversation: Hayley Gripp and Eric McGowan,"Two young adults, Hayley Gripp and Eric McGowan, sit down to speak about their lives living with Tourette Syndrome. Hayley Gripp discusses her diagnosis experience, co- occurring conditions, CBIT, and how she manages her symptoms by creating a more positive environment through education. Similarly, Eric McGowan discusses how he addresses his symptoms with others through honesty about his diagnosis. The young adults bond over managing their symptoms through doing what they love, music and cooking.



""There are days I hate my diagnosis and days where I think I wouldn't trade it for the world."" -Hayley Gripp",2018-06-07T19:01:32Z,98177,https://www.youtube.com/watch?v=MbGJ0AETwzQ
gs7niKHqoVk,Living with TOURETTE Syndrome: My Story,"Today, I'm going to talk about my experience living with Tourette syndrome.

For over 15+ years, I’ve been answering commonly asked questions and sharing admissions strategies to help you get into your dream program. 

And to provide you with even more helpful admissions resources, we decided to launch the Shemmassian Academic Consulting YouTube channel in 2019! 📺

However, as the channel grows, I've been receiving more and more questions about my repetitive facial movements or tics. Some of you have even correctly identified Tourette syndrome as the cause of these tics!

In this video, I'll answer questions including: 
-What is Tourette syndrome? 
-When was I diagnosed with Tourette syndrome?
-What is it like living with Tourette syndrome?

I hope you find it valuable. And if you have any questions, please leave them in the comments. I'd be happy to answer them.

-Dr. Shirag Shemmassian, Founder of Shemmassian Academic Consulting",2020-03-06T07:00:03Z,149613,https://www.youtube.com/watch?v=gs7niKHqoVk
TSiVameZBn4,What Causes Tourette Syndrome? ft. Mayim Bialik,"Tourette Syndrome is often misunderstood. Mayim Bialik from The Big Bang Theory joins us to discuss!
CHECK OUT MAYIM'S CHANNEL! ►► https://www.youtube.com/watch?v=j6Zto2tHQiI

Subscribe: https://bit.ly/SubLifeNoggin | Get your exclusive Life Noggin merch: http://keeponthinking.co 
 
Support Life Noggin on Patreon: https://patreon.com/LifeNogginStudios 
 
Follow Life Noggin!
Facebook: https://facebook.com/LifeNoggin/?ref=br_rs
Instagram: https://instagram.com/lifenoggin/
Twitter: https://twitter.com/lifenoggin
Official Website: https://lnstudios.co/
 
Watch More Life Noggin:
Latest Uploads: https://youtube.com/watch?v=4A6XkYpmidU&list=PL8L0MzSk_V6JtEDRfRMyb6rFd1acqYSlO
Big Questions: https://youtube.com/watch?v=rJTkHGXMdb0&list=PL8L0MzSk_V6LtaKh-Eqj7Cs4Tmf5iQPx4
Outer Space: https://youtube.com/watch?v=rJTkHGXMdb0&list=PL8L0MzSk_V6IPWXQvW3Exk9bqGzOdj8Qq
Inside the Human Body: https://youtube.com/watch?v=FVnnM6hZ7Wk&list=PL8L0MzSk_V6JoZQ-Sy3eK2rjiDsamxCQs 
Popular Videos: https://youtube.com/watch?v=1bVfzBD-40E&list=PL8L0MzSk_V6IYeU-cNGR6NYHW19GMiPNy 
 
We are LIFE NOGGIN! An animated and educational web show designed to teach you all about your awesome life and the brain that makes you able to live it! We answer questions about everything from inside the human body to deep outer space. Stay tuned for more videos on every Monday and Thursday! Keep On Thinking. 
 
Life Noggin Team:
Director/Voice - Pat Graziosi: http://lifenogg.in/PatGraziosi 
Executive Producer - Ian Dokie: http://instagram.com/iandokie 
Director of Marketing - Jared Oban: http://lifenogg.in/JaredOban 
Animation by Robert Grisham
Written by Sophie Bakoledis
 
Sources:
https://www.mayoclinic.org/diseases-conditions/tourette-syndrome/diagnosis-treatment/drc-20350470 
https://www.tourette.org/about-tourette/overview/living-tourette-syndrome/bullying-issues/ 
https://www.cdc.gov/ncbddd/tourette/bullying.html 
https://www.cdc.gov/features/tourette-syndrome/index.html 
https://www.ninds.nih.gov/Disorders/Patient-Caregiver-Education/Fact-Sheets/Tourette-Syndrome-Fact-Sheet 
https://www.tourette.org/about-tourette/overview/what-is-tourette/ 
https://www.mayoclinic.org/diseases-conditions/tourette-syndrome/symptoms-causes/syc-20350465 
https://my.clevelandclinic.org/health/diseases/5554-tourette-syndrome 
https://www.tourette.org/about-tourette/overview/what-is-tourette/#1461071628539-4f1f68e0-cd8d 
https://www.mayoclinic.org/diseases-conditions/tourette-syndrome/diagnosis-treatment/drc-20350470 
https://www.cdc.gov/features/tourette-syndrome/index.html 
https://www.mayoclinic.org/diseases-conditions/tourette-syndrome/symptoms-causes/syc-20350465 
https://my.clevelandclinic.org/health/diseases/5554-tourette-syndrome 
https://www.rd.com/health/conditions/tourette-syndrome-brain-surgery/ 
http://thewireless.co.nz/articles/what-it-s-like-to-have-tourette-syndrome",2018-06-11T13:00:05Z,636320,https://www.youtube.com/watch?v=TSiVameZBn4
1W59lr9sBww,11-Year-Old&#39;s Battle with Tourette Syndrome,"Danielle started noticing a change in her 7-year-old’s behavior, which eventually led to a Tourette diagnosis. Now at age 11, Bianca and her mom are learning what life with the syndrome is all about.

Subscribe to The Doctors: http://bit.ly/SubscribeTheDrs
Like us on Facebook: http://bit.ly/FacebookTheDoctors
Follow us on Twitter: http://bit.ly/TheDrsTwitter
Follow us on Instagram: http://bit.ly/InstagramTheDoctorsTV
Follow us on Pinterest: http://bit.ly/PinterestTheDrs

About The Doctors:

The Doctors is an Emmy award-winning daytime talk show hosted by ER physician Dr. Travis Stork, plastic surgeon Dr. Andrew Ordon and OB-GYN Dr. Nita Landry.

The Doctors helps you understand the latest health headlines, such as the ice bucket challenge for ALS and the Ebola outbreak; delivers exclusive interviews with celebrities dealing with health issues, such as Lamar Odom, Teen Mom star Farrah Abraham, reality stars Honey Boo Boo and Mama June, and activist Chaz Bono; brings you debates about health and safety claims from agricultural company Monsanto and celebrities such as Jenny McCarthy; and shows you the latest gross viral videos and explains how you can avoid an emergency situation. The Doctors also features the News in 2:00 digest of the latest celebrity health news and The Doctors’ Prescription for simple steps to get active, combat stress, eat better and live healthier. 

Now in its eighth season, The Doctors celebrity guests have included Academy Award Winners Sally Field, Barbra Streisand, Jane Fonda, Marcia Gay Harden, Kathy Bates and Marisa Tomei; reality stars from Teen Mom and The Real Housewives, as well as Kris Jenner, Caitlyn Jenner, Melissa Rivers, Sharon Osbourne, Tim Gunn and Amber Rose; actors Jessica Alba, Christina Applegate, Julie Bowen, Patricia Heaton, Chevy Chase, Kristin Davis, Lou Ferrigno, Harrison Ford, Grace Gealey, Cedric the Entertainer, Valerie Harper, Debra Messing, Chris O’Donnell, Betty White, Linda Gray, Fran Drescher, Emmy Rossum, Roseanne Barr, Valerie Bertinelli, Suzanne Somers; athletes Magic Johnson, Apolo Ohno and Danica Patrick; musicians Tim McGraw, Justin Bieber, Clint Black, LL Cool J,  Nick Carter, Kristin Chenoweth, Paula Abdul, Gloria Gaynor, La Toya Jackson, Barry Manilow, Bret Michaels, Gene Simmons and Jordin Sparks; and celebrity chefs Wolfgang Puck, Guy Fieri and Curtis Stone.",2017-11-03T07:26:38Z,4065611,https://www.youtube.com/watch?v=1W59lr9sBww
Sopr-D5GaA4,Acting with Tourette&#39;s Syndrome,"Acting is a discipline of discipline. Hit your marks, nail your lines — it's all about control and timing. Gardiner Comfort is an actor who was diagnosed with Tourette's syndrome as a child. For Comfort, it's all about owning his disorder. ""When I'm acting I don't tic. It kind of just goes away and says, 'Go ahead and take a break, do what you love, and I'll be waiting for you when you come back.'''

SUBSCRIBE: https://goo.gl/vR6Acb

Follow us behind the scenes on Instagram: http://goo.gl/2KABeX
Make our acquaintance on Facebook: http://goo.gl/Vn0XIZ
Give us a shout on Twitter: http://goo.gl/sY1GLY
Visit our world directly: http://www.greatbigstory.com

Great Big Story is a video network dedicated to the untold, overlooked & flat-out amazing. Humans are capable of incredible things & we're here to tell their stories. When a rocket lands in your backyard, you get in.",2015-11-10T07:00:00Z,96418,https://www.youtube.com/watch?v=Sopr-D5GaA4
vBF5qgisiSU,Tourette Syndrome: The First Step is Learning About The Condition,"The challenges faced as a result of having Tourette Syndrome (TS) and Tic Disorders can have a tremendous toll on the individual. In this video, Davide has #TouretteSyndrome and is showcasing what it's like to be misunderstood due to a lack of understanding of the condition. In an effort to raise #Tourette awareness, please visit tourette.org for resources and information to help educate your local communities and beyond.

Special thanks to AIST Onlus Italian Association for Tourette Syndrome, in partnership with Watermelon Film and Animation, for the shared use of this creative as a means to raise Tourette Syndrome Awareness globally.",2021-04-15T16:35:36Z,120788,https://www.youtube.com/watch?v=vBF5qgisiSU
rqu6GaNwlFw,"Impulse Control, Aggression and Anger Outbursts in Tourette Syndrome","Impulse Control, Aggression and Anger Outbursts in Tourette Syndrome, taken from the DVD, ""Hot Topics in Evaluation, Treatment and Management of Tourette Syndrome and CO-occurring Conditions""; available through the Tourette Association.
John Walkup, M.D., Child and Adolescent Psychiatrist @ Johns Hopkins Hospital, TSA/MAB Chairman
Samuel Zinner, M.D., Pediatrician @ University of Washington School of Medicine
Tanya Murphy, M.D., Ph.D., Child Psychiatrist @ the University of Florida
Lawrence Scahill, MSN, Ph.D., Nurse Practitioner of Child Psychiatry 
Jorge Juncos, M.D., Neurologist @ Emory University School of Medicine
Cathy Budman, M.D., Adult Psychiatrist @ North Shore University Hospital LIJ Health System  
Discuss Impulse Control, Aggression and Anger Outbursts in Tourette Syndrome",2016-05-17T19:03:49Z,12532,https://www.youtube.com/watch?v=rqu6GaNwlFw
Ch8Jt1Zgnnc,&quot;How Do You Live With Tourette&#39;s&quot; Short Documentary Tourette Association,"A compassionate 15-year-old Olivia interviews 5 other children — Bradley, Ethan, Jessie, Max and Nicky — as they can all relate to being diagnosed with the misunderstood neurobiological disorder called Tourette Syndrome. They talk candidly about their struggles, the anguish of being “different,” receiving the diagnosis and their often embarrassing symptoms and tics caused by this life-tormenting condition. They discuss their experiences being bullied because of their uncontrollable movements and sounds, the stigma of having the disorder, and their desire to just fit in at school. Olivia asks them what their future holds, and what they hope will change when they reach adulthood.  Produced by the Tourette Association and the Matlin family, this short documentary has been featured at film festivals and has been shown at numerous Tourette Association events since it was filmed in 2011.",2015-08-21T14:17:33Z,40604,https://www.youtube.com/watch?v=Ch8Jt1Zgnnc
icp_alKTc94,What I wish people knew about living with Tourette Syndrome,,2017-07-12T18:23:24Z,99722,https://www.youtube.com/watch?v=icp_alKTc94
qP7p7392AaI,TikTok &amp; Tourette Syndrome,"Doctors say twitching, verbal outbursts, involuntary repetitive movements and sounds are connected to the social media site TikTok. These symptoms seem to match up with Tourette syndrome.",2022-01-26T13:37:17Z,2847,https://www.youtube.com/watch?v=qP7p7392AaI
2tmbFZUW1V8,Tourette&#39;s Syndrome-Free Teen: &#39;Dreamed&#39; of This Day (04.01.11),"Rob Lettieri says tics have vanished after radical surgery cured his Tourette's.  For more, go here: http://abcnews.go.com/Health/story?id=7627574&page=1",2011-04-01T16:27:12Z,43440,https://www.youtube.com/watch?v=2tmbFZUW1V8
CBVJdI4yk7A,Living with Tourette&#39;s | Lillian Rose and Jennifer Friedman | TEDxUCSD,"Dr. Friedman serves as Clinical Professor of Neurosciences and Pediatrics at University of California San Diego.  Her patient, Lillian Rose, was diagnosed with Tourette Syndrome at 7 years old, and since then has developed an interest in neuroscience.  In her talk, Lillian discusses her experience in controlling her tics as well as seeking how to understand it better.


Lillian Rose, 17, was born and raised in San Diego, California. She was diagnosed with Tourette Syndrome at 7 years old, and since then has developed an interest in neuroscience. She underwent treatment for her Tourette's when she was 15 in a therapy called Cognitive Behavioral Intervention for Tics, or CBIT. CBIT helped her develop skills to feel more in control of her tics and has given her a more positive outlook on life. 

Dr. Friedman serves as Clinical Professor of Neurosciences and Pediatrics at University of California San Diego. Outside of Rady/UCSD, Dr Friedman in partnership with the Del Mar Heights Elementary School, developed the Understanding Differences program to improve understanding of and tolerance toward those with disabilities.

This talk was given at a TEDx event using the TED conference format but independently organized by a local community. Learn more at http://ted.com/tedx",2016-07-27T14:47:00Z,86872,https://www.youtube.com/watch?v=CBVJdI4yk7A
tPHhUXfVnis,Introduction to Tourette Syndrome,"In this clip, Ellen Meyers, M.S., M.Ed., Tourette Association Education Committee member, gives a 28 minute overview of Tourette Syndrome that assists educational professionals with identifying symptoms and creating effective strategies. 

This clip is taken from the DVD, ""Tourette Syndrome in the Classroom, School and Community"" which is available through the Tourette Association. Funding for this DVD was made possible by the cooperative agreement award number 1U38DD000727-01 from the Centers for Disease Control and Prevention and the presentation was generously supported by the Quantum Foundation, Palm Beach County, FL.",2015-09-23T15:04:07Z,11902,https://www.youtube.com/watch?v=tPHhUXfVnis
yJ5M3bqJYcA,Treating The Most Severe Cases Of Tourette&#39;s Syndrome,"Fighting Chance (2014): In this moving report, we meet a family who have to decide whether their son should undergo life-threatening brain surgery, in a last-ditch attempt to stop his Tourette's in its tracks.

For similar stories, see: 
Summer Camp With A Difference: Everyone Has Tourette's
https://www.youtube.com/watch?v=eI436WsMf2A
The Rock Band Proving That Autism's Got Talent
https://www.youtube.com/watch?v=vSWBzZ2VNPk
Robo Surgery - Surgery
https://www.youtube.com/watch?v=vU_4zhph93w

Subscribe to journeyman for daily uploads: 
http://www.youtube.com/subscription_center?add_user=journeymanpictures
For downloads and more information visit:
http://www.journeyman.tv/film/6075/fighting-chance

Like us on Facebook:
https://www.facebook.com/journeymanpictures
Follow us on Twitter:  
https://twitter.com/JourneymanVOD
https://twitter.com/JourneymanNews
Follow us on Instagram:
https://instagram.com/journeymanpictures

""I feel terrible when I hurt them. I feel like, 'Why am I doing this?'. I feel terrible."" 14-year-old Zack Lamb has one of the most severe cases of Tourette Syndrome in the US. He involuntarily hits out at his family in violent rages. ""When he was in a biting mode, he actually took a chunk right out of my arm"", attests his father. With these tics worsening, their situation is desperate. The only procedure that might bring Zack and his family some peace, is a risky operation that involves planting an electrical device, deep in his brain. But can they find a surgeon willing to perform it? ""Right now we are just playing Russian roulette with medicine.""

SBS Australia – Ref. 6075

Journeyman Pictures is your independent source for the world's most powerful films, exploring the burning issues of today. We represent stories from the world's top producers, with brand new content coming in all the time. On our channel you'll find outstanding and controversial journalism covering any global subject you can imagine wanting to know about.",2016-09-08T09:22:55Z,114559,https://www.youtube.com/watch?v=yJ5M3bqJYcA
fvz82E4YqMc,Tourette Syndrome: What Makes People Tic?,"Tourette Syndrome in popular culture is often simplified to a poorly timed foul mouth, but that’s only a small part of the story—or sometimes not part of the story at all.

Hosted by: Hank Green
----------
Support SciShow by becoming a patron on Patreon: https://www.patreon.com/scishow
----------
Dooblydoo thanks go to the following Patreon supporters:
Kelly Landrum Jones, Sam Lutfi, Kevin Knupp, Nicholas Smith, D.A. Noe, alexander wadsworth, سلط الخليفي, Piya Shedden, KatieMarie Magnone, Scott Satovsky Jr, Bella Nash, Charles Southerland, Bader AlGhamdi, James Harshaw, Patrick Merrithew, Patrick D. Ashmore, Candy, Tim Curwick, charles george, Saul, Mark Terrio-Cameron, Viraansh Bhanushali, Kevin Bealer, Philippe von Bergen, Chris Peters, Justin Lentz
----------
Looking for SciShow elsewhere on the internet?
Facebook: http://www.facebook.com/scishow
Twitter: http://www.twitter.com/scishow
Tumblr: http://scishow.tumblr.com
Instagram: http://instagram.com/thescishow
----------
Sources:
https://www.cambridge.org/core/journals/developmental-medicine-and-child-neurology/article/an-international-perspective-on-tourette-syndrome-selected-findings-from-3500-individuals-in-22-countries/AD18D4141485E421D73FA6968EA7805D
http://pediatrics.aappublications.org/content/102/1/14.short
http://onlinelibrary.wiley.com/doi/10.1111/ene.12207/full
https://emedicine.medscape.com/article/1182258-clinical
https://www.ncbi.nlm.nih.gov/pmc/articles/PMC4035756/
http://www.sciencedirect.com/science/article/pii/S014976348880054X
https://www.ncbi.nlm.nih.gov/pubmed/24295617 
https://www.researchgate.net/profile/Vahdet_Guel/publication/281369301_Tourette's_Syndrome_Following_Severe_Head_Trauma_Sustained_during_Adolescence_A_Case_Report/links/564d683e08aefe619b0deae8.pdf
https://academic.oup.com/brain/advance-article-abstract/doi/10.1093/brain/awx204/4091478
https://www.nhs.uk/conditions/tourettes-syndrome/causes/",2018-02-01T20:00:04Z,254155,https://www.youtube.com/watch?v=fvz82E4YqMc
A1ZhZWb4bpc,School Life with Tourette Syndrome,"Kaden from the recent show on A&E, Raising Tourette's, talks about school life and challenges with Tourette Syndrome and co-occurring conditions like Depression and Anxiety. He also has some tips to help make school a better environment for those with Tourette.",2019-01-09T15:45:19Z,3502,https://www.youtube.com/watch?v=A1ZhZWb4bpc
tLZuBRmMPYs,PROFESSIONALS— Behavior Therapy for Tourette Syndrome in Kids &amp; CBIT (PART 5),"Dr. Woods discusses the research background and rationale for behavior therapy for Tourette Syndrome in children and CBIT. He demonstrates function based assessment and intervention along with habit reversal training. Lastly, a live recording of a sample session is provided.

Douglas Woods, Ph.D. is a Professor of Psychology at the University of Wisconsin-Milwaukee. Dr. Woods received his Ph.D. from Western Michigan University in Kalamazoo, Michigan. He has been the PI or Co-PI for several NIH and TSA funded treatment studies for Trichotillomania and Tourette's syndrome. His research interests include tic disorders, impulse-control disorders, obsessive-compulsive disorder, and behavioral therapy. Dr. Woods is also a member of the Medical Advisory Board for the Tourette's Syndrome Association. He has published more than 120 scientific articles, presented more than 127 papers at National and International Meetings, and is the author/editor of 8 books. Financial disclosures: Research support from NIMH and Tourette's Syndrome Association; Speaking Honoraria from Tourette's Syndrome Association and various academic institutions; Royalties from Guilford, Oxford, Context Press and Springer Press.",2018-10-17T21:13:16Z,107507,https://www.youtube.com/watch?v=tLZuBRmMPYs
MY2UiJSH7VU,ADHD and Tourette Syndrome,"86% of individuals with Tourette Syndrome have at least one co-occurring condition, such as Attention-Deficit/Hyperactivity Disorder (ADHD).

The Tourette Association of America and Dr. Max Wiznitzer presented a webinar about Tics and ADHD. This webinar discusses the diagnostic criteria for ADHD and how the clinical presentation of ADHD presents from the preschool years to adulthood.  It will also cover the co-occurrence of ADHD, tics and related comorbid disorder and the treatment options and issues associated with co-occurring ADHD and tics.

Presented by",2020-01-09T15:36:06Z,5005,https://www.youtube.com/watch?v=MY2UiJSH7VU
L2xw0BOB4NE,The Neuroscience of Tourette Syndrome (feat. Draw Curiosity!),"Oh sh**, time to find out more about Tourette Syndrome! It's often portrayed in media with lots of swearing, but that's not the whole picture. Today, we're gonna find out a little more about what goes on in the brain.

Perhaps even more excitingly, we have Inés Dawson from Draw Curiosity collaborating with us! Inés is actually an expert when it comes to Tourettes because she actually has it! Hear a little bit about her experience and knowledge on the matter. Also, Inés makes awesome science videos and you should absolutely check out her channel at www.youtube.com/drawcuriosity.

While you're there, check out the video that we collaborated on about an illusion that tricks your brain and stomach! Or, just click this link: https://www.youtube.com/watch?v=-8MgufXRmCQ

Sources:
http://www.ninds.nih.gov/disorders/tourette/detail_tourette.htm
http://www.jneurosci.org/content/31/35/12387.full
https://www.tourette.org/about-tourette/overview/what-is-tourette/
http://www.pedneur.com/article/S0887-8994(01)00262-4/abstract
http://neuroscience.uth.tmc.edu/s3/chapter04.html
http://www.ncbi.nlm.nih.gov/pmc/articles/PMC3543080/
http://www.dana.org/Publications/Brainwork/Details.aspx?id=43623 

Support us on Patreon - https://www.patreon.com/neurotransmissions

HUGE thanks to our Patreon supporters, particularly to Ryan M. Shaver and Carrie McKenzie, our Patreon Producers. Thanks Ryan and Carrie!

Neuro Transmissions is a channel on a mission to bring neuroscience to everyone.  It's not rocket surgery, it's brain science!  Learn all sorts of fun and interesting things with Alie Astrocyte every other Sunday by subscribing to the channel. Have a topic you want covered? Let us know in the comments. Share, like, and subscribe for more videos to come! Over and out.

Neuro Transmissions is on the other social medias too:
https://www.facebook.com/neurotransmissions 
https://www.twitter.com/neuroyoutube 
https://www.instagram.com/neurotransmissions 
https://www.neurotransmissions.science
Snapchat - @neuroyoutube

Vector graphics from freepik.com
Brain images from Motifolio drawing toolkits (www.motifolio.com)

“In The Mist” by Trackmanbeatz is licensed under a Creative Commons Attribution 4.0 International License.
Artist: www.trackmanbeatz.com
""Bonjour, Mon Amie"" by Josh Woodward. Free download: http://joshwoodward.com/
""Thingamajig"" by Audionautix is licensed under a Creative Commons Attribution license (https://creativecommons.org/licenses/by/4.0/)
Artist: http://audionautix.com/

All other content is original and/or owned by Neuro Transmissions.",2016-11-13T14:30:00Z,50300,https://www.youtube.com/watch?v=L2xw0BOB4NE
TyW6yJTBhlg,Deep Brain Stimulation for the Treatment of Tourette&#39;s Syndrome: Andrew&#39;s Story,"Tourette's Syndrome is a neurological disorder characterized by involuntary tics. While there is no cure for Tourette's Syndrome, a handful of centers around the world are using Deep Brain Stimulation to treat the most severe, chronic Tourette's Syndrome. This is Andrew Joannou's story. For more information please visit http://bit.ly/1sTQNXe",2013-12-12T16:19:08Z,55920,https://www.youtube.com/watch?v=TyW6yJTBhlg
BNvujgjEyB4,AAN Releases Guideline: Treatment of Tics in People with Tourette Syndrome and Chronic Tic Disorders,"Tamara Pringsheim, MD, FAAN, lead author of the guideline, and John Piacentini, PhD, co-presenter presented findings of the guideline. The guideline was published online on Monday, May 6, 2019, in Neurology®, the medical journal of the American Academy of Neurology, and appears in the May 7 print issue.

Visit the American Academy of Neurology at https://www.aan.com 

Connect with the AAN
Facebook: http://bit.ly/2feMxW4 
Twitter: https://bit.ly/1orvPet 
Instagram: http://bit.ly/2eVgsz4 
LinkedIn: http://bit.ly/22mKzkM",2019-05-06T17:09:22Z,10813,https://www.youtube.com/watch?v=BNvujgjEyB4
iAqTbQQ3E78,Discussing the importance of the newly released Tourette Syndrome guidelines.,"Dr. Jeremiah Scharf, TAA Co-Director for Tourette Syndrome Center of Excellence, and Sara Henya, adult living with TS and musician, join Fox 29 in Philadelphia to discuss the importance of the newly released AAN guidelines for Tourette Syndrome and Tic Disorders.",2019-05-08T13:44:16Z,4909,https://www.youtube.com/watch?v=iAqTbQQ3E78
S0gGDdrqJlM,Tourette Syndrome &amp; Co-Occurring Conditions,"Hosted by the Tourette Health and Education Program and in partnership with the Centers for Disease Control and Prevention, this webinar explores the most common co-occurring conditions and potential treatment options.

About the moderator: Michael B. Himle, Ph.D. is a clinical psychologist and Associate Professor of Psychology at the University of Utah.  He is an expert in behavioral approaches for understanding and treating Tic Disorders and related conditions.  He has published more than 60 peer-reviewed publications and book chapters and has given more than 100 conference presentations and invited talks on Tourette Syndrome and related conditions.  His research has received funding from the Tourette Association of America and the National Institutes of Health.  He serves on the Medical Advisory Board and Behavioral Sciences Consortium for the Tourette Association of America and is the director of the University of Utah TAA-designed Center of Excellence for Tourette Syndrome.",2018-03-21T15:34:23Z,3916,https://www.youtube.com/watch?v=S0gGDdrqJlM
WxvE8BpOUHM,Diagnosis of Tourette Syndrome and Tic Disorders,"Speaker: Barbara J. Coffey, MD, MS
Topic: Diagnosis of Tourette Syndrome and Tic Disorders

Key Takeaways:
• What are Tics, Tourette Syndrome, and Tic Disorders?
• Diagnosis of Tourette.
• Tourette is often accompanied by other co-occurring disorders that can often be more problematic than the tics themselves.",2016-08-17T14:06:57Z,20648,https://www.youtube.com/watch?v=WxvE8BpOUHM
oXGgONiVWpE,Tourette Syndrome and Co-Occurring Disorders,"Shannon Bennett, Ph.D. for Cornell Weill Medical College provides an overview of co-occurring disorders that are common with Tourette Syndrome. She discusses Pediatric OCD, Anxiety & Depression and ADHD.

Funding for this video was made possible in part by the Centers For Disease Control and Prevention. The views expressed in written conference materials or publications and by speakers and moderators do not necessarily reflect the official policies of the Department of Health and Human Services, nor does the mention of trade names, commercial practices, or organizations imply endorsement by the U.S. Government.",2016-06-03T17:25:15Z,9200,https://www.youtube.com/watch?v=oXGgONiVWpE
rL4HrZDLJN0,Understanding Tics and Tourette Syndrome,CHEO's Dr. Asif Doja gives an overview of  Tics and Tourette's Syndrome and answers some common questions.,2015-10-23T15:53:36Z,18049,https://www.youtube.com/watch?v=rL4HrZDLJN0
AYmDgWYcxAk,Influencer Baylen Dupree Explains Life with Severe Tourette’s Syndrome,"Baylen bravely took a risk and posted TikTok videos of her daily struggles with Tourette syndrome. Her videos quickly went viral, and she now has over 3 million followers. Baylen says she struggles daily with her tics and OCD, and her parents are trying to help her get better. Baylen says social media helped her gain the confidence to go out in public again, while doctors told her to stay home. Singer and influencer Lele Pons says she also suffers from OCD, Tourette syndrome, and depression but has had a different experience on social media when sharing her story with the public. So what do these two women have in common? Dr. Phil discusses their daily battles with their mental health and how social media has affected it. (20106)

Dr. Phil tells compelling stories about real people. The Dr. Phil Show is an American daytime talk show and TV series with host and personality Dr. Phil McGraw, who offers advice from his experience as a psychologist. The show provides the most comprehensive forum on mental health issues in the history of television. For over a decade, Dr. McGraw has used the show's platform to make psychology accessible to the general public by addressing important personal and social issues. Here on the Dr. Phil YouTube channel, you will find the best moments, highlights, and segments from the TV show. We upload new videos every day, so make sure you subscribe and ring the bell for all notifications, so you don't miss a single one.

Full episodes of the Dr. Phil Show premiere every weekday on CBS, with a new season premiering every fall in 2021, 2022, and 2023. Each full episode contains an interview or multiple interviews with doctors, teens, families, parents, kids, and more. The executive producers are Phil McGraw and showrunner Oprah Winfrey of OWN. Dr. Phil is the top-rated daytime talk show attracting millions of viewers every day alongside other talk shows, including The Ellen Show with Ellen DeGeneres, The Dr. Oz Show, The Kelly Clarkson Show, and The Steve Wilkos Show. Dr. Phil makes regular appearances on The Tonight Show Starring Jimmy Fallon, Jimmy Kimmel Live, and The Late Late Show with James Corden. Dr. Phil has also done crossovers with 90 Day Fiancé, Inside Edition, and Marrying Millions.

Check your local listings for ALL-NEW #DrPhil episodes!
https://drphil.com
Facebook: https://facebook.com/drphilshow
Instagram: https://instagram.com/drphil/
TikTok: https://tiktok.com/@drphil
Twitter: https://twitter.com/drphil
Do you want to be on the show? https://bit.ly/BeOnDrPhilShow",2022-03-05T15:00:08Z,325709,https://www.youtube.com/watch?v=AYmDgWYcxAk
Yj3rwECWAH4,What I wish people knew about Tourette Syndrome,Told by kids and adults with Tourette. Please help the Tourette Association make life better for all people affected by Tourette and Tic Disorders. tourette.org,2016-03-23T21:05:17Z,6548,https://www.youtube.com/watch?v=Yj3rwECWAH4
aL45hD6ESOA,TikTok Tics - Tourette Syndrome and FND,"To learn more, visit tourette.org.",2022-01-13T20:52:57Z,3098,https://www.youtube.com/watch?v=aL45hD6ESOA
-yy6UUncUI0,Girl living with worst ever case of tourettes | 60 Minutes Australia,"Stream full episodes on 9Now: https://9now.app.link/uNP4qBkmN6 Subscribe here: http://9Soci.al/chmP50wA97J 

In 2008 60 Minutes met Bianca Saez, who at just 16 had the worst case of Tourette's Australian doctors had ever seen. Bianca was determined to share her story to explain the cruelty of suffering Tourette's and why it makes her hit out and swear the way she does.

WATCH more of 60 Minutes Australia: https://www.60minutes.com.au 
LIKE 60 Minutes Australia on Facebook: https://www.facebook.com/60Minutes9 
FOLLOW 60 Minutes Australia on Twitter: https://twitter.com/60Mins 
FOLLOW 60 Minutes Australia on Instagram: https://www.instagram.com/60minutes9

For forty years, 60 Minutes have been telling Australians the world’s greatest stories. Tales that changed history, our nation and our lives. Reporters Liz Hayes, Allison Langdon, Tara Brown, Charles Wooley, Liam Bartlett and Tom Steinfort look past the headlines because there is always a bigger picture. Sundays are for 60 Minutes.

#60MinutesAustralia",2018-12-14T08:30:01Z,25247174,https://www.youtube.com/watch?v=-yy6UUncUI0
WH4DiL9cN_4,PROFESSIONALS— Behavior Therapy for Tourette Syndrome in Kids &amp; CBIT (PART 1),"Dr. Woods discusses the research background and rationale for behavior therapy for Tourette Syndrome in children and CBIT. He demonstrates function based assessment and intervention along with habit reversal training. Lastly, a live recording of a sample session is provided.

Douglas Woods, Ph.D. is a Professor of Psychology at the University of Wisconsin-Milwaukee. Dr. Woods received his Ph.D. from Western Michigan University in Kalamazoo, Michigan. He has been the PI or Co-PI for several NIH and TSA funded treatment studies for Trichotillomania and Tourette's syndrome. His research interests include tic disorders, impulse-control disorders, obsessive-compulsive disorder, and behavioral therapy. Dr. Woods is also a member of the Medical Advisory Board for the Tourette's Syndrome Association. He has published more than 120 scientific articles, presented more than 127 papers at National and International Meetings, and is the author/editor of 8 books. Financial disclosures: Research support from NIMH and Tourette's Syndrome Association; Speaking Honoraria from Tourette's Syndrome Association and various academic institutions; Royalties from Guilford, Oxford, Context Press and Springer Press.",2018-10-17T21:48:28Z,6568,https://www.youtube.com/watch?v=WH4DiL9cN_4
k0G3T4QNqy0,What is Tourette Syndrome?,"Produced by TSAA this 22 minute video explains what Tourette Syndrome is for families, educators and other interested parties to gain a better insight into the condition.
 © 2003 TSAA",2014-03-02T07:59:12Z,130857,https://www.youtube.com/watch?v=k0G3T4QNqy0
-tlWjsaF1Og,How Tourette&#39;s Syndrome Impacts My Life | Minutes With | UNILAD | @LADbible TV,"In this episode of ""Minutes With"" we sat down with Anita, a 30 year old woman who has Tourette's Syndrome.

Anita talks about how she struggled for years to get diagnosed and the impact on her mental health. She also takes us through how she found fame on Twitch where she now has over 1 million followers. 

You can watch more of Anita here: @Sweet Anita 
https://twitter.com/Tweet4nita
https://m.twitch.tv/sweet_anita/profile

Subscribe for more interviews with interesting people every week

Subscribe To Our Channel: http://bit.ly/SubscribeLADbible
Facebook: https://www.facebook.com/ladbible/
Instagram: https://www.instagram.com/ladbible/
Twitter: https://twitter.com/ladbible

#LADbible #UNILAD

To license this video please email: licensing@ladbiblegroup.com",2021-01-17T20:00:01Z,5966068,https://www.youtube.com/watch?v=-tlWjsaF1Og
k4vRFodAqWo,Billie Eilish Gets Candid About Tourette Syndrome,"Billie Eilish spoke candidly with Ellen about living with Tourette Syndrome, and why she decided to go public with it only last year. Plus, the 17-year-old pop star talked about celebrities like Paul McCartney and Sporty Spice, who she couldn’t believe were fans of hers.

#TheEllenShow
#BillieEilish
#Ellen",2019-04-03T16:00:08Z,22304248,https://www.youtube.com/watch?v=k4vRFodAqWo
SpRczJwXkpc,PGC: Genetics of Tourette Syndrome - Matt Halvorsen,Presenter: Matt Halvorsen,2021-03-18T18:19:31Z,328,https://www.youtube.com/watch?v=SpRczJwXkpc
KMq171EYYPg,Students Rights &amp; Tourette Syndrome,"Student Rights and Tourette Syndrome: Kathy Giordano, the TAA education specialist and Education Advisory Board (EAB) Chair, along with Pam Malley, a speech-language pathologist and member of the EAB, review the educational rights that a person with Tourette Syndrome has, particularly involving specialized support plans in the classroom setting.",2018-03-09T15:45:09Z,309,https://www.youtube.com/watch?v=KMq171EYYPg
4zh5R6SR8eU,Tourette Syndrome Controlled by Deep Brain Stimulation Procedure,"Adam suffered from Tourette Syndrome. He was tired of living with everyday tics so he researched deep brain stimulation (DBS). DBS implants electrodes in the brain releasing electrical impulses to regulate abnormal impulses.  Once Adam was able to get comfortable with having the surgery, he came to University Hospitals to have the device implanted in his brain. 

To learn more about DBS and our Movement Disorders Center at UH, visit:
http://www.uhhospitals.org/services/neurology-and-neurosurgery/institute
http://www.uhhospitals.org/services/neurology-and-neurosurgery/institute/our-centers/parkinsons-and-movement-disorders-center/brain-surgery-live/what-is-dbs",2018-08-01T11:56:34Z,131745,https://www.youtube.com/watch?v=4zh5R6SR8eU
pJIzuVXgEuU,Tourette Syndrome (Psychiatry) - USMLE Step 1,"Hey Everyone! 

Thank you for watching our video about medical school! If you enjoyed our medical school videos, please leave a comment below, like our videos, and please SUBSCRIBE to the channel! 

About Us:
Mad Medicine was started to talk about many aspects of medicine, from medical school and premed, to nursing, PA, NP and much, much more. On our channel, we sit down and talk about relevant medical topics, issues that many medical professionals are facing, ways to be successful through your education and career, and (again) much, much more.

We started this channel as medical students in medical school in order to help premeds get into the medical schools of their choice. Whether you want to got to medical school in Harvard, or to a local medical school, we try to provide you with the best video content that will help you achieve your goal. Our medical school trips to become a medical student have to pertain to questions such as, ""Do you need research for medical school?"", ""Is Clinical Experience required for medical school"" and much much more. Along with medical school tips and tricks, we also plan to provide you guys with videos that have to do with medical school requirements, medical school rankings, how to be a medical student, as well as fun (yet informative) sessions. Who knows, maybe we will even do medical school and medical student vlogs one day!

 We are always looking for ways to grow our channel so if you ever have any ideas or want us to talk about specific topics, or heck, even if you have a guest you want us to talk to, leave a comment below! Thank you for the support!

Instagram: www.instagram.com/mad.medicine

#medicine #medicalstudent #medicalschool",2019-08-15T07:00:04Z,5823,https://www.youtube.com/watch?v=pJIzuVXgEuU
caqsytXzDY8,The Diverse Experience of Living with Tourette Syndrome,"The Diverse Experience of Living with Tourette Syndrome was hosted as part of the 2021 Virtual Tourette Conference.

This panel discussion touches on issues of racial, sexual/gender, and religious diversity within the Tourette Syndrome community.",2021-05-19T16:39:34Z,1195,https://www.youtube.com/watch?v=caqsytXzDY8
0PW2ghUQgcc,Understanding Tourette Syndrome - March 24th,"Health specialist Leah Sarich explains the day-to-day challenges for those who live with Tourette’s, and what family and friends can do to lend a hand.",2015-03-24T17:04:35Z,469,https://www.youtube.com/watch?v=0PW2ghUQgcc
_SlaI42P51c,Partners in Kids Health -Tics and Tourette Syndrome,,2018-02-27T21:00:28Z,10821,https://www.youtube.com/watch?v=_SlaI42P51c
WwZG55g1eYY,Understanding Reactive Rage in Children with Tourette Syndrome,"Jenna Koning and Becky Richards of the Child and Parent Resources Institute in Canada discuss reactive rage in children with TS. Three key take-aways: the importance for kids with TS to have language to understand what's going on with them; understanding that frustration builds up - analogous to a beaker getting too full; and strategies to diffuse the frustration that triggers rage.

Funding for this video was made possible in part by the Centers For Disease Control and Prevention. The views expressed in written conference materials or publications and by speakers and moderators do not necessarily reflect the official policies of the Department of Health and Human Services, nor does the mention of trade names, commercial practices, or organizations imply endorsement by the U.S. Government.",2016-06-08T13:47:40Z,9498,https://www.youtube.com/watch?v=WwZG55g1eYY
sNCV9wxRgrg,Understanding tics and tourette syndrome,"Making unexpected movements or sounds can be called tics. Tics often lessen with age, meaning educating can be more important than medicating.",2017-01-18T19:18:09Z,32550,https://www.youtube.com/watch?v=sNCV9wxRgrg
U8xEin-APAo,World&#39;s most severe Tourette&#39;s case doesn&#39;t want a cure | 60 Minutes Australia,"No one forgets an encounter with Bianca Saez. When Tara Brown first met her 11 years ago, Bianca was 16 and had the worst case of Tourette Syndrome doctors had even seen. She was a hostage to uncontrollable, violent tics and sudden outbursts of extraordinary expletives. Bianca lived at the mercy of her troubled mind until doctors performed radical brain surgery. Instantly, and for two miraculous weeks, she was free of her Tourette’s. But then, cruelly, infections set in and the operation had to be reversed. Today, Bianca still suffers severely from Tourette’s, but she has learnt to navigate the near impossible. She has found love, independence and happiness… even though she still swears like a trooper.

WATCH more of 60 Minutes Australia: https://www.60minutes.com.au 
LIKE 60 Minutes Australia on Facebook: https://www.facebook.com/60Minutes9 
FOLLOW 60 Minutes Australia on Twitter: https://twitter.com/60Mins 
FOLLOW 60 Minutes Australia on Instagram: https://www.instagram.com/60minutes9
Link to related articles: 
https://www.9news.com.au/national/60-minutes-tourette-syndrome-bianca-saez-worst-case-no-cure-wants-job-aystralia-news/ce9da2cc-0a9e-4e9c-b463-1e79d61fb0c3
https://www.9news.com.au/national/60-minutes-tourettes-syndrome-bianca-saez-tara-brown-woman-etched-in-my-mind/75d5e639-e7f3-4efc-b58a-8724703c66eb


For forty years, 60 Minutes have been telling Australians the world’s greatest stories. Tales that changed history, our nation and our lives. Reporters Liz Hayes, Allison Langdon, Tara Brown, Charles Wooley, Liam Bartlett and Sarah Abo look past the headlines because there is always a bigger picture. Sundays are for 60 Minutes.

#60MinutesAustralia",2019-08-18T10:55:18Z,4893816,https://www.youtube.com/watch?v=U8xEin-APAo
uw06dMWfIuc,The Man With One of the UK&#39;s Most Severe Cases of Tourette’s | This Morning,"Subscribe now for more! http://bit.ly/1JM41yF
When Ryan Stevens was just 15, his life changed forever. He developed tics, began having seizures known as 'tic attacks' and at the age of 21, was diagnosed with Tourette’s Syndrome. Ryan is now considered to have one of the most severe cases in the UK. He joins Holly and Phillip, alongside occupational psychologist Nancy Doyle, to talk about how his condition affects his daily life. 

Apologies in advance if you find anything offensive during this clip, however, we think it is important to allow Ryan to speak freely.

Broadcast on 28/11/2017

Like, follow and subscribe to This Morning!
Website: http://bit.ly/1MsreVq
YouTube: http://bit.ly/1BxNiLl
Facebook: http://on.fb.me/1FbXnjU
Twitter: http://bit.ly/1Bs1eI1

This Morning - every weekday on ITV from 10:30am.

Join Holly Willoughby and Phillip Schofield, Ruth Langsford and Eamonn Holmes as we meet the people behind the stories that matter, chat to the hottest celebs and cook up a storm with your favourite chefs!

Dr Zoe and Dr Ranj answer all your health questions, stay stylish with Gok Wan's fabulous fashion, be beautiful with Bryony Blake's top make-up tips, and save money with Martin Lewis.

http://www.itv.com
http://www.stv.tv",2017-11-28T13:11:44Z,7415444,https://www.youtube.com/watch?v=uw06dMWfIuc
MoqHW1PqBdU,Tics And Tourette s,,2016-09-30T15:47:53Z,1386470,https://www.youtube.com/watch?v=MoqHW1PqBdU
CFaiN_nZsYk,Tics and Tourette syndrome - Akron Children&#39;s Hospital video,"While it takes more than the blink of an eye or a nervous twitch, in the right combinations, these simple movements could indicate that a child has a tic disorder. In this Children's Channel video, Katrina Hermetet, PhD, NCSP, a pediatric psychologist at the NeuroDevelopmental Science Center at Akron Children's Hospital, discusses the diagnosis and treatment of these chronic conditions.",2016-12-13T18:18:01Z,1628683,https://www.youtube.com/watch?v=CFaiN_nZsYk
jhC91-_KO4g,Dysinhibition with Tourette Syndrome,"Sandra Hollis talks about Dysinhibition-- The ability to inhibit behaviors, emotions, statements is often extremely difficult for people with TS and can result in difficult social situations., taken from the DVD, ""Tourette Syndrome in the Classroom, School and Community""; available through the Tourette Association.
Funding for this DVD, “Tourette Syndrome in the Classroom, School and Community” was made possible by the cooperative agreement award number 1U38DD000727-01 from the Centers for Disease Control and Prevention and the presentation was generously supported by the Quantum Foundation, Palm Beach County, FL.",2016-05-17T19:04:34Z,5834,https://www.youtube.com/watch?v=jhC91-_KO4g
34yO7DgbNpU,An adult&#39;s perspective about Tourette Syndrome and CBIT,"LIVE from Icahn School of Medicine at Mount Sinai with Gardiner Comfort and Barbara J. Coffey, M.D., M.S. for an interview 'An Adults perspective about #TouretteSyndrome and CBIT'",2016-12-21T16:50:32Z,5307,https://www.youtube.com/watch?v=34yO7DgbNpU
z190OOrUxik,Tourette Syndrome Support Group,"Our Tourette Syndrome Support Group allows children and families diagnosed with Tourette Syndrome and related Tic Disorders to connect with others, learn strategies to decrease symptoms and receive tools and resources to live life to its fullest.

Learn more at https://www.facebook.com/events/588322225284375/.

Subscribe to our channel: 
https://www.youtube.com/channel/UCrx_TEz_qFcD0d4MFybiV2Q

Follow Cleveland Clinic Martin Health on social media:

Facebook: facebook.com/ClevelandClinicMartinHealth/
Twitter: @ccmartinhealth
Instagram: clevelandclinicmartinhealth",2020-01-10T19:48:44Z,2968,https://www.youtube.com/watch?v=z190OOrUxik
nQnndtemlz4,Stimulants for ADHD and Kids with Tics or Tourette Syndrome,"Stimulants for ADHD and Kids with Tics or Tourette Syndrome,taken from the DVD, ""Hot Topics in Evaluation, Treatment and Management of Tourette Syndrome and CO-occurring Conditions""; available through the Tourette Association. SyndromeJohn Walkup, M.D., Child and Adolescent Psychiatrist @ Johns Hopkins Hospital, TSA/MAB Chairman
Samuel Zinner, M.D., Pediatrician @ University of Washington School of Medicine
Tanya Murphy, M.D., Ph.D., Child Psychiatrist @ the University of Florida
Lawrence Scahill, MSN, Ph.D., Nurse Practitioner of Child Psychiatry 
Jorge Juncos, M.D., Neurologist @ Emory University School of Medicine
Cathy Budman, M.D., Adult Psychiatrist @ North Shore University Hospital LIJ Health System  
Discuss Stimulants for ADHD and Kids with Tics or Tourette Syndrome",2016-05-17T19:03:47Z,7194,https://www.youtube.com/watch?v=nQnndtemlz4
y16lskv_k6c,The Student Experience with Tourette Syndrome,"Ellen Meyers, M.S., M.Ed., Tourette Association Education Committee member, discusses an interactive exercise which has been proven to sensitize individuals to the difficulties students face on a daily basis.  A 4 minute clip from the Emmy winning “I Have Tourette's but Tourette's Doesn't Have Me” in which students discuss their experience living with TS symptoms provides first-hand knowledge of how symptoms impact their lives. 

This clip was taken from the DVD ""Tourette Syndrome in the Classroom, School and Community"" which is available through the Tourette Association. Funding for this DVD, “Tourette Syndrome in the Classroom, School and Community” was made possible by the cooperative agreement award number 1U38DD000727-01 from the Centers for Disease Control and Prevention and the presentation was generously supported by the Quantum Foundation, Palm Beach County, FL.",2015-09-11T14:16:28Z,16094,https://www.youtube.com/watch?v=y16lskv_k6c
zlGdjdNgJv4,Tourette&#39;s Syndrome Under 6 Minutes,"Tourette’s Syndrome is a neurodevelopmental disorder that affectsnearly 4% of children, often manifesting between the ages of 6-8. The main characteristics ofthis disorder are the motor and vocal tics. Tics are sudden and rapid movements or vocalizationsthat are difficult to suppress. This video will present additional background information onTourette’s, highlight the different presentations of motor and vocal tics, and outline stepsindividuals with Tourette’s can take in order to suppress sudden outbursts in their movement orspeech.

This video was made by McMaster students Armaan Sekhon, Kriti Manuja, Sharleen Maduranayagam and Krishna Patel in collaboration with the McMaster Demystifying Medicine Program.

Copyright McMaster University 2021

References:

American Psychiatric Association. (2013). Diagnostic and statistical manual of mental disorders(5th ed.). https://doi.org/10.1176/appi.books.9780890425596CDC. (2018, October 29). 

Risk Factors and Causes for Tourette Syndrome | CDC . Centers forDisease Control and Prevention. https://www.cdc.gov/ncbddd/tourette/riskfactors.html

Chao, T.-K., Hu, J., & Pringsheim, T. (2014). Prenatal risk factors for Tourette Syndrome: Asystematic review. BMC Pregnancy and Childbirth , 14 , 53.https://doi.org/10.1186/1471-2393-14-53

Cox, J. H., Nahar, A., Termine, C., Agosti, M., Balottin, U., Seri, S., & Cavanna, A. E. (2019).Social stigma and self-perception in adolescents with tourette syndrome. AdolescentHealth, Medicine and Therapeutics , 10 , 75–82. https://doi.org/10.2147/AHMT.S175765

Félix, M.-A., & Barkoulas, M. (2015). Pervasive robustness in biological systems. NatureReviews Genetics , 16 (8), 483–496. https://doi.org/10.1038/nrg3949

Gill, C. E., & Kompoliti, K. (2020). Clinical Features of Tourette Syndrome. Journal of ChildNeurology , 35 (2), 166–174. https://doi.org/10.1177/0883073819877335

Krewski, D., Barakat-Haddad, C., Donnan, J., Martino, R., Pringsheim, T., Tremlett, H., vanLieshout, P., Walsh, S. J., Birkett, N. J., Gomes, J., Little, J., Bowen, S., Candundo, H.,Chao, T.-K., Collins, K., Crispo, J. A. G., Duggan, T., El Sherif, R., Farhat, N., …Cashman, N. R. (2017). Determinants of neurological disease: Synthesis of systematicreviews. Neurotoxicology , 61 , 266–289. https://doi.org/10.1016/j.neuro.2017.04.002",2021-03-04T21:00:14Z,1046,https://www.youtube.com/watch?v=zlGdjdNgJv4
eBIU4CSkguU,An overview of Tourette Syndrome and its management | UAB MedCast,"For more UAB MedCast episodes, please visit www.uabmedicine.org/medcast",2021-03-03T04:11:05Z,212,https://www.youtube.com/watch?v=eBIU4CSkguU
3UWfloABSYY,Emotional Overload: Understanding Non Tic Behaviors in Tourette Syndrome,"Emotional Overload: Understanding Non-Tic Behaviors in Tourette Syndrome was hosted as part of the 2021 Virtual Tourette Conference.

Emotional Overload is a feature of Tourette Syndrome. This webinar will help with understanding why emotional overload happens and provide productive and positive ways to manage behaviors that can result from this overload.",2021-05-19T16:51:42Z,3734,https://www.youtube.com/watch?v=3UWfloABSYY
0UGsliVhP-w,Tourette Syndrome - Boys Town National Research Hospital,"Dr. Dinesh Lulla, Pediatric Neurologist at Boys Town National Research Hospital, explains what Tourette syndrome is, the different types of tics associated with Tourette syndrome, and the options for parents. For more information on our Pediatric Neurology services, visit https://www.boystownhospital.org/services/pediatric-neuroscience/neurology",2021-03-02T23:41:30Z,1648,https://www.youtube.com/watch?v=0UGsliVhP-w
L3Kq_GVrVDM,Helping others understand Tourette Syndrome is empowering,"Olivia, teen with Tourette Syndrome and a TAA Youth Ambassador, shares how she demonstrated what it's like to have Tourette Syndrome to her classmates. More at tourette.org. Olivia explains that when her peers understood what she was going through, they were more compassionate and helpful.",2016-07-21T15:24:03Z,3357,https://www.youtube.com/watch?v=L3Kq_GVrVDM
sLxy5uhuZLU,Obsessive Compulsive Disorder and Tourette Syndrome in the Classroom,"Obsessive Compulsive Disorder/Behaviors often present differently in people withTourette Syndrome and can be difficult to manage. Recognizing the symptoms is the first step toward providing strategies for students. Ellen Meyers, M.S., M.Ed., Tourette Association Education Committee Member talks about Tourette Syndrome and Obsessive Compulsive Disorder in this clip taken from the DVD, ""Tourette Syndrome in the Classroom, School and Community,"" available through the Tourette Association.

Funding for this DVD, “Tourette Syndrome in the Classroom, School and Community” was made possible by the cooperative agreement award number 1U38DD000727-01 from the Centers for Disease Control and Prevention and the presentation was generously supported by the Quantum Foundation, Palm Beach County, FL.",2015-10-23T15:53:24Z,6005,https://www.youtube.com/watch?v=sLxy5uhuZLU
4bPK8A2DEAA,Tourette&#39;s Syndrome and What I Would Tell #MyYoungerSelf | Tim Howard,"Tim Howard is an American soccer player who plays and captains the MLS club Colorado Rapids as a goalkeeper. Howard is the most capped goalkeeper of all-time for the United States men's national team.

#MyYoungerSelf by Child Mind Institute is an anti-stigma campaign. We are grateful to Tim for his willingness to open up about his childhood experience with Tourette's syndrome.

ABOUT CHILD MIND INSTITUTE
As an independent, national nonprofit organization dedicated to transforming the lives of children and families struggling with mental health and learning disorders, we deliver the highest standards of care, advance the science of the developing brain, and empower parents, professionals, and policymakers to support children when and where they need it most.

📕 Related Reading
Guide to Tourette's ➡ https://childmind.org/guide/tourettes-disorder/",2018-05-07T18:33:09Z,21870,https://www.youtube.com/watch?v=4bPK8A2DEAA
wnQoxT2iMkQ,Samuel J. Comroe: Comedian With Tourette Syndrome Impresses Crowd - America&#39;s Got Talent 2018,"Samuel has taken his syndrome and turned it into heartwarming comedy.
» Get The America's Got Talent App: http://bit.ly/AGTAppDownload
» Subscribe for More: http://bit.ly/AGTSub
» America's Got Talent Tuesdays 8/7c on NBC!
» Stream on Peacock: https://pck.tv/3cCQGhH

AMERICA'S GOT TALENT ON SOCIAL
Like AGT: https://www.facebook.com/agt
Follow AGT: https://twitter.com/agt
AGT Instagram: http://instagram.com/agt

In season 13, NBC's America's Got Talent follows Simon Cowell, Heidi Klum, Mel B, Howie Mandel, and host Tyra Banks in their talent search, showcasing unique performers from across the country.

Find America's Got Talent trailers, full episode highlights, previews, promos, clips, and digital exclusives here.

NBC ON SOCIAL
Like NBC: http://Facebook.com/NBC
Follow NBC: http://Twitter.com/NBC
NBC Pinterest: http://Pinterest.com/NBCtv/
YouTube: http://www.youtube.com/nbc
NBC Instagram: http://instagram.com/nbc

ABOUT AMERICA'S GOT TALENT
With the talent search open to acts of all ages, ""America's Got Talent"" has brought the variety format back to the forefront of American culture by showcasing unique performers from across the country. The series is a true celebration of the American spirit, featuring a colorful array of singers, dancers, comedians, contortionists, impressionists, jugglers, magicians, ventriloquists and hopeful stars, all vying for their chance to win America's hearts and the $1 million prize. Follow judges Simon Cowell, Heidi Klum, Mel B, Howie Mandel, and host Tyra Banks in their talent search!

Samuel J. Comroe: Comedian With Tourette Syndrome Impresses Crowd - America's Got Talent 2018
https://youtu.be/wnQoxT2iMkQ

America's Got Talent
http://www.youtube.com/user/americasgottalent
America's Got Talent is available now on Peacock, the new streaming service from NBCUniversal. Watch thousands of hours of hit movies and shows, plus daily news, sports, and pop culture updates. Stream now on Peacock.",2018-06-13T01:50:40Z,3451932,https://www.youtube.com/watch?v=wnQoxT2iMkQ
Ih2KXdwdu6Y,TOURETTE&#39;S SYNDROME SURGERY and DBS Surgery, ,2010-05-17T02:06:17Z,24471,https://www.youtube.com/watch?v=Ih2KXdwdu6Y
XqdTS9hOi_8,Meet 11-Year-Old with Tourette Syndrome,"Bianca joins The Doctors to share how she deals with living with Tourette Syndrome. The Doctors have some surprises for Bianca including a new tic treatment, becoming a youth ambassador of the Tourette Association and more.

Subscribe to The Doctors: http://bit.ly/SubscribeTheDrs
Like us on Facebook: http://bit.ly/FacebookTheDoctors
Follow us on Twitter: http://bit.ly/TheDrsTwitter
Follow us on Instagram: http://bit.ly/InstagramTheDoctorsTV
Follow us on Pinterest: http://bit.ly/PinterestTheDrs

About The Doctors:

The Doctors is an Emmy award-winning daytime talk show hosted by ER physician Dr. Travis Stork, plastic surgeon Dr. Andrew Ordon and OB-GYN Dr. Nita Landry.

The Doctors helps you understand the latest health headlines, such as the ice bucket challenge for ALS and the Ebola outbreak; delivers exclusive interviews with celebrities dealing with health issues, such as Lamar Odom, Teen Mom star Farrah Abraham, reality stars Honey Boo Boo and Mama June, and activist Chaz Bono; brings you debates about health and safety claims from agricultural company Monsanto and celebrities such as Jenny McCarthy; and shows you the latest gross viral videos and explains how you can avoid an emergency situation. The Doctors also features the News in 2:00 digest of the latest celebrity health news and The Doctors’ Prescription for simple steps to get active, combat stress, eat better and live healthier. 

Now in its eighth season, The Doctors celebrity guests have included Academy Award Winners Sally Field, Barbra Streisand, Jane Fonda, Marcia Gay Harden, Kathy Bates and Marisa Tomei; reality stars from Teen Mom and The Real Housewives, as well as Kris Jenner, Caitlyn Jenner, Melissa Rivers, Sharon Osbourne, Tim Gunn and Amber Rose; actors Jessica Alba, Christina Applegate, Julie Bowen, Patricia Heaton, Chevy Chase, Kristin Davis, Lou Ferrigno, Harrison Ford, Grace Gealey, Cedric the Entertainer, Valerie Harper, Debra Messing, Chris O’Donnell, Betty White, Linda Gray, Fran Drescher, Emmy Rossum, Roseanne Barr, Valerie Bertinelli, Suzanne Somers; athletes Magic Johnson, Apolo Ohno and Danica Patrick; musicians Tim McGraw, Justin Bieber, Clint Black, LL Cool J,  Nick Carter, Kristin Chenoweth, Paula Abdul, Gloria Gaynor, La Toya Jackson, Barry Manilow, Bret Michaels, Gene Simmons and Jordin Sparks; and celebrity chefs Wolfgang Puck, Guy Fieri and Curtis Stone.",2017-11-03T07:27:41Z,12578935,https://www.youtube.com/watch?v=XqdTS9hOi_8
K-jZzOikd30,Parent Video: Treating Tourette Syndrome,"Dr. Douglas Woods discusses evidence-based treatments for Tourette's syndrome. Douglas Woods, Ph.D. is a Professor of Psychology at the University of Wisconsin-Milwaukee.

--- Professional Resources - http://effectivechildtherapy.fiu.edu/course/index.php?categoryid=20 ---",2014-05-30T15:45:59Z,3512,https://www.youtube.com/watch?v=K-jZzOikd30
T_IAeBeSriA,"Tourette Syndrome - Symptoms, Diagnosis, and Treatment","🩹 Dermatology Course:
https://www.udemy.com/course/dermatologycourse

📚 My Courses:
https://www.udemy.com/user/ahmed-elalim-2

📱 My Apps:
https://play.google.com/store/apps/developer?id=Dr.+Ahmed+Elalem

❤️ Patreon:
https://www.patreon.com/USMLEpass

📘 Copyright Licenses:
https://docs.google.com/document/d/1IFTIlnCmLqOfzaSTa4pd9Br53MKtytSsfwymztqdj24/edit?usp=sharing",2021-03-13T00:00:05Z,12121,https://www.youtube.com/watch?v=T_IAeBeSriA
_AqLU2JZvVk,Things people say to someone with Tourette Syndrome,"Inspired by BBC3 episode 'Things Not To Say to Someone with Tourette Syndrome', we made a short video about the kind of responses individuals hear when they tell people they have TS. 
We interviewed young people with TS under the age of 16, and their parents, to hear their reactions to the stereotypes and perceptions that exist around Tourette Syndrome.   
Directed by Serena Bhandari and Jaya Baxter",2018-04-18T12:30:40Z,16945,https://www.youtube.com/watch?v=_AqLU2JZvVk
Z0aAm4FaS1Y,Sensory Integration and Tourette Syndrome April Webinar,"The Tourette Association of America's Health and Education Program hosted a webinar on Sensory Integration and Tourette Syndrome. This webinar will help answer the following questions: 

- What is Sensory Integration? 
- What are Sensory Processing Disorder and behaviors? 
- How do I address sensory processing? 
- What are some useful strategies? 

Presented by: Heather Simpson, MOT, OTR/L 
South Regional Centers of Excellence Coordinator 
UF Health Center for Movement Disorders and Neurorestoration",2016-04-21T14:22:22Z,6112,https://www.youtube.com/watch?v=Z0aAm4FaS1Y
PRONF4HtmbY,Dr. Katrina Lindsay on Tourette Syndrome and Comorbid Mental Health Conditions,"Dr. Katrina Lindsay, clinical psychologist and director of the TAA Center for Excellence Tic & Tourette Service at Akron Children’s Hospital, joins us on Facebook Live to discuss the comorbid mental health conditions commonly associated with #TouretteSyndrome as well as treatment options and ways to build resilience!
#TouretteAwareness #Tourette",2020-06-23T20:22:29Z,1363,https://www.youtube.com/watch?v=PRONF4HtmbY
ejl8V8FydkI,Teaching Strategies for Helping Children with Tourette Syndrome be Successful in the Classroom,"Ellen Meyers M.S., M.Ed Tourette Association Education Committee Member, discusses important strategies for teachers and substitute teachers on how to help children with Tourette Syndrome be successful in school, taken from the DVD, ""Tourette Syndrome in the Classroom, School and Community,"" available through the Tourette Association.

Funding for this DVD, “Tourette Syndrome in the Classroom, School and Community” was made possible by the cooperative agreement award number 1U38DD000727-01 from the Centers for Disease Control and Prevention and the presentation was generously supported by the Quantum Foundation, Palm Beach County, FL.",2015-10-23T15:28:26Z,7087,https://www.youtube.com/watch?v=ejl8V8FydkI
3OgwcOrpwXs,Tourette Syndrome or TS Defined | Special Education Decoded,"In today’s episode of Special Education Decoded, we focus on TS or Tourette Syndrome. 

*** DOWNLOAD Your FREE Acronym Guide For Parents; http://bit.ly/SPED-Acronym-Guide

Specifically, these four areas;

1. Defining Tourette Syndrome
2. Identifying Common Symptoms
3. Answering Frequently asked Questions
4. How to help your child in the general education setting. 

All of this and more on today’s episode of Special Education Decoded

Searching for one-on-one special education guidance? 
Start with a free, no-obligation consultation; 
https://specialedresource.com/free-consultation-long 

Alright… let’s dive in and help shed some light on to yet another special education acronym... “TS.”

TS or Tourette Syndrome

~ Is a neurological disorder that involves uncontrolled and repetitive movements or vocalized tics. 
~ Tourette Syndrome was first described by George Gilles de la Tourette who was a french Neurologist in 1885. 
~TS can occur in all ethnic groups and in all stages of life. 
~Symptoms of TS usually start at a younger age. 

Symptoms Of Tourette Syndrome

~ A Tic is the most common symptom
~ Can be either physical or verbal
~They can be classified as either simple or complex. 

Some “simple tics” can include; 

~ Face grimacing
~ Repetitive eye blinking
~ Grunts or throat clearing

A “complex Tic” often includes a combination of the “simple Tics” we just described 
Tics often happen in unstructured times during the day where there is a lot of anxiety or high stress. 

Now that we have discussed some of the symptoms let’s go over some answers to common questions. 

Q: Is there a known cause for the TS? 

A: According to the National Institute of Neurological Disorders and Stroke, “The cause of TS is unknown but current research points to abnormalities in certain brain regions, the circuits that interconnect these regions, and neurotransmitters responsible for communication among nerve cells.” 

Q: Are there other disorders associated with Tourette Syndrome?

A: Yes, ADHD is the most commonly associated disorder.

Q: Is there a cure for Tourette Syndrome? 

A: Unfortunately, there is no cure for Tourette syndrome. 

Q: Can TS or Tourette Syndrome be treated?

A: Yes. Treatment is aimed at controlling tics that interfere with everyday activities and functioning. However, when tics aren't severe, treatment might not be necessary.


Lastly, let's discuss how Tourette Syndrome can impact your child in their educational setting and some tips that could help…

Tourette Syndrome Educational Impact And Tips

~ Some Tics may impact your child’s educational experience by causing them to struggle when distractions occur, or any form of anxiety takes place (like test-taking).
~ So long as your child has an IEP (Individualized Education Plan), you can request to have them tested in another location away from distractions. 
~ You can also write in the IEP breaks are needed in between longer assignments and activities. 
~ It may be helpful to schedule weekly guidance counselor appointments to make sure that your child can talk about their week and have a break from the general education setting.

That's it for our brief overview of TS or Tourette Syndrome. 

Have questions or comments? 

~Please be sure to ask in the comment section for this video.

Or... email us directly at Contact@SpecialEdResource.com

Looking for additional help? Reach out directly to an unbiased Special Education Expert; 
https://specialedresource.com/free-consultation-long

From all of us at SpecialEdResource.com, thank you for watching this episode of Special Education Decoded!",2019-07-31T17:19:31Z,191,https://www.youtube.com/watch?v=3OgwcOrpwXs
yhS3uWa92Ag,PROFESSIONALS— Behavior Therapy for Tourette Syndrome in Kids &amp; CBIT (PART 2),"Dr. Woods discusses the research background and rationale for behavior therapy for Tourette Syndrome in children and CBIT. He demonstrates function based assessment and intervention along with habit reversal training. Lastly, a live recording of a sample session is provided.

Douglas Woods, Ph.D. is a Professor of Psychology at the University of Wisconsin-Milwaukee. Dr. Woods received his Ph.D. from Western Michigan University in Kalamazoo, Michigan. He has been the PI or Co-PI for several NIH and TSA funded treatment studies for Trichotillomania and Tourette's syndrome. His research interests include tic disorders, impulse-control disorders, obsessive-compulsive disorder, and behavioral therapy. Dr. Woods is also a member of the Medical Advisory Board for the Tourette's Syndrome Association. He has published more than 120 scientific articles, presented more than 127 papers at National and International Meetings, and is the author/editor of 8 books. Financial disclosures: Research support from NIMH and Tourette's Syndrome Association; Speaking Honoraria from Tourette's Syndrome Association and various academic institutions; Royalties from Guilford, Oxford, Context Press and Springer Press.",2018-10-17T21:05:10Z,2058,https://www.youtube.com/watch?v=yhS3uWa92Ag
vtSChwXxn9o,Multifocal motor tics and vocal tics in Tourette&#39;s syndrome,For further information see www.neurosigns.org,2016-10-28T11:39:54Z,105441,https://www.youtube.com/watch?v=vtSChwXxn9o
pt5H53YdM7E,What is Tourette syndrome (TS)?,"Neurologist and Tourettes Action's Medical Director, Dr Jeremy Stern explains Tourette syndrome.",2011-04-11T17:14:16Z,4001,https://www.youtube.com/watch?v=pt5H53YdM7E
cxJ9g33noAs,Why students with Tourette Syndrome need an Occupational Therapist,"While Tourette Syndrome is a neurological disorder, there are often co-occurring conditions that may be more troublesome than the actual tics. In this webinar, Occupational Therapists learn how to apply their expertise to assess underlying factors that are impeding progress and develop a team-oriented approach for success in school, home, and community. We also discuss the development of strengths, self-awareness, and advocacy skills needed for ongoing success.

Please note: CE credits were only available for the live webinar.",2021-03-08T18:05:11Z,598,https://www.youtube.com/watch?v=cxJ9g33noAs
EArcZruX2oM,GNM (a dental) treatment for Tourette Syndrome,Tourette Syndrome case treated with GNM (a dental) treatment that is safe and effective without drugs or surgery.,2014-12-30T23:44:48Z,26490,https://www.youtube.com/watch?v=EArcZruX2oM
NDgQVprgmkI,Orap To Treat Symptoms for Patients with Tourette&#39;s Syndrome - Overview,"http://www.rxwiki.com/orap

https://www.youtube.com/playlist?list=PLXxn_pCvHVm5rtYCS2sLMNQ2j1LWbE0_L

Orap, the brand name form of pimozide, is a prescription medication used to treat movement and speech tics in patients with Tourette's Syndrome who have not responded to other medications. Orap belongs to a class of drugs known as antipsychotics, which block the effects of a certain chemical in the brain known as dopamine.
This medication comes in tablet form and is taken by mouth once at bedtime or multiple times a day. It can be taken with or without food.
Common side effects of Orap include difficulty with movement, tingling sensations, dry mouth, and constipation. Orap can also cause visual disturbances and drowsiness. Do not drive or operate heavy machinery until you know how Orap affects you. Take this medication only as directed. For more information, download the RxWixi mobile app.",2015-05-15T16:24:46Z,2733,https://www.youtube.com/watch?v=NDgQVprgmkI
2Gsi_xb5RmI,Tourette&#39;s syndrome medical footage,"Philadelphia-based choreographer Sutie Madison, who suffers from Tourette syndrome, created a modern dance based on the tics and twitches associated with the neurological disorder. She gave her dancers a DVD of medical footage cataloguing the range of movements which patients are compulsively prone to act out. Here are exerpts from that DVD.

You can see the footage of the dance on which these movements are based at http://www.newsworks.org/index.php/local/item/31367",2011-12-15T23:39:07Z,10931,https://www.youtube.com/watch?v=2Gsi_xb5RmI
jIO7h2gfYYQ,An Advanced Implant Could Cure The Symptoms Of Tourette&#39;s Syndrome,"The device utilizes a process called Deep Brain Stimulation (DBS) whereby small pulses of electricity that deactivate target nerve cells are delivered 24/7.

FACEBOOK: https://www.facebook.com/futurism
TWITTER: https://twitter.com/futurism
INSTAGRAM: https://instagram.com/futurism
TUMBLR: http://futurismnews.tumblr.com/",2016-05-16T04:31:08Z,4849,https://www.youtube.com/watch?v=jIO7h2gfYYQ
WVRblkxoNB8,What is Tourette&#39;s Syndrome? Tourette&#39;s Syndrome Explained in 2 Minutes - Muscle and Vocal Tics,"Like Peanut Butter? Check out Joey's Spreads: http://bit.ly/3a5nyxu

Thank you for watching! 
If you would like to request a video or topic to be made, leave a comment in the comment section below and I will try to cover it!
Please subscribe to the channel if you can and like this video!   I would really appreciate it as it will help me reach my next goal of 100,000 subscribers!
Good luck with your studies!

Follow us on Twitter: http://twitter.com/5MinuteSchool
Follow us on Instagram: http://instagram.com/5minuteschool

Stuff I recommend/Gear I use:

Thinking, Fast and Slow: https://amzn.to/2I2G8fm
Rode NT-USB Microphone: https://amzn.to/3evRogn
Electriq 34"" Curved Monitor: https://amzn.to/365ZRmB
Grey's Anatomy for Students: https://amzn.to/3mWNAYL
Jansport Student Backpack: https://amzn.to/3mXC671
Starting University Guide: https://amzn.to/2TTaFPB
Iphone 12 Black 256GB: https://amzn.to/3erSA4j",2017-07-05T09:55:39Z,55130,https://www.youtube.com/watch?v=WVRblkxoNB8
rF7JKWNBjPo,Transitioning into adulthood for individuals with Tourette Syndrome,"Developing from a teenager to a young adult can be a challenging and rewarding process, especially for individuals with Tourette Syndrome. Dr. Anthony Rostain and Dr. Marc Schmidt joined the Tourette Association of America for a Facebook Live to discuss the process of transitioning from childhood to adulthood. Through self-advocacy as well as recognizing and utilizing their strengths, young adults can feel empowered to take control over their life.",2019-11-22T15:06:27Z,1382,https://www.youtube.com/watch?v=rF7JKWNBjPo
NsKK_359m8E,Teen With Tourette Syndrome Answers Your Questions,"Sophie Adams is going viral for her candid look into her life as a teen with Tourette Syndrome. More info on Tourette Syndrome can be found here: https://www.mayoclinic.org/diseases-conditions/tourette-syndrome/symptoms-causes/syc-20350465  
Special thanks: 
Sophie Adams: @sophie.adams04

Credits: https://www.buzzfeed.com/bfmp/videos/109844

Subscribe to BuzzFeedVideo: https://bzfd.it/2lVAsJ3

BuzzFeedVideo
BuzzFeed’s flagship channel. Sometimes funny, sometimes serious, always shareable. New videos posted daily!
To see behind-the-scenes & more, follow us on Instagram @buzzfeedvideo http://bit.ly/2JRRkKU

Love BuzzFeed? Get the merch! BUY NOW: https://goo.gl/gQKF8m

GET MORE BUZZFEED:
https://www.buzzfeed.com
https://www.buzzfeed.com/videos
https://www.youtube.com/buzzfeedvideo
https://www.youtube.com/asis
https://www.youtube.com/buzzfeedmultiplayer
https://www.youtube.com/buzzfeedunsolvednetwork
http://youtube.com/buzzfeedceleb
https://www.youtube.com/perolike
https://www.youtube.com/buzzfeedviolet
https://www.youtube.com/goodful
https://www.youtube.com/nifty
https://www.youtube.com/buzzfeedtasty
https://www.youtube.com/bringme

SUBSCRIBE TO BUZZFEED NEWSLETTERS:
https://www.buzzfeed.com/newsletters

MUSIC

Licensed via Audio Network


VIDEO
Stop motion animated paper texture background. Grunge Plain Paper Loop. Vintage motion graphic. Seamless looping
kingsparkmedia/Getty Images",2020-08-06T21:00:09Z,73875,https://www.youtube.com/watch?v=NsKK_359m8E
frdNqQoMxCs,I spent a day with people w/ TOURETTE SYNDROME,"I spent a day with people with Tourette’s Syndrome to learn what it’s like living with this often misunderstood neurological disorder.
🔴SUBSCRIBE ▸ https://youtube.com/subscription_center?add_user=AnthonyPadilla
🚨GET MERCH ▸ http://padildoshop.com
📸 INSTAGRAM ▸ @AnthonyPadilla

🗳Contribute & review subtitles and translations for this video: https://youtube.com/timedtext_cs_panel?c=UCPJHQ5_DLtxZ1gzBvZE99_g&tab=2

🧨HUGE thank you to:
▸ Anita - https://youtube.com/sweetanita & https://twitch.tv/sweet_anita
▸ Samuel - http://instagram.com/SamuelJComroe
▸ Emberly - http://tourette.org & http://instagram.com/emziety

🗯MORE I SPENT A DAY WITH...
▸ VIRAL MEME STARS - https://youtu.be/kUexle4jktU
▸ ASEXUALS - https://youtu.be/zW29J3nxjis
▸ AUTISTIC PEOPLE - https://youtu.be/zatA90699qs

🎥Crew
▸ Creator, Director, Writer, etc. - Anthony Padilla
▸ Production Coordinator, Co-writer & Research - Elise Felber
▸ Executive Producer - Alessandra Catanese
▸ Director of Photography/Gaffer - Zach Zeidman
▸ Assistant Camera Operator - Robert Butler III
▸ Editor - Mike Criscimagna
▸ Assistant Editor - Patrick Horba

📢BE ON THE SHOW
▸ If you are part of an underrepresented subculture or live a lifestyle you feel is not widely understood and would like to be interviewed by me in LA, email inquiry[at]pressalike.com with your subculture in the title of the email.

❗️You dug this deep into the description. You owe it to yourself to subscribe ▶ https://youtube.com/subscription_center?add_user=AnthonyPadilla

💉Self plug
▸ http://instagram.com/anthonypadilla
▸ http://twitter.com/anthonypadilla
▸ http://facebook.com/anthonypadilla",2020-06-09T18:01:21Z,8268382,https://www.youtube.com/watch?v=frdNqQoMxCs
bU_vjDu1U3Q,Finding Strengths in the Struggle Building Resilience with Tourette Syndrome,"While living with tics and other co-occurring conditions may be difficult at times, managing a chronic condition like Tourette Syndrome can also build persistence, grit, and determination. In this webinar, Dr. Phelps will discuss how to build realistic optimism, practice mindfulness, focus on interpersonal health, and take a problem-solving orientation.",2019-08-29T14:00:40Z,570,https://www.youtube.com/watch?v=bU_vjDu1U3Q
2-YeQUrX5M4,Things Not To Say To People With Tourette&#39;s Syndrome,"People with Tourette's syndrome face a lot of assumptions about what it's like to live with their condition. For instance, there's a common belief that everyone with Tourette's swears, but this isn't the case.

Here, a group of men and women chat about the questions and observations they encounter about their Tourette's - and are happy to clear up any misconceptions about it that might be out there.

--
Click here to subscribe to BBC Three: http://bit.ly/BBC-Three-Subscribe

Did you know that we’re up to other things in other places too?

Best of BBC Three: www.bbc.co.uk/bbcthree
iPlayer: http://www.bbc.co.uk/tv/bbcthree
Twitter: http://www.twitter.com/bbcthree
Facebook: http://www.facebook.com/bbcthree
Instagram: http://instagram.com/bbcthree
Tumblr: http://bbcthree.tumblr.com

Oh, we’re on Snapchat too - just incase you were wondering… add us, bbcthree.",2018-01-23T12:00:00Z,6175860,https://www.youtube.com/watch?v=2-YeQUrX5M4
3BD0_2Ehfsc,Social Media-Induced Mass Hysteria | Mysterious Tourette Syndrome Tics,"This video answers the question: Can I analyze the research on a proposed new type of sociogenic illness called ""Mass Social Media-Induced Illness"" and how it connects to Jan Zimmerman?

Support Dr. Grande on Patreon: https://www.patreon.com/drgrande

Subscribe to the Bella Grande Media Podcast: https://www.youtube.com/channel/UCFhTghsZxD25yV24hrfkMPw

Dr. Grande’s book Harm Reduction: https://www.amazon.com/Harm-Reduction-Todd-Grande-PhD/dp/1950057313

Dr. Grande's book Psychology of Notorious Serial Killers: https://www.amazon.com/Psychology-Notorious-Serial-Killers-Intersection/dp/1950057259

Check out Dr. Grande’s merchandise at: https://teespring.com/stores/dr-grandes-store

References:

https://www.dailymail.co.uk/news/article-9937747/YouTube-star-Jan-Zimmerman-22-linked-rise-Tourette-symptoms-fans-mimicking-tics.html

https://www.wired.co.uk/article/tourettes-youtube-jan-zimmermann

https://us.newschant.com/us-news/youtube-star-jan-zimmerman-22-linked-to-rise-in-tourette-symptoms-among-fans-mimicking-tics


https://www.ncbi.nlm.nih.gov/pmc/articles/PMC5669411/",2021-09-07T23:07:34Z,90605,https://www.youtube.com/watch?v=3BD0_2Ehfsc
KeqtzhdWNz4,Therapeutic options for Tourette’s syndrome,"Tamara Pringsheim, MD, FAAN, University of Calgary, Calgary, AB, Canada, discusses the current therapeutic approaches widely employed for the management of Tourette's syndrome. Comprehensive behavioral intervention is used for many patients who have less severe tics. For patients with Tourette’s that is causing functional impairment, several pharmacological therapies are available, as well as behavioral treatment. Dr Pringsheim talks on the common applications of alpha-adrenergic agonists, anti-psychotic medications, and botulinum toxin. This interview took place during the American Academy of Neurology (AAN) 2021 Annual Meeting.",2021-04-18T22:31:35Z,216,https://www.youtube.com/watch?v=KeqtzhdWNz4
PVZQNI4EoSg,CBT FOR TOURETTE&#39;S SYNDROME | Afternoon Express | 29 July 2020,"DR JACO ROSSOUW CHATS TO US ABOUT COGNITIVE BEHAVIORAL THERAPY AND HOW IT HELPS WITH TOURETTE'S SYNDROME


Website: http://afternoonexpress.co.za/
Facebook: https://www.facebook.com/afternoonexpress/
Twitter: https://twitter.com/AfternoonChat
Instagram: https://www.instagram.com/afternoonexpress/",2020-07-30T12:38:55Z,311,https://www.youtube.com/watch?v=PVZQNI4EoSg
NpvROYFshbg,What is Tourette&#39;s Disorder?,"I'm Kati Morton, a licensed therapist making Mental Health videos!
#katimorton #therapist #therapy

MY BOOK
Are u ok? A Guide To Caring Your Mental Health
http://bit.ly/2s0mULy

JOURNALING CLUB
Every Tuesday & Friday I post a journal prompt to help keep you motivated and working on yourself. Whether you add the prompts to your own journal at home or use the comment section under the prompt itself, this can be a great way to keep on track with journaling.  Join here: https://www.youtube.com/katimorton/join 

ONLINE THERAPY
I do not currently offer online therapy.  BetterHelp can connect you with a licensed, online counselor, please visit: https://betterhelp.com/kati
I receive commissions on referrals and recommend services I know and trust.

MY AMAZON RECOMMENDATIONS  https://www.amazon.com/shop/katimorton

PATREON
Are you interested in supporting the creation of mental health videos? If so, please visit: https://www.katimorton.com/kati-morton-patreon/

PODCASTS
Opinions That Don't Matter!  &  Ask Kati Anything!
video: youtube.com/c/OpinionsThatDontMatter

Audio versions: 
https://opinonsthatdontmatter.buzzsprout.com/
https://askkatianything.buzzsprout.com/

 
BUSINESS EMAIL: Linnea Toney  linnea@underscoretalent.com

PO Box: 1223 Wilshire Blvd. #665 Santa Monica, CA 90403

PLEASE READ
If you or someone you know is in immediate danger, please call a local emergency telephone number or go immediately to the nearest emergency room.",2015-03-23T18:00:00Z,80315,https://www.youtube.com/watch?v=NpvROYFshbg
LGXbLlQBMJE,Tourette Syndrome research: Transcranial Magnetic Stimulation (TMS),"Katherine Dyke, Research Associate from the University of Nottingham talks about TMS as a research technique for better understanding what's happening in the brain of individuals with Tourette Syndrome",2018-04-24T11:05:40Z,2320,https://www.youtube.com/watch?v=LGXbLlQBMJE
dnlgMSsKp6w,Tourette Syndrome: Classroom Strategies,"As a classroom teacher, what are ways you can best support a student with Tourette Syndrome? 

Tourette Syndrome is a neurodevelopmental disorder that becomes evident in early childhood or adolescence.  1 out of every 100 children has Tourette Syndrome or another Tic Disorder. People with Tourette Syndrome may experience one or more comorbid conditions such as ADHD, OCD, dysregulated behaviors, anxiety, sensory processing disorder, and more.

Presenter Kathy Giordano is a mother, advocate, and nationally recognized Tourette expert. Join us as Kathy shares her wisdom and practical advice on ways you can understand Tourette Syndrome and support kids in your class.",2019-10-25T22:00:11Z,1340,https://www.youtube.com/watch?v=dnlgMSsKp6w
liDTVNZxiig,Tourette Syndrome: Support for Parents,"Do you suspect that your child might have Tourette Syndrome? What are the challenges of Tourette - for your child and for you? Where can you turn for support?

Tourette Syndrome is a neurodevelopmental disorder that becomes evident in early childhood or adolescence.  1 out of every 100 children has Tourette Syndrome or another Tic Disorder. People with Tourette Syndrome may experience one or more comorbid conditions such as ADHD, OCD, dysregulated behaviors, anxiety, sensory processing disorder, and more.

Three parents share their experiences with raising children who have Tourette Syndrome: the challenges, the strengths, the need for support, and their hopes for the future.",2019-10-21T22:00:11Z,906,https://www.youtube.com/watch?v=liDTVNZxiig
Fl1XPQ7OPo0,Living with Schizophrenia and Tourette Syndrome (Vivid Hallucinations and Tics),"Isaac is diagnosed with schizophrenia and Tourette syndrome. He has kept his schizophrenia hidden from family and friends, believing that it may negatively impact the way they view him. Isaac has decided that he will no longer live in fear and is using this video to share his story for the first time.

Subscribe to Isaac's channel at https://youtu.be/-gccZMcRkqw.

SBSK's Socials:
https://twitter.com/chrisulmer
https://www.instagram.com/specialbooksbyspecialkids/
https://www.facebook.com/specialbooksbyspecialkids",2019-01-18T00:59:18Z,1020955,https://www.youtube.com/watch?v=Fl1XPQ7OPo0
54qoxmF-GOw,Kids Meet a Woman With Tourette&#39;s | Kids Meet | HiHo Kids,"Sponsor this series: http://www.cut.com/sponsorship
Come play with us!
Sign up at http://bitly.com/hihofans to get updates on HiHo, special offers, and exclusive behind-the-scenes content with your favorite kids.
Check out Janelle's website:
http://ticspeak.com/

You can also email her at ticspeak@gmail.com

Learn more about Tourette's Syndrome:
https://www.tourette.org/about-tourette/overview/what-is-tourette/

SUBSCRIBE to HiHo Kids: http://bit.ly/HiHoYouTube

Watch More Kids Meet: https://www.youtube.com/playlist?list=PL2etPlnTb9sXwY7EgbEdYcfpl4SOeek3_

About Kids Meet:
Curious kids meet--and interview--people with particular points of view.

Don't forget to subscribe and follow us!
Facebook- http://www.facebook.com/hihokids
YouTube- http://www.youtube.com/hihokids
Get HiHo swag here: http://bit.ly/BuyCut

About HiHo Kids:
Every kid – including the one inside each of us – needs imagination and curiosity about the world. Hiho promotes empathy through play.

Send HiHo Kids things to unbox: 
PO Box 19604, Seattle WA 98109

Stay updated by signing up to our email list @ bit.ly/ytJoinTheFamily 
For licensing inquiries: http://cut.com/licensing
Want to work with us? http://cut.com/hiring
Want to be in a video? http://cut.com/casting

Want to sponsor a video? http://cut.com/sponsorships
Love HiHo? Fill out this form for exclusive updates: http://cut.com/fanform

Divertissement Kevin MacLeod (incompetech.com)
Licensed under Creative Commons: By Attribution 3.0
http://creativecommons.org/licenses/by/3.0/

Kids Meet a Woman With Tourette's | Kids Meet | HiHo Kids
https://youtu.be/54qoxmF-GOw

HiHo Kids
https://www.youtube.com/hihokids",2018-04-05T12:00:01Z,7320302,https://www.youtube.com/watch?v=54qoxmF-GOw
C94URVo7jzM,What Are Tics &amp; Tourette&#39;s Syndrome? | Child Psychology,"Watch more How to Understand Child Psychology videos: http://www.howcast.com/videos/507765-What-Are-Tics-and-Tourettes-Syndrome-Child-Psychology



Ticks and Tourette's disorder are a neurobiological disorder that's genetically inherited. What you'll commonly see in children with tick disorders or Tourette's syndrome is motor ticks or, at least, one vocal tick. Sometimes motor ticks include eye blinking or raising and lowering the shoulders. Sometimes there's manual or bimanual motor movements that seem a little bit odd or unusual. Sometimes when children have vocal ticks, they may clear their throat or they may cough, and sometimes it's a little bit distracting to family or students in the classroom. Many times ticks are transient, which means they change or they wax and wane over time.

Ticks are very common in childhood ages and elementary school ages. And sometimes ticks tend to change or become transient and wax and wane by the time a child reaches adolescent ages. Oftentimes, ticks also become more heightened or exacerbated when a child is under stress, whether it be family stress or academic stress, sometimes there's an increase in tick activity.

Ticks are typically treated only if they are functionally impairing for a child. So it's okay for a child experiencing ticks as long as they're not having any physical difficulties, or it's not interfering with family life or academics, to just let them be. Other times, medication is introduced to decrease or minimize the ticks, for instance, if a child has such severe nodding ticks that it's creating muscle tension in their neck or their shoulders, or if their vocal ticks are so distracting that it's causing problems with their learning.

Tourette's syndrome and tick disorders are very complex. And parents and families dealing with tick disorders will be working with their physician to help minimize and decrease some of the symptoms. But this is some of the general information you should know about ticks and Tourette's syndrome.",2012-05-16T05:30:08Z,97727,https://www.youtube.com/watch?v=C94URVo7jzM
nDkrD1uCGsM,DBS   Tourettes  Syndrome  Today tonight Channel 7 Australia,"Precision Neurosurgery
 Gilles de la Tourette syndrome, GTS or, more commonly, simply Tourette's or TS) is an inherited neuropsychiatric disorder with onset in childhood, characterized by the presence of multiple physical (motor) tics and at least one vocal (phonic) tic; these tics characteristically wax and wane. Tourette's is defined as part of a spectrum of tic disorders, which includes transient and chronic tics.

Gilles de la Tourette syndrome, GTS or, more commonly, simply Tourette's or TS) is an inherited neuropsychiatric disorder with onset in childhood, characterized by the presence of multiple physical (motor) tics and at least one vocal (phonic) tic; these tics characteristically wax and wane. Tourette's is defined as part of a spectrum of tic disorders, which includes transient and chronic tics.
Dr. Richard Bittar, 
Precision Neurosurgery Director
MBBS (Honours), PhD, FRACS
Dr. Richard Bittar is a highly qualified Australian neurosurgeon and researcher.
Dr. Bittar is a visiting neurosurgeon at Royal Melbourne Hospital, Frankston Hospital, and numerous Private Hospitals in Melbourne. He is also Director of Precision Neurosurgery.

Deep brain stimulation (DBS) works by targeting one of several areas in the brain that are part of the movement disorder pathway. By placing a fine wire (electrode) very precisely within the desired area, we are able to introduce a small amount of electrical current to these areas, which causes deactivation of the nerve cells. This electrode is connected to a battery which is implanted under the skin, allowing a small pulse of electricity to be delivered 24 hours a day. The most commonly targeted regions are the subthalamic nucleus (STN), thalamus (Vim), pallidum (GPi), and pedunculopontine nucleus (PPN) in Parkinson's disease, the thalamus (Vim) for essential tremor and multiple sclerosis tremor, and the pallidum (GPi) in dystonia.

Precision Neurosurgery is a superspecialty neurosurgical practice which provides expertise in the treatment of a wide range of brain and spine disorders.
Our highly trained surgeons utilise evidence-based scientific and clinical knowledge, considered judgement, refined surgical techniques, and state-of-the-art technology to give patients access to leading edge care.
Our contemporary approach is firmly underpinned by the principles of compassion, humanity and ethics. Having a group of neurosurgeons with specific areas of subspecialisation, complementary skills, and a willingness to work together further facilitates optimal patient care.
AREAS OF EXPERTISE
Our surgeons possess expertise in a number of areas, including the surgical treatment of:
Brain tumours
Spinal conditions
Parkinson's disease and other movement disorders
Depression and OCD

Precision Neurosurgery

Email:
info@precisionneurosurgery.com.au
Principal Precision Neurosurgery 
Suite 5, 4th Floor
517 St Kilda Rd
Melbourne, Victoria
www.precisionneurosurgery.com.au
For all appointments please phone: 
+61 3 9821 5718 


Encoded and uploaded
David Westbrook
www.westymedia.com",2009-08-24T10:54:01Z,77362,https://www.youtube.com/watch?v=nDkrD1uCGsM
7xGJnl2PpOY,Tic tic boom: The violent side of Tourette Syndrome | True Stories,"It’s the cruelest of conditions - and the uncontrollable tics and outbursts all too often mean a life of public ridicule. For many who have Tourette Syndrome, home is one of the few places they can find understanding and sanctuary. But there’s another little-known symptom of this condition that makes even family life hell. Violent mood swings, uncontrollable rages that turn loving homes into battlegrounds. As Alex Cullen reports, these rage attacks often leave parents fearing for their lives, desperate for help.

This story originally aired on the 7th October 2018.

Read more - https://7news.com.au/sunday-night/i-turn-into-a-different-person-the-violent-side-of-tourette-syndrome-c-14916

Subscribe to 7NEWS for the latest video » https://7news.link/YTSubscribe

Connect with 7NEWS online
Visit » https://7news.com.au
Facebook » https://www.facebook.com/7NewsAustralia
Twitter » https://twitter.com/7NewsAustralia
Instagram » https://www.instagram.com/7newsaustra... 

7NEWS combines the trusted and powerful news brands including Sunrise, The Morning Show, The Latest, and 7NEWS.com.au, delivering unique, engaging and continuous coverage on the issues that matter most to Australians. Watch 7NEWS nightly at 6pm and weekdays at 11:30am and 4pm on Channel 7 and 7plus.

#TrueStories #TouretteSyndrome #7NEWS",2018-10-07T22:39:57Z,4537438,https://www.youtube.com/watch?v=7xGJnl2PpOY
taYUpQG1X14,Child with Tourette syndrome is bullied | What Would You Do? | WWYD,"A child with Tourette syndrome is being bullied at an ice cream shop. Will anyone stand up for the child? What would you do?

Original Air Date: 9/15/2017

WATCH FULL EPISODES OF WWYD:
https://abc.go.com/shows/what-would-you-do

Watch brand new WWYD episodes on Friday at 9PM on ABC! ►https://www.youtube.com/watch?v=SUlwc...
Subscribe to WWYD ► http://bit.ly/WWYDSubs

Check out some of the Best WWYD? Episodes ► https://www.youtube.com/watch?v=Htytu...

Follow What Would You Do? across the web!
Facebook: https://www.facebook.com/wwyd 
Twitter: https://twitter.com/WWYDABC 
Instagram: https://instagram.com/wwydabc/ 

What would you do when you think no one is watching? What Would You Do? (WWYD?) explores the varying answers with the help of hidden cameras capturing individuals who have been placed within seemingly everyday situation that quickly go ary. The individuals on this hidden camera show are forced to make tough calls when directly faced with situations of racism, violence, hate crimes, and other hot button cultural issues. Catch John Quinones reporting on these individuals as they make split-second decisions to intervene or mind their own business. WWYD? airs Friday nights at 9|8c on ABC. 

What Would You Do? (WWYD) is a hidden camera show, hosted by ABC News correspondent John Quinones, in which unknowing bystanders are placed in uncomfortable, and often compromising real world scenarios in public. WWYD’s hidden cameras focus on the average person’s responses and reactions to these issues of social responsibility. Topics such as gay couples being affectionate in public, date rape, racism and racial profiling, interracial couples, abusive parents, drunk driving, and harassment of the homeless are touched upon in this series. What will you do? Would you choose to intervene in these situations? Watch and join the discussion.

#WWYD #WhatWouldYouDo #SocialExperiment",2019-02-05T21:29:49Z,11119044,https://www.youtube.com/watch?v=taYUpQG1X14
97ctsznTIlE,Lele Pons Opens Up About Her OCD and Tourette Syndrome,"Baylen bravely took a risk and posted TikTok videos of her daily struggles with Tourette syndrome. Her videos quickly went viral, and she now has over 3 million followers. Baylen says she struggles daily with her tics and OCD, and her parents are trying to help her get better. Baylen says social media helped her gain the confidence to go out in public again, while doctors told her to stay home. Singer and influencer Lele Pons says she also suffers from OCD, Tourette syndrome, and depression but has had a different experience on social media when sharing her story with the public. So what do these two women have in common? Dr. Phil discusses their daily battles with their mental health and how social media has affected it. (20106)

Dr. Phil tells compelling stories about real people. The Dr. Phil Show is an American daytime talk show and TV series with host and personality Dr. Phil McGraw, who offers advice from his experience as a psychologist. The show provides the most comprehensive forum on mental health issues in the history of television. For over a decade, Dr. McGraw has used the show's platform to make psychology accessible to the general public by addressing important personal and social issues. Here on the Dr. Phil YouTube channel, you will find the best moments, highlights, and segments from the TV show. We upload new videos every day, so make sure you subscribe and ring the bell for all notifications, so you don't miss a single one.

Full episodes of the Dr. Phil Show premiere every weekday on CBS, with a new season premiering every fall in 2021, 2022, and 2023. Each full episode contains an interview or multiple interviews with doctors, teens, families, parents, kids, and more. The executive producers are Phil McGraw and showrunner Oprah Winfrey of OWN. Dr. Phil is the top-rated daytime talk show attracting millions of viewers every day alongside other talk shows, including The Ellen Show with Ellen DeGeneres, The Dr. Oz Show, The Kelly Clarkson Show, and The Steve Wilkos Show. Dr. Phil makes regular appearances on The Tonight Show Starring Jimmy Fallon, Jimmy Kimmel Live, and The Late Late Show with James Corden. Dr. Phil has also done crossovers with 90 Day Fiancé, Inside Edition, and Marrying Millions.

Check your local listings for ALL-NEW #DrPhil episodes!
https://drphil.com
Facebook: https://facebook.com/drphilshow
Instagram: https://instagram.com/drphil/
TikTok: https://tiktok.com/@drphil
Twitter: https://twitter.com/drphil
Do you want to be on the show? https://bit.ly/BeOnDrPhilShow",2022-03-02T17:00:06Z,76433,https://www.youtube.com/watch?v=97ctsznTIlE
22bY6RHn9GM,Student speaks about living with Tourette Syndrome,"Radlyn Naidoo, a 19-year-old guy from Merebank, is a second year Pretoria student who isn’t afraid to share intimate details about his disorder. He wants to break the stigma around TS. Here, he talks to East Coast Breakfast about how TS affects his everyday life and how he's had to learn to cope with it over the years.",2016-02-18T03:55:33Z,19906,https://www.youtube.com/watch?v=22bY6RHn9GM
UpOPgSNRD_4,Life With Tourette&#39;s | On The Red Dot | CNA Insider,"In school they mocked him, ""uh, uh Jeremy"". His uncontrollable jerks and outbursts lost him 2 jobs. And still, this young man with #Tourette Syndrome found - and gave - unconditional love  and acceptance.

Read more: https://www.channelnewsasia.com/news/cnainsider/love-in-the-face-of-tourette-s-9079786

For more, SUBSCRIBE to CNA INSIDER! 
https://www.youtube.com/cnainsider

Follow CNA INSIDER on:
Instagram: https://www.instagram.com/cnainsider/
Facebook: https://www.facebook.com/cnainsider/
Website: https://cna.asia/cnainsider

Watch the full episode: http://bit.ly/2vevAS6

About the series: 
On the Red Dot focuses on the plight of persons with special needs and their families in a three-part series ""A Different Beat"".",2017-07-31T15:15:11Z,704769,https://www.youtube.com/watch?v=UpOPgSNRD_4
xOpOFbbyiJg,Boy living with Autism and Tourette Syndrome publishes picture book,"Rylan Vogelzang, a 12-year-old living with Autism and Tourette Syndrome, made a picture book about what it's like living inside his brain called ""If I Squeeze Your Head I'm Sorry."" His mother, Gwen Vogelzang, and co-illustrator Ellie McLaughlin talk about the book.",2019-11-08T16:46:24Z,1249,https://www.youtube.com/watch?v=xOpOFbbyiJg
jKC6UsetwN4,Jumpin&#39; Jack Flash (2/5) Movie CLIP - Tourette&#39;s Syndrome (1986) HD,"Jumpin' Jack Flash movie clips: http://j.mp/1Kn1M7F
BUY THE MOVIE:
iTunes - http://apple.co/1dMm1Oj
Google Play - http://bit.ly/1Ka40Wt
Amazon - http://amzn.to/1dMm4tt
Don't miss the HOTTEST NEW TRAILERS: http://bit.ly/1u2y6pr

CLIP DESCRIPTION:
Terry (Whoopi Goldberg) tries to convince a detective (Garry Marshall) that she was thrown in the river and that a dead body is still floating there, while her coworker Marty (Stephen Collins) tries to take her home.

FILM DESCRIPTION:
Penny Marshall in her feature film directing debut, four screenwriters, and a ebullient Whoopi Goldberg join forces to make Jumpin' Jack Flash, a modern espionage comedy. Goldberg plays Terry Doolittle, a computer operator in a large New York City bank who picks up a cry of help on her computer. The signal is from a man who signs off as Jumpin' Jack Flash. Based on the Rolling Stones tune of that name, she figures out his secret password and opens up a Pandora's box of international intrigue. It seems Jack Flash is a pseudonym for a British agent who is trapped in Russia and desperate for information from the British Embassy that will help him escape. When Terry agrees to help him, the CIA, the KGB, British intelligence, and sundry other law enforcement organizations are all hot on her tail as she tries to help the beleaguered British agent.

CREDITS:
TM & © Fox (1986)
Courtesy of Twentieth Century Fox Film Corporation
Cast: Stephen Collins, Garry Marshall, Whoopi Goldberg
Director: Penny Marshall
Producers: George Bowers, Lawrence Gordon, Joel Silver, Elaine K. Thompson, Richard Marks
Screenwriters: David Franzoni, Charles Shyer, Nancy Meyers, Chris Thompson, Steven E. de Souza

WHO ARE WE?
The MOVIECLIPS channel is the largest collection of licensed movie clips on the web. Here you will find unforgettable moments, scenes and lines from all your favorite films. Made by movie fans, for movie fans.

SUBSCRIBE TO OUR MOVIE CHANNELS:
MOVIECLIPS: http://bit.ly/1u2yaWd
ComingSoon: http://bit.ly/1DVpgtR
Indie & Film Festivals: http://bit.ly/1wbkfYg
Hero Central: http://bit.ly/1AMUZwv
Extras: http://bit.ly/1u431fr
Classic Trailers: http://bit.ly/1u43jDe
Pop-Up Trailers: http://bit.ly/1z7EtZR
Movie News: http://bit.ly/1C3Ncd2
Movie Games: http://bit.ly/1ygDV13
Fandango: http://bit.ly/1Bl79ye
Fandango FrontRunners: http://bit.ly/1CggQfC

HIT US UP:
Facebook: http://on.fb.me/1y8M8ax
Twitter: http://bit.ly/1ghOWmt
Pinterest: http://bit.ly/14wL9De
Tumblr: http://bit.ly/1vUwhH7",2015-07-28T20:56:13Z,108081,https://www.youtube.com/watch?v=jKC6UsetwN4
lmvuDWSGEj4,Rani Mukherjee on &#39;What is Tourette&#39; | Hichki | Anupama Chopra,"Rani Mukerji explains to us what Tourette Syndrome is and elaborates on how she prepared for her role in Hichki.

Have you subscribed to Film Companion yet? Join us here - 
http://bit.ly/FCsubscribe

Visit us at http://filmcompanion.in

Do Like, Share, Comment & Subscribe to our channel.

Subscribe: http://bit.ly/FCsubscribe

Follow Us On:
https://www.facebook.com/filmcompanion
https://www.twitter.com/filmcompanion
http://instagram.com/filmcompanion

The Film Companion is a web channel intended to promote Indian cinema through films review, interviews, discussions, video essays and analytical compilations. It is intended primarily for the purpose of encouraging informed discussions, criticism and review of cinema and towards such purpose the programs use short extracts of cinematograph films, sounds recording and photographic works. These clips and extracts are of a minimal nature and the use is not intended to interfere in any manner with their commercial exploitation of the compete work by the owners of the copyright. The use of works are in compliance with the fair dealing exception provided under Sec. 52 of the Copyright Act, and we asset our use of the works under the exception provided for criticism and review.",2018-03-21T08:21:03Z,56781,https://www.youtube.com/watch?v=lmvuDWSGEj4
Itkx12jEX3c,Assistant principal with Tourette syndrome on mission to help others,"Brad Cohen knew from a young age that he wanted to be a teacher and he overcame adversity to make sure his dream came true. 

Cohen started showing signs that he had special needs the summer before fourth grade and after numerous doctor visits he was diagnosed with a neurological disorder called Tourette Syndrome (TS). It causes him to have ticks that he can't control.  

As he worked to become an educator, Cohen's mother taught him to never allow anyone to steal his dreams, no matter how great the obstacle. So, he realized he needed to be a voice for the voiceless. 

Ten years ago, Cohen wrote a book, ""Front of the Class, How Tourette Syndrome Made Me the Teacher I Never Had."" However, it didn't end there. 

""I just knew I needed to share my story with others and then after my story, Oprah had me on her show and I was able to educate millions about people about this condition,"" Cohen said. 

Cohen's life then came to life on the small screen, with Hallmark Hall of Fame creating a tv movie about his journey. 

""This is definitely my purpose in life,"" Cohen said. ""To be that role model for so many people.""

Cohen has also started the Brad Cohen Tourette Foundation. Its mission is to help children with Tourette syndrome learn how to exist in the real world with others who don't understand.",2017-10-17T20:52:57Z,37315,https://www.youtube.com/watch?v=Itkx12jEX3c
4MmEJpaB8To,Making of Hichki - Tourette Syndrome | Rani Mukerji,"#YRFnewreleases - https://www.youtube.com/playlist?list=PLCB05E03DA939D484

► Subscribe Now: https://goo.gl/xs3mrY 🔔 Stay updated!

What is Tourette Syndrome? Watch how Rani Mukerji effortlessly made it a part of her character Naina Mathur in Hichki.

Stay in the filmy loop:
► Like us on Facebook: Facebook/yrf 
► Follow us on Twitter: Twitter/yrf
► Follow us on Instagram: Instagram/yrf
► Visit us on: yashrajfilms.com
                                                                 
🎬 Movie Credits:
Starring: Rani Mukerji
Director: Siddharth P Malhotra
Producer: Maneesh Sharma
Music: Jasleen Royal
Lyrics: Jaideep Sahni, Raj Shekhar, David Klyton, Aditya Sharma, Neeraj Rajawat
Director of Photography: Avinash Arun
Release Date: 23 March 2018

Watch all videos from the film ‘Hichki’: https://www.youtube.com/playlist?list=PLcVfz1-_0rj8goJpfyi49laDQZgcBI_ZV

Synopsis:
“Hichki” is a story about a woman who turns her most daunting weakness into her biggest strength. Naina Mathur (Rani Mukerji) is an aspiring teacher who suffers from Tourette Syndrome. After several interviews and numerous rejections, she lands her dream job as a full-time teacher in one of the most elite schools in the city. However, she soon realises that the class she has been assigned comprises of defiant and impish students who can’t seem to keep out of trouble. Despite a few initial hiccups, Naina must do whatever she can to ensure that her students realise their true potential, and defy all the odds against them.

#YRFnewreleases #Hichki #YRF #RaniMukerji #SiddharthPMalhotra #ManeeshSharma #JasleenRoyal #JaideepSahni #RajShekhar #DavidKlyton #AdityaSharma #NeerajRajawat

© Yash Raj Films Pvt. Ltd.",2018-03-16T14:37:25Z,156367,https://www.youtube.com/watch?v=4MmEJpaB8To
xuuxoch5B_4,Teleportation Tourette&#39;s Syndrome,"Teleportation Tourette's is real.  You might know someone with this dangerous disease.  Watch what happens when you get this disease in this clip.  Oh, and watch what happens with the spiders..  OUCH.

For more from Film Riot go to:
http://www.revision3.com/filmriot",2009-07-11T23:41:10Z,111469,https://www.youtube.com/watch?v=xuuxoch5B_4
x40nKlJvMug,Gay guy talks dating with Tourette Syndrome,"As part of a three-part #support series, Gay Star News chats with First Dates’ Damian Friel about how men react to his Tourette Syndrome.

Follow Gay Star News: http://twitter.com/gaystarnews
Follow Damian: http://twitter.com/damianfriel

MUSIC

Pyres by Broken Elegance https://soundcloud.com/brokenelegance
Creative Commons — Attribution 3.0 Unported— CC BY 3.0
http://creativecommons.org/licenses/b...
Music provided by Audio Library https://youtu.be/9xMg_xdpa7w",2017-06-22T15:51:31Z,57951,https://www.youtube.com/watch?v=x40nKlJvMug
RCqu8qvbse8,The barber who lives his life with Tourette syndrome,"After being diagnosed with Tourette syndrome at age 23, David learned how to overcome his constant twitches and can now be found at Tomcats barbershop.
Subscribe to TDS here: http://bit.ly/TDSsubscribe

News, information, enlightenment. Welcome to The Daily Share.

Follow TDS here:
Website: http://tds.hlntv.com
Facebook: http://facebook.com/thedailyshare
Twitter: http://twitter.com/TheDailyShare
Tumblr: http://thedailyshare.tumblr.com
Instagram: http://instagram.com/thedailyshare
Vine: http://vine.co/thedailyshare

Produced by:

Jason Basso
Michael Byhoff

Directed by:
Jon Sarlin",2015-11-23T22:08:10Z,18201,https://www.youtube.com/watch?v=RCqu8qvbse8
8NVVRBVYIdU,Eric Cartman gets Tourette Syndrome &quot;my cousin and I touched wieners&quot; South Park,"Eric wanted to have Tourette symdrome... 
From episode Le Petit Tourette s11e08 South Park",2019-07-31T20:58:10Z,116413,https://www.youtube.com/watch?v=8NVVRBVYIdU
Pe_RSwlcMbk,Billie Eilish Gets Candid About Having Tourette&#39;s Syndrome With David Letterman,"While appearing on David Letterman's Netflix talk show, ""My Next Guest Needs No Introduction"", Billie Eilish opens up about having Tourette's Syndrome, revealing that it's something she is now ""confident"" in.
#BillieEilish #DavidLetterman

SUBSCRIBE to our channel:

https://www.youtube.com/user/ETCanadaOfficial

FOLLOW us here:

http://www.etcanada.com

Facebook: https://www.facebook.com/etcanada

Twitter: http://www.twitter.com/etcanada

Instagram: http://www.instagram.com/etcanada

TikTok: https://www.tiktok.com/@etcanada",2022-05-24T20:10:00Z,31397,https://www.youtube.com/watch?v=Pe_RSwlcMbk
TDjw36wAOdU,Jess Thom on the upside of Tourette&#39;s syndrome,"Artist and performer Jess Thom has made a stage show about living with Tourette's called ""Backstage in Biscuit Land"". She joins Shad to discuss her stigma-busting show, and how she's re-framed her condition as a source of creative spontaneity.

Subscribe: http://www.youtube.com/subscription_center?add_user=qtv
q's Homepage: http://www.cbc.ca/q
q on Twitter: https://twitter.com/cbcradioq
q on Facebook: https://www.facebook.com/QonCBCRadio

q is a magazine show that’s unpredictable in the best sense - proud to be “a wild mix of culture by way of Canada” as described by the New York Times. The Globe & Mail noted the show’s “raging popularity across a variety of platforms -- podcasts, television, websites, satellite radio, terrestrial radio, and occasional live remote broadcasts.""",2016-05-25T14:00:01Z,14694,https://www.youtube.com/watch?v=TDjw36wAOdU
exMMEkomz9I,Teen with Tourette Syndrome calls out bullying at school | A Current Affair,"Subscribe here: http://9Soci.al/v6PJ50GjSKI | Ryan is bravely speaking out after he moved secondary schools in Melbourne to escape bullying when students made fun of him for making involuntary motor tics. The 15-year-old has Tourette Syndrome, a neurological disorder that causes involuntary muscle movements.

Stream full episodes on 9Now: https://9now.app.link/5Kxzlq5dX6 

Follow ACA on Facebook: http://facebook.com/ACurrentAffair9
Follow ACA on Twitter: http://twitter.com/ACurrentAffair9 
Follow ACA on Instagram: http://instagram.com/ACurrentAffair9 

A Current Affair covers the realms of politics, crime, human rights, science, technology, celebrities and entertainment - all investigated by a dedicated team. A Current Affairs airs weeknights 7.00pm on Channel 9

#ACA #ACurrentAffair #TracyGrimshaw",2022-05-18T01:30:14Z,15604,https://www.youtube.com/watch?v=exMMEkomz9I
D0iCw9G655g,"Tourette syndrome: Liu Fusheng, Art, Life, Tourette&#39;s","Liu Fusheng, a larger than life artist lives in Singapore and happens to have Tourette syndrome. Despite the severity of his symptoms, he was misdiagnosed until his college years. Even now, because of his self mutilation doctors may diagnose him as having autism. Liu's art flourishes and his eccentric style continues to evolve. Here's a short clip from hours spent between Liu & ABILITY's Chet Cooper & Lia Martirosyan in Wuhan, China, during the Integrated Art Exhibition* talking love, life, art and his custom made Michael Jackson shoes.

ABILITY Magazine has moved its videos, please visit Vimeo or http://www.abilitymagazine.com/ for more.

Liu, the artist: http://abilitymagazine.com/Kevin-Nealon/Liu-Fusheng.html

*ABILITY Magazine represented the first US participation, to learn more: http://abilitymagazine.com/China-Art-Exhibition-for-artists-with-disabilities.html

Help us caption & translate this video!

https://amara.org/v/C0dZj/",2015-12-30T02:41:33Z,4444,https://www.youtube.com/watch?v=D0iCw9G655g
LbDT0oGTbCU,"John Phillips, CNN commentator, says Trump has Tourette Syndrome","There have been several references made by media personalities about Donald Trump having Tourette Syndrome. These comments serve to perpetuate the stigma that hundreds of thousands of people with Tourette face every day. Tourette isn’t curable, but can be debilitating, painful and almost always leads to being stigmatized.

The Tourette Association of America is dedicated to raising awareness and acceptance, advancing research, and providing support for all people affected by Tourette Syndrome and other Tic Disorders. But our work – and the lives of those with Tourette and Tics – is much harder when the media makes Tourette a punchline. It’s time to reverse the stigma.

With your great influence and wide reach, we invite you to be part of the solution. Please help the 1 in 100 school aged children who are affected by Tourette Syndrome or another Tic Disorder be understood. Please help the hundreds of thousands of adults who live with symptoms their whole lives get jobs, form relationships and live full lives. Everyone experiences Tourette differently, but they share the common struggles of being bullied and misunderstood.",2016-08-09T20:00:42Z,4665,https://www.youtube.com/watch?v=LbDT0oGTbCU
YwW8z2UC2Sk,How Will Alexei&#39;s Mom React To The News That Loren&#39;s Tourette Syndrome Is Hereditary?,"90 Day Fiance: Happily Ever After | Sundays at 9/8c
Loren and Alexei tell Alexei's mother that Tourette Syndrome is hereditary.
Full Episodes Streaming FREE on TLC GO: http://www.tlcgo.com/90-day-fiance-happily-ever-after

Subscribe to TLC:
http://bit.ly/SubscribeTLC

Facebook:
https://www.facebook.com/TLC

Twitter:
https://twitter.com/TLC",2017-07-27T22:00:01Z,588947,https://www.youtube.com/watch?v=YwW8z2UC2Sk
Vq7ejltS_Dw,Rogers Behavioral Health expert discusses treatment for tics and Tourette Syndrome,"Martin Franklin, PhD, clinical director at Rogers Behavioral Health in Philadelphia presents this webinar.

Chronic tic disorders like Tourette Syndrome often present significant functional impairment and psychiatric comorbidity. While these conditions are only partially responsive to medication, comprehensive behavioral intervention for tics (CBIT) has proven effective in treating patients of all ages. In this webinar, learn about the use of CBIT to treat children, adolescents, and adults with a primary tic disorder and the support of outcomes literature for this approach. 

If you or someone you know is struggling, Rogers can help. Visit https://rogersbh.org or call 800-767-4411.
Rogers Behavioral Health: https://rogersbh.org/
Facebook: https://www.facebook.com/rogers.behavioral.health/
Twitter: https://twitter.com/Rogers_BH
Instagram: https://www.instagram.com/rogersbehavioralhealth
YouTube: https://www.youtube.com/channel/UCoKMuiMSxWVVF9-tTCXHZvQ
LinkedIn: https://www.linkedin.com/company/rogers-behavioral-health",2021-05-14T17:36:27Z,1034,https://www.youtube.com/watch?v=Vq7ejltS_Dw
gK1qS5OhPu0,My Tourette&#39;s Story,"Definition of Tourette's syndrome:  a familial neurological disorder of variable expression that is characterised by recurrent involuntary tics involving body movements (such as eye blinks or grimaces) and vocalizations (such as grunts or utterance of inappropriate words).
- Subscribe to my YouTube channel: http://youtube.com/caspar
- Pictures by Grant: https://www.youtube.com/granthinds

Find Caspar:
Main YouTube: http://youtube.com/Caspar
Side YouTube: http://youtube.com/MoreCaspar
Twitter: http://twitter.com/Caspar_Lee
Instagram: http://instagram.com/Caspar_Lee
Facebook: http://fb.com/CaspLee
Tumblr: http://casparlee.tumblr.com

Thanks for watching!",2017-04-23T17:02:47Z,1772558,https://www.youtube.com/watch?v=gK1qS5OhPu0
6woUjsCmJ3A,Samuel J Comroe: Comedian Tells Funny Story About His Tourette Syndrome - America&#39;s Got Talent 2018,"Samuel will knock your socks off with his hilarious tale about how he first met his wife.
» Get The America's Got Talent App: http://bit.ly/AGTAppDownload
» Subscribe for More: http://bit.ly/AGTSub
» America's Got Talent Tuesdays 8/7c on NBC!
» Stream on Peacock: https://pck.tv/3cCQGhH

AMERICA'S GOT TALENT ON SOCIAL
Like AGT: https://www.facebook.com/agt
Follow AGT: https://twitter.com/agt
AGT Instagram: http://instagram.com/agt

In season 13, NBC's America's Got Talent follows Simon Cowell, Heidi Klum, Mel B, Howie Mandel, and host Tyra Banks in their talent search, showcasing unique performers from across the country.

Find America's Got Talent trailers, full episode highlights, previews, promos, clips, and digital exclusives here.

NBC ON SOCIAL
Like NBC: http://Facebook.com/NBC
Follow NBC: http://Twitter.com/NBC
NBC Pinterest: http://Pinterest.com/NBCtv/
YouTube: http://www.youtube.com/nbc
NBC Instagram: http://instagram.com/nbc

ABOUT AMERICA'S GOT TALENT
With the talent search open to acts of all ages, ""America's Got Talent"" has brought the variety format back to the forefront of American culture by showcasing unique performers from across the country. The series is a true celebration of the American spirit, featuring a colorful array of singers, dancers, comedians, contortionists, impressionists, jugglers, magicians, ventriloquists and hopeful stars, all vying for their chance to win America's hearts and the $1 million prize. Follow judges Simon Cowell, Heidi Klum, Mel B, Howie Mandel, and host Tyra Banks in their talent search!

Samuel J Comroe: Comedian Tells Funny Story About His Tourette Syndrome - America's Got Talent 2018
https://youtu.be/6woUjsCmJ3A

America's Got Talent
http://www.youtube.com/user/americasgottalent
America's Got Talent is available now on Peacock, the new streaming service from NBCUniversal. Watch thousands of hours of hit movies and shows, plus daily news, sports, and pop culture updates. Stream now on Peacock.",2018-09-19T01:28:18Z,590121,https://www.youtube.com/watch?v=6woUjsCmJ3A
PzhTVh4EPyA,Comedian With Tourettes Syndrome Owns Stage On America&#39;s Got Talent 2018 | Got Talent Global,"Watch funny comedian Samuel J Comroe on America's Got Talent 2018 as he gets all the judges laughing while talking about his tourettes. What did you think about his audition?? Let us know in the comments below...

Watch more America's Got Talent:
https://www.youtube.com/watch?v=wnQoxT2iMkQ&t=6s

▶︎ Subscribe to Got Talent Global: http://www.youtube.com/user/gottalentglobal

▶︎ Watch more Got Talent Global videos: https://www.youtube.com/watch?v=w-z5mbZ-yCI&list=PLF-BDTAHX0p5xf2caJw3l9oPmuHI0PJRA

▶︎ Facebook: https://www.facebook.com/gottalentglobal
▶︎ Twitter: https://twitter.com/gottalentglobal
▶︎ Instagram: https://www.instagram.com/gottalentglobal

Got Talent Global brings together the very best in worldwide talent, creating a central hub for fans of the show to keep up to date with the other sensational performances from around the world.",2018-10-16T15:00:05Z,209665,https://www.youtube.com/watch?v=PzhTVh4EPyA
rnv6DQM9WCs,Webinar: Complementary &amp; Alternative Treatments for Tourette Syndrome,"Moderated by Dr. Katie Kompoliti, this webinar focused on alternative and complementary therapies for Tourette Syndrome and how to talk to your healthcare provider about incorporating these strategies into your current treatment plan.",2018-03-09T18:29:52Z,2096,https://www.youtube.com/watch?v=rnv6DQM9WCs
XPQi0O5pySk,ONE Feature | Amir Khan Overcomes Tourette Syndrome,"Life was very different for Amir Khan growing up. Long before he was the all-conquering knockout artist he is today, the Singaporean sensation was a target of bullies due to his neurological disorder. However, his discovery of Muay Thai helped Khan control his involuntary muscle tics. After tearing through the ONE lightweight division, he is now on the verge of achieving a lifelong dream, taking on Filipino icon Eduard Folayang for the ONE Lightweight World Title at ONE: WARRIOR'S DREAM in Manila.

Subscribe to ONE Championship on YouTube: http://bit.ly/ONECHAMPIONSHIP

Connect with ONE Championship: 

ONE Super App: http://bit.ly/ONESuperApp
Website: https://onefc.com/ 
Facebook: https://www.facebook.com/ONEChampionship
Twitter: https://twitter.com/ONEChampionship
Instagram: https://www.instagram.com/onechampionship",2018-11-04T05:48:23Z,77621,https://www.youtube.com/watch?v=XPQi0O5pySk
CzDs50_KV9k,Young boy&#39;s rare side effects caused by Tourette Syndrome | A Current Affair,"Meet eight-year-old Noah, who lives with Tourette Syndrome and a rare symptom seeing him take around 50 trips to the bathroom every day.  Stream full episodes on 9Now: https://9now.app.link/5Kxzlq5dX6 Subscribe here: https://bit.ly/2mBeStv

Follow ACA on Facebook: http://facebook.com/ACurrentAffair9
Follow ACA on Twitter: http://twitter.com/ACurrentAffair9 
Follow ACA on Instagram: http://instagram.com/ACurrentAffair9 

A Current Affair covers the realms of politics, crime, human rights, science, technology, celebrities and entertainment - all investigated by a dedicated team. A Current Affairs airs weeknights 7.00pm on Channel 9

#ACA #ACurrentAffair #TracyGrimshaw",2021-05-28T08:45:00Z,34203,https://www.youtube.com/watch?v=CzDs50_KV9k
YSqNttocrG8,"Tic disorder, Tourette syndrome Cause","Vol . 2
Tic disorder, Tourette syndrome Cause

http://fcstyjleejun.iptime.org/icak2015/index.html
- Site : [en] http://www.fcstnet.com
            [kr] http://www.fcstclinic.co.kr
- Facebook : https://www.facebook.com/groups/cervicaldystonia",2020-09-19T05:11:47Z,19294,https://www.youtube.com/watch?v=YSqNttocrG8
5js-9Awk8Ws,Overcoming Tourette&#39;s Syndrome: Marc Elliot at TEDxNightingaleBamfordSchool,"Marc Elliot knows adversity firsthand. He was born with a rare disease that left him with virtually no intestines, and at age nine he developed a neurological disorder, Tourette's Syndrome, that manifested with physical and vocal outbursts called tics. In any given day, Marc would experience upwards of 3,500 tics, totaling approximately 25 million over the course of his 20-year struggle with the disorder. Remarkably, in 2013, after taking courses with Executive Success Programs, Marc completely overcame his Tourette's by using mind over body. Now 28 years old, Marc lives tic-free. He was named 2011 College Speaker of the Year by Campus Activities Magazine, is the author of What Makes You Tic?: My Journey From Tourette's To Tolerance, and has reached nearly one million people with his message of tolerance.

In the spirit of ideas worth spreading, TEDx is a program of local, self-organized events that bring people together to share a TED-like experience. At a TEDx event, TEDTalks video and live speakers combine to spark deep discussion and connection in a small group. These local, self-organized events are branded TEDx, where x = independently organized TED event. The TED Conference provides general guidance for the TEDx program, but individual TEDx events are self-organized.* (*Subject to certain rules and regulations)",2014-05-31T18:55:41Z,21138,https://www.youtube.com/watch?v=5js-9Awk8Ws
1DZAFoy4rs4,Living with Tourette Syndrome | Jack Klion | TEDxEdgemontSchool,"Jack Klion shares his experience living with Tourette syndrome and why it's important to spread knowledge about Tourette. 

Jack Klion is a National Youth Ambassador of Tourette Association of America and a student at Edgemont Jr/Sr High School. 

This talk was given at a TEDx event using the TED conference format but independently organized by a local community. Learn more at http://ted.com/tedx",2016-08-04T21:06:21Z,79383,https://www.youtube.com/watch?v=1DZAFoy4rs4
FWfqc3CaYMo,Living with Tourette Syndrome,"Assistant principal Brad Cohen travels the country, educating people on what it is like living with the disorder that can cause physical ticks and verbal outbursts.",2018-12-03T17:00:37Z,2563,https://www.youtube.com/watch?v=FWfqc3CaYMo
gQRK8RllHdE,Tourette Syndrome: 10 Interesting Facts,"Tourette Syndrome: 10 Interesting Facts.

Learn more interesting facts about Tourette Syndrome: http://lifey.org/tourette-syndrome-facts/",2018-05-21T19:51:14Z,3240,https://www.youtube.com/watch?v=gQRK8RllHdE
CsG5YcN4BBc,How This Barber With Tourette’s Syndrome Overcomes Twitches and Tics | New York Post,"This Brooklyn barber has shear willpower. David Arce, 28, has Tourette’s syndrome — a neurological condition that makes his arms twitch involuntarily, forcing him occasionally to brace himself on the chair as a tic flares up.

#barber #tourettes #syndrome #condition #disorder #neurology 

From 'How this barber with Tourette’s overcomes twitches to live his dream' - https://nypost.com/2017/06/06/how-this-barber-with-tourettes-overcomes-twitches-to-live-his-dream/

Spend a couple minutes in David Arce’s chair and you’ll ask the same question as every other customer: “What’s that shaking?”

It’s such a common question that Arce has a sign on his station that says, “Why do I act this way? I can’t control it.”

He is the first to admit that he made an odd choice for a profession, but Arce has been cutting hair for 14 years, since he was a teen — and says that the work actually makes his condition more bearable.

“I don’t tic as much when I’m cutting hair or shaving someone,” said Arce, who can experience tics up to 12 times a minute.

A customer once berated him in front of a full shop.

But Arce has a way of turning most of his first-timers into return customers, according to Sean LeVan, who got the “hipster high and tight” his first time in the barber’s chair.

Arce has shown symptoms of Tourette’s syndrome, which can also cause involuntary shaking and verbal outbursts, since he was 8 years old, but the condition went undiagnosed for more than a decade.

At 14, he decided to follow in his cosmetologist mother’s footsteps.

As a teen, his condition made it tough to find typical jobs, and he began working part-time with his mom at a salon in Bensonhurst.

Arce spent three years at the salon honing his craft — without a license, but under his mom’s watch, he said. The work gave people a new way to define him — aside from his Tourette’s.

But Arce needed to strike out on his own to prove he could succeed.

A patron once likened him to Sweeney Todd, the fictional murderous Victorian coiffeur who dispatched his clients with a swift stroke of his straight razor.

In the ensuing years, he went from Brooklyn joints to upscale establishments, including the city’s oldest barbershop, Paul Mole on the Upper East Side and the Lower East Side’s hip Frank’s Chop Shop, earning him a loyal customers and thousands of Instagram followers.

Arce is so deft a barber that the owners of Frank’s — known for high-profile clients such as Jake Gyllenhaal and Wu Tang Clan’s GZA — never felt the need to ask him about his obvious twitching.

Arce eventually landed at Tomcats Barbershop in Greenpoint, where the clientele is a mix of fashionable and easygoing that works for him, he said.

Tourette’s and related tic disorders affect one in every 100 kids, and there is no cure, according to the Tourette Association of America, an advocacy group that is currently marking Tourette’s Awareness Month from May 15 to June 15.
 
Some sufferers are compelled to blurt things out, and others endure physical twitches. Arce is among the latter — spasms originate in his torso and sometimes reverberate along his arms, earning him the nickname “Twitch” among friends, he said.

A patron once likened him to Sweeney Todd, the fictional murderous Victorian coiffeur who dispatched his clients with a swift stroke of his straight razor and was made famous in the dark Stephen Sondheim musical.

That customer was scheduled for a straight-razor shave, but Arce sensed the tension and just used the clippers instead.

The New York Post is your source for breaking news, news about New York, sports, business, entertainment, opinion, real estate, culture, fashion, and more.

Catch the latest news and gossip here: 
https://nypost.com/video/
Follow The New York Post on:
Twitter - https://twitter.com/nypost
Facebook - https://www.facebook.com/NYPost",2017-06-07T14:47:30Z,2080,https://www.youtube.com/watch?v=CsG5YcN4BBc
fDs8XEEFqQE,Samual Comroe: HILARIOUS &#39;Twitchy&#39; Comedian With Tourette Syndrome | America&#39;s Got Talent 2018,"#Full Segment | America’s Got Talent Season 13 | Auditions | Episode 3

#talentshows

For more HD videos, news, analysis and recaps of American Idol – please subscribe & follow Talent Recap:

https://talentrecap.com/

AMERICA'S GOT TALENT ON SOCIAL
Like AGT: https://www.facebook.com/agt 
Follow AGT: https://twitter.com/agt 
AGT Tumblr: http://nbcagt.tumblr.com/ 
AGT Instagram: http://instagram.com/agt 

TALENT RECAP ON SOCIAL:
YouTube: https://goo.gl/6pybnw
Like: https://www.facebook.com/talentrecap/
Follow: https://twitter.com/TalentRecap
Google+: https://goo.gl/jR9eS5
Instagram: https://www.instagram.com/talentrecap/

NBC ON SOCIAL 
Like NBC: http://Facebook.com/NBC 
Follow NBC: http://Twitter.com/NBC 
NBC Tumblr: http://NBCtv.tumblr.com/ 
NBC Pinterest: http://Pinterest.com/NBCtv/ 
NBC Google+: https://plus.google.com/+NBC 
YouTube: http://www.youtube.com/nbc 
NBC Instagram: http://instagram.com/nbc 

ABOUT AMERICA'S GOT TALENT 
With the talent search open to acts of all ages, ""America's Got Talent"" has brought the variety format back to the forefront of American culture by showcasing unique performers from across the country. The series is a true celebration of the American spirit, featuring a colorful array of singers, dancers, comedians, contortionists, impressionists, jugglers, magicians, ventriloquists and hopeful stars, all vying for their chance to win America's hearts and the $1 million prize. Follow judges Simon Cowell, Heidi Klum, Mel B, Howie Mandel, and host Tyra Banks in their talent search

ABOUT TALENT RECAP 
Talent Recap is the #1 independent website which is exclusively dedicated to the fans of the most popular talent shows around the world. As passionate fans of these shows, we provide news, analysis and fan engagement on America’s Got Talent, Britain’s Got Talent, The Voice, The X Factor, American Idol, The Four and its contestants.

Talent Recap
https://goo.gl/nZgzW8",2018-06-13T02:02:53Z,158326,https://www.youtube.com/watch?v=fDs8XEEFqQE
V6PQYrrRiB4,Tourette&#39;s Syndrome Documentary,"Esteemed actor Paul Barrett takes us through the mysterious world of Tourette’s. From teenagers to adults, we examine the trials and tribulations of tirelessly ticking.

Follow Us on Facebook: https://www.facebook.com/attitudetv
Follow Us on Twitter: https://twitter.com/attitude_tv
See more Videos: http://attitudelive.com",2016-07-27T01:33:56Z,34724,https://www.youtube.com/watch?v=V6PQYrrRiB4
LSsKIreVttA,Tourette Syndrome,"Do you know what Tourette Syndrome is?  In this episode of How to Be a Super Friend, our good friend Ope, a medical student at Rutgers Robert Wood Johnson Medical School, is teaching us about what Tourette's is and how to be a good friend to someone who has it.  The views expressed in this video are the medical student's own and do not reflect the views of the employer/medical school.",2020-08-03T14:39:32Z,179,https://www.youtube.com/watch?v=LSsKIreVttA
b0bcAz3o6S8,Turning My Tics Into Music (Tourette Syndrome),"Thank you Grammy.com for doing an article on this song and process! - https://www.grammy.com/grammys/news/jamie-grace-her-uplifting-song-marching-life-tourettes-syndrome-and-transformative

Stream my music on Spotify - https://spoti.fi/3b2ENOH
Stream my music on Apple Music - https://apple.co/2TSzBY7

Support through Patreon - http://patreon.com/jamiegrace
Courses on Songwriting & More - http://jamiegrace.com/create/

INSTAGRAM + TWITTER + FACEBOOK:
@jamiegraceh

F A N  M A I L:
Team Jamie Grace
9663 Santa Monica Blvd #962
Beverly Hills, California
415-494-7223
team@jamiegrace.com

MY GEAR:
main camera - https://amzn.to/2twP1Tq
main lens - https://amzn.to/2NkNf0m
kit lens - https://amzn.to/2MiT1yz

DISCLAIMER: This video is NOT sponsored. This description may contain affiliate links, which mean that if you click on one of the product links and make a purchase, I may receive a small commission. This helps support my channel and allows me to continue to make videos like this. Thanks so much for the support!",2020-08-08T21:02:55Z,18364,https://www.youtube.com/watch?v=b0bcAz3o6S8
L-ZdfpST7n0,David Begnaud on overcoming Tourette&#39;s syndrome,"CBS News' David Begnaud made a national name for himself as a champion of the people of Puerto Rico in the aftermath of Hurricane Maria, but now he's got a new mission – showing people with Tourette's syndrome that a diagnosis shouldn't stop you from achieving your dreams.

Subscribe to the CBS News Channel HERE: http://youtube.com/cbsnews
Watch CBSN live HERE: http://cbsn.ws/1PlLpZ7
Follow CBS News on Instagram HERE: https://www.instagram.com/cbsnews/
Like CBS News on Facebook HERE: http://facebook.com/cbsnews
Follow CBS News on Twitter HERE: http://twitter.com/cbsnews

Get the latest news and best in original reporting from CBS News delivered to your inbox. Subscribe to newsletters HERE: http://cbsn.ws/1RqHw7T

Get your news on the go! Download CBS News mobile apps HERE: http://cbsn.ws/1Xb1WC8

Get new episodes of shows you love across devices the next day, stream CBSN and local news live, and watch full seasons of CBS fan favorites like Star Trek Discovery anytime, anywhere with CBS All Access. Try it free! http://bit.ly/1OQA29B

---
CBSN is the first digital streaming news network that will allow Internet-connected consumers to watch live, anchored news coverage on their connected TV and other devices. At launch, the network is available 24/7 and makes all of the resources of CBS News available directly on digital platforms with live, anchored coverage 15 hours each weekday. CBSN. Always On.",2018-12-14T21:01:39Z,2941,https://www.youtube.com/watch?v=L-ZdfpST7n0
ba4Vc1RjWDs,Tongue twister with Tourette&#39;s Syndrome isn&#39;t easy... But it&#39;s really FUNNY!,"Subscribe for more! 
Twitter - http://www.twitter.com/LewisQball
Twitch.tv - http://www.twitch.tv/LewisQball
Facebook - http://www.facebook.com/LewisQball
Instagram - http://www.instagram.com/LewisQball",2018-07-14T18:00:02Z,2843852,https://www.youtube.com/watch?v=ba4Vc1RjWDs
0szLOMIt9SQ,Tourette Does the Talking: Thomas White at TEDxUND,"Thomas White, a senior at the University of Notre Dame, gives an eloquent talk in which he narrates his life with Tourette Syndrome, a neurological condition that forces him to do battle every second of every day. Not a banal sob story nor a mockery of the severe and incurable disease, his presentation is a celebration—and an expression of his determination, perseverance, and love of life that he hopes will inspire all those who suffer.

In the spirit of ideas worth spreading, TEDx is a program of local, self-organized events that bring people together to share a TED-like experience. At a TEDx event, TEDTalks video and live speakers combine to spark deep discussion and connection in a small group. These local, self-organized events are branded TEDx, where x = independently organized TED event. The TED Conference provides general guidance for the TEDx program, but individual TEDx events are self-organized.* (*Subject to certain rules and regulations)",2014-02-27T21:34:40Z,33186,https://www.youtube.com/watch?v=0szLOMIt9SQ
PiOx01HQL9E,Kids With Tourette&#39;s Syndrome Talk About Experiences | Growing Up | Real Families,"It is thought that one in 100 school children are affected by Tourette’s Syndrome, a neurological condition affecting the brain and nervous system that is characterised by involuntary, random sounds and movements, known as tics - most are boys.

There is no cure, but there is hope, thanks to the pioneering treatment programme at the world renowned leading children’s hospital Great Ormond Street. This moving documentary follows the lives of three boys and their families over a six-month period as they share the reality of living with the condition and the daily obstacles they face. This is their story, in their own words.

Real Families brings you stories of modern day family life from around the world through the eyes of children, parents, and parenting experts. 
Subscribe for weekly documentaries and full episodes of evergreen family documentaries and parenting TV shows. 
 
Subscribe for more from Real Families: https://goo.gl/y8WzCa
 
Follow us on Facebook: https://www.facebook.com/RealFamilies/
 
Check us out on Instagram: https://www.instagram.com/realfamilieschannel/
 
We’re on TikTok too: https://www.tiktok.com/@realfamilies

Content Licensed by All3Media to Little Dot Studios 

Any queries, please contact us at: owned-enquiries@littledotstudios.com

#RealFamilies #Documentary #Tourette",2018-01-15T18:00:02Z,2017976,https://www.youtube.com/watch?v=PiOx01HQL9E
dpB1MB-0vuc,Billie Eilish Opens Up About Her Tourettes Syndrome | My Next Guest Needs No Introduction | Netflix,"Billie Eilish discusses how people react to her tics in this exclusive interview with David Letterman. My Next Guest Needs No Introduction: Season 4 is now streaming on Netflix.

#BillieEilish #DavidLetterman #Netflix

➡️SUBSCRIBE FOR MORE: http://bit.ly/29kBByr

About Netflix:
Netflix is the world's leading streaming entertainment service with 222 million paid memberships in over 190 countries enjoying TV series, documentaries, feature films and mobile games across a wide variety of genres and languages. Members can watch as much as they want, anytime, anywhere, on any internet-connected screen. Members can play, pause and resume watching, all without commercials or commitments.

Billie Eilish Opens Up About Tourettes Syndrome | My Next Guest Needs No Introduction | Netflix
https://www.youtube.com/stillwatchingnetflix

Dave gets back out in the world and digs deep with guests Billie Eilish, Kevin Durant, Ryan Reynolds, Julia Louis-Dreyfus, Will Smith and Cardi B.",2022-05-27T17:00:07Z,2834712,https://www.youtube.com/watch?v=dpB1MB-0vuc
Q5FFVqmmiYY,How Does She Stream on Twitch with Tourette Syndrome?,"Alright guys, we’ve talked a lot about Twitch bans on this show.

Streamers getting banned for the crazy stuff they’ve done, what they’ve said and what they didn’t say or do. Sometimes the people involved in those stories rage against Twitch, sometimes they appeal for justice in the face of injustice, and sometimes they break down and cry. 

But today’s different.

Imagine, through no fault or intent of your own, you were prone to uncontrollably say things that, on their own -- without a shred of context -- could be offensive, insulting and DEFINITELY ban-worthy.

Well, that’s the reality a streamer named Sweet Anita faces every single day.

Written and Hosted by: Colin McNeil (@McNeilColin) 
Edited by: Andrew Faigal (@Brrrning)

Footage courtesy of: 

The Clip That Started It All
Courtesy: Sweet Anita
https://youtu.be/NE273i101kc

Summity apologizes to Sweet Anita
Courtesy: summit1g
https://clips.twitch.tv/PeacefulTrustworthyPidgeonAliens

Music used under license from Associated Production Music LLC (”APM”).

Follow us on Twitter: http://twitter.com/thescoreesports
Follow us on Facebook: https://www.facebook.com/theScoreesports
Follow us on Instagram: https://instagram.com/theScoreesports",2019-12-18T00:00:02Z,325283,https://www.youtube.com/watch?v=Q5FFVqmmiYY
NlFpkruxrCI,&#39;Just a Tic&#39; TVNZ Sunday Tourette Syndrome Report,"A report on living with Tourette's Syndrome by TVNZ's Sunday program.

WARNING - The video does contain some bad language.

This report originally aired on 16th February 2014.

TVNZ Sunday:
https://www.tvnz.co.nz/shows/sunday
https://www.facebook.com/SundayTVNZ/",2018-06-08T08:37:11Z,5192162,https://www.youtube.com/watch?v=NlFpkruxrCI
WTtwmyyUwSY,The 2nd Grade Teacher with Tourette Syndrome | The Oprah Winfrey Show | Oprah Winfrey Network,"At age 12, Brad Cohen was diagnosed with a little-known neurological disorder called Tourette syndrome. At the time, few understood the disorder, especially the kids at school and Brad was tormented for years because of his Tourette's. When Brad went looking for his first teaching job, no one would give him a chance. He went on 24 excruciating interviews before he was hired. Brad went on to win the state of Georgia's First Year Teacher of the Year award. In 2006, Oprah sat down with the extraordinary soul who refused to give up. For more on #oprahwinfreyshow, visit WatchOWN.tv/TOWS

Find OWN on TV at http://www.oprah.com/FindOWN

#OWNTV #oprahwinfreyshow #Oprahwinfrey
SUBSCRIBE: http://bit.ly/1vqD1PN

Download the Watch OWN App: http://bit.ly/2hr1nX2

About OWN:
Oprah Winfrey Network is the first and only network named for, and inspired by, a single iconic leader.  Oprah Winfrey's heart and creative instincts inform the brand -- and the magnetism of the channel.

Winfrey provides leadership in programming and attracts superstar talent to join her in primetime, building a global community of like-minded viewers and leading that community to connect on social media and beyond.  OWN is a singular destination on cable.  Depth with edge. Heart. Star power. Connection.  And endless possibilities.

Discover OWN TV:
Find OWN on your TV!: http://bit.ly/1wJ0ugI
Our Fantastic Lineup: http://bit.ly/1qMi2jE

Connect with OWN Online:
Visit the OWN WEBSITE: http://bit.ly/1qMi2jE
Like OWN on FACEBOOK: http://on.fb.me/1AXYujp
Follow OWN on TWITTER: http://bit.ly/1sJin8Y
Follow OWN on INSTAGRAM: http://bit.ly/LnqzMz
Follow OWN on PINTEREST: http://bit.ly/2dvfPeN
 
The 2nd Grade Teacher with Tourette Syndrome | The Oprah Winfrey Show | Oprah Winfrey Network
http://www.youtube.com/user/OWN",2020-03-05T08:00:28Z,78297,https://www.youtube.com/watch?v=WTtwmyyUwSY
UWgFvb5aDDk,Kids With Tourette’s Syndrome | Medical Documentary | Only Human,"It is thought that one in 100 school children are affected by Tourette’s Syndrome, a neurological condition affecting the brain and nervous system that is characterized by involuntary, random sounds and movements, known as tics - most are boys.
There is no cure, but there is hope, thanks to the pioneering treatment program at the world-renowned leading children’s hospital Great Ormond Street. This moving documentary follows the lives of three boys and their families over a six-month period as they share the reality of living with the condition and the daily obstacles they face. This is their story, in their own words.


Like our content? Support us by becoming a member! bit.ly/JoinOnlyHuman

Only Human celebrates and explores the unique and personal qualities we all have. 
Our channel offers a range of TV series and documentaries about human experiences and life journeys - while looking at the challenges life throws at us, turning ordinary people into everyday heroes. 

Subscribe for new releases of full episodes and documentaries every week:
http://bit.ly/YouTubeOnlyHuman

Follow us on Facebook: https://www.facebook.com/OnlyHumanChannel/
 
Follow us on Instagram: https://www.instagram.com/onlyhumanldn/
 
Follow us on Twitter: https://twitter.com/OnlyHumanLDN



Content licensed from All3Media International to Little Dot Studios.
 
Any queries, please contact us at: 
owned-enquiries@littledotstudios.com",2020-07-20T16:00:09Z,42348,https://www.youtube.com/watch?v=UWgFvb5aDDk
9qzeEgmSbDc,Sleeping with Tourette&#39;s Syndrome,"Hey! I love you ♥

📸 Instagram
https://adamladell.net/ig
📱 Snapchat
Adam.Ladell
Twitter
@TicTwitchTeen   ahh...memories :')",2015-09-27T02:18:38Z,1476629,https://www.youtube.com/watch?v=9qzeEgmSbDc
-23QEe3QpT0,What is life like with Tourette Syndrome? ***WARNING! COARSE LANGUAGE!***,"***WARNING **** 

***OFFENSIVE LANGUAGE***

***RACIAL AND DEROGATORY SLURS***

I wanted to show you a snippet of some teenagers who live with Tourette Syndrome. 

Coprolalia 

Coprographia 

Coprooraxia 

Echolalia 

Exhopraxia 

Palilalia 

And impulsions. 

This is their reality, their life, their authentic unedited selves. 

Let me know what you think!",2022-06-13T08:07:21Z,4781,https://www.youtube.com/watch?v=-23QEe3QpT0
BA_5mEw9BKY,Barter Kings: Tourette Syndrome | A&amp;E,"Antonio and Steve discuss Antonio's Tourette Syndrome.

http://www.aetv.com/barter-kings/video/
https://www.facebook.com/AETV

A&E leads the cultural conversation through high-quality, thought provoking original programming with a unique point of view. Whether it’s the network’s distinctive brand of award-winning disruptive reality, groundbreaking documentary, or premium scripted drama, A&E always makes entertainment an art. Visit us at aetv.com for more info.",2012-07-14T05:00:09Z,128687,https://www.youtube.com/watch?v=BA_5mEw9BKY
ZsOJGd4VLi0,David Begnaud opens up about managing Tourette syndrome,"CBS News correspondent David Begnaud opened up about his experience managing Tourette syndrome, a neurodevelopmental disorder characterized by involuntary movements and vocalizations known as tics. David and Amanda Talty, the president and CEO of the Tourette Association of America, join CBSN to discuss what it's like to live with Tourette's.

Subscribe to the CBS News Channel HERE: http://youtube.com/cbsnews
Watch CBSN live HERE: http://cbsn.ws/1PlLpZ7
Follow CBS News on Instagram HERE: https://www.instagram.com/cbsnews/
Like CBS News on Facebook HERE: http://facebook.com/cbsnews
Follow CBS News on Twitter HERE: http://twitter.com/cbsnews

Get the latest news and best in original reporting from CBS News delivered to your inbox. Subscribe to newsletters HERE: http://cbsn.ws/1RqHw7T

Get your news on the go! Download CBS News mobile apps HERE: http://cbsn.ws/1Xb1WC8

Get new episodes of shows you love across devices the next day, stream CBSN and local news live, and watch full seasons of CBS fan favorites like Star Trek Discovery anytime, anywhere with CBS All Access. Try it free! http://bit.ly/1OQA29B

---
CBSN is the first digital streaming news network that will allow Internet-connected consumers to watch live, anchored news coverage on their connected TV and other devices. At launch, the network is available 24/7 and makes all of the resources of CBS News available directly on digital platforms with live, anchored coverage 15 hours each weekday. CBSN. Always On.",2018-12-17T17:10:37Z,9719,https://www.youtube.com/watch?v=ZsOJGd4VLi0
L-TSl34YPfY,Educating Students about Tourette Syndrome,Thomas E. Weightman Middle School student Adrianna Trader is educating her school about Tourette Syndrome.,2017-08-22T19:06:51Z,3594,https://www.youtube.com/watch?v=L-TSl34YPfY
N4AX7-09G0I,Zack&#39;s Battle with Tourette Syndrome,"Zack Lamb has one of the most severe cases of Tourette Syndrome in the US... Dateline returns to see if drastic surgery on his brain has worked.

Dateline reporters scour the globe to bring you a world of daring stories. Our reputation is for fearless and provocative reporting. Australia's beloved, award winning and longest running international current affairs program.

For more on Aaron Lewis' story, go to the SBS Dateline website... http://bit.ly/1rsyOsy

https://www.sbs.com.au/news/dateline
https://www.facebook.com/DatelineSBS/",2014-09-24T01:55:16Z,670829,https://www.youtube.com/watch?v=N4AX7-09G0I
w1rkd2w0nAE,ONE Feature | Amir Khan Conquers Tourette’s Syndrome,"Long before he became ONE's knockout king, Amir Khan was a shy child who was constantly picked on for suffering with Tourette’s syndrome. However, the Singaporean sensation’s turned his life around when he discovered mixed martial arts. Not only has the sport taught him to have better control over his involuntary tics, but it has given him a successful career, which has culminated in a lightweight World Title shot at ONE: CONQUEST OF CHAMPIONS in Manila. 

Subscribe to ONE Championship on YouTube: http://bit.ly/ONECHAMPIONSHIP

Connect with ONE Championship: 

ONE Super App: http://bit.ly/ONESuperApp
Website: https://onefc.com/ 
Facebook: https://www.facebook.com/ONEChampionship
Twitter: https://twitter.com/ONEChampionship
Instagram: https://www.instagram.com/onechampionship",2018-11-14T08:00:50Z,78998,https://www.youtube.com/watch?v=w1rkd2w0nAE
okcard8j5OY,Is He Faking Tourettes Syndrome? | Responding To &#39;The Strange YouTuber Who Faked His Disability&#39;,"Sweet Anita responds to Grazy TV accusing YouTuber '아임뚜렛  I'm Tourette; of faking their tourettes.
⬇ Expand For More⬇

♥ Merch: http://bit.ly/anitamerch
♥ Twitch: http://bit.ly/anitatwitch
♥ Twitter: http://bit.ly/anitatwitter
♥ Facebook: http://bit.ly/anitafb
♥ Discord: http://bit.ly/anitadiscord

Video Description: 
Sweet Anita responds to a video by Grazy TV accusing a Korean YouTuber 아임뚜렛  I'm Tourette of faking their tourettes syndrome. Anita explains how their response video points are not proof that 아임뚜렛  I'm Tourette does not have tourettes and she looks to educate on how damaging this can be and how all tourettes creators have these accusations.

Original Video: https://www.youtube.com/watch?v=JxBNgTGLgRU
This Trippy Hippie: https://www.youtube.com/watch?v=8qtUvnK77CI
Tourettes Teen: https://www.youtube.com/watch?v=enk4gdpF2AA
This Tourettes Guy: https://www.youtube.com/watch?v=Uv_fg6EqM5U
Diamond Painting 3118: https://www.tiktok.com/@diamondpainting3118
Anikichad: https://www.twitch.tv/anikichad / https://www.tiktok.com/@anikichad

Subscribe To My Second Channel: https://www.youtube.com/channel/UCQoSAhBNdBLLXcHVk31XO2g



⬇ My YouTube Playlists ⬇

The Best Of Sweet Anita: https://bit.ly/3f4yuiD
Tourettes FAQ: https://bit.ly/2RqAgSp

Everything Sweet Anita: https://bit.ly/3429hPu
Sweet Anita Gaming: https://bit.ly/3tZdvSE
Sweet Anita IRL: https://bit.ly/3wlKAd8
Sweet Anita Stories: https://bit.ly/3yuuoYH
Sweet Anita’s Best Clips: https://bit.ly/3oCCo5E
Sweet Anita VOD Archive: https://bit.ly/3v4XrQI

⬇ My PO Box ⬇

Sweet Anita
Unit 30858, Courier Point, 
13 Freeland Park, Wareham Road, 
Poole, Dorset,
BH16 6FH, UK

Please be aware that all parcels and letters are opened and checked by someone else before they reach me. Sadly I can't accept food.

⬇ Channel Description ⬇
This is the official YouTube channel of Sweet Anita, a girl with Tourette's who loves animals and video games.",2021-08-13T19:00:14Z,1378046,https://www.youtube.com/watch?v=okcard8j5OY
riTUdZ_GsZg,Anilee List: Was Diagnosed With Tourette Syndrome But Watch What Happens When She Starts Singing!,"@American Idol  on ABC | Season 4 | Auditions 1 

#AmericanIdol #TalentRecap #Audition

Watch our weekly @Talent Recap show for a deeper dive into what's happening on @american Idol week by week! HERE: https://www.youtube.com/talentrecap/

For more HD videos, news, analysis and recaps of  American Idol   – please subscribe & follow Talent Recap:

https://talentrecap.com/

AMERICAN IDOL ON SOCIAL
Watch American Idol on YouTube: https://www.youtube.com/americanidol
Like American Idol on Facebook: https://www.facebook.com/AmericanIdol 
Follow American Idol on Twitter: https://twitter.com/americanidol 
Follow American Idol on Instagram: https://www.instagram.com/americanidol/ 

TALENT RECAP ON SOCIAL:
YouTube: https://www.youtube.com/talentrecap
Like: https://www.facebook.com/talentrecap/
Follow: https://twitter.com/TalentRecap
Instagram: https://www.instagram.com/talentrecap/

ABOUT TALENT RECAP 
Talent Recap is the #1 independent website which is exclusively dedicated to the fans of the most popular talent shows around the world. As passionate fans of these shows, we provide news, analysis and fan engagement on America’s Got Talent, Britain’s Got Talent, The Masked Singer, The Voice, The X Factor, American Idol, The Four and its contestants.

ABOUT AMERICAN IDOL
AMERICAN IDOL, the iconic series that revolutionized the television landscape by pioneering the music competition genre, returned to the airwaves in February 2021 for its forth season at its new home on ABC. The nationwide search for the next superstar kicked off in August 2019, as the virtual Idol Bus traveled from Portland, Oregon, to Orlando, Florida, in its pursuit for talent, covering many cities across the country. Auditioning was made easier than ever as hopefuls also had the opportunity to submit audition videos online, as well as via select social media platforms using an official tag, #TheNextIdol, cultivating over 300,000 posts. Also, for the first time in “American Idol” history, hopefuls had the opportunity to audition through a livestream platform. Helping to determine who America will ultimately vote for to become the next singing sensation, are music industry forces and superstar judges, Luke Bryan, Katy Perry and Lionel Richie. Emmy® Award-winning host and producer Ryan Seacrest will return as host of the beloved series.

Talent Recap
https://goo.gl/nZgzW8",2021-02-15T01:54:08Z,77479,https://www.youtube.com/watch?v=riTUdZ_GsZg
dZ6q064gjvo,Ask Me Anything With Jeremy Goh: Living With Tourette Syndrome,"Living with Tourette Syndrome has never been easy. We speak to Jeremy who's been living with the disorder since he was 9 years old.

The special educator shares how he learnt to overcome his ailment and live life to the fullest.

Follow @MustShareNews for more videos like this.",2021-11-29T09:45:30Z,1119,https://www.youtube.com/watch?v=dZ6q064gjvo
5or2QuF4__I,Will I Take The Cure For My Tourette&#39;s Syndrome? | Sweet Anita,"Would Anita take a cure for her Tourettes? Should you ask this question? 
Click here to get a discount on your Displate!
https://opg.to/DisplateANITA

⬇ Expand For More⬇

♥ Merch: http://bit.ly/anitamerch
♥ Twitch: http://bit.ly/anitatwitch
♥ Twitter: http://bit.ly/anitatwitter
♥ Facebook: http://bit.ly/anitafb
♥ Discord: http://bit.ly/anitadiscord

Video Description: 
Sweet Anita discuss's the frequently asked question of if she would take a cure for her Tourettes and talks about the problem in asking people these kind of questions. 

Subscribe To My Second Channel: https://www.youtube.com/channel/UCQoSAhBNdBLLXcHVk31XO2g

⬇ My YouTube Playlists ⬇

The Best Of Sweet Anita: https://bit.ly/3f4yuiD
Tourettes FAQ: https://bit.ly/2RqAgSp

Everything Sweet Anita: https://bit.ly/3429hPu
Sweet Anita Gaming: https://bit.ly/3tZdvSE
Sweet Anita IRL: https://bit.ly/3wlKAd8
Sweet Anita Stories: https://bit.ly/3yuuoYH
Sweet Anita’s Best Clips: https://bit.ly/3oCCo5E
Sweet Anita VOD Archive: https://bit.ly/3v4XrQI

⬇ My PO Box ⬇

Sweet Anita
Unit 30858, Courier Point, 
13 Freeland Park, Wareham Road, 
Poole, Dorset,
BH16 6FH, UK

Please be aware that all parcels and letters are opened and checked by someone else before they reach me. Sadly I can't accept food.

⬇ Channel Description ⬇
This is the official YouTube channel of Sweet Anita, a girl with Tourette's who loves animals and video games.",2020-06-22T19:00:03Z,519100,https://www.youtube.com/watch?v=5or2QuF4__I
_R6gQDJgUPk,Kid with TOURETTE SYNDROME blows the coaches away in The Voice Kids! 😱 | The Voice Stage #55,"The 13 year old Blair has Tourette syndrome and music helps him from having tics. He impresses the coaches with his Kings of Leon Blind Audition and even get to perform with them. Would you turn for Blair? 😃

🚨 Song info:
Blair performed 'The Bucket' by Kings of Leon

🚨 Series info:
In #TheVoiceStage we highlight the best, funniest, most adorable and most inspiring stories of kids who audition for The Voice Kids. Enjoy!

🚨 Hashtags:
#TheVoice #TheVoiceKids #Blair #TheVoiceKidsUK #BlindAudition #Tourette #GillesDeLaTourette #KingsOfLeon",2020-10-22T13:00:10Z,316382,https://www.youtube.com/watch?v=_R6gQDJgUPk
03VhNEAhwrg,What is Tourette&#39;s Syndrome? ft. Squeak Code!,"Check out Squeak Code: https://www.youtube.com/channel/UCP2cfi2T2FaNLyb75sraXTQ

Donate to the International OCD Foundation and sponsor Team Shalom Aleichem at the OCD 5k: :) https://www.crowdrise.com/thekatway-1Million4OCD2016-Atl/fundraiser/thekatway

It's FINALLY UPLOADED! :D It took an extra week, but I finally finished my video to innitiate Tourette's Syndrome Awareness month on my channel. HUGE thanks to Sqeak Code for coming on my channel to talk about this. Experience teaches more than research ever can! 

Hope you guys are doing great! Keep breaking stigma and spreading awareness of mental AND neurological health. :)

Donate to the International OCD Foundation and sponsor Team Shalom Aleichem at the OCD 5k: :) https://www.crowdrise.com/thekatway-1Million4OCD2016-Atl/fundraiser/thekatway


Shalom, Kat

NEW OCD Blog: https://doanexposure.wordpress.com/
(PS. Aimed for young adult/adult readers).

Tumblr: http://doanexposure.tumblr.com/

Twitter: https://twitter.com/thekatway

Snapchat: @thekatway

Need help for OCD? Go to: https://iocdf.org/about-ocd/finding-help/

Read My OCD Story: http://theocdstories.com/religious-ocd/learning-to-live/

Watch me on The OCD Stories' podcast: http://theocdstories.com/podcast/kat-nicole-on-beating-and-learning-to-live-after-ocd/",2016-05-24T05:01:38Z,2407,https://www.youtube.com/watch?v=03VhNEAhwrg
H1GL3Uvi9uU,"Student With TOURETTE&#39;S Made Fun Of, What Happens Is Shocking | Dhar Mann","⚑ MOBILE APP ⚑
App Store = https://apple.co/3nhvjap
Google Play = https://bit.ly/3DRzS1I


💥 Don't forget to SUBSCRIBE to my channel by clicking here ➞ ➞ http://bit.ly/DharMannYouTube **Make sure you CLICK THE BELL ICON so you can get notifications when my next video goes up so you don’t miss anything!

REMEMBER - We're not just telling stories, we're changing lives! So please help my videos change more lives by SHARING!



⚑  SHOP EXCLUSIVE MERCH! ⚑  
Shop Merch ➜ https://shop.dharmann.com/



⚑ CONNECT WITH ME ⚑ 
Instagram ➜ https://www.instagram.com/dhar.mann/
Facebook ➜ https://www.facebook.com/dharmannofficial
Twitter ➜ https://twitter.com/dharmann
Pinterest ➜ https://pinterest.com/dharmannofficial
TikTok ➜ https://bit.ly/34P7DQR
Newsletter Sign-Up ➜ http://bit.ly/2uNssig



★ OTHER CHANNELS ★ 
🔴 Behind-The-Scenes Channel ➜ https://bit.ly/3dJRfGb
🟡 Top Videos Channel ➜ https://bit.ly/2PPqSH9
🟠 Reactions Channel ➜ https://bit.ly/3ftiiYk
🟢 Extended Cuts ➜ https://bit.ly/3iBiNBS
Compilations Channel ➜ https://bit.ly/2S89zly
Dhar and Laura Vlog ➜ http://bit.ly/DharAndLauraYouTube


INTERNATIONAL CHANNELS:
Spanish: https://bit.ly/2EuagyY
Portuguese: https://bit.ly/3nx2Blc
Arabic: https://bit.ly/3jYE0TQ
Hindi: https://bit.ly/2Iy6beu
French: https://bit.ly/3COf2Qc
German: https://bit.ly/3AQI3dE


★ RECOMMENDED VIDEO FOR YOU ★
- Gamer Gets Cyberbullied At School: https://youtu.be/kmG9maCcut4

★ RECOMMENDED PLAYLIST FOR YOU ★
- My Best Videos: https://bit.ly/3z7QEIC





⚑ LEAVE A REVIEW ON IMDB ⚑ 
Share Your Review ➜ https://imdb.to/3zDwUgv





💥 NEW VIDEOS every MONDAY, TUESDAY, WEDNESDAY and THURSDAY at 5pm (PST) 



CHAPTERS:
00:00   Student With TOURETTE'S Made Fun Of
07:32  Dhars Outro
07:53  Recommended Video To Watch Next



CREDITS
Writer: Dhar Mann 
Idea: Troy Whitaker and Dhar Mann
Director: Mario Rodriguez
Editor: Grant Swanson
Composer: Theodore Ramirez
Senior Production Manager: Ruben Ortiz, Tony Corsini
Pre-Production Manager: Hope Mueller
Casting Associate: Daniel E. Carrera, Lauren Parsons, Kevin Svec
Project Managers: Nix Villarubin, Jacq Balmeo, Sherri Salazar, Luz Ortiz, Alexander Pacillas, Allan Dave Castro
Production Assistant: Carlos Orellana, Elisandro Gonzalez  
Sound: Brian Sly
BTS: Tyler Stanley
Casting Services: Breakdown Services

Actors:
Mikey - Kaido Lee Roberts 
Jayden - Brendan Schroeder
Tommy - Cory Jean Havis
Mom - Katherine Norland
Student 1 - Kat Zander 
Student 2 - Mckenzie Lewis
Student 3 - Natalin Luke
Student 4 - Malia Daniels
Student 5 - Christian Ware
Student 6 - Andrew Rodriguez
Student 7 - Elijah Longshore
Fan 1 - Simon Sigal
Fan 2 - Milena McConnell






#Motivation #Inspirational",2021-09-16T00:00:10Z,18130635,https://www.youtube.com/watch?v=H1GL3Uvi9uU
4j7otORrvGs,Girl&#39;s Tourette syndrome vanishes on stage,"Clara Faile has Tourette syndrome. But when she's acting — she's playing the starring role in Greendale High's production of ""Peter Pan"" — the nervous tics and the anxiety disappear. Video by Mike De Sisti",2013-03-13T01:45:24Z,4780,https://www.youtube.com/watch?v=4j7otORrvGs
BsBYwarH-ro,Rated K: Philippine Tourette Syndrome Association,"Makati Medical Center neurologist Dr. Lucy Kathrina Banzali talks about the different tics that people with Tourette syndrome might demonstrate, and clarifies misconceptions about the affliction.

Subscribe to the ABS-CBN News channel! - http://bit.ly/TheABSCBNNews

Watch the full episodes of Rated K on TFC.TV  
http://bit.ly/RATEDK-TFCTV
and on iWant for Philippine viewers, click:
http://bit.ly/RatedK-iWant

Visit our website at http://news.abs-cbn.com
Facebook: https://www.facebook.com/abscbnNEWS
Twitter: https://twitter.com/abscbnnews",2018-06-24T21:48:57Z,91562,https://www.youtube.com/watch?v=BsBYwarH-ro
MiOHRIUnlfo,Tics in Class - Tourette’s Syndrome,"Hello! I'm Zara, I'm 15 and I have Tourette's Syndrome :)
Here's some footage from a few months ago that I filmed in different lessons showing what it's like to have tics and Tourette's in school.
A lot of you know me from TikTok but I'm now posting here on YouTube too! I have a lot of class footage filmed but any video requests or ideas are much appreciated!

My social media:
Tiktok- @zeezee25
Instagram- @zara_bethx
Twitch- @zarorahx

https://linktr.ee/zarabeth",2021-01-01T18:12:25Z,155687,https://www.youtube.com/watch?v=MiOHRIUnlfo
6paJ7CJrA0E,I have Tourette syndrome and here’s why I want you to laugh - Jess Thom | Comment is Free,"Jess Thom’s tics from Tourette syndrome can be funny, but people often suppress their laughter for fear of causing offence. This, she says, shows how hard it can be to deal with people who are different from us. But by having an open conversation about disability and difference, she argues, the barriers between us become smaller.

Subscribe to The Guardian on YouTube ► http://is.gd/subscribeguardian

Support the Guardian ► https://support.theguardian.com/contribute

Today in Focus podcast ► https://www.theguardian.com/news/series/todayinfocus

Sign up for the Guardian documentaries newsletter ► https://www.theguardian.com/info/2016/sep/02/sign-up-for-the-guardian-documentaries-update

The Guardian ► https://www.theguardian.com

The Guardian YouTube network:

Guardian News ► https://www.youtube.com/guardianwires
Guardian Football ► https://www.youtube.com/user/GuardianFootball
Guardian Sport ► http://www.youtube.com/c/GuardianSportVideo
Guardian Live ► https://www.youtube.com/user/guardianmembership
Guardian Culture ► https://www.youtube.com/guardianculturearts",2015-12-23T09:23:13Z,982934,https://www.youtube.com/watch?v=6paJ7CJrA0E
B-abhs6JPjg,Service dog helps Manlius teen manage Tourette Syndrome,"http://cnycentral.com
http://facebook.com/cnycentral
@CNYCentral",2014-03-12T19:57:10Z,10969,https://www.youtube.com/watch?v=B-abhs6JPjg
ob0QUj7PxE8,"&#39;Once people understand, they don&#39;t laugh&#39;: Boy with Tourette Syndrome co-creates book","Six-year-old Zachary Pattinson was diagnosed with Tourette syndrome in 2020. Together with his principal from EtonHouse Pre-school, they came up with a book to raise awareness of the neurological disorder. Read the story: https://str.sg/33gU [For subscribers]

SUBSCRIBE ➤ http://bit.ly/FollowST
--------------------
WEBSITE ➤ http://www.straitstimes.com
TWITTER ➤ https://www.twitter.com/straits_times
FACEBOOK ➤ https://www.facebook.com/TheStraitsTimes
INSTAGRAM ➤ https://www.instagram.com/straits_times
PODCASTS ➤ https://www.straitstimes.com/tags/st-podcasts
TELEGRAM ➤ https://t.me/TheStraitsTimes

The Straits Times, the English flagship daily of SPH, has been serving readers for more than a century. Launched on July 15, 1845, its comprehensive coverage of world news, East Asian news, Southeast Asian news, home news, sports news, financial news and lifestyle updates makes The Straits Times the most-read newspaper in Singapore.",2021-07-22T02:00:06Z,14087,https://www.youtube.com/watch?v=ob0QUj7PxE8
4y4CxSlHowY,Living with Tourette&#39;s Syndrome: MisFITS Like Us,"Life can be difficult when you’re different. This is what it's like to live with Tourette's Syndrome. 

To find out more about the people in this video watch MisFITS Like Us on the BBC Three iPlayer page here: https://www.bbc.co.uk/iplayer/episode/p063rhvt/misfits-like-us-series-1-episode-1
--
Click here to subscribe to BBC Three: http://bit.ly/BBC-Three-Subscribe

Did you know that we’re up to other things in other places too?

Best of BBC Three: www.bbc.co.uk/bbcthree
iPlayer: http://www.bbc.co.uk/tv/bbcthree
Twitter: http://www.twitter.com/bbcthree
Facebook: http://www.facebook.com/bbcthree
Instagram: http://instagram.com/bbcthree
Tumblr: http://bbcthree.tumblr.com

Oh, we’re on Snapchat too - just incase you were wondering… add us, bbcthree.",2018-04-30T17:00:01Z,562508,https://www.youtube.com/watch?v=4y4CxSlHowY
VWEFKMiGuFk,Flying Anne: Growing up with Tourette’s syndrome,"Anne is 11 and has Tourette’s syndrome. She also has a great love of life

Subscribe to the Aeon Video newsletter: https://bit.ly/2MfCgqO
Watch 'Flying Anne' on Aeon: https://bit.ly/3oYWJBT
Watch more free videos on Aeon: https://bit.ly/35DJcpb
Subscribe on YouTube: https://bit.ly/2EQf1zv
Follow us on Twitter: https://bit.ly/2SaTMjt
Follow us on Facebook: https://bit.ly/2MgoDrg
Follow us on Instagram: https://bit.ly/2tDzsNC

Catherine van Campen’s film follows 11-year-old Anne through the long and willful days of childhood as she reflects on her hopes and fears. Unlike most other 11-year-olds, however, Anne has Tourette’s syndrome, which manifests itself in involuntary tics and urges. The film is an affecting portrait of growing up different at an age of trying to fit in.

Director: Catherine van Campen
Producer: Joost Seelen

#Netherlands #tourettes #medicine",2016-07-25T14:52:38Z,11063,https://www.youtube.com/watch?v=VWEFKMiGuFk
WRLqWAfb2k0,Tourette&#39;s syndrome #shorts,,2021-08-23T03:51:08Z,13399,https://www.youtube.com/watch?v=WRLqWAfb2k0
tEitDTX2ZAo,"Stuttering is a neurological condition, such as Tourette&#39;s syndrome","Now there's new hope for a life-altering condition. Growing evidence suggests stuttering is neurological, not emotional, as so many have thought. And help may soon be on the way.

Para mais informações sobre gagueira, visite: http://www.gagueira.org.br

Para uma versão legendada deste vídeo, vá em: http://www.overstream.net/view.php?oid=rmtlu1sumuui",2007-10-12T20:58:01Z,178075,https://www.youtube.com/watch?v=tEitDTX2ZAo
8NzYsjLYRdg,Jim Eisenreich on being diagnosed with Tourette Syndrome,"Jim talks about his Tourette diagnosis. For more information about the Jim Eisenreich Foundation for Children with Tourette Syndrome, please visit http://www.Tourettes.org.",2011-07-26T15:33:15Z,10264,https://www.youtube.com/watch?v=8NzYsjLYRdg
_EPV7HKUpMQ,"&quot;The Elephant in Every Room I Enter,&quot; New Show About Tourette Syndrome","http://www.playbill.com/multimedia/video In ""The Elephant in Every Room I Enter,"" Gardiner Comfort shares his life as an actor with a neurological disorder and discovers, for the first time in his life, how he can be himself after attending the Tourette Syndrome Association National Conference in Washington, DC. The show was created by Comfort and Kel Haney; Haney directs.",2015-11-12T21:51:50Z,1756,https://www.youtube.com/watch?v=_EPV7HKUpMQ
8tqe1Fot3YM,Loren Reveals Her Medical Secret | 90 Day Fiance,"90 Day Fiancé
Sundays 9/8c on TLC
Amid harsh criticism online, Loren shares that she has suffered from Tourette Syndrome for years.

Watch full episodes of 90 Day Fiancé:
http://www.tlcgo.com/90-day-fiance

Subscribe to TLC:
http://bit.ly/SubscribeTLC

Facebook:
https://www.facebook.com/TLC

Twitter:
https://twitter.com/TLC",2016-10-12T15:00:01Z,1507412,https://www.youtube.com/watch?v=8tqe1Fot3YM
rT2P0C2FxwQ,Parents Explain Their Daughter’s Debilitating Tourette Syndrome -- Dr. Phil,"Dr. Phil tells compelling stories about real people. The Dr. Phil Show is an American daytime talk show and TV series with host and personality Dr. Phil McGraw, who offers advice from his experience as a psychologist. The show provides the most comprehensive forum on mental health issues in the history of television. For over a decade, Dr. McGraw has used the show's platform to make psychology accessible to the general public by addressing important personal and social issues. Here on the Dr. Phil YouTube channel, you will find the best moments, highlights, and segments from the TV show. We upload new videos every day, so make sure you subscribe and ring the bell for all notifications, so you don't miss a single one.

Full episodes of the Dr. Phil Show premiere every weekday on CBS, with a new season premiering every fall in 2020, 2021, 2022, and 2023. Each full episode contains an interview or multiple interviews with doctors, teens, families, parents, kids, and more. The executive producers are Phil McGraw and showrunner Oprah Winfrey of OWN. Dr. Phil is the top-rated daytime talk show attracting millions of viewers every day alongside other talk shows, including The Ellen Show with Ellen DeGeneres, The Dr. Oz Show, The Kelly Clarkson Show, and The Steve Wilkos Show. Dr. Phil makes regular appearances on The Tonight Show Starring Jimmy Fallon, Jimmy Kimmel Live, and The Late Late Show with James Corden. Dr. Phil has also done crossovers with 90 Day Fiancé and Inside Edition.
Amy and Chris say their 12-year-old daughter, Sarah, suffers from Tourette Syndrome and cannot control her violent movements and constant outbursts. They say they are desperate for a solution to minimize her tics and outbursts.

Do you want to be on the show? https://bit.ly/BeOnDrPhilShow

https://www.drphil.com
Facebook: https://www.facebook.com/drphilshow
Twitter: https://www.twitter.com/drphil
Instagram: https://www.instagram.com/drphil
TikTok: https://www.tiktok.com/@drphil

#DrPhil #PhilMcGraw #DrPhilShow",2014-09-26T17:07:20Z,151305,https://www.youtube.com/watch?v=rT2P0C2FxwQ
KtCG0wG-5E0,Tourettes - the highlights.,Show your support - https://donate.kindlink.com/tourettes-action/2962,2009-06-02T18:02:23Z,10029177,https://www.youtube.com/watch?v=KtCG0wG-5E0
l4oLdBxLozE,Doctor REACTS to SOUTH PARK | Psychiatrist Analyzes Tics &amp; Tourette Syndrome | Doctor Elliott,"#doctorreacts #drelliott #southpark #psychiatrist #mentalhealth #tourettes

Check out my reaction to Bojack Horseman: https://youtu.be/k6DqqKDm6Lk
It's a Sin reviews: https://youtu.be/KiHx8GHTem8


WARNING/DISCLAIMER: as you'd expect with South Park, there is some swearing on this episode, but I've only included clips that are actually relevant to learning about Tourette's syndrome.


This Doctor Reacts episode is looking at an episode of South Park called ""Le petit Tourette"". It's all about Tourette syndrome - a chronic tic disorder characterised by persistent motor and vocal tics. There are lots of myths especially about its association with impulsive swearing (called coprolalia). Surprisingly, if you look past the swearing, you'll see some really accurate and compassionate information about this condition. 

SUBSCRIBE for new videos every Sat and every Wed: https://www.youtube.com/channel/UC4x1bU7IAE6619NFCJpD74A

Connect with me on socials:
Twitter: @elcarthy
Instagram: @dr.elliott.carthy",2021-07-25T14:36:07Z,29250,https://www.youtube.com/watch?v=l4oLdBxLozE
H-5f8I8VmTo,Did Mozart Suffer from Tourette&#39;s Syndrome?,"A look at how Mozart's personal behavior and writings have led some researchers to conclude he may have suffered from Tourette's Syndrome, including a discussion of elements in his music that could give credibility to this idea.",2016-05-04T21:35:40Z,5891,https://www.youtube.com/watch?v=H-5f8I8VmTo
4LXZD5r5-Pk,Wednesday Webinar: Medication Management of Tourette Syndrome and Co Occurring Conditions,"Many individuals living with Tourette Syndrome will require medication to control symptoms of the disease. A subset of those living with Tourette Syndrome will also experience conditions such as anxiety, autism, ADHD, obsessive compulsive disorder, and oppositional defiant disorder and require varied medication and treatment options. In this presentation, Dr. Takijah Heard, a Pediatric Neurologist with NeurAbilities, will review the recommended medication treatments and side effects for treating Tourette Syndrome along with other neurological and neuropsychiatric conditions that can co-occur.",2022-05-05T15:02:46Z,26,https://www.youtube.com/watch?v=4LXZD5r5-Pk
dj03_lzwRFA,Gay guy talks about living with Tourette Syndrome,"As part of a three-part #support series, Gay Star News chats with First Dates’ Damian Friel about living with Tourette Syndrome.

Follow Gay Star News: http://twitter.com/gaystarnews
Follow Damian: http://twitter.com/damianfriel

MUSIC

Pyres by Broken Elegance https://soundcloud.com/brokenelegance
Creative Commons — Attribution 3.0 Unported— CC BY 3.0
http://creativecommons.org/licenses/b...
Music provided by Audio Library https://youtu.be/9xMg_xdpa7w",2017-06-28T15:54:03Z,6545,https://www.youtube.com/watch?v=dj03_lzwRFA
xgdyi_I79v4,"What Makes Me Tic? Documentary Film, Tourette&#39;s Syndrome","Director/Producer:  Matt Duhamel: http://www.imdb.com/name/nm6055103/?ref_=tt_ov_dr
Producer:  Heather Duhamel

When we are faced with overwhelming challenges in our lives, it is often said that it's not the challenges themselves, but it's how we react to them that matters.  We may be surprised that sometimes the challenges we face can often motivate us to achieve more than we ever expected.  

The documentary film, ""What Makes Me Tic?"" is a powerful look into four average Americans living with the often misunderstood disorder, Tourette's Syndrome.  How do their ""tics"" affect their daily lives?  Are they seen as weird or crazy in public?  Does living with Tourette's cause them to be anti-social or depressed?  These questions are answered when ""What Makes Me Tic?"" interviews Natasha, Josh, Calvert and Peter to find out how they live and work with the disorder.  

Review the film at:  http://www.rottentomatoes.com/m/what_makes_me_tic/

Buy the DVD with Bonus Features on Amazon:
http://www.amazon.com/What-Makes-Tic-Matt-Duhamel/dp/B00HDU3WJQ/ref=sr_1_1?ie=UTF8&qid=1387321947&sr=8-1&keywords=matt+duhamel

For more information on this film and future releases, visit http://www.metamorafilms.org",2013-12-19T22:50:22Z,47550,https://www.youtube.com/watch?v=xgdyi_I79v4
klrl_8YsZCs,All Of Samuel J. Comroe&#39;s Full Performances On AGT - America&#39;s Got Talent 2018,"Samuel brought some of the best stand-up comedy to Season 13 of AGT. Catch every performance from Sam here! 

» Get The America's Got Talent App: http://bit.ly/AGTAppDownload
» Subscribe for More: http://bit.ly/AGTSub
» America's Got Talent Tuesdays 8/7c on NBC!
» Stream on Peacock: https://pck.tv/3cCQGhH

AMERICA'S GOT TALENT ON SOCIAL
Like AGT: https://www.facebook.com/agt
Follow AGT: https://twitter.com/agt
AGT Instagram: http://instagram.com/agt

In season 13, NBC's America's Got Talent follows Simon Cowell, Heidi Klum, Mel B, Howie Mandel, and host Tyra Banks in their talent search, showcasing unique performers from across the country.

Find America's Got Talent trailers, full episode highlights, previews, promos, clips, and digital exclusives here.

NBC ON SOCIAL
Like NBC: http://Facebook.com/NBC
Follow NBC: http://Twitter.com/NBC
NBC Pinterest: http://Pinterest.com/NBCtv/
YouTube: http://www.youtube.com/nbc
NBC Instagram: http://instagram.com/nbc

ABOUT AMERICA'S GOT TALENT
With the talent search open to acts of all ages, ""America's Got Talent"" has brought the variety format back to the forefront of American culture by showcasing unique performers from across the country. The series is a true celebration of the American spirit, featuring a colorful array of singers, dancers, comedians, contortionists, impressionists, jugglers, magicians, ventriloquists and hopeful stars, all vying for their chance to win America's hearts and the $1 million prize. Follow judges Simon Cowell, Heidi Klum, Mel B, Howie Mandel, and host Tyra Banks in their talent search!

All Of Samuel J. Comroe's Full Performances On AGT - America's Got Talent 2018
https://youtu.be/klrl_8YsZCs

America's Got Talent
http://www.youtube.com/user/americasgottalent
America's Got Talent is available now on Peacock, the new streaming service from NBCUniversal. Watch thousands of hours of hit movies and shows, plus daily news, sports, and pop culture updates. Stream now on Peacock.",2018-09-27T13:00:08Z,4978790,https://www.youtube.com/watch?v=klrl_8YsZCs
WmFl2YtsVqo,Shane Fistell: A Portrait of Tourette Syndrome,"Director Gloria Kim opens a window into the life of Shane Fistell, a man who has coped with Tourette Syndrome for all of his life.

Executive Creative Direction: Helen Pak, Brian Sheppard, Brett Channer Agency Producer: Matt Shipp Producer: Thomas Hayek Editor: Ryan Hunt Music/Sound: Brian Bernard, Thomas Hayek Director: Gloria Ui Young Kim Director of Photography: Daniel Grant Executive Producer: Tom Symes Music Composer: Darren Fung Ad Agency: Saatchi & Saatchi Canada",2012-07-13T15:27:54Z,45881,https://www.youtube.com/watch?v=WmFl2YtsVqo
kjTNDnFddQk,The Bird Dancer - Tourette Syndrome in Bali (FULL FILM),"The Bird Dancer focuses on Gusti Ayu, a young Balinese woman living with Tourette Syndrome and focuses on the social stigma of neuropsychiatric disorder and the human suffering it entails.Members of Gusti’s small rural community, who do not recognize her illness as a medical disorder, regard her with scorn or pity. Mired in loneliness, Gusti begins to question the meaningfulness of her existence after treatment by western and traditional practitioners fails.


DOWNLOAD STUDY GUIDE
https://tinyurl.com/birddancerguide",2019-01-03T19:49:39Z,158473,https://www.youtube.com/watch?v=kjTNDnFddQk
ct2ARyoo02A,Oregon Man With Tourette&#39;s Syndrome Gets Adjusted By Your Houston Chiropractor Dr. Johnson,"Oregon Man With Tourette's Syndrome Gets Adjusted By Your Houston Chiropractor Dr. Gregory Johnson at Advanced Chiropractic Relief in Houston Texas. People from around the globe with different conditions like this Oregon Man's Tourette's Syndrome. Tourette's Syndrome is a neurological disorder characterized by nervous ticks and spasms,uncontrollable repetitive movements or unwanted sounds i.e. ticks such as repeatedly blinking the eyes, shrugging the shoulders or blurting our offensive curse words. Dr Johnson does not claim to treat Tourette's Syndrome but adjust the spine which effects the nervous system helping maximize a persons function for overall health benefits such as homeostasis which is what health is. If you would like to be a patient at Advanced Chiropractic Relief in Houston Texas please go to our website at https://advancedhoustonchiropractor.com/ and fill out a new patient request form. Your Houston Chiropractor Dr Gregory Johnson provides detailed examinations, safe effective chiropractic adjustments, extremity adjustments, and of course his famous Ring Dinger Manual Spinal Neural Decompression adjustment when indicated. We look forward to seeing y'all soon at Advanced Chiropractic Relief in Houston Texas. We Love Y'all",2019-10-16T21:30:19Z,13574,https://www.youtube.com/watch?v=ct2ARyoo02A
wobmu6EqKtg,Cheerleader With Tourette Syndrome Defies Misconceptions: &#39;I&#39;m Not a Quitter!&#39;,"A high school cheerleader is setting the record straight about a misunderstood disorder. Jane Hamilton, 14, is a high school sophomore who has Tourette Syndrome. Sometimes to make herself angry, Jane looks at YouTube clips of Tourette's, which display misconceptions about the condition. She finds cheerleading challenging, but says, ""I'm not a quitter!"" Jane wants to spread the message that people with Tourette's ""can do whatever they want."" #InsideEdition",2017-09-28T13:58:43Z,418152,https://www.youtube.com/watch?v=wobmu6EqKtg
QtnBMSSk9Ok,What it&#39;s like to have Tourette&#39;s — and how music gives me back control | Esha Alwani,"Esha Alwani began writing songs when she was six years old, shortly after being diagnosed with Tourette syndrome. And she noticed something amazing: whenever she played music, her involuntary tics suddenly went away. Listen along as Alwani explores the power of music and delights the audience with an ethereal performance of her piano ballad ""I'm Not Loving You (My Mask).""

Get TED Talks recommended just for you! Learn more at https://www.ted.com/signup.

The TED Talks channel features the best talks and performances from the TED Conference, where the world's leading thinkers and doers give the talk of their lives in 18 minutes (or less). Look for talks on Technology, Entertainment and Design -- plus science, business, global issues, the arts and more.

Follow TED on Twitter: http://www.twitter.com/TEDTalks
Like TED on Facebook: https://www.facebook.com/TED

Subscribe to our channel: https://www.youtube.com/TED",2019-04-23T15:33:12Z,104982,https://www.youtube.com/watch?v=QtnBMSSk9Ok
dtCUYUBOnzk,3 Men With Tourettes On A Holiday,"For more info on Tourettes Syndrome please visit T.L.C.

http://www.tourettes-action.org.uk/tlc/

I know your not supposed to laugh at this but it's just so damn funny when you watch it for the first time...

This is a clip from a program called ""Strange Behaviours"" which was shown on The National Geographic channel this week.

If you missed it and get the chance to watch it sometime then I recommend you do. Like I say on first viewing to most of us it really is quite funny but more importantly when you watch the full program you realise just what hell Tourettes sufferers must go through in their daily lives.

Just wanted to say how much I admire those who took part in this fascinating program for being so courageous to stand up and say, ""hey I'm not mentally Ill or crazy"" and if people who don't suffer from such a debilitating handicap can't deal with it then that's their problem and not that of those who suffer from this terrible syndrome...

For more info on Tourettes Syndrome please visit T.L.C.

http://www.tourettes-action.org.uk/tlc/",2012-05-26T20:12:48Z,9799813,https://www.youtube.com/watch?v=dtCUYUBOnzk
XTyPkkcF3KE,Tourette Syndrome: What is It?,The Communication workshop vlog provides an illustration of Tourette Syndrome (TS) and the strategies to alleviate the symptoms of TS.  This vlog is voiced and captioned along with American Sign Language (ASL).,2015-04-23T03:44:01Z,827,https://www.youtube.com/watch?v=XTyPkkcF3KE
LZQlch6v3W4,Growing Up With Tourette&#39;s Syndrome | Caspar Lee,"All AdSense generated from this video will also be donated to Tourettes Action. 
- Please support Tourettes Action if you can: https://www.tourettes-action.org.uk @tourettesaction
- If you’re in the UK text TATA00  £1 (or whatever you can afford ) to 70070

Find Caspar:
Main YouTube: http://youtube.com/Caspar
Side YouTube: http://youtube.com/MoreCaspar
Twitter: http://twitter.com/Caspar_Lee
Instagram: http://instagram.com/Caspar_Lee
Facebook: http://fb.com/CaspLee
Musical.ly: https://www.musical.ly/h5/share/usr/6527194381156357120.html",2018-05-27T16:22:58Z,1303825,https://www.youtube.com/watch?v=LZQlch6v3W4
jYRa-fpNonY,Tourette&#39;s Syndrome - Life With Tourette&#39;s,"(Ads finish at 17:12 PLEASE CLICK to skip)

TOURETTE'S
To the outside world, it can appear something of a joke, but Tourette's is no laughing matter for those living with the syndrome. Sufferers' lives are forever marred by the constant, uncontrollable urge to shout, swear and tic inappropriately. In this remarkable story, we meet Jess, who finds it impossible to control the urge to say the word 'biscuit'. She says it hundreds, if not thousands of times every single day, often while punching herself in the chest. Jess invites Sunday Night into her life to experience what it's like to live with Tourette's. It is heartbreaking television. Rahni Sadler also meets an amazing young jazz singer who swears and tics uncontrollably off stage, but transforms into a composed and talented songstress on stage. This story will forever change the way you think about Tourette's.",2012-10-26T05:26:14Z,4428977,https://www.youtube.com/watch?v=jYRa-fpNonY
m48z9IM8bos,Watch as tiny shocks ‘turn off’ Tourette Syndrome tics,"New research has found that tiny electric shocks, delivered to the wrist, can 'turn off' the tics that can blight the life of some Tourette Syndrome sufferers. Francis Maguire reports.

Subscribe: http://smarturl.it/reuterssubscribe

Reuters brings you the latest business, finance and breaking news video from around the globe.  Our reputation for accuracy and impartiality is unparalleled.

Get the latest news on: http://reuters.com/
Follow Reuters on Facebook: https://www.facebook.com/Reuters
Follow Reuters on Twitter: https://twitter.com/Reuters
Follow Reuters on Instagram: https://www.instagram.com/reuters/?hl=en",2020-06-07T10:18:26Z,11266,https://www.youtube.com/watch?v=m48z9IM8bos
xEDhHQPUSys,Sweet Anita apologizes for tourette tics,"Watch the full video with people with tourette syndrome here: https://www.youtube.com/watch?v=frdNqQoMxCs

#shorts",2021-12-09T00:40:59Z,4489531,https://www.youtube.com/watch?v=xEDhHQPUSys
I1ZeCuekOCw,Are TikTok Videos On Tourette Syndrome Making Viewers Develop Tics? | ShowFit,"Among the thousands of TikTok influencers, are content creators with a condition called Tourette's syndrome, a neurological disease that causes tics. Tiktok has given a platform to people with Tourette Syndrome, some of who now have millions of followers. But what's strange is that some of their regular viewers seem to have developed similar symptoms themselves!​ Watch the video to know more. 
#TouretteSyndrome #TikTok",2021-11-18T13:14:32Z,5449,https://www.youtube.com/watch?v=I1ZeCuekOCw
xEuzqzeEiXk,"Brad Cohen - Inspirational Teacher with Tourette Syndrome, Positive Attitude","Eagles Talent Speakers Bureau proudly presents Brad Cohen - https://www.eaglestalent.com/Brad-Cohen/

Living with Tourette Syndrome can be a challenge, but Brad Cohen believes he has overcome his disability by living life to its fullest. Brad has been a highly respected teacher for over 20 years. Brad is currently the Assistant Principal at Addison Elementary School in Cobb County Georgia, just outside of Atlanta, Georgia. Brad previously taught second and third grade at Tritt and Mountain View Elementary in Cobb County and was the technology lab instructor at Stripling Elementary School in Gwinnett County.

Connect With Us Here! 
Website: http://www.eaglestalent.com/ 
Email: info@eaglestalent.com
Facebook: https://www.facebook.com/EaglesTalent/ 
Twitter: https://twitter.com/EaglesTalent 
Instagram: @EaglesTalent 
Linked In: https://www.linkedin.com/company/245999/",2018-06-21T20:39:11Z,53827,https://www.youtube.com/watch?v=xEuzqzeEiXk
zcifFKAYcHE,Samuel J. Comroe Turns His Tourette Syndrome Into Positive Comedy - America&#39;s Got Talent 2018,"Samuel chats about performing comedy for 10 years and how he's done everything he can to get to this moment on AGT.
» Get The America's Got Talent App: http://bit.ly/AGTAppDownload
» Subscribe for More: http://bit.ly/AGTSub
» America's Got Talent Tuesdays 8/7c on NBC!
» Stream on Peacock: https://pck.tv/3cCQGhH

AMERICA'S GOT TALENT ON SOCIAL
Like AGT: https://www.facebook.com/agt
Follow AGT: https://twitter.com/agt
AGT Instagram: http://instagram.com/agt

In season 13, NBC's America's Got Talent follows Simon Cowell, Heidi Klum, Mel B, Howie Mandel, and host Tyra Banks in their talent search, showcasing unique performers from across the country.

Find America's Got Talent trailers, full episode highlights, previews, promos, clips, and digital exclusives here.

NBC ON SOCIAL
Like NBC: http://Facebook.com/NBC
Follow NBC: http://Twitter.com/NBC
NBC Pinterest: http://Pinterest.com/NBCtv/
YouTube: http://www.youtube.com/nbc
NBC Instagram: http://instagram.com/nbc

ABOUT AMERICA'S GOT TALENT
With the talent search open to acts of all ages, ""America's Got Talent"" has brought the variety format back to the forefront of American culture by showcasing unique performers from across the country. The series is a true celebration of the American spirit, featuring a colorful array of singers, dancers, comedians, contortionists, impressionists, jugglers, magicians, ventriloquists and hopeful stars, all vying for their chance to win America's hearts and the $1 million prize. Follow judges Simon Cowell, Heidi Klum, Mel B, Howie Mandel, and host Tyra Banks in their talent search!

Samuel J. Comroe Turns His Tourette Syndrome Into Positive Comedy - America's Got Talent 2018
https://youtu.be/zcifFKAYcHE

America's Got Talent
http://www.youtube.com/user/americasgottalent
America's Got Talent is available now on Peacock, the new streaming service from NBCUniversal. Watch thousands of hours of hit movies and shows, plus daily news, sports, and pop culture updates. Stream now on Peacock.",2018-06-14T17:00:08Z,52088,https://www.youtube.com/watch?v=zcifFKAYcHE
y2I19KkNGfk,Three misconceptions of Tourette Syndrome,"Young emerging artist Liane Chu shares with Young Post three misconceptions of Tourette Syndrome from her own experiences. 

Comment, rate and subscribe. :) 

Check out our website: 
www.yp.scmp.com 

Like our Facebook page: 
www.facebook.com/youngposthk 
Follow us on Twitter: 
www.twitter.com/youngposthk 
Or on Instagram: www.instagram.com/youngposthk",2018-10-29T10:52:06Z,1161,https://www.youtube.com/watch?v=y2I19KkNGfk
ti1qR1JdcB8,Wolfpack golfer excels despite battling Tourette&#39;s Syndrome,Wolfpack golfer excels despite battling Tourette's Syndrome,2019-02-23T01:44:49Z,377,https://www.youtube.com/watch?v=ti1qR1JdcB8
8PyuAx3Lhf8,Tourette Syndrome (Tic Attack),"Baru tau Billie Eilish pun ada tourrette.

https://mlstudios.my

#NurrenSofeaBox #kesihatan",2020-07-01T10:30:00Z,75667,https://www.youtube.com/watch?v=8PyuAx3Lhf8
ICRrTMcIM0Y,SWEARING TOURETTE&#39;S - Coprolalia (Tourette&#39;s Syndrome),"Hey! I love you ♥

📸 Instagram
https://adamladell.net/ig
📱 Snapchat
Adam.Ladell
Twitter
@TicTwitchTeen   ahh...memories :')",2015-09-12T12:30:01Z,272985,https://www.youtube.com/watch?v=ICRrTMcIM0Y
lHbzNa8j3e0,Samuel J. Comroe Comedian with Tourette Syndrome He is Funny  America&#39;s Got Talent 2018 Audition AGT,"Samuel J. Comroe Comedian with Tourette Syndrome Twitches a Lot This is the Full segment of performance for this contestant during the America's Got Talent 2018 Auditions or AGT Season 13 Episode 3 (S13E03).

Follow America's Got Talent on social media:
Official website: https://www.nbc.com/americas-got-talent
Official AGT Facebook: https://www.facebook.com/agt/

About the show: America's Got Talent of AGT is TV series aired by NBC. It is a talent show for all sort of talents and all ages. It Usually runs throughout the summer  and ends in September. Starts with auditions from  major cities in the US then trimmed down to quarter finals, semi then the finals. There is also the very popular Golden Buzzer  given by each judge given to contestants that put them straight to the live show. 

Please Subscribe to Breaking Talents Showcase for more up to date videos on Talents shows https://tinyurl.com/ycz823dr",2018-06-13T01:53:08Z,104379,https://www.youtube.com/watch?v=lHbzNa8j3e0
dG-LCA2cGj8,Weather-Man With Tourette Syndrome,This Weather-man has something he'd like to say after his forcast...,2006-10-01T04:40:00Z,2761479,https://www.youtube.com/watch?v=dG-LCA2cGj8
l0nDTacTyNA,Dick Figures - Lord Tourette&#39;s Syndrome (Ep #14),"Buy the complete Season 5 from Google Play - http://bit.ly/1jsjxTT
Buy the complete Season 5 from Mondo - http://bit.ly/1jQxe1x

Having lost his prized possession, Lord Tourettes enlists Red and Blue to help put the hat back on his head, and the potty back in his mouth. Dick Figures was created by Ed Skudder, who wrote, directed and voiced the episode along with Zack Keller.
 
Visit the official Dick Figures website: http://richardfigures.com for exclusive videos and more!",2011-06-02T18:45:01Z,6173358,https://www.youtube.com/watch?v=l0nDTacTyNA
1OBAvYoS2BQ,EVIE MEG: What NOT to say to someone with TOURETTE SYNDROME,"WATCH NEWSROUND NOW 👉  https://www.bbc.co.uk/newsround/news/watch_newsround
SUBSCRIBE TO NEWSROUND 👉 https://bit.ly/3bYidJ3

To catch up with the latest Newsround bulletin on iPlayer 👉 https://www.bbc.co.uk/iplayer/episodes/b006mdbc/newsround

For more fun, CBBC games, shows, quizzes and great makes!
👉 http://www.bbc.co.uk/cbbc/

#Newsround #EvieMeg #TouretteSyndrome

Evie Meg @This Trippy Hippie shares her top tips on what NOT to say to someone who has Tourette Syndrome.

If you want to find out more about what Tourette Syndrome is and how it effects Evie Meg's life then watch the full interview with Evie Meg over on the Newsround YouTube channel: https://www.youtube.com/watch?v=w9yj_FXD2Qc

Monday 7th June is Tourette Syndrome Awareness Day.",2021-06-06T16:30:01Z,15248,https://www.youtube.com/watch?v=1OBAvYoS2BQ
2Q_2GYsOxyY,"Brad Cohen: Inspirational Teacher with Tourette Syndrome, Positive Attitude","http://www.eaglestalent.com/Brad-Cohen -Eagles Talent Presents Brad Cohen. To book speaker Brad Cohen visit his profile page.

Brad Cohen shows people a new meaning to the words Positive Attitude. He presents an inspiring true story of incredible challenges and unwavering determination. As a child with Tourette Syndrome, a neurological brain disorder that causes the body to make strange sounds and uncontrollable violent twitches, Brad was beaten, mocked, and shunned. Some thought he was possessed by the devil. Others, including members of his own family, refused to be seen with him in public. As an adult, Brad overcame all odds to become an award-winning teacher of the year for the state of Georgia. The road in between was a roller coaster ride in perseverance.
     Brad Cohen inspires audiences to overcome life's challenges. Nothing, not even Tourette Syndrome, stops him from pursuing—and achieving—his goals.
     From the depths of abuse that his teachers piled on him, Brad became determined to become the teacher he never had. After several dozen rejection letters, Brad finally found a teaching home where he taught second-graders not only reading, writing and math, but also about love and acceptance of all people.",2011-11-30T17:16:05Z,166221,https://www.youtube.com/watch?v=2Q_2GYsOxyY
YHWRotvjzQ4,A Weekend at Tourette&#39;s Camp | TeenFest 2022,"This was honestly one of the best experiences I've ever had. Nothing comes close to being surrounded with people who understand and not having to worry about being judged - the one place we truly fit in ❤️🎗

MASSIVE thank you to Tourette's Action for this event, it really does make such a difference and is an amazing opportunity for all of us with TS :)

Tourette's Action Website: (you can help fundraise here!)
https://www.tourettes-action.org.uk

My social media:
https://linktr.ee/zarabeth

Tourette's syndrome is a neurological condition and disability which causes involuntary movements called tics. I use my platforms on social media such as TikTok, YouTube and Instagram to advocate and raise awareness for the condition and show what it is like living with a disability as a teen in school.
My name is Zara Beth (zeezee25 on tiktok) and I post videos about tics, tic disorders and what its like to be a teen living with Tourette's syndrome, Functional Neurological Disorder (FND) and a seizure disorder (NEAD/NES). 
I show what its like having tics and Tourettes in class and in school and college, vlog, and I also bake, do other challenges and answer all your questions in Q and A videos.
I am also an ambulatory wheelchair user so I show what life looks like using various mobility aids and how needs change from day to day!",2022-05-15T16:00:25Z,5963,https://www.youtube.com/watch?v=YHWRotvjzQ4
ic3cAw1-_pc,Billie Eilish Shares Her Experience With Having Tourette Syndrome,"Refinery 29 reports that singer Billie Eilish has recently opened up about living with Tourette Syndrome. The 16-year-old revealed on Instagram that she has the disorder, but was reluctant to share about it because she didn't want her fans thinking of the disorder every time they thought of her. Tourette Syndrome causes involuntary and repetitive physical and vocal ""tics"". The tics are defined as ""repeated, sudden, rapid, nonrhythmic muscle movements including sounds or vocalizations."" Eilish shared that her tics are physical and ""not super noticeable to others"" if they're not paying attention.
https://www.refinery29.com/en-us/2018/11/217987/billie-eilish-tourette-syndrome-tics-instagram?utm_source=feed&utm_medium=rss
http://www.wochit.com

This video was produced by YT Wochit News using http://wochit.com",2018-11-28T16:53:06Z,123112,https://www.youtube.com/watch?v=ic3cAw1-_pc
e2XAknJFYew,The Kramer Family Receives Tourette Syndrome Association&#39;s 2015 Shining Star Award,"On March 5, 2015, at the second annual “Hollywood Heals: Spotlight on Tourette Syndrome” event held in West Hollywood at the House of Blues, the Tourette Association honored the Kramer Family: Derek and Nancy, and their sons Justin and Jordan, with the 2015 Shining Star Award, ""for outstanding contributions toward shining the spotlight on awareness and understanding of Tourette Syndrome.”",2015-04-06T16:28:15Z,537,https://www.youtube.com/watch?v=e2XAknJFYew
PLRU28sA9zE,Billie Eilish Tourette&#39;s Syndrome | HOW Does She CONTROL The Tics?!,"Billie Eilish has been killing it recently with a Vogue magazine cover and new world tours. In her magazine article, she mentioned about how she was abused when she was younger. This hugely impacted her psychologically. This is very interesting considering that we know she has Tourette’s Syndrome. In this video, I go through what Tourette’s Syndrome is, the type of Tics Billie gets and how she controls them.

It takes her a load of planning to keep it under control especially while she’s stressed. That being said, major props to her for keeping up with the tour and active lifestyle while managing her condition. She certainly is an example to many people out there who are finding it difficult to get by with the condition. For anyone watching this video with Tourette’s Syndrome, I wish you health and happiness.

The links to the Essential oil blends that she mentions in the video are below.

Essential Oils Blend UK: https://amzn.to/3uaXYiu

Essential Oils Blend US: https://amzn.to/3fAvJor

My Itinerary by Tokyo Music Walker https://soundcloud.com/user-356546060... Attribution 3.0 Unported (CC BY 3.0) https://creativecommons.org/licenses/... Music provided by Free Vibes: https://goo.gl/NkGhTg

Please note that links may or may not be affiliate links which means if you make a purchase after clicking them, you’ll be supporting the channel. It costs nothing extra to use them .

Like and Subscribe and I’ll see you in the next video!

Chapters
00:00 Intro
00:40 Billie Eilish Talking About Having Tourette's
02:00 What is Tourette's Syndrome?
03:43 How to Treat Tourette's Syndrome
05:12 How does Billie Eilish Control Her Tics?
11:52 Planning to Have Tics Subtly
13:32 Outlook for Tourette's
14:24 Outro

------------------------------------------------------------------------------------------------
Go follow my socials 📖 :

Insta 🌆: www.instagram.com/drsermedmezher
Twitter 💭: https://twitter.com/drsermedmezher

------------------------------------------------------------------------------------------------

#BillieEilish #Tourette’s #Tics",2021-05-24T14:00:14Z,36329,https://www.youtube.com/watch?v=PLRU28sA9zE
xKj18q5VETM,90 Day Fiance&#39;s Loren Talks About Getting Over The Embarrassment Of Tourette Syndrome,"90 Day Fiance: Happily Ever After | Sundays at 9/8c
Loren opens up about her experience with Tourette Syndrome.
Full Episodes Streaming FREE on TLC GO: http://www.tlcgo.com/90-day-fiance-happily-ever-after

Subscribe to TLC:
http://bit.ly/SubscribeTLC

Facebook:
https://www.facebook.com/TLC

Twitter:
https://twitter.com/TLC",2017-07-22T22:00:02Z,132654,https://www.youtube.com/watch?v=xKj18q5VETM
XNFzXo-H6YE,Tics Disorder in Urdu/Hindi - Tourette syndrome in Urdu/Hindi,"Tourette Syndrome (TS) is a condition of the nervous system. TS causes people to have “tics”. Tics are sudden twitches, movements, or sounds that people do repeatedly. People who have tics cannot stop their body from doing these things. For example, a person might keep blinking over. In this video you will learn different symptoms of Tics/Tourette facial grimacing. involuntary face and eye movements, such as repeated blinking, nose twitching, or jerking or clenching your jaw. muscle jerks of your legs, arms, or body, but rarely your torso. sounds that can include coughs, grunts, sniffling, and throat clearing.
in this short film you will learn different types of tics including, motor, vocal, twitches, movements, sounds related to tic disorder, tics disorder or tourette syndrome.",2022-04-12T15:02:39Z,1998,https://www.youtube.com/watch?v=XNFzXo-H6YE
dxdyL2RrLjw,What It&#39;s Like To Date Someone With Tourette Syndrome,"DISCLAIMER: This video's purpose is to shed positivity and have a lighthearted take on Tourette Syndrome. I am immensely sorry if our lighthearted take or conversation offends anyone. I understand that Tourette Syndrome is a very serious condition and can be very hard to deal with. I hope that this video encourages people to stay positive and look for people who will appreciate you no matter how ""different"" you are from society's ""normal""!

Thank you so much Aaron for making this video with me! (Sorry this Mia Monday was posted on a Tuesday due to uploading issues).

Update: As a group we decided to step away from this channel for the end of the school year to focus on our studies but we are back for the summer! You can expect weekly videos about summer adventures, our experiences during school, some more introductions, and more!

Don't forget to keep up with me on Instagram: @mia.mantei
Or contact me through my email: miamanteitsya@gmail.com

Thanks again for watching and supporting our channel and cause!",2018-06-05T17:34:52Z,1474150,https://www.youtube.com/watch?v=dxdyL2RrLjw
bB95nfbCm-U,UTA softball coach Peejay Brun talks about living with Tourette&#39;s Syndrome,"University of Texas-Arlington softball coach Peejay Brun has lived with Tourette's Syndrome since she was in middle school.

Read more here: https://bit.ly/2YJjPyy

More from the Star-Telegram:            
Twitter: https://twitter.com/startelegram             
Facebook: https://www.facebook.com/startelegram/            
Website: https://www.star-telegram.com",2019-05-21T22:00:03Z,774,https://www.youtube.com/watch?v=bB95nfbCm-U
biwtMuLFFaA,Kicking Tourette Syndrome to the Curb! | Dr Shawn Baker &amp; Mady,"Mady grew up in a vegan household and developed many health problems such as acne and eczema. She struggled with Tourette’s all through her childhood and was always told it was a neurological disorder that could not be treated. In her sophomore year of high school I decided to rebel against her family and attempt a carnivore diet. For almost 5 years now she has been strong and has no more acne, eczema, or Tourette’s. She is also in the best shape of her life. She is hoping to spread awareness for this life-altering diet. Find Mady on IG: @mady618

This episode is hosted by Dr. Shawn Baker MD. Find him at https://shawn-baker.com 

Timestamps:
0:00 - What is Tourette syndrome?
4:04 - How did Tourette syndrome affect Mady?
5:01 - What promted Mady to try the carnivore diet?
7:49 - What was Mady's vegan diet like?
10:19 - Carnivore diet and family
12:10 - Tourette's disappears
13:00 - Reasons Mady's family was vegan
14:38 - Triggers for Tourette syndrome
15:49 - Mady free from Tourette syndrome ticks
16:37 - Mady's carnivore diet
17:14 - Mady's primary doctor's reaction to the carnivore diet
18:20 - Mady's studies
18:50 - Tourette's on social media
19:48 - How have friends reacted to the carnivore diet?
21:21 - Mady's training progress
22:24 - What did Mady first notice going on the carnivore diet?
23:40 - Prior to carnivore, what methods to help with tics?
25:00 - Experimenting with reincorporating plant foods?
26:20 - Bored of eating just meat?
27:17 - What does Mady eat when visiting family?
29:53 - Missing out growing up vegan
31:59 - Does Mady prefer white meat to red meat?
33:13 - Does Mady have carnivore friends?
34:58 - Veganism causing chronic diseases
38:09 - Religion and eating animals
40:09 - Carnivore diet and being in school
41:52 - Plant-based marketing
43:30 - Benefits of overcoming chronic disease like Tourette's
44:34 - Mady's goals now that she's healthy on the carnivore diet
45:27 - Other lifestyle factors that help Mady (exercise, sleep)
47:48 - Comments at gym about Mady's diet
50:12 - Where to find Mady?

https://carnivore.diet

Fill Out the Food Reaction Survey:
https://www.questionpro.com/t/AUBnjZpQqC

Book a Carnivore Coach:
https://carnivore.diet/book-a-coach/

Book a Coaching Session:
https://carnivore.diet/book-a-coach/

Carnivore Shirts:
https://merch.carnivore.diet

Subscribe to our Newsletter:
https://carnivore.diet/subscribe/

Join the Community:
https://carnivore.diet/membership-benefits/

.
‪#revero #shawnbaker #Carnivorediet #MeatHeals #HealthCreation  
#humanfood #AnimalBased #ZeroCarb #DietCoach 
#FatAdapted #Carnivore #sugarfree  ‪",2022-03-24T10:00:17Z,11871,https://www.youtube.com/watch?v=biwtMuLFFaA
Rx4GGsyQIQM,"Lip Balm, Beeswax, and Tourette&#39;s Syndrome","Dakota Wagner was diagnosed with Tourette's Syndrome, but that hasn't slowed her down.  Now she's a high school freshman on a mission.  After being selected as one of two Youth Ambassadors for the American Tourette's Association, she makes and sells beeswax lip balm to spread awareness.

Hear her story, and watch as she makes lip balm out of beeswax and essential oils.  Then support her by buying her lip balm and t-shirts at https://www.etsy.com/shop/TicdOff.",2021-03-26T01:02:44Z,897,https://www.youtube.com/watch?v=Rx4GGsyQIQM
L8rYMPXzzO4,Tourette Syndrome Woman Conquers Stage Fright,https://bit.ly/TJMillerComedy,2022-01-29T23:04:45Z,2770,https://www.youtube.com/watch?v=L8rYMPXzzO4
YYszNp1VDBU,Living with Tourette&#39;s,"Dateline meets children with severe Tourette's and follows their journey to a summer camp where they find they're not alone.

For more on Aaron Lewis' story, go to the SBS Dateline website... http://bit.ly/15YLSGw",2013-08-21T02:29:53Z,35968,https://www.youtube.com/watch?v=YYszNp1VDBU
SvjORqUt3A4,WHAT IS TOURETTE SYNDROME? | Draw My Life,"#drawmylife #tourette #syndrome

Hey there again tiktakers! In today's video we'll be talking about a disorder suffered by many people around the world, including the singer Billie Eilish: Tourette's Syndrome, or the Syndrome of Gilles de la Tourette. Are you familiar with its symptoms? If not, today we'll be taking a closer look at them!

📆 You can now download the calendar! #TikTaklendar 👉 https://bit.ly/3alwMWs
🎨 We also leave you a template so you can make your own drawing!
📲 Remember that you can continue participating on Instagram (@drawthelifeyt) in our #TikTaklendar by helping us design it!

😍 
OUR CAMERA: https://amzn.to/3sJfQla
OUR MIC: https://amzn.to/2MbJD5n
SD: https://amzn.to/395aoRT
TABLET: https://amzn.to/3qGgNJb
HEADPHONES: https://amzn.to/3a6TQbF

👉 Download here our Telegram stickers: https://bit.ly/2PWyDYK

If you are a company and would like to make an order or a request, you can contact us and ask for a free quote here 👉 contact.tiktakdraw@gmail.com

▶SUBSCRIBE to Draw The Life: https://is.gd/8f34oi
▶Telegram: https://t.me/drawthelife
▶Check out our Spanish Channel: https://bre.is/DDr557zuH

•CONTACT US: contact.tiktakdraw@gmail.com
•FOLLOW US ON TWITTER:  https://twitter.com/drawthelifeYT
•FOLLOW US ON INSTAGRAM: https://www.instagram.com/drawthelifeyt/
•FOLLOW US ON FACEBOOK: https://www.facebook.com/Draw-The-Life-207737063172616/

**Don't forget to subscribe. THANKS FOR WATCHING! 💕 NEW VIDEO every Tuesday, Thursday, Saturday and Sunday!",2021-05-02T14:00:17Z,24425,https://www.youtube.com/watch?v=SvjORqUt3A4
izokj7JDnFg,Billie Eilish Tourette&#39;s Syndrome #shorts,,2022-01-08T21:26:51Z,6934109,https://www.youtube.com/watch?v=izokj7JDnFg
NVUyElfFedQ,Wheelchair use - Tourette&#39;s Syndrome - Pros and cons for leg and foot tics,Wilamena from www.TicTastic.com explores the 'Pros' and 'Cons' of wheelchair use connected to foot and leg tics and Tourette's Syndrome. Navigating in an urban environment poses a series of challenges for her but she does find a few upsides too. A G-Explorer offroad wheelchair is used for this video.,2018-09-30T19:26:45Z,5764,https://www.youtube.com/watch?v=NVUyElfFedQ
DOH1gqrw9UI,High School Epidemic: The Tourette Syndrome Outbreak,"SUBSCRIBE for more Naked Stories: http://bit.ly/2ol5mam  

Mass hysteria or a chemical spill? 

Famed environmentalist Erin Brockovich investigated this mass outbreak of Tourettes-like symptoms that affected mainly female students in a small US town during 2011 and 2012. 

Although most paediatric neurologists diagnosed the varying symptoms as conversion disorders, there has been no established cause as to the outbreak of the mass psychogenic illness.

Theories include use of the legal high ‘Spice’, emotional stress, poor air quality - and a chemical spill of cyanide crystals and trichloroethylene that happened near the high-school grounds in the 70s…


Clip from The Town That Caught Tourettes, 2012. Content licensed from Raw TV. For any enquiries, please contact us at info@passiondistribution.com",2017-07-21T13:49:34Z,58246,https://www.youtube.com/watch?v=DOH1gqrw9UI
jCI1J24zkBE,"Billie Eilish Reveals How She Suffers From Tourette Syndrome, What is Tourette Syndrome? | NewsMo","Billie Eilish, revealed how she suffers from tourette syndrome in an interview with David Letterman. But what is Tourette? Watch this video to find out.

#NewsMo #IndiaToday

Subscribe to India Today for NEW VIDEOS EVERY DAY and make sure to enable Push Notifications so you'll never miss a new video. 

All you need to do is PRESS THE BELL ICON next to the Subscribe button! 

India Today TV is India's leading English News Channel. India Today YouTube channel offers latest news videos on Politics, Business, Cricket, Bollywood, Lifestyle, Auto, Technology, Travel, Entertainment and a lot more. 

Stay tuned for latest updates and in-depth analysis of news from India and around the world! 

Download App: https://indiatoday.link/wHaj
Follow us: Official website: https://www.indiatoday.in/

Twitter: https://twitter.com/IndiaToday 

Facebook: https://www.facebook.com/IndiaToday",2022-05-29T10:58:23Z,732,https://www.youtube.com/watch?v=jCI1J24zkBE
9IKb7AdQHXY,التشخيص #6 - متلازمة توريت,"هل كل لازمة حركية او صوتية تعني انها متلازمة توريت؟ و هل حقيقي ان كل المصابين بمتلازمة توريت لازم بيشتموا؟ تعالوا نشوف مع بعض!

إعداد و تقديم: أحمد أشرف.
لينك قناة عبداللطيف أحمد - 
https://www.youtube.com/channel/UCgj93t1T5G6FiOQJMRSWtng
بعض المصادر: 
http://www.webmd.com/brain/tourettes-syndrome

https://www.ninds.nih.gov/Disorders/Patient-Caregiver-Education/Fact-Sheets/Tourette-Syndrome-Fact-Sheet

http://www.mayoclinic.org/diseases-conditions/tourette-syndrome/home/ovc-20163623

http://emedicine.medscape.com/article/1182258-clinical

الفيديوهات المستخدمة - 
https://www.youtube.com/watch?v=e8HtTb0Vk_o&t=118s

https://www.youtube.com/watch?v=XjgIfoSlFqQ&t=153s

https://www.youtube.com/watch?v=dXGWwIgvU9M",2017-04-17T08:49:05Z,429922,https://www.youtube.com/watch?v=9IKb7AdQHXY
c7cI4rniD3Q,baking with tourette&#39;s,,2021-12-28T04:16:01Z,143538,https://www.youtube.com/watch?v=c7cI4rniD3Q
EsPTGIW_hGQ,Front of the Class (Full Movie) - Tourette Syndrome,"#BradCohen #TouretteSyndrome #InspirationalMovie #DisabilityAwareness

This movie is all about a boy (Brad Cohen) who has a Tourette syndrome but is able to overcome criticism and discrimination to achieve his dream of becoming a teacher.

Ready some tissue paper 'coz I am certain that this film will definitely make you cry and will make you realize that disability is never a hindrance to be successful.

YOU CAN ALWAYS BE AMAZING, AWESOME, AND WONDERFUL... REGARDLESS OF WHAT OR WHO YOU ARE! 

So, in spite of everything, just go on and know that you have a special place in the world. You matter. You exist because you have a purpose.

DISCLAIMER:

Video is NOT mine. 
Credit to the owner  @TheEternauta666 especially for the subtitles in Chinese & in English... 
Link: https://youtu.be/P6UWIGrsxM4
------------------------------------------------------------------------
#bradcohen2021 #bradcohenfrontoftheclass #bradcoheninterview #bradcohenkodakblack #bradcohenlawyer #bradcohenmiami #bradcohenmovie #bradcohenspeech #bradcohenstory #bradcohensurfside #bradcohenteaching #bradcohentourettesyndrome #bradcohenwife #chineselovestorymovieswithenglishsubtitlesfullmovie #chinesemoviewithenglishsubtitlesfullmovie #chineseromanticmoviewithenglishsubtitles #chinesesad movieswithenglishsubtitlesfullmovie #disabilityandsex #disabilityawareness #disabilitybenefits #disabilitydiscrimination #disabilitydocumentary #disabilityfraudcaught #disabilitygamer #disabilityistheinabilitytoseeabilitycartoon #disabilityjustice #disabilitymobility #disabilitypridemonth #disabilityrightsmovement #disabilitytiktok #englishfullmovie2018 #englishfullmovie2019 #englishfullmovie2020 #englishfullmovie2020newreleases #englishfullmovie2021 #englishfullmovieaction #englishfullmovieaction2020hindi #englishfullmoviecomedy #englishfullmoviehd #englishfullmoviehindidubbed #englishfullmovieinhindi #englishfullmovienew #englishmoviewithchinesesubtitles #englishmoviewithsubtitles #englishmoviewithsubtitles2020 #englishmoviewithsubtitles2021 #englishmoviewithsubtitlesaction #englishmoviewithsubtitlesbangla #englishmoviewithsubtitlesenglishandhindi#englishmoviewithsubtitlesforbeginners #englishmoviewithsubtitlesforlearning #englishmoviewithsubtitlesfullmovie #englishmoviewithsubtitleslovestory #englishmoviewithsubtitlesromantic #englishmovieswithsubtitleforimprovingenglish #englishmovieswithsubtitles2020fullmovie #frontoftheclassbehindthescenes #frontoftheclassbradcohen #frontoftheclassending #frontoftheclassespa�ollatinocompleta #frontoftheclassfullmoviespanishsubtitles #frontoftheclassfuneral #frontoftheclassheatherdiesfrontoftheclassinterview #frontoftheclassmovie #frontoftheclassmovieclips #frontoftheclassmovieheatherdies #frontoftheclasssadscene #frontoftheclasstrailer #fullepisodes #fullmovieenglish #fullmoviehd #fullmoviehindi #fullmoviewithenglishsubtitles2020 #fullmoviewithenglishsubtitles2021 #fullmoviewithenglishsubtitlesaction #fullmoviewithenglishsubtitlesbollywood #fullmoviewithenglishsubtitleshd #fullmoviewithenglishsubtitleshindi #fullmoviewithenglishsubtitleshollywood #fullmoviewithenglishsubtitleshorror #fullmoviewithenglishsubtitleskorean #fullmoviewithenglishsubtitleslatestcinema#fullmoviewithenglishsubtitleslovestory #fullmoviewithenglishsubtitlesshahrukhkhan #fullmoviewithenglishsubtitlestelugu #fullmovies #fullmovies2019 #fullmovies2020 #fullmovies2021 #fullmovies2021english #fullmoviescomedy #fullmoviesforkids #fullmoviesfree #haveandhavenots #iflovingyouiswrong #jnspirationalmovieclips #inspirationalmoviemusic #inspirationalmoviequotes #inspirationalmovie scenes #inspirationalmoviesoundtracks #inspirationalmoviespeeches #inspirationalmovies #inspirationalmovies2020 #inspirationalmoviesbasedontruestory #inspirationalmoviesbasedontruestoryfullmovie #inspirationalmovieshollywood #inspirationalmoviesinhindi #inspirationalmoviesonnetflix #inspirationalmoviestrailers #iyanlafixmylife #iyanlavanzant #jimmywolk #jimmywolkevangelion #jimmywolkfrontoftheclass #jimmywolkmovies #jimmywolkshameless #kalankfull moviewithenglishsubtitles #latestchineseactionmovies2020fullmoviewithenglishsubtitles #latestchineseactionmovies2021fullmoviewithenglishsubtitles #livinlozada #oprahlifeclass #oprahwherearetheynow #oprahwinfrey #oprahwinfreynetworkyoutube #oprahwinfreyshow #supersoulsunday #teachingfromtheheartland #teachingwithpassionandpurpose #teachingwithpassionmagicears #thehavesandthehavenots #theoprahwinfreyshow #tourettesyndromecooking #tourettesyndromecovid test #tourettesyndromecursing #tourettesyndromedocumentary #tourettesyndromeexamples #tourettesyndromeexplained #tourettesyndromefunnytrynottolaugh #tourettesyndromeboy #tourettesyndromekdrama #tourettesyndromemovie #tourettesyndrometics #tourettesyndrometiktok #tourettesyndrometrynottolaugh #wherearetheynowoprah",2021-05-04T13:47:16Z,105435,https://www.youtube.com/watch?v=EsPTGIW_hGQ
TBVMNywLaE8,Before and After: New TMJ Treatment with Tourette&#39;s Syndrome Patient,"Kenny, our patient with Tourette's is in town because he was nominated for the Tourette's Ambassador Program. While in town he stopped by our office for an adjustment on his lower orthotic Gelb appliance. In this video Kenny lets us know that his head movements have diminished and he is much more relaxed with his appliance in. The urge to tic has lessened and his mother is very happy with his progress. Years later Kenny stops by while in town for another Tourette's Ambassador Program Conference. He gives us a quick update on how his treatment went and he gives his advice to everyone. Kenny is now starting the last phase of treatment and we could not be happier for him. It is so wonderful to catch up with our patients!

Feel free to share this video! If you have any questions, please give us a call at the office. Our phone number is 703-821-1103 and you can email us at office@sleepandtmjtherapy.com

**Check out our social media sites!**
www.sleepandtmjtherapy.com
https://plus.google.com/+SleepTMJTherapyVienna/about
https://twitter.com/SleepTMJTherapy
http://sleepandtmjtherapy.com/blog/",2016-04-05T14:45:52Z,7845,https://www.youtube.com/watch?v=TBVMNywLaE8
fI6d3U0THZ8,I spent a day with SWEET ANITA: &quot;When Tourettes is Reality&quot;,"I spent a day with Sweet Anita to learn the truth about Tourette's and her growing Twitch popularity. Sponsors ▸http://betterhelp.com/padilla for 10% off your first month! ▸SurfShark VPN at https://surfshark.deals/ANTHONY - promo code ANTHONY for 83% off and 3 extra months for free! 

🎙THE PODCAST (UNCENSORED)
Spotify ▸ https://open.spotify.com/show/5aOLuPenneHbhLh05fmkeu  
Apple ▸ https://podcasts.apple.com/us/podcast/i-spent-a-day-with/id1550213250  

💥NEW YOUTOOZ FIGURE: https://youtooz.com/products/anthony-padilla 

 🧨HUGE thank you to Sweet Anita:
▸ Twitch - https://twitch.tv/sweet_anita
▸ Youtube - https://youtube.com/c/SweetAnita
▸ Instagram - https://instagram.com/sweetanitatwitch
▸ Twitter - https://twitter.com/sweetanita


🗯MORE EPISODES…
▸ TOURETTE SYNDROME - https://youtu.be/frdNqQoMxCs
▸ ADHD - https://youtu.be/jICroNO55RA  
▸ AMOURANTH - https://youtu.be/QPzpbqCL5zM

🎥Crew
▸ Creator, Director, Writer, etc. - Anthony Padilla
▸ Executive Producer - Alessandra Catanese
▸ Producer, Co-writer & Research - Elise Felber
▸ Director of Photography/Gaffer - Kathy Sue Holtorf
▸ Camera Operator - Amber Steele
▸ Social Media Manager - Mallory Myers
▸ Editor - Mike Criscimagna AKA Mork Crispy
▸ Assistant Editor - Patrick Horba
▸ Assistant Editor - Ash Duckworth
▸ Sound Editor - Gareth Hird
▸ Post PA - Levi Villalpando
▸ PA - Joshua Dozier
▸ Thumbnail Artist - Dill Toma

🎵Theme Music Composer - Matt Good AKA The King of Emo 
🖼Portrait painted by: Rhianna Robles - https://instagram.com/zerogattsu
🦥Slade mascot built by: The Pastel Prince - https://youtube.com/channel/UC7wq2U4FF2NyZD1o_P8QP0g 
📺3D animations by: Jacob Dalton - https://twitter.com/jacobdaltonvfx 

📢BE ON THE SHOW
▸ If you are part of an underrepresented subculture or live a lifestyle you feel is not widely understood and would like to be interviewed by me, email inquiry[at]pressalike.com with your subculture in the title of the email.

❗️You dug this deep into the description. You owe it to yourself to subscribe ▶ https://youtube.com/subscription_center?add_user=AnthonyPadilla or get more at http://instagram.com/anthonypadilla & http://twitter.com/anthonypadilla

0:00 Introduction
2:20 A TRAUMATIC CHILDHOOD
5:01 WHEN TOURETTES BECAME LIFE
10:15 RELENTLESS BULLYING
12:47 THE UNTOLD TRUTH ABOUT STREAMING
13:53 THE ART OF BLOWING UP
16:59 WAXING A VIEWER'S BALLS
20:07 WHEN TICS BECOME FETISH
21:16 ADDRESSING THE RUMORS",2022-04-22T23:00:33Z,1737148,https://www.youtube.com/watch?v=fI6d3U0THZ8
GtRmhL6ZdXw,Story of a Lifetime Damian Friel Tourette&#39;s Syndrome,"Story of a lifetime with myself and Stephen Nolan- series 2 episode 1.

uploaded with contributor rights",2017-05-20T05:08:31Z,27814,https://www.youtube.com/watch?v=GtRmhL6ZdXw
Go42VVpzN3o,Living in the Life of Tourette Syndrome,"Hello my name is Bianca Saez and I have severe Tourette's Syndrome. In this video I will be showing and discussing some of the daily struggles of living with Tourette's.

To keep up to date with my daily life please check out my channel ""B with Tourettes"" and you can also find me on:
Instagram: https://www.instagram.com/b_with_tourettes/
Facebook: https://www.facebook.com/groups/554958695255441
Website: https://bwithtourettes.com.au/",2019-06-07T08:27:41Z,1289213,https://www.youtube.com/watch?v=Go42VVpzN3o
XOgbBqmt2MI,David Begnaud Talks 48 Hours Suspicion &amp; Growing Up With Tourette Syndrome,"CBS News correspondent David Begnaud gives us a look at an all new episode of 48 Hours: Suspicion. 
He also talks about growing up with Tourette syndrome, and how it made him who he is today. 

The Case Against Mary Katherine Higdon (https://www.cbsnews.com/news/mary-katherine-higdon-georgia-shooting-case/ )
A young woman says she accidentally shot her boyfriend. Police say she confessed to murder – but there's no audio to prove it. What will the jury decide? Find out tonight at 10/9c on CBS.


GDH Twitter - https://twitter.com/GreatDayHouston
GDH Facebook- https://www.facebook.com/GreatDayHouston/  
GDH Instagram - https://www.instagram.com/greatdayhouston/",2020-09-23T21:52:30Z,535,https://www.youtube.com/watch?v=XOgbBqmt2MI
ZtTogGVON78,Front of class (film) ending speech : How Tourette Syndrome Made Me the Teacher I Never Had,"Front of class ending speech 

Front of the Class is a 2008 American drama film based on the book by Brad Cohen, Front of the Class: How Tourette Syndrome Made Me the Teacher I Never Had, co-authored by Lisa Wysocky.

Brad Cohen's story starts as a young boy whose mother helped doctors to realize that he had Tourette syndrome. With his mother's help and the support of his school principal, Brad eventually becomes an award-winning teacher.

Thanks to his mother never giving up, Brad is a success story and shares his success with everyone around him.",2015-04-28T03:25:18Z,74198,https://www.youtube.com/watch?v=ZtTogGVON78
2781rfolHd0,Funny Tourettes  Syndrome TikTok Compilation,"#TikTok #Tourettes #TourettesSyndrome
Funny Tourettes  Syndrome TikTok Compilation. We are back with another funny tourettes syndrome tiktok compilation. All clips in this video were uploaded by people with tourettes and tagged as #funny on tiktok.


👍 Remember to like and share it with your friends if you enjoyed it! 👍

💥 SUBSCRIBE, don't miss out on any of our compilations! 💥

Subscribe to T3 Trends: https://fatcattv.com/c
Find us on Facebook:  fb.me/T3Trends

💥Check out our AWESOME TikTok compilations:💥

► Funny TikToks: 🤣
https://fatcattv.com/p/PLOx7hkvSQl_eq_tkoZknqHOnC_8qqAfP4

►TikTok Makeup: 💄
https://fatcattv.com/p/PLOx7hkvSQl_emQ7V4FmP1V7xvczrbqQeD

►TikTok Animals: 🐱🐶 🦊
https://fatcattv.com/p/PLOx7hkvSQl_d_uARsGG-aRsLM__3OcQ-7

tourettes, tourettes teen, tourettes baking, tourettes syndrome, tiktok tourettes, tik tok tourettes, tourettes compilation, tourettes tic, tourettes documentary best bits, tourettes funny try nto to laugh, tourettes swearing, swearing tics tourettes, new tourettes compilation, tourette syndrome, sweet anita tourettes, uncletics, tourettes girl, funny tourettes, tourettes cussing, twitch clips tourettes, tourettes tntl, teen tourettes, cute tourettes",2020-07-15T17:00:11Z,589314,https://www.youtube.com/watch?v=2781rfolHd0
3ug1XINvefM,SEAMUS EVANS ON TOURETTE SYNDROME,"Acceptance, passion and determination…
 
Seamus Evans is a Keynote Speaker, Comedian, Tourette Syndrome Ambassador, and heaps more! With all of this under his belt you’d best believe he has a tonne of wisdom, and we were super lucky to have him join our friends from Jacaranda Place for a special talk.
 
Seamus authentically shared his story and captured the attention of the young people as he spoke about his journey with Tourette Syndrome - from the everyday struggles to full embrace.
 
Thanks so much Seamus for your openness and generosity! 

Copyright Juiced Enterprises 2021

 ••••••••••••••••••••••••••••••••••••••••••••••••••••••••••••••••••••••••• 

Copyright Disclaimer Under Section 107 of the Copyright Act 1976, allowance is made for ""fair use"" for purposes such as criticism, comment, news reporting, teaching, scholarship, and research. Fair use is a use permitted by copyright statute that might otherwise be infringing. Non-profit, educational or personal use tips the balance in favour of fair use.",2021-12-08T23:04:43Z,653,https://www.youtube.com/watch?v=3ug1XINvefM
bfHJUPrahkY,Sweet Anita Tourettes Highlights #1,"SOCIAL
► Twitch: https://Twitch.TV/Sweet_Anita
► Twitter: https://Twitter.com/Tweet4nita
► Facebook: https://fb.me/officialsweetanita
► Discord: https://discord.gg/Anita
► MERCH: https://merch.streamelements.com/sweet_anita",2018-10-22T19:26:49Z,4268841,https://www.youtube.com/watch?v=bfHJUPrahkY
-bpheO8hKUU,Teen With Tourette Syndrome: I Was Booted From &#39;Endgame&#39;,"A teen and her family say they were angered when they were asked to leave a movie theater because of the 15-year-old's Tourette syndrome. Emily Womack's mom, Tina, said the manager told her nine people had complained about Emily's squawking. She said she told him it wouldn't be a problem during the movie and that Emily could suppress it. The theater said its team attempted to resolve this situation without anyone having to leave the movie. InsideEdition.com's Leigh Scheps has more. #InsideEdition",2019-05-03T21:54:17Z,304298,https://www.youtube.com/watch?v=-bpheO8hKUU
Sh_1UbCFIxA,EPIC FAIL ! Karaoke with Tourette syndrome !,You'd like to see what is the result when somebody sings with the Tourette syndrome !,2013-05-08T13:30:09Z,73326,https://www.youtube.com/watch?v=Sh_1UbCFIxA
ljX1rsMNA34,Oliver Sacks on Tourette Syndrome - Shane (Part 1 of 3),"The neurologist Oliver Sacks talks about Tourette Syndrome. Features Shane Fistell. Tourette's is a neurological disorder that causes motor and vocal tics which vary considerably between individuals and also impulsive behaviours and reduced inhibition (and filtering) of thoughts, movements and sensory input. This may lead to a rapidity and expansiveness of thought processes and reduced reaction times. Obsessions and compulsions are a consistent feature of TS and may involve thoughts, speech and movements such as touchings or evening things up and counting. This portrayal provides a sensitive and insightful perspective - a welcome and more representational alternative to the often simplistic stereotypical media depiction of the disorder which has been responsible for much misunderstanding and distress to sufferers.",2010-10-07T18:42:02Z,40938,https://www.youtube.com/watch?v=ljX1rsMNA34
9pTNMP9du5M,Tourette Syndrome TikTok Compilation | Star TikToks | [Read Desc],"⚠︎All credit goes to the creators⚠︎
⚠︎I only created the compilation⚠︎

I myself have Tourettes, which is why I chose to make the first Compalation about Tourettes!!

#tourettes #tourettesyndrome #tiktok #compilation",2021-03-27T17:00:19Z,443471,https://www.youtube.com/watch?v=9pTNMP9du5M
yyHo-fsvOkQ,Makeup with Tourettes Syndrome 💛,"hey guys! So this is originally from my Tik Tok, (@ashpoohbear) but it got quite a lot of views so I figured I would post it here since I need more content on YT anyway 💕 have a lovely day ✌

#tourettesyndrome #makeup #ticawareness #tourettes #jamescharles #jeffreestar",2021-07-23T02:06:38Z,31400,https://www.youtube.com/watch?v=yyHo-fsvOkQ
U3WLc3vbUG8,David Begnaud talks growing up with Tourette Syndrome,"Lead National Correspondent for CBS This Morning, David Begnaud, (https://www.cbsnews.com/team/david-begnaud/ ) joined Deborah Duncan to talk about his own experience growing up.
For more information about National Bullying Prevention Month, click here. https://www.pacer.org/bullying/nbpm/ 






GDH Twitter - https://twitter.com/GreatDayHouston
GDH Facebook- https://www.facebook.com/GreatDayHouston/  
GDH Instagram - https://www.instagram.com/greatdayhouston/",2020-10-21T19:58:28Z,2047,https://www.youtube.com/watch?v=U3WLc3vbUG8
qkUGmnoibzU,Hypothermia Induced Tourette Syndrome,"The original version of the viral deep diving video... Max depth 420ft.

Kiritimati, Kiribati, 2005.",2019-09-14T09:16:32Z,2496,https://www.youtube.com/watch?v=qkUGmnoibzU
sSHITmt16r8,Tourette&#39;s syndrome sufferer tells of debilitating disease,"A bingo-loving young man has been banned from his favourite hall for shouting out and swearing during games – because he has TOURETTE’S. Louis Bunn was kicked out of his local bingo hall, and banned for life, after staff thought his involuntary tics and movements were deliberate acts of disruption. The 23-year-old, of Eastbourne, East Sussex, was booted out of Leo Leisure Bingo last Sunday, in the middle of a game. Louis, whose involuntary swearing becomes worse when he’s stressed, says that during the course of the evening, the bingo caller poked fun at his accidental outbursts.",2014-08-29T15:16:10Z,14526,https://www.youtube.com/watch?v=sSHITmt16r8
rEc-3LOJdq8,Cup Stacking with Tourette’s Syndrome!,"hey guys! hope you like today’s video, sorry i’m not too regular with uploading to youtube, but i post daily on tiktok @thistrippyhippie💕
speaking of tiktok, thank you so so so so much for 9 million!!!😧💜


oh also, new intro!😏not amazing but let me know your thoughts🥰♥️


introduction: hi! my name is evie meg, i’m 20 years old and i make videos sharing my life living with tourette’s syndrome, aiming to raise awareness, educate more people and try to make light of living with this everyday. since as you can imagine it’s very difficult. my tics started when i was 12, but just sounded like constant hiccups. when i was 16 i got a couple more tics like head jerks, hand rubbing etc, but when i was 19 they started progressing and over time got worse into what they are today. 
i’m also a mandala artist 🎨 and i also do full song covers in british sign language. thank you for watching!💘",2020-11-23T23:01:25Z,714130,https://www.youtube.com/watch?v=rEc-3LOJdq8
_xuuE1LmZ7s,"My Tourette&#39;s Made Me Viral! ( March 2, 2022 ) | Dr. Phil 2022 (Full Episode) S20 E113","If you would like to support the channel, here our patreon: https://www.patreon.com/Drphilepisodes
I sincerely appreciate it, Thank you all and have a nice day ❤

Dr. Phil: Season 20, Episode 113

Baylen says posting TikTok videos of her daily struggles with Tourette's syndrome helped her gain the confidence to go out in public again; Lele Pons also has OCD, Tourette's syndrome and depression but has had a different experience on social media.",2022-03-02T17:44:11Z,127718,https://www.youtube.com/watch?v=_xuuE1LmZ7s
ApPasYpbZWc,Tourette&#39;s Syndrome: The Whistler Boy,"Nine year old boy turns tick into music. Robby Hood has Tourette's Syndrome and one of his uncontrollable ticks just won him an award: whistling. Whistling is not a hobby for Hood. It is something he cannot control, something he cannot stop: a tick.",2009-09-10T13:52:52Z,622916,https://www.youtube.com/watch?v=ApPasYpbZWc
tgr-EfDTSLk,My Morning Routine With Tourette&#39;s Syndrome,"Welcome to our little family! We are so excited to share our adventures with you!

Here is a quick look at what my morning consists of each and every day!

Disclaimer -
As you may notice I do have Tourette's syndrome which is a neurological disorder that causes me to make repetitive movements and sounds. I want to be transparent with this so it doesn't cause any confusion. Thanks for understanding!",2022-02-20T21:17:18Z,1954,https://www.youtube.com/watch?v=tgr-EfDTSLk
8F5YM6bWhWY,TOURETTE SYNDROME: How I redirect my tics,"I have spent years exploring my Tourette Syndrome learning how to manage tics. 

To work on TV I had to redirect them so they would be disguised on screen. 

Everyones experience with TS Is different, this is mine. 

If you have any experiences redirecting or cool techniques on managing your tics, I would love to know how you do it! 

Seamus",2022-05-24T04:22:04Z,734,https://www.youtube.com/watch?v=8F5YM6bWhWY
w9amwSrXDms,Flying Anne - Trailer of the 21-minute documentary (Tourette’s syndrome),"Eleven-year-old Anne is a beautiful girl. The kind of girl you can’t take your eyes off. And the longer you look, the more you see her ‘tics’. Anne suffers from Gilles de la Tourette’s syndrome. This makes her body do things she doesn’t want, such as suddenly spinning around or licking everything. Anne sometimes finds it hard to cope with her illness, especially in school. She’s afraid that others will bully her or laugh at her. Anne therefore tries to keep her tics in check, although that isn’t easy. She prefers ‘flying’ through life, so you won’t notice anything. When flying, she’s at her best. The youth documentary FLYING ANNE shows how Anne lives life with her tics. Tics that, in the end, she doesn’t want to lose either…

To purchase this film visit: https://sproutflix.org/programs/flying-anne
Sproutflix is the only distributor of films exclusively featuring people with intellectual and developmental disabilities (http://sproutflix.org/).",2015-09-16T15:38:08Z,358,https://www.youtube.com/watch?v=w9amwSrXDms
tw469BMAK3U,Tourette Syndrome | How I Got The Diagnosis,"Hey! In this video I share the story of how I got my Tourette Syndrome diagnosis (even though my tics are likely actually caused by PANS). Getting a Tourette’s diagnosis isn't always easy or straightforward unfortunately.

Disclaimer: I am NOT a medical professional, this is NOT to be used as a substitute for diagnosis or treatment from a qualified physician, this is to be used for educational purposes only. For medical advice, please see a medical practitioner. I do NOT claim to treat, cure or mitigate any condition.

 
Useful Links:


Ticcers unite website: https://www.ticcersunite.com/

The Legacy initiative - International peer support and virtual meet ups by Logan Isfeld: https://www.freeyouthsupport.com/
 
PANS / PANDAS:


PANDAS PANS UK :
https://www.panspandasuk.org/


Moleculara labs:
https://www.moleculeralabs.com/pans-diagnostic-criteria/


The Foundation for Children with Neuroimmune Disorders:
https://www.neuroimmune.org/


The Alliance to Solve PANS and Immune Related Encephalopathies: https://aspire.care/

Cute images in the thumbnail are from the Kawaii! stickers app, which I highly recommend.",2022-05-13T18:00:16Z,180,https://www.youtube.com/watch?v=tw469BMAK3U
HniZDHFUcYk,"This is me! Cello, music and Tourette&#39;s Syndrome","I have made a video all about sending out a message to people about me and my Tourette's Syndrome and to not let their Tourettes or any conditions define them or stop them from doing anything that they want to do. I even went to the beach to film a lot of this playing Bach Cello Suite No.1. Please watch this video and share it with all of your friends and family as I hope that it will open People’s minds and show what can be achieved, even if you have a disability like I do! :) Xx Subscribe to Wilamena's blog at https://www.tictastic.com",2018-08-28T20:02:07Z,4684,https://www.youtube.com/watch?v=HniZDHFUcYk
sdSRxtVjz74,Tourette Syndrome is Not Demonic!,"This issue has faced people living with Tourette Syndrome all over the world for to long!

And it needs to STOP!!! 🛑

We are not Demons!
We are not possessed!

We are people with feelings just like everyone else, and we deserve to be treated with respect.

- B

Community Guidelines:
https://support.google.com/youtube/answer/9288567?hl=en

To keep up to date with my daily life please check out my channel ""B with Tourettes"" and you can also find me on:
Instagram: https://www.instagram.com/b_with_tourettes/
Facebook: https://www.facebook.com/groups/554958695255441
Website: https://bwithtourettes.com.au/",2022-03-16T08:19:37Z,6443,https://www.youtube.com/watch?v=sdSRxtVjz74
fWkukIA7njE,TRY NOT TO TIC CHALLENGE//Tourette Syndrome,"Hey guys! Not sure how many of you know, but I have Tourette Syndrome! I usually don't show my tics in most of my videos because I edit it out, but I figured I'd be real with you guys and let you know all of my different tics! This video was pretty fun to make, and while watching it I can't help but laugh, so please don't feel bad if you find it funny!! I really hope you enjoyed this video about my Tourette Syndrome! If you did, please hit that thumbs up button and SUBSCRIBE for more fun content!! Bye! 

Email for business inquires only: camillescurls@gmail.com

LINKS/COUPONS:
Verb Products: https://www.verbproducts.com/?rfsn=2653071.48a3c3 (16% off first purchase!)
Lavish outfitters: curlycamille15 (15% off your order!) https://www.lavishoutfitters.com/
HipOptical: CAMILLE ($10 off your order!) https://www.hipoptical.com/

 LETS BE FRIENDS!!
     ✰Instagram: https://www.instagram.com/camilles_curls/
     ✰Pinterest: https://www.pinterest.com/mumy82/
     ✰Snapchat: https://www.snapchat.com/add/mumy.82

MUSIC: Lukrembo (amazing youtube artist!)



FAQ:
age: 17 (18 in June)
camera: Canon 70D
lenses: 18-55mm and 50mm
editing software: Adobe Premiere Pro CC
are you going to be a big youtuber one day? YES!
Should you subscribe? YES YES YES YES

DISCLAIMER: Links included in this description might be affiliate links. If you purchase a product or service with the links that I provide I may receive a small commission. There is no additional charge to you! Thank you so much for supporting me and helping my channel grow!

Sub count: 265 :) 

#Tourettes #TouretteSyndrome",2020-06-19T19:30:13Z,92083,https://www.youtube.com/watch?v=fWkukIA7njE
HPmpIY7XJVE,Inspirational Tourette&#39;s Syndrome Sufferers 1: Kids with TS.,"Hi, I'm Bailey Womack.  I am 16 years old, and I am a sufferer of severe Tourette's Syndrome.  This video helps me through those hard times, and hopefully it can do the same for you. Please, I would like to ask that no one leave any negative or derogatory comments. The following websites are sites to help those with Tourette's Syndrome: 

http://www.lifesatwitch.com/home.html

http://www.petitiononline.com/teensWts/petition.html

http://www.webmd.com/brain/tourette-syndrome-overview

http://www.webmd.com/brain/news/20051013/gene-link-to-tourettes-syndrome-found

http://www.tsa-usa.org/

Thank you for your time.",2008-01-27T09:15:27Z,703421,https://www.youtube.com/watch?v=HPmpIY7XJVE
8cPMeM9jtVw,Shopping With Tourettes Syndrome || Disabilities In Society,"hi everybody! 

i filmed this a couple weeks ago showing what its like being in public when my tics are more severe. i had been having a more calm spell so this was a pretty vocal day for me compared to the past few weeks. i just wanted to show how it can take a toll on my mindset, i manage pretty well but its difficult having attention drawn to myself that i have no control over, i'd rather just shop in peace!

not every shopping trip is like this, some days i dont really have any issues and can go by unnoticed, but the severity of tourettes waxes and wanes.

if you see someone in public with a visible difference, please try not to stare. smile at us, it makes me feel so accepted. 

hope you learnt something xx",2022-04-25T15:49:56Z,94241,https://www.youtube.com/watch?v=8cPMeM9jtVw
dXiMS7QjVcw,Girl with Real Tourettes Reacts to Tiktoker Faking Tourettes | TicsandRoses Edition,"In today's video I address more about how to tell if someone is faking tourettes. A lot of people on TikTok have faked tourettes and it's been really harmful to the community, so I address people like ticsandroses and let viewers know some key signs in how to tell if someone is faking. This video is strictly about reacting to ticsandroses and their faking of tourettes on tiktok.

Check out part one here: https://youtu.be/436aNFld_e4

As a girl with Tourette's, I would love to spread awareness and education about my disorder, as I feel it is quite misunderstood in today's society. The media has made it out to be a swearing disorder only, which is far from true. I hope this video will educate you on Tourette Syndrome and tic disorders! Life with Tourettes can be difficult, but just know that we're the same as everyone else...except for the fact we tic like clocks! (:

Thanks for watching!

Follow me on Instagram! @ticcingclock
TikTok: @ticcingtogether",2022-03-23T06:14:29Z,684953,https://www.youtube.com/watch?v=dXiMS7QjVcw
9w5Od4ijqoI,"Синдром Туретта, генерализованные тики © Tourette&#39;s syndrome, generalized tics","Topics https://www.youtube.com/user/1MGMU/playlists?view=50&sort=dd&shelf_id=1 Tourette's syndrome, generalized tics
Hyperkinesia. Гиперкинезы, 1979 г., копия с 35мм
https://www.youtube.com/watch?v=O1ySIwVAFwU
Сидром Туретта http://www.krasotaimedicina.ru/diseases/children/tourette-syndrome
https://ru.wikipedia.org/wiki/%D0%A1%D0%B8%D0%BD%D0%B4%D1%80%D0%BE%D0%BC_%D0%A2%D1%83%D1%80%D0%B5%D1%82%D1%82%D0%B0 
Синдром Туретта у популярной певицы Билли Айлиш.
#медфильм",2018-09-01T19:06:22Z,1854775,https://www.youtube.com/watch?v=9w5Od4ijqoI
IHAZj34M-Rc,What&#39;s My Name 72: Tourette Syndrome (Preview),"Patrick Taylor talks about having Tourette Syndrome (TS). Along with his fiancée Jordan Bean, they talk about the truths and misconceptions of TS, the negative reactions they have encountered, and they answer some of the most frequently asked questions about dating someone with the inherited neuropsychiatric disorder.

What's My Name is a theme-based talk show hosted by Chemda, who has been podcasting as ""The Girl"" of Keith and The Girl. It's available exclusively to KATG VIP members. For more details visit http://KATG.com/VIP",2015-07-02T16:00:01Z,1464,https://www.youtube.com/watch?v=IHAZj34M-Rc
Ny8L15nkjUk,Jim Eisenreich on Growing Up with Tourette Syndrome,Jim describes his experiences growing up with Tourette Syndrome. Visit http://www.Tourettes.org for more information at the Jim Eisenreich Foundation for Children with Tourette Syndrome,2011-07-26T15:25:52Z,5748,https://www.youtube.com/watch?v=Ny8L15nkjUk
6dm9DcaUWM0,My Different Types of Hand Tics | Life with Tourette Syndrome,"Hi everyone! Today I'm going to be talking about my different types of hand tics that I deal with due to my Tourette Syndrome! Hand tics are super strange, but there are so many different varieties of them, that I wanted to show you guys some of mine and explain them a bit! I hope you learn something about Hand Tics! (:

As a girl with Tourette's, I would love to spread awareness and education about my disorder, as I feel it is quite misunderstood in today's society. The media has made it out to be a swearing disorder only, which is far from true. I hope this video will educate you on Tourette Syndrome and tic disorders! Life with Tourettes can be difficult, but just know that we're the same as everyone else...except for the fact we tic like clocks! (:

Thanks for watching!

Follow me on Instagram! @ticcingclock",2020-10-06T05:30:04Z,3873,https://www.youtube.com/watch?v=6dm9DcaUWM0
U8iO92tDX9w,Where Ellie Learned Cuss Words | Coprolalia &amp; Tourette Syndrome,"Besides actual Tourette syndrome questions, this is the question we get the most. Where did Ellie learn to cuss? Probably from us and then you know... that big crazy thing you also reside in called THE WORLD, LOL! If your kids haven't heard cuss words.. congrats to you, they will one day! Coprolalia is an aspect of Tourette syndrome that includes obscene words and gestures. Ellie is still literally THE NICEST human in the world but when she uses cuss words during tics, she make sound or appear aggressive when it couldn't be further from the truth. Did you know that using profanity can alleviate physical pain... and that there is a physical build up before a tic happens? It makes SO MUCH sense why 10% of people with Tourette syndrome have coprolalia when you look at it this way. When you watch our videos or hang out on our social media communities, you can't deny we that our kids are so well-loved and doing so much good in this world already. The fact that they've heard cuss words is just beyond insignificant. But, since you may have asked... we made this video for you.

Sign up for the Tourette syndrome newsletter here and never miss out on content we share!: https://view.flodesk.com/pages/61a79b2aaadf79eb4003551f",2022-05-02T09:20:10Z,906,https://www.youtube.com/watch?v=U8iO92tDX9w
Hy6cN72U33g,TOURETTES SYNDROME - TIK TOK  COMPILATION,"Why include random videos?
They are not random. Many of our viewers are people who have tourettes syndrome. Some of these viewers tell me that as much as they love to watch tourettes compilations they find the videos often set off their own tics. I usually include a different kind of video every 3-4 clips as an effort to distract or calm these viewers so that they are not bombarded with tic after tic after tic.
Thank you for your understanding and thank you for helping this channel to grow. No matter what I upload or how much work I put into this channel it can be nothing without YOU, the person reading this!

Its time for your tik tok tourettes syndrome compilation from T3 Trends!

#TikTok #TOURETTES #TOURETTESAWARENESS

👍 Remember to like and share it with your friends if you enjoyed it! 👍

💥 SUBSCRIBE, don't miss out on any of our compilations! 💥

Subscribe to T3 Trends: https://fatcattv.com/c
Find us on Facebook:  fb.me/T3Trends

💥Check out our AWESOME TikTok compilations:💥

► Funny TikToks: 🤣
https://fatcattv.com/p/PLOx7hkvSQl_eq_tkoZknqHOnC_8qqAfP4

►TikTok Makeup: 💄
https://fatcattv.com/p/PLOx7hkvSQl_emQ7V4FmP1V7xvczrbqQeD

►TikTok Animals: 🐱🐶 🦊
https://fatcattv.com/p/PLOx7hkvSQl_d_uARsGG-aRsLM__3OcQ-7",2020-07-23T00:57:33Z,206974,https://www.youtube.com/watch?v=Hy6cN72U33g
MQ0G1LPdlyo,Stuttering Q&amp;A Part 2: Tourette’s Syndrome &amp; Managing Stuttering,"Skip to the questions you want to hear!

0:39 ""What tics do you have with your Tourette's? Can you show them happening?""
1:41 ""How does your Tourette's present itself day to day?""
2:35 ""Do your jerks have anything to do with stuttering? Are they medication induced or anxiety related?""
3:32 ""Are there certain letters that make you stutter depending on how they're pronounced?""
4:43 ""Would you speak to a waiter yourself or have someone do it for you?""
5:12 ""Is your stutter hereditary?""
5:37 ""What are some techniques to be more fluent and have confidence?""
8:01 ""Do you get annoyed when someone asks you about your stutter?""
9:15 ""Do you have a word that is really hard to say?""
10:14 ""What is your favorite book if you have one?""
11:06 ""Do you have any advice on how to convince my family that my stuttering isn't negative?""

Subscribe to stay updated with more related videos!
Check out & follow my Instagram! @stutteringslp",2020-06-02T14:00:14Z,5044,https://www.youtube.com/watch?v=MQ0G1LPdlyo
TEaK65Eirk8,"@narindipity on Living with Tourette&#39;s Syndrome, Recording an Album and TwitchSings","Narindipity is a singer, streamer, ASMRtist and most importantly, a great friend of mine! In this episode we cover everything from living with Tourette's Syndrome, streaming, recording an album, meeting at TwitchCon and her being a World FINALIST in the TwitchSings competition. She is always so impressive and I loved this conversation! I hope you love it too! 

The Creator Code Podcast:
Apple Podcasts: https://podcasts.apple.com/us/podcast/the-creator-code/id1567722706
Spotify: https://open.spotify.com/show/2btamii8MPJdtz5BvEf3S5
Anchor: https://anchor.fm/matty-tingles

Follow Narindipity:
YouTube: https://www.youtube.com/c/narindipity1
Instagram: https://www.instagram.com/narindipity
Twitter: https://twitter.com/narindipity_
Twitch: https://www.twitch.tv/narindipity

Follow MattyTingles: 
YouTube: https://www.youtube.com/mattytingles 
Instagram: https://www.instagram.com/mattytingles 
Twitter: https://www.twitter.com/mattytingles 
TikTok: https://www.tiktok.com/@mattytingles",2022-03-05T23:01:05Z,2037,https://www.youtube.com/watch?v=TEaK65Eirk8
OUNRtw7Tslk,Tourette Syndrome Freakout,"Im having a setback with my tourettes syndrome treatment
Im sure it can be fixed but in the meantime I have to live this tourettes hell of convulsions and yelling and making people who dont know whats going on totally freak out about it....
I didnt think I would be living this again.
This is bullshit

Here is the vid explaining what the bite splint treatment is
http://www.youtube.com/watch?v=qh3lI8_OVw4


Please comment, Thumbs up!, And Subscribe!


My Facebook
https://www.facebook.com/pages/Idranktheseawater/271233859555994?ref=hl

My Tumblr
http://idranktheseawater-is-me.tumblr.com/",2013-07-06T04:31:57Z,13542,https://www.youtube.com/watch?v=OUNRtw7Tslk
bxM_x1dhcLw,More Tics in Class | Tourette&#39;s Syndrome,"Here's more footage I found of my tics in class back last year.
(for reference I am not allowed to film anymore so this is all old footage)

I have Tourettes Syndrome and this is what it can be like being in class with someone who has Tourettes. It can be very distracting but please remember I can't control it and it frustrates me a lot more than anyone else, I can assure you!
My classmates are used to it so I don't stop anyone from working, and I don't film in any classes that aren't either substitutes or at break/lunch times so don't worry :)

My Social Media:
Instagram - https://www.instagram.com/zara.bethx/​
Tiktok - https://vm.tiktok.com/JF5QVtc/​
https://linktr.ee/zarabeth​

My name is Zara Beth (zeezee25 on tiktok) and I post videos about tics, tic disorders and what its like to be a teen living with Tourette's syndrome. I show what its like having tics and Tourettes in class and in school, and I also bake, do other challenges and answer all your questions.",2021-04-18T11:00:11Z,96292,https://www.youtube.com/watch?v=bxM_x1dhcLw
KU-cCRE5AsE,Billie Eilish talks about her Tourette-Syndrome on Ellen #billieeilish #ellenshow #tourettesyndrome,"Billie Eilish talks about her tics and how to deal with the syndrome. She is the most inspirational and most adorable person I know ! 
Love u billie 🖤",2019-04-01T13:47:36Z,35300,https://www.youtube.com/watch?v=KU-cCRE5AsE
hxx9fAZARaE,DRNY Fights for Student with Tourette&#39;s Syndrome (ASL Interpretation),A short documentary featuring Julie Michaels Keegan and her work with Patrick's discriminatory experience at school.,2022-03-07T20:00:26Z,36,https://www.youtube.com/watch?v=hxx9fAZARaE
fFn0llYqM8w,Deuce Bigalow - Tourette Syndrome,Scenes from Deuce Bigalow: Male Gigolo with Ruth who has tourette syndrome.,2008-06-10T19:18:29Z,2993486,https://www.youtube.com/watch?v=fFn0llYqM8w
AGiMGNF0uAI,Ellie&#39;s Makeup Video | Tourette Syndrome,"Ellie asked me if she could use my makeup and make a video, and it's hard to say no to her... so I didn't, LOL! This was a nor'easter day here on the Outer Banks and Ellie really hates bad weather so this kept her so joyful and distracted! It seems like it goes well in the beginning, but, when she got to the lipstick, her Tourette's decided to change up her look, LOL! We love watching her enjoy life and just be fully herself. Her tics were more mild when we filmed this but in the past week since have increased again and this seems to be the wave she rides with her Tourette's! 

Thank you for being here. She really just wants other kids to see that her life is still happy with tics and that they are perfect just the way they are. We really appreciate our community dearly! XOXO 

For more Tourette syndrome awareness from us on Instagram: @amandahedgepethobx",2022-03-22T09:42:02Z,1086,https://www.youtube.com/watch?v=AGiMGNF0uAI
UBtyGAbyQpc,South Park - Cartman Has Tourette&#39;s Syndrome,"#southpark #cartman #syndrome

Cartman experiences bliss when he discovers that, by pretending to have Tourettes, he can say whatever he likes to whoever he likes.",2019-12-18T18:55:38Z,1027655,https://www.youtube.com/watch?v=UBtyGAbyQpc
bWDgBeEK1ac,Drunk Tics | Tourette’s Syndrome,LeBronathan,2021-02-28T23:26:14Z,1671,https://www.youtube.com/watch?v=bWDgBeEK1ac
lp9Ztyn3a4s,Tourette Syndrome explained in Tamil | #Hichki | Rani Mukerjee | #Naampondicherry,"Explains about a physiological disfunctioning of our brain called as Tourette Syndrome.

#Hichki was a movie starred by #Ranimukerjee where she plays a role as a victim of Tourette Syndrome, the other person in the thumbnail is #Brad Cohen, who was a real victim of Tourette Syndrome, but survived and succeeded it, who is an absolute inspiration.

*****************************************************
MY GEARS:
❤️ MIC 1: Zoom H1n Handy Recorder (Red Edition) - https://amzn.to/2YehzEg
❤️ MIC 2: Sony ECM-CS3 Tie Clip Microphone
❤️ CAMERA: Nikon D5600 DSLR Camera - https://amzn.to/3gURKj6
❤️ LENS : Nikon AF-S Nikkor 50 mm f/1.8G Prime Lens - https://amzn.to/3kI10rW
❤️ LENS : Nikon AF-S DX Nikkor 18-140mm F/3.5-5.6 G ED VR Zoom - https://amzn.to/3mVoGvE
❤️ TRIPOD 1: AmazonBasics 60-Inch Lightweight Tripod - https://amzn.to/3yuhed6
❤️ TRIPOD 2: DIGITEK® (DTR 260 GT) Gorilla - https://amzn.to/3jwOWKQ
❤️ LIGHTING: Godox LED RGB Light Stick LC500R - https://amzn.to/2WBx3C3
❤️ LAPTOP: Apple MacBook M1 chip with 8-core CPU and 8-core GPU - https://amzn.to/3jyWsor
❤️ MOBILE: Vivo V20 (Sunset Melody, 8GB RAM, 128GB Storage)- https://amzn.to/2WC8pAK
❤️ EDITING SOFTWARE : Imovies - Developed by Apple Inc. for macOS, iOS, and iPadOS devices
*****************************************************
Follow Us on :
👉 Instagram          ❤️ https://www.instagram.com/naampondicherry/
👉 YouTube             ❤️ https://www.youtube.com/c/NAAMPondicherry
👉 Facebook Page ❤️ https://www.facebook.com/naampondicherry/
*****************************************************
PLEASE STAY CONNECT WITH US BY SUBSCRIBING OUR CHANNEL
❤️ If you like this video, please hit the ""Like"" Button.
❤️ If you found this video useful, please do ""Subscribe"" Our Channel and click the ""Bell Icon"" to get notified for our latest videos.
❤️ If you love this video, please do ""share"" the video.
*****************************************************
For promotion & business inquires please mail us at : naampondicherry@gmail.com
*****************************************************
🚫 DISCLAIMER:
👉 Copyright Disclaimer under section 107 of the Copyright Act 1976, allowance is made for “fair use” for purposes such as criticism, comment, news reporting, teaching, scholarship, education and research. Fair use is a use permitted by copyright statute that might otherwise be infringing.
👉 Use or commercial display or editing of the content without proper authorization is not allowed
👉 This video and description contain affiliate links, which means that if you click on one of the product links, I'll receive a small commission. This helps support the channel and allows us to continue to make videos like this. 
*****************************************************
Thanks for watching!
With regards,
Naam Pondicherry & Team",2021-10-14T13:30:07Z,430,https://www.youtube.com/watch?v=lp9Ztyn3a4s
Tr8oKMwSBP0,New to Tourette Syndrome?,"After Tourette’s camp your tics skyrocket. So I thought I would film mine as I waited for my flight. 

If you’re new to the Tourette’s world, Tourette’s camp is where you need to be!",2022-05-15T22:29:41Z,688,https://www.youtube.com/watch?v=Tr8oKMwSBP0
-YGheyjDuUA,Interpreting the Tourette&#39;s Syndrome Study&#39;s Results,,2017-01-26T19:39:46Z,217,https://www.youtube.com/watch?v=-YGheyjDuUA
lvDi_s1qLCA,Gilles de la Tourette&#39;s Syndrome,"Definition
Motor Tics
Vocal Tics
Diagnostic Criteria
Differential Diagnosis
Associate Diseases
Treatment",2021-10-28T05:45:06Z,129,https://www.youtube.com/watch?v=lvDi_s1qLCA
IEWyFQC15UQ,Baylen Dupree’s Parents Discuss Daughter’s Tourette&#39;s Diagnosis,"Baylen bravely took a risk and posted TikTok videos of her daily struggles with Tourette syndrome. Her videos quickly went viral, and she now has over 3 million followers. Baylen says she struggles daily with her tics and OCD, and her parents are trying to help her get better. Baylen says social media helped her gain the confidence to go out in public again, while doctors told her to stay home. Singer and influencer Lele Pons says she also suffers from OCD, Tourette syndrome, and depression but has had a different experience on social media when sharing her story with the public. So what do these two women have in common? Dr. Phil discusses their daily battles with their mental health and how social media has affected it. (20106)

Dr. Phil tells compelling stories about real people. The Dr. Phil Show is an American daytime talk show and TV series with host and personality Dr. Phil McGraw, who offers advice from his experience as a psychologist. The show provides the most comprehensive forum on mental health issues in the history of television. For over a decade, Dr. McGraw has used the show's platform to make psychology accessible to the general public by addressing important personal and social issues. Here on the Dr. Phil YouTube channel, you will find the best moments, highlights, and segments from the TV show. We upload new videos every day, so make sure you subscribe and ring the bell for all notifications, so you don't miss a single one.

Full episodes of the Dr. Phil Show premiere every weekday on CBS, with a new season premiering every fall in 2021, 2022, and 2023. Each full episode contains an interview or multiple interviews with doctors, teens, families, parents, kids, and more. The executive producers are Phil McGraw and showrunner Oprah Winfrey of OWN. Dr. Phil is the top-rated daytime talk show attracting millions of viewers every day alongside other talk shows, including The Ellen Show with Ellen DeGeneres, The Dr. Oz Show, The Kelly Clarkson Show, and The Steve Wilkos Show. Dr. Phil makes regular appearances on The Tonight Show Starring Jimmy Fallon, Jimmy Kimmel Live, and The Late Late Show with James Corden. Dr. Phil has also done crossovers with 90 Day Fiancé, Inside Edition, and Marrying Millions.

Check your local listings for ALL-NEW #DrPhil episodes!
https://drphil.com
Facebook: https://facebook.com/drphilshow
Instagram: https://instagram.com/drphil/
TikTok: https://tiktok.com/@drphil
Twitter: https://twitter.com/drphil
Do you want to be on the show? https://bit.ly/BeOnDrPhilShow",2022-03-02T14:00:08Z,86823,https://www.youtube.com/watch?v=IEWyFQC15UQ
3m4yWvmAc5s,Family Guy - Hamster Dance Tourette Syndrome,"Season: 13 Episode: 11 ""Encyclopedia Griffin""",2022-02-23T16:55:31Z,234164,https://www.youtube.com/watch?v=3m4yWvmAc5s
LJtQABybj1c,Pokimane reacts to &quot;Sweet Anita How Tourette&#39;s Syndrome Impacts My Life&quot;,"Liked the video? Please like and subscribe.

► Follow us
• Twitter: https://twitter.com/

► Streamer
• Twitch: https://www.twitch.tv/pokimane

original video- https://www.youtube.com/watch?v=-tlWjsaF1Og&ab_channel=LADbibleTV",2021-02-03T11:10:18Z,573859,https://www.youtube.com/watch?v=LJtQABybj1c
Kw6zHDt6kG0,Living with Late Onset Tourette Syndrome,Jackie tells her story of what it was like to be diagnosed with Tourette Syndrome in college after 20 years of living without the condition being noticed or diagnosed by a single doctor.,2019-01-06T19:33:39Z,2034,https://www.youtube.com/watch?v=Kw6zHDt6kG0
MppxRVxKaao,Tourettes Tic ATTACKS - Tourette syndrome,"Im not doing well. My health is poor which is why I have made few videos lately. I try though for you guys and it means a lot to me when I put out a video.
The attack that you see in this vid....I get nearly every day and often multiple times a day. Some can last 5 minutes while another can last nearly 2 hours. This is my life right now.

I'm not looking for pity but I think this video can bring a certain amount of awareness to this aspect of tourettes that can resemble other movement disorders such as epilepsy or dystonia. Not enough people know that this can happen with tourettes and I think its time that they did.

This is the article on tic attacks I mentioned where they are doing a study on this kind of tourettes attack in London.
http://jnnp.bmj.com/content/84/11/e2.77.abstract

Comment, thumbs up! And SUBSCRIBE!!

Support my channel  https://www.patreon.com/Idranktheseawater?ty=h

Find me on....
Instagram https://www.instagram.com/melissacwater/
Facebook   https://www.facebook.com/pages/Idrank...
Tumblr  http://idranktheseawater-is-me.tumblr.com
Twitter https://twitter.com/MelissaCwater
My comedy channel  http://www.youtube.com/channel/UCSHGd...
French Mental Health Channel  https://www.youtube.com/channel/UCvijSZJsbCp_fvlhRGlSHOw
Google +    https://plus.google.com/1074016377189...
My Author Page http://www.amazon.com/Melissa-C.-Water/e/B00FY5WM1Q/ref=ntt_dp_epwbk_0",2014-05-08T16:36:44Z,266395,https://www.youtube.com/watch?v=MppxRVxKaao
j5GXHHaporY,Overcoming My Tourette’s Syndrome w/ Sam Hanson,"A persistent cough and clearing of the throat seemed plausible when his allergy panel came back positive for a plethora of allergens. When symptoms persisted after medication, Sam Hanson knew there had to be more to his diagnosis.

Tourette’s syndrome is a neurodevelopmental disorder that begins during childhood or adolescence. Having battled movement (motor) and vocal (phonic) tics during his youth, Sam knew he had this disorder before he had a professional diagnosis. Learning to thrive with this syndrome hasn’t always been easy, but with practice and patience Sam is figuring it out! 

Listen in to hear how Sam found strength in sharing his truth and how he is empowering others with this syndrome to do the same!

--

In a world filled with remarkable human beings, it's my mission to shed light on some of the stories and lessons we accrue during our time here.

Listen to 'The World With Nate Podcast' anywhere you listen to podcasts.

Facebook: https://www.facebook.com/theworldwithnatepodcast/
Anchor (podcasts): http://anchor.fm/theworldwithnate",2022-06-01T05:00:27Z,289,https://www.youtube.com/watch?v=j5GXHHaporY
MJCnBQwml0M,Cartman Pretends To Have Tourette Syndrome (Part 1/3),"South Park - Season 11, Episode 8 ""Le Petit Tourette""",2021-01-29T13:15:32Z,13552,https://www.youtube.com/watch?v=MJCnBQwml0M
X5ZkpAKgF7I,Princess Misty: That’s My Laugh Baby I Do Not Have Tourette Syndrome (part 1),"Detroit born/raised/residing social media infleuncer/YouTuber, Princess Misty, sits down with DJ Smallz and clarifies her laugh.

Do you laugh like PM? Sound off by posting a comment below.

SUBSCRIBE to our channel now to see more: http://bit.ly/1S4Ndsx

OTHER INTERVIEW CLIPS FROM PRINCESS MISTY:
https://www.youtube.com/playlist?list=PLsZ4YonqiI3n42HOXFaYaZ1-0jGgmQIlZ
 
WATCH OUR PLAYLISTS:
https://www.youtube.com/channel/UCxca_6zloKOyPJF_DnSqtKw/playlists
 
ABOUT US:
Exclusive Interviews Daily Through @DJsmallz Eyes

FOLLOW US:
snapchat = djsmallzeyes
https://twitter.com/djsmallzeyes
https://instagram.com/djsmallzeyes
https://facebook.com/djsmallzeyes

CONTACT US:
For Business or Bookings: http://DJsmallz.com/contact",2020-08-11T19:44:37Z,925631,https://www.youtube.com/watch?v=X5ZkpAKgF7I
6y5GFlTNAr4,South Park - Tourette syndrome compilation,"☆ Season 11 Episode 8 - Le Petit Tourette ☆
𝕁𝕠𝕚𝕟 𝕊𝕠𝕦𝕥𝕙 ℂ𝕦𝕝𝕥 https://discord.gg/cnFtpwvBdA
My cover channel: https://www.youtube.com/channel/UCM-D-v1FTbT1LZ1ImkyWgJA/videos?view_as=subscriber

All content in this video is owned and licensed by South Park Digital Studios LLC https://southpark.cc.com/legal/xuqfse/copyright-compliance",2020-12-15T16:59:09Z,38275,https://www.youtube.com/watch?v=6y5GFlTNAr4
50s64jbDtOQ,È la coprolalia...sindrome di tourette,"Mi chiamo Sabrina Marchetti ed ho 53 anni. Vivo in Abruzzo. Ho voluto testimoniare la mia vita con la sindrome di tourette, con questo canale youtube, al fine di sensibilizzare l'opinione pubblica e le autorità sanitarie al fine della sindrome stessa.

Il Mio Blog : https://sabrinamarchettiblog.blogspot.com/

Questa patologia è ancora troppo sconosciuta alla maggioranza delle persone, almeno in Italia. La ricerca in ambito sanitario ed assistenziale necessita di sostegno e soprattutto della piena comprensione in merito alle manifestazioni di tic e coprolalia che la Tourette presenta.

Dico sempre: ""la tourette esiste solo quando incontra gli occhi del giudizio.""

I miei contatti 
email : sabrinamarchetti965@gmail.com
instagram : https://www.instagram.com/sabrina_marchetti_official/",2018-08-24T12:21:23Z,469276,https://www.youtube.com/watch?v=50s64jbDtOQ
jOeEnJE9cOs,Ricky Gervais - SuperNature - Tourette Syndrome #SuperNature,"Ricky Gervais gives his take on the rules of comedy, spoiling his cats and how super actual nature is in his second Netflix stand-up special.
All clips: https://www.youtube.com/playlist?list=PL_jUHMsfoQg4frxAkU7Dp08v6aJFoRsVp",2022-06-11T15:30:26Z,8981,https://www.youtube.com/watch?v=jOeEnJE9cOs
8qtUvnK77CI,Reading Hate Comments || Tourette’s Syndrome,"hiii! bit of a different video today, not the nicest but hey it only makes us stronger. 

sometimes my tourettes answered for me so😬😂

⚠️i want to add, i didn’t realise but some names i haven’t scribbled out. please please do not message them. i don’t want any drama, and that’s not the intention of this video. please respect my wishes, thank you♥️⚠️

hope you enjoy! have a great day☺️💛",2020-10-18T14:48:37Z,794584,https://www.youtube.com/watch?v=8qtUvnK77CI
OprkYgsHky4,TikTok Tourettes Compilation - Tourettes Syndrome Tik Tok,"#TikTok #Tourettes #Compilation
TikTok Tourettes Compilation - Tourettes Syndrome Tik Tok
It is time we went back to our old format with a touch of the new! We hope you love this TikTok Touretts syndrome clips compilation. While T3 is changing we will continue to make tiktok compilations and tourettes compilations that you guys obviously love!
Tik tok tourettes

Be sure to give the original tourettes sufferers some love on their own social media platforms.

╔═╦╗╔╦╗╔═╦═╦╦╦╦╗╔═╗
║╚╣║║║╚╣╚╣╔╣╔╣║╚╣═╣ 
╠╗║╚╝║║╠╗║╚╣║║║║║═╣
╚═╩══╩═╩═╩═╩╝╚╩═╩═╝

👍 Remember to like and share it with your friends if you enjoyed it! 👍

💥 SUBSCRIBE, don't miss out on any of our compilations! 💥

Subscribe to T3 Trends: https://fatcattv.com/c
Find us on Facebook:  fb.me/T3Trends

💥Check out our AWESOME TikTok compilations:💥

► Funny TikToks: 🤣
https://fatcattv.com/p/PLOx7hkvSQl_eq_tkoZknqHOnC_8qqAfP4

►TikTok Makeup: 💄
https://fatcattv.com/p/PLOx7hkvSQl_emQ7V4FmP1V7xvczrbqQeD

►TikTok Animals: 🐱🐶 🦊
https://fatcattv.com/p/PLOx7hkvSQl_d_uARsGG-aRsLM__3OcQ-7


tiktok tourettes compilation, Tourettes Compilation, Tik Tok Tourettes, cooking with tourettes, tiktok tourettes egg, tiktok egg challenge tourettes, funny tourettes cursing, funny tourettes cursing compilation, tourettes,tourette syndrome, tiktok tourettes, tiktok tourettes egg challenge, tiktok tourettes challenge, tiktok compilation popular, tik tok funny videos, tik tok funny videos 2020, tiktok tourettes ticks, tourette syndrome tik toks, tourettes tiktok, tourettes teen",2020-09-17T18:04:39Z,54421,https://www.youtube.com/watch?v=OprkYgsHky4
QOnUYLRfdjg,متلازمة توريت tourette syndrome,"متلازمة توريت tourette syndrome 
-------------------------------------------------
تابعوني على انستغرام : @bardaouz1

Instagrame : https://www.instagram.com/bardaouz1

for business : Ba.wafae123@Gmail. Com
--------------------------------------------
Wafae Bardaouz 23ans 
Agadir inezegane
Camera: canon600d
montage:filmora



303k",2021-05-24T22:21:10Z,72959,https://www.youtube.com/watch?v=QOnUYLRfdjg
C4P1TQXFf20,Real Talk - My Life With (MILD) Tourette syndrome,"Mine is mild as I explain in the video, however it’s still something we need to bring awareness too.",2020-05-25T18:12:19Z,2793,https://www.youtube.com/watch?v=C4P1TQXFf20
OLWi3PnrfpU,What is Tourette’s syndrome? Communications &amp; 101,Enjoy!,2021-11-15T01:01:20Z,156,https://www.youtube.com/watch?v=OLWi3PnrfpU
b29Eicx5wow,Research into Tourette Syndrome!,"We need young people aged 13-25 to take part in our online research into movement control in Tourette Syndrome! 
FREE GAME SHEET LINKED IN DESCRIPTION 

First, you’ll be asked to fill in some short questionnaires about your demographic info, handedness, impulsivity, cognitive skills, and your experience of tics. This will take around 15-20 minutes. This MUST be completed first! 
Go here to fill in the questionnaires: www.tinyurl.com/TSquestions 

Once you’ve done that, you can then start playing our games!
You can play as many of our four online games as you’d like. These can each be played on separate days, it’s all up to you. You’ll have the opportunity to enter into separate prize draws to win an Amazon voucher with each game played. 

Here are the links to our four games:
1. Task switching in TS: www.tinyurl.com/TSswitching 
2. Action-outcome prediction in TS: www.tinyurl.com/TSprediction
3. Sensorimotor synchronisation in TS: www.tinyurl.com/TSsynch
4.  Predictive motor timing in TS: www.tinyurl.com/TStiming

Download a free game sheet here with the links to all of the games:
https://drive.google.com/file/u/3/d/1qzKJ8JPwIeh3KnfnxwSEBhYLtPh7yf_g/view?usp=sharing

Email hannah.slack@nottingham.ac.uk with any questions! 

Thank you for your support! Our research wouldn't be possible without you!
Happy gaming! :)",2021-08-06T17:44:20Z,94,https://www.youtube.com/watch?v=b29Eicx5wow
oQhByjxvXVc,"Tourette Syndrome, a no go at the Ramsey Unit.","This video is for educational and informational purposes only!
patreon.com/42StraightYearsIn
Cash App: $Lee54Andrew
paypal.me/LeeandraL",2021-03-11T20:39:34Z,9718,https://www.youtube.com/watch?v=oQhByjxvXVc
BwFqPSW3hYY,Billie Eilish - Tourette syndrome  👇,"Billie, spoke out about her having tourette's syndrome and this honestly makes me love her in a different type of way because I myself having tourette syndrome, knows what it's like to go through everyday things while having to deal with it and I'm just very proud of her for being able to speak out about it. ❤
My second channel is 
""Tourettes And Me""
I think I'm gonna start posting on there, i've been so busy lately and i've had it up for a while, so I hope people don't think I'm saying any of this for attention. It's not something you want to lie about. 
@tumblreilish
@tourettes.chick

* I'm very open about my Tourettes, I'm glad she spoke out about it , my words are everywhere, but its 3 in the morning and I'm really happy 😂*",2018-11-27T08:41:02Z,8654,https://www.youtube.com/watch?v=BwFqPSW3hYY
9od4U3Azrqg,Deku suffers with Tourette’s syndrome (New story!) - part 1 - mha/bnha texting story - BakuDeku,"This is the first part of Deku suffers with Tourette’s syndrome. I did make a story before about this but it turned into abused todoroki so this is attempt two! This one will actually be Deku has Tourette’s syndrome.

I hope you enjoy/enjoyed. If you did make sure to feed the YouTube algorithm. I hope you have a great rest of your day! And I hope I see you next time. Bye!!",2021-07-18T09:54:26Z,17340,https://www.youtube.com/watch?v=9od4U3Azrqg
XvmZYiMI2R8,Tourettes &amp; I | Official Awareness Trailer | Tourette Syndrome Awareness Film | Movie Making Media,"Somebody That I Used To Know (Jana Katharina Cover x Spheriá Instrumental) by Spheriá | https://soundcloud.com/spheriamusic
Music promoted by https://www.chosic.com/free-music/all/
Creative Commons CC BY-SA 3.0
https://creativecommons.org/licenses/by-sa/3.0/

#Awarenessisapowerfulthing. Co-Written and directed by Jack RH O'Sullivan who lives with Tourette Syndrome, Tourettes & I is a poignant story of trying to fit into the world when awareness is limited. The cast includes Ashton Cooper, Christopher Perifimou, Sarah Leigh, Josh Dudley, Christin Pruestel, Siobhan Bayford & Billy Chandler. Cooper plays a young adult with Tourettes who goes through the trials and tribulations of life when his tics impacting him during a job interview. Going through prejudice and stress, he must learn to accept his Tourettes as a gift.

🎥🎥 We're on a mission to get the Movie Making Media YouTube Channel to 1,000 subscribers. Our channel is our way of getting content to you, and it means so much to our talented crew & cast to see their projects be loved and enjoyed by so many. So help them out, help out our amazing growing talent, by subscribing to our channel and helping get them and their work seen by more! https://youtube.com/c/MMMMovieMakingMedia?sub_confirmation=1 🎥🎥

Our Socials & Links!
Official Website: https://www.moviemakingmedia.co.uk/
Directors Portfolio: https://jackrhosullivan.pb.online/
-
Facebook: https://www.facebook.com/MovieMakingMedia/
Twitter: https://twitter.com/mmmediateam/
Instagram: https://www.instagram.com/mmmediateam/
YouTube: https://youtube.com/c/MMMMovieMakingMedia?sub_confirmation=1
-
Email: contact@moviemakingmedia.co.uk

What We Do!
We are Movie Making Media (MMM), an independent London based production company producing a range of short films, web series and other media content. Utilising both Anamorphic and Spherical Digital formats; we cover all genres, from science fiction to mystery, with a range of projects in production! We also offer commercial videography and photography services to all types of people, using our unique film style to give a fantastic end product, with attention to every little detail.

Tags
#tourettes #tourettesawareness #shortfilmnews #shortfilmposter #shortfilm #shortfilms #shortfilmfestival #shortfilmshoot #tamilshortfilm #shortfilmmaking #thrillershortfilm #shortfilmmakers #bestshortfilm #shortfilmmaker #shortfilmcorner #shortfilmfest #shortfilmscreening #shortfilmcompetition #indieshortfilm #shortfilmproject #shortfilming #instashortfilm #shortfilmcontest #newshortfilm #shortfilmdirector #shortfilmproduction",2022-06-30T07:25:39Z,135,https://www.youtube.com/watch?v=XvmZYiMI2R8
BrbaWYBuRUM,Girl with Tourette Syndrome wants a different life | Dear Diary | Kristiano Drama (KDrama) | KDR TV,"Unfazed by how society might accept people with Tourette Syndrome, Jennifer convinces her parents she can go to school like many teens her age. In school, she was friendless and bullied. Once back home, Jennifer felt deep despair and even blamed God for her condition. She dropped to the floor and had a dream.  

* * * * * * * * 

Click the subscribe button and hit the notification bell to get our latest upload, and be the first one to like and share the good vibes.

https://www.youtube.com/c/KDRTV/playlists

-- KDR TV --

Kuya Daniel is an advocate of a healthy lifestyle being a sportsman himself and founder of the charitable basketball league, UNTV Cup.

To find out more about Kuya Daniel, check out his social media accounts on:

Instagram/IGTV
https://www.instagram.com/kdr708

Facebook
https://www.facebook.com/KuyaDanielRazon

Twitter
https://twitter.com/DanielRazon

Don't forget to join our KDR TV community, and share with us your experience and we are happy to hear it from you.

#KDrama #KristianoDrama #KDRTV

DISCLAIMER: The story, names, characters and events in this production—even those based on real people—are entirely fictional. Any resemblance to real persons, living or dead, is purely coincidental.",2022-06-02T10:00:14Z,7042,https://www.youtube.com/watch?v=BrbaWYBuRUM
pHeKAxKypKI,"A Teacher Looks at Tourette Syndrome - Susan Conners, M.Ed.","Susan Conners, M.Ed., is  the author of ""The Tourette Syndrome & OCD Checklist,"" Jossey-Bass (2011).  She has presented workshops in 48 of the 50 states, Canada, Puerto Rico, Spain, Northern Ireland and Norway. She was a multi award winning middle school teacher for 33 years. Sue has TS, OCD and Learning Disabilities herself, and has authored many articles, brochures and videos on these topics.",2017-08-28T20:21:16Z,2185,https://www.youtube.com/watch?v=pHeKAxKypKI
nMatBmwlL4o,A Man with a Tourette Syndrome feels in Love❤️,"here is the little story as to why this drama was a particularly interesting. 
 
Park Soo Kwang. He suffers from Tourette Syndrome which causes him problems around people at times, especially when it comes to dating. He’s an awkward sort of guy but has a very fun loving and supportive personality.",2021-09-01T01:31:27Z,1603,https://www.youtube.com/watch?v=nMatBmwlL4o
5XC15BjQR7g,TOURETTES EGG AND CUPWATER TIKTOK CHALLENGE|| *FAVORITE TIKTOKERS WITH TOURETTE SYNDROME*,"This is just a short compilation of some of my favorite TikTokers that have Tourette Syndrome doing the egg and cupwater challenge. 

I always read the comments and people tend to say alotta s**t about them and that's not cool. They are adorable humans that needs to be protected at all cost. 

So I just wanna send some love to all of you guys that have Tourettes. Y'all are awesome and don't listen to the haters cause they ain't got nothing else to do but be leeches.

Go show them some love on their TikTok channels their names are shown in the videos!

Make sure to leave a like on this video, share and comment down below if you know any of those TikTokers and are also huge fans!!!


It takes a millisecond to hit that subscribe button!

#Tourettesyndrome #Tiktok #touretteawareness",2020-08-15T15:27:22Z,9785,https://www.youtube.com/watch?v=5XC15BjQR7g
XjGnkZ3GIMY,Integrative Health and Tourette syndrome,A Tourette patient had reduced his tics by 70%?! Learn how and inquire here: http://bit.ly/AIH-Inquiry #acupuncture #shorts #achieveintegrativehealth #herbs #neurologyacupuncture #tourette #tourettesyndrome #tourettefacts #touretteawareness,2022-04-15T15:11:32Z,44,https://www.youtube.com/watch?v=XjGnkZ3GIMY
uiSL2cq51KI,Cartman - Tourette Syndrome,Cartman - Tourette Syndrome,2015-03-03T20:11:29Z,5373,https://www.youtube.com/watch?v=uiSL2cq51KI
u7QEwejKpMM,How to Help Your Spouse with Tourette Syndrome,"Hi Everyone! This week's video is based on a viewers question who wanted to know how to help their spouse through Tourette Syndrome. I know the answer probably seems kind of simple, but it is so true. Simply just knowing that my husband is there for me helps me get through so many bad days, knowing that he won't get tired of me, or annoyed by my body constantly moving is such a  relief in so many ways. It can be hard to find a way to help calm someone's storms, especially when there really isn't anything most people can do, but just being patient and kind is key! I hope you enjoy the video and please keep the questions coming, I love all the requests I am getting on topics! Also don't forget to subscribe and share with all your family and friends and find me on facebook.com/oneticatatime!",2020-01-06T22:02:15Z,1685,https://www.youtube.com/watch?v=u7QEwejKpMM
5aZB87nEKbU,Billie Eilish about her Tourette&#39;s syndrome - Inspiring #dontgiveup #subscribe &amp; support friends😊,"Hi guys I'm Anupama from India. I love to create videos and here is a new video of gorgeous Billie Eilish and her powerful words on Tourette's syndrome. Please subscribe and share with your friends so that I could make more videos happily 😊😊

Check out this playlist  for more The Kardashians Hulu  2022 videos
https://www.youtube.com/channel/UCrzadF-SJ9s_8ApPliAWEPw/playlists
If you like these videos, please subscribe to get more videos.
Visit my channel to see more such celebrity videos.

#billieeilish #trending #netflix #new #lovely #lovelystatus #shorts 
#happierthanever #happierthaneverbillieeilish #badguy #billboard 
#notimetodie #kardashians #davidletterman #usa #finneasoconnel #powerful 
#quotesaboutlife #quotes #attitude #attitudestatus #whatsappstatus 
#instagram #viral #viralshorts #india #indian #latest #latestnews 



This video is created only for entertainment purposes.
Video credit goes to the respective owner.

Copyright Disclaimer under Section 107 of the copyright act 1976, allowance is made for fair use for purposes such as criticism, comment, news reporting, scholarship, and research. Fair use is a use permitted by copyright statutes that might otherwise be infringing.",2022-06-05T14:01:37Z,13841,https://www.youtube.com/watch?v=5aZB87nEKbU
4coMdIifne4,Tourette Syndrome and Dogs,"This week I wanted to talk to you about how much a pet, especially dogs can help someone with Tourette Syndrome or other disorders or mental health issues a person may be going through. My first hand experience is with dogs so that is the topic I mainly focus on and explain how my two dogs, Izzy and Brooklyn help me get through the really bad days. I hope you guys enjoy it and remember to share with your friends and family to keep spreading awareness! Don't forget to also subscribe to my page and keep the questions and topic suggestions coming!",2020-01-12T15:36:35Z,2200,https://www.youtube.com/watch?v=4coMdIifne4
5V1X7WtDJjk,Baking With Tourette’s Syndrome #tiktok,,2021-12-25T05:37:43Z,8169891,https://www.youtube.com/watch?v=5V1X7WtDJjk
0Bb83CJ02EI,Reading ‘The Wonky Donkey’ with Tourette’s Syndrome,"hey guys!!! 🙈

omg this was so much fun to film but so embarrassing😂for those haters, no this isn’t fake just because i can have fun with my condition. it’s all real, you can see i hate braying like a donkey why would i fake that?🤣
these videos are just to try and loosen up and have a bit of fun💕if i don’t laugh i’ll cry!! 

hope this makes you smile, enjoy!😅


tiktok: thistrippyhippie 
insta: eviemeg 


💟☮️☯️🕉💟☮️☯️🕉",2021-02-26T18:02:36Z,355692,https://www.youtube.com/watch?v=0Bb83CJ02EI
zYmT35n7Z6Q,How Do You Go To The Bathroom w/ Tourette Syndrome?,"SUBSCRIBE!! NEW SILLY VIDEOS EVERY WEEK!!

FOLLOW ME ON TWITTER - @SamuelJComroe

TELL YOUR FRIENDS TO FOLLOW ME ON TWITTER - @SamuelJComroe

ADD ME ON FACEBOOK - http://www.facebook.com/samuelcomroe",2013-02-07T22:49:31Z,12608,https://www.youtube.com/watch?v=zYmT35n7Z6Q
8zQbgw1uBMc,"Indian Teacher Gets BuIIied By Stùdents Due To Her Abnormality, TiII She Shows Who’s Boss","When a woman with Tourette syndrome lands a teaching job in an elite school, she turns her weakness into her biggest strength.

MOVIE NAME= H1CHK1
_______________________________________________________________________________________________
Subscribe to our other social media accounts for daily updates, movie recommendations and more 

1. Twitter = https://twitter.com/MysteryRecapped?t=wDET5JG0vrZy-nHpynDuAA&s=09
2. Instagram = https://www.instagram.com/mysteryrecapped/
3. Tiktok = https://vt.tiktok.com/ZSemvw9y4/
4. Adam's YT= https://www.youtube.com/channel/UCwvlZqkEmAeZJLQuKTtEwjg/videos",2022-02-15T14:35:32Z,3246177,https://www.youtube.com/watch?v=8zQbgw1uBMc
2-jHlJ7EYM4,College student with Tourette Syndrome speaks out,Trevor Smith spoke to his classmates about his experience living with the condition.,2019-04-22T23:05:05Z,1880,https://www.youtube.com/watch?v=2-jHlJ7EYM4
LHUwq04zhIs,Billie Eilish Tics / Tourettes Compilation,Billie Eilish Tic's / tourettes Syndrome Compilation,2019-06-22T02:34:58Z,2769923,https://www.youtube.com/watch?v=LHUwq04zhIs
f0RDpzFWLWY,Does Tourettes Affect Things In The Bedroom...?,"We ask Sweet Anita all the questions you're too afraid to ask about Tourettes syndrome! What's the worst thing tic she's ever said? Does Tourettes affect things in the bedroom?
____________________________________________________________________
🎧 Full episode available to listen & download now:
https://tinyurl.com/wtny6k5b
____________________________________________________________________
🐦 TWITTER: https://twitter.com/JaacksHappyHour
📸 INSTAGRAM: http://www.instagram.com/jaackshappyhour
🎬 JAACKMAATE'S CHANNEL: https://www.youtube.com/jaackmaate",2021-12-04T16:00:30Z,1378916,https://www.youtube.com/watch?v=f0RDpzFWLWY
B1KB48hIwjQ,&quot;A boy with tics&quot; | 2D Animated Short Film | Tourette Syndrome Awareness,"Animated by Nur Amirah Nabilah 
Supervisor by Mr Shahril Parumo

Final Year Project
Bachelor Degree Of Computer Science (Interactive Media)
Faculty Of Information And Communication Technology
Universiti Teknikal Malaysia Melaka (UTeM)

Background music by https://www.youtube.com/c/liborioconti",2021-09-02T03:59:02Z,1828,https://www.youtube.com/watch?v=B1KB48hIwjQ
jr7uMq2xvy8,Tim Howard on why he embraces his Tourette syndrome,American goalkeeper Tim Howard opens up on why he embraces his Tourette syndrome,2014-07-18T07:00:59Z,6273,https://www.youtube.com/watch?v=jr7uMq2xvy8
8pyrs7JUdfc,Tourette Syndrome: How intense focus can distract from tics sometimes #tourettes #tourettesyndrome,"Tourette’s people get asked, “Can’t you just stop ticcing?” The answer is no, we can’t just stop ticcing.  When the brain sends an electrical signal down a nerve, the muscle at the end of that nerve is going to twitch, whether we like it or not. But there are moments when we can distract our brain from ticcing by participating in certain activities that require intense focus.  It’s different for every person.  For me, things like juggling, BMX biking, playing music, and drawing, require enough focus that I don’t tic much, if at all while doing them.  There are even famous athletes, actors, and musicians with Tourette’s that you don’t even know about because their brains are able to keep it under control when focused on their special activities.  It’s nice to have a momentary break, which is why I love these activities so much. 🙂 #tourettes #tourettesyndrome #tourettesawareness #tourettesyndromeawareness #tourettetalent #tourettestalent #tic #tics #coprolalia #copropraxia #coprographia #coprophenomena #tourettewarrior #touretteswarrior #peoplewithtourettes #ticcing #juggling #juggle #jugglingvideos #slowmo #relaxing #jugglingexercise #ticrelief #relieffromtics",2022-03-29T12:47:25Z,327,https://www.youtube.com/watch?v=8pyrs7JUdfc
cHudXJyki1w,Tourettes Has Changed My Life. #tourettesyndrome #tourettesawareness,,2022-05-17T23:36:48Z,446923,https://www.youtube.com/watch?v=cHudXJyki1w
fjtsyuDHgqU,Living with Tourette syndrome. A Māori perspective from Leighton Clarke aka Uncle Tics.,"Tourette syndrome is one of those conditions that medical science just doesn’t fully understand yet. The uncontrollable tics, blinking, throat-clearing and sometimes unpredictable outbursts of swearing and racial slurs. Pere Wihongi with this story.

Hamilton, New Zealand.
Reporter: Pere Wihongi
Interviewee: Leighton Clarke aka Uncle Tics (Māori, Ngāti Maniapoto)",2020-05-17T02:27:18Z,18062,https://www.youtube.com/watch?v=fjtsyuDHgqU
hTcxSKoQsjI,Sindrome di Tourette   Highlights 2,This is part of the documentary i made 3 men with Tourettes go on Holiday translated into Italian,2020-05-22T07:51:02Z,180336,https://www.youtube.com/watch?v=hTcxSKoQsjI
-1sPxLQGyEU,Tourette Syndrome,,2021-09-07T04:16:34Z,85,https://www.youtube.com/watch?v=-1sPxLQGyEU
IIWs1GV8bAA,Going on a Business Trip with Tourette Syndrome Vlog,"Take a peek into a week in my life with Tourette syndrome! This week, we are going on a business trip and doing other shenanigans!
There are hardships, fun times, and wacky tales!
Enjoy. Learn. Relate.

LIFE'S A TWITCH

TWITTER ~ http://twitter.com/itslifesatwitch
INSTAGRAM ~ http://instagram.com/lifesatwitchemma
FACEBOOK ~ http://facebook.com/lifesatwitchemma
TWITCH ~ http://twitch.tv/lifesatwitchemma

TAA TIKTOK (FOLLOW!) ~ https://www.tiktok.com/@touretteassociation

MUSIC:
Music by tr3vtr0n - Long Leg Short Foot - https://thmatc.co/?l=4C84FA1E
Music by Reed Gaines - Tryhard - https://thmatc.co/?l=998ADFEF

~~",2022-03-06T21:07:22Z,196,https://www.youtube.com/watch?v=IIWs1GV8bAA
21VxWSekvQE,Billie eilish Tics Tourettes Compilation 2020 😱😱,"Billie eilish BEST Tics Tourettes Compilation 2020 😱😱 In this video you´re gonna see billie eilish's tics attack during 2020!!


#billieilish #tourette #billie #eilish #tics #OMGBILLIE

✅Follow me on instagram: https://www.instagram.com/billieilishmoments/",2020-02-10T04:20:41Z,1253821,https://www.youtube.com/watch?v=21VxWSekvQE
KwPfSmhj7ZY,Happy Tourette’s Syndrome Association Awareness Month! #tourettesyndrome #awareness #tourettes #fyp,I’m happy to make a part 2!!,2022-06-09T23:04:11Z,1391,https://www.youtube.com/watch?v=KwPfSmhj7ZY
dEWl4ycgFSI,How to Pronounce Tourette&#39;s Syndrome,"Check out TheEnglishMistress merchandise here
https://the-english-mistress.teemill.com/

How to say Tourette's Syndrome. A rare illness of the brain in which the sufferer swears, makes noises and moves in a way that they cannot control.",2013-01-17T23:17:11Z,34516,https://www.youtube.com/watch?v=dEWl4ycgFSI
ir4cJxHRik4,Billie Ellish About Having Tourette’s Syndrome #shorts #billieeilish #davidletterman #tourette,,2022-06-19T10:48:09Z,3585,https://www.youtube.com/watch?v=ir4cJxHRik4
sSMVHtBvAAw,TV2 - Kenni og stine tourette syndrome,"JEG HAR EN NEGER I TASKEN
DER HEDDER JOHN
JEG HAR EN BUS FULD A NEGERE DER BRÆNDER",2019-08-19T21:00:58Z,511327,https://www.youtube.com/watch?v=sSMVHtBvAAw
zmjgscX8YSg,Tourette&#39;s Syndrome,"Provided to YouTube by MGM

Tourette's Syndrome · Usual But Not

Ticket Layoffs

℗ 2022 Usual But Not

Released on: 2022-01-21

Auto-generated by YouTube.",2022-02-25T19:28:45Z,2601,https://www.youtube.com/watch?v=zmjgscX8YSg
rEZkIGtk9gk,GOAT TOURETTE&#39;S SYNDROME (It&#39;s real),"Here's Mr Tumnus (a goat with Tourettes syndrome!)

Whether goats with Tourettes is real or not, it's flipping funny!

Tourette syndrome (abbreviated as TS or Tourette's) is a common neurodevelopmental disorder that begins in childhood or adolescence.

It is characterized by multiple movement (motor) tics and at least one vocal (phonic) tic.

Common tics are blinking, coughing, throat clearing, sniffing, and facial movements.
-
OUR WEBSITE:
https://www.porpeangfarmthailand.com/
-
OUR LIVING IN THAILAND BLOG:
https://www.porpeangfarmthailand.com/blog-thailand
-
LINKED PLAYLIST:
GOAT FARMING
https://www.youtube.com/watch?v=gZzw40IUzZ0&list=PLDkSgWZnokfz97h5SSFdkTBJ_X9J-PctT
-
JOIN OUR OFFICIAL TEAM
PATREON: https://www.patreon.com/kartoongallagher
-
MAKE A DIFFERENCE ON OUR FARM
PAYPAL: kartoonthai@hotmail.com
-
DON""T MISS OUR LATEST THAILAND VIDEO:
https://www.youtube.com/channel/UCHIhnkf0cQLZwdn7ZYBE-Jg
-
EMAIL:
leighgal71@gmail.com
-
#ToonandLeigh #KartoonGallagher #Goats",2020-04-02T03:27:00Z,2205,https://www.youtube.com/watch?v=rEZkIGtk9gk
NwO7X43-HIw,Brushing My Teeth With Tourette Syndrome!,,2022-03-14T00:39:05Z,437,https://www.youtube.com/watch?v=NwO7X43-HIw
cBUHwyjETzc,The Very Best of Tourettes Guy,what the title says,2011-09-01T04:27:38Z,3152684,https://www.youtube.com/watch?v=cBUHwyjETzc
V5yunlCoEWQ,Tourette syndrome tics!!,"A lot of people don't know much about Tourette syndrome, and it's no wonder. This disorder is relatively new to many people, including doctors who are just now starting to understand the causes and symptoms. 

Tourette syndrome is a neurological disorder that causes the sufferer to involuntarily make repetitive movements and sounds. It can affect anyone at any age, but typically develops in children between 5-7 years old. Symptoms usually include saying words or phrases out of turn or making noises, such as throat clearing or grunting. The condition goes away for most people over time, but it can be debilitating for others. For more information on Tourette Syndrome - including what it is, how to prevent it, and what treatments are available - watch this video till end.",2021-09-24T13:14:23Z,45,https://www.youtube.com/watch?v=V5yunlCoEWQ
HrIZDnnMPaI,The Darker Side of Tourette Syndrome: A Documentary,Please share this video as much as you can! If you have any questions please comment with them.,2014-04-02T22:37:10Z,362184,https://www.youtube.com/watch?v=HrIZDnnMPaI
haQptSPwPvk,Kicking Tourette’s syndrome to the curb!!,,2022-03-26T13:23:25Z,5473,https://www.youtube.com/watch?v=haQptSPwPvk
k7XRRJ-88UE,Do your teachers know about Tourette Syndrome?,"As an ambassador for Tourette Syndrome Association Australia I specialise in giving presentations in schools. One of them is educating the educators on Tourette Syndrome. 

With one in 100 kids affected by Tourette Syndrome, chances are a student in your school has it. 

#tourettesyndrome #adhd #odd #ocd #neurodiversity #education #awareness",2022-05-10T12:23:15Z,403,https://www.youtube.com/watch?v=k7XRRJ-88UE
fP7qfAWqbJs,Going on a Bachelorette Trip with TOURETTE SYNDROME,"Let's see what it's like to go on a bachelorette trip with Tourette's! There's all sorts of shenanigans that ensue, like vocal tics while being the first one who wakes up to my car essentially breaking down... yep, strap in, folks!
Enjoy. Learn. Relate.

LIFE'S A TWITCH

TWITTER ~ http://twitter.com/itslifesatwitch
INSTAGRAM ~ http://instagram.com/lifesatwitchemma
FACEBOOK ~ http://facebook.com/lifesatwitchemma
TWITCH ~ http://twitch.tv/lifesatwitchemma

MUSIC:
Music by carego - inside this dream - https://thmatc.co/?l=31FBCF94
Music by Little Boots - Heavenly - https://thmatc.co/?l=667FD33A
Music by Sasha Dubrovsky - Awakening - https://thmatc.co/?l=69CE36F7
Music by Ping Pong Club - Venetian Blinds - https://thmatc.co/?l=960B6B2F
Music by tr3vtr0n - Long Leg Short Foot - https://thmatc.co/?l=4C84FA1E
~~",2022-07-03T15:30:05Z,134,https://www.youtube.com/watch?v=fP7qfAWqbJs
e7Az9wJbX5Y,Family Guy | Hamster Dance Tourette Syndrome,"Content owned by Fox
No copyright infringement intended. FAIR USE. Copyright Disclaimer Under Section 107 of the Copyright Act 1976, allowance is made for ""fair use"" for purposes such as criticism, comment, news reporting, teaching, scholarship, and research.",2020-10-13T20:02:43Z,1858,https://www.youtube.com/watch?v=e7Az9wJbX5Y
rV1kmEyMNXk,I Traveled on a Train with TOURETTE SYNDROME,"Hey, folks- let's see what it's like to go on a train with my tics! We can experience life with Tourette's together, and enjoy really cool views while we're at it.

LIFE'S A TWITCH

TWITTER ~ http://twitter.com/itslifesatwitch
INSTAGRAM ~ http://instagram.com/lifesatwitchemma
FACEBOOK ~ http://facebook.com/lifesatwitchemma
TWITCH ~ http://twitch.tv/lifesatwitchemma

MUSIC:
Music by Canopyframe - Nova Scotia - https://thmatc.co/?l=BE23F2F0
Music by Isaac Solo - Sunflower - https://thmatc.co/?l=C657E863
Music by Citrus Avenue - Espresso Sun - https://thmatc.co/?l=7B525F50
Music by Chrmng, - LOVE LLC - https://thmatc.co/?l=3BB8510F
Music by tr3vtr0n - Long Leg Short Foot - https://thmatc.co/?l=4C84FA1E
~~",2022-07-10T14:00:19Z,108,https://www.youtube.com/watch?v=rV1kmEyMNXk
8SvS7LwR5ZE,Psilocybin&#39;s Effect On Tourette&#39;s Syndrome | My Experience,"The sources for my research:
https://jnnp.bmj.com/content/84/9/e1.25

https://www.medicalhomeportal.org/diagnoses-and-conditions/tourette-syndrome

https://www.hilarispublisher.com/open-access/association-of-epilepsy-and-tourette-syndrome-in-children-2472-0895-1000e115.pdf

Be careful!

► Twitch: https://Twitch.TV/aniki
► Twitter:https://twitter.com/AnikiTTV
► Contact: moggeraniki@gmail.com
► Insanely Cool Merch:https://merch.streamelements.com/anikichad 

Take care of each other, skate fast when you can, take care when you need to, I love you all, and have yaselves, a damn, GOOD ONE~!
-SIИCLAIR",2021-06-23T01:24:20Z,1590,https://www.youtube.com/watch?v=8SvS7LwR5ZE
xNW4j0pAcgI,Black Ops - Woody&#39;s Tourette&#39;s Syndrome,"Scuf Controller: http://scufgaming.com Coupon Code ""WOODY"" (caps) http://bit.ly/OdMdz4
Free Netflix Trial: http://netflix.com/woody
Kontrol Freeks 10% off: http://www.kontrolfreek.com/default.asp?aff=5135
WoodysGamertag T-Shirts: http://woodysgamertag.spreadshirt.com
http://www.gammagamers.com/woodysgamertag.html
Like My Page: http://facebook.com/woodysgamertag
Twitter: http://twitter.com/woodysgamertag",2013-01-27T17:58:11Z,159434,https://www.youtube.com/watch?v=xNW4j0pAcgI
qrrnTao1wx0,Tourette Syndrome sniper highlights,"#fazeup
My mic was muted for the most part


https://store.playstation.com/#!/tid=CUSA00572_00",2021-02-27T09:36:32Z,30,https://www.youtube.com/watch?v=qrrnTao1wx0
gLT05gp2Xa0,NONA | Sindrom Tourette Nursyakina Mohd Shah,"NONA | Sindrom Tourette Nursyakina Mohd Shah
Sering dibuli dan diejek, ini antara cabaran besar yang perlu dilalui pesakit Sindrom Tourette, sejenis penyakit saraf yang menyebabkan penghidapnya melakukan gerakan, mengeluarkan bunyi dan mengungkapkan kata kesat secara tiba-tiba tanpa sengaja. Menyelami kesukaran yang dilalui ibu tunggal Nursyakina Mohd Shah kerana penyakit ini serta ikhtiarnya untuk mendidik masyarakat mengenai Sindrom Tourette yang dihidapi sejak berusia 8 tahun.

#Nona #Nona2022",2022-03-29T02:00:14Z,7745,https://www.youtube.com/watch?v=gLT05gp2Xa0
9OgZWRhdZvE,โรคด่า (Tourette) โรคพิลึก ชอบทำร้ายตัวเอง | Talk ในตำนาน S3 : EP 2.,"กดติดตามช่อง 2020 ENTERTAINMENT เพื่อรับชมรายการใหม่ๆได้ที่
https://www.youtube.com/user/twentytwentyofficial?sub_confirmation=1

พบกับรายการ ตีสิบเดย์ ได้ทาง ช่อง 33 ทุกวันเสาร์ ตั้งแต่เวลา 15.00 น.
รายการ ตีสิบเดย์ ออกอากาศในช่อง Youtube ทุกวันเสาร์ เวลา 17.00 น.

ติดตามข้อมูลเพิ่มเติมของรายการได้ที่
เว็บไซต์: http://www.2020.co.th/
เฟสบุ๊ค: https://www.facebook.com/ATTENDAYSHOW/
instagram: http://instagram.com/2020entertainment


#ตีสิบเดย์ #TouretteSyndrome #โรคด่า",2020-09-20T02:00:01Z,89065,https://www.youtube.com/watch?v=9OgZWRhdZvE
CPRIp3uf0TM,Fake Disorder Cringe - Ticsandroses Edition,"Shop Aesthetic Merch: https://bit.ly/CompilationChannelCuteMerch
Shop Meme Merch: https://bit.ly/CompilationChannelMemeMerch
Extra 5% Off Discount Code: CC5

Fake Disorder Cringe - Ticsandroses Edition

Ticsandroses is the most infamous disorder faker on TikTok. After being called out by others for faking Tourette's, they were finally outed by their sister for faking, before deleting their account. Here's more info on that - https://www.reddit.com/r/ticsandroses/comments/nozlhg/introducing_my_self_the_truth/

Faking Tourette's, ADHD, OCD, DID, Bipolar, etc. Videos of people obviously faking disorders. This is harmful for so many reasons. These videos are NOT an excuse for ableism.  These are here to expose people faking disorders, not to be rude to people with real mental health problems. 

These videos are for entertainment purposes only. Please do not go harass the people featured in these videos. That is not my goal, and helps absolutely no one.

Please Like and Subscribe - Uploads Daily!

#tiktok #cringe",2021-08-12T20:00:06Z,763381,https://www.youtube.com/watch?v=CPRIp3uf0TM
dzCK2hHImJU,WeCanReason Webinar | Myths of Tourette Syndrome and OCD,"Join Adrienne Hill, a mother of two sons diagnosed with TS and OCD and presenter for The Tourette OCD Alberta Network for this talk exploring what these complex disorders truly look like. Be sure to bring paper and pencil to participate in a short exercise for a glimpse into the world of living with both these disorders.

Support us:
https://atheistcalgary.com/donate​

Join us:
http://www.atheistcalgary.com/​
https://www.meetup.com/Atheist-Societ...​
https://www.facebook.com/atheistcalgary",2021-01-28T08:41:05Z,29,https://www.youtube.com/watch?v=dzCK2hHImJU
oExn4p7gnCY,Deuce Bigalow - Tourette Syndrome Reaction,Hi this clip is from the movie Deuce Bigalow Tourette Syndrome 1999 Please follow me on Facebook https://www.Facebook.com/paul.dmaz73 Follow me on Twitter https://www.Twitter.com/PDMaz and on Instagram https://www.Instagram.com/pauldmaz/ #deuce Bigalow #FoodManPaulVlogs #tourrrete,2021-06-13T17:27:24Z,1373,https://www.youtube.com/watch?v=oExn4p7gnCY
3A9Pb_eaqWM,Tourette syndrome treatment,,2019-09-11T17:19:40Z,1167,https://www.youtube.com/watch?v=3A9Pb_eaqWM
BI5EqNBb5bo,Median Nerve Stimulation for Tourette Syndrome,"My journey with Median Nerve Stimulation for Tourett Syndrome! 💙💙
Thanks for watching!
Like and subscribe for more!",2021-11-24T19:46:29Z,2613,https://www.youtube.com/watch?v=BI5EqNBb5bo
RpkLRmIN5nM,Tourette syndrome,tourette syndrome is neurological disorder with symptoms that are made worse by stress.,2022-07-01T11:42:13Z,3,https://www.youtube.com/watch?v=RpkLRmIN5nM
qAh460aAOPM,My Tourette syndrome Rage caught on camera while studying,"First of all Dont remember to subscribe
https://www.youtube.com/channel/UCt8HMLfg4Hvh1M2X_23RVmA?sub_confirmation=1

It usually starts during childhood, but the tics and other symptoms usually improve after several years and sometimes go away completely. There's no cure for Tourette's syndrome, but treatment can help manage symptoms.

So let's understand us

................
I'm a man with multiple personality
Plz like and Subscribe
...................................
guys living with tourettes syndrome , living with tourette syndrome documentary , living with Tourette syndrome , Tourette syndrome vlog , tourette syndrome vlogger , tourette syndrome tiktok , tourette syndrome try not to laugh , tourette syndrome vs autism , tourette syndrome vs aspergers , tourette syndrome vs stuttering ,  Tourette syndrome vs tic , tic disorder , tic disorder tiktok , tick diseases in humans , tics disease video , tick diseases in dogs , tic and tourette syndrome
toddler throat clearing tic , throat clearing tic disorder , throat clearing tic treatment , throat clearing tic symptoms , throat clearing tic trigger , living with tourette syndorme , tourette syndrome throat clearing tic , living with throat clearing tic , throat clearing tics , throat clearing tic and tourette syndrome , throat tic , how to stop throat clearing tic , throat clearing tic adhd , throat clearing tic autism , throat clearing tourettes , throat clearing tic , throat clearing
tourette syndrome vlog , tourette syndrome vlogger , living with tourette syndrome , tourette syndrome while studying , tourette syndrome and study problems , tourette syndrome in classroom , tourette syndrome tics in class , tourette syndrome swearing in class , tourette syndrome rage attack caught on camera , tourette syndrome rage attack , tourette syndrome real short video , tourette syndrome and complication , complex tics in tourette syndrome , simple tics in tourette syndrome , tics",2022-01-25T17:02:42Z,340,https://www.youtube.com/watch?v=qAh460aAOPM
IwXnxXH6ag0,"Jack Francis, Membagikan Pengalamannya Sebagai Pengidap Tourette Syndrome","Tourette Syndrome adalah  gangguan yang membuat penderitanya melakukan tic, yaitu gerakan atau ucapan berulang yang di luar kendali. Jack Francis sebagi pengidap Tourette Syndrom, membagikan pengalamannya bagaimana dia menjalani aktivitasnya.

For copyright matters please contact us at: epicviceid@gmail.com",2021-11-02T11:30:03Z,21476,https://www.youtube.com/watch?v=IwXnxXH6ag0
UzlGPUUSJpw,Tourette&#39;s Syndrome Tics Treatment: Testimonial Dr. Demerjian,"www.tmjconnection.com  An alternative treatment, a custom TMJ orthotic fabricated by Dr. Demerjian.",2012-12-12T02:24:59Z,8728,https://www.youtube.com/watch?v=UzlGPUUSJpw
dJCeqP2anUY,A day in the life of a Tourette Syndrome Ambassador,"As an ambassador for Tourette Syndrome Association Australia and keynote speaker, I work very hard! 

But when I am not on stage turning peoples flaws into SUPERPOWERS! 

This is how I Spend my days… 

Enjoy!",2022-07-13T10:16:02Z,198,https://www.youtube.com/watch?v=dJCeqP2anUY
G0s1dwav_ng,President Obama Has Tourette&#39;s Syndrome?,I guess doing interviews on five networks can take a toll on the President!,2009-09-20T14:01:28Z,2823,https://www.youtube.com/watch?v=G0s1dwav_ng
9xItduWU210,Driving with Tourette Syndrome #tourettes #tourettesyndrome #tics #driving #tic #drivingwithtics,Many wonder if I can drive with Tourette’s.  Here’s my answer.😊,2022-06-29T12:53:28Z,80,https://www.youtube.com/watch?v=9xItduWU210
mwTI0GE43MQ,Tourette Sendromlu olmak I &quot;Bugüne kadar 150&#39;ye yakın tikim oldu&quot;,"Tourette Sendromu, nörogelişimsel bir bozukluk. Sendromun özünü ses ve hareket tikleri oluşturuyor. Tikler ilk kez 4-6 yaş civarında ortaya çıkmaya başlıyor, 12 yaş civarında da ulaşabileceği en üst seviyeye ulaşıyor.  

Can, Bilge ve Seyithan... Üçü de ağır Tourette Sendromlu bireyler. Okulda, sokakta, kafede, toplu taşımada ötekileştirme ve ayrımcılıkla karşı karşıyalar. En çok kendilerine yönelen hatta çivilenen bakışlardan şikayetçiler.  

Can 24 yaşında, bilgisayar mühendisliği okuyor. Bugüne kadar 150'ye yakın tiki olduğunu söylüyor. Bu tiklerden biri, yürürken etrafında 360 derece dönmesi.  

Bilge 20 yaşında, konservatuar öğrencisi. Onun hareket tiki, sert bir cisimle yakın temasta bulunduğu zaman devreye giriyor. Sağ yumruğunu sert bir şekilde bu cisme vuruyor. 

Seyithan Sevinç, profesyonel bir şarkıcı. Albümleri var. Konserler veriyor, turnelere gidiyor. Kitlesi onun Tourette Sendromlu bir birey olduğunu biliyor ama Seyithan sokakta yaşadığı ötekileştirmeyi ""Girdiğiniz her yerde siz siyahsınız, herkes beyaz"" diyerek ifade ediyor. Seyithan gitar çalarken ya da şarkı söylerken tiklerinin hiçbiri olmuyor.

+90, bu bölümünde kamerasını Tourette Sendromlu bireylere çevirdi. 

#ToueretteSendromu #TikBozukluğu #İnsanHakları",2022-05-06T15:00:27Z,271578,https://www.youtube.com/watch?v=mwTI0GE43MQ
QKIMfV7zktY,tourette syndrome,"CLICK THE LINK BELOW TO VISIT VIDEOMAPTV FOR MORE TRAVEL VIDEOS
https://www.youtube.com/c/VideomapTV/videos
If you enjoy, please subscribe, like, comment, and share our videos
If you have an idea, want to create a new show, or work together on a project?  
Please Use The Contacts Below.
https://www.youtube.com/c/VideomapTV/videos

https://web.facebook.com/videomaptv
https://www.tiktok.com/@videomaptv?la...
https://www.youtube.com/c/VideomapTV/...",2022-05-13T22:19:21Z,187,https://www.youtube.com/watch?v=QKIMfV7zktY
9K7mtu17clY,Spiderman Still Has Tourettes,"Spiderman still has tourettes

#Spiderman #TourettesGuy #Spiderman2002 #tobeymaguire",2022-07-08T22:45:55Z,1867,https://www.youtube.com/watch?v=9K7mtu17clY
ljr0dQBM2lw,Tic Sides - A Deep Look - Tourette&#39;s Syndrome,A look at the Different sides of Tourette's Syndrome,2022-06-21T20:59:39Z,936,https://www.youtube.com/watch?v=ljr0dQBM2lw
09LKdzKRBp0,Hamster Dance Tourette’s Syndrome,,2022-06-12T04:08:03Z,133,https://www.youtube.com/watch?v=09LKdzKRBp0
xGI8jiTHDPI,"JUNE 15, 2021 // TOURETTE&#39;S SYNDROME OR REALLY BAD TASTE?","When I listen to my thoughts, I can’t tell if I Tourette’s Syndrome, or really bad taste.  When I listen to my thoughts, I can’t tell if I Tourette’s Syndrome, or really bad taste.  When I listen to my thoughts, I can’t tell if I Tourette’s Syndrome, or really bad taste.",2021-06-16T00:09:21Z,329,https://www.youtube.com/watch?v=xGI8jiTHDPI
sB2kmedBecg,PsyPop Ep.10: Tourette&#39;s Syndrome,"Tourette's Syndrome is a type of tic disorder where repetitive involuntary movements and vocal sounds that affect one's daily functioning. Not many people are completely informed about what it really is and how it really works. Sadly, this has led to pop culture media misrepresenting people with the disorder by over-exaggerating it or making it comical, which only further fuels the fire of more people misunderstanding those with TS. In reality, there are many people who are still successful despite having Tourette's, and we should still regard them as normal people. In this episode of PsyPop, we shed some light on what TS really is and clear up misconceptions around it. 

Don't forget to like, subscribe, and hit the notification bell! 

Follow our social media!
Facebook: https://www.facebook.com/psypoints
Instagram: https://www.instagram.com/psypoints

For any inquiries, contact us here!
psypointsph@gmail.com

- ~ - ~ - ~ - ~ - ~ - ~ - ~ - ~ - ~ - ~ - ~ - ~ - ~ - ~ - ~ - ~ -

SOURCES

Calder-Sprackman, S. Doja, A., & Sutherland, S. (2016). The portrayal of Tourette's Syndrome in Film and Television. American Academy of Neurology, 1. https://n.neurology.org/content/78/1_Supplement/P06.041

""History of Tourettes"". (n.d.). Tourette's Syndrome: Understanding the Disorder. https://www.tourettessyndrome.org/history-of-tourettes.php

""Mozart 'Suffered from Tourettes'"". (2004). Evening Standard. https://www.standard.co.uk/hp/front/mozart-suffered-from-tourettes-6972372.html

""Tourette Syndrome Fact Sheet"". (2021). National Institute of Neurological Disorders and Stroke. https://www.ninds.nih.gov/disorders/patient-caregiver-education/fact-sheets/tourette-syndrome-fact-sheet

""Tourette Syndrome"".T (2021). MedlinePlus. Retrieved June 17, 2021 from https://medlineplus.gov/genetics/condition/tourette-syndrome

- ~ - ~ - ~ - ~ - ~ - ~ - ~ - ~ - ~ - ~ - ~ - ~ - ~ - ~ - ~ - ~ -

MUSIC CREDIT
Hold On - Prod. Riddleman
https://www.youtube.com/watch?v=Y8uUbYvhtBA",2021-07-02T10:00:27Z,195,https://www.youtube.com/watch?v=sB2kmedBecg
1_7Yc8adQ6I,SYNDROME GILLES DE LA TOURETTE SON COMBAT !,"Le syndrome gilles de la tourette avec @AXL FayRow 
Clique ici pour t'abonner ► http://bit.ly/1qAbjhL & rejoins la TeamShape !
Mes vêtements TeamShape ► http://bit.ly/1wXqeD7 
Mes compléments Inshape Nutrition ►https://bit.ly/2M9v9QV
Mes programmes ►https://bit.ly/2TDimHN
Ma salle de sport ►http://bit.ly/2jaOdSO

Lien Axel 
Twitch : https://www.twitch.tv/AXL_FayRow
Youtube : https://www.youtube.com/c/AXLFayRow/videos
Insta : axl_fayrow

HARCÈLE-MOI sur : 
TWITTER : http://bit.ly/1o88uUV
INSTAGRAM : http://bit.ly/1Q4RInr (tiboinshape)
SNAPCHAT : tiboinshape
TIKTOK : tiboinshape
FACEBOOK : http://on.fb.me/1EcbKme
SPOTIFY : Tibo InShape - Motivation (playlist)
TWITCH : TiboInshapeLive

Mon adresse postale : 
""Tibo Inshape
CS 52072
81012 ALBI CEDEX""

Mon e-mail (business uniquement) ► tiboinshapevideo@gmail.com

Si vous lisez cette phrase écrivez « DAAMN » en commentaire !",2022-01-01T17:01:42Z,4220727,https://www.youtube.com/watch?v=1_7Yc8adQ6I
ojGYFbAcSOY,Day In The Life With Tourette&#39;s Syndrome | Plus Kaiya Update!,"Welcome to our little family! We are so excited to share our adventures with you!

Hope you all enjoy a day in my life with Tourette's syndrome! Keep up with our future videos to see our new pets as well!

Disclaimer -
As you may notice I do have Tourette's syndrome which is a neurological disorder that causes me to make repetitive movements and sounds. I want to be transparent with this so it doesn't cause any confusion. Thanks for understanding!",2022-02-16T18:30:30Z,295,https://www.youtube.com/watch?v=ojGYFbAcSOY
iLxuVSykKJM,Explaining Coprolalia (Tourette&#39;s Syndrome) | Phoebe&#39;s Mixed up Mind,"good day, lovely people!

In today's video, I'll be explaining a little bit about coprolalia and what exactly it is, and how it affects us.
Coprolalia is a tic where you might say anything that is inappropriate, offensive, or obscene and it is an incredibly socially stigmatized symptom that affects between 10-15% of those with Tourette syndrome.
Copropraxia is a tic where you may involuntarily make inappropriate movements or gestures.

I'd like to use this channel to educate and spread awareness on Tourette's Syndrome.

Thanks for watching!

Find my socials in the channel description!",2022-05-12T13:51:34Z,108,https://www.youtube.com/watch?v=iLxuVSykKJM
tmeILqnVYrE,Cannabis Stops Tourette&#39;s Syndrome!!!  Billy Wieschollek,"Cannabis and Tourette's 

Billy Wieschollek


I don't own this

Add this to the infinite list of medical purposes associated with cannabis...
Join Us: The Free Thought Project ✊ 
H/T: United 4 Truth

We have google+, no idea how to use it so add us now and show us how...

Current state of Cannabis in Scotland and the rest of the UK +  World..


Bongisodes and More + a tiny bit more...",2017-11-22T17:36:06Z,14924,https://www.youtube.com/watch?v=tmeILqnVYrE
DH2QQb8Ucf4,Lester speed dates a girl crazy girl with Tourette syndrome #funny,"Kontent You presents: Tell us what you think in comments: Do she have tourettes or just crazy?

👉🏽 Follow Me On IG @rod.minger
👉🏽 Follow Me On FB @rodminger
👉🏽 Follow Me On Twitter @Rod Minger 

Please Like, Comment, Subscribe, and Share 

🎬 Produced by:
Kontent You
www.KontentYou.com
https://www.instagram.com/kontentyou/

🎬 Starring 
Rod  Minger

🎬 Co Starring 
⭐️ Comedian Michelle C.
linktr.ee/KandidKissesTV",2022-04-19T21:30:09Z,1720,https://www.youtube.com/watch?v=DH2QQb8Ucf4
5YLZtXYa4_Q,Billie Eilish Open Up About Tourette’s Syndrome 🧬 | Clutch #Shorts,"Behind a very successful career, and her fun and quirky personality, Billie Eilish shares her experience and raises awareness about having a neurological condition, Tourette’s syndrome.
--
► SUBSCRIBE to NEVER MISS ClutchPoints' hottest new videos: http://bit.ly/ClutchVids 👈🏽🍿
► FOLLOW us on IG: http://bit.ly/ClutchIG
► Follow games live on our app: https://bit.ly/ClutchSportsApp",2022-06-11T19:14:50Z,42,https://www.youtube.com/watch?v=5YLZtXYa4_Q
E2i7uf3poCI,Tourette Syndrome || Natural homeopathic remedies with symptoms || होम्योपैथिक उपचार,"This clinic is not about giving medicines. This clinic is about curing with medicines rapidly, gently and permanently to the whole extent in the shortest, most reliable and most harmless way.

Contact us on -
Calling   +91 9415 786 380  // +91 9696 72 1151  // +91 798 553 6166
What's app  +91 9415 786 380

Please SHARE the video of this channel if find these beneficial for the society .... 
Love and regards ... Dr Umang Khanna 
WHATS APP no. .... +91 9415 786 380

Disclaimer - All information in this video is for educational and informational purpose only and should not be substituted for professional medical advice or treatment.
अस्वीकरण: इस वीडियो की सभी जानकारी केवल सूचनात्मक उद्देश्य के लिए है और पेशेवर चिकित्सा उपचार के लिए कदापि नहीं है।

https://www.facebook.com/UmangKhanna.official/
https://www.linkedin.com/in/drumangkhanna/
https://in.pinterest.com/drumangkhanna
https://twitter.com/drumangkhanna
https://www.instagram.com/drumangkhanna",2021-06-23T16:30:12Z,1819,https://www.youtube.com/watch?v=E2i7uf3poCI
Kos4xnYmm08,¿Cómo es vivir con Síndrome de Tourette?,"En Chile se estima que doce mil personas padecen el Síndrome de Tourette, el cual genera movimiento involuntario de los músculos. El testimonio de una joven influencer que superó los dos millones de visualizaciones, demostró qué significa tener que vivir con este trastorno neurológico en nuestro país.",2020-08-10T10:12:09Z,1500050,https://www.youtube.com/watch?v=Kos4xnYmm08
NvuKmyu8Fgk,Tourettes In Class  *language warning*,"Hey! ✨ Don't forget to follow my socials  ⬇️

This is some footage from last year when I was doing a class assessment on a very vocal tic day.
Exams with Tourettes are really difficult😅 tics can be so disruptive and they always distract me, making it almost impossible to concentrate on active tic days like this.

Info on Tourette's Syndrome: https://www.tourettes-action.org.uk/6...

My social media 👇🏻
Insta - https://www.instagram.com/zara.bethx/
TikTok - https://www.tiktok.com/@zeezee25
My Discord Server - https://discord.gg/arA9fkSM3f
https://linktr.ee/zarabeth

Tourette's syndrome is a neurological condition and disability which causes involuntary movements called tics. I use my platforms on social media such as TikTok, YouTube and Instagram to advocate and raise awareness for the condition and show what it is like living with a disability as a teen in school.
My name is Zara Beth (zeezee25 on tiktok) and I post videos about tics, tic disorders and what its like to be a teen living with Tourette's syndrome, Functional Neurological Disorder (FND) and a seizure disorder (NEAD/NES). 
I show what its like having tics and Tourettes in class and in school and college, vlog, and I also bake, do other challenges and answer all your questions in Q and A videos.
I am also an ambulatory wheelchair user so I show what life looks like using various mobility aids and how needs change from day to day!",2022-06-12T16:00:12Z,3578,https://www.youtube.com/watch?v=NvuKmyu8Fgk
HM6VBCf18Ks,Eric Has Tourette and I tried to upload this video 7 times (South Park Moments 7),#ericcartman,2021-10-28T22:24:27Z,590838,https://www.youtube.com/watch?v=HM6VBCf18Ks
m9uwecYZlgw,Try Not To Tics Indonesia Tourette&#39;s Syndrome,"Tourette Syndrome itu bukan Tiktok Syndrome ok.

★★Video terbaru saya★★ :
https://youtu.be/viDwJqVgrGw
—————————————————

★★ Part 2 ★★ 
https://youtu.be/Il7XxE5EEis 
—————————————————
★★ Part 3 ★★
Tourette in the garden : https://youtu.be/Af9nPhIU6Zo 
—————————————————

Subscribe ya :)

Halo guys
Assalamualaikum 
Welcome back to my channel, in this video i just want to try not tics for as long as possible
Here I just want to know how long I can hold this tics or tourette syndrome, But before I start, help subscribe to this channel and share it with your friends

So we just start
Actually, if I just stay silent, the tics won't come back
but when I do activities like talking, the tics will come
We repeat once more
When I endured this tourette syndrome, I felt my brain ache and also from the brain to the eye of the pain

Okay, maybe this video is enough, thank you for watching, hopefully you guys like this video.

Don't forget to subscribe to this channel, like comment and share with your friends and if there are suggestions just write it in the comments column, if you have the same thing as me you can join the Facebook group that I have provided in the video description.

That's all from me, don't forget to respect people
Wassalamualaikum see you in the next video

Do i make videos? 
Kira-kira saya bikin video apalagi?

★★Extreme Tourette While Eating★★
https://youtu.be/mOrSoPZFeTE 

————————————————
You can donate via paypal : hamdaku21@gmail.com.
————————————————
★★For Business★★ : reikanmr21@gmail.com.
————————————————
★★My Blog★★ : http://bit.ly/Imtourette1
————————————————

Sindrom Tourette
tics tourette
Tourette Syndrome di indonesia
Try not to tics Indonesia
billie eilish tics
Try not to move challenge


#tics #tourette #syndrome",2019-12-31T14:06:16Z,133439,https://www.youtube.com/watch?v=m9uwecYZlgw
AdOtriugFy4,DOES SOCKIE HAVE TOURETTE SYNDROME?,"Please subscribe to my vlog channel 💙

https://www.youtube.com/channel/UCXM6GxEn7HQZYNii5rIDv5Q


Follow my niece on Instagram

https://www.instagram.com/oaliyaaa/?hl=en",2021-10-05T12:25:51Z,168761,https://www.youtube.com/watch?v=AdOtriugFy4
VAo_Gun3rp8,What is Tourette Syndrome in Telugu | Tics And Tourette&#39;s Syndrome in Telugu | Kiran Varma,"What is Tourette Syndrome in Telugu
Tics And Tourette's Syndrome in Telugu
Kiran Varma

టూరెట్ సిండ్రోమ్ అంటే ఏమిటి
టిక్స్ అండ్ టూరెట్స్ సిండ్రోమ్

#KiranVarma #Kiranvarmatelugu #science #telugunews #telugu #touretteSyndrome  #tourette #Syndrome  #Tics #mentalhealth 
Audio version of this video available on all platforms : https://anchor.fm/kiranvarma
Follow us on Facebook @ fb.com/kiranvarmaoo/

Overview
Tourette (too-RET) syndrome is a disorder that involves repetitive movements or unwanted sounds (tics) that can't be easily controlled. For instance, you might repeatedly blink your eyes, shrug your shoulders or blurt out unusual sounds or offensive words.

Tics typically show up between ages 2 and 15, with the average being around 6 years of age. Males are about three to four times more likely than females to develop Tourette syndrome.

Although there's no cure for Tourette syndrome, treatments are available. Many people with Tourette syndrome don't need treatment when symptoms aren't troublesome. Tics often lessen or become controlled after the teen years.

Symptoms
Tics — sudden, brief, intermittent movements or sounds — are the hallmark sign of Tourette syndrome. They can range from mild to severe. Severe symptoms might significantly interfere with communication, daily functioning and quality of life.

Tics are classified as:

Simple tics. These sudden, brief and repetitive tics involve a limited number of muscle groups.
Complex tics. These distinct, coordinated patterns of movements involve several muscle groups.
Tics can also involve movement (motor tics) or sounds (vocal tics). Motor tics usually begin before vocal tics do. But the spectrum of tics that people experience is diverse.

Common motor tics seen in Tourette syndrome
Simple tics Complex tics
Eye blinking Touching or smelling objects
Head jerking Repeating observed movements
Shoulder shrugging Stepping in a certain pattern
Eye darting Obscene gesturing
Nose twitching Bending or twisting
Mouth movements Hopping

Common vocal tics seen in Tourette syndrome
Simple tics Complex tics
Grunting Repeating one's own words or phrases
Coughing Repeating others' words or phrases
Throat clearing Using vulgar, obscene or swear words
Barking 
In addition, tics can:

Vary in type, frequency and severity
Worsen if you're ill, stressed, anxious, tired or excited
Occur during sleep
Change over time
Worsen in the early teenage years and improve during the transition into adulthood
Before the onset of motor or vocal tics, you'll likely experience an uncomfortable bodily sensation (premonitory urge) such as an itch, a tingle or tension. Expression of the tic brings relief. With great effort, some people with Tourette syndrome can temporarily stop or hold back a tic.

When to see a doctor
See your child's pediatrician if you notice your child displaying involuntary movements or sounds.

Not all tics indicate Tourette syndrome. Many children develop tics that go away on their own after a few weeks or months. But whenever a child shows unusual behavior, it's important to identify the cause and rule out serious health problems.

Causes
The exact cause of Tourette syndrome isn't known. It's a complex disorder likely caused by a combination of inherited (genetic) and environmental factors. Chemicals in the brain that transmit nerve impulses (neurotransmitters), including dopamine and serotonin, might play a role.

Risk factors
Risk factors for Tourette syndrome include:

Family history. Having a family history of Tourette syndrome or other tic disorders might increase the risk of developing Tourette syndrome.
Sex. Males are about three to four times more likely than females to develop Tourette syndrome.
Complications
People with Tourette syndrome often lead healthy, active lives. However, Tourette syndrome frequently involves behavioral and social challenges that can harm your self-image.

content credits : https://www.mayoclinic.org/diseases-conditions/tourette-syndrome/symptoms-causes/syc-20350465#:~:text=Overview,unusual%20sounds%20or%20offensive%20words.


Copyright Disclaimer Under Section 107 of the Copyright Act 1976, allowance is made for ""fair use"" for purposes such as criticism, comment, news reporting, teaching, scholarship, and research. Fair use is a use
 permitted by copyright statute that might otherwise be infringing. Non-profit, educational or personal use tips the balance in favor of fair use. 
We don't  endorse or encourage racism ,Feminism or Child abuse",2020-12-24T03:30:04Z,650,https://www.youtube.com/watch?v=VAo_Gun3rp8
ZBLz6YpPlrc,Severe tourette syndrome in both brother and sister,"A brother and sister with a familial trait of tourette syndrome came to see us and got much needed relief from many of their symptoms. Symptoms were so severe that they were out of school for four months, and now, after receiving their appliances, are able to return to school. Please watch their testimony. Here is their video...

-------
You can view patient testimonial videos on our website here:
https://www.absimsdds.com/dentaltourettes-connection-kids

-------
Did you know?
Dr. Sims is available for video consultations? If you are interested, you can find out more here www.absimsdds.com",2021-05-25T18:51:50Z,1288,https://www.youtube.com/watch?v=ZBLz6YpPlrc
HYFj_KMNT8o,Inside Tourette Syndrome (movie trailer),"In this documentary, the inner symptoms of Tourette syndrome are revealed and openly discussed by people who experience them every day.

How does it feel to tic?  Why can't a person stop ticcing? What causes vocal outbursts and other extreme tics? Are motor and vocal tics truly involuntary? What is going on inside one's mind during obsessions and compulsions?

These questions are answered in detail and much more is revealed about this mysterious disorder as six individuals with TS take the audience far into the Tourettic mind.

Film website: http://www.amazon.com/Inside-Tourette-Syndrome/dp/B002I7V9TE/ref=sr_1_1?ie=UTF8&qid=1303746557&sr=8-1-spell",2006-06-16T19:14:32Z,51077,https://www.youtube.com/watch?v=HYFj_KMNT8o
3MrvmiSNLvI,Part 2: We Beat Tourette&#39;s Syndrome Using Tools From NXIVM. Interview host Marc Elliot &amp; Nick Letter,"Link to Documentary ""My Tourette's"" - https://www.youtube.com/watch?v=HId0uJd6MRs&t=1792s

Welcome back to the interview series, ""We Beat Tourette's Syndrome"" using tools from NXIVM.  This is part 2 of the the interview with my dear friend Nick Letter, who is in the documentary ""My Tourette's."" I could not be more proud of Nick for sharing his story and to all the other people in the Tourette's project who were wiling to share their story too. In this interview we explore how he learned about the Tourette's project and why he wanted to do it.",2021-11-16T18:45:19Z,459,https://www.youtube.com/watch?v=3MrvmiSNLvI
OCGlM1bCQNI,Offensive Tourette syndrome silencer / Muzzle,"This is the link to the silencer
https://www.amazon.com/Talk-Technologies-Tourettes-Mask-Outbursts/dp/B0757ZJ64W

Support my channel for as little as a dollar a month https://www.patreon.com/Idranktheseawater?ty=h

TIP JAR
If you appreciate my work and have the means, this is my TIP JAR
paypal.me/MelissaCwater

My blog
melissacwater.ca

Find me on:
Instagram https://www.instagram.com/melissacwater/
Facebook   https://www.facebook.com/Idranktheseawater/
Tumblr  http://idranktheseawater-is-me.tumblr.com/
Twitter https://twitter.com/MelissaCwater
My comedy channel  https://www.youtube.com/user/XendTrick
French Mental Health Channel  https://www.youtube.com/channel/UCvijSZJsbCp_fvlhRGlSHOw 
My Author Page http://www.amazon.com/Melissa-C.-Water",2020-11-30T21:21:26Z,799,https://www.youtube.com/watch?v=OCGlM1bCQNI
Cueeuii73xE,I had a Tic Attack *language warning*,"This is a different video to usual as I wanted to show the difficult side of living with Tourette's Syndrome which includes nights like these ❤️
This lasted around an hour for those wondering; tic attacks vary and every single one is different

Information on Tourettes and Tic Attacks:
https://www.tourettes-action.org.uk/7-about-ts.html
https://www.tourettes-action.org.uk/storage/downloads/1615388654_Factsheet---Tic-Attacks.pdf

My social media:
https://linktr.ee/zarabeth

Tourette's syndrome is a neurological condition and disability which causes involuntary movements called tics. I use my platforms on social media such as TikTok, YouTube and Instagram to advocate and raise awareness for the condition and show what it is like living with a disability as a teen in school.
My name is Zara Beth (zeezee25 on tiktok) and I post videos about tics, tic disorders and what its like to be a teen living with Tourette's syndrome, Functional Neurological Disorder (FND) and a seizure disorder (NEAD/NES). 
I show what its like having tics and Tourettes in class and in school and college, vlog, and I also bake, do other challenges and answer all your questions in Q and A videos.
I am also an ambulatory wheelchair user so I show what life looks like using various mobility aids and how needs change from day to day!",2022-04-24T16:00:04Z,12044,https://www.youtube.com/watch?v=Cueeuii73xE
MiT-cFzvEOo,Gaming with Tourettes Syndrome!,"YOUTUBE I HAVE TOURETTES SYNDROME

Ever since I was a kid, I always wanted to make people laugh! At 15 I started writing jokes, stories, etc. Now I'm 26 and am a full-time stand-up comedian! My dreams are coming true with a big twist! I've been able to come up with a way to make people laugh as well as spread awareness and education to everyone about Tourette's syndrome!

Let's be honest TS is a subject not talked about enough! especially with these fun facts. Did you know 1 in 100 school-aged children have TS! Also, not everyone with TS swears, only 10% of people with TS do! I've been performing at Clubs, events, colleges just anywhere I can go so I can spread the word about Tourette's Syndrome one laugh at a time!

Support the stream: https://streamlabs.com/tourettesinc",2022-07-09T09:11:19Z,14,https://www.youtube.com/watch?v=MiT-cFzvEOo
P6ItTNUsAng,all about tourette’s syndrome :) Q&amp;A,hiiii so i just wanted to make this video to educate anyone who wanted to learn more about tourette’s/tics/and more! i hope y’all like this and take smth from it bc it is WAY out of my comfort zone lol. also pls follow the insta since ur already here @carlysilbermann :) uhh anyway thank u for watching,2020-08-08T17:47:40Z,54328,https://www.youtube.com/watch?v=P6ItTNUsAng
9ynrWJc-67s,Tourette syndrome kya hota hai ? By Zindagi 0 KM,"My new channel link :
https://www.youtube.com/c/Zindagi0KMGaming

Friends I hope you will like this video. If this video is helpful for you so please hit the subscribe button and share this video. It is a request of your younger brother.
#zindagi0km
#Pregnancytips 
#monu
#monuchaudhary
====================================================================
""SOME IMAGES ARE USED AS ILLUSTRATIONS FOR EDUCATIONAL PURPOSE UNDER FAIR USE - All images and videos used are in Public Domain""

==========================================



Music provided by NCS Fearless
Videos and images provided by pixabay 
Website link : https://www.pixabay.com 

=============================================================================
Disclaimer : DISCLAIMER: Please don't go out of your way to or hate on anyone I talk about in my videos, this channel is to entertain people and I usually focus on joking about what the people are doing not the individual themselves, please don't go spreading hate it's all for laughs Copyright 
Disclaimer Under Section 107 of the Copyright Act 1976, allowance is made for ""fair use"" for purposes such as criticism, comment, news reporting, teaching, scholarship, and research. Fair use is a use permitted by copyright statute that might otherwise be infringing. Non-profit, educational or personal use tips the balance in favour of fair use.",2021-03-20T09:00:05Z,549,https://www.youtube.com/watch?v=9ynrWJc-67s
q0YMpy4IY6s,Tourette&#39;s syndrome ThunderCats,,2018-08-11T11:07:26Z,7396,https://www.youtube.com/watch?v=q0YMpy4IY6s
g0QtnB0a-qE,Family Guy Hamster Dance Tourette Syndrome,"In one of the episodes of Family Guy, Chris is depressed over the fact that his fake girlfriend is gone and Lois (the mother) tells him that he will get over it just like how he got over his hamster tourette.  

Instagram - https://www.instagram.com/xx_itscancled66xx/?hl=en",2021-01-03T23:06:55Z,5058,https://www.youtube.com/watch?v=g0QtnB0a-qE
I3Npf6qVJu4,Gadis Tourette Syndrome Malaysia Viral,"Tourette's Syndrome adalah penyakit saraf di mana seseorang kadang-kala tidak dapat mengawal kelakuan dan percakapan (dipanggil 'tic').

Video Cik Alani tular dalam usahanya untuk meningkatkan kesedaran Tourette's Syndrome di Malaysia. Ikuti beliau di tiktok/@daylandalani",2020-11-28T14:09:06Z,34275,https://www.youtube.com/watch?v=I3Npf6qVJu4
El5Rge3tInM,Getting A Piercing With Tourettes?! 💉,"Make sure to subscribe for more vlogs and content like this :)

My social media:
https://linktr.ee/zarabeth

Tourette's syndrome is a neurological condition and disability which causes involuntary movements called tics. I use my platforms on social media such as TikTok, YouTube and Instagram to advocate and raise awareness for the condition and show what it is like living with a disability as a teen in school.
My name is Zara Beth (zeezee25 on tiktok) and I post videos about tics, tic disorders and what its like to be a teen living with Tourette's syndrome, Functional Neurological Disorder (FND) and a seizure disorder (NEAD/NES). 
I show what its like having tics and Tourettes in class and in school and college, vlog, and I also bake, do other challenges and answer all your questions in Q and A videos.
I am also an ambulatory wheelchair user so I show what life looks like using various mobility aids and how needs change from day to day!",2022-04-17T16:00:15Z,4245,https://www.youtube.com/watch?v=El5Rge3tInM
yD1e13vQ8GE,People with Tourette Syndrome talking about their TS part 6,,2022-07-13T15:22:56Z,96,https://www.youtube.com/watch?v=yD1e13vQ8GE
w7pVwzRdn_U,BAYLEN DUPREE COMPILATION - TOURETTE SYNDROME PROGRESSION,"Baylen Dupree Tourette Syndrome timeline. If only TikTok didn’t remove the sound on her derogatory videos because those videos are largely responsible for the bulk of her following! I tried my best to recreate the most accurate timeline of her tic progression with a few gems in there that will really make you go what the f#ck?! Enjoy! 

Like and follow on TikTok! ➡️➡️➡️ https://vm.tiktok.com/TTPdABUAY3/

PERSONAL BLOG TRENDING NEWS and GOSSIP BLOG

Informational videos and the latest tea on your favorite celebrities in hip hop, plastic surgery gossip, latest trends, leaked celebrity surgeons and more! 

Follow me on my personal IG for more upcoming celeb news @capritheog and on IG&TT @sippinteawithcapri

DISCLAIMER 🚨 All the information on this channel is published in good faith and for general information purposes only. 

We do not make any warranties about the completeness, reliability and accuracy of this information. Any action you take upon the information you find on this channel, is strictly at your own risk. we will not be liable for any losses and/or damages in connection with the use trending news blog.",2022-03-17T11:53:55Z,23038,https://www.youtube.com/watch?v=w7pVwzRdn_U
qWDO0cwuzjM,My Life with Tourettes Syndrome,#story #storytime #tourettes #awareness #tourettesawareness #tourettesyndrome,2022-07-10T22:51:44Z,51,https://www.youtube.com/watch?v=qWDO0cwuzjM
E6CMLDhaagU,Tourette Syndrome Cured with Bufo Toad Medicine (5-meo-dmt)  Out of Body Experience,"This 15 minute psychedelic experience changed my life and, by surprise, healed my Tourette Syndrome and offered other profound insight into the human experience.",2019-07-09T22:49:57Z,1921,https://www.youtube.com/watch?v=E6CMLDhaagU
0OZhymJ8q8I,Johnny Depp suffering from Tourette&#39;s syndrome?,"Johnny Depp has just shocked fans with a startling admission about his mental and physical health. 

The actor addressed the issue while speaking of the restraining order against him, and how it “changed everything.” 

Ms Heard’s attorneys reacted to his admission by questioning the relevancy of the claim, in reference to what he had been asked. 

For those unversed, the speculations began after Mr Depp made a startling claim. 

At the time, he was silenced by Ms Heard’s legal team and quipped in response, asking “Oh. It didn’t change everything?” 

Judge Penney Azcarate asked him to ‘mind’ his tone and prompted the Pirates of the Caribbean star to apologize and say, “I’m sorry. Tourette’s.” 

The 58-year-old’s potential diagnosis for the disease is not yet public knowledge, but Mr Depp has previously mentioned it during a former Los Angeles Times interview where he admitted, “I made odd noises as a child. Just did weird things, like turn off light switches twice. I think my parents thought I had Tourette’s syndrome.” 

“I always have this fear if I’m in the theatre that I’ll suddenly stand up and scream or run up on stage. Or if I’m walking down the street with a pal. ‘My God, that pole back there, we have to go back and walk around it’. I think it’s normal. Isn’t it?”

For more news and updates Subscribe: https://www.youtube.com/c/ThinkButLogically 

Trusted News Source:
https://www.geo.tv/latest/419271-johnny-depp-suffering-from-tourettes-syndrome

Background Voice Source:
Microsoft OneNote",2022-05-27T10:02:47Z,162,https://www.youtube.com/watch?v=0OZhymJ8q8I
0j42AzURE5E,"Frosted Flakes Tourette&#39;s Syndrome Commercials (2014, REUPLOADED)","Original Uploader: Archiplex Toons N' Anime Studios (currently: Looney Tuner Mitchy)

Here are Tourette's Syndrome version of 3 commercials of Supercharged Frosted Flakes Commercial inspired by his original parody dub which you can watch at the beginning, with Archiplex ThousandToons logo that greets Tourette's Guy that they misses him.

P. S. Mitchy dubbed some kind of dub clip at 1:47.

DISCLAIMER
-Frosted Flakes commercials (c) 2000-2002 Kellogg's.
-All rights were copyrighted to their respectful owners. I don't own anything else. Unless it's under FAIR USE!",2017-08-17T01:04:12Z,5863,https://www.youtube.com/watch?v=0j42AzURE5E
fRjGtharcVY,Tourette’s in school #school #disability #tourettes #tics #ticdisordet #tourettesyndrome #ts,Why is it so hard to have Tourette’s in school?,2022-07-08T14:17:37Z,136,https://www.youtube.com/watch?v=fRjGtharcVY
_tEUwMifrOQ,BAKING A CAKE WITH TOURETTE’S SYNDROME PART 1,"BAKING A CAKE WITH TOURETTE’S SYNDROME

#baking #tourettesyndrome #tourettes",2022-01-01T15:55:24Z,5926,https://www.youtube.com/watch?v=_tEUwMifrOQ
5TiaU5RplPg,Amazing fact about swear words - chimpanzees curse?? (Jordan Peterson explains Tourette&#39;s Syndrome),"Full video [clip starts at 37:00]
https://www.youtube.com/watch?v=wLc_MC7NQek&t=71s

This channel is a diverse collection of video clips that I have personally found to be ""intellectually actionable"" so to speak, in that all of them contain complex, dense, but useful information presented in a straightforward manner. 

Some of these clips are used as source materials in videos I make on my primary channel that further expand upon complex ideas relating to psychology, culture, politics, philosophy, religion and more. 

I also upload random clips or full length videos from my primary YouTube channel on this channel as well.

You can find my primary channel here: https://www.youtube.com/c/PFJung",2021-12-09T17:00:10Z,485,https://www.youtube.com/watch?v=5TiaU5RplPg
UT7OoeTLWRk,My Life with Tourettes Syndrome 💜,#story #storytime #tourettes #awareness #tourettesawareness #tourettesyndrome,2022-07-12T00:09:00Z,28,https://www.youtube.com/watch?v=UT7OoeTLWRk
nXQB5cJn1po,billie eilish opens up about Tourette’s syndrome for the first time 😳 subscribe for more videos ⬇️,,2022-06-28T04:50:54Z,1865,https://www.youtube.com/watch?v=nXQB5cJn1po
L6CFoXqEz_Y,The truth about Tourette&#39;s syndrome,hi my name is lee and i have Tourette's syndrome im trying to educate people on what its like in the day in the life of a sufferer 😎😎😎,2021-06-09T13:19:35Z,879,https://www.youtube.com/watch?v=L6CFoXqEz_Y
fTPcZenBihM,Girl With Real Tourettes Reacts To TikToker Baylen Dupree,"Hey everyone! Today I wanted to react to Baylen Dupree - an influencer on TikTok who also has Tourette Syndrome. I wanted to talk about my opinions surrounding her tics, as well as provide some education in the process! This is formatted like my Tics and Roses videos, but with a different outcome! (:

As a girl with Tourette's, I would love to spread awareness and education about my disorder, as I feel it is quite misunderstood in today's society. The media has made it out to be a swearing disorder only, which is far from true. I hope this video will educate you on Tourette Syndrome and tic disorders! Life with Tourettes can be difficult, but just know that we're the same as everyone else...except for the fact we tic like clocks! (:

Thanks for watching!

Follow me on Instagram! @ticcingclock
TikTok: @ticcingtogether",2022-07-09T16:45:01Z,10122,https://www.youtube.com/watch?v=fTPcZenBihM
_oDx-F8diXI,"Tricksters Ep. 24 | Intense Stutter, Mild Tourette Syndrome and South of the Border","Tricksters discuss having Tourette Syndrome vs. Intense Stuttering + More this episode

#menspodcast #funnypodcast #tourettesyndrome #stutter #comedy",2022-06-22T18:26:11Z,98,https://www.youtube.com/watch?v=_oDx-F8diXI
6UpLdXN4-us,Covid test with Tourette syndrome #shorts,,2022-07-05T03:00:51Z,4,https://www.youtube.com/watch?v=6UpLdXN4-us
LqUgcGYpxi0,I Faked Tourette Syndrome To Insult My Teachers....,Please like comment and subscribe for more awesome animations.,2022-05-29T17:00:39Z,3158,https://www.youtube.com/watch?v=LqUgcGYpxi0
nd_4TtWMCtk,Billie Eilish Tourette syndrome #billieeilish #shorts,,2022-06-10T08:08:24Z,9392,https://www.youtube.com/watch?v=nd_4TtWMCtk
alP0TiwehM0,Tourette&#39;s,"Provided to YouTube by Universal Music Group

Tourette's · Nirvana

In Utero - 20th Anniversary Remaster

℗ 1993 Geffen Records

Released on: 2013-01-01

Producer, Studio  Personnel, Recording  Engineer: Steve Albini
Composer  Lyricist: Kurt Cobain

Auto-generated by YouTube.",2018-07-26T20:45:10Z,1314514,https://www.youtube.com/watch?v=alP0TiwehM0
C86WseGXO-I,UMMAHLIVE : TOURETTE&#39;S SYNDROME,"9 malam ini, 🔥 di UmmahToday

Pernah tak anda melihat individu yang secara tiba-tiba membuat sesuatu pergerakan, mengeluarkan bunyi atau kata-kata serta berulang di luar kawalan?

Jika pernah, kebarangkalian individu tersebut sedang mengalami Tourette's Syndrome, sejenis penyakit neurologi dan selalunya bermula dengan gejala 'tics'.

Nak tahu lebih lanjut? 

Ikuti perbincangan mengenai Tourette's Syndrome, bersama Pakar Perunding Neurologi Hospital Tuanku Canselor Mukhriz UKM, Prof Datin Dr Norlinah Mohamed Ibrahim hanya di Ummah Live.",2022-07-14T01:52:59Z,26,https://www.youtube.com/watch?v=C86WseGXO-I
tPXX1BJVYog,"My Life With Tourette Syndrome/ The Funny But Important Experiences That Make Me, Me!","In 4th grade, I was diagnosed with Tourette Syndrome (TS) and ADHD and since then it has been a major variable in how I have become the person I am today. Many people know me for my political, and economic beliefs, but now I provide more insight into what it's like living with Tourettes. In this video, I share my personal experience as well as several stories that, while funny, played a very pivotal role in my journey to where I am at today! I have not done a great job in raising awareness for Tourette Syndrome, and I have never believed that I am a good spokesperson for the disorder. But I would like to bring awareness to the people that have it way worse than I do!

Tourette Syndrome can have a major impact on a person's life and I have been blessed that I can view TS as a positive factor for myself. It makes me, me! Please feel free to ask questions and If you have Tourettes and you need advice or need someone to talk to, please feel free to reach out!
#TouretteSyndrome #Tourettes #TS #Tics #Tourettesawareness #ADHD 

For more information on Tourette Syndrome visit:
https://www.ninds.nih.gov/Disorders/Patient-Caregiver-Education/Fact-Sheets/Tourette-Syndrome-Fact-Sheet

https://www.cdc.gov/ncbddd/tourette/facts.html",2022-04-18T06:33:46Z,177,https://www.youtube.com/watch?v=tPXX1BJVYog
mx7OYkLCPag,"SYOK ENG | No Offence, But... with Chris Wong (Tourette&#39;s Syndrome)","Ever had questions for someone with vitiligo, but you were too afraid to ask?

We spoke to someone with a neurological disorder, Chris Wong who believes that the most important thing is that you're happy and that you're proud of yourself!

#tourettesyndrome #tourettesawareness #neurologicaldisorders",2022-07-15T11:05:23Z,21,https://www.youtube.com/watch?v=mx7OYkLCPag
EnawRYJF77k,SEVERE TOURETTE&#39;S SYNDROME vs  CANNABIS,,2015-05-27T21:50:43Z,164881,https://www.youtube.com/watch?v=EnawRYJF77k
Gg9p-ec-VJU,Everything you NEED to know about Tourettes | Q&amp;A,"Hey! ✨ Don't forget to follow my socials  ⬇️

I hope this short Q+A answers all the basic questions and facts you need to know about TS! 

Info on Tourette's Syndrome: https://www.tourettes-action.org.uk/67-what-is-ts.html

My social media 👇🏻
Insta - https://www.instagram.com/zara.bethx/
TikTok - https://www.tiktok.com/@zeezee25
My Discord Server - https://discord.gg/arA9fkSM3f
https://linktr.ee/zarabeth

Tourette's syndrome is a neurological condition and disability which causes involuntary movements called tics. I use my platforms on social media such as TikTok, YouTube and Instagram to advocate and raise awareness for the condition and show what it is like living with a disability as a teen in school.
My name is Zara Beth (zeezee25 on tiktok) and I post videos about tics, tic disorders and what its like to be a teen living with Tourette's syndrome, Functional Neurological Disorder (FND) and a seizure disorder (NEAD/NES). 
I show what its like having tics and Tourettes in class and in school and college, vlog, and I also bake, do other challenges and answer all your questions in Q and A videos.
I am also an ambulatory wheelchair user so I show what life looks like using various mobility aids and how needs change from day to day!",2022-06-08T16:00:13Z,1859,https://www.youtube.com/watch?v=Gg9p-ec-VJU
SSmWOQLVACw,"Fell in love with a guy with Tourette&#39;s syndrome 💓 「It&#39;s okay, this is love」","Fell in love with a guy with Tourette's syndrome 💓 「It's okay, this is love」
Thank you for watching😍😘🙏🏻🙏🏻🙏🏻
Don’t forget to like, comment, and ✔️ Subscribe! Because your support is my spirit to make more
 If this video has some mistakes hope you don’t mind. 
videos.Thanks🙏🙏😍😘
======================================
Do not forget to watch the previous video
https://youtu.be/6Bt9GClhF1I
Thank you for watching🙏🏻🙏🏻🙏🏻🙏🏻🙏🏻 
===================================
► Follow us on Instagram📍
 https://www.instagram.com/yass.ine1888​
==================================
Business inquiries and features: 
yasynmws99gmail.com 👈🏼
==================================",2021-06-01T17:59:08Z,2684,https://www.youtube.com/watch?v=SSmWOQLVACw
esPUdWka11c,Tourette&#39;s &amp; Punching Tics.,"Hey everyone! Today I wanted to talk about my punching tics and answer some frequently asked questions surrounding my punching tics! A lot of you are curious on my videos why I punch myself, and why I can't stop punching myself, so I thought I'd debunk some myths here!

As a girl with Tourette's, I would love to spread awareness and education about my disorder, as I feel it is quite misunderstood in today's society. The media has made it out to be a swearing disorder only, which is far from true. I hope this video will educate you on Tourette Syndrome and tic disorders! Life with Tourettes can be difficult, but just know that we're the same as everyone else...except for the fact we tic like clocks! (:

Thanks for watching!

Follow me on Instagram! @ticcingclock
TikTok: @ticcingtogether",2022-07-08T18:00:16Z,1686,https://www.youtube.com/watch?v=esPUdWka11c
fd91LNfQAsE,DEFYING THE ODDS: TOURETTE SYNDROME AND ITS DIFFICULTIES,,2022-05-27T14:11:42Z,1307,https://www.youtube.com/watch?v=fd91LNfQAsE
bZrrmhTjfDE,Cooking With Dan (and Tourettes) 😅,"Don't forget to subscribe if you liked the video!🦋

My social media 👇🏻
Insta - https://www.instagram.com/zara.bethx/
TikTok - https://www.tiktok.com/@zeezee25
My Discord Server - https://discord.gg/arA9fkSM3f
https://linktr.ee/zarabeth

Tourette's syndrome is a neurological condition and disability which causes involuntary movements called tics. I use my platforms on social media such as TikTok, YouTube and Instagram to advocate and raise awareness for the condition and show what it is like living with a disability as a teen in school.
My name is Zara Beth (zeezee25 on tiktok) and I post videos about tics, tic disorders and what its like to be a teen living with Tourette's syndrome, Functional Neurological Disorder (FND) and a seizure disorder (NEAD/NES). 
I show what its like having tics and Tourettes in class and in school and college, vlog, and I also bake, do other challenges and answer all your questions in Q and A videos.
I am also an ambulatory wheelchair user so I show what life looks like using various mobility aids and how needs change from day to day!
I am also a musician! My newest release is my first single (original song) called ""She's Mine"" which is now available on all streaming services - I sing and play piano, guitar, ukulele and I write, produce, mix and master all my own songs and content myself!",2022-07-03T16:00:30Z,2655,https://www.youtube.com/watch?v=bZrrmhTjfDE
BXk1vm0ri9g,Tourette syndrome awareness,,2022-05-19T23:49:12Z,7,https://www.youtube.com/watch?v=BXk1vm0ri9g
yikG2zkO4u4,Getting Medical Imaging Done With Tourette&#39;s.,"Hey everyone! Today I wanted to talk about getting medical imaging done with Tourette's. I got a VQ lung scan today and had to stay completely still which was next to impossible. MRIs and CT scans are similar - you can't move even though people with Tourette's are ALWAYS moving. Just wanted to talk about my experience in this video.

As a girl with Tourette's, I would love to spread awareness and education about my disorder, as I feel it is quite misunderstood in today's society. The media has made it out to be a swearing disorder only, which is far from true. I hope this video will educate you on Tourette Syndrome and tic disorders! Life with Tourettes can be difficult, but just know that we're the same as everyone else...except for the fact we tic like clocks! (:

Thanks for watching!

Follow me on Instagram! @ticcingclock
TikTok: @ticcingtogether",2022-07-15T04:44:48Z,1079,https://www.youtube.com/watch?v=yikG2zkO4u4
y65EfLqvODU,Tourette’s Playlist Song 1: “Aliens” by The Lunatics #tourettes #tourettesyndrome #tics #playlist,Trying to learn my purpose in life.  Thank you for the love and support ❤️😊 #touretteawareness #thisistourette #uncontrollableunstoppable #tourettesyndromeawareness #tic #tics #tictalk #coprophenomena #coprolalia #copropraxia #coprographia #ticdisorder #neurodiversity #tourettesyndromeawareness #tourettesyndromeawarenessmonth #touretteseducation #tourettessupport #tourettesyndromeeducation #ticvideos #echolalia #mytourette #bmx #bmxflatland #flatlandbmx #flatland,2022-07-13T20:32:35Z,135,https://www.youtube.com/watch?v=y65EfLqvODU
afgPG97wVoA,What Is Tourette&#39;s Syndrome - #Sharecare #shorts,"What Is Tourette's Syndrome - #Sharecare #shorts 
@Sharecare",2022-06-07T22:00:01Z,50,https://www.youtube.com/watch?v=afgPG97wVoA
oz4sLCrCBIQ,Fell in love with a guy who Has Tourette&#39;s Syndrome Beautiful Girl Kdrama,,2021-05-20T12:52:18Z,3273,https://www.youtube.com/watch?v=oz4sLCrCBIQ
f3HfYsAeSsY,Gaming with Tourettes Syndrome!,"YOUTUBE I HAVE TOURETTES SYNDROME

Ever since I was a kid, I always wanted to make people laugh! At 15 I started writing jokes, stories, etc. Now I'm 26 and am a full-time stand-up comedian! My dreams are coming true with a big twist! I've been able to come up with a way to make people laugh as well as spread awareness and education to everyone about Tourette's syndrome!

Let's be honest TS is a subject not talked about enough! especially with these fun facts. Did you know 1 in 100 school-aged children have TS! Also, not everyone with TS swears, only 10% of people with TS do! I've been performing at Clubs, events, colleges just anywhere I can go so I can spread the word about Tourette's Syndrome one laugh at a time!

Support the stream: https://streamlabs.com/tourettesinc",2022-07-15T09:01:28Z,17,https://www.youtube.com/watch?v=f3HfYsAeSsY
9NaayxDK-qQ,Pete Bennett on GB news TOURETTES,having a chat with eamon holmes,2022-07-12T13:19:16Z,400,https://www.youtube.com/watch?v=9NaayxDK-qQ
rLamcBFpqs4,"Tics On A Train (PANS / Tourette’s) (Tic Warning, Swearing Warning)","I went to the Science museum to meet 2 amazing friends who have Tourette’s. The train journeys there and back were eventful!
PLEASE BE CAREFUL WATCHING IF YOU ARE HIGHLY SUGGESTABLE OR UNDER A LOT OF STRESS",2022-07-10T21:24:53Z,392,https://www.youtube.com/watch?v=rLamcBFpqs4
TiWnRQDwzIM,Relieve Tourette Syndrome - Energy &amp; Quantum Medicine - Healing Frequency - Raise Vibrations,"🎧 Subscribe to our channel and stay up to date with the latest videos!
Click here: http://bit.ly/3afonE8​​​​​​​

 💻 Subscribe to our newsletter and enjoy free downloads!
Click here: https://bit.ly/2MBjvkP​


Tourette Syndrome
Inherited disorder with multiple motor tics and at least one vocal tic.

Using frequency healing sound as treatment can provide results for a variety of issues including:
*Autism and learning difficulties
*Cleanses negative energy and emotions
*Reduce stress, depression and anxiety significantly
*Improves sleep disorders
*Increase mental and emotional clarity
*Lower anger and blood pressure
*Pain management and relief
*Behavioral and psychiatric disorders  
*Cope with life's challenges, cancer, dementia, PTSD, fibromyalgia, psoriasis
*Improve circulation and increases blood flow
*Vital energy flow increase, creativity, intuition and motivation
*Removes blockages and toxins.
*Stimulates circulation and self-regeneration. 
*Stimulates endocrine glands and regulates hormonal functioning
*Stimulate and strengthens immune system

If you need all frequency videos, you could visit:
Our Website: 
http://www.frequencyheals.com/

Get more useful information on: 
Facebook Page:
https://www.facebook.com/Frequency-Heals-309600753084552/

Facebook Group:
https://www.facebook.com/groups/583205002193620/

Pinterest:
https://www.pinterest.com/frequencyheals/",2019-08-21T05:50:00Z,12661,https://www.youtube.com/watch?v=TiWnRQDwzIM
EGmQC06tOns,Psychological Disorders: Tourette&#39;s Syndrome,,2022-07-16T03:00:04Z,1,https://www.youtube.com/watch?v=EGmQC06tOns
QoBpFX4geNY,DILERA EXPLICA A SINDROME DE TOURETTE | Cortes do Flow,"DILERA - Flow Podcast #134
https://youtu.be/YdpzHlGau9o

----------

Direção:
@gianlucajux

Edição:
@pedrocastellen
@perceubros",2020-05-29T13:00:19Z,2824097,https://www.youtube.com/watch?v=QoBpFX4geNY
jJ2X1h4POp4,LoliRose wants to talk about Tourette Syndrome,"#LoliRoseVtuber #tourettesyndrome #tourettes #neurodiversity #tourettesawareness 

A short little video of me giving a simple explanation into Tourette Syndrome. Please let me know if you want a better explanation or more info, also let me know what you think! I appreciate you guys ^u^ 
The Tourettes Action ID card I used as an example was in fact my own personal one, but with my photo and name changed ever so slightly hehe, they're a brilliant charity and I don't say that lightly, my ID card is so important and useful, please consider supporting
https://www.tourettes-action.org.uk/ 

Music by HyperPotions: 
https://www.youtube.com/c/HyperPotions

LoliRose socials:
https://www.twitch.tv/lolirosevtuber
https://www.facebook.com/lolirosevtuber/
https://www.instagram.com/lolirosevtuber/ 

Artwork created by myself LoliRose on ClipStudio Paint!
Edited by the wonderful Hexagony",2022-06-16T13:41:26Z,85,https://www.youtube.com/watch?v=jJ2X1h4POp4
BBDP2RtDsq8,Sindrom Tourette Makan Ayam Geprek (Tourette&#39;s Syndrome Indonesia),"Saya bukan orang korea,

Tourette Syndrome di indonesia
Sindrom Tourette makan ayam geprek, Tourette syndrome di indonesia
Nah di video saya membuat konten tourette makan ayam geprek, kira-kira reaksi nya seperti apa ya?
Subscribe untuk video lainnya

Thanks For Respect

You can support me
Thank you so much.

Open QnA
★★My Blog★★ : http://bit.ly/Imtourette1
————————————————

Tourette makan ayam geprek
Tourette syndrome indonesia
Tourette syndrome di indonesia
sindrom tourette indonesia
Tourettes indonesia

Thanks for watching

#imtics #tourette #food",2020-04-26T13:33:12Z,45198,https://www.youtube.com/watch?v=BBDP2RtDsq8
HlwQ6HknxSI,I Met 2 Other People With Tourette&#39;s... *London Vlog!*,"Don't forget to subscribe if you liked the video!🌟

My social media 👇🏻
Insta - https://www.instagram.com/zara.bethx/
TikTok - https://www.tiktok.com/@zeezee25
My Discord Server - https://discord.gg/arA9fkSM3f
https://linktr.ee/zarabeth

Stream My Music Here!🏳️‍🌈
https://distrokid.com/hyperfollow/zarabeth/shes-mine

Follow Jess and Anouk Here:
https://www.tiktok.com/@jessjessjessu
https://www.tiktok.com/@epicgamergirlx3

Tourette's syndrome is a neurological condition and disability which causes involuntary movements called tics. I use my platforms on social media such as TikTok, YouTube and Instagram to advocate and raise awareness for the condition and show what it is like living with a disability as a teen in school.
My name is Zara Beth (zeezee25 on tiktok) and I post videos about tics, tic disorders and what its like to be a teen living with Tourette's syndrome, Functional Neurological Disorder (FND) and a seizure disorder (NEAD/NES). 
I show what its like having tics and Tourettes in class and in school and college, vlog, and I also bake, do other challenges and answer all your questions in Q and A videos.
I am also an ambulatory wheelchair user so I show what life looks like using various mobility aids and how needs change from day to day!
I am also a musician! My newest release is my first single (original song) called ""She's Mine"" which is now available on all streaming services - I sing and play piano, guitar, ukulele and I write, produce, mix and master all my own songs and content myself!",2022-07-10T16:00:08Z,2161,https://www.youtube.com/watch?v=HlwQ6HknxSI
PlgwQi5UhQE,Doctor reacts: Motor tics😥😥 #shorts #drfaem #doctorreacts #tics #tourettesyndrome,Doctor reacts: Motor tics😥😥 #shorts #drfaem #doctorreacts #tics,2022-07-07T05:33:30Z,302778,https://www.youtube.com/watch?v=PlgwQi5UhQE
gNAir95UVls,1am tic attack.,"Hey guys. So I had a tic attack. Tic attacks really suck and I'm really tired now. The only reason I recorded this video is to show the true side of Tourette's - it can be ugly...it's not always the cute and QuIrKy stuff you see online. It can really suck. This is strictly for awareness and educational purposes. Sorry if it's hard to watch.

As a girl with Tourette's, I would love to spread awareness and education about my disorder, as I feel it is quite misunderstood in today's society. The media has made it out to be a swearing disorder only, which is far from true. I hope this video will educate you on Tourette Syndrome and tic disorders! Life with Tourettes can be difficult, but just know that we're the same as everyone else...except for the fact we tic like clocks! (:

Thanks for watching!

Follow me on Instagram! @ticcingclock
TikTok: @ticcingtogether",2022-07-13T08:00:53Z,4335,https://www.youtube.com/watch?v=gNAir95UVls
mYbIsLdbNQA,El Sindrome de Tourette más impactante del mundo,"Bianca no puede parar de golpearse ni decir garabatos. Sus arrebatos son explosivos y dañan a quienes más ama. Su vida es un completo infierno y por eso ha tomado la decisión más importante de su vida. Someterse a una cirugía de cerebro con la esperanza de poder tener una vida normal... El cambio en ella después de entrar a pabellón es realmente IMPACTANTE.


Suscríbete al canal, activa la campanita de notificaciones y disfruta contenido todos los días y para todos los gustos http://bit.ly/yt-upsocl. 

Súmate a nuestra comunidad #Upsocl:
Facebook http://bit.ly/fb-upsocl
Instagram http://bit.ly/ig-upsocl

Encuentra muchos artículos para leer y entretenerte en nuestro sitio http://bit.ly/web-upsocl",2019-10-19T20:00:04Z,7126198,https://www.youtube.com/watch?v=mYbIsLdbNQA
oD52gUiorEs,My Tourettes Can Finish My Sentences? 🤯 (zeezee25 Tiktok Compilation),"Don't forget to follow my socials!  ⬇️

My social media 👇🏻
Insta - https://www.instagram.com/zara.bethx/
TikTok - https://www.tiktok.com/@zeezee25
My Discord Server - https://discord.gg/arA9fkSM3f
Other Links - https://linktr.ee/zarabeth
business/partnerships 📩 enquiries@zarabeth.co.uk

Tourette's syndrome is a neurological condition and disability which causes involuntary movements called tics. I use my platforms on social media such as TikTok, YouTube and Instagram to advocate and raise awareness for the condition and show what it is like living with a disability as a teen in school.
My name is Zara Beth (zeezee25 on tiktok) and I post videos about tics, tic disorders and what its like to be a teen living with Tourette's syndrome, Functional Neurological Disorder (FND) and a seizure disorder (NEAD/NES). 
I show what its like having tics and Tourettes in class and in school and college, vlog, and I also bake, do other challenges and answer all your questions in Q and A videos.
I am also an ambulatory wheelchair user so I show what life looks like using various mobility aids and how needs change from day to day!
SHOW LESS",2022-06-19T16:00:57Z,1876,https://www.youtube.com/watch?v=oD52gUiorEs
WmI9C-obNVw,Tourettes,"Provided to YouTube by Translation Enterprises d/b/a/ United Masters

Tourettes · Parkway RugRat

Free 1517 Federal

℗ 2022 N/a

Released on: 2022-07-08

Music  Publisher: Tre'Voi Parson
Composer  Lyricist: Tre'Voi Parson

Auto-generated by YouTube.",2022-07-08T22:32:48Z,23,https://www.youtube.com/watch?v=WmI9C-obNVw
6J5dW9n-hpE,Le Petit Tourette,"Cartman discovers the joys of having Tourette's syndrome. Drunk with the power of saying whatever he wants without getting in trouble for it, he lines up national TV coverage to take advantage of his new life with no filters.",2014-06-17T06:28:25Z,-1,https://www.youtube.com/watch?v=6J5dW9n-hpE
8d6nQ1nnpTo,Tourette&#39;s at the Gym,"For such a long time I was afraid to go to the gym, because I thought people wouldn't understand about my Tourette Syndrome. 

That's why I'm so glad I found F45 at Bli Bli where everyone there makes me feel comfortable and accepted. 

Now I can go to the gym for a workout, let my tics out comfortably which sets me up for a much calmer and productive day!

Hope you enjoy😊

xB❤️

Check out F45 on their website: f45training.com.au",2022-07-16T11:00:21Z,168,https://www.youtube.com/watch?v=8d6nQ1nnpTo
OeCyRaw8mV0,My heart is full #tourettes #tics #tourettesyndrome #friends #tourettesawareness #tic,Trying to learn my purpose in life.  Thank you for the love and support ❤️😊 #touretteawareness #thisistourette #uncontrollableunstoppable #tourettesyndromeawareness #tic #tics #tictalk #coprophenomena #coprolalia #copropraxia #coprographia #ticdisorder #neurodiversity #tourettesyndromeawareness #tourettesyndromeawarenessmonth #touretteseducation #tourettessupport #tourettesyndromeeducation #ticvideos #echolalia #mytourette #bmx #bmxflatland #flatlandbmx #flatland,2022-07-13T15:23:55Z,57,https://www.youtube.com/watch?v=OeCyRaw8mV0
hg9U7JHKU_M,Do I Tic In My Sleep?,"Hey everyone! Today I wanted to answer the question ""do I tic in my sleep?"" I get A LOT of comments asking how I'm able to sleep with Tourette's, so I wanted to talk about sleeping with Tourette's in this quick video! (:

As a girl with Tourette's, I would love to spread awareness and education about my disorder, as I feel it is quite misunderstood in today's society. The media has made it out to be a swearing disorder only, which is far from true. I hope this video will educate you on Tourette Syndrome and tic disorders! Life with Tourettes can be difficult, but just know that we're the same as everyone else...except for the fact we tic like clocks! (:

Thanks for watching!

Follow me on Instagram! @ticcingclock
TikTok: @ticcingtogether",2022-07-11T17:00:32Z,1589,https://www.youtube.com/watch?v=hg9U7JHKU_M
IIVMXYfqbik,Doctor reacts: Deep brain Stimuli🤢 #shorts #doctorreacts #drfaem #tourettesyndrome,Doctor reacts: Deep brain Stimuli🤢 #shorts #doctorreacts #drfaem #tourettesyndrome,2022-07-09T12:30:30Z,130779,https://www.youtube.com/watch?v=IIVMXYfqbik
Te-PFIhqcMo,My Life with Tourettes Syndrome 💜,#tourettesyndrome #story #storytime #awareness,2022-07-15T23:26:56Z,4,https://www.youtube.com/watch?v=Te-PFIhqcMo
dEUm2CFs8ak,r/FakeDisorderCringe Is Immoral,"https://linktr.ee/michelle_mana
Thank you so much for watching! Please comment below any thoughts, criticisms, and questions you have for me! Like, Subscribe, & P E A C E



fake disorder cringe,mental illness,roleplay,tourettes,dream smp,tommyinnit,tourette's,rfakedisordercringe,fake disorder,autism,cringe,tiktok,mental disorders,stimming,commentary,tiktok cringe,alters fake disorder cringe,fakedisordercringe,disorder cringe,disorder,tiktok cringe,fake bipolar,tiktokcringe,cringe,tiktok fake story,fake ocd,tiktok cringe compilation,faking tourettes,tiktok songs,faking bipolar,faking insanity,fake tourettes tiktoks,tiktok compilation funny,tourette syndrome,did,adhd,tik tok,tiktok ocd,tiktok compilation dance,tiktok,tourette,tourettes,ocd tiktok,shitpostatus,tiktok mashup,mental health dissociative identity disorder,dissociative identity disorder fake,multiple personality disorder,factitious disorder,fake disorder cringe,dissociation,fake disorder epidemic,dissociadid tiktok,rfakedisordercringe,dissociadid,dissociadid fake,identities,identity,malingering tiktok,multiplicityandme twitter,sanders sides,fake did,advocate,munching tiktok,multiple personalities,multiplicityandme,psychiatrist,munchausen syndrome,personalities,faking dissociation,dissociating,dissociadid,dissociative identity,dissociadid drama,dissociative identity disorder,dissociadid reupload,dissociadid court,dissociadid reuploads,did,depression,schizophrenia,science,multiple personality,did switching,multiple personality disorder,switch,switch caught on camera,switching caught on camera,multiple personality switch,personality switch,psychology,did switch,alters,makeup,mental health awareness,anxiety reddit,askreddit,ask reddit,raskreddit,reddit story,reddit funny,reddit cringe,updoot reddit,best of reddit,reddit stories,askreddit funny,funny askreddit,people of reddit,askreddit stories,reddit stories 2022,funny reddit stories,medical stories,fresh,nurses,comedy,updoot,divorce,stories,that backfired,that backfired quickly,hospital,dumbest patients,emergency,toadfilms,#updootst,plot twist,that backfired meme,rules that backfired fake disorder cringe,fakedisordercringe,fake tourettes tiktoks,tiktok cringe compilation,adhd tiktok funny,tiktok cringe,faking bipolar,ocd tiktok,faking tourettes,tourettes tiktok,fake bipolar,tiktokcringe,dissociative identity disorder,faking insanity,cringe,tiktok,tik tok,fake ocd,tiktok ocd,tiktok songs,tiktok mashup,tiktok fake story,tiktok compilation funny,tiktok compilation dance,tourette syndrome,adhd,donstever,mental health,tic,tourette rfakedisordercringe,disordercringe,disorder,viking hairr,cringe,long hair,vikings,dissociate,dissociative,pride,reddit,autism,viking,warpaint,identity,pansexual,war paint,war makeup,non binary,did,enbie,paint,crazy,makeup,insane,blue nerd,tourettes,tourette's,blue the nerd,viking makeup,pan,tics,funny,bruno,comedy,encanto,top posts,lgbt faking tourettes,tourettes,tourettes tiktok,fake tourettes tiktoks,tourette syndrome,fake ocd,ocd,fake bipolar,faking insanity,tiktok,tiktok mashup,tiktok cringe,tiktok cringe compilation,fake disorder cringe,fakedisordercringe,tiktok compilation funny,tiktok compilation dance,ocd tiktok,adhd,adhd tiktok funny,tiktok ocd,tiktok fake story,tiktokcringe,cringe,tourette,dissociative identity disorder,tik tok,mental health,r/fakedisordercringe ablaze spill,tea,shook,sebastian williams,tea spill,drama,beauty guru,anna oop,spill sesh,tiktok,tiktok dance,tiktoker,fake,faking tourettes,tourettes,tourettes tiktok,fake tourettes tiktoks,tourette syndrome,tiktok tourettes,tiktok mashup,tiktok songs,tiktok cringe,tiktok cringe compilation,fake disorder cringe,fakedisordercringe iktok fake tourettes,adhd tiktok funny,tiktok ocd,tiktok fake story donstever,gen z,gen z is cringe,fake disorders tik tok,fake disorder,don stever tourette syndrome,tourette,katrina lyndsay,pediatric psychiatrist,premonitory urge,neurodevelopmental science center,pediatrics,and,northeast ohio,twitch,speech,akron children’s hospital,tics,blinking narcissistic,narcissistic personality disorder,narcissism (symptom),manifestations,excessive admiration,grandiosity,clinically significant distress,treatment,grandiose,personality disorder,sense of entitlement,presentations,mental health disorder,special,envious,disorder,arrogant,superior,unlimited success,arrogance,interpersonally exploitative,pretentious,condescending,lack of empathy,low self-esteem,haughty,examples,counselor,counseling,low empathy,self-importance,dsm narcissist,narcissistic,youtubers,being a youtuber,narcissism,life as a youtuber,youtuber,youtube,narcissistic personality disorder,pistorius,culture,lifestyle,interviews,narc,dan vineberg,documentaries,cat cafe,content creator,interview,journalism,influencer,documentary,beautifulpeople.com,lauren jacobs,philippa perr grannon,breivik,attention,vice videos,david dobrik,lady dinah's,social media,gavin haynes,james charles,ellen franklin,the new travel #fakedisordercringe #reddit",2022-07-07T21:28:07Z,971,https://www.youtube.com/watch?v=dEUm2CFs8ak
WfZDW7MrWSI,PSA: Most Player&#39;s DIDN&#39;T Know About This. DON&#39;T Miss Out!,"Containment Tier 3 Tips.

Yes I have Tourette Syndrome, Yes I sound like I growl sometimes I cant help it so hopefully you can accept that and these videos help you or you enjoy them as much as I enjoy making them.

Leave a like, comment and subscribe if this helped you or you enjoyed the video.

psa
don't miss out
tier 3 containment
visages of dread
loot",2022-07-14T17:15:59Z,1252,https://www.youtube.com/watch?v=WfZDW7MrWSI
8vHfLWNYLMk,The Wonderland System: Faking Dissociative Identity Disorder,"https://linktr.ee/michelle_mana
Thank you so much for watching! Please comment below any thoughts, criticisms, and questions you have for me! Like, Subscribe, & P E A C E









fa,tiktok cringe,tiktokcringe,fake bipolar,cringe,dissociative identity disorder,tiktok fake story,fake ocd,tiktok cringe compilation,faking tourettes,tiktok songs,faking bipolar,faking insanity,fake tourettes tiktoks,people faking tourettes,tiktok compilation funny,tourette syndrome,adhd,tik tok,tiktok ocd,funny tiktoks,tiktok compilation dance,tic,tiktok,tourette,tourettes,ocd tiktok,mental health,tiktok mashup cluster b,cluster c,cluster a,cluster,altruism,unstable relationships,histrionic,psychiatry,acting out,suicidal behavior,impulsivity,humor,narcissistic,anger,affective instability,mature,chronic feelings of emptiness,blame-shifting,example,sense of purpose,mechanism,reaction formation,splitting,passive aggression,isolation,mechanisms,projection,borderline,antisocial,obsessive compulsive,personality disorder,identity disturbance,suppression,sublimation,ego defense dissociation,dissociating,dissociadid,dissociative disorder,dissociative identity,dissociadid drama,dissociative identity disorder,dissociated personailty,dissociadid reupload,girls dissociadid,dissociadid reuploads,dissociadid alters,dissociated personality disorder,dissassociative identity disorder,did,depression,meet the alters dissociadid,identity disorder,did disorder,schizophrenia,science,switching on camera,multiple personality,mutliple personality dissociative identity disorderdissociative disorders,jane hart identity disorder,multiple personality disorder,disorder,identity,disorders,documentary,patient spotlight,jane ahrt interview,mcmaster university,kathie lee and hoda,patient,jane hart today show,many sides of jane a&e docuseries,multiple personalities,discussion,split movie,personality,many sides of jane,video tourette syndrome,tourettes syndrome,tourettes doubt,tourettes condition,tourettes,tourettes tiktok,tourettes medication,tourettes teen,that tourettes guy,fake tourettes,faking tourettes,i have tourettes,tiktok tourettes,fake tourettes tiktoks,tiktok fake tourettes,i'm tourette,story time,tiktok fake story,tiktok cringe compilation,streamer,top twitch clips,fake,tiktok compilation funny,documentary,korea,drama,tiktok songs,korean,response video add,adhd-pi,adhd test,add-pi,adhd types,adhd in girls,adhd in adults,adhd diagnosis,adhd treatment,adhd medications,health,adhd symptoms in kids,adhd symptoms in adults,mental health,personal growth,attention deficit disorder,english,attention deficit hyperactivity disorder,learning disabilities,psych hub,tedxtalks,psychology,trouble learning in school,can't concentrate in school,what is adhd,hyperactivity,do i have adhd,can't concentrate tiktok cringe,mental health,mental illness,tiktok trend,tik tok cringe,fake disorder cringe,tiktok cringe react,tiktok cringe reactions,fake disorder cringe tiktok compilation,fake disorder cringe retro phantom,retro phant0m,fake disorder cringe tiktoks commentary,dissociative identity disorder,fake disorder cringe compilation,fake disorder cringe tiktoks react,fake disorder cringe king disorders cringe,faking disorder cringe,tiktok faking disorders,faking disorders,faking disorders tiktok cringe,faking disorders tiktok,faking disorder,faking disorders tik tok,faking disorder tiktok,gen z faking disorders,fake disorders,fake disorders tik tok,fake disorder,r/fakedisordercringe,fake disorder cringe,fake disorder cringe tiktoks,dissociative identity disorder,faking bipolar,faking insanity,faking tourettes,tiktok cringe blue the nerd,blue nerd,reddit,top posts,comedy,crazy,insane,funny,viking,war paint,vikings,paint,warpaint,war makeup,makeup,viking makeup,viking hair,long hair,non binary,nb,enbie,lgbt,lgbtq,pride,pan,pansexual,fake,disorder,cringe,r/fakedisordercringe,bruno,encanto,did,autism,tourettes dissociation,dissociating,dissociadid,dissociative disorder,dissociative identity,dissociadid drama,dissociative identity disorder,dissociated personailty,dissociadid reupload,girls dissociadid,dissociadid reuploads,dissociadid alters,dissociated personality disorder,dissassociative identity disorder,did,depression,meet the alters dissociadid,identity disorder,did disorder,schizophrenia,science,switching on camera,multiple personality,mutliple personality fake disorder cringe,fakedisordercringereaction,narcolepsy,amnesia,tik tok he likes you,she likes you,signs he likes you,things people say when they like you,signs they like you,signs she likes you,signs of attraction,signs of attachment,signs someone likes you,relationship advice,dating,things someone does when they like you,love advice,dating advice neurology,sweden,highly sensitive person,autism spectrum disorder,adhd in women,autism in women,autistic,genetics,judy singer,mental health,body,jessica mccabe,the aspie world,how  to,autism,exactly,english,behavior,psychology,adult adhd,mental health awareness retro phandom",2022-07-13T20:23:04Z,264,https://www.youtube.com/watch?v=8vHfLWNYLMk
rDTJOguY3-A,Dick Figures - Episode 14 - (Lord Tourette&#39;s Syndrome) &quot;REACTION&quot;,"Original Video: https://www.youtube.com/watch?v=l0nDTacTyNA
MondoMedia: https://www.youtube.com/mondominishows",2022-07-14T22:11:35Z,6,https://www.youtube.com/watch?v=rDTJOguY3-A
NYjHhiY2WuU,paint with tourettes,,2022-07-13T20:29:12Z,1070,https://www.youtube.com/watch?v=NYjHhiY2WuU
-ftARfIJ7GM,I’m faking Tourette’s?!?,,2022-06-17T02:13:27Z,127,https://www.youtube.com/watch?v=-ftARfIJ7GM
0TuisxO9bIY,5 Musicians with Tourettes Syndrome part 2 #shorts #tourettes #awareness #tourettesyndrome,,2022-07-15T22:08:59Z,11,https://www.youtube.com/watch?v=0TuisxO9bIY
UyZfus4xrWk,Exploring London with Jessjessjessu!,"Part 2 of my Comic-Con trip! 🌙
On this day me and @Jessjessjessu spent the day exploring London and finding cool spots for photoshoots :D
ENJOYYY 🌈🌟

My social media 👇🏻
https://linktr.ee/zarabeth

Tourette's syndrome is a neurological condition and disability which causes involuntary movements called tics. I use my platforms on social media such as TikTok, YouTube and Instagram to advocate and raise awareness for the condition and show what it is like living with a disability as a teen in school.
My name is Zara Beth (zeezee25 on tiktok) and I post videos about tics, tic disorders and what its like to be a teen living with Tourette's syndrome, Functional Neurological Disorder (FND) and a seizure disorder (NEAD/NES). 
I show what its like having tics and Tourettes in class and in school and college, vlog, and I also bake, do other challenges and answer all your questions in Q and A videos.
I am also an ambulatory wheelchair user so I show what life looks like using various mobility aids and how needs change from day to day!",2022-05-22T17:03:56Z,4337,https://www.youtube.com/watch?v=UyZfus4xrWk
f8B3ukj7DWA,I&#39;M RELEASING A SONG!🙈🏳️‍🌈 *&quot;She&#39;s Mine&quot; Announcement*,"PRE-SAVE ""She's Mine"" here👇🏻
https://distrokid.com/hyperfollow/zarabeth/shes-mine

I'm SO excited to finally share this with you guys! ✨
I've loved music and have been writing songs since I could literally speak, and it has been a lifetime goal of mine to release my music - and here we are😭💕
the official release date for my first single ""She's Mine"" is July 10th 2022
it will be available to pre-save on Spotify and iTunes until then, and on the 10th at 12pm it will go live in all music streaming services! 🌟

I hope you guys love the song as much as I do, I've worked super hard writing, playing, recording, mixing, producing and promoting this whole project entirely myself so I am proud to be finally putting it out there :)

My social media 👇🏻
Insta - https://www.instagram.com/zara.bethx/
TikTok - https://www.tiktok.com/@zeezee25
My Discord Server - https://discord.gg/arA9fkSM3f
https://linktr.ee/zarabeth

Tourette's syndrome is a neurological condition and disability which causes involuntary movements called tics. I use my platforms on social media such as TikTok, YouTube and Instagram to advocate and raise awareness for the condition and show what it is like living with a disability as a teen in school.
My name is Zara Beth (zeezee25 on tiktok) and I post videos about tics, tic disorders and what its like to be a teen living with Tourette's syndrome, Functional Neurological Disorder (FND) and a seizure disorder (NEAD/NES). 
I show what its like having tics and Tourettes in class and in school and college, vlog, and I also bake, do other challenges and answer all your questions in Q and A videos.
I am also an ambulatory wheelchair user so I show what life looks like using various mobility aids and how needs change from day to day!
I am also a musician! My newest release is my first single (original song) called ""She's Mine"" which is now available on all streaming services - I sing and play piano, guitar, ukulele and I write, produce, mix and master all my own songs and content myself!",2022-06-26T14:00:15Z,1939,https://www.youtube.com/watch?v=f8B3ukj7DWA
O_Gzeaevsi8,PSA: Take ADVANTAGE Of This BEFORE Its Too Late | Destiny 2,"Don't Miss Out On This Glitch.

Yes I have Tourette Syndrome, Yes I sound like I growl sometimes I cant help it so hopefully you can accept that and these videos help you or you enjoy them as much as I enjoy making them.

Leave a like, comment and subscribe if this helped you or you enjoyed the video.

nightfall
gm
gm nightfall
gm nightfall glitch
gamebreaking glitch
insane glitch",2022-07-11T19:49:28Z,3001,https://www.youtube.com/watch?v=O_Gzeaevsi8
7WQzehCcWGo,Variation In Chronic Illness (talking about good health days and finding balance),"A quick mid-hike chat about good health days vs bad health days and how chronic illness varies, especially living with FND (Functional Neurological Disorder) 🎗

Also thank you to my best friend Izzy for going on hikes with me and keeping me safe so that I can do these sorts of things :)
(and also thank you for putting up with my million stops for photo opportunities and to film things like this🤣)
Having amazing people around you that help you get outside and do the things that make you happy, really is the key to living with conditions like TS and FND which can appear to completely consume your life at times.

My social media:
https://linktr.ee/zarabeth

Tourette's syndrome is a neurological condition and disability which causes involuntary movements called tics. I use my platforms on social media such as TikTok, YouTube and Instagram to advocate and raise awareness for the condition and show what it is like living with a disability as a teen in school.
My name is Zara Beth (zeezee25 on tiktok) and I post videos about tics, tic disorders and what its like to be a teen living with Tourette's syndrome, Functional Neurological Disorder (FND) and a seizure disorder (NEAD/NES). 
I show what its like having tics and Tourettes in class and in school and college, vlog, and I also bake, do other challenges and answer all your questions in Q and A videos.
I am also an ambulatory wheelchair user so I show what life looks like using various mobility aids and how needs change from day to day!",2022-05-18T16:00:07Z,1589,https://www.youtube.com/watch?v=7WQzehCcWGo
xVFxeOBMqdk,More Than Meets the Eye,"Angela, 31, has Tourette Syndrome and near-constant high energy tics that often include swearing.",2019-07-04T04:00:02Z,-1,https://www.youtube.com/watch?v=xVFxeOBMqdk
3l_s3ZHZ1VA,She’s Mine (Acoustic) - An Original Song about a Girl 🎶,"here's an acoustic cover of my song ""She's Mine"" ✨🌈

the song is now available to pre-save on Spotify and iTunes!👇🏻
https://distrokid.com/hyperfollow/zarabeth/shes-mine

My social media 👇🏻
Insta - https://www.instagram.com/zara.bethx/
TikTok - https://www.tiktok.com/@zeezee25
My Discord Server - https://discord.gg/arA9fkSM3f
https://linktr.ee/zarabeth

Tourette's syndrome is a neurological condition and disability which causes involuntary movements called tics. I use my platforms on social media such as TikTok, YouTube and Instagram to advocate and raise awareness for the condition and show what it is like living with a disability as a teen in school.
My name is Zara Beth (zeezee25 on tiktok) and I post videos about tics, tic disorders and what its like to be a teen living with Tourette's syndrome, Functional Neurological Disorder (FND) and a seizure disorder (NEAD/NES). 
I show what its like having tics and Tourettes in class and in school and college, vlog, and I also bake, do other challenges and answer all your questions in Q and A videos.
I am also an ambulatory wheelchair user so I show what life looks like using various mobility aids and how needs change from day to day!
I am also a musician! My newest release is my first single (original song) called ""She's Mine"" which is now available on all streaming services - I sing and play piano, guitar, ukulele and I write, produce, mix and master all my own songs and content myself!",2022-07-06T16:00:05Z,1389,https://www.youtube.com/watch?v=3l_s3ZHZ1VA
dIr5VPLT78o,Tourette&#39;s &amp; Punching Tics || Phoebe&#39;s Mixed up Mind,"good day, lovely people! ♡

In today's video, I'll be explaining a little bit about punching tics and what exactly it is, and how it affects us.

I'd like to use this channel to educate and spread awareness on Tourette's Syndrome.

Thanks for watching! ♡

Instagram: phoebe.in.recovery
TikTok: simplyticcing

Other socials can be found in the channel description.",2022-07-13T14:00:30Z,68,https://www.youtube.com/watch?v=dIr5VPLT78o
6wWESywxUPo,TOURETTE e riduzione dei tic,"Io affetto da Sindrome di Tourette finalmente sto iniziando a vivere grazie alla terapia con cannabis terapeutica che mi ha ridotto la sintomatologia ticcosa addirittura fino al 90%, un ottimo risultato che ne io e ne il medico stesso sperava di ottenere.
-------------------------------------------------------------------------
#temporaleintesta #sindromeditourette

Visita i miei spazi web:
Blog: https://blogtemporaleintesta.blogspot.com
Canale YouTube: https://www.youtube.com/TemporaleinTestaVivereconlaTourette",2022-07-10T21:36:25Z,81,https://www.youtube.com/watch?v=6wWESywxUPo
mQNzhXEsmqs,From An Abnormal Kid To The Greatest Teacher | Movie Recap,"From An Abnormal Kid To The Greatest Teacher | Movie Recap: Front Of The Class
#movie #movierecap #recap 
Movie's name: Front Of The Class
About: Brad Cohen who, despite being challenged by Tourette's Syndrome at a very young age, defies all odds to become a gifted teacher.
IMDb: 8.0/10
Tag:
netflix recap, movie recap, movie, recap, movie recaps, movie recapped, mystery recap, mystery recapped, fast film, fast movie, recapped",2022-07-14T18:58:20Z,14,https://www.youtube.com/watch?v=mQNzhXEsmqs
G_F2AEUauLc,Art Class with Paralysed Hands?!,"This is some footage I filmed during an FND episode last autumn where both of my hands were locked in a claw position.
These episodes can last anywhere from 30 minutes to 2 weeks for me personally, meaning its incredibly disruptive to daily life and also really unpredictable :/
I hope this gives some insight into living with Functional Neurological Disorder 🎗

Information on FND:
https://fndhope.org/fnd-guide/

My social media:
https://linktr.ee/zarabeth

Tourette's syndrome is a neurological condition and disability which causes involuntary movements called tics. I use my platforms on social media such as TikTok, YouTube and Instagram to advocate and raise awareness for the condition and show what it is like living with a disability as a teen in school.
My name is Zara Beth (zeezee25 on tiktok) and I post videos about tics, tic disorders and what its like to be a teen living with Tourette's syndrome, Functional Neurological Disorder (FND) and a seizure disorder (NEAD/NES). 
I show what its like having tics and Tourettes in class and in school and college, vlog, and I also bake, do other challenges and answer all your questions in Q and A videos.
I am also an ambulatory wheelchair user so I show what life looks like using various mobility aids and how needs change from day to day!",2022-04-27T16:00:10Z,4085,https://www.youtube.com/watch?v=G_F2AEUauLc
cJeeAdYem4k,Finding out our protagonist&#39;s name! (Bendy And The Ink Machine Chapter 3!),"Hey everyone, it's WafflzAndSyrup here and this will be Bendy And The Ink Machine Chapter 3! Annoyingly my save file died again so I had to speedrun to chapter 3 for about 20 minutes. Also I mentioned about my tourettes syndrome and if any of you guys wanted to google it here is how to spell it: Tourette's syndrome. This episode was insane and we uncovered so much lore, as well as finding new characters within the studio. But on that exiting note I will wrap this description up here. Thanks for watching guys!",2022-07-15T17:35:20Z,0,https://www.youtube.com/watch?v=cJeeAdYem4k
MIuF-WhD77I,Main Street Echo // Crusher,"Crush or be crushed.  

This track on Spotify: https://open.spotify.com/track/37OoH4M58AN1HkghoOGtum
https://www.instagram.com/mainstreetecho/
https://www.facebook.com/mainstreetecho/

CREDITS 
Vocals, Piano: Jonny Parolin
Bass: Caley Campbell
Guitar:  Andrew Sowka
Drums: Vince Aquilina
Cello: Jordan Wyshniowsky

Cinematography: Campbell Leavitt
1st Assistant Camera: Matt Devine
Producer, Engineer: Ben Leggett
Written by: Jonny Parolin

Speaking just like your kind could only
Lazy jaw numb with abbreviation
Rising from a smoldering fire
You were born from a boy burned to ashes

Does it bother you to know 
That not so long ago
How you feared
You feared the waters deep
Does it bother you to know 
That not so long ago
How you cried
You cried for your mothers teat

Now you're brandishing a high powered ego
Yet revealing a hollowed out self esteem
You try to be as tall as the traits you inherit 
But your mind is small like a tourette syndrome parrot 
So you swagger down the street like every half-wit you meet
And you're proud to be called a savage

What were you like 
Before you burned alive
Before your heart filled with spite
Before you died

Does it bother you to know 
That not so long ago
How you feared
You feared the waters deep
Does it bother you to know 
That not so long ago
How you cried
You cried for your mothers teat

#canada",2022-07-06T15:45:01Z,28494,https://www.youtube.com/watch?v=MIuF-WhD77I
8wEJkrCbE9M,My Tourette&#39;s Being a Pain in the A** || Tic Attack,,2022-07-12T17:23:37Z,2719,https://www.youtube.com/watch?v=8wEJkrCbE9M
-3FUZcbH1yo,The music man has plans for us! (Bendy And The Ink Machine chapter 2!),"Hey everyone, it's WafflzAndSyrup here and today I am playing Bendy And The Ink Machine chapter 2. This episode was really neat, the way we were introduced to the new antagonists and the first chase from Bendy (At least I think they are bendy). Spoiler: I recorded chapter 3 right after chapter 2 and that episode will be incredible, albeit annoying as you can't hear what I am saying during the loud bits. Also I did mention to google what Tourette's syndrome was at the start so here is how to spell it: Tourette's syndrome. That's gonna be it for this description so have a great day guys!",2022-07-15T16:20:45Z,1,https://www.youtube.com/watch?v=-3FUZcbH1yo
pHoCvL02pCc,Musicians with Tourettes 🙂 #shorts #tourettes #awareness #music #tourettesyndrome,,2022-07-15T15:42:24Z,375,https://www.youtube.com/watch?v=pHoCvL02pCc
urlutLO65xI,Realm Of The Mad God (Tamriel Rebuilt Questing) | Morrowind Modded Magic Only - Part 5,"I have Tourette's Syndrome! I make noises and motions I cannot control, if you're easily annoyed this channel likely isn't for you, but if you can power through them feel free to stick around and enjoy!

(Streamed 7/10/2022) Live every day at 6PM CST/11PM GMT!
 -- Watch live at https://www.twitch.tv/fenguard",2022-07-12T23:30:10Z,11,https://www.youtube.com/watch?v=urlutLO65xI
z_PDNDDPRic,I Am A Glass Nerf Gun. (Tamriel Rebuilt Questing) | Morrowind Modded Magic Only - Part 6,"I have Tourette's Syndrome! I make noises and motions I cannot control, if you're easily annoyed this channel likely isn't for you, but if you can power through them feel free to stick around and enjoy!

(Streamed 7/11/2022) Live every day at 6PM CST/11PM GMT!
 -- Watch live at https://www.twitch.tv/fenguard",2022-07-13T23:30:06Z,8,https://www.youtube.com/watch?v=z_PDNDDPRic
H65pihoJTrk,Front of the Class,"A Hallmark Hall of Fame original movie. Based on the true story of Brad Cohen (Jimmy Wolk), a young man diagnosed with Tourette Syndrome who defies the odds to become a teacher. When Brad was growing up, teachers and other adults even his father (Treat Williams) interpreted Brad's involuntary sounds and sudden jerking movements as attempts to get attention or simply acting up. He was ridiculed and teased by other kids. As a result, he hated school until a principal learned his ""acting up"" was a result of Tourette's. The principal used an all-school assembly to educate the faculty and students, which helped Brad win their understanding and acceptance. That convinced Brad that he should be ""the teacher he never had."" Brad had interviews with 24 schools in the Atlanta area that had teacher vacancies, but no one was willing to take a chance on him, despite an impressive college record and glowing recommendations. But he would not give up. On his 25th interview, he was offered a job as a 2nd grade teacher. Brad's openness about Tourette's, his easy-going manner and gentle humor quickly won over his young students. In addition to the traditional curriculum, the students learned valuable lessons in tolerance and acceptance of differences. At the end of the year, Brad was named the outstanding first year teacher for the state of Georgia.",2019-06-11T04:00:15Z,-1,https://www.youtube.com/watch?v=H65pihoJTrk
Bo94qiyTOJM,cringe love story roast video #short,"tiktok cringe
tiktok
cringe
funny
tiktok cringe compilation
tik tok cringe compilation
tiktok cringe comp
cringy tiktoks
#tiktok
memes
new cringe compilation
pewdiepie tiktok
try not to cringe
cringe compilation
reddit
awkward cringe
cringe tiktoks
tiktok memes
cringe videos
tiktok compilation
you cringe you lose
best cringe compilation
cringeworthy
reddit cringe
challenge
reddit compilation
cringe compilation 2020
cringe tiktok compilation
compilation
tiktok cringe boys
tiktok cringe 2021
tiktok cringe acting
tiktok cringe badass
cringe comp
tiktok cringe bad boy
cringe tiktok videos
tiktok compilation cringe
cringe animation memes
cringe moments
cringe 2020
tok
tik tok cringe
german tiktok cringe
cringe tik tok
tiktok cringe deutsch
tik tok
ironic tik tok
cringe tiktok
awkward 2020
tiktokcringe
meme
try not to laugh
funny memes
cringefest
reaction
#tiktokcringe
sssniperwolf
comedy
funny video
cringey
shorts
funny moments
react
memes compilation
you laugh you lose
fake disorder cringe
disorder cringe
disorder
did
shitpostatus
mental health
dissociative identity disorder
tourette
tiktok fake story
tiktok ocd
adhd tiktok funny
adhd
ocd tiktok
tiktok compilation dance
tiktok compilation funny
fakedisordercringe
faking bipolar
faking insanity
fake bipolar
ocd
fake ocd
tourette syndrome
fake tourettes tiktoks
tourettes tiktok
faking tourettes
meme compilation
stream
roblox tiktok
roblox roleplay
roblox funny moments
roblox
politics
tiktok meme
ironic
tik tok meme comp
funny tik toksvideos
v20
v26
v22
tik tok compilation
tik tok musically
funny tik tok videos
funny musically videos
funny musically fails
funny tik tok fails
tiktok meme compilaton
tik tok meme compilation
funny tik tok duets
tik tok funny videos
ironic tik tok videos
ironic tik tok twitter
mr meme
tik tok challenge
ironic tik tok compilation
comp
awkward
ultimate cringe compilation
awkward moments
best cringe
awkward compilation
awkward moment
cringe compilation 2022
2022
top clips
cringe videos 2022
awkward compilation 2022
entertainment daily
new
black conservative perspective
black consersative
news
woke navy
woke military
woke military ad
navy pronoun
navy pronoun video
navy
navy training video
navy training
navy training video on pronouns
roat
#roas4
#roast
#cute girl prank
#cringe video
#roasting
#carry
#overmindboy
#mems
#tik tok vs youtube
nikocado
nikocado avocado
nik and orlin
nikocado orlin
mukbang
nikocado orlin fight
nikocado edit
#nikocado
#nikandorlin
#mukbang
#eating
#shorts#reaction#cringe#video#trending
@thebrownsiblings
best roast
video
laugh
very funniest roast
mythex
trending
memetok
#shorts
funnyvideos
funny videos
humor
#reaction
cringetok
#funnzee
#react
tiktokcompilation
#cringe
tiktoks
majincarp
carp
majin
cringiest
#youtubeshorts
wools
king
old
scares
scare
jump
horror
game
scary
truth
of
moment
catfish
feud
family
clip
twitch
#ytshorts
screaming
scream
yelling
yell
raging
rage
ramsay
gordon
reactions
woolley
carter
clips
highlights
#funnyroast
moments
woolz
kingwoolz
sjws
daily wire
woke tiktoks
ben shapiro
sjw
woke
best memes compilation
best memes
hilarious memes
vine compilation
funny memes compilation
funny tiktoks
#funnyreaction
funny clips
laugh you lose challenge
laugh you lose memes
meme planet
memes clean
memes try not to laugh
memes video
memes random
meme review
#cringeshorts
zedcast
zeducation
tyler zed
kids life matters
infinite
azzyland
beast reacts
satisfying
asmr
oddly satisfying
school kids
cringe fam
try not to cringe challenge
r/cringetopia
subreddit
kids
student
cringetopia
cringe awards
awards
funny roast
school life
satire
cinnamontoastken
haha
cringiest roblox
roblox videos
cringe roblox
roblox oder cringe
roblox oder
roblox od
roblox cringe
luca
the squad inquisitormaster
the squad youtube
princess alex
alex roblox
inquisitormaster
jax
charli
sora
levi
light
jade
alex
the squad
roblox story
can you keep a secret
no cursing
no swearing
family friendly roblox
alex einstein
roblox inquisitor master
inquisitor master roblox
parashock reacts
para reacts
youtube short
yes milk
japanese commercial yes milk
japanese commercials
if i cringe
the outro plays
the video stops
the video ends
the if i guy
the video ends guy
if i guy
ppshockx
ppshock
if i series
shock
para
parashock
parashockx
wondershare democreator
offensive memes ylyl v50
offensive
cursed
memes in low resolution v16 (offensive)
reddit memes
memes in low resolution v13
offensive memes 2021
dank memes
funny youtube short",2022-07-14T00:43:31Z,942,https://www.youtube.com/watch?v=Bo94qiyTOJM
YQtelepJpe4,Ja Morant &amp; Draymond Green Enter the Warriors-Grizzlies beef,"RELATED CONTENT
➡️ LeBron James joins Billionaire Club: https://youtu.be/bfWBQW_HBmI
➡️ NBA World Reacts to Jeanie Buss: https://youtu.be/6bsfHEDkhc0
➡️ NBA Players React to KD -- https://youtu.be/ET46Ts7B5MM
➡️ James Harden takes Pay-cut: https://youtu.be/KtB74gZLhJo

SUPPORT THE CHANNEL
➡️ Subscribe to NBA Network: https://tinyurl.com/NBANetworkSUB
➡️ ‘Now Ballin’ Always Network’ - NBA Network. A fan-based network.
➡️ Subscribe for Basketball (especially NBA) related updates, NBA Moments, NBA memes, and news.

Trends: nba network, nba, basketball network, nba moments, nba reaction, inside the nba, shaq, charles barkley, ernie johnson, lebron, golden state warriors, lakers, nba on tnt

CREDITS
➡️ Music: https://www.youtube.com/channel/UCroT3lzmdQUabW1WAiyWsFQ

NBA Beef

---------------------------------------------------------------------------------------------------------------------------
---------------------------------------------------------------------------------------------------------------------------

➡️ Think Big:

Venturing into business appears to be the retirement plan of many NBA star since time immemorial. It’s always the case with professional athletes after retiring, to start up their own businesses and emerge as entrepreneurs.

Athlete turned entrepreneur is common among NBA stars. After all, they retire at a relatively young age, so they must find something else to spend all their money and time on. While some see it as a mere coincidence, many feel NBA players that venture into business after retirement had the drive to succeed in life and therefore ventured into the wonderful world of business.

NBA players' life insurance is not only the salary they earn -- but they need to get insurance beyond that. They need to increase wealth and to get that insurance -- that's where businesses, real estate, e-commerce, finance, Venture capital, technology, software, and startups come to play.

➡️  Metadata:
""#10 on Trending"",
NBA Trending
A Must Watch for every NBA Fan !!",2022-06-19T11:11:29Z,478377,https://www.youtube.com/watch?v=YQtelepJpe4
6Xeav5jZHKY,My Singing Monsters Lets Play Ep. 3 (Read Description),"I have a disease called “Tourette’s syndrome”. Some people are born with this disease, and I was one of those people to have this disease. It’s not contagious, don’t worry.

Tourette’s syndrome is when someone does actions that they cannot help or control.
See Life Noggin’s video on Tourette’s syndrome for more information: https://youtu.be/TSiVameZBn4",2019-08-02T18:22:02Z,18,https://www.youtube.com/watch?v=6Xeav5jZHKY
gtcpWH9ArI8,Blake smoke matters. Tree huggers BEWARE. Science says that trees turn this to oxygen and LOVE IT.❤💜,"After getting my ECM turn for better fuel mileage and power it has worked. I also have just a little(LOL)  smoke when i get on the gas too hard and this is what it looks like.

Fan Mail:
PO Box 1580
Dallas, GA 30132


Get great Tourette's Trucker merchandise. Visit the store at https://the-tourettes-trucker.creator-spring.com/listing/get-the-tourette-s-trucker

********** Please don't forget to HIT the LIKE, SHARE and SUBSCRIBE button **********

If you would like to help me grow the channel PLEASE donate today at https://www.paypal.com/paypalme/thetourettestrucker

https://www.facebook.com/TheTourettes...
https://www.instagram.com/the_tourett...
https://www.tiktok.com/@thetourettestrucker

I now am trying out green screen effects in my videos. I have the simple starter kit below and seems to work well.
https://amzn.to/3hw2TGM

The drone I use for footage is the Mavic 2 pro. It's a great drone. I have the smart touchscreen controller and it works very well.
https://amzn.to/3hdqYTJ

The cameras I use are the Gopro hero 7 & 8 Blacks on the inside of my truck. They are nice and voice activated.
Gopro 7 Black- https://amzn.to/3jEIDoP
Gopro 7 sivler- https://amzn.to/2SKliqK
Gopro 8 - https://amzn.to/36geGDP

I also use a Cannon EOS R with a Rode pro Mic.
https://amzn.to/3dJ0uXV
https://amzn.to/3jH9fWd

I have the Ulanzi GoPro case with the microphone adapter set up
https://amzn.to/3jGUrHf
https://amzn.to/3jDOyux

I also use the Movo VXR10 Microphone and it makes a big difference in the audio quality of the videos.
https://amzn.to/3wgsWXC

The dashcam I HIGHLY recommend for recording whats going on in front of you is the Thinkware F800 model. 
https://amzn.to/3xnx9KI

The Garmin OTR 1000 GPS-- https://amzn.to/2TZ9mlR

I hope you like the channel and content. If you have any question please feel free to leave a comment in the section below. 

********** Please don't forget to HIT the LIKE, SHARE and SUBSCRIBE button **********",2022-07-12T20:00:09Z,294,https://www.youtube.com/watch?v=gtcpWH9ArI8
egoL86vACV4,My Singing Monsters Lets Play Ep. 1 (Read description),"I have a disease called “Tourette’s syndrome”. Some people are born with this disease, and I was one of those people to have this disease. It’s not contagious, don’t worry.

Tourette’s syndrome is when someone does actions that they cannot help or control.
See Life Noggin’s video on Tourette’s syndrome for more information: https://youtu.be/TSiVameZBn4",2019-08-01T21:06:24Z,11,https://www.youtube.com/watch?v=egoL86vACV4
5zzTXp3b2EA,WIN Television Tasmania TV Commercials (4.9.2008) Volume 2,"WIN Television Tasmania TV Commercials (4.9.2009) Volume 2
Mitsubishi Motors
Netspace
Tourette Syndrome",2022-07-13T09:55:46Z,0,https://www.youtube.com/watch?v=5zzTXp3b2EA
DagNa9IZF-o,Are You Billie Eilish Real Fan? Do You Know These 13 Facts?,"An incredibly talented singer, who breaks all possible and impossible music records, Billie Eilish is really one of a kind. Of course, a lot of information is already known about her. However, we have gathered the most bizarre facts about her life, we are sure you have never heard of!

1. Her middle name is Pirate.
2. She is recognized by millions of people worldwide due to her iconic green locks or some other bright colors. Nonetheless, she is naturally blonde.
3. The artist began singing professionally at the age of 8 when she became a member of the LA Children’s Choir. There, she developed her voice and three years later started writing her own lyrics.
4. She was born in a family full of talents. For instance, her mother Maggie is not new to the Hollywood stardom, as she is a film performer. She featured in such television projects as, for instance, Bones, Birds of Prey and others. In addition to that, she is also a voice-actress. Meanwhile, the celebrity’s father, Patrick is also an actor, who starred in Supergirl, Iron Man, etc. Billie’s brother, Fiineas, helps her write and produce music.
5. She has Tourette syndrome, which is involuntary movements and vocalizations that look like tics. She also has synesthesia, which is a condition when sensory perceptions are associated with numbers, names, colors, etc.
6. In 2021, the singer presented her official documentary called Billie Eilish: The World’s a Little Blurry.
7. Her favorite movie is Fruitvale Station and her all- time favorite show is The Office.
8. She is very open about her influences that include Avril Lavigne, The Beatles, Lana Del Rey and Green Day.
9. She is a huge fan of Justin Bieber. During one of the interviews, the singer shared that she fell in love with him at the age of 12 and in her head, he also loved her.
10. She is afraid of the darkness, ocean, garage and bed at night when the lights go out, as she thinks that there is a monster, who would grab her.
11. She leads a healthy lifestyle – she never took drugs, doesn’t drink alcohol and is vegetarian. 
12. She is a very proud feminist, focusing on the idea that women have a right to do, say, feel and be exactly what they want and men shouldn’t make women’s choices.
13. She is addicted to social media and often talks to her fans on Instagram. According to the celebrity, it is a love-hate relationship, as social media is very dangerous and can even ruin something or someone.
Now be honest, how many facts about Billie you didn’t know? Write in comments the number, will see who is the real fan.",2022-07-12T15:00:06Z,65,https://www.youtube.com/watch?v=DagNa9IZF-o
M1251bVYNJ8,Hidden disabilities | The Project NZ,"Living with Tourettes can be tough, but it's only made tougher by the fact that it's not classed as a disability here in New Zealand.

About 1 in 100 people in Aotearoa live with Tourettes - so is it time we recognised that? ➡️ SUBSCRIBE: https://bit.ly/NewshubYouTube

You're joining us on the official YouTube channel for Discovery NZ's Newshub. Here you will find livestreams and news videos from our award-winning team of journalists working across our bulletins and shows - The Project NZ, AM, Newshub Nation, and The Hui.

* Sign up for the Newshub Now newsletter: http://bit.ly/NewshubNow
* Follow Newshub on Facebook: http://bit.ly/NewshubFacebook
* Follow Newshub on Twitter: http://bit.ly/NewshubTwitter
* Follow Newshub on Instagram: http://bit.ly/NewshubInstagram
* Follow Newshub on TikTok: http://bit.ly/NewshubTikTok

For all footage l​icensing enquiries please visit: https://www.discoverycorporate.co.nz/home/contact-us/commercial-footage-request.html",2022-07-13T07:17:35Z,526,https://www.youtube.com/watch?v=M1251bVYNJ8
OOv04untflM,Tourettes,"Provided to YouTube by CDBaby

Tourettes · Marianne Toilet and the Runs

Tourettes

℗ 2021 Marianne Toilet and the Runs

Released on: 2021-01-10

Auto-generated by YouTube.",2021-01-16T17:46:20Z,39,https://www.youtube.com/watch?v=OOv04untflM
ZNuutf8KJhc,The Matter With Things Part 2 with Iain McGilchrist,"In Part I of “The Matter With Things: Our Brains, Our Delusions, and the Unmaking of the World” Iain McGilchrist addresses the means to truth, in the sense of the faculties with which we are endowed for this task. 

He takes these to be: 
attention, 
perception, 
judgment, 
apprehension, 
emotional and social intelligence, 
cognitive intelligence 
and creativity. 
In each case, he looks at what either hemisphere contributes to the process.

We don’t stand a hope of diving into each but I felt we should share some of your writing on attention and Perception before we focus today on some of the more philosophical chapters such as intuition.

We touched on it on the last day, but for those who know your work! 
We will know how we attend to the work is of utmost importance to what and how we experience the world?

“Attention changes the world. How you attend to it changes what it is you find there. What you find then governs the kind of attention you will think it appropriate to pay in the future. And so it is that the world you recognise (which will not be exactly the same as my world) is ‘firmed up’ – and brought into being.

This raises a core question then,

What is attention?

Find Iain here:
https://channelmcgilchrist.com",2022-07-14T18:07:51Z,238,https://www.youtube.com/watch?v=ZNuutf8KJhc
9llbJaNAkf0,TTM #299 8 Returns! NFL HOF&#39;er RC! Vintage Autographed Rookie Cards!,"In this TTM (Through The Mail) autograph video, we look at successes from seven former sports heroes and one long-time NFL Referee, including returns from:

a Pro Bowl Safety with 29 career interceptions, a 2x Super Bowl Champion with 64.5 unofficial lifetime sacks, a slugger with 414 lifetime Home Runs, a Hall of Fame Offensive Guard and member of the 1970's All-Decade Team, a solid hitter who won a World Series ring in 1997, a member of the Cleveland Browns Legends team, a 31-year veteran of the NFL Officiating Crew, and a 2x Gold Glove-winning Shortstop.

Fred Marion -- 57 days, with no fee. 

Vern Den Herder -- 13 days, no fee.  

Darrell Evans -- 64 days, no fee.

HOF Larry Little -- 12 days, first card is free, $5/card thereafter.

Jim Eisenreich -- 61 days, donation for Eisenreich Foundation.

Clarence Scott -- 35 days, no fee (1-card limit?).

Jim Tunney -- 17 days, no fee.

Gene Alley -- 21 days, no fee.

E-mail me at myerhead@yahoo.com and I will be happy to share any information I may have, including player addresses and fee information and any TTM tricks/tips I might be able to provide.

Thanks for watching!

Be sure to hit the Thumbs Up button and Subscribe!",2022-07-14T18:30:09Z,178,https://www.youtube.com/watch?v=9llbJaNAkf0
3IYyw9jeQhM,Jamie Grace: Finding Peace Amidst Anxiety and Depression | Better Together TV,"This week on Better Together, Jamie Grace discusses peace for an anxious heart. Join the conversation as Laurie Crouch, Alex Seeley, Natalie Grant, and Mandisa join Jamie Grace to discuss how to recognize warning signs and find supernatural peace and freedom when facing depression, anxiety, and panic attacks.

This video was brought to you by TBN Networks®.

Watch full episodes of Better Together weekdays at 1:30 pm ET on TBN or anytime on the Better Together website: https://bit.ly/3aEUtND

SUBSCRIBE:
https://www.youtube.com/c/BetterTogetherTV?sub_confirmation=1  

Better Together is TBN’s first daily original program made by women for women! We discuss faith, family, friends and so much more—no topic is off limits. Find out what happens when real friends get together for real conversations!

Shop our merch! https://bit.ly/36cqGpg

#bettertogether #jamiegrace #mentalhealth #support #supportsystem 

0:00 Intro
0:34 Support Systems 
2:01 Receiving Help
3:34 Believing Truth
5:47 Choosing Truth 
6:27 God's Grace",2022-07-13T15:43:09Z,11170,https://www.youtube.com/watch?v=3IYyw9jeQhM
hGOxXriZNIs,HARASSMENT HEARING NEXT WEEK?! | Going to Court | DissociaDID | Dissociative Identity Disorder,"FUNDRAISER: https://www.crowdjustice.com/case/DissociaDID

ALL OUR LINKS: https://linktr.ee/DissociaDID

THE DISSOCIADID PROJECT LINKS: 
https://www.facebook.com/DissociaDID/
https://www.instagram.com/DissociaDID
https://www.YouTube.com/DissociaDID
https://www.DissociaDID.com 

GAMING LIVESTREAMS
Live: https://www.twitch.tv/thesystemstream
Past Streams: https://www.youtube.com/channel/UCQzYo8jf6W-0vF0BrHDYtZQ
Stream Schedule: https://www.instagram.com/thesystemstream/

SUPPORT OUR SYSTEM:
https://www.ko-fi.com/DissociaDID 
https://www.patreon.com/Kyaandco 
(Our Patreon is for our art)

OTHER PLACES OUR SYSTEM IS ACTIVE (these accounts are not used as part of the DissociaDID project and do not represent DissociaDID. They are not designed for education, they are for personal use by the System, but you are welcome to hang out with us if you’d like to.)
https://www.tiktok.com/@kyaandco
https://www.patreon.com/Kyaandco

MERCH & ART:
https://www.teespring.com/stores/DissociaDID
https://www.patreon.com/Kyaandco

Channel and Videos Disclaimer (written 29/12/2021 by Chloe Wilkinson): 
We are not Mental Health Professionals. These videos were made from what we believed to be accurate at the time of their creation, from sources made accessible to us and our own personal experiences. New or updated information may have become available since these videos were made that we may not be aware of, or were not aware of at the time of making the content. We try our best to keep up to date with accurate information, but we are not researchers, psychologists or scientists, just mentally ill people trying to spread awareness and validation as best we can. Please do not use our videos as your only source of information or as a replacement for professional help.

THIS VIDEO WAS CREATED SOLELY BY DISSOCIADID WITH NO OUTSIDE INPUT. WE ARE THE SOLE CREATORS AND THE SOLE COPYRIGHT HOLDER OF THIS VIDEO. 

Intro/Outro music from Non Copyright Sounds
Krys Talk & Cole Sipe – Way Back Home (NCS Release)
https://www.youtube.com/watch?v=qrmc7KVIoKQ

#DissociaDID #dissociativeidentitydisorder #mentalhealth",2022-07-08T17:00:24Z,80015,https://www.youtube.com/watch?v=hGOxXriZNIs
rMmKK2Mn_ww,How is that a laugh💀💀 #shorts,,2022-07-11T16:43:34Z,53,https://www.youtube.com/watch?v=rMmKK2Mn_ww
nwIkFgso77I,LIANGELO 12PTS IN 12 MINUTES (WON’T BACK DOWN) VS CLEVELAND CAVALIERS,"LiAngelo reminds the world what his last name is.
https://www.shopballfacts.com to get all your official merch
Instagram: https://www.instagram.com/ball.facts/
If you like this channel, our content and you want to support more content coming out, you can donate here: $BallFacts (on cash app)

This channel operates under Fair Use due to our solely commentary nature. We dispute copyright claims and pursue takedown attempts.",2022-07-14T03:09:02Z,39616,https://www.youtube.com/watch?v=nwIkFgso77I
a1BvOus93u8,If you think i was born yesterday 😂😂#jvr #tiktok #tiktokvideo #maroc #follow #followforfollowback,,2022-07-13T09:50:36Z,1009,https://www.youtube.com/watch?v=a1BvOus93u8
TUWxOZ80ec8,PROSES MEMBUAT CINCIN BESI UNTUK BANGUNAN BATA,"Proses pembuatan cincin besi untuk bangunan 

★★Subscribe★★
————————————————
★★Do i make videos? ★★
Kira-kira saya bikin video apalagi?
————————————————
You can support me with subscribe
————————————————
Thanks for watching and don't forget to always respect
Terimakasih untuk yang sudah menonton, jangan lupa respek ya.

Tourette syndrome
Sindrome tourette indonesia
Pembuatan cincin besi bangunan
Proses membuat cincin besi untuk bangunan bata
Tourette syndrome Indonesia",2022-07-12T11:30:08Z,16,https://www.youtube.com/watch?v=TUWxOZ80ec8
xMVGFqaXxMo,"This is Jimmy whom Continues to break “HIS OWN 500feet stay away and now and a pfa, against him￼","Now remember “JIMMY WANTED ALL OF THIS” now he has it, and, IS NOT ALLWED NEAR ME MOM OR DAD, we all were forced to have to get pfa,   He breaks that game over, once  Again this is what he wants to do he started all of this, And this is how you treat the police officers it’s not my fault that I had four cops in front of me because they know that I’m not a bad person not that I needed to be protected￼, I can HANDEL MYSELF, had to grow “GATOR SKIN” as I was told at “CORA”!!!! Now, I TRY NOT TO USE MY Neurological problems, when I got my first buck!!, had BUCK FEVER, lined er up and took the shot with my bow!! One of my biggest achievements in life as possible￼!!!💪💪🙏🏻🙏🏻🙏🏻😇😇😇❤️❤️❤️ I cannot thank to GOd enough Because If it wasn’t for the good lord, BLESSED ME WITH THAT BEAUTIFUL KILL🙏🏻🙏🏻💪❤️❤️ Moms and dad are as shocked, I didn’t even have my back pack pulled up, I heard walking and seen antlers, we do NOT WASTE ANYTHING FROM SOUP TO NUTS,  But i will see all you guys at the “Tourette’s Syndrome Foundation Of Pennsylvania “ As long as I can bring it but NO bolts, no “COCking ROpe!!!  There IS NO SUCH THING AS BEING “TOO SAFE” always NUMBER 1 RULE🚨🚨 SAFTY first🚨🚨",2022-07-14T18:52:27Z,1,https://www.youtube.com/watch?v=xMVGFqaXxMo
ekgBl6IApVo,The girl who faked abuse for clout...,".⋆｡⋆☂️˚｡⋆｡˚☽˚｡⋆. Info .⋆｡⋆☂️˚｡⋆｡˚☽˚｡⋆.
In support of mental health awareness, I thought I might mention fake disorder cringe on TikTok, and today I'm gonna be talking about a TikToker who fakes dissociative identity disorder (DID). Similar to people faking Tourette syndrome, this disorder blew up on TikTok resulting in clout chasers, and I'm going to be putting an end to that today. 

.⋆｡⋆☂️˚｡⋆｡˚☽˚｡⋆.Credits.⋆｡⋆☂️˚｡⋆｡˚☽˚｡⋆.
~ Editor: https://www.youtube.com/c/Laztime
~ Thumbnail maker: https://www.youtube.com/c/Laztime

.⋆｡⋆☂️˚｡⋆｡˚☽˚｡⋆.Sources.⋆｡⋆☂️˚｡⋆｡˚☽˚｡⋆.
~ Subreddit: https://www.reddit.com/r/thespritecompany/
~ TikTok: https://www.tiktok.com/@thespritecompany
~ Extra Info: https://www.reddit.com/r/fakedisordercringe/
~ Music: https://www.youtube.com/watch?v=lZ8kwWnmsz4

.⋆｡⋆☂️˚｡⋆｡˚☽˚｡⋆.Socials.⋆｡⋆☂️˚｡⋆｡˚☽˚｡⋆.
~ Discord Server: (Closed)
~ Twitter: https://twitter.com/loistypoo
~ Subscribe: https://www.youtube.com/c/Loisty/

.⋆｡⋆☂️˚｡⋆｡˚☽˚｡⋆.Closing.⋆｡⋆☂️˚｡⋆｡˚☽˚｡⋆.
Thx for watching! If you enjoyed drop a sub and check out my editor Laztime (੭ˊᵕˋ)੭",2022-07-16T03:17:50Z,34,https://www.youtube.com/watch?v=ekgBl6IApVo
1DACTryu7z4,old video I go to school,,2022-07-10T14:04:13Z,1512,https://www.youtube.com/watch?v=1DACTryu7z4
BhADT6owUBA,Quick trip to shop with autism and Tourette’s 😂🤗😎,Went to the supermarket as was too hot for dinner so had some snacks and Rory is just being Rory 🤗🤗,2022-07-13T20:58:19Z,836,https://www.youtube.com/watch?v=BhADT6owUBA
u3yoUgJzv9I,Was Allah the Best Communicator or not?  By Dr. David Wood!,"Do you want to Support my Ministry?
Donate: https://paypal.me/AEniyew?country.x=US&locale.x=en_US


Bible Study and Dismantling Islam 
Was Allah the Best Communicator or not?  By Dr. David Wood!



NOTE! I will continue banning Muslims and non-Muslims who abuse the YouTube community Guidelines and post nasty comments, video links, pornographic content, and those Muslims who post the same comments again and again. Watch out or otherwise, you will not be able to participate anymore. 


Islam was the most famous religion on the face of the earth until Christian Prince came and dismantle its lies and deceptions. Thousands of Muslims are becoming aware that the Prophet Muhammad was a master deceiver. They are coming out of Islam into the kingdom of Jesus Christ. Please like, share, and subscribe to this channel and help us reach even more Muslims so that they know the truth and come to the kingdom of God.
Support Christian Prince 
https://www.patreon.com/ChristianPrince
Find Him in Minds:  https://www.minds.com/ChristianPrince/#christianprince 
#abdulqadirchristianprince #christianprincedebates #thearabianprophet #islamdestroyed #cpdestroysislamChristian Prince’s Books:
✅ https://amzn.to/31JNQlh
✅ https://amzn.to/3wrpf2K
✅ https://amzn.to/3fGrclS
✅ https://amzn.to/2QYFqEk
 
Support Christian Prince’s Ministry: 
✅ https://www.patreon.com/ChristianPrince

You can contact CP in Live Chat using his PalTalk ID:
Christian_Prince@PalTalk or DebateTV@Skype

1) Christian Prince YouTube: 
→https://www.youtube.com/channel/UC7wf...
2) The Arabian Prophet YouTube:
→https://www.youtube.com/channel/UCOll...
3) Christian Prince Debates Channel:
→https://www.youtube.com/channel/UCb1D...

Christian Prince Quran References:
Hadith References:
✅ https://sunnah.com/
Tafsir References:
✅ https://www.altafsir.com/

#JesusChristOurLordandSaviour
#ChristianPrince
#ChristianPrinceDebate
#ChristianPrinceLiveDebate
#ChristianPrincevsMuslim
#backboneandribsislam",2022-07-14T02:06:53Z,2070,https://www.youtube.com/watch?v=u3yoUgJzv9I
tiz7cac0EFs,STAYAWAKE - Michael Swanson [ JCS Inspired ],"This is a re-release of a much older episode (ep 8) of STAYAWAKE! After receiving numerous comments regarding the audio levels of the previous release of this episode, I have decided to go ahead and repost this episode with corrected levels :)

A brand new episode will also be posted some time tomorrow or Sunday.

After being incarcerated Michael Swanson was also charged with another attempted murder of a fellow inmate: https://www.messengernews.net/news/local-news/2015/11/swanson-gets-25-years-for-slashing-inmate/

The years he received for this post conviction charge are included in his 2089 minimum release date.

PLEASE NOTE:
The information surrounding this case is very convoluted and seems to change more and more as I continue to comb through articles and transcripts. There is even multiple documentary crime shows that I watched on Michael that seem to not be fully accurate - for example, the interrogating officer's name has changed multiple times throughout my research; so I had to make certain executive decisions based on the information presented by the content itself. If you have any confirmed facts that you feel may need correcting or addressing, please let me know - All of your help keeping things as accurate as possible is always appreciated!

Full interrogation - https://www.youtube.com/watch?v=2S3ewdldwHE&t=3462s

Thank you for watching and I really hope you all enjoy! :)

-------------------------------------------------------------------

Please share your thoughts.

Thank you again for watching!

*Storytelling & Edit Style is Matt Orchard and JCS inspired.

--------------------------------------------------------------------

Suicide Hotline Numbers If you or anyone you know are struggling, please, PLEASE reach out for help. You are worthy, you are loved and you will always be able to find assistance.

Argentina: +5402234930430
Australia: 131114
Austria: 017133374
Belgium: 106
Bosnia & Herzegovina: 080 05 03 05
Botswana: 3911270
Brazil: 212339191
Bulgaria: 0035 9249 17 223
Canada: 5147234000 (Montreal); 18662773553 (outside Montreal)
Croatia: 014833888
Denmark: +4570201201
Egypt: 7621602
Finland: 010 195 202
France: 0145394000
Germany: 08001810771
Holland: 09000767
Hong Kong: +852 2382 0000
Hungary: 116123
Iceland: 1717
India: 8888817666
Ireland: +116 123
Italy: 800860022
Japan: +810352869090
Mexico: 5255102550
New Zealand: 045861048
Netherlands: 09000113
Norway: +4781533300
Philippines: 028969191
Poland: 5270000
Russia: 0078202577577
Spain: 914590050
South Africa: 0514445691
Sweden: 46317112400
Switzerland: 143
United Kingdom: 116123
USA: 18002738255

You are not alone. Please reach out.",2022-07-15T17:45:46Z,18039,https://www.youtube.com/watch?v=tiz7cac0EFs
aoPA3XLOfAM,👀🙆Paper Cake Blender. #shorts #healthy #portableblender #summer #watch,"https://crushor.com/

CODE : FRESHJUICE 

#shorts #fruit #smoothie #tiktok #viral #subscribe #views #diy #ad #khamitovy #martaandrustam #asmr #amazon #summer #funny #food #musthave #giveaway #blender #milkshake #recipe #portableblender #healthy #juice #money #youtube #fitness #youtubeshorts @TheEllenShow @Ezzentialss Shop  @Loserfruit @5-Minute Recipes @Marta and Rustam @Sagawa /さがわ  @5-Minute Crafts @Zach King @Luke Davidson  @TikTok_daily #coolforthesummer   

Get yours Now.:
https://crushor.com/
get 25%OFF

Enjoy fresh blends whenever you want: The CRUSHOR™ - Original Bottle Blender.

https://crushor.com/

💰 GUARANTEED or MONEY BACK
🛍️ 25% OFF NOW
✈ FREE SHIPPING WORLDWIDE

  LIMITED STOCK, SHOP NOW.",2022-07-03T17:53:45Z,3622,https://www.youtube.com/watch?v=aoPA3XLOfAM
lIops_sucgE,Eric Cartman Is Worse Than You Think,"Eric Theodore Cartman is definitely a favourite amongst many South Park fans. Although Eric is 10 he somehow comes up with insane plans, usually to get money or to hurt the people he hates. In this video we go over 10 times Eric Cartman has gone too far and discover if he's truly gone insane.

In this video we also talk about moments that include characters such as Kenny, Kyle, Stan and Butters.

Did You Enjoy The Video?
Subscribe - https://bit.ly/3KevkoS

Social Links:
Instagram - https://bit.ly/3vKGmwM
Twitter - https://bit.ly/3MwNe7F
TikTok - https://bit.ly/3EOorcW

Script Writer: Tae Fansick

#southpark #ericcartman",2022-07-03T15:00:21Z,3364,https://www.youtube.com/watch?v=lIops_sucgE
Yn3Nik0T8PE,Non Stop Sex With Underwear Model - Jill Michele Melean Stand Up Comedy,"Subscribe to Comedy Time YouTube channel here: http://bit.ly/Comedy_Time

Also check out our other network channels
ChickComedy - http://bit.ly/Chick_Comedy
Funny4Shizzle - http://bit.ly/Funny4Shizzle
ComedyTimeLatino - http://bit.ly/ComedyTimeLatino
BootyBites - http://bit.ly/BootyBites
QuickLaffs - http://bit.ly/quicklaffs

Social Media links:
Facebook - https://www.facebook.com/ComedyTimeTV
Twitter - https://twitter.com/comedytime
Official Website - http://comedytime.com/

#standup #comedyshow #comedyvideo #comedyclub #funnyshit #funny 
#funnyvideos #comedy #comedyvideos #standupvideos #standupcomedy
#standupcomedyvideos #joke #funnyjokes #comedyset #funnyvideo
#comedyroutine #telljokes #tellajoke #hilarious #humour #humor #comics
#standupcomics #standupcomics",2022-07-14T02:27:45Z,6897,https://www.youtube.com/watch?v=Yn3Nik0T8PE
GdFJLKoW2uA,Living w/ Schitzotypal Personality Disorder,"thought i'd talk a little about what it's Actually like living with schizotypal personality disorder

there's quite a bit of bs floating around the internets... allow me to clear some of that up for ya",2022-07-11T03:26:46Z,84,https://www.youtube.com/watch?v=GdFJLKoW2uA
s5dOR4JYgLo,O CASAL QUE FINGE AUTISMO E TOURETTE POR VIEWS,"Sobre o vídeo:
➥ pessoas mentindo na internet por fama... quando isso vai acabar?

🌸 Redes Sociais 🌸
♥ Instagram ➧ @imk4ry
♥ Twitter ➧ @imk4ry

🌸 Contato Profissional 🌸
➧ contatoimkary@gmail.com

🌸 Servidor Discord 🌸
➧ discord.gg/imkary

🌸 Editor 🌸
➧  @Katsuu  

Obrigada por assistir e lembre-se... 
Nunca desista dos seus sonhos. ✨

🐯 Inscritos na postagem deste vídeo: 348K 🐯",2022-07-09T20:46:35Z,11879,https://www.youtube.com/watch?v=s5dOR4JYgLo
M53c4IuzgbI,"Coleman Hughes interviews Curt on Consciousness, UFOs, and the Philosophy of Probability","Coleman sat down to interview Curt Jaimungal on ""what is death?"" and one of the deepest philosophical conundrums; the reference class problem. 

Sponsor: Brilliant: https://brilliant.org/TOE for 20% off

Patreon: https://patreon.com/curtjaimungal
Crypto: https://tinyurl.com/cryptoTOE
PayPal: https://tinyurl.com/paypalTOE
Twitter: https://twitter.com/TOEwithCurt
Discord Invite: https://discord.com/invite/kBcnfNVwqs
iTunes: https://podcasts.apple.com/ca/podcast/better-left-unsaid-with-curt-jaimungal/id1521758802
Pandora: https://pdora.co/33b9lfP
Spotify: https://open.spotify.com/show/4gL14b92xAErofYQA7bU4e
Subreddit r/TheoriesOfEverything: https://reddit.com/r/theoriesofeverything
Merch: https://tinyurl.com/TOEmerch

LINKS MENTIONED:
- Coleman Hughes' channel / podcast: https://www.youtube.com/ColemanHughesOfficial
- Garry Nolan: https://youtu.be/g3bk1UXjKLI
- Salvatore Pais: https://youtu.be/5E6QyAhTB3o

TIMESTAMPS:
00:00:00 Introduction
00:02:20 Everything is quantum mechanical
00:04:24 Podcasts have replaced universities
00:06:49 What is going on with UFOs?
00:11:06 The skeptic strawmans by saying """"unidentified"" therefore ""aliens""""
00:15:27 Are the sightings just ""contagion""? 
00:21:44 Consciousness role in fundamental reality
00:24:51 The ""hard problem"" of consciousness
00:29:29 Consciousness' inherently mysterious quality
00:35:05 Life isn't what needs explaining. Death does.
00:49:24 Identity and the Self
00:55:53 The Reference Class problem
00:59:22 Will the Sun rise tomorrow? Issues in the philosophy of probability
01:04:05 Outtro with Coleman
* * *

Just wrapped (April 2021) a documentary called Better Left Unsaid http://betterleftunsaidfilm.com on the topic of ""when does the left go too far?"" Visit that site if you'd like to watch it.",2022-07-14T18:00:11Z,14253,https://www.youtube.com/watch?v=M53c4IuzgbI
i2AE89ZTNHQ,Prescription Playground: Why so many children are now taking ADHD drugs | 60 Minutes Australia,"Subscribe here: http://9Soci.al/chmP50wA97J Full Episodes: https://9now.app.link/uNP4qBkmN6 | Out Of Control (2005) 

It's a story we've been following for going on 20 years.  And right now, the debate over drugs and young children is hotter than ever.  Not heroin or cannabis, but prescription drugs; the kind used to control troubled youngsters with problems like ADHD.  It's estimated that around 60,000 Australian children are on these drugs.  And, controversially, that's sure to increase now that one of them - ritalin - has been listed on the Pharmaceutical Benefits Scheme. True, you have to feel sorry for the poor parents. How do you cope with these little terrors? But even back in 1992, we were asking if all this pill popping had gone too far.

WATCH more of 60 Minutes Australia: https://www.60minutes.com.au 
LIKE 60 Minutes Australia on Facebook: https://www.facebook.com/60Minutes9 
FOLLOW 60 Minutes Australia on Twitter: https://twitter.com/60Mins 
FOLLOW 60 Minutes Australia on Instagram: https://www.instagram.com/60minutes9

For over forty years, 60 Minutes have been telling Australians the world’s greatest stories. Tales that changed history, our nation and our lives. Reporters Liz Hayes, Tom Steinfort, Tara Brown, Liam Bartlett and Sarah Abo look past the headlines because there is always a bigger picture. Sundays are for 60 Minutes.

#60MinutesAustralia",2022-07-10T14:00:16Z,85697,https://www.youtube.com/watch?v=i2AE89ZTNHQ
EB0z80xH9xc,TINDER NA VIDA REAL - ESPECIAL SIDEMAN (LEGENDADO) 1/3,"Uma dinâmica feito pelo canal Sideman onde fazem a dinâmica de Tinder, porém na vida real.

CONTATO:
Instagram: instagram.com/qgdaslegendas
Email: qgarmadilha@gmail.com

Aprenda a ter uma RENDA EXTRA  por apenas 19,90. (curso que salvou o adm!!)
https://hotm.art/gk32tnLx

Aprenda a ganhar DINHEIRO com o YOUTUBE (método usado pelo canal)
https://edzz.la/PH0BZ?a=87599953

all rights reserved to sideman.

QG DAS LEGENDAS.",2022-06-29T20:30:12Z,27974,https://www.youtube.com/watch?v=EB0z80xH9xc
UsXNeWQZy5U,Dj Dbaby death||Houston Rapper Dj Dbaby died||Dj Dbaby,,2022-07-14T16:02:25Z,293,https://www.youtube.com/watch?v=UsXNeWQZy5U
UhCS8rIVa58,TICKS ARE FROM INTENT ON CRUELTY not talking about nervous tics from tourettes,"TICKS ARE FROM UNILATERAL TO ALL LIFE EVENTS THAT EXCLUDED SOME LIFE AND THEY WERE VAPED TO BE APART OF THE EVENT INSTEAD OF ALLOWING THEM TO GET ORIGINAL TICKETS UPON A REGISTERED DEATH  THAT REALLY WAS LIKE A VIRTUAL REALITY MACHINE VOTE AND THE DATA RECORDED FROM THE VIRTUAL REALITY MACHINE VOTE WENT INTO THE MUSEUM OF THE HISTORICAL EVENT EVEN IF IT WAS A LIBRARY BOOK IN AN INDEPENDENT OPEN ACCESS LIBRARY IT IS THE REASON FOR ALL THE VOTING RIGHTS IN MY AMERICA - ITS INTENT ON CRUELTY - THAT IS REALLY WHAT IT IS - AS AMAZING AS ALL LIFE REALLY IS IT IS A SCARY REALITY THAT THERE IS NOT ANY NATURALLY SUBERVIENT LIFE AND ALL LIFE IS ONLY CHOOSING TO UNITE IN KINGDOMS TO ALL BE LIKE ANTS IN AN ANTHILL COMMUNE WHILE AT THE SAME TIME THE UNILATERAL TO ALL WAY OF ALL LIFE IS ORGIES WE AS IN ALL LIFE ARE NOT SUBSERVIENT AND THERE IS NOT A MANKIND SEPARATE FROM EVOLUTIONARY BEiNGS IN AN IDEA PUT OUT THERE IN THE BIBLE OF JESUS CHRIST THAT MAN IS JUST WORMS. 

Did you all know that cotton is a demon because of life constantly wearing fabrics and clothing all the time we are producing self produced internal organs of tasting the environment and our clothing is directed all of our physical body energy that sends wireless signals back to the mind and we really do think whole body its just through series of self produed internal organs that we developed that sensory perception that is direct into being eyeballs and ears and touch and taste and cum.

because they were fake nudist and I am 100 percent accuratte they declared they were just immersed in trying to be God like but the actual truth is they are infact just fake nudist - all life in all of time and space in every realm and dimension requires being barebody naked for essential reasons of getting that full body barebody naked pulse that is absolutely essential and crucial and without it is is unhealthy but they do not turn the power on by being barebody naked - in there self produced plants and self produced organisms in layers of bodily productions that naturally draw from their perspective universe of origins that was relative to the specific material the life is the power gets turned on that has algorythmic principles relative to the universe of origins

I THINK THAT ALL LIFE WOULD BE BETTER IF I WAS THE BEGGAR AND I WAS ALLOWED TO BE BAREBODY NAKED ON THE STREETS AND SHELTERLESS FACILITIES WERE JUST FOR MYSELF THAT PERMITTED BAREBODY NAKEDNESS OF LIFELIKE FORM THAT I SHOULD BE ABLE TO LOUNGE AT ALL DAY *BECUASE THAT BEGGAR LIFESTYLE IS BECAUSE OF MYSELF AND IS FOR MYSELF* AS I REALLY AM FROM AN OPEN ACCESS AREA REALTIVE TO THE MATERIAL I AM I AM SERIOUSLY A NUETRAL MATERIAL AND ALL NUETRAL MATERIAL IS ON THAT OPEN ACCESS AREA LEVEL WELL I DO NOT BELIEVE ANY LIFE HAS EVER FELT THAT WAY ABOUT MYSELF BECAUSE MY ORIGINS REALLY IN NOT FROM A BUILDING OF NEW YORK CITY RATHER I AM FROM THE GIANT SQUARE PARK OF NEW YORK CITY THAT IS ALL OPEN ACCESS AND IS NUETRAL MATERIAL IS ALL OPEN ACCESS ALSO THERE IS BEVERLY HILLS MANSIONS AND GREENICH MANSIONS THAT IS DEVELOPED AFTER THE PARK.

The reason why there are nudist resorts is actually because of intent on cruelty barebody nakedness of lifelike form is essential to all life in all of time and space in every realm and dimension as all life is self developed to lifelike form and intelligence and there is actually only one lifelike form that is with the penis shaft and scrotum and flesh and bone all life is actually asexual and we can just produce hybrid offspring that will produce independent materialto grow dependent life other life are either afraid loss of control or feel like ways of life are threatened if unilateral to all life open access area's permitted barebody nakedness of lifelike form and in all honesty barebody nakedness of lifelike form should be casual throughout all of time and space in every realm and dimension - YES, I really am accurate with this information yes casual. JUST FEET WASHING STATIONS AND WET WIPES WOULD BECOME ESSENTIAL MAINSTAY APPLIANCES AND ITEMS.

NOW I AM AREAL NUDIST IN THE CONTEXT OF THE WORD BEING ABOUT BAREBODY NAKKEDNESS - I HAVE TO BE BAREBODY NAKED PROCESSING MY SELF PRODUCED PLANTS AND ORGANISMS IN LAYERS OF BODILY PRODUCTIONS AND ITS BECAUSE I DO NOT HAVE A UNIVERSAL FORMAT OF ORIGINS THAT I ACTUALLY REQUIRE SIGHT OF BAREBODY NAKEDNESS OF LIFELIKE FORM AND IT IS FOR THAT RELATIVITY OF LIKENESS - I AM NOT AN ALCHOLIC I DO NOT REQUIRE A DRINK - MY COMPLETE ALIEN FORM DOES NOT HAVE A MOUTH THEY WERE ALL ONLY SEA ANENENOMES BECAUSE IT IS A DEVELOPMENTAL STAGE OF LIFE ORIGINS AND FORMATION TO LIFELIKE FORM.

Don't worry your pretty little head Patsy I am a beggar not a baker as I am not out there for the essential purpose to ingest something I am out there to be barebody naked in lifelike form to be in the presence of other life that are barebody naked in lifelike form for essential reasons - MY COMPLETE ALIEN FORM IS FACELESS THIS IS HOW I DEW.",2022-07-11T21:19:04Z,7,https://www.youtube.com/watch?v=UhCS8rIVa58
ss3XsnVbNis,Princess Misty 🔥♥️💃🏽 #shorts,,2022-07-08T11:27:23Z,4592,https://www.youtube.com/watch?v=ss3XsnVbNis
gyt_UpRvyjw,Being Born in MedStar Franklin Square Medical Center Hospital -  My friend Jaymz is over,"Tourette syndrome vlog, the hospital I was born in a little about me. Being popular at my alt school. What I deal with as a schizophrenic person and tourette syndrome with epilipsy sufferer that has been on disability for the past three years. People coincidences I experienced in life. My life story. Old psychosis chat. A vlog about how evil my family is.",2022-07-14T02:39:32Z,7,https://www.youtube.com/watch?v=gyt_UpRvyjw
-fh1q2oDJ_s,Don’t like loli’s? OH WELL #loli #vtuber #catgirl #neurodiversity #tourettesyndrome #dealwithit,,2022-07-14T23:11:51Z,164,https://www.youtube.com/watch?v=-fh1q2oDJ_s
7jsJiwnP5dQ,Motherless Brooklyn (2019)   Full Movie,"Motherless Brooklyn (2019)  Full Movie HD   
Continue watch online ☛ https://t.co/v6NdDglM4W?Motherless Brooklyn

HD 1080P | 4K UHD | 1080P-HD | 720P HD | MKV | MP4 | FLV | DVD |
All Languages | Hungary | English | Spanish | French | German | Italian | Dutch | Japan | Czech | Korean | Portuguese | Russian | Serbian | Swedish | Slovak | Bulgarian |

Copyright Disclaimer Under Section 107 of the Copyright Act 1976, allowance is made for """"fair use"""" for purposes such as criticism, comment, news reporting, teaching, scholarship, and research. Fair use is a use permitted by copyright statute that might otherwise be infringing. Non-profit, educational or personal use tips the balance in favor of fair use. No copyright infringement intended.

New York City, 1957. Lionel Essrog, a private detective living with Tourette syndrome, tries to solve the murder of his mentor and best friend, armed only with vague clues and the strength of his obsessive mind.

Title: Motherless Brooklyn (2019)
Released: Oct 31, 2019
Genre: Drama, Thriller
Cast: Edward Norton, Bruce Willis, Gugu Mbatha-Raw
Runtime: 145 min
Language: English
Country: United States of America
Production: Class 5 Films

Tags:
Motherless Brooklyn Full movie English
Motherless Brooklyn Full hd quality
Motherless Brooklyn Full Eng Subtitle
Motherless Brooklyn Full Eng Dubbed
Watch Motherless Brooklyn Full Online
Motherless Brooklyn Full Movie free
Motherless Brooklyn Full Movie download hd
Motherless Brooklyn Full Movie free download
Motherless Brooklyn full movie free
Motherless Brooklyn full movie free online
Motherless Brooklyn full movie online
Motherless Brooklyn full movie 123movies
Motherless Brooklyn full movie online
Motherless Brooklyn full movie youtube

#Motherless Brooklyn
#full_movie
#watch_online

Get More
Twitter: https://twitter.com/
Instagram: https://www.instagram.com/
Facebook: https://www.facebook.com/",2022-07-13T10:10:28Z,4,https://www.youtube.com/watch?v=7jsJiwnP5dQ
