video_id,title,description,date,fav_count,url
-qI0F9kT9Zs,Growing Food in Urban Small Spaces - Urban Gardening,"Growing Food in Urban Small Spaces guest video by Luay of Urban Farm and Kitchen. This video is the first in the Humans Who Grow Food and Rob Greenfield series. Humans Who Grow Food features stories of home gardeners, farmers and community gardens across borders and cultures.

Follow Luay:
Website: https://www.urbanfarmandkitchen.com
Instagram: https://www.instagram.com/urbanveggiegarden @urbanveggiegarden
Facebook: https://www.facebook.com/urbanfarmandkitchen 
YouTube: https://www.youtube.com/channel/UCOseIOjjJju2NdgjoYO9bZA  

Follow Humans Who Grow Food:
http://facebook.com/humanswhogrowfood
http://instagram.com/humanswhogrowfood @humanswhogrowfood
http://humanswhogrowfood.com/
https://twitter.com/humansgrowfood
https://www.youtube.com/channel/UCMZKyAx6P3p31nluTG7uamw

Edited by Daniel Saddleton http://www.hiphikersmedia.com

Rob Greenfield’s work is Creative Commons and this content is free to be republished and redistributed, following the terms of the creative commons Attribution-NonCommercial 4.0 license. Learn about Creative Commons and see the guidelines here: http://www.creativecommons.org/licenses/by-nc/4.0

— 
Rob Greenfield is an activist and humanitarian dedicated to leading the way to a more sustainable and just world. He embarks on extreme projects to bring attention to important global issues and inspire positive change. 100% of his media income is donated to grassroots nonprofits. 
His YouTube channel is a source to educate, inspire and help others to live more sustainable, equal and just lives. Videos frequently cover sustainable living, simple living, growing your own food, gardening, self-sufficiency, minimalism, off the grid living, zero waste, living in a tiny house and permaculture.

Find Rob Greenfield on:
Website: https://www.RobGreenfield.org
Instagram: https://www.instagram.com/RobJGreenfield @RobJGreenfield
Facebook: https://www.facebook.com/RobGreenfield 
YouTube: https://www.youtube.com/RobGreenfield
Twitter: https://twitter.com/RobJGreenfield @RobJGreenfield 
—

Help us caption & translate this video!

https://amara.org/v/C2Y8w/",2020-09-07T18:10:01Z,202290,https://www.youtube.com/watch?v=-qI0F9kT9Zs
YF2iQAGA5Bg,#28 Essential Tips for Starting a Balcony Vegetable Garden | Urban Gardening,"I LICENSE MUSIC FOR MY VIDEO HERE. Click the link below to get 2 extra months free :)
https://bit.ly/3NgdrIY

No winter lasts forever; no spring skips its turn. 
There is a loveliness to life that does not fade. Winter, it is the time for home. 
And January and February are such a good time to start planning your balcony vegetable garden. Oscar Wilde said once, ""Wisdom comes with winters.""
Preparing our growing space, but more importantly, preparing our mind is the key to a successful and fruitful vegetable season.

Essential Tips for Starting Balcony Vegetable Garden / Tips để bắt đầu trồng rau trên ban công
https://www.her86m2.com/green-living/essential-tips-for-starting-a-balcony-vegetable-garden

My 8sqm balcony vegetable garden / Khu vườn 8 mét vuông của mình:
https://www.her86m2.com/green-living/8sqm-balcony-garden

Bokashi Compost / Phân bón Bokashi:
https://www.her86m2.com/green-living/bokashi-compost-organic-fertilizer-for-balcony-garden

Không có mùa đông nào kéo dài mãi mãi; không có mùa xuân nào mất lượt.Cuộc sống có gì đó chẳng mờ phai. Mùa đông, đó là thời gian cho mái ấm.

Tháng 1 và tháng 2 là thời điểm thích hợp để bắt đầu lên kế hoạch cho vườn rau trên ban công. Oscar Wilde đã từng nói: ""Sự khôn ngoan đến cùng với mùa đông.""

Chuẩn bị không gian, nhưng quan trọng hơn là chuẩn bị tâm thế là chìa khóa của một mùa rau thành công và trĩu quả.

==========
SUPPORT ME SO I CAN CREATE MORE QUALITY CONTENT / ỦNG HỘ MÌNH LÀM TIẾP NHỮNG NỘI DUNG NHƯ NÀY:
https://paypal.me/ThuThuyDao
https://www.patreon.com/her86m2

PHOTO EDITING PRESETS FOR LIGHTROOM / PRESETS CHỈNH ẢNH: 
https://www.her86m2.com/store

BUYING PRINTS / MUA ẢNH IN MÌNH CHỤP:
https://www.her86m2.com/print-shop

STAY CONNECTED / KẾT NỐI VỚI MÌNH:
Website: https://www.her86m2.com
Instagram: https://www.instagram.com/thuydao__/


==========
GARDENING TOOLS / ĐỒ NGHỀ LÀM VƯỜN

Sách làm vườn / Book to Balcony Gardening:  https://amzn.to/2QoTmUR
Nhà kính / Mini Greenhouse:  https://www.ebay.de/itm/372659505542
Thùng Bokashi / Bokashi Composting: https://geni.us/bokashi
Đất trồng cây / Soil:  https://geni.us/vegsoil
Đất gieo hạt / Potting Soil: https://amzn.to/2Epnlcb
Rơm / Straw: https://amzn.to/3hqVtmA

For those who can't do Bokashi Composting:
Phân từ Móng, sừng động vật/ Horn Shavings: https://amzn.to/3gekgJr
Phân bón từ phân gà / Chicken Manure / : https://amzn.to/31eTpZC
Phân bón lỏng đóng chai / Fertilizer: https://amzn.to/32bEaj8
Kiềm / Calcium:  https://amzn.to/3aEEz1w

==========
DIY GEARS:
https://www.her86m2.com/my-stuff

==========
CAMERA GEARS / ĐỒ MÁY ẢNH:
https://www.her86m2.com/my-stuff

==========
TIMESTAMP:
0:00 Intro
0:41 Check the rules / Kiểm tra các quy định
1:25 Calculate the time you have / Tính toán thời gian?
2:02 Set a budget / Đặt ra ngân sách
2:52 Choose the right plants / Chọn đúng cây
5:53 You'll need a plan / Lên kế hoạch
7:23 Healthy soil / Đất khoẻ
8:42 Early sowing / Gieo hạt sớm
9:13 Polyculture / Đa canh
10:30 Rotate crops each year / Luân canh

#balconygarden #urbangardening #permaculture

A big thank you from bottom of my heart to the beloved people who help translate/correct the subtitles: 
Lari (Russian)
Aya (Japanese)
Katja (German)
Hyelin (Korean)
Love you all!",2021-01-07T13:00:22Z,1894545,https://www.youtube.com/watch?v=YF2iQAGA5Bg
0fcpi1Yje1A,She Grows 80% Of Her Produce For a Family of 5 🏡 | Suburban Garden Tour,"Follow Kris' garden: https://www.instagram.com/growalilgarden/ We crashed the home garden of one of our EG team members - Kris. She was our original assistant, and has now moved to the Head of Customer Experience role here at Epic Gardening...but more importantly than that, she has a VIBRANT home garden that produces 80% of the produce she uses to feed her family of 5.

00:00 - Intro
00:48 - Front Yard
05:46 - Back Patio
07:01 - Backyard
12:34 - Chicken Coop
15:45 - Special Meal

IN THIS VIDEO

The links below mostly link to the EG store, where we stock best-in-class garden products and our team ships them directly to your doorstep. As an Amazon Associate, we earn from qualifying purchases as well.

→ Birdies Beds: https://shop.epicgardening.com/collections/birdies-original
→ Urban Worm Bag: https://shop.epicgardening.com/collections/composting/products/urban-worm-bag
→ GardenStraw: https://shop.epicgardening.com/collections/soil-amendments/products/gardenstraw-mini

SUPPORT EPIC GARDENING

→ Shop Our Store: https://shop.epicgardening.com
→ Buy Our Books: https://shop.epicgardening.com/collections/books

LEARN MORE

Epic Gardening is much more than a YouTube channel:

→ 2nd Channel: https://www.youtube.com/c/epicurbanhomestead
→ In-Depth Articles: http://www.epicgardening.com/
→ Daily Podcast: https://apple.co/2nkftuk
→ Instagram: https://www.instagram.com/epicgardening/
→ Facebook: https://www.facebook.com/epicgardening
→ FB Group: https://www.facebook.com/groups/epicgardening/
→ TikTok: https://www.tiktok.com/@epicgardening
→ Pinterest: https://www.pinterest.com/epicgardening
→ Twitter: http://www.twitter.com/epicgardening

DISCLAIMER

Epic Gardening occasionally links to goods or services offered by vendors to help you find the best products to care for plants. Some of these may be affiliate links, meaning we earn a small commission if items are purchased. As an Amazon Associate, we earn from qualifying purchases. More info on our process: https://www.epicgardening.com/disclaimer/",2022-05-07T18:33:28Z,461720,https://www.youtube.com/watch?v=0fcpi1Yje1A
-7MBTsO_SaY,Urban Gardening Tips | Urban Vegetable Gardening for Beginners,"In this video I share with you my best urban gardening tips and talk about some challenges with gardening in the suburbs! Urban gardening doesn't have to be hard, just use these small space gardening tips to create your dream garden in the suburbs!

#urbangardening #garden #vegetablegarden

FREE Urban Garden Checklist - https://miniurbanfarm.ck.page/gardenchecklist
Blog Post - https://miniurbanfarm.com/urban-gardening-tips/

Subscribe & hit the bell to be notified of new weekly videos and plan your urban homestead!

//Where I Get My Seeds//
https://www.rareseeds.com/
https://www.burpee.com/

**My Favorite Books**
The First-time Gardener - https://amzn.to/3uTOEB7
Grow Food For Free - https://amzn.to/3hlfTR6
Mini Farming - https://amzn.to/3tGQDaq

**My Compost Bin - https://amzn.to/2R3V41P

Blog - https://miniurbanfarm.com
Pinterest - https://www.pinterest.com/miniurbanfarm
IG - https://www.instagram.com/mini.urban.farm

**Denotes an affiliate link where I make a small commission at no additional cost to you",2021-08-13T21:30:00Z,4689,https://www.youtube.com/watch?v=-7MBTsO_SaY
ATI7vfCgwXE,Top 8 Easy To Grow Vegetables For Beginners|SEED TO HARVEST,"#easiestvegetables #vegetables #wintervegetables #coldseasoncrop
EASIEST VEGETABLES THAT YOU CAN GROW NOW| GROW IN POTS 

SEED GROWING TIME: 
SEPTEMBER TO NOVEMBER-TOMATO,CABBAGE,KALE ,LETTUCE, GARLIC,BEETROOT,CORIANDER,CARROT,RADISH,BAKCHOI,BROCCOLI,CHINESE CABBAGE,PEA,FENUGREEK, CAULIFLOWER,SWISS CHARD, ONION ETC
THROUGHOUT THE YEAR-BRINJAL,  CHILLI, SPINACH
OCTOBER- POTATO

CONTACT SEED SELLER FOR WINTER SEASON SEEDS: WHATSAPP NUMBER-MR ROHIT 9818174630

MUSIC:-
FRESH FALLEN SNOW

Song: BraveLion - Sleeping Jungle (Vlog No Copyright Music)
Music provided by Vlog No Copyright Music.
Video Link: https://youtu.be/-lXuuGG9d3Y",2020-09-12T02:23:42Z,7855468,https://www.youtube.com/watch?v=ATI7vfCgwXE
W66RI7xYVsA,Urban Homestead Garden One Year Later,"Join me for a before and after look at my urban homestead garden one year later after purchasing this new 5,500 sq ft property. Vegetable gardening in central Florida doesn't have to take forever to get started. I will show you our entire property including raised bed gardening in Florida, edible landscaping in Florida, and other easy Florida gardening approaches. See just how productive urban gardening can be with Elise Pickett of The Urban Harvest!

0:00 Before Urban Garden Transformation
2:27 Make Compost to Transform Garden
3:54 Sheet Mulch to Make Urban Garden
5:58 What to Plant in Urban Homestead
13:46 Use Chickens in the Garden

__________________________________📆 Upcoming Events  📆 _____________________________
I teach several classes online and in person a month on rotating topics:
https://theurbanharvest.com/events/

__________________________________ 🌱 Buy Vegetable Seeds 🌱___________________________
Shop my curated collection of organic heirloom seeds that thrive here in Florida:
https://www.theurbanharvest.com/seed-shop/

__________________________________  👋 Florida Seed Club  👋______________________________
Get 3 varieties of in season veggie, herb, & flower seeds shipped to your door each month:
https://www.theurbanharvest.com/seed-club-info/

__________________________________ 👩🏼‍🌾Free Planting Guide 👩🏼‍🌾______________________________
Get a free Florida what to plant when cheat-sheet by subscribing to my free monthly newsletter: 
https://www.theurbanharvest.com/

____________________________☀️ Recommended Garden Equipment List ☀️__________________
Everything from fertilizer to tools:
https://www.theurbanharvest.com/gardening-equipment/

_______________________________ 📚Recommended Reading List  📚 _________________________
Suggested reading for starting a Florida veggie garden: 
https://www.theurbanharvest.com/education-library/

_______________________________  👋 Book a Virtual Consultation 👋__________________________
Video calls to get all your questions answered - it can be as long or short as needed:
https://www.theurbanharvest.com/services/

_____________________________________ 👍🏼 Follow Me 👍🏼 _____________________________________
Follow me on Facebook & Instagram for quick tips and tricks:
https://www.facebook.com/theurbanharvestllc/
https://www.instagram.com/theurbanharvest/

_______________________________🍎 Grow Permaculture Mentor 🍎___________________________
Koreen Brennen
https://growpermaculture.com/",2021-01-10T17:00:07Z,56112,https://www.youtube.com/watch?v=W66RI7xYVsA
gfCcI6_1iiA,How Urban Farming Saved a Dallas Community,"Like this video about urban farming and subscribe here: https://freeth.ink/youtube-subscribe-urbanfarming

Up next- The World's First Floating Farm: https://youtu.be/eIBu3sQa8j8

In an impoverished community in South Dallas, urban farming is growing not only fresh food but new opportunities for residents. 

The community of Bonton suffers daily from the effects of urban poverty, such as a lack of access to fresh, healthy food that’s affordable. In fact, it takes a three-hour, round-trip bus ride just to reach the nearest grocery store. 

Daron Babcock was drawn to this downtrodden community, where he now oversees one of the largest urban farms in the United States. And Bonton Farms doesn’t just offer produce to the community but also jobs, nutrition programs, cooking classes, and more. 

This all couldn’t have been accomplished without support from the Stand Together Foundation.

See the full article on urban farming here: https://www.freethink.com/shows/catalysts/urban-farming

You might also like...
-Farms of the Future: https://youtu.be/KfB2sx9uCkI

Follow Freethink.
-Facebook: https://www.facebook.com/freethinkmedia
-Twitter: https://twitter.com/freethinkmedia
-Instagram: https://www.instagram.com/freethink
-Website: http://www.freethink.com

Join the Freethink forum: http://www.facebook.com/groups/freethinkforum",2020-02-05T17:00:17Z,496886,https://www.youtube.com/watch?v=gfCcI6_1iiA
v6Dnbem1rVE,Dervaes Family Farm | The Urban Homestead | Episode 94,"Be sure to check out our current content, we are up to some great garden adventures here on the Urban Gardener channel!
And if you enjoyed this episode check out our episode on the Noble Rot rooftop garden:
https://youtu.be/pd_TIYGH35A

In this episode, we are invited to Pasadena California to the Dervaes family farm, internationally known as The Urban Homestead. The children of founder Jules Dervaes continue his legacy and maintain the family urban farm, its CSA, and its teachings.
Justin Dervaes gives us a short tour around the gardens and sits down for an interview about where they are now.

Episode #94
Let's Get Growing!

The Urban Homestead website:
https://urbanhomestead.org/

The Urban Homestead on Facebook:
https://www.facebook.com/urbanhomestead

Please ""LIKE"" our video, COMMENT below, and of course, SUBSCRIBE to follow along with more of our Garden Adventures.

To connect with other gardeners JOIN our Gardening Group on FB:
https://www.facebook.com/groups/theurbangardener 

“LIKE” our Facebook Page for more content:
https://www.facebook.com/theurbangardener17

t.U.G on Instagram:
https://www.instagram.com/theurbangardener1/

t.U.G. on Twitter:
https://twitter.com/urbangardener17 

t.U.G. on TikTok:
https://www.tiktok.com/@enoch.theurbangardener?lang=en 

Go old school and leave a message on our Voicemail Line:
(458) 246-UGOR (Urban Gardener ORegon)
      8.4.6.7.

#gardening #growfood #letsgetgrowing #containergarden #raisedbeds #urbangarden #urbanfarm #theurbanhomestead #legacy #familyfarm",2019-07-25T00:16:37Z,218910,https://www.youtube.com/watch?v=v6Dnbem1rVE
1R6fPlcN6GA,Vegetables You Can Grow In Small Pots | Small Space Gardening,"LOW SPACE GARDENING | VEGETABLES IN SMALL POTS
How to Grow Garden Vegetables In Small Spaces
In this video, I am finally sharing with you how to grow vegetables in small pots. I have been working on transforming my small space and I love how it turned out!

PLANTING TIME: 
FOR LETTUCE,GARLIC,CORIANDER,TOMATO -SEPT MID TO NOV END
FOR CHILLIES- THROUGHOUT THE YEAR
(TEMPERATURE:10-28 DEGREE CELSIUS IS IDEAL)
Cauliflower, Cabbage, Broccoli, Brinjal, Radish, Beet Root, kale, Celery, Chinese Cabbage, Rocket, Capsicum, Fenugreek, Swiss Chard, Beans etc can be easily grown in small containers  


MUSIC
Song: Brave Lion - Sleeping Jungle (Vlog No Copyright Music)
Music provided by Vlog No Copyright Music.
Video Link: https://youtu.be/-lXuuGG9d3Y

FRESH FALLEN SNOW
MIND YOUR TIME
FAR EAST",2020-11-16T07:07:11Z,1487318,https://www.youtube.com/watch?v=1R6fPlcN6GA
1sP81YOiDcg,Growing Tomatoes on the balcony and the unexpected happened,"Growing Tomatoes on the balcony and the unexpected happened
This is how I mix the soil to grow vegetables at home
https://youtu.be/TZozsisfpmE
Hope useful for you.
Thank for your watching and don't forget subscribe my channel ❤

#Growing #Tomatoes #Balcony",2022-03-19T11:58:23Z,5257943,https://www.youtube.com/watch?v=1sP81YOiDcg
1dybyF48fFM,"FULL URBAN GARDEN TOUR | WEEK THIRTEEN | 2021 {Urban gardening in zone 7b. Queens, NYC} Mid July","Welcome to my urban garden! I'm gardening in Queens, NYC (Zone 7b) in a front yard rental and I also help a neighbor with his plot garden. I'm planting mostly vegetables and we are excited for a good harvest this summer! Tag along to watch our garden grow with us. 

GreenStalk Planter Discount: https://lddy.no/wndn​  
Use code ""MARISGARDEN"" for $10 off your order (Code never expires and can be combined with sales)

Assembling my Original 5 tier Vertical Planter (GreenStalk): https://www.youtube.com/watch?v=_biGw... 

CAMERA GEAR:

CANON M50 (Creator kit): https://bit.ly/313xiEn​
Tripod: https://bit.ly/390Bady​

Ihttps://www.instagram.com/marisgardenandkitchen/


#urbangardentour #growingvegetables #marisgardenandkitchen

DISCLAIMER: Links included in this description might be affiliate links. If you purchase a product with the links that I provide I may receive a small commission at NO extra cost to you. When you purchase through this links, you help supporting my channel (and my garden) and that helps me to continue to create free content!",2021-07-19T12:57:41Z,1480,https://www.youtube.com/watch?v=1dybyF48fFM
xPxsyk5AKxY,Easiest Vegetables For Summer Season | Seed To Harvest,"VEGETABLES YOU CAN GROW IN POTS 
EASIEST VEGETABLES THAT YOU CAN GROW NOW| GROW IN POTS 

SEED GROWING TIME: 
FEB TO AUGUST- ALL GOURDS, CHILLY,  ZUCCHINI/SQUASH, CORN, OKRA, TARO, CUCUMBER, ARMENIAN CUCUMBER, SPINACH, RUNNER BEANS, GINGER, TURMERIC ETC
THROUGHOUT THE YEAR-BRINJAL
SOIL MIX: 50% GARDEN SOIL+25% COCOPEAT+25%COMPOST
@Urban Gardening 

CONTACT SUYESH JAIN FOR GROW BAGS
(GIVE MY REFERENCE FOR DISCOUNTS) https://www.yourorganicproducts.com/​
WHATSAPP NO.-+919425958119

SEED LINKS
https://paudhabazar.com/Shop?query=6&search=subcategory

PURPLE LONG
https://paudhabazar.com/SingleProduct?query=240&product=Brinjal+Purple+Long
F1 LONG
https://nurserylive.com/collections/all/products/omx-brinjal-f1-purple-long-seeds

F1 ROUND
https://nurserylive.com/collections/all/products/omx-brinjal-f1-dipansh-black-round-seeds

F1 WHITE
https://nurserylive.com/collections/all/products/omx-brinjal-f1-hybrid-white-seeds

BITTER GOURD
https://paudhabazar.com/SingleProduct?query=234&product=Bitter+Gourd++Seeds

BOTTLE GOURD
https://paudhabazar.com/SingleProduct?query=235&product=Bottle+Gourd+Long++Seeds

YELLOW SQUASH
https://paudhabazar.com/SingleProduct?query=285&product=Squash+Yellow++Seeds

CUCUMBER
https://paudhabazar.com/SingleProduct?query=265&product=Cucumber+(Kheera)++Seeds
GHOST PEPPER SEEDS
https://theaffordableorganicstore.com/Ghost-Pepper-Seeds-10-Seeds-p292259774?gclid=CjwKCAjwg4-EBhBwEiwAzYAlssWJLaLH8S9yHoIAzFUGKy3FDMeZvrB71VMx3-6ZpgJgDGWtCqRXqBoCKIkQAvD_BwE

MUSIC:-
FRESH FALLEN SNOW",2021-04-25T01:51:01Z,481123,https://www.youtube.com/watch?v=xPxsyk5AKxY
_g2CaF12xxw,How radical gardeners took back New York City,"Seed bombs, the ""tree lady of Brooklyn,"" and the roots of urban gardening. 

Subscribe and turn on notifications (🔔 ) so you don't miss any videos: http://goo.gl/0bsAjO

New York City looked a lot different in the 1960s and 1970s. A sharp economic decline and white flight meant there was mass disinvestment and urban decay, particularly in the city’s lower-income neighborhoods. It’s what Hattie Carthan and Liz Christy noticed in their communities when they each set out to revive their neighborhoods by making them greener. Ultimately, their radical acts of gardening would transform the landscape across New York City.

Have an idea for a story that we should investigate for Missing Chapter? Send it to us via this form! http://bit.ly/2RhjxMy

Sign up for the Missing Chapter newsletter to stay up to date with the series:  https://vox.com/missing-chapter

Explore the full Missing Chapter playlist, including episodes, a creator Q&A, and more! https://www.youtube.com/playlist?list=PLJ8cMiYb3G5fR2kt0L4Nihvel4pEDw9od

Learn more about the Hattie Carthan Community Garden and Farmer’s Market: https://www.hattiecarthancommunitymarket.com/

Learn more about the Liz Christy Garden: http://lizchristygarden.us/

Learn more about Karen Washington’s work: https://www.karenthefarmer.com/

Check out the Green Guerillas’ ongoing work: https://www.greenguerillas.org

Learn more about the casita gardens across New York: https://ny.curbed.com/2015/10/1/9915402/inside-the-casitas-of-the-south-bronxs-community-gardens

Subscribe to our channel! http://goo.gl/0bsAjO

Vox.com is a news website that helps you cut through the noise and understand what's really driving the events in the headlines. Check out http://www.vox.com.

Watch our full video catalog: http://goo.gl/IZONyE
Follow Vox on Facebook: http://goo.gl/U2g06o
Or Twitter: http://goo.gl/XFrZ5H",2021-06-07T12:00:30Z,1341928,https://www.youtube.com/watch?v=_g2CaF12xxw
eySTo2GgvoY,How To Grow Tomatoes At Home (SEED TO HARVEST),"HOW TO GET 6-9 KG TOMATOES PER PLANT-WITH UPDATES
DAIZZ'S TIPS:  #tomato #tomatoes #urbangardening    
# Use a large pot or container with drainage holes in the bottom
#Use loose, well-draining soil. Good potting mix with added organic matter.
#Add organic compost after every 15-20 days
#Plant tomato plant as deep as possible. . 
#Taller varieties may need to be staked to provide support .
#Place the pot in a sunny spot with 6 to 8 hours of full sun a day.
#Keep soil moist. Containers will dry out more quickly than the garden soil, 
so check daily and provide extra water during hot days 

PLANTING TIME:
Seeds are sown in June July for autumn winter crop and for spring summer 
crop seeds are sown in September. In the hills seed is sown in March April. 
INDIA- you can plant tomato seeds anytime from September until November.

FOLLOW ME ON INSTAGRAM ..:)
INSTAGRAM 
LINK:-https://www.instagram.com/urbangarden...

MUSIC :
Song: Ikson - Island (Vlog No Copyright Music) Music promoted by Vlog No Copyright Music. Video Link: https://youtu.be/mkYQ9yNwQIE

Music provided by Frequency Track: Arc North - Meant To Be (feat. Krista Marina) Link: https://youtu.be/kSmMOsJmkfs

Mind your Time by Me.So https://soundcloud.com/me_so Creative Commons — Attribution-ShareAlike 3.0 Unported — CC BY-SA 3.0 http://creativecommons.org/licenses/b... Music provided by Music for Creators https://youtu.be/MdyTZqbuVZE

https://www.youtube.com/watch?v=qVX1QYtMjAk&index=3&list=PLrRVQ9K_8q5QFHikXYxFlvLT1krD1d9vx
The Wilhelm Scream (Kygo Remix) | No Copyright
• Music Master
Twitter: https://twitter.com/Musicmasterpm
Tumblr: http://musicmasterpm.tumblr.com/

• kygo
Soundcloud: https://soundcloud.com/kygo
Facebook: https://www.facebook.com/kygoofficial
Twitter: https://twitter.com/KygoMusic",2019-09-13T10:33:40Z,7701163,https://www.youtube.com/watch?v=eySTo2GgvoY
shIfzNOcNvs,How To Turn Your Lawn Into A Vegetable Garden,"In this video I’ll show how I removed my weed filled lawn then amended the soil and create garden and beds to grows a wide range of fruits and vegetables. 

Here is a full video list of every step I've taken so far to create and maintain an incredibly productive and widely diverse organic vegetable garden. 

Step 1. Soil Test:
https://youtu.be/nB-wX0ZYNME

Step 2. Soil Prep (this video):
https://youtu.be/shIfzNOcNvs

Step 3. Pathways:
https://youtu.be/QfRQtx_c55o

Step 4. Irrigation:
https://youtu.be/yDedR-GErUk

Step 5. Planting:
https://youtu.be/bMaqwrelms4

Step 6. Tomato Trellising:
https://youtu.be/NnTGFhXWAsk

Step 7. Trellis Build:
https://youtu.be/NzBhH8K_qp4

Step 8. Fertilizing and Maintenance:
https://youtu.be/5REItIg6ifo Soon

Step 9. Fall Garden Prep and Planting
https://youtu.be/7OjBRH39OwE

Step 10: Pest Management (Organic)
Coming Soon - be sure to SUBSCRIBE!
My favorite soil amendment/potting soil:
https://www.recipe420.com/products/

The Starter Fertilizer I use when planting every plant in my garden: https://www.amazon.com/gp/product/B00OVCA7GU/ref=as_li_tl?ie=UTF8&tag=kylehagerurba-20&camp=1789&creative=9325&linkCode=as2&creativeASIN=B00OVCA7GU&linkId=985b046e4f2e963c231621bb226abd89

The Organic Vegetable Fertilizer I Use: https://www.amazon.com/gp/product/B00BJAOYB6/ref=as_li_tl?ie=UTF8&tag=kylehagerurba-20&camp=1789&creative=9325&linkCode=as2&creativeASIN=B00BJAOYB6&linkId=eb8d9cb483e8dffb2835f1d4d61603de

GARDEN PRODUCTS I USE:
https://www.amazon.com/shop/urbanfarmstead

Other favorite organic soil amendments and fertilizers
https://www.ebstone.org/products/eb-stone-organics

Organic Nitrogen Fertilizer (Blood Meal):
https://www.amazon.com/dp/B00BJRL42Q/?ref=exp_urbanfarmstead_dp_vv_d

Other products I use:
https://www.amazon.com/shop/urbanfarmstead

FOLLOW ME ON:
Instagram:https://www.instagram.com/urbanfarmstead/?hl=en
Facebook: https://www.facebook.com/theurbanfarmstead/


Music: Morning Mandoline by Chris Haugen",2020-03-27T13:24:07Z,822108,https://www.youtube.com/watch?v=shIfzNOcNvs
-pNkVMO36H0,Small Urban Garden tour,"Explore our tiny little urban garden in Splott, Cardiff and find out what I am growing in this tiny inner city space. 

#StayHomeGrowYourOwn",2020-06-18T11:49:53Z,23534,https://www.youtube.com/watch?v=-pNkVMO36H0
BXzz5b7kVQM,A highly productive small-scale urban garden | Urban Farming | Gardening Australia,"If you want a productive garden and only have a small space, this small city garden is inspiring. Kat Lavers is a permaculture designer and educator, with a small-scale but very productive space. On a mere 96m2, the garden produces an abundance of edible crops every season. And what's a smaller alternative to chooks? 3:34 Quails of course! 

Kat moved into her house ‘The Plummery’ in 2008. Apart from an old Blood Plum (Prunus cv.), the garden was a mass of weeds with contaminated soil and marauding possums. 0:41 With above acceptable levels of lead in the soil originating from peeling house paint, Kat built three raised vegetable beds.

Kat: “I am going to live here for a long time, and eat many kilos of produce from my garden, so it’s important I know what is in my soil, both in terms of contamination and nutrients.”

1:14 Kat rotates her edible crops across the 3 raised garden beds. For ease of use, they are all the same size - the trellis system she uses can be moved from one bed to another. The beds are easy to net, water, work on and harvest. “I can easily reach into the middle of the bed from either side, and even though the garden is small, I leave one metre wide paths for my wheelbarrow to get through.”

The fruit trees, including a persimmon, plum and pear are kept small and pruned regularly to promote continuous cropping throughout the year, and to make the most of the smaller site.   The fruiting grapevine shades the back of house and seating area, and provides shade for the vegie beds too. “The garden is designed so the vegies get some shade and wind protection during hot summer days.”

Kat is methodical. She keeps a diary tracking her plantings and recording all produce picked. In 2016 the garden produced 350 kg of herbs, fruit and vegetables. In 2018 this was well over 400kg. “The diary is my most important tool for increasing productivity!” Kat explained.  From record keeping, she now has a preferred list of what is best to plant in her small garden.

Kat favours vegies that are easy to grow such as silverbeet, and give back more than she puts in. Perennial vegetables are high on the list - perennial leeks, chokos and wild rocket (Diplotaxis tenuifolia) – as they keep on giving.  It should be noted that Diplotaxis tenuifolia can be invasive in many parts of Australia, and local invasive species listings should be checked prior to planting this variety.

3:34 Quails
A small-scale garden doesn’t mean you can’t have poultry to lay eggs and provide fertiliser. You just need to think small – quails! “Quails a fantastic alternative in urban areas where soil contamination, space and noise constraints may limit a flock of chickens” says Kat.

Kat’s Japanese quail (Coturnix japonica) are kept in a semi indoor coop on a concrete base with “deep litter”. You can use wood shavings, wood chips, autumn leaves, shredded paper and cardboard, which is eventually used as compost.  


Watch Gardening Australia on ABC iview: http://iview.abc.net.au/programs/gardening-australia 
 
SUBSCRIBE: http://ab.co/GardeningYouTube 
 
About Gardening Australia: 
Gardening Australia is an ABC TV program providing gardening know-how and inspiration. Presented by Australia's leading horticultural experts, Gardening Australia is a valuable resource to all gardeners through the television program, the magazine, books, DVDs and extensive online content. 
 
Connect with other Gardening Australia fans: 
Like Gardening Australia on Facebook: http://www.facebook.com/gardeningaustralia   
Follow Gardening Australia on Instagram: http://www.instagram.com/gardeningaustralia  
Visit the Gardening Australia website: http://www.abc.net.au/gardening  
 
This is an official Australian Broadcasting Corporation YouTube channel. 
******** 
Contributions may be removed if they violate ABC's Online Conditions of Use http://www.abc.net.au/conditions.htm (Section 3).",2019-05-24T10:30:00Z,860291,https://www.youtube.com/watch?v=BXzz5b7kVQM
Ka7hy-aspHc,How To Grow Strawberries From Seed | SEED TO HARVEST,"Grow Strawberries From  Free Seeds | Grow Strawberries at Home
Strawberry plants are perennial. They are naturally cold hardy and will survive mildly freezing temperatures. So, if your area has mild winters, little care is needed.

GROWING TIME : OCTOBER TO FEB (WHENEVER TEMPERATURE IS BETWEEN 6-24 DEGREE CELSIUS)

BUY STRAWBERRY SEEDS ONLINE: https://nurserylive.com/products/strawberry-seeds

MUSIC: 
FRESH FALLEN SNOW
MIND YOUR TIME",2020-12-28T08:43:23Z,6699571,https://www.youtube.com/watch?v=Ka7hy-aspHc
YDv8TEqO_Ac,Urban Gardening | Backyard Container Garden,"6 months of garden evolution
11:18 - Peak growth

Philadelphia, April - October 2018

""With beauty and purity surging through all,
We see the loving energy that fills every cell of creation""

♡
♡
♡

-nrb

@myinneroasis",2019-05-27T01:05:38Z,306651,https://www.youtube.com/watch?v=YDv8TEqO_Ac
gUUaxcRScjo,How To Grow a Mango Tree From Seed | SEED TO HARVEST,"GROW A MANGO TREE FROM A STORE BOUGHT MANGO
MANGO SEED GERMINATION | HOW TO GROW MANGOES AT HOME

SEED SOWING TIME : JUNE TO SEPTEMBER IS THE IDEAL TIME (CAN BE GROWN THROUGHOUT THE YEAR )

Reportedly, in India alone, there are around 283 types of mangoes, out of which only 30 are well-known such as Alphonso Mangoes - Ratnagiri, Maharashtra. ...
Kesar Mangoes - Junagadh, Gujarat. ...
Dasheri Mangoes - Lucknow and Malihabad, Uttar Pradesh. ...
Himsagar and Kishan Bhog Mangoes - Murshidabad, West Bengal. ...
Chausa Mangoes - Hardoi, Uttar Pradesh. ...
Badami Mangoes - North Karnataka.

MUSIC: 

Title: Parasail by Silent Partner
Genre and Mood: Rock + Bright
https://www.youtube.com/watch?v=MzO4zfNO0kQ&list=RDMzO4zfNO0kQ&start_radio=1

Title: Grass by Silent Partner
Genre and Mood: Ambient + Inspirational
https://www.youtube.com/watch?v=VlohuOGWzG8

Title: Days Are Long by Silent Partner
Genre and Mood: Cinematic + Sad
https://www.youtube.com/watch?v=dMWPj0wu1Dw

Title: Cha Cappella by Jimmy Fontanez, Media Right Productions
Genre and Mood: Jazz & Blues + Happy
https://www.youtube.com/watch?v=5gj2WkkEcIE",2020-09-19T08:35:53Z,1326222,https://www.youtube.com/watch?v=gUUaxcRScjo
rPlEA5_JrBs,How To Grow Chillies At Home|100+ chillies per plant|Seed To Harvest,"GROW CHILLY PLANT FROM CHILLIES  AT HOME | FULL INFORMATION SEED TO HARVEST...:)
DAIZZ'S TIPS:-
Growing a chilli plant from a seed can be a fun and easy endeavor! Germinate chilli seeds in a warm, consistent temperature and use a light compost to sprout seedlings. Carefully transfer a seedling to a small pot, keeping it warm and watered. Upgrade pots as the plant grows, or transfer it to your garden if the weather is warm enough. Pick chillis off of your plant regularly as a flavorful addition to your meals!
Please subscribe to my Instagram account.Thanks
link:-https://www.instagram.com/urbangarden...

Thank you for watching and please give me a Like and I would love you to SUBSCRIBE for regular updates and take a look at my other Videos...thank u..:)

MUSIC:-

Song: Jarico - Retrovi (Vlog No Copyright Music) Music promoted by Vlog No Copyright Music. Video Link: https://youtu.be/2w9P1yvAkBw

Song: Markvard - Time (Vlog No Copyright Music) Music provided by Vlog No Copyright Music. Video Link: https://youtu.be/NvZ3CN-vvsw

HEY GIRL

https://www.youtube.com/watch?v=qVX1QYtMjAk&index=3&list=PLrRVQ9K_8q5QFHikXYxFlvLT1krD1d9vx
The Wilhelm Scream (Kygo Remix) | No Copyright
• Music Master
Twitter: https://twitter.com/Musicmasterpm
Tumblr: http://musicmasterpm.tumblr.com/

• kygo
Soundcloud: https://soundcloud.com/kygo
Facebook: https://www.facebook.com/kygoofficial
Twitter: https://twitter.com/KygoMusic",2018-09-30T05:55:32Z,8752850,https://www.youtube.com/watch?v=rPlEA5_JrBs
065Unau9N7E,"Growing Potatoes on the Terrace is very easy, lots of big and beautiful tubers","Growing Potatoes on the Terrace is very easy, lots of big and beautiful tubers
This is how I mix the soil to grow vegetables at home
https://youtu.be/TZozsisfpmE
Hope useful for you.
Thank for your watching and don't forget subscribe my channel ❤

#Growing #Potatoes #Terrace",2022-01-23T11:05:46Z,10096374,https://www.youtube.com/watch?v=065Unau9N7E
mDIVpJgjoXQ,How To Make Compost At Home (WITH FULL UPDATES),"EASIEST WAY TO MAKE COMPOST AT HOME #urbangardening
DAIZZ'S TIP:-Composting is a great project to do because it uses food and yard scraps that would otherwise be thrown away to make a nutrient-rich soil amendment.Making compost correctly will allow you to feed your plants essential nutrients and make your soil more fertile, all while using items that would otherwise go into your trash.


INSTAGRAM :-https://www.instagram.com/urbangardening2/?hl=en

MUSIC:
Buddha by Kontekst https://soundcloud.com/kontekstmusic
Creative Commons — Attribution 3.0 Unported— CC BY 3.0 
http://creativecommons.org/licenses/b...
Music promoted by Audio Library https://youtu.be/b6jK2t3lcRs

Mind your Time by Me.So https://soundcloud.com/me_so
Creative Commons — Attribution-ShareAlike 3.0 Unported  — CC BY-SA 3.0 
http://creativecommons.org/licenses/b...
Music provided by Music for Creators https://youtu.be/MdyTZqbuVZE



Support Disclosure
link:-https://www.youtube.com/watch?v=ABujkaV_cKY
http://disclosureofficial.com/
http://po.st/DisclosureSpotify1 
http://soundcloud.com/disclosuremusic
https://www.facebook.com/disclosureuk
https://twitter.com/disclosure",2019-06-03T07:57:44Z,5750828,https://www.youtube.com/watch?v=mDIVpJgjoXQ
l9GLBA6oWjk,How to Grow Garlic in Water | QUICK N EASY WAY | FULL GUIDE,"How to Grow Lots of Garlic | Planting to Harvest

GROWING TIPS:-
Break apart cloves from the bulb a few days before planting, but keep the papery husk on each individual clove.
Place cloves 2 to 4 inches apart and 2 inches deep, in their upright position (the wide root side facing down and pointed end facing up). 

A good mix of garden soil, compost with a little bit of builder’s sand will give you the drainage, moisture retention, and nutrients necessary for growing garlic in containers.

Position the container somewhere that gets at least six hours of direct sunlight on most days, and keep the soil moist but not soggy.

Harvest when the tops just begin to yellow and fall over, but before they are completely dry.


GROWING TIME : SEPTEMBER TO DECEMBER (when the temperature is in the range of 50-85 F (10-30 C))

BUY IMPORTED VEGETABLE AND FLOWER SEEDS FROM MY SEED SELLER MR. ROHIT (WHATSAPP- 9818174630)

NATURAL RIVER SAND - 5kg Grey 
https://amzn.to/3syf6BV

BUY GROW BAGS :
 UV Treated Grow Bag, Multicolour, 12 x 12 inch, 10 Pieces
https://amzn.to/3lsgZLS

GROW BAGS: (18x18 inch, Pack of 8) 
https://amzn.to/2ZLpYjP

Homemade Organic Fertilizer Organic & Natural Plant Nutrient Cow Manure, Vermi compost Fertilizer (10 kg)
https://amzn.to/3lrtqHX

TrustBasket Organic Vermicompost Fertilizer Manure for Plants - 5 KG
https://amzn.to/3plPBR2

COCOPEAT 4KG BLOCK
https://amzn.to/3rsPLbL

Cocopeat Block 4 Qty Expands To 100 Kg Coco Peat Powder
https://amzn.to/3rxSm4j

Bliss of Earth Naturally Organic Kashmiri Garlic 500 gm From Indian Himalayas, Single Clove, Kashmiri 
https://amzn.to/3JahYdU

Foodrack Pure Whole Garlic Whole Lahsun BIG Size Fresh Garlic 900 gram
https://amzn.to/32hwD6F",2021-12-25T07:14:50Z,555161,https://www.youtube.com/watch?v=l9GLBA6oWjk
qJAnBGHhjAc,Urban Farms,"Watch and read more here about Urban Farms: http://bit.ly/1KR4fFs

Growing one's own food in urban areas can seem like a far-fetched idea. But not for one Pasadena family.

The Dervaes family has been growing their own food for more than a decade. They've been at the forefront of urban homesteading by growing thousands of pounds of food annually in an average-size backyard.

""I brought the country to the city rather than having to go out to the country,"" said Jules Dervaes, the man behind the self-sufficient farm he created with his three adult children.

The Dervaes' urban homestead is sustainable and dense. They grow and raise 400 varieties of vegetables, fruits, and edible flowers that amount to about 6,000 pounds of food a year, enough to feed the family with surplus left over to sell. Fresh eggs from chickens round out their diet.

The family-owned city farm is the talk of the town for many local chefs looking to cook up a tasty meal. The family makes roughly $20,000 just from selling their freshly grown produce. They use the money to buy staples that they can't grow like wheat, rice, and oats.

Reporter Val Zavala visits the Dervaes' homestead to find out what inspired Jules Dervaes to go green in the extreme.

Watch all SoCal Connected videos here: http://bit.ly/1ludEHc
SoCal Connected articles, videos, and more: http://bit.ly/1rMIUWL
Like Socal Connected on Facebook: http://on.fb.me/1p3brSq
Follow Socal Connected on Twitter: http://bit.ly/1liFUIb
Follow SoCal Connected on Instagram: http://bit.ly/1xWgbPV
Follow SoCal Connected on Vine: http://bit.ly/TU2e5c
Follow SoCal Connected on Google+: http://bit.ly/1hRLBSH
Follow SoCal Connected on tumblr: http://bit.ly/1hRLYwo",2015-01-22T03:32:49Z,1976746,https://www.youtube.com/watch?v=qJAnBGHhjAc
cXdYAAPfrdA,How To Grow Potatoes At Home (With Full Updates),"GROW POTATOES IN CONTAINERS AT HOME-FAST N EASY
DAIZZ'S TIP:-Space the tubers at least 6 inches (15 cm) apart. Ensure that they are not touching one another or the edge of the pot. Do not overcrowd each pot by planting more than the recommended amount of seed potatoes
Potatoes will not grow without sun and water. Place your container where it will receive at least six to eight hours of sun a day.

Your potatoes also need consistent water and you will need to be observant about maintaining a perfect balance. You want to keep the soil moist, but not wet. If the soil is too dry, the plants will die; if it’s too wet, the potatoes will rot. 

POTATO PLANTING TIME :-In India early winter months are ideal for planting potatoes (OCT-NOV)
The best time when to plant potatoes is in early spring. Planting potatoes two to three weeks before your last frost date will produce the most satisfactory results.

MUSIC:-


Buddha by Kontekst https://soundcloud.com/kontekstmusic
Creative Commons — Attribution 3.0 Unported— CC BY 3.0 
http://creativecommons.org/licenses/b...
Music provided by Audio Library https://youtu.be/b6jK2t3lcRs
 
Song: Ikson - Island (Vlog No Copyright Music) Music promoted by Vlog No Copyright Music. Video Link: https://youtu.be/mkYQ9yNwQIE

Summer's Tides by 🌴Oshóva🌴 https://soundcloud.com/osh-va Creative Commons — Attribution 3.0 Unported — CC BY 3.0 http://creativecommons.org/licenses/b... Music promoted by Audio Library https://youtu.be/Xz0O1kmglrE",2019-04-15T07:08:29Z,1261466,https://www.youtube.com/watch?v=cXdYAAPfrdA
F-tiSc7G53Q,Cheapest Hydroponic System For Everyone | Under $1/100 Rs,"1$ HOMEMADE HYDROPONIC SYSTEM | CHEAPEST HYDROPONIC SYSTEM 
#hydroponics 
You don’t need a large garden to grow your fresh produce. Nor do you need years of experience to build your own DIY indoor grow system. That is the beauty of hydroponics.
Hydroponic gardening involves growing plants in a water and nutrient solution without using any soil. Hydroponic gardens are easy to start in your own home so you can grow throughout the year.

Seaweed Concentrate link: https://www.amazon.in/OrganicDews-Liquid-Seaweed-Extract-Measuring/dp/B00VASGL7W/ref=sr_1_13?crid=2H67N3CJT7ILA&dchild=1&keywords=seaweed+fertilizer+for+plant&qid=1585997053&sprefix=seaweed%2Caps%2C477&sr=8-13

MUSIC: 
Mind your Time by Me.So https://soundcloud.com/me_so Creative Commons — Attribution-ShareAlike 3.0 Unported — CC BY-SA 3.0 http://creativecommons.org/licenses/b... Music provided by Music for Creators https://youtu.be/MdyTZqbuVZE

Mind your Time by Me.So https://soundcloud.com/me_so
Creative Commons — Attribution-ShareAlike 3.0 Unported  — CC BY-SA 3.0 
http://creativecommons.org/licenses/b...
Music provided by Music for Creators https://youtu.be/MdyTZqbuVZE


Hey_girl

FRESH FALLEN SNOW",2020-04-04T10:58:32Z,1206195,https://www.youtube.com/watch?v=F-tiSc7G53Q
sZg8vCDz1_c,How To Grow Eggplant/Brinjal in Containers (SEED TO HARVEST),"Grow Aubergine/Brinjal/Eggplant at Home| Fast N Easy
The Eggplant/Brinjal/Aubergine is called the King of Vegetables by some cultures. It is one of the most versatile vegetables around, loved by many people across the world. Different varieties are available everywhere and each variety is unique in its own way, with a distinctive flavor and many essential minerals
CARE TIPS:
The plants ought to have sufficient sunlight.
Stake plants over 24 inches tall.
Water well, keep the soil little moist at all times and apply a balanced fertilizer every two weeks during the growing season.
For bigger fruits, restrict to five or six per plant.
LINKS:
BRINJAL/EGGPLANT SEEDS-
Long Purple-https://nurserylive.com/en/seeds/vegetable-herb-seeds/all-vegetable-herb-seeds/brinjal-ppl-plants-in-india

Round variety-https://nurserylive.com/en/seeds/vegetable-herb-seeds/all-vegetable-herb-seeds/omx-brinjal-f1-hybrid-round-plants-in-india
White-https://nurserylive.com/en/seeds/vegetable-herb-seeds/all-vegetable-herb-seeds/omx-brinjal-f1-hybrid-white-plants-in-india
Green-https://nurserylive.com/en/seeds/vegetable-herb-seeds/all-vegetable-herb-seeds/omx-brinjal-f1-hybrid-green-long-plants-in-india

Seaweed extract-https://www.amazon.in/SW-10-G-Seaweed-Extract-Growth-Promoter_500/dp/B01MUCVDHK/ref=sr_1_9?crid=DBOC1YBD27D6&dchild=1&keywords=seaweed+extract+for+plants&qid=1591590913&s=garden&sprefix=sea%2Clawngarden%2C454&sr=1-9

MUSIC:

FRESH FALLEN SNOW

Song: BraveLion - Sleeping Jungle (Vlog No Copyright Music)
Music provided by Vlog No Copyright Music.
Video Link: https://youtu.be/-lXuuGG9d3Y",2020-06-08T04:42:14Z,497250,https://www.youtube.com/watch?v=sZg8vCDz1_c
gaHeI894wbY,My Urban Garden,"In this short film, Halifax gardener Carol Bowlby harvests a mouth-watering crop from her small backyard plot. In considering soil quality, lack of space and a short growing season challenges rather than obstacles, she offers a wealth of practical growing tips for urban gardeners. By heeding Bowlby's advice, bountiful organic gardens work equally well on apartment balconies, in small or large city lots or in a rural setting.

Directed by Polly Bennell - 1984",2016-03-02T05:00:00Z,131623,https://www.youtube.com/watch?v=gaHeI894wbY
f27AoN-K-lE,How To Grow Corn in Containers ( WITH FULL UPDATES),"HOW TO PLANT CORN AT HOME| how to plant corn at home
Plant seeds 1.5 to 2 inches deep and 4 to 6 inches apart. Soil should be well-draining, but must be able to hold some moisture. Corn tends to use a lot of water.
For sufficient pollination, plan your plot right. Instead of planting two long rows of corn, plant “blocks” of corn at least four rows deep. This ensures that the corn—which is pollinated by wind—has a greater chance of producing viable ears.
PLANTING TIME : SPRING AND SUMMER ARE THE BEST SEASON FOR PLANTING IN MOST AREAS. YOU CAN PLANT ALL YEAR ROUND IN TROPICAL AREAS.
FOLLOW ME ON INSTAGRAM ..:)
INSTAGRAM LINK:-https://www.instagram.com/urbangarden...

MUSIC:
Mind your Time by Me.So https://soundcloud.com/me_so Creative Commons — Attribution-ShareAlike 3.0 Unported — CC BY-SA 3.0 http://creativecommons.org/licenses/b... Music provided by Music for Creators https://youtu.be/MdyTZqbuVZE

Mind your Time by Me.So https://soundcloud.com/me_so
Creative Commons — Attribution-ShareAlike 3.0 Unported  — CC BY-SA 3.0 
http://creativecommons.org/licenses/b...
Music provided by Music for Creators https://youtu.be/MdyTZqbuVZE

https://www.youtube.com/watch?v=qVX1QYtMjAk&index=3&list=PLrRVQ9K_8q5QFHikXYxFlvLT1krD1d9vx
The Wilhelm Scream (Kygo Remix) | No Copyright
• Music Master
Twitter: https://twitter.com/Musicmasterpm
Tumblr: http://musicmasterpm.tumblr.com/

Jo Cohen & Sex Whales - We Are
https://www.youtube.com/watch?v=C6IaUMAg3Dc
NCS Spotify: http://spoti.fi/NCS

Free Download / Stream: http://ncs.io/jcswweare

Connect with NCS:
Snapchat: ncsmusic
• http://soundcloud.com/nocopyrightsounds
• http://instagram.com/nocopyrightsounds_
• http://facebook.com/NoCopyrightSounds
• http://twitter.com/NCSounds
• http://spoti.fi/NCS",2019-11-18T07:58:21Z,682697,https://www.youtube.com/watch?v=f27AoN-K-lE
-_g0CZyHb4A,FULL Garden Tour | WEEK 4 // New York City Urban Garden,"Welcome to this week's urban garden tour! My name is Mari and I'm gardening in Queens, New York City. Zone 7b. 

This is the 4th week of the full garden tours that I'll be doing through the 2022 growing season.  

GreenStalk Planter Discount: https://lddy.no/wndn​  
Use code ""MARISGARDEN"" for $10 off $75+ order 

FULL Garden Tour Week 1: https://youtu.be/QdXnsuJoNds
FULL Garden Tour Week 2: https://youtu.be/49RD96SY4OE
FULL Garden Tour Week 3: https://youtu.be/hgQNq0K5th8

Instagram: https://www.instagram.com/marisgardenandkitchen
Website: https://www.marisgardenandkitchen.com/
Join my facebook group: https://www.facebook.com/groups/496772298156787

My 2022 Grow List: https://youtu.be/8AZ6WQiTetM
Why I started Gardening: https://youtu.be/n5AgwylkWVc

2021 Garden Tour Playlist: https://www.youtube.com/playlist?list=PLHDaYPV0vsszVn2SDKjo5CKHHM_pM9GpG

Gardening Playlist: https://www.youtube.com/playlist?list=PLHDaYPV0vsswZCVCZaYwUJ1WUmPPniPoA
Cooking Playlist: https://www.youtube.com/playlist?list=PLHDaYPV0vsswAKBLjzmZQDnMpw56BnjRe

//

#fullgardentour #urbangarden #marisgardenandkitchen

DISCLAIMER: Links included in this description might be affiliate links. If you purchase a product with the links that I provide I may receive a small commission at NO extra cost to you. When you purchase through this links, you help supporting my channel (and my garden) helping me to continue to create free content!


Urban Garden Tour,Mari's Garden and kitchen,Mariana Lyra,urban gardening,urban garden,gardening in New York City,new york city urban garden,urban gardening in NYC,urban gardening in New York City,garden to table cooking,seasonal cooking,mariana lyra,urban gardens new york city,maris garden and kitchen,organic gardening,urban garden tour,zone 7b,vegetable garden,urban gardening nyc,kitchen garden,urban homestead,urban vegetable garden tour",2022-06-04T17:39:30Z,955,https://www.youtube.com/watch?v=-_g0CZyHb4A
G88JZ1DIdg8,How urban agriculture is transforming Detroit | Devita Davison,"There's something amazing growing in the city of Detroit: healthy, accessible, delicious, fresh food. In a spirited talk, fearless farmer Devita Davison explains how features of Detroit's decay actually make it an ideal spot for urban agriculture. Join Davison for a walk through neighborhoods in transformation as she shares stories of opportunity and hope. ""These aren't plots of land where we're just growing tomatoes and carrots,"" Davison says. ""We're building social cohesion as well as providing healthy, fresh food.

Check out more TED Talks: http://www.ted.com

The TED Talks channel features the best talks and performances from the TED Conference, where the world's leading thinkers and doers give the talk of their lives in 18 minutes (or less). Look for talks on Technology, Entertainment and Design -- plus science, business, global issues, the arts and more.

Follow TED on Twitter: http://www.twitter.com/TEDTalks
Like TED on Facebook: https://www.facebook.com/TED

Subscribe to our channel: https://www.youtube.com/TED",2018-01-09T16:14:15Z,88016,https://www.youtube.com/watch?v=G88JZ1DIdg8
WJN6ZVV4LCo,How To Grow Carrots At Home | SEED TO HARVEST,"GROW CARROTS AT HOME | CARROTS IN CONTAINERS
Home grown carrots are full of flavor and texture! They are a popular, long-lasting root vegetable that can be grown in many climates. Learn all about planting, growing, and harvesting carrots.

SEED GROWING TIME- AUGUST TO NOVEMBER

SEED LINK : 
Nantes: https://nurserylive.com/en/seeds/vegetable-herb-seeds/all-vegetable-herb-seeds/carrot-early-nantus-plants-in-india
Selection Red: https://nurserylive.com/en/seeds/vegetable-herb-seeds/all-vegetable-herb-seeds/omx-carrot-selection-red-plants-in-india
Black : https://nurserylive.com/en/seeds/vegetable-herb-seeds/all-vegetable-herb-seeds/omx-carrot-black-wonder-plants-in-india
Round Nantes: https://nurserylive.com/en/seeds/vegetable-herb-seeds/all-vegetable-herb-seeds/carrot-round-nantes-seeds-plants-in-india

BUY FLOWER AND VEGETABLE SEEDS FROM MY SEED SELLER
ROHIT-9818174630(WHATSAPP ONLY)

CONTACT SUYESH JAIN FOR GROW BAGS
(GIVE MY REFERENCE FOR DISCOUNTS) https://www.yourorganicproducts.com/
WHATSAPP NO.-+919425958119

CAMERA USED: https://amzn.to/2VaS4zj
BEST CAMERA FOR VLOGGING: CANON POWERSHOT G7 X Mark III Digital Camera-     https://amzn.to/3ergoEP
DIGITEK TRIPOD: https://amzn.to/2V9tTkV
LAPTOP USED: ACER NITRO 5 i7 : https://amzn.to/2V81USy
COCOPEAT: 10 KG BRICK-https://amzn.to/3fOLW7J
VERMICOMPOST:https://amzn.to/3dtfGFL

MUSIC:-
FRESH FALLEN SNOW

Song: BraveLion - Sleeping Jungle (Vlog No Copyright Music)
Music provided by Vlog No Copyright Music.
Video Link: https://youtu.be/-lXuuGG9d3Y",2020-08-15T08:22:58Z,557422,https://www.youtube.com/watch?v=WJN6ZVV4LCo
xE7KQU4qO7w,Have you ever seen Zucchini growing on the terrace with so many fruits?,"Have you ever seen Zucchini growing on the terrace with so many fruits?
This is how I mix the soil to grow vegetables at home
https://youtu.be/TZozsisfpmE
Hope useful for you.
Thank for your watching and don't forget subscribe my channel ❤

#Zucchini #growing #terrace",2022-01-29T12:03:20Z,1008897,https://www.youtube.com/watch?v=xE7KQU4qO7w
p0QsgSjXICc,A Systems Thinking Approach to Community-Based Urban Agriculture | Kalen Pilkington | TEDxMacEwanU,"Who knew reconnecting people with their local food systems would also create a new kind of community? Kalen Pilkington illustrates how farming underutilized land in our backyards can lead us toward system wide solutions for some of Earth’s biggest problems.  Kalen understands that sustainability is about more than recycling and saving the bees (although she really loves bees). It’s about finding a balance between ecological integrity, economic vitality, social equity and cultural continuity. As the Director of Sustainability at MacEwan University, Kalen sets and achieves admiral goals for the campus — but she sets equally admiral (lofty?) goals for herself. She’s an avid adventurer, a lifetime learner, and an advocate for healthy built (maybe lose built) environments that promote connectivity and well-being.  Kalen likes to tackle global challenges through local action; connecting people to one another and the larger community.  As a dynamic change leader, Kalen believes in status-quo disruption, encouraging everyone to explore innovative, interdisciplinary solutions. This talk was given at a TEDx event using the TED conference format but independently organized by a local community. Learn more at https://www.ted.com/tedx",2018-02-15T15:20:51Z,15119,https://www.youtube.com/watch?v=p0QsgSjXICc
01wTBIuhudU,Grow Lots of Tomatoes | 12 Tips | Complete Growing Guide,"12 EASY TIPS TO GROW TONS OF TOMATOES 
#urbangardening #tomatoes #tomato #growtomatoes #growingtomatoes
Growing tomatoes is an easy way to get going on your home gardening and get fresh ingredients for your soups, salads, sandwiches and more. Start with a variety to grow and enjoy a delightful harvest from your home garden. Use these simple tips to get tons of tomatoes in your home garden. 

How to grow tomatoes from seed (seed to harvest)
video link: https://www.youtube.com/watch?v=eySTo2GgvoY

ROCK PHOSPHATE
https://www.amazon.in/Jio-Green-Phosphate-Fertilizer-Assimilate/dp/B07KZT3R3N/ref=sr_1_4?crid=2MSSG7BOR7FEB&dchild=1&keywords=rock+phosphate&qid=1611656235&s=garden&sprefix=ROCK%2Clawngarden%2C383&sr=1-4

SEA WEED
https://www.amazon.in/OrganicDews-Liquid-Seaweed-Extract-Measuring/dp/B00VASGL7W/ref=sr_1_4?crid=3KWFYQHZFTSP5&dchild=1&keywords=seaweed+liquid+fertilizer+for+plants&qid=1611656275&s=garden&sprefix=SEA+WEE%2Clawngarden%2C355&sr=1-4

VERMICOMPOST
https://www.amazon.in/TrustBasket-Organic-Vermicompost-Fertilizer-Manure/dp/B07PRXV7MJ/ref=sr_1_4?crid=135HX94056YA2&dchild=1&keywords=vermicompost+for+plants&qid=1611656310&s=garden&sprefix=VERMI%2Clawngarden%2C371&sr=1-4

TOMATO SEEDS
F1 HYBRID- https://nurserylive.com/collections/all/products/omx-tomato-f1-hybrid-ts-15-seeds

HEIRLOOM 
https://nurserylive.com/collections/all/products/omx-tomato-roma-vf-seeds

CHERRY
https://nurserylive.com/collections/all/products/omx-cherry-tomato-wild-texas-seeds",2021-01-26T10:44:54Z,1125642,https://www.youtube.com/watch?v=01wTBIuhudU
yfJCBrm7CA4,Planting Hope through Urban Gardening in this Pandemic,"Videographer Katie Rutter and her husband, who is a plant biologist, are planting hope during this pandemic — one small seed at a time. They've taken up urban gardening using basic items around the house like egg cartons and toilet paper rolls to grow everything from veggies to flowers.

Connect with us on social media!
Instagram: https://www.instagram.com/GrottoNetwork/
Twitter: https://twitter.com/GrottoNetwork
Facebook: https://www.facebook.com/GrottoNetwork/
Pinterest: https://www.pinterest.com/GrottoNetwork/

Visit us at grottonetwork.com/

Subscribe to our weekly newsletter: http://bit.ly/2Dlzud7
---
| VIDEO TRANSCRIPT |
Grotto Stays In It Together

Katie Rutter: We were able to start this whole little garden without actually using any proper tools. It was just kind of using what we had around. I'm Katie Rutter. I am a videographer and a contributor to Grotto Network. 

Brian Rutter: And I'm Brian Rutter, her husband and a plant biologist at Indiana University.

Katie and Brian are making an urban garden during quarantine with herbs, veggies, and flowers.

These are mustard seeds, very biblical. When you get the seed it's just this kind of lifeless, hard thing, and everything to make that plan is stuck inside that shell. It helps us remember that God, by small degrees, He's going to raise us out of this situation. 

Katie: It's like a sign from Him, ""Look, I make all things new. I can still bring good out of this crap, out of this dirt. I can still make something beautiful blossom.""

[Shows different plants they’re growing — basil, tomato, marigold, etc.]",2020-05-09T11:06:44Z,371,https://www.youtube.com/watch?v=yfJCBrm7CA4
LThXZLtSRN8,How to Grow Lemon Tree (With all Care Tips),"GROW TONS OF LEMONS IN POTS... FOLLOW THESE CARE TIPS...:)
You want to grow lemons but stop because you run out of space or you don’t grow it because you live in a colder region. If this is your plight then growing a lemon tree in a pot is a smart idea. Plant it on a patio, terrace or in indoors and you will be bestowed by its scented flowers and soft yellow citrus fruits. You can grow it in balcony too, Meyer lemon variety is perfect for kitchen and balcony gardens, especially for non-tropical zones
Daizz's tips:-
Choose a pot that is 25% bigger than the root ball of the plant. Clay pot is ideal because unlike plastic it is porous and evaporates water from sides, this helps the lemon tree to grow well as it dislikes being water logged. The quality and type of soil is an important factor too. For growing high yielding plants, use well draining organic potting mix.

Requirements for Growing Lemon Tree in a Pot

Repot your lemon tree in every couple of years or so in the beginning of spring (in tropics winter is the best season). Your pot size should be according to the scale of your tree. Avoid too large or small planters, keep in mind to use a container that is one size bigger than your previously used pot.

*pH level of soil should be around 5.5 to 7 as the plant prefer slightly acidic soil to neutral soil.

Sunlight

All plants in the citrus family love full sun, around 7 to 8 hours of sunlight is essential. If growing indoors use grow light to provide adequate lighting inside.

Watering

The lemon tree requires consistent watering to produce healthy fruits. Giving it too much or too little water can lead to blossom and fruit drop and sometimes plant may die too. Check top 2-inch layer of soil for dryness before watering. On windy and hot days, it requires more frequent watering.

Thank you for watching and please give me a Like and I would love you to SUBSCRIBE for regular updates and take a look at my other Videos...thank u..:)
Please subscribe to this beautiful channel ..which belongs to a beautiful and very humble man..:) Have a look guys ..all videos are very beautiful...:) 
channel name:-Richard Parker
LINK:-https://www.youtube.com/channel/UCKVYh64uTuG4AgoRspIdsAw

SUBCRIBE TO THIS BEAUTIFUL CHANNEL
CHANNEL NAME :TECH GARDEN
LINK:-https://www.youtube.com/channel/UCvoqgfbi1_FnDx_DEppjK_Q
 
CHANNEL NAME:-PAINTED PETALS(Subscribe for beautiful gardening videos)
CHANNEL LINK:-https://www.youtube.com/channel/UCKaxJzRJsL52P8EZFhbDFfw
MUSIC:-
[Melodic House] Dipcrusher - Something New [Heroboard Release]
heroboard – free music to free your mind
» Twitter: https://twitter.com/heroboard
» Spotify: http://sptfy.com/Wdk

Melodic vibes to chill your summer.

• Dipcrusher
https://soundcloud.com/dipcrusher
https://twitter.com/dipcrusher
https://facebook.com/Dipcrusher-37120...
DOWNLOAD
https://www.heroboard.es/download/?id...


Buddha by Kontekst https://soundcloud.com/kontekstmusic
Creative Commons — Attribution 3.0 Unported— CC BY 3.0 
http://creativecommons.org/licenses/b...
Music provided by Audio Library https://youtu.be/b6jK2t3lcRs",2017-07-02T08:53:19Z,2036491,https://www.youtube.com/watch?v=LThXZLtSRN8
Cmh3S9EpvXA,"Can Urban Farming Fix Our Broken Relationship With Food? | Food, Wasted 3/3","In industrialised cities in Asia like Hong Kong and Singapore, more than 50% of food waste happens at the consumer and retail stage. With supermarkets and online grocers in abundance, consumers can buy food almost instantly, and are completely removed from the food growing process. Without attachment, wasting food becomes easy.  

But some groups are hoping urban farming can change these wasteful ways - by helping people understand how difficult it is to grow food and rebuild their appreciation for it.

In Hong Kong, Rooftop Republic takes idle rooftop spaces, such as at the Metroplaza shopping centre, or at Cathay Pacific and Sino Group’s office buildings, and works with the occupants to transform the space into farms that grow food like eggplants, blue pea flowers, and chillies. It's also working with DBS Foundation to offer gardening workshops and vocational courses, to expose more city folk to urban farming. 

In Singapore, Edible Garden City also has been converting urban spaces and schools to food production. The social enterprise promotes growing localised species like Sayur Manis to help reduce reliance on imported vegetables and a wasteful long supply chain.

Highrise apartment living is no obstacle to home growers who have been planting kangkong and chye sim, and have even started their own compost bins and worm farms to convert food waste to fertiliser. 

Food, Wasted is a documentary series done in partnership with DBS, exploring the reasons why food waste occurs, what some groups are doing about it and offers audiences simple but effective solutions to tackle food waste. 

To learn more about why we need to work together towards zero food waste and how DBS is raising awareness on this issue: https://go.dbs.com/3cFh0Zk

ALSO WATCH: 
- Ep 1: Why are we throwing away perfectly edible food? https://youtu.be/cKjnKcCKve8 
- Ep 2: Why so much food is lost before it even gets to us https://youtu.be/Nn6JdjBHJ0o 

*Edit: At 1:52, Gerald Fu should be spelt Gerald Foo.

For more, SUBSCRIBE to CNA INSIDER! 
https://cna.asia/insideryoutubesub

Follow CNA INSIDER on:
Instagram: https://www.instagram.com/cnainsider/
Facebook: https://www.facebook.com/cnainsider/
Website: https://cna.asia/cnainsider",2021-03-13T13:00:04Z,27190,https://www.youtube.com/watch?v=Cmh3S9EpvXA
yGZ0lxndLiM,How to Grow Cucumbers at Home with Many Fruits | EASY WAY,"GROW CUCUMBERS IN POTS | GROW ARMENIAN CUCUMBERS |
FAST AND EASY METHOD

SEED GROWING TIME : Mid February to August End 
TEMPERATURE: 26 TO 38 Degree Celsius

SEED LINKS
https://paudhabazar.com/Shop?query=6&...

F1 CUCUMBER SEEDS
https://nurserylive.com/products/omx-cucumber-f1-hybrid-sultan-seeds?gclid=Cj0KCQjwna2FBhDPARIsACAEc_WDjPZrpPaD7AXWZGxSqsCUzgclJhXR4-J5P3RtxNlWcYpHRKb5SfsaArvyEALw_wcB

ARMENIAN CUCUMBER SEEDS
https://nurserylive.com/products/omx-selection-long-melon-kakri-seeds?gclid=Cj0KCQjwna2FBhDPARIsACAEc_Xvam9C19Zl62OmDacmN7z2tZ6FCq6IZ3pjU00G1xUkzp2TLtcOfiUaAoJuEALw_wcB

PURPLE LONG
https://paudhabazar.com/SingleProduct...
F1 LONG
https://nurserylive.com/collections/a...

F1 ROUND
https://nurserylive.com/collections/a...

F1 WHITE
https://nurserylive.com/collections/a...

BITTER GOURD
https://paudhabazar.com/SingleProduct...

BOTTLE GOURD
https://paudhabazar.com/SingleProduct...

YELLOW SQUASH
https://paudhabazar.com/SingleProduct...

CUCUMBER
https://paudhabazar.com/SingleProduct...
GHOST PEPPER SEEDS
https://theaffordableorganicstore.com...

MUSIC:-
FRESH FALLEN SNOW",2021-05-25T07:19:35Z,71620,https://www.youtube.com/watch?v=yGZ0lxndLiM
sDn3YDO69S8,Urban Farming,"By the end of the 20th century, nearly 80% of Americans lived in urban areas. And they no longer knew who grew their food. Then something happened. Across America, an urban farming movement has begun. Whether it's on city rooftops, beside freeway off-ramps, in vacant lots, and even in their front yards, when people like Novella Carpenter in Oakland, California grow food in cities it reconnects them to where their food comes from.

To know more visit http://thelexicon.org

A Rumplefarm, LLC Production
Produced by Laura Howard-Gayeton
Written and Directed by Douglas Gayeton
Edited by Pier Giorgio Provenzano

""Y.I.M.B.Y.""
Colin McCrate
Seattle Urban Farm Company
Seattle, WA
""Founder and co-owner of Seattle Urban Farm Company, Colin has been working in sustainable agriculture since 1999. An advocate of experiential education, his agricultural expertise comes from years of hands-on field learning on a variety of farm sites. Past projects include the design and construction of educational and residential gardens, management of a 5-acre diversified vegetable farm, development of garden-based environmental education curriculum and small-farm and garden consultation. His new book Food Grown Right, In Your Backyard(Mountaineers Books, 2012) is a step-by-step guide to small-scale food production for the beginning food gardener.

""Rooftop Farm""
Ben Flanner
Brooklyn Grange rooftop Farm
Brooklyn, NY
Ben Flanner is the head farmer, CEO, and co-founder of Brooklyn Grange rooftop Farm, based in New York City. A pioneering urban farm operation, the business produces vegetables, herbs, and honey on over 2 ½ acres of intensive green roofs, and sells its produce via restaurants, farmer's markets, and CSAs. Prior to founding the Brooklyn Grange, Ben co-founded and managed the Eagle Street Rooftop farm. He has a BS degree in Industrial Engineering from the University of Wisconsin, and prior experience in management consulting and marketing. The Brooklyn Grange received the LICBDC Green Business Award in 2010, the Green Roofs for Healthy
Cities Award of Excellence in 2011, and Queens Community Business Award from Mayor Bloomberg's office in 2012. He was born and raised in Milwaukee, Wisconsin and currently resides in Brooklyn.

""Rooftop Farm""
Robert Lateiner
Brooklyn Grange rooftop Farm
Brooklyn, NY
Rob, a farmer at the Brooklyn Grange, which is widely recognized as the leader in rooftop agriculture and as an exceptional green and community-minded business.

""Guerilla Gardener""
Mr. Stamen
LAGG
Los Angeles, CA
The la guerrilla gardeners want people to engage their own community with a new sense of pride and ownership. Lagg began in june of 2008 after the response generated from building a garden for the birthday of one of its founding members, Mr. Stamen. His friends and neighbors immediately asked when they would be doing the next one and LAGG was born. They find orphaned land, pick the right plants, and involve their friends.

""Front yard Farmer""
Trathen Feldman
Daily Acts
Petaluma, CA
Trathen Heckman, Executive Director, is the founder of Daily Acts, publisher of Ripples Journal and a backyard farmer. Former director of Green Sangha, he serves on the board of Transition US. Trathen inspires, educates and collaborates with communities, business and municipal leaders to harness the power of nature and inspired action to restore the health of our lives and communities. He lives in the Petaluma River Watershed where he grows food, medicine and wonder while working to compost apathy and lack.

""Urban Farmer""
Novella Carpenter
Ghost Town Farm
Oakland, CA
Novella Carpenter is the author of Farm City: The Education of an Urban Farmer, and co-author of The Essential Urban Farmer. She farms still in Oakland, CA with her partner Billy and their daughter, Frannie. Her blog,www.novellacarpenter.net details day to day life on her little farmlette in the city, Ghost Town Farm.

""Urban Apiary""
Jon Feldman
Brooklyn, NY
Jon was inspired by Chef Eve Felder's bees in Duchess County. He'd always assumed that one day he would live out in the country with a small garden and bees close by. He never considered keeping bees in the city (he thought the noise and pollution would keep the bees from doing their jobs). Then his friend Brandon had the idea to put them on the roof above Roberta's Pizza. When they began beekeeping it was illegal in New York.

""Urban Apiary""
Eddie Diaz
Brooklyn, NY
Eddie Diaz is a self-taught beekeeper, punk rocker and Brooklyn restaurateur.

Help us caption & translate this video!

http://amara.org/v/FGnd/",2014-07-22T15:16:22Z,22152,https://www.youtube.com/watch?v=sDn3YDO69S8
d45ZjKGbOOU,Urban Gardening,"A video of the creation of a biological art piece in the backyard of the Dutch Government. It's a statement against current policies used to slowly destroy the right of self-determination. It's a statement without hurting,killing or destroying any creature or object
in fact, we prove that The Hague is still a very fertile breeding ground for art.

A video by Chris Pieplenbosch and two other artists who would like to remain anonymous.

The soundtrack ""En-dat-is-1"" provided by Durk&Niek",2008-09-02T18:52:07Z,7050,https://www.youtube.com/watch?v=d45ZjKGbOOU
ddiYlzTbrGU,Urban Gardening | DW English,"Turning unused urban spaces into vegetable gardens is a trend that has many adherents in Berlin, because it's eco-friendly and promotes a sense of community. Visit the Himmelbeet Café and the Prinzessinnen gardens.

http://www.dw.com/en/tv/check-in/s-32688",2017-05-26T13:51:50Z,3845,https://www.youtube.com/watch?v=ddiYlzTbrGU
JYYjwKoGi3I,How To Grow Lotus Plant | FULL INFORMATION,"GROW LOTUS FLOWER IN CONTAINERS| GROW LOTUS AT HOME 
BUY TUBERS :
Mr. KAUSHIK (LOTUS HOBBYIST)- 8697010697

BUY FLOWER AND VEGETABLE SEEDS:
ROHIT SEED SELLER: 9818174630(WHATSAPP ONLY)",2021-03-06T03:17:44Z,2251579,https://www.youtube.com/watch?v=JYYjwKoGi3I
rYlk-Hd3Y3I,Berlin eats its greens - urban gardening | Discover Germany,"More and more people are turning to foods that are produced sustainably. And Berlin is a cornucopia of organic, regional and seasonal produce.
 An American gourmet magazine recently declared Berlin the vegetarian capital. In any case, more and more people in the German capital are going green when it comes to food.

  

 There are several good-sized urban garden projects, and market halls feature locally grown produce. There's even a gourmet restaurant, Nobelhart &amp; Schmutzig, whose specialties are prepared using ONLY locally grown ingredients.",2015-11-14T19:48:03Z,5426,https://www.youtube.com/watch?v=rYlk-Hd3Y3I
gjDngbypdro,Urban Gardening Tips | Garden Home (1106),"On  this episode Garden Home, host P. Allen Smith discusses urban gardening tips and ideas. Allen visits the Argenta District of North Little Rock where a special event to benefit The Susan G. Komen Foundation is taking place. The Plant it Pink event is where the entire district is planted with 25, 000 pink tulips to honor families affected by breast cancer. Allen then travels to Chicago for visits to the Victory Gardens and The Trump Towers rooftop garden. Back home in Little Rock, Allen's staff has created their very own vegetable garden; we'll see how it's coming along.

Topics Include 
Chicago Victory Community Garden 
Chicago Rooftop Gardens at Trump Towers 
Backyard Poultry Farming 
Adding Pink Tulips in Argenta Arts District for Breast Cancer Awareness
Allen's Harvest Party 
Chicago Botanic Garden Tour 
Virtual Makeover

---

P. Allen Smith is a landscape and garden designer, horticulturist, preservationist and television host.  His passions span the subjects of community, health, sustainability and history.  He has designed the grounds at many of the nation’s most notable estate properties, townhomes, and commercial complexes.  And, for over 19 years, he has shared his green knowledge and insight with the public via ABC, NBC, CBS, Fox, his own PBS television, and six book titles.  Currently, Allen is focused on residential, commercial and community designs that are beautiful, improve our contentedness, and our social and physical health.

To learn more about:
…Allen’s horticultural interests and secrets, sign up for his weekly newsletter:  https://pallensmith.com/

...visiting Allen’s Garden Home above the Arkansas River, see https://pallensmith.com/tours/

….Allen’s favorite plants mentioned in his social media, see:  To review many of the plants Allen mentions in his posts and that are planted in his own garden, see https://pallensmith.com/gilbert-h-wild-allens-favorites/

….retaining Allen’s Garden and Landscape design firm, see http://www.pallensmithandassociates.com/

…Allen’s Garden Home-inspired intergenerational community in Monroe, LA, see https://www.gardensofsomerset.com/

-----
This video is made possible by the following sponsor.
(So go check them out!) 

Gilbert H. Wild and Son: 
https://www.gilberthwild.com/ 
-----

Want more Allen? 
Allen's Official Website: http://www.pallensmith.com
Facebook: https://www.facebook.com/pallensmith
Instagram: https://www.instagram.com/pallensmith/
Pinterest: https://www.pinterest.com/pallen_smith/
Twitter: http://twitter.com/pallensmith",2019-04-08T13:00:12Z,15778,https://www.youtube.com/watch?v=gjDngbypdro
2h59wJjQfiE,Top 5 Benefits of Urban Farming Explainer Video,"Urbanization is increasing across the globe. Will that cause food shortages or cause food insecurity? Introduce students to urban agriculture, one of the types of farming that be the answer to the growing needs for the future. Farming in cities is practiced by nearly 800 million people. This article or video-based lesson plan will introduce a few urban farming techniques, give some urban farming examples and get students discussing how their communities could use empty space for urban agriculture.

See this lesson plan in Dynamic Earth Learning's store:
https://www.teacherspayteachers.com/Product/Top-5-Benefits-of-Urban-Farming-For-Google-Classroom-6686471?utm_source=youtube&utm_campaign=youtube

Visit Dynamic Eart Learning's blog:
www.dynamicearthlearning.com #middleschool  #distancelearning #onlinelearning #homeschool #virtuallearning #earthday #sustainabilityeducation #scienceteacher #middleschoolscience",2021-03-15T20:38:39Z,2339,https://www.youtube.com/watch?v=2h59wJjQfiE
2x5kxEBrXu0,Our First BIG Harvest of the Season! // Urban Gardening in NYC,"Welcome to my urban garden! My name is Mari I'm gardening in Queens, New York City. Zone 7b. 

Instagram: https://www.instagram.com/marisgardenandkitchen
Website: https://www.marisgardenandkitchen.com/
Join my facebook group: https://www.facebook.com/groups/496772298156787

My 2022 Grow List: https://youtu.be/8AZ6WQiTetM
Why I started Gardening: https://youtu.be/n5AgwylkWVc

2022 Garden Tour Playlist: https://youtube.com/playlist?list=PLHDaYPV0vssxoMpysedn-ONqGRprlEMDB

Gardening Playlist: https://www.youtube.com/playlist?list=PLHDaYPV0vsswZCVCZaYwUJ1WUmPPniPoA
Cooking Playlist: https://www.youtube.com/playlist?list=PLHDaYPV0vsswAKBLjzmZQDnMpw56BnjRe

GreenStalk Planter Discount: https://lddy.no/wndn​  
Use code ""MARISGARDEN"" for $10 off $75+ order 

//

#marisgardenandkitchen #urbangarden #organicgardening

DISCLAIMER: Links included in this description might be affiliate links. If you purchase a product with the links that I provide I may receive a small commission at NO extra cost to you. When you purchase through this links, you help supporting my channel (and my garden) helping me to continue to create free content!",2022-07-11T20:00:01Z,577,https://www.youtube.com/watch?v=2x5kxEBrXu0
EzZzZ_qpZ4w,A guerilla gardener in South Central LA | Ron Finley,"Ron Finley plants vegetable gardens in South Central LA -- in abandoned lots, traffic medians, along the curbs. Why? For fun, for defiance, for beauty and to offer some alternative to fast food in a community where ""the drive-thrus are killing more people than the drive-bys.""

TEDTalks is a daily video podcast of the best talks and performances from the TED Conference, where the world's leading thinkers and doers give the talk of their lives in 18 minutes (or less). Look for talks on Technology, Entertainment and Design -- plus science, business, global issues, the arts and much more.
Find closed captions and translated subtitles in many languages at http://www.ted.com/translate

Follow TED news on Twitter: http://www.twitter.com/tednews
Like TED on Facebook: https://www.facebook.com/TED

Subscribe to our channel: http://www.youtube.com/user/TEDtalksDirector",2013-03-06T16:35:06Z,1347307,https://www.youtube.com/watch?v=EzZzZ_qpZ4w
VfrekCNErqo,79 Modern Urban Garden Design Ideas,"Modern urban garden ideas, landscape design ideas. Today you'll see great ideas for your backyard and patio area. Subscribe and watch more new videos!
Music: Sing To Me - Sven Karlsson
I'm Falling In Love - Wildflowers
A Little Bit of Faith - Malena Stark
What the Heart Wants - Katharine Appleton
How to Carry On - Wildflowers

 - Royalty Free Music - Epidemic Sound -

Follow us on social networks:
Facebook: https://www.facebook.com/RunmanReCordsDesign
Twitter: https://twitter.com/SofiaVinciIDI
RunmanReCords Design! Subscribe - http://bit.ly/1rgw89b
Backyard design ideas, outdoor fireplace ideas and garden ideas.",2020-08-04T17:34:32Z,439008,https://www.youtube.com/watch?v=VfrekCNErqo
QdXnsuJoNds,The First FULL GARDEN TOUR! 2022 Growing Season | WEEK 1 // Urban Gardening in NYC | Zone 7b,"Welcome to my urban garden! My name is Mari and I'm gardening in Queens, New York City. Zone 7b. This is going to be the first garden tour of the 2022 growing season.

GreenStalk Planter Discount: https://lddy.no/wndn​  
Use code ""MARISGARDEN"" for $10 off $75+ order 

WATCH NEXT:
First April Harvest and Garden Focaccia: https://youtu.be/BlIkX_aa6hA
Starting First Seeds: https://youtu.be/6qs94ARhRPM
Sowing Cucumber Seeds: https://youtu.be/-q6i_2xUvP0
Planting MORE seeds (Greens, flowers & herbs): https://youtu.be/iJq6LJvf1Ro
Amending Plot Garden:  https://youtu.be/oIt3_6lSHIk
Getting Free Compost at the Queens Botanical Garden: https://youtu.be/NSLE4WRDcqQ

My 2022 Grow List: https://youtu.be/8AZ6WQiTetM
Why I started Gardening: https://youtu.be/n5AgwylkWVc
2021 Garden Tour Playlist: https://www.youtube.com/playlist?list=PLHDaYPV0vsszVn2SDKjo5CKHHM_pM9GpG
Gardening Playlist: https://www.youtube.com/playlist?list=PLHDaYPV0vsswZCVCZaYwUJ1WUmPPniPoA
Cooking Playlist: https://www.youtube.com/playlist?list=PLHDaYPV0vsswAKBLjzmZQDnMpw56BnjRe

Instagram: https://www.instagram.com/marisgardenandkitchen
Website: https://www.marisgardenandkitchen.com/
Join my facebook group: https://www.facebook.com/groups/496772298156787


//

#urbangardentour #gardentours2022 #marisgardenandkitchen

DISCLAIMER: Links included in this description might be affiliate links. If you purchase a product with the links that I provide I may receive a small commission at NO extra cost to you. When you purchase through this links, you help supporting my channel (and my garden) helping me to continue to create free content!",2022-05-15T18:28:10Z,1340,https://www.youtube.com/watch?v=QdXnsuJoNds
3hElJbz_wUQ,Food and the City: Urban farming in Paris,"Subscribe to France 24 now:
http://f24.my/youtubeEN

FRANCE 24 live news stream: all the latest news 24/7
http://f24.my/YTliveEN

Paris is not a place where you'd expect to find rows of neatly planted fruit and vegetables, but urban farming is flourishing in the French capital. The Down to Earth team takes a closer look.

Visit our website:
http://www.france24.com

Subscribe to our YouTube channel:
http://f24.my/youtubeEN

Like us on Facebook:
https://www.facebook.com/FRANCE24.English

Follow us on Twitter:
https://twitter.com/France24_en",2019-10-04T15:56:38Z,5495,https://www.youtube.com/watch?v=3hElJbz_wUQ
bAhNqz2CMQM,Landscaping with vegetables creates free food for all | Urban Farming | Gardening Australia,"Millie and Squid visit the small regional South Gippsland town of Foster, which has taken its street food to a whole new level, by planting out the verges and roundabouts with plants that are edible as well as beautiful.
  
The guiding hand behind this productive program is council horticulturist Paul Robinson. “People just love it,” he says. “Not one bad comment in the 10 years I've been here.” 

People are welcome to help themselves, but at their own risk: Paul says there are three types of chillies planted around the town, from mild to very hot, and people have to taste them to find out which is which. 

In summer, the main roundabout as you enter the town is planted with chillies, capsicums, silverbeet, thyme, oregano, celery, and eggplant, as well as colourful bedding plants. Another bed has tall corn plants, with chives and marigolds landscaped around the base. 

Initially residents weren’t sure if they were allowed to pick the plants, so Paul says there was a “4:30pm rush” - as soon as the parks staff left work at 4pm, people would hit the streets and start picking! Now people know to pick the leaves of plants, rather than rip out the whole plant.  

The plants are quite safe to pick and eat - they just need a quick wash. 

The plantings take a fair bit of work: two weeks to prepare the beds, nearly two weeks of planting, then ongoing maintenance and watering. But Paul says it’s worth it for the response they get.  

See the latest content from Gardening Australia as it goes live by hitting subscribe: http://ab.co/GardeningYouTube 
Watch Gardening Australia on ABC iview: http://iview.abc.net.au/programs/gardening-australia 
 
About Gardening Australia: 
Gardening Australia is an ABC TV program providing gardening know-how and inspiration. Presented by Australia's leading horticultural experts, Gardening Australia is a valuable resource to all gardeners through the television program, the magazine, books, DVDs and extensive online content. 
 
Connect with other Gardening Australia fans: 
Like Gardening Australia on Facebook: http://www.facebook.com/gardeningaustralia   
Follow Gardening Australia on Instagram: http://www.instagram.com/gardeningaustralia  
Visit the Gardening Australia website: http://www.abc.net.au/gardening  
 
This is an official Australian Broadcasting Corporation YouTube channel. 
******** 
Contributions may be removed if they violate ABC's Online Conditions of Use http://www.abc.net.au/conditions.htm (Section 3).",2020-05-15T09:00:11Z,41435,https://www.youtube.com/watch?v=bAhNqz2CMQM
3l3hMeeVSI0,Black Panther-Inspired Urban Farming,"Welcome to West Oakland Farms, where former Black Panther Elaine Brown is helping ex-cons by giving them ownership in an urban farm. From video journalist David Zlutnick in Oakland, California.
Big thanks to our friends at CivilEats for bringing us the story: http://civileats.com/2015/09/09/former-black-panther-launches-oakland-urban-farm-to-give-ex-prisoners-a-fresh-start/
For more on Oakland & The World Enterprises: http://oaklandandtheworld.org/

Subscribe for more videos: http://www.youtube.com/channel/UCV3Nm3T-XAgVhKH9jT0ViRg?sub_confirmation=1

Like us on Facebook: https://www.facebook.com/ajplusenglish

Download the AJ+ app at http://www.ajplus.net/

Follow us on Twitter: https://twitter.com/ajplus",2015-10-23T20:29:15Z,36643,https://www.youtube.com/watch?v=3l3hMeeVSI0
t5UyMdDjlxc,"How To Grow More, In Less Space feat. MCR Urban Gardening","Charles Malki, Biologist & Plant Expert for https://IVOrganics.com/ tours https://www.instagram.com/MCRUrbanGardening/ construction and design projects developed to create the most functional gardens with limited gardening space.  From garden arbors, trellises, garden beds & boardwalks to maximize the utility & safety; MCR Urban Gardening does it all!  Additionally, we were introduced to some exceptional individuals that care for both disabled children & pets—making every day as special & meaningful as possible.  Please show your support by following & sharing the following links:
https://www.instagram.com/huntbchfamily/
https://www.instagram.com/compassionworkshb/
https://www.instagram.com/rollinpaws/
 
IV Organic® All Purpose Fertilizer, 4 lbs bag FREE giveaways rules are at: https://www.instagram.com/MCRUrbanGardening/  
Winner’s announced on July 1, 2021!
#MCRUrbanGardening #RollinPaws #IVOrganic

Thank you for using IV Organic® brand products: https://ivorganics.com/
IV Organic® 3-in-1 Plant Guard is available in colors white, brown, green, grey & greige.

IV Organic products can be found in 100+ stores nationwide. Contact your local nursery to find out if they stock our product. If not, please ask the manager of your local nursery to call or e-mail us directly; contact (e-mail and toll-free phone) can be found at http://IVOrganics.com/ 

Stay connected with IV Organic:
https://twitter.com/IV_Organics
https://www.instagram.com/iv_organics/
https://www.facebook.com/TreeGuardPaint/?ref=aymt_homepage_panel

The following are more related gardening videos:
OMG! Why Cut ""The Giving 'Fig' Tree"" To A Stump? | Pruning | Grafting | Sealing & MORE
https://www.youtube.com/watch?v=xkN0fPx9Ens

3-in-1 Grafting Success…. 7 Weeks UPDATE | Peaches, Plums & Apricots | BEFORE & AFTER
https://www.youtube.com/watch?v=AT1rcaNwVeA&t=229s

Grafting Fruit Trees Any Time Of Year--Biologist & IV Organics Plant Expert, Charles Malki
https://www.youtube.com/watch?v=c4cwO96maNI&t=103s

7-11 Potting Tips | 7 DON’TS & 11 DOS | Part 1 of 2
https://www.youtube.com/watch?v=hH5_ClNIBJ4

A to Z | ALL ABOUT BARE ""NAKED"" ROOT FRUIT TREES | SELECTING, PRUNING, PLANTING, PAINTING & MORE
https://www.youtube.com/watch?v=xCVZgkfpYL4

3-IN-1 APPLE TREE | Approach & Cleft GRAFTING | THE 3 SHADES OF IV ORGANICS
https://www.youtube.com/watch?v=ORmiejNDNOw&t=45s

Grafting Fruit Trees Any Time Of Year--Biologist & IV Organics Plant Expert, Charles Malki
https://www.youtube.com/watch?v=c4cwO96maNI&t=6s

""My Orange Tree Has 3rd Degree Burns!"" -- HELP!!! IV Organic 3-in-1 Tree Guard Paint
https://www.youtube.com/watch?v=RJ-a473LWh4&t=366s

TOMATO CARE | EGG SHELL PUREE | NPK-CA | PEST CONTROL | IV ORGANIC PLANT GUARD
https://www.youtube.com/watch?v=aCIV5yMXjTg&t=9s

FISH CONTAIN 60+ ELEMENTS, INCLUDING NPK! An Excellent Organic Addition To Your Garden & Orchard!
https://www.youtube.com/watch?v=bEy5gvLBZps&t=94s

Winter Citrus Harvest Time, Is Pruning Time TOO!
https://www.youtube.com/watch?v=5uxLnJWHjtE&t=25s

Lisa Smith; Arborist, on Extreme Drought, Extreme Rain & Extreme Wind @ Hollywood Hills Garden Club
https://www.youtube.com/watch?v=DZmYmG8w8G0&t=25s

Q&A w/ Dr. Suzanne DeBenedittis of GreenerWayAssociates.org | Girdling & Sunburn & Pest Control
https://www.youtube.com/watch?v=g_860YD6vd0&t=1208s

Summer-Time Pruning Of Fruit Trees For More Spring Flowers & Fruits! |30-DAYS FOLLOW-UP
https://www.youtube.com/watch?v=CXoSHXkK2dU

ANTIBIOTICS FOR ALL PLANTS!!! So EASY.... So NATURAL.... A 100% ORGANIC GARDEN! by IV Organic
https://www.youtube.com/watch?v=9JJDW7h2Xk4&t=6s

5-IN-1 Fig Tree | Grafting & Re-Potting Techniques
https://www.youtube.com/watch?v=vdCe27PyCfk&t=25s

Fig Tree w/ 3rd Degree Sun Burns | Up-Side-Down Cutting Method @ La Cañada, California
https://www.youtube.com/watch?v=ObUfdpVOqaw

FRUIT (FIG) TREE TIPS: Winterizing | Pruning | Propagating | Re-Potting | IV Organic Paint
https://www.youtube.com/watch?v=xIjGr1WJG-w&t=31s

Compost Tea WITHOUT Compost! | YEAR-ROUND Nutritional Foliar Spray | SCALE Pest Control
https://www.youtube.com/watch?v=koMknU8PUQw

Part 1 of 4 | GROWING CALIFORNIA NATIVES | Theodore Payne Foundation | Charles Malki & Lisa Novick
https://www.youtube.com/watch?v=SwmXb_53ss4&t=294s

Hollywood-Knolls Winter 2017 Garden Club Topics: Shade Plants * Native Plants * Evolution * Organics
https://www.youtube.com/watch?v=bKdTARqrjgI&t=4s

Garden Club | Native Flowers & Plants To Support Local Wildlife + Increase Fruit & Vegetable Yields
https://www.youtube.com/watch?v=MkuB8-0cAbI&t=4s

PART 3 OF 3 | Steve List, teacher @ Sylmar Agricultural Center| Tomatoes | Raised Beds| Living Soil
https://www.youtube.com/watch?v=ujwBdhF1BRc&t=1s

Be sure to LIKE, SHARE & SUBSCRIBE to watch all the other IV Organic's educational gardening videos.",2021-06-27T07:36:35Z,2973,https://www.youtube.com/watch?v=t5UyMdDjlxc
wIBzU9d-nM8,Garden Overview / Urban Gardener / More Than 850+ Plants,"My Garden Overview ...:) mainly cacti n succulents Overview ...:) hope you like it ...:) will upload more overview videos soon... will try to cover all plants in my gardens..tc luv u ..::)

Daizz's tip:-njooyyy..:) 

Thank you for watching and please give me a Like and I would love you to SUBSCRIBE for regular updates and take a look at my other Videos...thank u..:)

MUSIC:-
Music provided by Frequency.
- Track: Nino Summer - Deep Blue (feat. Harley Bird)
- Link: https://youtu.be/3MHxxJcGe6U

JPB - High [NCS Release]
Link:- https://www.youtube.com/watch?v=Tv6WImqSuxA
• NCS Spotify: http://spoti.fi/NCS

Free Download @ https://soundcloud.com/anis-jay/high-...
NCS
➞ Twitch http://twitch.tv/nocopyrightsounds
➞ Spotify http://spoti.fi/NCS
➞ SoundCloud http://soundcloud.com/nocopyrightsounds
➞ Facebook http://facebook.com/NoCopyrightSounds
➞ Twitter http://twitter.com/NCSounds
➞ Google+ http://google.com/+nocopyrightsounds
➞ Instagram http://instagram.com/nocopyrightsounds_

JBP
➞ SoundCloud https://soundcloud.com/anis-jay
➞ Facebook https://www.facebook.com/jayprodbeatz
➞ Twitter https://twitter.com/gtaanis
➞ Instagram http://instagram.com/gtaanis

Music provided by Frequency Track: Arc North - Meant To Be (feat. Krista Marina) Link: https://youtu.be/kSmMOsJmkfs

Dipcrusher - Something New [Heroboard]
Maru - Say It feat. Kirsten Leigh (OLSO Remix)

https://www.youtube.com/watch?v=R8ZRCXy5vhA

[Melodic House] Dipcrusher - Something New [Heroboard Release]
heroboard – free music to free your mind
» Twitter: https://twitter.com/heroboard
» Spotify: http://sptfy.com/Wdk

Melodic vibes to chill your summer.

• Dipcrusher
https://soundcloud.com/dipcrusher
https://twitter.com/dipcrusher
https://facebook.com/Dipcrusher-37120...
DOWNLOAD
https://www.heroboard.es/download/?id...

Buddha by Kontekst https://soundcloud.com/kontekstmusic
Creative Commons — Attribution 3.0 Unported— CC BY 3.0 
http://creativecommons.org/licenses/b...
Music provided by Audio Library https://youtu.be/b6jK2t3lcRs


( Cartoon - On & On (feat. Daniel Levi) [NCS Release]
Link:- https://www.youtube.com/watch?v=K4DyBUG242c
Support on iTunes: http://apple.co/1JhAFVD
Download this track for FREE: http://bit.ly/cartoon_onon
↕
Listen on Spotify: http://spoti.fi/1SmZeWa
Listen on Apple Music: http://apple.co/1JhAFVD )

Rous - Skylight (Feat. Notelle) by RousOfficial https://soundcloud.com/rous-2
Creative Commons — Attribution 3.0 Unported— CC BY 3.0 
http://creativecommons.org/licenses/b...",2017-09-03T12:17:15Z,49967,https://www.youtube.com/watch?v=wIBzU9d-nM8
4cFjXc9g3ys,Gardening for Purpose | Denver Urban Gardens,Denver Urban Gardens' community gardeners grow food for themselves and their communities.,2021-02-08T21:15:50Z,306,https://www.youtube.com/watch?v=4cFjXc9g3ys
B8xQ_SpVUDk,"Urban Gardening in Tulsa, OK","Airdate (05/04/2019) #4544
In Tulsa, Oklahoma we visit a home garden that is more of a small garden than a yard.

Questions? 
To find out more information about show topics as well as recipes, articles, videos, fact sheets and other resources, including the directory of local Extension Offices, be sure to visit our website. http://oklahomagardening.okstate.edu/ 

You can also find us on: 
Facebook: https://www.facebook.com/oklahomagard... 
Twitter: https://twitter.com/okgardening @okgardening 
Instagram: https://www.instagram.com/oklahomagar... 

Oklahoma Gardening is a production of the Division of Agricultural Sciences and Natural Resources at Oklahoma State University and is produced by the Department of Horticulture and Landscape Architecture and Agricultural Communications Services. 
All products featured on this program are for demonstration purposes only. 
No commercial endorsement is intended.",2019-05-02T21:08:31Z,1935,https://www.youtube.com/watch?v=B8xQ_SpVUDk
NtYFPGc7Yf4,Urban gardening - Growing food in New York City,"Packed with concrete, cars and crowds, cities are among the most degraded environments on the planet. That is why urban areas are a focus of the UN Decade on Ecosystem Restoration.

New York Restoration Project is an example of what can be done to restore urban ecosystems. The project works to expand green spaces and help more people connect with nature in the biggest and most densely populated city in the United States. The 25-year-old non-profit nature conservancy, founded by Bette Midler, oversees 80+ acres of parkland and 52 community gardens throughout New York City.

Find our more:
https://www.nyrp.org/en/

The UN Decade launches on 5 June, World Environment Day, the biggest global day to celebrate and take action for the environment. Restoring ecosystems can help us to solve the climate and biodiversity crises as well as meet the Sustainable Development Goals.

Watch this video and visit the UN Decade website for ideas on how you can join #GenerationRestoration this #WorldEnvironmentDay.

Find out more:
decadeonrestoration.org
worldenvironmentday.global",2021-05-04T12:00:09Z,425741,https://www.youtube.com/watch?v=NtYFPGc7Yf4
45-1YpPgJJI,How To Grow Dahlias At Home | FULL INFORMATION,"GROW DAHLIAS IN CONTAINERS | SEED TO FLOWER | CUTTING PROPAGATION
Planting dahlias in containers is a great choice for people who have little space for a garden. Dahlias grow well in pots, though you need to be very careful not to let them repeatedly dry out. They also will need to be regularly fertilized during the growing season, and many will need to be staked so they don't fall over. 

LINK TO BUY SEEDS: 
https://nurserylive.com/products/dahlia-figaro-mix-seeds?variant=34163175030924&gclid=CjwKCAiA8Jf-BRB-EiwAWDtEGtvmEfua_ST1gvYIbP1nGLQEPSik34kUlrmKo8ikNyzufDB5chqqdRoCeu4QAvD_BwE
https://www.trustbasket.com/products/dahlia-mixed-seeds-op?variant=16509202595898&currency=INR&utm_medium=product_sync&utm_source=google&utm_content=sag_organic&utm_campaign=sag_organic&utm_campaign=gs-2018-11-24&utm_source=google&utm_medium=smart_campaign&gclid=CjwKCAiA8Jf-BRB-EiwAWDtEGo4KsqkTRF29oXQtOfARTfu-YiXwn0yI0dJ4-vvDcLAM1aUkHR1L-BoCx9IQAvD_BwE
https://www.ugaoo.com/dahlia-seeds-price-online-india.html
https://www.burpee.com/flowers/dahlias/

PLANTING TIME: for India and Asia- September to December
Europe and Rest of the world - June to December 
Ideal Temperature: 10-28 degree Celsius 

MUSIC: 
FRESH FALLEN SNOW
MIND YOUR TIME
FAR EAST",2020-12-02T06:02:12Z,690966,https://www.youtube.com/watch?v=45-1YpPgJJI
Fal_3fFPHxk,Limited Growing Space? Use this Strategy to Maximize Yields! | Urban Gardening with Guten Yardening,"Limited Growing Space? Use this Strategy to Maximize Yields! | Urban Gardening with Guten Yardening

We have a limited amount of urban yardening space, and this means that we often have to be agressive in our planning succession planting.  The container we show you today is no exception to this rule.  

In one food safe plastic 50 gallon container (cut long ways) an area of just over 5 square feet, we were able to grow radishes, potatoes, and carrots this season, for a total harvest nearing 15 lbs.  That is the equivalent of almost three pounds of food per square food, which makes this yield an important piece of our journey toward food freedom.

When we consider the length of our growing season, we have to keep in mind that some of the vegetables we want to plant do better in the cool of the beginning or end of the growing season, and some prefer the heat of the middle of the season, and we plan and plant accordingly.

Consider this intentional succession planting as a part of your yardening or gardening practices in the seasons to come, and you won't regret the decision at all.

Thank you for watching!

We hope you enjoy this video!  Thank you for watching!
Shop With Us: https://gutenyardening.wixsite.com/website
If you like my hat, you can get it here: https://amzn.to/3nmiYQl

Follow us on twitter: https://twitter.com/GutenYardening
And on instagram: https://www.instagram.com/gutenyardening

Theme Song: Country Cue 1 by Audionautix is licensed under a Creative Commons Attribution license (https://creativecommons.org/licenses/...)
Artist: http://audionautix.com/

#successionplanting #potatoes #radishes #carrots #urbangardening",2020-11-20T03:05:58Z,954,https://www.youtube.com/watch?v=Fal_3fFPHxk
zBZ6TaWvPk0,Urban Farming in Singapore | Outliers | Channel NewsAsia Connect,"Land-scarce Singapore is hugely dependent on food imports but one man is hoping to change that. Dubbed ""The Urban Farmer"", Bjorn Low set up a social enterprise to teach Singaporeans how to grow their own vegetables using simple recycled materials.
 
About the Series:
 
In statistics, an outlier refers to a person whose abilities, achievements, etc., lie outside the range of statistical probability. ""Outliers"" the series profiles inspiring Singaporeans who follow unbeaten paths, and deviate from societal norms.",2014-04-28T02:30:00Z,31854,https://www.youtube.com/watch?v=zBZ6TaWvPk0
Zyn96kb-34E,Container Gardening in Salt Lake City | Urban Garden and Farm Tour with Wasatch Community Gardens,"Container gardening and vertical gardening are great ways to grow vegetables if you have little or no growing space, but there are more reasons than that to try these increasingly popular methods of gardening. We met with home gardeners Michael and Richard o see how they have used containers and trellises to work around some specific issues they have growing some of their most loved vegetables and fruit on their property. #containergardening #outdoorliving #urbangardening

Check out our blog post! 
https://www.pbsutah.org/blogs/modern-gardener/container-gardening-and-vertical-gardening-in-salt-lake-city/

If you love this video, please consider becoming a sustaining member of PBS Utah: https://pbsutah.pledgecart.org/pledgeCart3/?campaign=8433B0CC-79FE-4F97-9E15-05A14686D789&source=#/home

If you live in Utah and have a garden or garden project that you'd like to be featured on Modern Gardener, click here: https://www.pbsutah.org/blogs/modern-gardener/dont-keep-your-garden-a-secret/

For more about Wasatch Community Gardens:
https://wasatchgardens.org/
https://www.facebook.com/wasatchgardens/
https://www.instagram.com/wasatchcommunitygardens/",2020-07-31T19:00:17Z,3900,https://www.youtube.com/watch?v=Zyn96kb-34E
49RD96SY4OE,FULL Garden Tour + Harvest | WEEK 2 // Urban Gardening in NYC | May 2022,"Welcome to my urban garden! My name is Mari and I'm gardening in Queens, New York City. Zone 7b. This is the 2nd week of the full garden tours I'll be doing through the 2022 growing season where I show everything that is going on in my garden. 

This week we have a heat wave coming, and I'm harvesting some of my cool weather crops (lettuces, kale, broccoli etc) to make space for some heat loving crops that still need to be planted. 

FULL GARDEN TOUR WEEK ONE: https://youtu.be/QdXnsuJoNds

Instagram: https://www.instagram.com/marisgardenandkitchen
Website: https://www.marisgardenandkitchen.com/
Join my facebook group: https://www.facebook.com/groups/496772298156787

My 2022 Grow List: https://youtu.be/8AZ6WQiTetM
Why I started Gardening: https://youtu.be/n5AgwylkWVc

2021 Garden Tour Playlist: https://www.youtube.com/playlist?list=PLHDaYPV0vsszVn2SDKjo5CKHHM_pM9GpG

Gardening Playlist: https://www.youtube.com/playlist?list=PLHDaYPV0vsswZCVCZaYwUJ1WUmPPniPoA
Cooking Playlist: https://www.youtube.com/playlist?list=PLHDaYPV0vsswAKBLjzmZQDnMpw56BnjRe

GreenStalk Planter Discount: https://lddy.no/wndn​  
Use code ""MARISGARDEN"" for $10 off $75+ order 

//

#marisgardenandkitchen

DISCLAIMER: Links included in this description might be affiliate links. If you purchase a product with the links that I provide I may receive a small commission at NO extra cost to you. When you purchase through this links, you help supporting my channel (and my garden) helping me to continue to create free content!",2022-05-21T14:00:04Z,637,https://www.youtube.com/watch?v=49RD96SY4OE
gD2CBKbB6w0,How To Grow Grass At Home For Free (With Full Updates),"GROW GRASS/ GRASS LAWN FOR FREE -FAST N EASY
DAIZZ'S TIP:-There is no mystery why the grass is greener on the other side of the fence. The neighbor knew the right things to do when he/she was getting new grass to grow.
In just a few minutes, you can have that same information! Watch full video for all the useful tips..thanks

MUSIC:
Song: Markvard - Time (Vlog No Copyright Music) Music provided by Vlog No Copyright Music. Video Link: https://youtu.be/NvZ3CN-vvsw

Music provided by Frequency Track: Arc North - Meant To Be (feat. Krista Marina) Link: https://youtu.be/kSmMOsJmkfs",2018-08-29T12:46:24Z,1502376,https://www.youtube.com/watch?v=gD2CBKbB6w0
_nLdLmeuQRc,Heart of Detroit: The Michigan Urban Farming Initiative,A look at the Michigan Urban Farming Initiative.,2020-06-25T21:44:34Z,2837,https://www.youtube.com/watch?v=_nLdLmeuQRc
x-qEGWvWyrs,"60+ City Gardens, Small Urban Garden Design Ideas","60+ City Gardens, Small Urban Garden Design Ideas. Today we show you amazing skyscraper roof gardens, small garden ideas, backyard ideas. If you liked this video, subscribe and watch more new videos.
Follow us on social networks:
Facebook: https://www.facebook.com/RunmanReCordsDesign
Twitter: https://twitter.com/SofiaVinciIDI
RunmanReCords Design! Subscribe - http://bit.ly/1rgw89b
 - Royalty Free Music - Epidemic Sound -
Urban Garden Ideas and Gardening Ideas, Rooftop Garden",2021-02-26T17:55:06Z,64305,https://www.youtube.com/watch?v=x-qEGWvWyrs
p8z0ZG1pFz0,Backyard Garden Summer Harvest| Urban Gardening| Summertime  Vegetables| July 2022,"Hello Everyone! Thank you so much for stopping by our channel. Here we enjoy almost anything that has to do with  gardening, cooking and family. I hope you enjoy these videos and thank you for joining us on our journey. I hope you find this video helpful and please like, comment and subscribe. Thank you for watching!

Karen and Maya
Email: sustainablychiclife@gmail.com

I purchased all of our seeds and plants from:

Lowes Home Improvement
Durham Garden Center
The Home Depot",2022-07-10T16:58:04Z,28,https://www.youtube.com/watch?v=p8z0ZG1pFz0
wfyKp6iXUxs,Urban Gardening for Beginners: Practical Tips to Earn from your Backyard,"Urban gardening for beginners - practical tips to earn from your backyard. This is an Agribusiness How It Works training and Seminar.

Urban gardening for beginners and urban farming in the Philippines, Joni and susan Agro Shop will give you practical tips.

To get a copy of the full training video on Urban Gardening, order here: https://goo.gl/forms/xswy9aP8chSVb7r22

For future Agribusiness Training schedules, follow us on social media!
FACEBOOK: https://www.facebook.com/Agribusinessph/
INSTAGRAM: https://www.instagram.com/agribusiness_howitworks/

Agribusiness How It Works. Instruct. Inspire. Succeed.
Agribusiness in the Philippines, opportunities for the OFW and their families.",2017-12-22T11:11:28Z,97983,https://www.youtube.com/watch?v=wfyKp6iXUxs
HX0M4SXi68Y,Food &amp; Farming in Phoenix: A Story of Three Urban Farms,"Three urban farmers from Phoenix, Arizona, discuss the opportunities and challenges of growing food in an urban setting. Featuring Justin Rohner, CEO and Founder of Agriscaping Technologies; Darren Chapman, CEO and Founder of TigerMountain Foundation; and Ken Singh, Owner and Operator of Singh Farms.

The three farmers present a panel discussion December 3, 2015, in Tempe, Arizona. Learn more: http://bit.ly/1X3k58L

Video produced by Mark Ahn Creative Services. Music used under license from Envato Market at audiojungle.net. Title: Soft Acoustic. Artist: ElixirSoundStudio.",2015-11-20T21:21:17Z,10085,https://www.youtube.com/watch?v=HX0M4SXi68Y
3kXWJs0voHA,Tiny Williamsburg hipster garden - Urban Gardener video,"Brooklyn patio getaway garden in Williamsburg beautifully decorated in vines and edible flowers.

Urban Gardener is a video series dedicated to exploring some of the most interesting city green spaces and meeting some of the most creative urban gardeners around the US, whether they're just off a street or ontop of a skyscraper - we'll find 'em. This series is produced by SPACES - a YouTube original Home + Design channel.

Watch more on SPACEStv

Subscribe at http://www.YouTube.com/SPACEStv
Follow us at http://www.twitter.com/SPACEStv
Friend us at http://www.facebook.com/SPACEStv
Pin with us at http://www.Pinterest.com.SPACEStv
See more photos at http://SPACEStv.tumblr.com",2012-07-20T15:14:38Z,485955,https://www.youtube.com/watch?v=3kXWJs0voHA
L7yGqDOUKwc,[Filipino W/ English Subs] Intro To Urban Gardening For Sustainable Living + Start Backyard Farming,"Can we really create an organic mini farm in our backyard?  Can we make an organic farm out of a small space?  Watch this vlog to know if this is possible, and know how. 

#MylaCazVlogs
#sustainablefarming
#backyardgardening  
#CanWeTurnBackyardGardeningIntoASustainableFarming
#organic 
#organicfarming 
#TipsOnOrganicFarming
#TipsOnHowToPlantSeeds
#TipsOnBackyardGardening
#waterpropagation 
#waterplants 
#pothos 
#pothosvarieties 
#philodendron 
#peperomiavarieties
#peperomia 
#moringa 
#guyabano 
#papaya 
#banana 
#CissusVine
#cissus
#indoorplants 
#naturalairpurifiers
#freerangechickenfarming 
#freerangechickens
#fermentedchickenmanure
#compost 
#composting
#turmerictea
#probiotics
#lgv30 
#lgphone 


WHAT IS A CISSUS DISCOLOR PLANT?

Cissus discolor is the botanical name for a lovely tropical vine known as the rex begonia vine or the tapestry vine. Through this plant is completely unrelated to actual rex begonias, the leaves are multi-colored and have an appearance very similar to a rex begonia, hence the common name.

A native of Southeast Asia, including Java and Cambodia, this vining plant is more closely related to a grape plant than it is to a begonia (it’s in the Vitaceae family). The genus Cissus has two other popular species in it: C. rhombifolia, a popular houseplant known as grape ivy, and C. quadrangularis, a medicinal plant with a thick stem. There are several hundred additional species within the genus Cissus, but most are not regularly cultivated by gardeners.

*How do you care for a CISSUS plant?*

Cissus houseplants prefer consistently damp soil, but let the top half of the soil dry out before watering. You can cut back on watering during the winter when the plant is not actively growing.


DO INDOOR PLANTS REALLY SERVE AS NATURAL AIR PURIFIERS?

Plants are indispensable to human life. Through photosynthesis, they convert the carbon dioxide we exhale into fresh oxygen, and they can also remove toxins from the air we breathe.

One famous NASA experiment, published in 1989, found that indoor plants can scrub the air of cancer-causing volatile organic compounds like formaldehyde and benzene. (Those NASA researchers were looking for ways to effectively detoxify the air of space station environments.) Later research has found that soil microorganisms in potted plants also play a part in cleaning indoor air.


_________________________________________

👍Massive thanks BuGuMi for the lovely tracks which I used in this video vlog.👍
__________________________________________

WHERE I PURCHASED PLANTS AND GOT MY FREEBIES: 

Special thanks to #GerlynCastilloFlowerAndGardenShop 
Located in Sitio Langhaya, Marcos Hi-way, Antipolo City  (Rizal)
___________________________________________

Connect With Me :

FACEBOOK: Myla Caz
FACEBOOK PAGE:  MYLA CAZ VLOGS
INSTAGRAM: mylacastro8888

___________________________________________

For business and collaborations, kindly email me at: mylacazvlogs@gmail.com

___________________________________________


PHONE USED IN THIS VLOG

LGV30",2022-03-04T12:15:15Z,1942,https://www.youtube.com/watch?v=L7yGqDOUKwc
awsqMzkY-Ns,How To Build Your Own Raised Garden Bed | Urban Farming | Organic Gardening | Backyard Gardens,"SUBSCRIBE to be informed of new educational videos!
www.sacredtreefarms.com

An easy step-by-step tutorial on building a raised garden bed.

ITEMS NEEDED:
Wood: Three 8ft untreated cedar wood (1 board cut in 1/2 to create two 4ft pieces)
3-1/2"" Exterior screws (for outdoor projects)
Peat moss, top soil, and compost
Power drill, screw driver, and measuring tape
Shovel, rake, hoe and gloves
Seeds, starts
Water.  

NOTES:  
*Watering - I really like the Circle Spot Sprinkler.  They are inexpensive, cover a large area and resemble a flow of water similar to rain.
*Soil - You can find a local mushroom farm for compost or other local soil/compost/mulch companies. 
*Wood - A hardware store where you purchase the wood will most likely be able to cut in half for you.
*Find what plants and herbs are in season to enjoy an abundance harvest. 

Happy Gardening!

WEBSITE
www.sacredtreefarms.com

FOLLOW ON FACEBOOK
https://www.facebook.com/sacredtreefarms

FOLLOW ON INSTAGRAM
@sacredtreefarms

To build a garden that can nourish ourselves, our loved ones and our community is a true victory, creating sustainability against all odds. Gardens create connection to the cycles and rhythms of nature. The time you and energy you give to the garden, the garden will give back in abundance of blooms, fruit and seeds for future harvests.",2020-04-25T15:39:30Z,28390,https://www.youtube.com/watch?v=awsqMzkY-Ns
Q1pwSAEJ-bI,Urban Agriculture in California,"Urban agriculture is proliferating across the state of California on both public and private lands. Learn from UC Agriculture and Natural Resources advisor Rachel Surls and other California experts how urban farms are transforming the landscape of food production, helping to address urban food insecurity, creating opportunities for micro-enterprise development, and educating our youth and the public about the value of growing and eating healthy foods. The video highlights the work of thirteen urban farmers from Los Angeles through the San Francisco Bay Area.",2019-05-13T14:58:18Z,17129,https://www.youtube.com/watch?v=Q1pwSAEJ-bI
FPtZK7jIyDw,10 SECRETS TO GROWING VEGETABLES AND FRUITS IN CONTAINERS | URBAN GARDENING,"Who wouldn’t want fresh, free, organic, delicious fruits and vegetables growing in their garden? In today’s episode, we will list out the 10 secrets of growing vegetables and fruits in containers in a small space gardening like your balcony or terrace.  Lastly! one very special bonus tip for you. 

Growing Vegetables and fruit trees in containers is an excellent option for folks living in urban areas. Urban Gardening especially Organic gardening is on the rise. This is mainly due to awareness in people about the hazards of chemical pesticides and fertilizers. So all of us want to consume fresh and organic vegetables and fruits. Here are 10 secrets and easy steps to accomplish this task and grow your own fruits and vegetables in containers or small spaces in your homes. 

10. Choose the Right Location for Proper Sunlight:  1:00

9. Choose the Right Containers: 1:16

8. Plan before you Plant: 1:55

7. Check Drainage holes of containers. 2:35

6. POTTING SOIL: 2:51

5. POLLINATORS: 3:43

4. FERTILIZERS: 4:06

3. PEST CONTROL: 

2. Plant Support:  4:32

1. Watering: 5:09

BONUS SPECIAL TIP: Please Watch Entire Video.

Please give me a thumbs up if you found this video helpful.

 Also Share this video with your friends and comment below with your thoughts and queries. 

Consider subscribing if you are new to this channel. 

Happy Gardening!

RELATED VIDEOS:

AIR PRUNING EXPLAINED: https://www.youtube.com/watch?v=hkUOB1bHi2M

GARDENING SECRETS: https://www.youtube.com/watch?v=FDIYZci5w2k&list=PLvE-WOB38X7YSKfmaBQc3cDNkvrnDGTyJ

HARVESTING SECRETS: https://www.youtube.com/watch?v=xXOQY9G-m3c

MAGIC PESTICIDE FORMULA: https://www.youtube.com/watch?v=PKJOEMtz9jQ

ONE SHOT PEST CONTROL MEASURE: https://www.youtube.com/watch?v=hPnyA7eXGrw

WHO'S EATING MY PLANTS: https://www.youtube.com/watch?v=mEWFUk2BaDY

LEAF MINER CONTROL: https://www.youtube.com/watch?v=6uPjjk1iwog

NEEM OIL VIDEO: https://www.youtube.com/watch?v=ehjj1Rk1blY

BAKING SODA USES: https://www.youtube.com/watch?v=F2AkJgywb3w

MAGIC POWDER FOR PEST CONTROL - https://www.youtube.com/watch?v=D5xMZGY3odA



Free SUBSCRIBE TO Our Channel at: http://www.youtube.com/c/gardentips?sub_confirmation=1
CLICK NOTIFICATION BELL TO ""ON"" TO RECEIVE UPDATES!

Gardening Products I buy:  http://www.gkvk.net/links/
Our Facebook Page: https://www.facebook.com/gkvk.net/
Our Twitter URL: https://twitter.com/gkvk_in
Our Instagram Link: https://www.instagram.com/gkvk.in

Please LIKE and Share your Thoughts and COMMENTS below.
Also please SUBSCRIBE to our channel with Notification Bell ""Turned On"" to receive notifications on new additions and activity of our channel.
-~-~~-~~~-~~-~- 
Garden Tips - Gardening Channel in English - http://youtube.com/gardentips 
Gardening Tips Hindi - http://youtube.com/gardeningtips
CHECK OUR PLAYLISTS: https://www.youtube.com/gardentips/playlists

Our Website: http://www.gkvks.com
My Purchased Gardening Products: http://www.gkvks.com/shop

Join Our WhatsApp Group to learn from experts: Please Join Here https://www.youtube.com/gardentips/join for a small fee. After Joining, please contact us with your youtube user id and whatsapp number to be added to our Gardening Family. Contact here - https://www.youtube.com/gardentips/about (enquiries). 
Happy Gardening!
 -~-~~-~~~-~~-~-
#vegetables #fruits #gardening  #containergardening #homegardening #kitchengardening",2019-11-10T08:29:57Z,41475,https://www.youtube.com/watch?v=FPtZK7jIyDw
XaEKJ5Vv3Zg,Why We Should Be Urban Farming,"We are running out of space for farmland and a third of all food that is produced is wasted. Ken Dunn has been called the greenest man in Chicago and he's on a crusade to turn our food waste into productive farmland--right in the middle of the city!

Special Thanks to:

Ken Dunn, David Durstewitz, Lindsay Roadruck, and Jide Oke
http://www.cityfarmchicago.org/

The Resource Center Chicago
http://www.resourcecenterchicago.org/

Danielle Nierenberg
http://foodtank.com/

The Plant: Growing Off Grid (old Good Stuff video about another cool farming operation in Chicago)
https://youtu.be/yraTqJBzd3w?list=PLsRLUurFnvvVeuhlYmtslswRFBPWv4UkZ

Future Of Food Videos:
Can We Make Meat Out Of Plants? - http://bit.ly/1hwhYHo
Why You Should Eat Bugs - http://bit.ly/1Jg4IBf
Are Vertical Farms The Future Of Agriculture? - http://bit.ly/1hExTE6
Why We Should Be Urban Farming - http://bit.ly/1VuLlsl

►Subscribe: http://youtube.com/thegoodstuff
►Support us on Patreon: https://www.patreon.com/thegoodstuff
►Follow us on Twitter: http://www.twitter.com/goodstuffshow
►Follow us on instagram: goodstuffshow
►Like us on facebook: http://www.facebook.com/thegoodstuffshow

Digital street team: http://goodstuffshow.com/digitalstreetteam
Sign up for our mailing list: http://eepurl.com/bnSOcH

The Good Stuff is a proud member of the PBS Digital Studios family

__________________________________________________________________

Music by:

Driftless Pony Club
http://www.driftlessponyclub.com/

The Pines
http://thepinesmusic.com

Jason Shaw
http://audionautix.com/

Todd Umhoefer (Old Earth)
http://oldearthcontact.bandcamp.com/

Image/Video Credits:

Packaged Goods Aisle, By Original: lyzadanger Derivative work: Diliff (http://www.flickr.com/photos/lyza/49545547) [CC BY-SA 2.0 (http://creativecommons.org/licenses/by-sa/2.0)], via Wikimedia Commons, https://commons.wikimedia.org/wiki/File:Fredmeyer_edit_1.jpg",2015-09-01T22:05:18Z,194067,https://www.youtube.com/watch?v=XaEKJ5Vv3Zg
O22bfnfihxQ,Urban Gardening,,2017-02-09T19:48:37Z,260,https://www.youtube.com/watch?v=O22bfnfihxQ
t-LD46nK6js,Native Gardening Chats: Urban Gardening,"Listen to the rich experiences and perspectives of Californians who are transforming their urban gardens and community spaces with native plants in the recorded webinar. 

Markos Major, director of Climate Action Now!, shared his experiences transforming the urban landscape of Bay Area schools, businesses, residences and shared spaces with native plants. Pete Veilleux, owner of East Bay Wilds Native Plant Nursery, showcased an array of fabulous planted containers and his techniques for creating and cultivating them. CNPS members Ann Dalkey and Bob Hall shared their decades of experience with native gardening in big cities and Amy Patten, CNPS's Rare Plant Treasure Hunt program manager, highlighted the benefits of container gardening for people on the go.  
 
Presenters touched on a number of species that are great for different aspects of urban gardening in California. Here is a list of plants discussed by each panelist:

Amy Patten's plants in Santa Cruz: cliff maids (Lewisia cotyledo); cobra lily or California pitcher plant (Darlingtonia californica); Dudleya (Dudleya spp.).

Markos Major’s plants in Berkeley: beach strawberry (Fragaria chiloensis); wavyleaf silktassel (Garrya elliptica); toyon (Heteromeles arbutifolia); hummingbird sage (Salvia spathacea).

Bob Hall’s plants in San Francisco: Dudleya (Dudleya spp.), cliff maids (Lewisia spp.), Gilia spp., yellow stonecrop (Sedum spathulifolium), common tidy tips (Layia platyglossa), yerba buena (Clinopodium douglasii) in the shade and for small space verticality, cow parsnip (Heracleum maximum) and Hooker’s evening primrose (Oenethera elata).

Pete Veilleux’s recommendations for container plants: Any Dudelya spp. including bluff lettuce (Dudleya farinosa); dogwoods (Cornus spp.); California buckeye (Aesculus californica), spring beauties (Claytonia spp.), Big Sur manzanita (Arctostaphylos edmundsii ‘Big Sur’)

Ann Dalkey’s Plants in Redondo Beach: miniature suncups (Camissoniopsis micrantha); western tansy mustard (Descurainia pinnata); Narrowleaf milkweed (Asclepias fasciculata); venus mariposa lily (Calochortus venustus); California fuchsia (Epilobium canum).


Resources: 

http://eastbaywilds.com/

http://climateactionnowcalifornia.org/

Can find your local chapter to get involved with restoration work (with covid guidelines) here: https://www.cnps.org/chapters/map

https://www.cnps.org/gardening/choosing-your-plants

https://www.cnps.org/gardening/patio-and-container-gardens-5423

http://cnps-yerbabuena.org/wp-content/uploads/Containers-pots-window-boxes-San-Francisco-CNPS-YB.pdf

https://www.yerbabuenanursery.com/container_gardening.php",2021-01-08T18:12:34Z,1218,https://www.youtube.com/watch?v=t-LD46nK6js
P2BQ18bUCU0,Planting A Shade Garden | Urban Gardening,"Hey everyone! Today we’re finally putting those shade loving plants in the ground. I’m surprised there’s so much color and texture you can do even in some pretty deeply shaded areas! It was a struggle, but I planted perennials so hopefully I won’t have to do too much next year. I would love to hear about your shade gardens, so let me know if there’s other pretty plants I should look into!

P.S- Sorry about some of the audio, it was so windy and I haven’t invested in a wind shield just yet.",2020-05-29T20:59:25Z,203,https://www.youtube.com/watch?v=P2BQ18bUCU0
_9FYDMOTOwc,Garden Along the FENCE! Urban Gardening!,,2021-07-11T11:48:34Z,782,https://www.youtube.com/watch?v=_9FYDMOTOwc
p6k_yg-_vfw,Could cemeteries be the future of urban gardening? | DW News,"Cemeteries in Berlin are dying, while the city's community gardens are in need of an affordable place to grow. Now the two have partnered up, making for some interesting (raised) bedfellows. In the summer of 2019, the Prinzessinnengärten urban garden officially moved into the New St. Jacoby cemetery, which is owned by a Protestant cemetery association. 

The Prinzessinnengärten offer a snapshot of a specific moment in the German capital’s urban development. Where real estate prices have risen nearly 300 percent over the last five years, and therefore the demand for undeveloped land for housing construction has never been higher -- leaving urban gardens in a precarious position. Meanwhile, German law prevents cemeteries from being sold for development, but changes in burial culture mean that many struggle to break even on land that they can’t legally sell. It’s a predicament that could spell a whole new future for urban gardening -- and cemeteries -- in Germany. 

Subscribe: https://www.youtube.com/user/deutschewelleenglish?sub_confirmation=1

For more news go to: http://www.dw.com/en/
Follow DW on social media:
►Facebook: https://www.facebook.com/deutschewellenews/
►Twitter: https://twitter.com/dwnews
►Instagram: https://www.instagram.com/dw_stories/
Für Videos in deutscher Sprache besuchen Sie: https://www.youtube.com/channel/deutschewelle",2019-12-19T17:00:11Z,3926,https://www.youtube.com/watch?v=p6k_yg-_vfw
MHFvC5Rm5Pw,How to Grow Pineapples at Home Fast n Easy,"Rooting and growing pineapple tops is easy. Once you bring your pineapple home, cut off the leafy top about half an inch below the leaves. Then remove some of the lowest leaves. Trim off the outer portion of the pineapple top at the bottom of the crown, or stem, until you see root buds. These should resemble small, brown-colored bumps around the stem’s perimeter. Allow the pineapple top to dry for 2-3 days prior to planting. This helps the top to heal, discouraging problems with rotting.
Daizz's tips:-
Step 1: Take a Fresh Pineapple

Step 2:  Twist the pineapple crown off from the fruit 

Step 3: Remove Leaves from Stalk

Step 4: Allow Stalk to Dry

Step 5: Plant Pineapple Stalk

Step 6: Water Pineapple Stalk

Step 7: Re pot Pineapple Plant

Please subscribe to this beautiful channel ... Have a look guys ..all videos are very beautiful...:) 
CHANNEL NAME-Tech Garden
CHANNEL LINK:-https://www.youtube.com/channel/UCvoqgfbi1_FnDx_DEppjK_Q

Music:-
Buddha by Kontekst https://soundcloud.com/kontekstmusic
Creative Commons — Attribution 3.0 Unported— CC BY 3.0 
http://creativecommons.org/licenses/b...
Music provided by Audio Library https://youtu.be/b6jK2t3lcRs

Music by BENSOUND http://www.bensound.com/royalty-free-...
Creative Commons — Attribution 3.0 Unported— CC BY 3.0 
http://creativecommons.org/licenses/b...
Music provided by Audio Library https://youtu.be/64cvDqZPkos",2017-06-04T13:33:07Z,1741350,https://www.youtube.com/watch?v=MHFvC5Rm5Pw
kCAydcMIApw,Seeds of the Soil. Urban Gardening in Houston Texas,Seeds of the Soil. Urban Gardening in Houston Texas,2019-02-03T02:20:47Z,1866,https://www.youtube.com/watch?v=kCAydcMIApw
rHKkHHKwvio,Composting Urban Gardening,"This easy urban composting system has worked really well for us! We compost all of our kitchen scraps and chicken manure into a nutrient rich soil for our urban garden, where we grow lots of food for our family in the summer! Every year is a different process with different problems to troubleshoot, and this spring is no different. We only actively compost for one month out of the whole year and are able to manage the system on our relatively small town lot. Enjoy!",2022-05-04T15:34:19Z,136,https://www.youtube.com/watch?v=rHKkHHKwvio
AKrAefjDIZ8,Easy Way To Grow Tomato Plant in Plastic Hanging Bottle| Vertical Gardening,"HOW TO GROW TOMATOES UPSIDE DOWN IN PLASTIC BOTTLES 
Instead of spending money for a commercial upside down planter, make one yourself with a 2-liter plastic bottle.

BUY GROW BAGS: CONTACT MRS SHALINI GUPTA (whatsap no-9899292956)

FOLLOW ME ON INSTAGRAM ..:)
INSTAGRAM LINK:-https://www.instagram.com/urbangarden...

MUSIC:
Mind your Time by Me.So https://soundcloud.com/me_so Creative Commons — Attribution-ShareAlike 3.0 Unported — CC BY-SA 3.0 http://creativecommons.org/licenses/b... Music provided by Music for Creators https://youtu.be/MdyTZqbuVZE

Mind your Time by Me.So https://soundcloud.com/me_so
Creative Commons — Attribution-ShareAlike 3.0 Unported  — CC BY-SA 3.0 
http://creativecommons.org/licenses/b...
Music provided by Music for Creators https://youtu.be/MdyTZqbuVZE


Song: Jarico - Paradise (Vlog No Copyright Music) Music promoted by Vlog No Copyright Music. Video Link: https://youtu.be/Beq7PBKTnqc",2020-01-29T04:56:42Z,4276016,https://www.youtube.com/watch?v=AKrAefjDIZ8
I_7rzoFzV08,Motown to Growtown: Detroit&#39;s Urban Farming Revolution | REWIND,"Rising from the ashes of decades of urban decay, the US city of Detroit is fast becoming an urban farming capital.

Many residents are now producing organic food locally - reducing the environmental footprint of their food by cutting down on carbon emissions from transport and on chemical inputs.

They are also helping revive communities as new green spaces and farmer's markets crop up, providing neighbourhoods with fresh fruits and vegetables.

Plots of land range from backyards, to seven-acre (2.8 hectares) community farms, to plans for large-scale commercial farms.

In 2012, Al Jazeera met the local residents at the centre of the city's urban farming revolution. Several years on, Rewind returns to visit them to see how the movement has progressed.

70-year-old Edith Floyd, an urban farming veteran, has expanded her farm from nine lots to 32 and has added a large hoop house, where she can grow fruits and vegetables year-round.

""We have broccoli, collards, green peppers and celery,"" she explains.

She says she plans to keep on farming for years to come: ""If you don't work, you don't eat. And if you don't work, you get lazy and don't want to do nothing. Work keeps me going. I like working.""

A few miles away, Mark Covington and his mother have also grown their farm.

""I want to say we only had eight lots and now we have 24 that we either keep cut or we grow something on,"" Covington says.

He now keeps bees, which he says has tripled food production, and he has a host of new farm animals.

Both farmers have their communities in mind; Floyd contributes to a food bank, and people who have court-ordered volunteer hours can fulfil them on her farm instead of paying a fine or going to prison. Covington has purchased a nearby house for a community education centre, and also provides fresh food to the area.

""We have our turkey giveaway every year. We do 30 to 35 turkeys with a basket, so we'll put kale and collards and string beans in with it, along with some other donations that we get,"" he says.

""This is an asset to the city. Not just the neighbourhood but the city.""

--

- Subscribe to our channel: http://aje.io/AJSubscribe 
- Follow us on Twitter: https://twitter.com/AJEnglish 
- Find us on Facebook: https://www.facebook.com/aljazeera 
- Check our website: https://www.aljazeera.com/",2019-10-20T09:47:46Z,26215,https://www.youtube.com/watch?v=I_7rzoFzV08
xzGizKHZ-hA,2018 June Urban Garden / Edible Landscaping Tour + Plant &amp; Book Ideas (Albopepper Walk-thru),"Converting your entire property into a lush, edible landscape can be fun and rewarding. Of course, there may be design challenges to overcome. In this video, I show you some plants that I've placed on my small suburban lot in order to feature verdant greenery, while also creating some seclusion and privacy.

At least 90% of all plant species on my lot are edible or perhaps medicinal in some way. There are the usual berries and fruit trees, from Goumis to Persimmons. But also things that can be used as herbal medicine like St. John's Wort and Yarrow. New Jersey Tea, Chamomile and Sweet Woodruff can be used in teas. Some things love full sun. But some fruit bearing plants actually do well in shade, such as Jostaberries, Gooseberries and Currants.

If you are serious about digging in, I encourage you to check out some of the books featured in this vid:

Lee Reich:
 - Landscaping with Fruit: https://amzn.to/2lMCSqd
 - Grow Fruit Naturally: https://amzn.to/2NdBidi
 - The Pruning Book: https://amzn.to/2tLtuaB
Michael Judd:
 - Edible Landscaping w/ Permaculture Twist: https://amzn.to/2KzBVzA
(# CommissionsEarned)

For all of my book reviews: http://albopepper.com/reviews-gardening-books.php

Edible landscaping just makes good sense. And as you've seen in this video, it certainly melds well with conventional gardening techniques too. On my property I have 3 sub-irrigated (self watering) beds that are used for my annual vegetable production. And there are some nice raised beds too!

#EdibleLandscaping #GardenBookReviews #GrowYourOwn #UrbanGardening #AlGracian #Albopepper #FoodForest


==================================
Support AlboPepper.com and get some cool garden shirts that I designed myself:
https://shop.spreadshirt.com/albopepper/
==================================",2018-07-01T16:03:20Z,50610,https://www.youtube.com/watch?v=xzGizKHZ-hA
B-JecXEcYJE,"Urban Gardening: Fruit Trees -Espaliers, Columnars &amp; Backyard Orchard","Growing fruit tree doesn't require a massive plot of land. Even if the home you own is in an urban setting, you can still select fruit tree options that will fit in a tight space. This video shows columnars, espaliers and backyard orchard plantings. On my tiny lot I have 2 apples, 3 types of asian pears, 2 peaches and 2 apricots!

#Tree #Fruit #LandscapeDesign

Support AlboPepper.com and get some cool garden shirts that I designed myself:
http://albopepper.com/apparel.php",2014-12-09T12:59:29Z,34376,https://www.youtube.com/watch?v=B-JecXEcYJE
S51FtJu6iPE,How To Grow Peas in Containers | SEED TO HARVEST,"GROW LOTS OF PEAS IN A CONTAINER | GROW PEAS AT HOME
PLANTING TIME: FROM SEPT MID TO NOV END
(TEMPERATURE-10-28 DEGREE CELSIUS)

BUY FLOWER SEEDS FROM:
SEEDSNPOTS.COM -https://seedsnpots.com/
Pea Seeds:- https://seedsnpots.com/product/peas-seeds/

NURSERYLIVE
Peas PV 10 - Desi Vegetable Seeds: https://nurserylive.com/collections/all/products/peas-pv-10-seeds

MUSIC:
Song: Brave Lion - Sleeping Jungle (Vlog No Copyright Music)
Music provided by Vlog No Copyright Music.
Video Link: https://youtu.be/-lXuuGG9d3Y
Days are long
morning mood
FRESH FALLEN SNOW",2020-10-17T11:45:30Z,640585,https://www.youtube.com/watch?v=S51FtJu6iPE
1BSSB2zf2CI,Organic Urban Farming on a 1/2-Acre Property - Urban Abundance,"In the small town of Oxford, New Zealand, Kane and Fiona Hogan have transformed their urban 1/2-acre property into abundant veggie gardens. The aim of Urban Gardener is to build resilience and food security in their local community – both by growing food for people to purchase and by helping people to grow food in their own backyards.

Here is yet another inspiring initiative that brings together the essentials for resilience: good healthy food and strong communities. 

** More about Happen Films **
Support us in making more films: https://happenfilms.com/donate
Website: https://happenfilms.com 
Twitter: https://twitter.com/happenfilms 
Instagram: https://instagram.com/happenfilms 
Facebook: https://facebook.com/happenfilms 

** Screen our films in your community! **
While our short films are free to view online, you’ll need to purchase a license to hold a public screening. Visit https://happenfilms.com/store for info.",2017-02-16T04:10:23Z,269777,https://www.youtube.com/watch?v=1BSSB2zf2CI
dvtVi1wOaxk,How to Grow Sweet Potato Vines in Container #GrowYourOwn Urban Gardening Beginners Guide To Potatoes,"How to Grow Sweet Potato Vines in Container #GrowYourOwn Urban Gardening Beginners Guide To Potatoes #UrbanGardening #SweetPotatoes  In this video I show 2 methods of how I grow my Sweet Potatoes, I only have a small garden in an Urban south facing UK residential area.

Music: Dayspring
Musician: Firefl!es
URL: https://www.youtube.com/watch?v=eoplw2Cc3xc

Hello I am Sharon Ivy and I have moved from the Philippines to the UK, Pinoy in England, come join me on my channel for fun and laughter.  I like to cook, garden and shop... I also share cleaning and house hold tips... All that I do that makes me smile, I hope it makes you smile too... If it does please Subscribe and Hit the Notification Bell.
#FilipinoUK #PinoyUK #ManilaLondon

Merch: https://teespring.com/stores/manilalondon
FaceBook: @SharonIvyManilaLondon 
Page at: https://www.facebook.com/SharonIvyManilaLondon",2021-04-15T12:15:16Z,249,https://www.youtube.com/watch?v=dvtVi1wOaxk
g2qfsrvBvkI,Urban Gardening in Havanna - Cuban citizens provide food for themselves,"At first many just grew organic food in Havanna, Cuba's capital, for their own needs. Today, 150 people work at ten hectare farmland. But how does this self supply work and how does life as an urban gardener feel like? Find out more in this video.

For more Information, visit our Website:  http://www.welthungerhilfe.de/en/project-cuba-foodsecurity.html",2015-07-14T11:28:06Z,2989,https://www.youtube.com/watch?v=g2qfsrvBvkI
vs7BG4lH3m4,Growing Power - A Model for Urban Agriculture,"Growing Power is a sustainable urban agriculture center located in the city of Milwaukee. It was founded by Will Allen to introduce healthier food options to the urban community, while simultaneously demonstrating a sustainable model for local food production.

This channel delivers videos on American life, culture & politics. Produced by the U.S. Department of State, Bureau of Global Public Affairs, the videos illustrate values that underlie U.S. policies & explore interests shared by Americans & people around the world. 

Get updates from              @ShareAmerica    on social media!
Facebook: https://www.facebook.com/ShareAmerica 
Twitter: https://twitter.com/ShareAmerica 
Website: https://share.america.gov/ 
 #urban #Agriculture",2010-10-13T14:15:50Z,141291,https://www.youtube.com/watch?v=vs7BG4lH3m4
6yEqB3gakvI,My balcony vegetable garden - Urban Gardening,"#urbangardening #balconygarden #hoahong
It's a great joy to have a small veggie and flower garden at my apartment's balcony. I really enjoy fresh air in early morning and see my various kinds of plants and flowers growing everyday. 

Let's grow some plants at home. It will bring us positive feelings, especially in this hard time of Covid-19.",2021-08-02T13:00:02Z,215,https://www.youtube.com/watch?v=6yEqB3gakvI
Qzi7pPtUl2c,Episode 03 - URBAN FARMING (Denmark) - FR/ENG subtitles,"Follow Max and Jeremy in Copenhagen, Denmark!

In this episode they explore amazing places from rooftops, basements to public gardens that were all transformed into urban farms!

While having a really fun time, they learn about the necessity of bringing agriculture and forests back into our cities with the aim of reconnecting people with where their food comes from and why it is so important for our environment!

Enjoy! :-)

Music Licenses :
Licensed by JAMENDO and AUDIONETWORK.",2017-09-20T16:29:50Z,4157,https://www.youtube.com/watch?v=Qzi7pPtUl2c
hrQulNptLXA,Singapore urban farming provides sustainable solutions,"SINGAPORE FARMING

Subscribe to CCTV on YouTube: 
https://www.youtube.com/user/CCTVcomInternational

CCTV: https://goo.gl/gYT8W8
CCTV中文国际: http://goo.gl/HcZaeZ

Follow us on:
Facebook: https://www.facebook.com/cctvcom
Twitter: https://twitter.com/cctv
Instagram: http://instagram.com/cctvenglish",2016-11-17T08:00:47Z,37053,https://www.youtube.com/watch?v=hrQulNptLXA
wnocQf-Y7OY,"FULL GARDEN TOUR | WEEK THREE| 2021 {Urban Gardening in Queens, NYC. Zone 7b}","If you’re new here, Welcome! My name is Mariana, I’m a trained chef and I am growing vegetables in Queens, NYC. This is week three of my urban garden tours. 

I'll be doing this garden tour weekly through the growing season. Tag along if you want to see the progress of my garden and the challenges that I face gardening in New York City. 


FULL Garden Tour | Week two: https://www.youtube.com/watch?v=fDC3t5gqUiA&t=2s
FIRST Full garden Tour (Week One) https://youtu.be/bKAguhjM3v4​
Last week of March Garden Tour: https://www.youtube.com/watch?v=oSVzO...​
First week of March Tour: https://www.youtube.com/watch?v=mVlqY...​
Assembling my Original 5 tier Vertical Planter (GreenStalk): https://www.youtube.com/watch?v=_biGw...​ 

February Garden Tour 2021 (My first video): https://www.youtube.com/watch?v=9soCj...​ 

GreenStalk Plater Discount - Use code MARISGARDEN for $10 off your order https://lddy.no/wndn​ 

Book recommended
Gaia's Garden: A Guide to Home-Scale Permaculture https://bit.ly/3d4S39s​

CAMERA GEAR:

CANON M50 (Creator kit): https://bit.ly/313xiEn​
Tripod: https://bit.ly/390Bady​

Follow me along! 

Instagram: https://www.instagram.com/marisgardenandkitchen




DISCLAIMER: Links included in this description might be affiliate links. If you purchase a product or service with the links that I provide I may receive a small commission. There is no additional charge to you. Thank you for using this links and supporting my channel so I can continue creating free content!",2021-05-01T18:13:21Z,290,https://www.youtube.com/watch?v=wnocQf-Y7OY
JbB2Mqp2Lzw,Urban Farming Is for Kids. .  Let&#39;s Get Growing!,"This is an intro video to urban farming and resilient gardening. We will take a look at what this means, what this looks like and why it's so important!! We'll also create a garden journal and go over some of the ways you could record, document, process and express as you grow.

Stay Tuned as we release more videos guiding young ones planning gardens, starting seeds and transplanting them too. We will go over plant needs and how to care for them.  We will catch the buzz on bugs and other beneficial critters. I'm excited to forage, cook and enjoy some nourishing food that grows in / by / near my home ! ☺  How about you?",2020-04-24T06:39:16Z,1522,https://www.youtube.com/watch?v=JbB2Mqp2Lzw
39YO82Z6uUk,Comparing Urban Gardening Vs. Rural Gardening,"In this episode we look at urban gardening vs. rural gardening. We compare and contrast the two different styles and look at soem of the pros and cons of them as well. No method is better than the other, and regardless of where you garden the important thing is that you are gardening. Grow big everyone! Check out our new clothing line! http:www.freshpickedapparel.com",2021-03-19T02:29:49Z,54184,https://www.youtube.com/watch?v=39YO82Z6uUk
MQ-hoEcoTo0,Urban Gardening in Central Texas - May 2021 Garden Tour - Now in 4k,"Greetings fellow gardeners! This video is a follow up to my April garden tour showcasing my backyard and front yard garden beds in Austin Texas. I made this video to share my experience of becoming a home owner, some things I've learned during my first year gardening, and general tips for urban gardening in central Texas (Zone 8B). I bought my home in February 2020, and before then, I wasn't into gardening, but after moving in, gardening has become one of my favorite hobbies!

I'm working with a smaller backyard, and a smaller lot in general. My home is on a 4400 square foot lot, and my backyard is 40'x16' which is 640 square feet. In my backyard, I've built an in-ground bed, where I'm growing peaches, cabbage, cauliflower, celery, strawberries, habaneros, cilantro/coriander, and basil. I've also got a circular raised bed that I built with limestone, which contains my larger peach tree, bluebonnets, and cucumber plants. 

I'm also doing some container gardening using paint buckets and terracotta pots. I'm currently growing a pineapple crown, a potted avocado tree, sweet potatoes, yukon gold potatoes, and more potted peppers like habaneros and jalapeños.

In my front yard I'm trying to figure out what to do with my overgrown wildflowers and an assortment of fruit trees and vegetables including olives, apples, figs, tomatoes, jalapeños, habaneros, peas, and ornamental flowers.

Gardening in Austin Texas is super fun! Working with smaller urban spaces like mine can be difficult, but its rewarding, and I've had success with all kinds of fruits and veggies.

Video Chapter Timestamps -
0:00​​ Intro
1:28​​ Backyard Garden Bed
4:05​​ Winter Garden Bed Update
6:29 Growing Peach Trees
14:26 Container Gardening
19:33 Indoor Propagation Station
20:19 Front Yard Wildflower Aftermath
22:15 Veggie Garden and Slug Issues
25:00 Overgrown Wildflowers around the Fruit Trees - Fig, Apple, and Olive
27:36 Urban Gardening in Small Spaces and Closing Thoughts

Thanks again for watching Austin Texas Gardening!

#AustinTexas​​ #Gardening​ #GardenTour​​ #PeachTrees #HowTo​​ #BackyardOrchard​ #Texas​​​ #Vegetable​​ #Garden​​​ #Organic​​​ #Gardener​ #SpringGarden",2021-05-03T11:08:34Z,1967,https://www.youtube.com/watch?v=MQ-hoEcoTo0
9imNPZRv-y8,Indoor Urban Gardening || Qach Lifestyle &amp; Garden,"Don't you feel inspired whenever you see plants inside your home? 

WATCH IN HD!

For more Philstar TV videos, please visit: http://philstartv.com/

For more updates on your favorite PhilStar TV shows, please like: https://www.facebook.com/philstarTV/
https://www.facebook.com/ModernLivingTV/",2019-04-03T05:11:36Z,8139,https://www.youtube.com/watch?v=9imNPZRv-y8
4xpT2jcTdV8,Urban Gardening: Growing Lettuce &amp; Salad Leaves in Containers,"💛 📖 See the GrowVeg book here: https://www.growveg.com/growveg-the-beginners-guide-to-easy-gardening.aspx.
Sowing salads now for fresh, young leaves in a matter of weeks is a great way to make the most of what’s left of the growing season.

Cut-and-come-again salad leaves are quick and easy to grow and small enough to fit into almost any container, making them perfect for gardeners with limited time or space.

In this short video, follow our step-by-step guide to enjoy fresh salads direct from your garden in next to no time.

If you've noticed any pests or beneficial insects in your garden lately please report them to us at http://bigbughunt.com

If you love growing your own food, why not take a look at our online Garden Planner which is available from several major websites and seed suppliers:
http://www.GrowVeg.com
http://gardenplanner.motherearthnews.com
http://gardenplanner.almanac.com
and many more...

To receive more gardening videos subscribe to our channel here: http://www.youtube.com/subscription_center?add_user=GrowVeg",2015-07-31T11:11:37Z,98001,https://www.youtube.com/watch?v=4xpT2jcTdV8
5ZLpX2eQEf4,Urban Gardening 101: Growing Your Own Ginger at Home (Episode 10),"Here's something that you can start at home. Growing your own ginger in a pot is easy, but you need to be patient and wait around 4-6 months before you can harvest your first ginger root (rhizome). Here in this Part 1 of the Ginger Series video, Urban Gardening Mom shows you how and when to harvest your own organic ginger. Next week, in Part 2, we'll show how to start your ginger from a a ginger root. Watch out for it! 

#UrbanGardeningMom
#UrbanGardeningMomPH
#UrbanGardeningMomTV
#TheUrbanGardeningShop
#UrbanGardeningNews
#GrowYourOwnFood",2020-04-17T02:25:28Z,579,https://www.youtube.com/watch?v=5ZLpX2eQEf4
3YeNfDTRtzE,Artificial pollination in urban gardening,"Hand pollination is essential in urban gardening.
Hand pollination is a simple method of pollinating the plants by shaking, tapping or vibrating.",2021-05-30T18:27:10Z,4037,https://www.youtube.com/watch?v=3YeNfDTRtzE
y6qKV_NPuZY,Urban farm planted on an old bowling green | Urban Farming | Gardening Australia,"Just a few kms from the Sydney CBD, an old bowling green has been converted to a thriving urban farm. Camperdown Commons has a kitchen garden and verge food forest pumping with crops, giving people who live in the city a chance to garden and connect with their food's journey. 

Find out more about Pocket City Farms: http://www.pocketcityfarms.com.au

FEATURED PLANTS

Marguerite Daisy Argyranthemum cv.
Hummingbird Mint Agastache aurantiaca 'Salmon Pink

Watch Gardening Australia on ABC iview: http://iview.abc.net.au/programs/gardening-australia 
 
SUBSCRIBE: http://ab.co/GardeningYouTube 
 
About Gardening Australia: 
Gardening Australia is an ABC TV program providing gardening know-how and inspiration. Presented by Australia's leading horticultural experts, Gardening Australia is a valuable resource to all gardeners through the television program, the magazine, books, DVDs and extensive online content. 
 
Connect with other Gardening Australia fans: 
Like Gardening Australia on Facebook: http://www.facebook.com/gardeningaustralia   
Follow Gardening Australia on Instagram: http://www.instagram.com/gardeningaustralia  
Visit the Gardening Australia website: http://www.abc.net.au/gardening  
 
This is an official Australian Broadcasting Corporation YouTube channel. 
******** 
Contributions may be removed if they violate ABC's Online Conditions of Use http://www.abc.net.au/conditions.htm (Section 3).",2020-03-29T07:00:14Z,18049,https://www.youtube.com/watch?v=y6qKV_NPuZY
RYn_9ENS0tk,7 Top Tips for City Gardening - Space-Saving Urban Gardening Hacks,"Traditional gardens usually span several meters, but it’s different when you live in the city.

If you want a garden in the city, you only have small backyards, balconies, or terraces to work with. Don’t let that deter you!

Your dream garden is still possible even if you live in a city!

Table of Contents
0:29 #01 Container Garden
1:09 #02 Plant Shade-friendly Flowers
1:44 #03 Plant Upwards
2:19 #04 Small Succulents
3:15 #05 Air Plants
3:54 #06 Remain Zen
4:28 #07 Miniature Greenhouse

For a deeper dive on the topic, visit: https://www.gardenbuildingsdirect.co.uk/blog/tips-to-city-gardening/

For low-budget gardening tips, visit:
https://www.gardenbuildingsdirect.co.uk/blog/transform-garden-on-a-budget/

For dirt-cheap ways to flourish your garden: 
https://www.gardenbuildingsdirect.co.uk/blog/10-dirt-cheap-gardening-tips/

For genius gardening hacks you wish you knew earlier: 
https://billyoh.com/extra/blog/diy/12-genius-gardening-hacks/

For more garden-related blogs visit: https://www.gardenbuildingsdirect.co.uk/blog/
For garden products visit: https://www.gardenbuildingsdirect.co.uk/

Follow Us Here:
Facebook: https://www.facebook.com/gardenbuildingsdirect
Instagram: https://www.instagram.com/gardenbuildingsdirect/
Twitter: https://twitter.com/gardenbuildings",2019-08-05T09:45:20Z,1274,https://www.youtube.com/watch?v=RYn_9ENS0tk
8BDMon92DMw,♻️🏡 Zero Waste Urban Garden Tour! 🍉🌿,"CHECK OUT MY EBOOKS! Easy healthy gluten-free plant based recipes your whole family will enjoy! 
Zero Waste ebook about how you can begin to be zero waste, along with advanced zero waste tips! 
ONLY available on my website! 
 https://thefairlylocalfamily.com/shop/ 

___

Instagram:  @thefairlylocalfamily https://www.instagram.com/thefairlylocalfamily/ 
Become a Patreon! http://patreon.com/thefairlylocalfamily
For Business Inquiries: thefairlylocalfamily@gmail.com 

___

 Some of my Favourite Things: 

 ► Check out the FlashFood App to save grocery store produce from ending up in the trash! Use this link to get $5 of free food! https://flashfood.app.link/ccYpQtItg1 
 ► My favourite cloth pads! Tree Hugger Cloth Pads (Each pad bought plants a tree!): http://tree-hugger-cloth-pads.myshopify.com?rfsn=803078.91c972 
 ► We use sustainable cork mats for yoga practice (they have both kids and adult sizes)! http://www.scoriaworld.com?aff=3
 ► Sustainable Jewelry - use code FAIRLYLOCAL for 10% off: https://jewelsbysjb.com/?rfsn=3324356.c3ee6b 

___
Music by Alundra - Smile - https://thmatc.co/?l=9A649108
Music by Nico Anuch - Watermelon  - https://thmatc.co/?l=F04231F5",2019-08-09T17:52:31Z,73484,https://www.youtube.com/watch?v=8BDMon92DMw
tqcBCcSLDlo,Urban Farming: Hydroponics in the City,"Keeping agriculture sustainable increasingly means keeping it local. Besides the environmental benefit of reducing reliance on fossil-fuel guzzling transportation, eating local food is a more seasonal and often healthier experience. With concern about food security growing, it might turn out to be safer, too. The folks in charge of the Science Barge, a new urban farming experiment in New York, are bringing local food production closer than ever. In this video Vanessa Rae learns about the floating greenhouse facility, which is designed as a demonstration of how urban space, especially rooftop space in big cities like New York, can be used to efficiently produce food. Self-powered by solar panels, wind turbines, and a biodiesel generator, the Science Barge uses state of the art computer technology and an agricultural technique called hydroponics to grow fruits and veggies using much less water and space than field farming. Watch out, city slickers. Farm country is coming to your neighborhood.",2008-11-22T04:33:58Z,272077,https://www.youtube.com/watch?v=tqcBCcSLDlo
WcnCwNETGRo,PLOT GARDEN UPDATE // Urban Gardening in NYC (Spring 2022),"Welcome to my urban garden! My name is Mari and I'm gardening in Queens, NYC (Zone 7b). Today I'll be giving you an update on how the plot garden around the corner from my apt is looking and I'll also be planting a few things there!

Instagram: https://www.instagram.com/marisgardenandkitchen
Website: https://www.marisgardenandkitchen.com/
Join my facebook group: https://www.facebook.com/groups/496772298156787

My 2022 Grow List: https://youtu.be/8AZ6WQiTetM
Why I started Gardening: https://youtu.be/n5AgwylkWVc

2021 Garden Tour Playlist: https://www.youtube.com/playlist?list=PLHDaYPV0vsszVn2SDKjo5CKHHM_pM9GpG

Gardening Playlist: https://www.youtube.com/playlist?list=PLHDaYPV0vsswZCVCZaYwUJ1WUmPPniPoA
Cooking Playlist: https://www.youtube.com/playlist?list=PLHDaYPV0vsswAKBLjzmZQDnMpw56BnjRe

GreenStalk Planter Discount: https://lddy.no/wndn​  
Use code ""MARISGARDEN"" for $10 off $75+ order 

//

#urbangardening #newyorkcity #marisgardenandkitchen

DISCLAIMER: Links included in this description might be affiliate links. If you purchase a product with the links that I provide I may receive a small commission at NO extra cost to you. When you purchase through this links, you help supporting my channel (and my garden) helping me to continue to create free content!


urban garden update nyc,urban gardening nyc,urban gardening new york,urban farming new york,maris garden and kitchen,urban garden spring 2022,mariana lyra,urban gardening in new york city,nyc garde,growing food in new york city,medicine and herb garden,end of april urban garden update,urban gardening,urban garden",2022-05-01T14:05:36Z,371,https://www.youtube.com/watch?v=WcnCwNETGRo
ECS9mJkYB3E,Urban Gardening with St  Jude Family Projects,"PWRDF partner in Uganda, St. Jude Family Projects, describes how to grow food in vertical gardens.",2020-07-27T16:10:01Z,1485,https://www.youtube.com/watch?v=ECS9mJkYB3E
QJbcaRG35S4,The Farm Next Door | Urban Farming in Atlanta,The next best thing to having your own garden—this is how urban farmers are growing businesses and bringing new life to food deserts.,2019-07-24T16:22:30Z,31959,https://www.youtube.com/watch?v=QJbcaRG35S4
AEd6i4FAs1A,Grow World&#39;s Hottest Pepper in Pots | SEED TO HARVEST,"HOTTEST PEPPER IN THE WORLD| CAROLINA REAPER
Carolina Reaper is an easy to grow, low-maintenance plant. It is the hottest peppers in the world with a Scoville heat measurement of 2 million. It can be grown in containers, provided they receive enough sunlight and water.

FUN FACTS: 
The Carolina Reaper is so strong, you're supposed to wear gloves when you hold it.
The Carolina Reaper chilly is 400 times more spicy than the tasty Jalapeno peppers you can get on pizzas, which only rate a chilly 3,500 on the Scoville scale.
It's the same species as the famously fiery Scotch bonnet chilly which is often used in West Indian cooking.
It's not the seeds that make a chilly spicy, it's the white flesh nearest to the seeds that give it its kick
Only mammals feel the heat of a chilly, they don't affect birds at all!

GROWING TIME: SUMMER AND RAINY SEASON( JUNE-JULY-AUGUST MONTHS ARE IDEAL FOR SEED GERMINATION)

BUY CAROLINAREAPER SEEDS: 
FACEBOOK: https://www.facebook.com/valeyrac.ex/
EBAY: https://www.ebay.com/str/valeyracexotics
INSTAGRAM: https://www.instagram.com/accounts/login/?next=/valeyrac.ex/

BUY IMPORTED VEGETABLE AND FLOWER SEEDS FROM MY SEED SELLER MR. ROHIT (WHATSAPP- 9818174630)

NATURAL RIVER SAND - 5kg Grey 
https://amzn.to/3syf6BV

BUY GROW BAGS :
 UV Treated Grow Bag, Multicolour, 12 x 12 inch, 10 Pieces
https://amzn.to/3lsgZLS

GROW BAGS: (18x18 inch, Pack of 8) 
https://amzn.to/2ZLpYjP

Homemade Organic Fertilizer Organic & Natural Plant Nutrient Cow Manure, Vermi compost Fertilizer (10 kg)
https://amzn.to/3lrtqHX

TrustBasket Organic Vermicompost Fertilizer Manure for Plants - 5 KG
https://amzn.to/3plPBR2

COCOPEAT 4KG BLOCK
https://amzn.to/3rsPLbL

Cocopeat Block 4 Qty Expands To 100 Kg Coco Peat Powder
https://amzn.to/3rxSm4j",2022-06-12T06:23:38Z,22400,https://www.youtube.com/watch?v=AEd6i4FAs1A
fP8u95WzTuc,My thoughts on urban farming after 10 years,"▶️ Become a member: https://fromthefield.tv
Use the code JAN2021 to get 50% off your monthly subscription, when purchasing a full annual membership. $240 per year is now $120 per year. This couple will only last until the end of the month.

▶️ Liberty on the Land on Bitchute: https://www.bitchute.com/channel/UycAtU8ltPCO/
▶️ Online courses: http://theurbanfarmer.co/onlinecourses/
▶️ Sign Up For My Newsletter: http://theurbanfarmer.co/signup?

Buy my book here: http://bit.ly/AllinOnebook 
Use this discount code for $15 off: newsub

About Urban Farmer Curtis Stone:
Curtis Stone started Green City Acres, a commercial urban farm called Green City Acres out of Kelowna, BC, Canada, in 2010. His mission is to show others how they can grow a lot of food on small plots of land and make a living from it. Using DIY and simple infrastructure, one can earn a significant living from their own back yard or someone else's.

___

Music commonly used on this channel:

Sweeps - https://www.youtube.com/c/SweepsBeats
Biocratic - http://birocratic.com
The Muse Maker - https://soundcloud.com/themusemaker
David Cutter Music - www.davidcuttermusic.co.uk
https://artlist.io/Curtis-38762",2021-01-20T17:00:14Z,32835,https://www.youtube.com/watch?v=fP8u95WzTuc
Ei9i7DisX8c,Speaking Gardens - The Berlin urban gardening movement (A documentary film),"DEUTSCHE VERSION: https://www.youtube.com/watch?v=1OA7APJaDXg 

The documentary presents seven urban gardening projects in Berlin (community gardens, intercultural gardens, roof gardens, also “guerrilla gardening”). The film focuses on the personal view of the urban gardeners, their visions as well as their concrete projects experimenting with a new way of “alternative” city planning. The citizens would like to change their cities in order to make them greener, to cultivate their own food and to work in intercultural communities. Besides the social aspect, they are also encouraged by political commitment, which in the long run aims at developing new concepts of urban life. The filmmaker wishes to raise awareness about the gardeners’ commitment and the possibility of civic participation in towns.

A documentary film by Teresa Beck and René Reichelt",2014-10-28T21:02:26Z,5430,https://www.youtube.com/watch?v=Ei9i7DisX8c
5bu-NvYY8LI,A BIG Harvest from a Small Urban Garden,"Here’s the garden harvest that took place before I left for a few days! Now that I’m back the plants have more fruit and are due for another harvest!

Everything I use in my garden is linked here:

https://linktr.ee/gardeningwithstar

Some links are affiliate links and help support my channel!",2022-04-23T01:00:14Z,1527,https://www.youtube.com/watch?v=5bu-NvYY8LI
rHkLjtM-CwE,Urban Gardening: How to Build a Raised bed and Hoop House,"This video is a highrez combination of two older lorez videos. Here Patti Moreno, the Garden Girl, builds a raised bed garden for square foot gardening and assembles a simple hoop house for it. The Perfect system for a city organic garden. 

Read the companion article here: http://www.gardengirltv.com/how-to-build-a-raised-bed-garden.html

Visit: http://www.gardengirltv.com and http://www.urbansustainableliving.com

Subscribe to Urban Sustainable Living Magazine : http://visitor.constantcontact.com/manage/optin/ea?v=001jyV49J2cwWrp2c-CwT58zA%3D%3D",2009-12-11T19:41:23Z,105406,https://www.youtube.com/watch?v=rHkLjtM-CwE
HzVceY4OTCQ,Urban gardening: Vilnius – Helsinki – Kaunas,"Over the last two decades urban gardening ideas have been growing in Europe and around the world: neighbors, communities and municipalities are creating gardens and orchards, growing a variety of goods from berries or salads to huge vegetables and fruits.
In this way not only does the community itself grow organic food for its families or small businesses, but it also makes valuable use of free urban spaces, strengthens relationships and creates employment opportunities for those who might be in need.
Unused vertical or horizontal areas, including courtyards, roofs or even walls are dedicated to these gardens. There is no need to look far for inspiration: here in Lithuania, we have several established examples of urban gardening that can be role models for communities dreaming of their own garden.
September 29 6 p.m.: we invite you to talk about the possibilities and perspectives of urban gardening through examples of Lithuania and Finland.
EVENT SPEAKERS:
Vilnius city municipality (Aušra Sičiūnienė, Urban Developement Department)
Pilaitės urban garden (Laura Petruškevičiūtė, co-founder)
Antakalnio urban garden (Rūta Aladavičienė, gardener)
Dodo (Finland, www.dodo.org) (Malm Nordlund, Head of Organizational Developement)
Šilainių sodai urban garden (Evelina Šimkutė, co-creator)
Kuršių kiemas urban garden (Renata Dumbravienė, co-creator)
A panel discusion will follow the presentations:
Moderator: Evelina Šimkutė (Šilainių sodai urban garden)
The event will be held at Miesto Laboratorija with an opportunity to watch live broadcast on YouTube.
REGISTRATION: https://bit.ly/3yPeQOj
Organisers: Miesto Laboratorija, Nordic Council of Ministers Office in Lithuania, Šilainių sodai",2021-09-30T05:09:37Z,159,https://www.youtube.com/watch?v=HzVceY4OTCQ
WDcdTPyC5g4,Grow: An Urban Gardening Symposium,"Manhattan is home to an array of urban plots, hydroponic farms, greenhouses, and more than 170 community gardens. This urban agriculture yields tremendous benefits for our neighborhoods, our economy, and the environment: it teaches valuable skills and sustainably produces fresh, healthy, locally-grown food.

On October 14, 2015, Borough President Brewer hosted ""Grow: Urban Garden Symposium,"" to connect community members with urban agriculture experts and leaders. Through a series of panel discussions and an industry fair featuring more than fifteen exhibitors, participants learned how to expand their programs, or start a garden or farm of their own. 

The primary challenge to urban agriculture in Manhattan is one of limited, expensive space. Borough President Brewer hopes that by providing access to finding and resources, New Yorkers will be better able to pursue alternative gardening options and make Manhattan a greener, healthier borough. 

To that end, she has committed $1 million in capital grants for Manhattan public schools to invest in urban agriculture programs. She also administers a grant program to spur composting programs in community gardens, in partnership with the Manhattan Solid Waste Advisory Board and the Citizen's Committee for New York City. 

Learn more about what I've been doing and how you can get involved: http://manhattanbp.nyc.gov/urbangardens",2015-10-30T15:53:16Z,390,https://www.youtube.com/watch?v=WDcdTPyC5g4
7QpoDA8t6yQ,Grow More Food at Home: The Urban Gardening Series Part 1,"Introducing the Urban Gardening Series
Today I wanted to introduce a new series in response to world events that are touching many homes here in Canada.  The other day while shopping I saw a medium sized tomato with a price of 3$ each and a head of cauliflower over 10$. World events have led to fast and sharp increases in the cost of groceries.  

I hope through the Urban Gardening series that both new and experienced gardeners are able to have a successful growing season without having to invest a lot.  Especially for new gardeners success helps you want to continue and garden into the future.

Recommended Videos
Raised Bed Gardening For Beginners:
https://www.youtube.com/playlist?list=PL5mfR-r4BXH3OKJ_4uS9u-wTKw0waKQqJ
Top 5 Garden Myths, Advice that is not Correct and Why
https://www.youtube.com/playlist?list=PL5mfR-r4BXH2COKdm8QkUv9TYWzWG8imu


Recommended Books
The All New Square Foot Gardening by: Mel Bartholomew
1 - Minute Gardener by: Mat Pember and Fabian Capomolla
My Cool Allotment by: Lia Leendertz
Teaming with Microbeds by: Jeff Lowenfels and Wayne Lewis
Four-Seasons Harvest by: Eliot Coleman
Lasagna Gardening by: Patricia Lanza

Ask Your Questions
YouTube: https://www.youtube.com/user/stephenlegaree14

Facebook: https://www.facebook.com/AlbertaUrbanGarden",2016-01-29T22:16:03Z,18041,https://www.youtube.com/watch?v=7QpoDA8t6yQ
23QEtfBuWGo,URBAN GARDENING 101,,2016-07-18T01:01:40Z,37389,https://www.youtube.com/watch?v=23QEtfBuWGo
fKaIRQ29ZVc,Over 50 fruit trees in an eclectic edible garden | Urban farming | Gardening Australia,"Inspirational urban food forest in the beating heart of Melbourne’s western suburbs. 
Subscribe: http://ab.co/GardeningYouTube 

Owner:  David Elliot
Location:  Footscray, Victoria. Wurundjeri Woi Wurrung & Boon Wurrung Country 
Climate Zone:  Cool temperate
Garden established:  2010 
Style:  Space-saving productive garden 

Key Features:   

There are more than 50 different species of fruiting trees, shrubs and vines in this small garden, many of them unusual or tropical.  David attributes a large part of their success to the near-perfect position of his garden. “It’s north-facing, it’s sheltered and protected, and with the fencing and the house we have a fair retention of heat and thermal mass, which has created a lovely microclimate.”  

A sentimental favourite is the Saskatoon Berry (Amelanchier alnifolia). “I’m very excited about these as they are indigenous to the area of Canada I grew up in and I have fond memories of being in the bush and gorging on these delicious berries.” These haven’t fruited yet, but David is hopeful.  

Another favourite is the Wampi (Clausenium wampi), which he describes as having fruit “that is a smaller, more citrusy version of a lychee, but without the seed”.  

One group of plants that have benefitted from this warmer microclimate are his collection of Caricas - the small family of soft-stemmed sub-tropical fruits from the pawpaw family. David has a Babaco that he describes as “a striking plant, quite cold hardy and very productive. The fruit are a bit on the sour side but still pretty good.” and a Mountain Papaya (Carica pubescens). 

A family favourite is the Cherimoya custard apple, which David propagated from seed in 2014. 

Grafted Lemon Gold and Ortega White Sapotes (Casimoroa edulis) sit in the back-left hand corner of the garden. David says they are “very sweet and creamy. The first time my Lemon Gold tree fruited I estimated it had over 500 apple sized fruits.”  

There are also plums, nectarines, a multi-grafted apples, grapes, figs and a raft of citrus (limes, lemons, oranges, mandarins and tangelos), many of them grown in space-saving ways, such as miniatures, in pots to limit size, or espaliered. 

David also grows many Australian native food plants, such as lilly pillies and Eucalypts. 

Vertical space is used to great effect, with 10 differing grape varieties growing along fence-lines. He has used Cherry Guava as a hedge at the front of the house, alternating the red and yellow varieties. This is a fantastic way to increase productive plants at a property – get rid of the traditional ornamental hedge and replace it with something delicious!  

David is also a potter, and many of his works can be found throughout the garden, particularly in the greenhouse where is rapidly expanding collection of orchids are displayed artfully in his quirky pots. “I’ve begun to relax my ‘edibles only’ policy, and am starting to embrace collections of ornamental plants as well”. 

David, a mental-health nurse, spends about eight hours a week pottering and perfecting his pocket of suburbia. “For me gardening is my time, and a nice diversion from my work, which can be stressful,” David says. “I just love it, and I love the learnings and joy it brings”. 

See the latest content from Gardening Australia as it goes live by hitting subscribe: http://ab.co/GardeningYouTube 
Watch Gardening Australia on ABC iview: http://iview.abc.net.au/programs/gardening-australia 
  
About Gardening Australia: 
Gardening Australia is an ABC TV program providing gardening know-how and inspiration. Presented by Australia's leading horticultural experts, Gardening Australia is a valuable resource to all gardeners through the television program, the magazine, books, DVDs and extensive online content. 
 
Connect with other Gardening Australia fans: 
Like Gardening Australia on Facebook: http://www.facebook.com/gardeningaustralia   
Follow Gardening Australia on Instagram: http://www.instagram.com/gardeningaustralia  
Visit the Gardening Australia website: http://www.abc.net.au/gardening  
 
This is an official Australian Broadcasting Corporation YouTube channel. 
******** 
Contributions may be removed if they violate ABC's Online Conditions of Use http://www.abc.net.au/conditions.htm (Section 3).",2020-09-15T08:30:01Z,98856,https://www.youtube.com/watch?v=fKaIRQ29ZVc
s5zsNsa_rg4,How To Grow Dragon Fruit | FULL INFORMATION,"How to grow dragon fruit in pots | GROW DRAGON FRUIT IN CONTAINERS

MUSIC: 
FRESH FALLEN SNOW

Song: BraveLion - Sleeping Jungle (Vlog No Copyright Music)
Music provided by Vlog No Copyright Music.
Video Link: https://youtu.be/-lXuuGG9d3Y",2020-05-08T09:43:59Z,6459251,https://www.youtube.com/watch?v=s5zsNsa_rg4
jc_oIDiIPRc,Grow Cabbage From Seeds | SEED TO HARVEST,"HOW TO GROW CABBAGE IN CONTAINERS | CABBAGE IN POTS 

When it comes to planting, they do well in cold climate, plant them anytime when the temperature is in the range of 50-85 F (10-30 C). September to December months are best to start cabbage from seeds. At the time when it’s maturing, the ideal temperature is around 60-70 F (15-20 C). This ensures the best flavor and growth!

GROWING TIME : SEPTEMBER TO JANUARY (when the temperature is in the range of 50-85 F (10-30 C))

BUY IMPORTED VEGETABLE AND FLOWER SEEDS FROM MY SEED SELLER MR. ROHIT (WHATSAPP- 9818174630)

BUY GROW BAGS :
 UV Treated Grow Bag, Multicolour, 12 x 12 inch, 10 Pieces
https://amzn.to/3lsgZLS

GROW BAGS: (18x18 inch, Pack of 8) 
https://amzn.to/2ZLpYjP

Homemade Organic Fertilizer Organic & Natural Plant Nutrient Cow Manure, Vermi compost Fertilizer (10 kg)
https://amzn.to/3lrtqHX

TrustBasket Organic Vermicompost Fertilizer Manure for Plants - 5 KG
https://amzn.to/3plPBR2

COCOPEAT 4KG BLOCK
https://amzn.to/3rsPLbL

Cocopeat Block 4 Qty Expands To 100 Kg Coco Peat Powder
https://amzn.to/3rxSm4j

TrustBasket Open Pollinated Cabbage Seeds
https://amzn.to/3rqDmoL",2021-12-02T08:07:33Z,198550,https://www.youtube.com/watch?v=jc_oIDiIPRc
8OK4iNnsyqk,1st Harvest of Tomatoes  \Urban Gardening 🧑‍🌾,"#TomatoHarvest
#1stFruitofLabor
#UrbanGardening
#OrganicVeggies",2021-03-19T09:00:27Z,135,https://www.youtube.com/watch?v=8OK4iNnsyqk
vdNjmiv8HE0,Urban Gardening,"#HomegrownVeggies
#ExtendedGarden
#UrbanGardening
#OrganicVeggies",2020-12-26T15:00:11Z,1066,https://www.youtube.com/watch?v=vdNjmiv8HE0
05nA4NMgtKw,Urban Farming &amp; Cold Climate Permaculture in Calgary Alberta,"Can you do permaculture in an area that can be 0ºc (32ºf) in the morning, and 21ºc (68ºf) in the afternoon?   What if growing days could see as much as 16 1/2 hours of sunlight in a day? These are some of the challenges of growing food in Calgary Alberta, and in this video you will learn how an urban farm can thrive in this climate!

In this video I interview Carmen and Christian from Urban Farm School. In this interview, we cover the high points of their property and classroom. On their property, they are demonstrating rainwater harvesting, no-till gardening, food forestry, rainwater harvesting, season extension and hail protection structures.

For more information on Urban Farm School go to:
https://www.urbanfarmschool.ca/

About Rob Avis and Verge Permaculture:
In less than 10 years, Rob & Michelle Avis left Calgary’s oil fields and retooled his engineering career to help clients and students design integrated systems for shelter, energy, water, waste and food, all while supporting local economy and regenerating the land.  He’s now leading the next wave of permaculture education, teaching career-changing professionals to become eco-entrepreneurs with successful regenerative businesses. Learn more and connect with Rob & Michelle at https://vergepermaculture.ca/

FREE RESOURCES:
As a special gift when you subscribe to our newsletter is that we’ll send you the link to download our drop-dead-gorgeous Blog Book: 50 breathtaking magazine-style pages of our most popular blog posts and articles over the past five years, from permaculture ABCs to property-buying, home design, eco-investing, and community retrofitting. Sign-up: http://bit.ly/2Dqjg5G  

Why should you reserve a place in your bulging in-box for Verge’s newsletters? One reason: because we challenge the headlines and cultural paradigms with a whole different kind of alternative fact: Permaculture-inspired businesses can succeed – and restore the planet. And we’ll show you how to do it.",2019-08-16T09:00:00Z,13412,https://www.youtube.com/watch?v=05nA4NMgtKw
46jkr_8sf7I,Urban Gardening in June 2019,"Urban Gardening in June 2019

► Survival Lilly’s Online Store ◄
https://www.survivallilly.at/
Thanks for your support! ~ #SurvivalLilly

Instagram: gardening_with_lilly
https://bit.ly/34QbEmE",2019-07-10T08:00:00Z,12184,https://www.youtube.com/watch?v=46jkr_8sf7I
23gT5g4k400,Grow Tomatoes from Tomatoes (Easiest Method Ever With Updates),"THIS METHOD WORKS EVERY TIME... FAST N EASY Trick...:) 
DAIZZ'S TIPS:-Growing Tomatoes Indoors in Containers from Seed FAST and EASY WAY. Start Tomatoes from Seed Indoors in Containers Pots Grow Tomatoes from Slices seeds quickly with this clever garden trick.  
A great way to plant tomato and grow tomatoes in pots or growing tomatoes indoors .   You actually have all the tomato seeds you need for next year!!  Growing tomatoes from seeds of the ones you bought at the grocery store.  Great way to save money too. 

TEMPERATURE/CLIMATE- 15 to 25 degree Celsius is ideal for planting tomato seeds..IN INDIA -SEPTEMBER TO FEBRUARY MONTH 
Thank you for watching and please give me a Like and I would love you to SUBSCRIBE for regular updates and take a look at my other Videos...thank u..:)

MUSIC:-
Adventures by A Himitsu https://soundcloud.com/a-himitsu
Creative Commons — Attribution 3.0 Unported— CC BY 3.0 
http://creativecommons.org/licenses/b...
Music provided by Audio Library https://youtu.be/MkNeIUgNPQ8",2017-08-07T05:48:21Z,4877514,https://www.youtube.com/watch?v=23gT5g4k400
gEvYOOuCEng,Urban Gardening with Urban Buds - Bloomtown TV Ep. 2,"Join Mimo & Miranda at Urban Buds, a St. Louis city-based flower farm, to discover how they grow their renowned flowers organically and sustainably in the city. Please help support the movement at http://bloomtown.tv
____

Each 5 - 10 minute episode of Bloomtown features real-life characters who love, learn and live this business everyday, from growers and sellers, designers and supply chain folks, all the way to the end consumer.

Like this episode? Please subscribe to our channel to see more every 2 weeks! http://bit.ly/1ysT1OY
Like us on Facebook: http://facebook.com/bloomtown.TV  
Follow us on Twitter: http://twitter.com/BloomtownTV

Mimo: I think it's becoming more and more important that people are aware of their farmer. When you're given a bouquet, first thing you do is you put your face in it. You smell it. You are so close to the flowers, it's in our face. I mean, you really should know where that product comes from. 
Narrator: This, my friends, is a series about people who love the mud, sweat, and tears of horticulture. You'll find them here in a place close to every one of us. Welcome to Bloomtown. 
Miranda: Urban Buds, Urban Buds. You know, the urban, because it's in the city. The buds, because we are best friends. And of course then the flowers are the buds. So a play on words; Urban Buds. And then we started tacking on city-grown flowers because people kept asking us if we were growing weed. It kept being ""Urban Buds, city-grown flowers."" 
Mimo: We sell flowers direct to florists and to farmers markets and do selected events; weddings, parties, selected events. The flowers are grown right here. We have hoop house, a high tunnel, and this greenhouse here. 
Miranda: That's what we do, primarily flowers, though we do a little bit of food and then, I'm a beekeeper. 
Mimo: We grow them sustainably. We use no pesticides. These flowers will never ever see a box between here and the end consumer. Pizza, pizza's the only the only thing that comes in box around here. 
Miranda: When I started imagining myself being a farmer, I was around 19. I'm 34 now. And part of the draw to that was I wanted to have a lifestyle where I was outside a lot of the day. And I wanted to be moving my body. I wanted to be working with soil in a healthy way. You know, taking care of the environment. And I wanted a partner to do that with me.
Mimo: 1989, I hadn't touched a plant, hadn't thought about a plant. I was living in New York, my mom was living in New York, we both worked. And she was dating a guy here in Missouri. They had a great courtship. And he bought her a house that 132 rose bushes in the back yard. I was going to house-sit for them while they were away that week. And my mom turned to me and said, ""Don't let anything die."" In that week, I decided to make my mom a scrapbook of taking little leaves of plants to garden centers to try and identify how to take care of them. And then that week, I literally fell in love with agriculture. 
Miranda: We are saving what's left of the farm and farming it. We heard tell that like the mosque on the corner of this street was trying to buy the property at one point to turn it into a parking lot. People thought about putting four-family flats here. I just feel so glad that didn't happen.When we tilled the first time, we had 8% organic matter in the soil which is very good, very high. It's beautiful soil. I'm happy it worked out. Who knew, who knew? Not me. 
Mimo: This isn't the country; this is hard-core city living. And yes, on occasion we hear gunshots. Me, I run in the house, Miranda runs outside of the house to see what direction it came in, who's firing that shot. I keep saying to her, ""Miranda, if you found out who was firing the shot, then what would you do?""
Miranda: I don't know. You got to stop things when you see things that are bad, right? 
Mimo: We sold at the Tower Grove Farmers Market here in St. Louis. They don't just come and buy, but they come and associate with us because they have a real urge to know their farmer. 
Miranda: People are connected to flowers and they are with us during every major emotional right of passage in our life. And I don't think that's going to stop. 
Mimo: I have people drive by when I'm out, they roll down their car windows, ""It's beautiful."" I mean, if I can give somebody that moment of joy, what a great day I've had, right?",2015-03-30T16:38:21Z,3876,https://www.youtube.com/watch?v=gEvYOOuCEng
pehYeN3WxH8,Urban Gardening: Making a Vermiculture Bin,"Looking for a new pet — or 1000? Try worms! These food-scrap loving creatures can eat as much food as their body size every single day, helping to reduce waste going to landfill while creating nutrient-rich compost for our gardens at the same time. Worm composting, or vermiculture, can be done right in your home.

Welcome to RBG at Home, our commitment to offering accessible, diverse and entertaining learning opportunities for all ages.

MORE: https://www.rbg.ca/athome

--------------------------------------------------------
SUPPORT ONLINE LEARNING:
RBG is supporting children’s education during this difficult time by offering our new RBG at Home content which includes materials for students, teachers, families and lifelong learners.

Donate today to help us create and deliver quality educational content that helps parents, children and teachers keep in touch with nature during this unprecedented time.
https://www.rbg.ca/athome-donate

--------------------------------------------------------
Royal Botanical Gardens is made up of four distinct formal gardens contained within 1,100 hectares of nature reserve, across the municipalities of Hamilton and Burlington Ontario. See all our garden areas and start planning your visit at https://www.rbg.ca/gardensandtrails

--------------------------------------------------------
Like us on Facebook: https://www.facebook.com/RoyalBotanicalGardens
Follow us on Instagram: https://www.instagram.com/rbgcanada/
Follow us on Twitter: https://twitter.com/RBGCanada",2020-07-09T15:53:36Z,1326,https://www.youtube.com/watch?v=pehYeN3WxH8
gQTvtILt3R4,Urban Gardening,Urban Gardening ist Trend - auch in Wuppertal. Hier entstehen zum Beispiel viele kleinere Gemüsegärten in Hinterhöfen. Jede Menge Tipps rund ums „städtische Gärtnern“ gibt es vom 22. April bis zum 06. Mai 2017 während den Aktionswochen der Interessengemeinschaft „Wuppertals urbane Gärten“. Sebastian Schulz stellt das Projekt vor.,2017-04-14T17:02:37Z,301,https://www.youtube.com/watch?v=gQTvtILt3R4
1iSXERpdjNY,Amy&#39;s Farm Urban Gardening,"Randy's  personal journey began when he had realized managing a cattle farm was unproductive.  He reached a fork in his life where he was deciding what to do because he had realized that managing a cattle farm in Pomona was counterproductive to nature and its environment.  While attending church one day, he heard of a drive by-shooting where a young man was shot and killed. 
 That's where he decided to create a program which helped kids learn about sustainable farming.  This new method is called Small Plot Intensive Nature Farming (SPIN) where someone could manage a one-half acre farm or two feet by twenty-five long parcel of land and grow radishes, spinach, peas, or beans.  Amy's Farm is a non-profit 501c3 organization, his mission is to teach and promote an urban farming method promoted through the methodology of Mr. E. P. Schumocker.  His books include Small is Beautiful and Good Work.  
 Randy feels that this farming method can be taught to youth or anyone who is interested in becoming an urban farmer.  This economic model is challenging at first due to ones' level of experience, however, one's ability could improve over time where one could create a co-operative.  The challenge one would face is the notion that food is cheap, however if one is interested in growing good fruits and vegetables then the mindset needs to shift. People would rather pay $5 for a Starbucks Coffee than pay for organically grown vegetables.  The SPIN method provides a means to create a healthy diet as well as means to wean oneself away from eating fast food.  Eventually one could create a means in which to sustain oneself and provide an alternative form of economic sustainability.",2011-03-10T14:06:29Z,9616,https://www.youtube.com/watch?v=1iSXERpdjNY
D06y-i4Pvf4,How To Grow Garlic At Home-Fast N Easy,"HOW TO GROW GARLIC AT HOME-EASIEST METHOD EVER
There are several reasons to plant garlic. First up, it is relatively easy to grow and highly rewarding. Also, growing your own garlic means you get to eat a fresh, organic product and one that hasn’t been imported. 
DAIZZ'S TIPS:-
Growing your own garlic means you get to eat a fresh, organic product.
1.) Grow it in a sunny, well-drained spot in the garden or in a pot.
2.) Water your garlic plants regularly and fertilize through the growing season.
3.) Harvested garlic bulbs can be stored and used over many months.

MUSIC:-

Bay Breeze by FortyThr33 https://soundcloud.com/fortythr33-43 Creative Commons — Attribution 3.0 Unported— CC BY 3.0 http://creativecommons.org/licenses/b... Music promoted by Audio Library https://youtu.be/XER8Zg0ExKU

Happy Life by FREDJI https://soundcloud.com/fredjimusic
https://www.facebook.com/fredjimusic/
Music promoted by Audio Library https://youtu.be/u4PI5p5bI9k",2017-12-20T06:39:18Z,4369638,https://www.youtube.com/watch?v=D06y-i4Pvf4
rG7lVlISwx0,URBAN GARDENING AT MY BACKYARD @Juliet Castillo#urbangardening #plantingseason,"URBAN GARDENING AT MY BACKYARD ‎@Juliet Castillo  
           In this video is about URBAN GARDENING. Plant your own food and eat food free from harmful chemicals.
            I planted tomatoes, eggplant, squash, chillies, beans, petchay, sweet potato, bitter gourd,potato in  pots and  in the ground. 
         So please watch how they grown organically.",2021-07-29T15:30:13Z,123,https://www.youtube.com/watch?v=rG7lVlISwx0
sA1zp5HbPQ4,"AGRITV JULY 7, 2019 EPISODE - URBAN GARDENING - Urban Gardening Mom - Glo de Castro","Like & Subscribe

Like our FB Page: http://www.facebook.com/agritv.hayopanggaling

Watch us every Sunday 7:30am
ABS-CBN S&A Channel 23 Like & Subscribe

Like our FB Page: http://www.facebook.com/agritv.hayopanggaling

Watch us every Sunday 7:30am
ABS-CBN S&A Channel 23

Also live on our Facebook page simultaneously",2019-07-15T02:42:56Z,4688,https://www.youtube.com/watch?v=sA1zp5HbPQ4
ckeXvykKe9A,Urban Farming - Urban Agriculture,"An industry that produces, processes and markets food and fuel, largely in response to the daily demand of consumers within a town, city, or metropolis, on land and water dispersed throughout the urban and peri urban area, applying intensive production methods, using and reusing natural resources and urban wastes to yield a diversity of crops and livestock.

Official Site:  https://discoveryagriculture.com

DISCLAIMER:

Copyright Disclaimer Under Section 107 of the Copyright Act 1976, allowance is made for ""fair use"" for purposes such as criticism, commenting, news reporting, teaching, scholarship, and research. Fair use is a use permitted by copyright statute that might otherwise be infringing. Educational or personal use tips the balance in favour of fair use.

-This video has no negative impact on the original works (It would actually be positive for them)
-This video is also for teaching purposes.
-It is not transformative in nature.

We make these videos with the intention of educating others in a motivational/inspirational form. We do not own the clips and music we use in most cases. Our understanding is that it is in correlation to Fair Right Use, however given that it is open to interpretation, if any owners of the content clips would like us to remove the video, we have no problem with that and will do so as fast as possible. Please message us on YouTube or Facebook if you have any concerns.

We believe these videos are fair use because: 

They are transformative in a positive sense, we take clips from various sources to help create an atmospheric feeling that will help people in hard situations in their life. 

We also do not wish to use the heart of any piece of work that would perhaps decrease the market value of the original content, if anything we hope to promote the content so that people can reach out and subsequently increase the market value. 

Lastly these videos are to educate people in an entertaining fashion

NOTE : This channel doesn't belong to Discovery network. 

SUBSCRIBE : https://www.youtube.com/DiscoverAgriculture?sub_confirmation=1 

Discover Agriculture YouTube Channel : http://www.youtube.com/DiscoverAgriculture 

EMAIL : discoveragriculture@outlook.com 

FOLLOW US ON : Instagram : https://www.instagram.com/roshan_shetty_c 
Facebook : https://m.facebook.com/RoshanShettyCG/ 
Instagram : https://www.instagram.com/harshith_bhandary_ 
Facebook : https://www.facebook.com/harshith.bhandary.7

#UrbanFarming #UrbanAgriculture #Farming #Discover #Agriculture #AgricultureGuide #FarmersGuide #Farming #DiscoverChannel Visit our Website: https://discoveragriculture.com",2020-03-14T02:30:01Z,10777,https://www.youtube.com/watch?v=ckeXvykKe9A
-tti_DMUujg,Urban Gardening,"Think you can’t grow your own food in the city? Think again! In this presentation, you’ll learn about different aspects of urban gardening and what it has to offer you. There are many benefits to gardening, and it doesn’t have to be reserved for people with huge tracts of land and loads of equipment. There are also many ways to go about it, and we will explore different small space gardening techniques for anyone, anywhere. If you have more questions, there are resources at the library available for checkout! by Jessica Reeves, Reverence Specialist

Music courtesy of Scanglobe via freemusicarchive.org.",2020-06-30T21:29:24Z,21,https://www.youtube.com/watch?v=-tti_DMUujg
qxynwswCQug,Urban Gardening,"Ann Tanaka presents how to start plants from seeds, potting mix, fertilizer,
watering, transplanting, plant care, and gentle pest control, focusing on
leafy greens and tomatoes. She will also describe other things that are easy
for the backyard gardener to grow in the ground, such as papaya, but will
concentrate on container veggies.

Ann Tanaka is a Master Gardener under the University of Hawaii College of
Tropical Agriculture and Human Resources. She also did a minimum of 40 hours
of volunteer work a year teaching people research-based information on home
gardening. Ann works as an engineer for the U.S. Naval Facilities
Engineering Command at Pearl Harbor. Her job experiences include working as
a Civil Engineer, Environmental Engineer, and now a General Engineer for our
Public Works Department. She is also a certified volunteer for the American
Cancer Society's Reach to Recovery program, as she is a cancer survivor. She
hopes to convey that she has no special skills, no background in farming,
not much time, and only a tiny lot that is not conducive to gardening, but
even she can grow something fresh and nutritious to eat. So if she can do
it, so can you!",2010-06-22T01:48:23Z,1301,https://www.youtube.com/watch?v=qxynwswCQug
sFJsXev3eU0,🌏 earthrise - Detroit&#39;s Urban Farming Revolution,"Subscribe to our channel http://bit.ly/AJSubscribe

In the early 20th century the American city of Detroit was a booming industrial powerhouse and world leader in car manufacturing. But since the major car companies closed their factories, more than a million taxpayers have moved out of Detroit, leaving behind more than 100 square kilometres of vacant land, and nearly 40,000 abandoned houses. A group of visionary residents are now sowing the seeds of an urban farming revolution.

At Al Jazeera English, we focus on people and events that affect people's lives. We bring topics to light that often go under-reported, listening to all sides of the story and giving a 'voice to the voiceless.'
Reaching more than 270 million households in over 140 countries across the globe, our viewers trust Al Jazeera English to keep them informed, inspired, and entertained.
Our impartial, fact-based reporting wins worldwide praise and respect. It is our unique brand of journalism that the world has come to rely on.
We are reshaping global media and constantly working to strengthen our reputation as one of the world's most respected news and current affairs channels.

Social Media links:

Facebook: https://www.facebook.com/aljazeera
Instagram: https://instagram.com/aljazeera/?ref=...
Twitter: https://twitter.com/ajenglish
Website: http://www.aljazeera.com/
google+: https://plus.google.com/+aljazeera/posts",2012-08-18T08:24:28Z,77240,https://www.youtube.com/watch?v=sFJsXev3eU0
vcpO74JcgzU,FULL GROW BAG GARDEN TOUR! // Urban Gardening in a SMALL SPACE! // 1st Of July 2021,"I LOVE gardening so much, I started in 2019 and I never looked back.I get so much satisfaction planting, caring, and harvesting my own organic produce. Right now I only have a small space, but hopefully in the future, I can have a proper garden bed where I can grow even more stuff!
---

https://www.instagram.com/shirleent/?hl=en

---

https://freemusicforvlogs.com/dj-quads-dreams/
https://freemusicforvlogs.com/dj-quads-findinghappiness/
https://freemusicforvlogs.com/dj-quads-running/
https://freemusicforvlogs.com/dj-quads-downtownfunk/
https://freemusicforvlogs.com/dj-quads-iliketo/

#urbangardening #growbaggardening #smallvegetablegarden",2021-07-26T19:00:11Z,87,https://www.youtube.com/watch?v=vcpO74JcgzU
Mb-6LlSkrdo,Hydroponic Urban Gardening,Iowa Ingredient visits a company in Davenport that is using modern technologies to optimize growing food — and it all starts in a shipping container.,2020-05-14T05:00:06Z,316,https://www.youtube.com/watch?v=Mb-6LlSkrdo
bQZuyh3-F-s,How to Grow Lotus Plant at Home With Updates( FAST N EASY METHOD),"GROW LOTUS PLANT AT HOME FROM THIS SIMPLE METHOD..:)
DAIZZ""S TIPS:-CHANGE WATER DAILY TO GET HIGHER SEED GERMINATION SUCCESS RATE 
Music:-
Cartoon - On & On (feat. Daniel Levi) [NCS Release]
Link:- https://www.youtube.com/watch?v=K4DyBUG242c
Support on iTunes: http://apple.co/1JhAFVD
Download this track for FREE: http://bit.ly/cartoon_onon
↕
Listen on Spotify: http://spoti.fi/1SmZeWa
Listen on Apple Music: http://apple.co/1JhAFVD

Buddha by Kontekst https://soundcloud.com/kontekstmusic
Creative Commons — Attribution 3.0 Unported— CC BY 3.0 
http://creativecommons.org/licenses/b...
Music provided by Audio Library https://youtu.be/b6jK2t3lcRs

Thank you for watching and please give me a Like and I would love you to SUBSCRIBE for regular updates and take a look at my other Videos...thank u..:)",2017-07-20T14:18:50Z,3604498,https://www.youtube.com/watch?v=bQZuyh3-F-s
VG14R8hVX0g,BCB 2021 Hot Spots: Urban Gardening &amp; Senses,"We’d love to introduce you to another two hot spots at this year’s BCB: “Urban Gardening” and “Senses” – proudly represented by @rubenneideck from @velvet.berlin and @mariagorbatschova from @greendoorbar. Together with BCB Ambassador @damiengchrd, they collected a bunch of local ingredients at Prinzessinnengarten in Berlin’s Neukölln district and gave us some really exciting insights into their favourite processing techniques, a rotary evaporator flask included …",2021-08-25T11:10:24Z,436,https://www.youtube.com/watch?v=VG14R8hVX0g
Dhyacr_lMYA,URBAN GARDENING - Organic Urban Summer Garden Tour (AUG 2020) Small Space Organic Vegetable Garden,"Hello there and welcome to my SMALL SPACE ORGANIC URBAN GARDEN, Join me for a tour of the garden as I harvest a few things for a camping trip BBQ. 

#smallspacegardening #organicgardening #urbangardening #vegetablegardentour #garden 

Please check out my Patreon for exclusive content ❤️
https://www.patreon.com/LorenBird


AYO CUSTOM SURFBOARDS
https://www.ayosurfboards.com

AOT RACING - MOTOX RIDING GEAR
https://www.aotracing.com/online-store/cart

SUR RON -HITCH CARRIER - (COMES WITH ANTI-RATTLING ADAPTER)
https://www.amazon.com/gp/product/B001IUV1CM/ref=as_li_tl?ie=UTF8&camp=1789&creative=9325&creativeASIN=B001IUV1CM&linkCode=as2&tag=lbvlogshop-20&linkId=897f33a2a55963a71a1f5d50edcdc812

SUR RON -PROTAPER HANDLEBAR- WITH 80MM RISE(COMES WITH GRIPS & BAR PAD) *MAKE SURE TO GET SOME 2-3MM RUBBER FOR FITTING*
https://www.amazon.com/gp/product/B08HLQZQKR/ref=as_li_tl?ie=UTF8&camp=1789&creative=9325&creativeASIN=B08HLQZQKR&linkCode=as2&tag=lbvlogshop-20&linkId=80d6492f18d4814f406da4266af22805

SUR RON -FOOT PEG UPGRADE -(BIGGER PEGS)
https://www.amazon.com/gp/product/B07FDZWZCC/ref=as_li_tl?ie=UTF8&camp=1789&creative=9325&creativeASIN=B07FDZWZCC&linkCode=as2&tag=lbvlogshop-20&linkId=35f0b287ec5e1bf607254418f5340417

SUR RON -OFF ROAD PHONE MOUNT- (HANDLEBAR PHONE MOUNT)
https://www.amazon.com/gp/product/B07SD3L5JR/ref=as_li_tl?ie=UTF8&camp=1789&creative=9325&creativeASIN=B07SD3L5JR&linkCode=as2&tag=lbvlogshop-20&linkId=6758f9f9b57e90e92360ded02dadc602

FOX 2020 V1 HELMET
https://www.amazon.com/gp/product/B08CMQXV3M/ref=as_li_tl?ie=UTF8&camp=1789&creative=9325&creativeASIN=B08CMQXV3M&linkCode=as2&tag=lbvlogshop-20&linkId=7fa26b83f876e3974fd44adf33e3627a

2020 FOX GLOVES
https://www.amazon.com/gp/product/B07DD3JMK5/ref=as_li_tl?ie=UTF8&camp=1789&creative=9325&creativeASIN=B07DD3JMK5&linkCode=as2&tag=lbvlogshop-20&linkId=d8c151476fd26bc06a10cff47cc480f4

FOX GOGGLES 
https://www.amazon.com/gp/product/B08HJMRQH6/ref=as_li_tl?ie=UTF8&camp=1789&creative=9325&creativeASIN=B08HJMRQH6&linkCode=as2&tag=lbvlogshop-20&linkId=b77407f4ead2502b05b49245811782d9

SUR RON HITCH LOCK
https://www.amazon.com/gp/product/B08B1M579P/ref=as_li_tl?ie=UTF8&camp=1789&creative=9325&creativeASIN=B08B1M579P&linkCode=as2&tag=lbvlogshop-20&linkId=90a96e67b5e425470b5ed4f954cc9b5d

CAMERA EQUIPMENT

GOPRO HERO 8 BLACK EDITION
https://www.amazon.com/gp/product/B08C7FBW4N/ref=as_li_tl?ie=UTF8&camp=1789&creative=9325&creativeASIN=B08C7FBW4N&linkCode=as2&tag=lbvlogshop-20&linkId=a7ce20eb8960d7f201940dd0845ec83f

HERO 9 BLACK
https://www.amazon.com/gp/product/B08DK5ZH44/ref=as_li_tl?ie=UTF8&camp=1789&creative=9325&creativeASIN=B08DK5ZH44&linkCode=as2&tag=lbvlogshop-20&linkId=88ac0e87bdbe980011f8e0243dc47f90

SD CARDS  64G
https://www.amazon.com/gp/product/B01HU3Q6S4/ref=as_li_tl?ie=UTF8&camp=1789&creative=9325&creativeASIN=B01HU3Q6S4&linkCode=as2&tag=lbvlogshop-20&linkId=f2492e291e2f819f179e84826f3a9a59


WRIST MOUNT 
https://www.amazon.com/gp/product/B06XHKQKDH/ref=as_li_tl?ie=UTF8&camp=1789&creative=9325&creativeASIN=B06XHKQKDH&linkCode=as2&tag=lbvlogshop-20&linkId=685cc2ae64b84dc284479291a5258791

BITE MOUNT
https://www.amazon.com/gp/product/B08FRT4WFT/ref=as_li_tl?ie=UTF8&camp=1789&creative=9325&creativeASIN=B08FRT4WFT&linkCode=as2&tag=lbvlogshop-20&linkId=0c3622e30b070eb50d6b054d3a18f443

THE HANDLER FLOATY
https://www.amazon.com/gp/product/B0755PDKCN/ref=as_li_tl?ie=UTF8&camp=1789&creative=9325&creativeASIN=B0755PDKCN&linkCode=as2&tag=lbvlogshop-20&linkId=f5aa8d3c546487485b272367cedfc9da

GOPRO ROLL CAGE
https://www.amazon.com/gp/product/B083ZWTZ5T/ref=as_li_tl?ie=UTF8&camp=1789&creative=9325&creativeASIN=B083ZWTZ5T&linkCode=as2&tag=lbvlogshop-20&linkId=f834fd5e88cab87c6071845a0e98c0ef

GOPRO SUCTION CUP MOUNT (PERFECT FOR THE HELMET AND MANY OTHER PLACES)
https://www.amazon.com/gp/product/B00F19Q7YI/ref=as_li_tl?ie=UTF8&camp=1789&creative=9325&creativeASIN=B00F19Q7YI&linkCode=as2&tag=lbvlogshop-20&linkId=416a08285584e3c5be0fc6f804596d4a

DRONE - DJI MAVIC MINI  (SALE PRICE)
https://www.amazon.com/gp/product/B07RKPP1YL/ref=as_li_tl?ie=UTF8&camp=1789&creative=9325&creativeASIN=B07RKPP1YL&linkCode=as2&tag=lbvlogshop-20&linkId=fd695f533b447b216c7cf594430e57cf


***50% OFF OF AMAZON PRIME *** SO YOU CAN BUY ANY OF THESE ITEMS AND GET FREE FAST SHIPPING AT A DISCOUNTED PRICE……. YEEW 
https://www.amazon.com/58f8026f-0658-47d0-9752-f6fa2c69b2e2/qualify?_encoding=UTF8&linkCode=ib1&tag=lbvlogshop-20&linkId=41789ab990ce0d25e5f8553d7b7ed57f&ref_=ihub_curatedcontent_a00d6cff-45f6-4958-b65e-c85eac9a9948",2020-09-08T02:11:39Z,423,https://www.youtube.com/watch?v=Dhyacr_lMYA
Bi3hNsTcda8,Urban agriculture business models,"Wageningen UR developed 5 businessmodels for urban agriculture, watch the movie for a short introduction.

Look at www.wageningenur.nl/urbanagriculture for more information about our urban agriculture research and results.",2015-02-20T12:54:18Z,14173,https://www.youtube.com/watch?v=Bi3hNsTcda8
E79JjQY4B2c,How To Make Cement Pots | EASY PROFESSIONAL WAY,"Plant Containers Wholesale Making | DIY Flower Pot | Concrete DIT Ideas

CEMENT MIX - 4 PARTS COARSE SAND + 1 PART CEMENT
PAINT MIX -  1 PART MARBLE POWDER + 1 PART CEMENT + 1 PART TILE PAINT",2021-06-06T10:09:18Z,152339,https://www.youtube.com/watch?v=E79JjQY4B2c
qJNydvwAaXI,Planting Ginger from Kitchen scraps + Urban gardening using wilkins plastic bottles,,2020-07-30T06:27:27Z,1289,https://www.youtube.com/watch?v=qJNydvwAaXI
iepWtFx-RVw,Russellville Urban Gardening Project Inc: Earth Day,Russellville Urban Garden Project celebrates Earth Day.,2017-05-12T17:53:13Z,105,https://www.youtube.com/watch?v=iepWtFx-RVw
vm9gvce4Zws,"Tomatoes are delicious and very fruity, easy to grow and fast to harvest","Growing tomatoes on the balcony. Tomatoes are delicious and very fruity, easy to grow and fast to harvest
This is how I mix the soil to grow vegetables at home
https://youtu.be/TZozsisfpmE
Hope useful for you.
Thank for your watching and don't forget subscribe my channel ❤

#tomatoes #fruity #growing",2022-04-03T11:18:50Z,1580898,https://www.youtube.com/watch?v=vm9gvce4Zws
kmXDD7sj4UY,Grow your own oyster mushrooms at home | Urban Farming | Gardening Australia,"Learn how to have your own steady supply of oyster mushrooms growing at home, using a no-waste technique. Costa heads to Melliodora to learn from the pros: Nick Ritar and Kirsten Bradley at Milkwood have been teaching permaculture for over a decade.

They grow oyster mushrooms year-round in recycled food-grade plastic buckets, gleaned from their local cafe. They have built a grow-room from bits collected form the local tip shop, but they said a cheap kit greenhouse, misted every day and stored in the bathroom works just as well! You just need a structure that will retain humidity and a fairly stable temperature while still offering a good amount of fresh air and daylight. 

02:10 What you’ll need:
• Food-grade buckets, sterilised and with 1cm holes drilled at different heights every 10cm or so around the sides. 
• Surgical tape
• A large icebox or insulated tub
• 30-litre straw or sugarcane bagasse 
• ½ cup hydrated (builders’) lime 
• Waterproof gloves, eye protection, face mask
• A clean brick (or similar inert + heavy thing)
• A 50-litre (14 US gal) bucket (or plastic garbage bin) with lid
• 3 clean pillowcases 
• Rope
• 40 litres of 80ºC water – a large urn is good for this job
• A clean table or tarp
• 3-litre Oyster mushroom spawn

02:10 How to:
• Cover the holes with pieces of surgical tape to keep the mix moist until the mushrooms are ready to grow.
• Break up the mushroom spawn into small bits (it’s best to do this while it’s still in the bag it came in; it makes less mess and it best not to touch it too much)
• Put on the protective gloves, mask and goggles and then mix the growing medium by combining the straw, sawdust blocks, lime and some water in the icebox (hydrated lime is caustic and can burn your throat and eyes).
• Add enough warm water to make sure it’s damp
• Fill the pillowcases (or nylon brew bags) with the mix then tie the tops with rope – leave a long enough piece to be able to hang these up later. 
• The next step is to pasteurise the substrate; do this by placing the pillowcases back in the icebox and pouring over the 80ºC water - it needs to remain above 60ºc for at least one hour. Place the clean brick on top to keep the mix under water.
• Hang up the bags of substrate to drain. When you can no longer squeeze out water, spread out the mix (with clean hands) on a clean surface to dry (use alcohol gel to sanitise both your hands and the surface).
• Once it’s cool enough (about 35 degrees), sprinkle of the spawn and mix it through thoroughly.
• Pack the inoculated substrate into your clean food-grade buckets.
• Place the tubs in a warm dark place at about 24C. After a few weeks the mix in the bucket is white and fully colonised with mycelium, which means it’s ready to fruit. 
• At this stage, take off the surgical tape, place your bucker in a place with airflow, cool temperature and high humidity and wait for it to fruit. 

Want to try your hand at making a shitake log? Nick and Kirsten have tips for that too:

What you need:
• Freshly cut logs (all hardwood is suitable; Nick often uses oak, elder and eucalypt)
• A drill with a large-bore bit (to make holes approximately 1cm across)
• Mushroom spawn (buy form a reputable source)
• Beeswax 
What you do:
• Drill holes along the logs and inserts mushroom spawn
• Cover it with beeswax. This ensures that you get the mushroom you want, not some other fungi.
• Place the logs in a semi-shaded place and keep them irrigated. 
• They will fruit in 6-12 months. Every log will yield about 5-6 ‘flushes’ or harvests anytime there is moisture and the temperature is below 20 degrees. 

SAFETY MESSAGE: Don’t consume mushrooms unless you are 100% sure of what they are. This is the most important rule. Some mushrooms are toxic and can kill.

N.B. Different mushroom mycelium grows on different materials, so you may need a different growing medium for a different mushroom spawn. 

Watch Gardening Australia on ABC iview: http://iview.abc.net.au/programs/gardening-australia 
 
SUBSCRIBE: http://ab.co/GardeningYouTube 
 
About Gardening Australia: 
Gardening Australia is an ABC TV program providing gardening know-how and inspiration. Presented by Australia's leading horticultural experts, Gardening Australia is a valuable resource to all gardeners through the television program, the magazine, books, DVDs and extensive online content. 
 
Connect with other Gardening Australia fans: 
Like Gardening Australia on Facebook: http://www.facebook.com/gardeningaustralia   
Follow Gardening Australia on Instagram: http://www.instagram.com/gardeningaustralia  
Visit the Gardening Australia website: http://www.abc.net.au/gardening  
 
This is an official Australian Broadcasting Corporation YouTube channel. 
******** 
Contributions may be removed if they violate ABC's Online Conditions of Use http://www.abc.net.au/conditions.htm (Section 3).",2020-02-23T08:00:13Z,53702,https://www.youtube.com/watch?v=kmXDD7sj4UY
KTxKliNiod8,Speaking Gardens - The Berlin urban gardening movement (TRAILER - english version),"A documentary film by Teresa Beck and René Reichelt.

The documentary presents seven urban gardening projects in Berlin (community gardens, intercultural gardens, roof gardens, also ""guerrilla gardening""). The film focuses on the personal view of the urban gardeners, their visions as well as their concrete projects experimenting with a new way of ""alternative"" city planning. The citizens would like to change their cities in order to make them greener, to cultivate their own food and to work in intercultural communities. Besides the social aspect, they are also encouraged by political commitment, which in the long run aims at developing new concepts of urban life. The filmmaker wishes to raise awareness about the gardeners' commitment and the possibility of civic participation in towns.

More information: teresa-beck.de/speaking-gardens

Short information:
Language: German with English subtitles
Lenght: 35min
Format: FullHD",2013-10-05T12:52:26Z,2778,https://www.youtube.com/watch?v=KTxKliNiod8
cC9cxq6_b_c,Urban Gardening by The Millennial Farmer,"You want to plant veggies but you are you living in a condo or apartment with limited space? This vlog is for you. Watch this! 

Don't to forget to subscribe! 

Visit and like the Official Facebook page of The Millennial Farmer PH 
https://www.facebook.com/themillennia...


 #TheMillennialFarmer
#Farmer
#Farming
#Agriculture
#FarmerPH",2019-05-02T10:12:44Z,2580,https://www.youtube.com/watch?v=cC9cxq6_b_c
NHMo78iq_iw,Urban Gardening | Compost! - #Shorts,Everyone should know/learn how to grow their own food!,2021-09-02T17:01:34Z,724,https://www.youtube.com/watch?v=NHMo78iq_iw
jXEP7mXJIHA,Urban Gardening Mistake (Live),"Leave a comment or Mail your questions and comment and it might be read at a future Q&A video:

Zaatar Gardens
6569 N Riverside Dr
STE 102-115
Fresno, CA 93722

Things used to make this video:
1. Iphone 7: https://amzn.to/2SDXqjw
2. Cavna Photo Editor: https://amzn.to/2AuUtuh
3. Adobe Premiere Pro CC: https://amzn.to/2SlCNf6
4. Stand Light Kit:  https://amzn.to/2ToEd5M
5. Headset w/microphone:  https://amzn.to/2sVlDGB

Gardening Products Used in Garden
1. Liquid Kelp Organic Fertilizer: https://amzn.to/2REJxo0
2. Alaska Fish Emulsion Fertilizer: https://amzn.to/2AzU9KP
3. Felco F-8 Classic Pruners:  https://amzn.to/2CfwMqf
4. Pruner Sharpening Tool:  https://amzn.to/2WtZKf7
5. Garden Kneeler & Seat w/ 2 Bonus Tool Pouches: https://amzn.to/2TiaUBE

Connect with ZAATARGARDENS online!

Visit the ZAATARGARDENS WEBSITE:
http://zaatargardens.com

Follow @ZaatarGardens on INSTAGRAM:
https://www.instagram.com/zaatargardens/",2019-02-25T21:50:03Z,229,https://www.youtube.com/watch?v=jXEP7mXJIHA
giBueUBd5ow,MY MINI URBAN GARDENING EXPERIMENT,"I decided to set-up and do urban gardening at the apartment where we stay. Last week I planted a tomatoes (kamatis) seeds, ginger (luya) and an onion (sibuyas). After a week later a saw a sprout of tomotoes seedlings, today I decided to re-pot or replant it. I am praying and hopeful that my mini urban vegetable gardening will be successful and hopefully in a couple of months I can harvest (cross fingers) and eat fresh tomatoes.",2021-03-15T13:19:53Z,380,https://www.youtube.com/watch?v=giBueUBd5ow
bBlpGT7TxHs,Growing market gardens on other people&#39;s properties | Urban farming | Gardening Australia,"Farm it Forward transforms unused spaces into productive market gardens. Subscribe to channel: http://ab.co/GardeningYouTube 
Subscribe to newsletter: https://www.abc.net.au/gardening/newsletter/

Gardeners all know people with energy to grow food but have no garden - while elsewhere, there are those with more land than they can manage. Costa visits a group in the Blue Mountains that is bringing together landowners and young gardeners so they can work together.  

The social enterprise employs young people to farm on unused land. The project, called Farm it Forward, was set up by Manu Prigioni, whose garden has featured on Gardening Australia before. The landowners receive a weekly box of vegetables as ‘rent’, with the rest of the food sold through a local co-operative.  

“We aim to reconnect people,” Manu says.  

One of the landowners is retired nurse, Sylvia May, who has lived on the block for 40 years. She cleared an overgrown tennis court on the land with the hope of one day growing vegies, and now the group has made that a reality.  

Jack Galluzzi manages the plot loves the process of learning and then passing on that knowledge to volunteers.  

Landowner Alex Coleman found she was too busy with work to keep her garden going. “The Farm it Forward team came in with a group of volunteers and in one day the place was transformed,” she says. “The garden was getting me down a lot and now it’s a good place.” 

Volunteer Kelly Thompson has helped transform Alex’s garden and now feels better connected to where the food on her plate came from. 

Manu says: “We have recently reached 190kg of produce grown for our community this season, which was a very tricky season of bushfire, drought and tough times, so imagine what we could grow in a good season!  

“What I hope is really to fine-tune this model so it can be used as a blueprint for other semi-rural areas all over Australia.""  

Watch Gardening Australia on ABC iview: http://iview.abc.net.au/programs/gardening-australia 
 
 
About Gardening Australia: 
Gardening Australia is an ABC TV program providing gardening know-how and inspiration. Presented by Australia's leading horticultural experts, Gardening Australia is a valuable resource to all gardeners through the television program, the magazine, books, DVDs and extensive online content. 
 
Connect with other Gardening Australia fans: 
Like Gardening Australia on Facebook: http://www.facebook.com/gardeningaustralia   
Follow Gardening Australia on Instagram: http://www.instagram.com/gardeningaustralia  
Visit the Gardening Australia website: http://www.abc.net.au/gardening  
 
This is an official Australian Broadcasting Corporation YouTube channel. 
******** 
Contributions may be removed if they violate ABC's Online Conditions of Use http://www.abc.net.au/conditions.htm (Section 3).

#YourMentalHealthAU #farmitforward",2020-07-10T09:00:09Z,19396,https://www.youtube.com/watch?v=bBlpGT7TxHs
G1rdgrd3Pns,Snack-Sized Science: Urban Gardening,"EarthEcho invites you to play along with us during “Snack-Sized Science”. These brief and interactive science demos with the EarthEcho team are meant to help your young-learners get excited to investigate the fascinating world of SCIENCE and hopefully explore more of EarthEcho’s digital resources...maybe even on their own!

Join Philippe and Ashlan Cousteau to learn how to compost and create an urban garden! Kitchen scraps, soil, seeds, and eggshells are all you need to start your very own garden at home. Philippe and Ashlan share their recommendations and best tips to grow your own healthy, sustainable food!",2020-04-24T17:10:49Z,206,https://www.youtube.com/watch?v=G1rdgrd3Pns
3By8nUKMUZ0,Urban Gardening: Planting Basil from Seed Indoors,"Lets get those seeds germinating! Nadine is here to show you how to plant basil from seed using upcycled containers, along with some great tips to get the most out of your seedlings.

Welcome to RBG at Home, our commitment to offering accessible, diverse and entertaining learning opportunities for all ages.

MORE: https://www.rbg.ca/athome

--------------------------------------------------------
SUPPORT ONLINE LEARNING:
RBG is supporting children’s education during this difficult time by offering our new RBG at Home content which includes materials for students, teachers, families and lifelong learners.

Donate today to help us create and deliver quality educational content that helps parents, children and teachers keep in touch with nature during this unprecedented time.
https://www.rbg.ca/athome-donate

--------------------------------------------------------
Royal Botanical Gardens is made up of four distinct formal gardens contained within 1,100 hectares of nature reserve, across the municipalities of Hamilton and Burlington Ontario. See all our garden areas and start planning your visit at https://www.rbg.ca/gardensandtrails

--------------------------------------------------------
Like us on Facebook: https://www.facebook.com/RoyalBotanicalGardens
Follow us on Instagram: https://www.instagram.com/rbgcanada/
Follow us on Twitter: https://twitter.com/RBGCanada",2020-04-11T16:15:01Z,42655,https://www.youtube.com/watch?v=3By8nUKMUZ0
RNwSq2FjPHg,1st Tomatoes Texas Urban Garden hit Subscribe for more Gardening Adventures,"Thank you Wayland for making our gardening dreams come true!
How I wish I could give you the moon babe!
.
Testing out a new variety open pollenated tomato, & picking the first one today along with julliet tomatoes 🍅 
This is so fun!
No filter it really is this red
It's blowing our minds how pretty it is, seems a shame to eat it, but we will. 😋 
.
Thanks for joining us on our garden adventures
Hit SUBSCRIBE
Follow here https://youtube.com/channel/UCcgzuGWrQDqpw3O7BBxOx5g
Happy gardening yall
Mermaid Becca 
Jan 29th 2022
.
#urbangarden
#hoophouse
#tomato
#tomatoes
#openpollinators 
#juliet
#garden
#adventures
#Texas
#texastomato
#gardening
#gardens
#cctx
#minifarm
#honesteader
#homestead
#homegrown
#organic
#permaculture
#beccasbythebay",2022-01-30T00:25:23Z,517,https://www.youtube.com/watch?v=RNwSq2FjPHg
HDfx60AJRiM,Urban Gardening with John Kohler #340,"http://www.therenegadehealthshow.com Today, John Kohler shows us how you can turn your front yard into a serious urban gardening project.  This is urban farming at it's best.",2009-06-29T22:26:33Z,28188,https://www.youtube.com/watch?v=HDfx60AJRiM
NkAonY9E96Y,Plant With Me | Urban Gardening Hacks of Growing herbs 🌱❤️Save money / Eat fresh#Shorts,"# myramixchannel
#tipsandhack
#topandbottom

Join this channel to get access to perks:
https://www.youtube.com/channel/UCEeVBRaKaUPdz-xoWFVBPAg/join",2021-09-28T15:36:17Z,688,https://www.youtube.com/watch?v=NkAonY9E96Y
OsBd0kwpq00,How To Grow Tomatoes | Cherry Tomatoes,"GROW TOMATOES FOR FREE |150+ TOMATOES PER PLANT
Cherry tomatoes are bite-sized tomatoes that grow quickly, ripen early, and are good for you. The cherry tomato plant is one of the most popular plants to grow because it is easy to grow and produces a harvest quickly.

SEED SOWING TIME 
INDIA-SEPT TO FEB
REST OF THE WORLD- WHENEVER TEMPERATURE IS BETWEEN 70-80 F

MUSIC: 
Mind your Time by Me.So https://soundcloud.com/me_so Creative Commons — Attribution-ShareAlike 3.0 Unported — CC BY-SA 3.0 http://creativecommons.org/licenses/b... Music provided by Music for Creators https://youtu.be/MdyTZqbuVZE

Mind your Time by Me.So https://soundcloud.com/me_so
Creative Commons — Attribution-ShareAlike 3.0 Unported  — CC BY-SA 3.0 
http://creativecommons.org/licenses/b...
Music provided by Music for Creators https://youtu.be/MdyTZqbuVZE


Hey_girl

FRESH FALLEN SNOW",2020-04-16T05:44:32Z,954797,https://www.youtube.com/watch?v=OsBd0kwpq00
2rrywx8_20g,DIY LANDSCAPING IDEAS AND URBAN GARDENING,"Repotting vegetable plants using our homemade planter boxes and pots.

#urbangardening #vegetable #repotting",2020-05-15T11:12:30Z,903,https://www.youtube.com/watch?v=2rrywx8_20g
zspcOU35QT8,Urban Gardening in San Antonio March 2016,"This urban garden is in suburban San Antonio Texas. I am a transplant  from northern Indiana so it has been a struggle to get the feel for when I should plant what but I think I have now successfully transplanted my green thumb. 
This is my first attempt at a video and the background noise is a bit annoying but I think you can hear everything I had to say. Please feel free to send me any questions or comments.",2016-05-05T19:45:14Z,154,https://www.youtube.com/watch?v=zspcOU35QT8
rgIPYjL-_hU,"&#39;Plant influencers,’ millennials teaching the ways of urban gardening","‘Plants keep our souls alive,’ says Anuella Alexandre, Founder of A Green Community and one of the ‘plant influencers,’ working to keep local schools and businesses green. Roderick Johnson, founder of Revolutionary Garden, says society is in a “food war,” battling against the chemicals and pesticides that taint our food. 

The mini biome, their wood-built world of organic greenery, serves as an “emotional support system” and “therapeutic learning environment” for the children, says Anuella Alexandre, who helped bring the garden to the school.",2019-10-10T22:18:01Z,706,https://www.youtube.com/watch?v=rgIPYjL-_hU
Dnx5MKsuy3w,Small Space Indoor Urban Gardening Guide and Ideas for Beginners using recycled plastic bottles,"Get to know more here 👉🏻  https://www.patreon.com/AdventuresOfaFilipina I live in the city where our space is very tiny. I don’t even have a proper garden to grow edible plants like herbs, fruits and vegetables! edible plants require lots of sunlight and I only have my tiny window to maximize my gardening indoor at home. I am currently planting basil, rosemary and oregano and these are my savvy tips for urban gardening. If you’re a beginner and you want to plant at home, I hope these ideas will help guide you in getting started! I use all recycled plastic bottles and containers. 

🤍🤍🤍🤍🤍🤍🤍🤍🤍🤍🤍🤍🤍

I’m from the Philippines and I created this channel to give you warm fuzzy feelings and positive memories ⛺️🧡 

🌺 Subscribe, comment, and LIKE! 
Keep spreading the love and light!  ☀️

🙋‍♀️ Follow me on Instagram: @christine.roco_ 
or search Roxy Roco
👉🏻I’m wearing a blue gown 👗💙

🎉 Let’s work together and collaborate! Check out my spontaneous adventures on Instagram and drop me a message on my inbox 📨 

❣️ Please hit that RED SUBSCRIBE button
 ⬇️
https://youtube.com/channel/UCkk5XIOWV3hVMyjMMtyE-ew

🤍🤍🤍🤍🤍🤍🤍🤍🤍🤍🤍🤍🤍

🎶 Music Credit: K. LOUK
Track Name: ""Funkman""
Music By: K. LOUK @ https://www.youtube.com/channel/UCE0R...
The K. LOUK Official Spotify is HERE - https://open.spotify.com/artist/46klR...
Follow k. LOUK on Instagram: https://instagram.com/kloukk
License for commercial use: Creative Commons Attribution 3.0 Unported (CC BY 3.0) https://creativecommons.org/licenses/...
Music promoted by Chill Out Records - NCM https://goo.gl/fh3rEJ 

🎶Infractin - no copyright music
https://youtu.be/JHs-F6Olj0Y

#UrbanGardeningGuide #UrbanGardeningForBeginners #UrbanGardeningSmallSpaces",2021-09-27T09:00:05Z,161,https://www.youtube.com/watch?v=Dnx5MKsuy3w
Z4u9eBmjjf4,Amazing Earth: The importance of urban gardening in the society,"Aired (August 25, 2019): Our Amazing Hero this week, farmer-enterpreneur Nicolo Aberasturi, explains the significance of composting and urban gardening in the society nowadays.


--------------
Subscribe to the GMA Network channel! - http://goo.gl/oYE4Dn

To our #KapusoAbroad, you can watch the latest episodes on GMA Pinoy TV! For more information, visit http://www.gmapinoytv.com


Visit the GMA Network Portal! 
http://www.gmanetwork.com


Connect with us on:
Facebook: http://www.facebook.com/GMANetwork
Twitter: https://twitter.com/GMANetwork
Instagram: http://instagram.com/GMANetwork",2019-08-26T09:04:56Z,2221,https://www.youtube.com/watch?v=Z4u9eBmjjf4
v-S_tIYGU3s,"Good News: Tips sa urban gardening, alamin","Kahit na walang bakuran, puwede pa rin tayong magtanim ng iba't ibang gulay kagaya ng okra, sibuyas, kamatis at siling labuyo! Alamin ang ilang tips pagdating sa urban gardening sa video na ito.

Aired: September 17, 2018 

Watch episodes of 'Good News' every Monday at 8 PM on GMA News TV, hosted by Vicky Morales together with celebrity co-hosts Love Añover, Maey Bautista, and Bea Binene. 

Subscribe to us!
http://www.youtube.com/user/GMAPublicAffairs?sub_confirmation=1

Find your favorite GMA Public Affairs and GMA News TV shows online!
http://www.gmanews.tv/publicaffairs
http://www.gmanews.tv/newstv",2018-09-18T08:57:17Z,77284,https://www.youtube.com/watch?v=v-S_tIYGU3s
s06Q__JOyNk,URBAN GARDENING VLOG,,2022-06-24T09:36:35Z,21,https://www.youtube.com/watch?v=s06Q__JOyNk
h5IOZZAT8Ew,Ugandan Doctors Digs Urban Gardening,"Diana Subuga is a medical doctor, but she loves gardening  
At her home on the outskirts of Kampala, plastic bottles and tyres hold a variety of plants 
 ‘People throw tyres but for me each Tyre makes a small garden’ 
Passionate about growing vegetables even on her roof top
Helps other women to learn this kind of farming
#Dianasubuga, #medicaldoctor #gardening #Uganda",2019-05-06T13:36:06Z,755,https://www.youtube.com/watch?v=h5IOZZAT8Ew
hh4ANv89WMc,"Growing high-yield Tomatoes is not difficult, it&#39;s easy, and there are many fruits","Growing high-yield Tomatoes is not difficult, it's easy, and there are many fruits
This is how I mix the soil to grow vegetables at home
https://youtu.be/TZozsisfpmE
Hope useful for you.
Thank for your watching and don't forget subscribe my channel ❤

#growing #tomatoes #many_fruits",2022-03-04T11:00:07Z,2635458,https://www.youtube.com/watch?v=hh4ANv89WMc
oH1fcCiaT20,The urban agriculture revolution | David Gingera | TEDxManitoba,"This talk was given at a local TEDx event, produced independently of the TED Conferences. The food systems we use today are no longer able to meet our needs. By relying on our broken mainstream food systems, we are paying more money for lower quality food. And we're destroying our environment while doing it. The solution to our problems is to start growing food in cities. Through urban agriculture, we can grow healthier food, at lower costs, in a way that's better for our environment.

I run a company called CitiGrow. We help urban farmers find free space to grow food. We find creative ways to give property owners thousands of dollars in new revenue and costs savings by using their space for urban farming. And we give food buyers access to high quality, locally grown food. My job allows me to pursue my entrepreneurial dreams while dedicating myself and my work to improving our food systems.

About TEDx, x = independently organized event In the spirit of ideas worth spreading, TEDx is a program of local, self-organized events that bring people together to share a TED-like experience. At a TEDx event, TEDTalks video and live speakers combine to spark deep discussion and connection in a small group. These local, self-organized events are branded TEDx, where x = independently organized TED event. The TED Conference provides general guidance for the TEDx program, but individual TEDx events are self-organized.* (*Subject to certain rules and regulations)",2015-01-20T19:52:14Z,54449,https://www.youtube.com/watch?v=oH1fcCiaT20
iX9mQNswJrw,Companion planting in a small productive urban garden. Sustainable Gardening Australia,"Angelo Eliades shows how to grow fruit and veggies intensively in a small backyard forest garden using ecological principles and companion planting.
www.sgaonline.org.au
www.deepgreenpermaculture.com",2015-05-15T22:55:47Z,588577,https://www.youtube.com/watch?v=iX9mQNswJrw
oKxr1b4dke4,Urban Gardening at Waterside Plaza,"Lonna and Peter of Junebug Artistic Garden Design give a tour of the gardens of Waterside Plaza, the rental housing complex on the East Side of Manhattan.

Waterside Plaza's six acres of landscaped surface make up one of the largest rooftop gardens in New York City.

Lonna and Peter's tips about plant selection, massing, irrigation, and visual design provide invaluable ideas for urban and container gardeners everywhere.

Plants discussed include: zebra grass; carpet roses; white birch; mumms; tulips; daffodils; yellow grove bamboo; water lilies; black pine; japanese maple; mountain laurel; red twig dogwood.

For more information visit: 

http://junebuggardens.com/

http://watersideplaza.com",2008-10-07T13:21:00Z,3192,https://www.youtube.com/watch?v=oKxr1b4dke4
GHeiQJrdSCQ,How to Grow Mint at Home Fast n Easy,"GROW MINT AT HOME VERY EASILY WITH FEW SIMPLE TIPS...:)
Mint is easy to grow and hard to kill — which makes it one of the best plants for a beginning gardener! You can buy a plant at the store or grow your own from cuttings.

Peppermint, spearmint, chocolate mint, pineapple mint… there are so many types of mint in the world! As a refreshing glass of cold tea, as a condiment in Middle Eastern and Thai dishes, in ice cream, mint is a worldwide favorite. It's especially known for its soothing effect on the stomach.
Since mint is a very fast-growing plant, it's a good idea to keep it in a pot or some sort of container with boundaries so it doesn't take over your garden or yard.
DAIZZ'S TIPS:-
Method 1
Cut the stem just below a node (where a leaf grows) on the plant. Remove all but the top leaves. Stick a few cuttings into a small pot with moist soil. Keep out of direct sunlight for about a week to allow it to root and adjust to its new environment. As the mint grows, replant in a larger pot or in the ground.

Method 2
Cut the mint stem just below a node (where a leaf grows) on the plant. Remove all but the top leaves. Stick a few cuttings into a glass jar with about one inch of water. Keep out of direct sunlight and change the water everyday. In approximately one week, roots will begin to grow. Replant the mint in a small pot with moist soil. As the mint grows, replant in a larger pot or in the ground.

MUSIC:-

Buddha by Kontekst https://soundcloud.com/kontekstmusic
Creative Commons — Attribution 3.0 Unported— CC BY 3.0 
http://creativecommons.org/licenses/b...
Music provided by Audio Library https://youtu.be/b6jK2t3lcRs

Thank you for watching and please give me a Like and I would love you to SUBSCRIBE for regular updates and take a look at my other Videos...thank u..:)
Please subscribe to this beautiful channel ..which belongs to a beautiful and very humble man..:) Have a look guys ..all videos are very beautiful...:) 
channel name:-Richard Parker
LINK:-https://www.youtube.com/channel/UCKVYh64uTuG4AgoRspIdsAw

SUBCRIBE TO THIS BEAUTIFUL CHANNEL
CHANNEL NAME :TECH GARDEN
LINK:-https://www.youtube.com/channel/UCvoqgfbi1_FnDx_DEppjK_Q",2017-06-09T07:55:23Z,3151817,https://www.youtube.com/watch?v=GHeiQJrdSCQ
ZLa328CJf2I,Come Harvest my Urban Garden with me! | Homestead Dreaming,"In today's video we harvest some peppers, eggplant, and tomatoes from the backyard urban garden!

Thank you for watching! We really appreciate it! 


If you'd like to support us on our homesteading journey, here is our wishlist : 
https://www.amazon.com/hz/wishlist/ls/MKNAXXZ3ZJXH?ref_=wl_share

For a Discount on Birdie's Raised Garden Beds, Greenstalk, Epic 6 and 4 cells and more, use code DREAMING5 and the link below
https://shop.epicgardening.com/?aff=24


We'd love for you to like this video, subscribe to our channel, and hit the notification bell so you'll be notified when a new video is uploaded 

You can also find us on:
Instagram: www.instagram.com/homestead.dreaming
Facebook: https://www.facebook.com/homestead.dreaming1/
TikTok: Homestead Dreaming

Don't forget to check out our other videos
All about Chickens:
https://www.youtube.com/playlist?list=PLcRH6aPMyRoIqzMYK4hQ9pzbKvoYW3lBD

All about bread:
https://www.youtube.com/playlist?list=PLcRH6aPMyRoK1UNFthRcsC8mvnajvz9M0

All about kombucha:
https://www.youtube.com/playlist?list=PLcRH6aPMyRoK6bkhJtoFRqN_X9wwK0lmh

Gardening:
https://www.youtube.com/playlist?list=PLcRH6aPMyRoL19PlsZDG67WZknHYScxvf
https://www.youtube.com/playlist?list=PLcRH6aPMyRoJy5Qxe_W7d3GdOwb4mpQTY

vlogs:
https://www.youtube.com/playlist?list=PLcRH6aPMyRoLbdEsido900z7-7gf5Ycki",2022-07-11T19:30:02Z,838,https://www.youtube.com/watch?v=ZLa328CJf2I
VvvhUUZieAg,"No need for a garden, grow eggplant at home with many fruits and high yield","No need for a garden, how to grow eggplant at home with many fruits and high yield
🌳 This is how I mix the soil to grow vegetables at home
https://youtu.be/TZozsisfpmE
Hope useful for you.

🌳 Thank you for watching!
🌳 Don't forget to Subscribe my channel ❤️
https://bit.ly/3Gnc9Zt

#teogarden #eggplant #growing",2022-02-18T11:12:15Z,29958811,https://www.youtube.com/watch?v=VvvhUUZieAg
1RRNu4QS11g,How To Grow Spinach At Home-Full Information With Updates,"HOW TO GROW SPINACH IN CONTAINERS - FAST N EASY
FULL INFORMATION WITH UPDATES - SEED TO HARVEST...:)
DAIZZ'S TIPS:-Growing spinach in a pot or other container is ideal. It allows you do harvest all of the delicious leaves for yourself 
This cold-weather crop prefers temperatures between 50 and 80 F or (10-26 C) Though spinach prefers a mild climate and will not do well in extremely hot temperatures, it does like full sun. Spinach will produce in partial shade, though the yield may not be as impressive, nor the plants as productive
FOR MORE INFORMATION PLEASE WATCH THE FULL VIDEO..THANKS..:)

MUSIC:-
HEY GIRL


SSong: Heuse & Zeus x Crona - Pill (feat. Emma Sameth) [NCS Release] Music provided by NoCopyrightSounds: https://youtu.be/CLiXUT3MS34 Download: http://ncs.lnk.to/Pill Artists: Heuse & Zeus x Crona & Emma Sameth",2018-03-11T04:42:11Z,2079811,https://www.youtube.com/watch?v=1RRNu4QS11g
75H49PnPX3o,Kahalagahan ng Urban Gardening/KABUKIRAN/che_final,,2018-11-10T09:54:51Z,603,https://www.youtube.com/watch?v=75H49PnPX3o
n-wHMEDbB8Q,Balcony &amp; Urban Gardening Group - Dubai&#39;s Latest Trend,"Did you know that you can have a full garden on your balcony? I only recently learnt about the Balcony & Urban Gardening Group in the UAE from whom I learnt a huge deal about gardening, how to grow healthy organic herbs, fruits and vegetables in this heat as well as caring for your plants, organically fertilising and compost tea (the plants' best loved food)... Watch and see how you too can grow your own herbs, fruits and vegetables.
Find the detailed post on this link:
http://www.dimasharif.com/2014/07/dubais-latest-trend-balcony-urban.html",2014-07-20T04:40:15Z,12474,https://www.youtube.com/watch?v=n-wHMEDbB8Q
UrViqetjhxE,How Can Urban Gardening Help Communities? | SustainableScoop,"Project HUG is Arlington, VA's newest Urban Agriculture project, a collaboration between Livability 22202 and FOUA. Located in the Crystal City neighborhood of Arlington, it allows members of the community to come together and grow their own food.

For more information on the project and on getting involved, visit: https://arlingtonurbanag.org/category/project-hug/

Want to learn how to make your own video on a topic you care about? Visit: https://SustainableScoop.org 

#sustainablescoop #newscoops #sustainability4youth #Arlington #nationallanding #urbanagriculture",2021-05-27T18:00:05Z,222,https://www.youtube.com/watch?v=UrViqetjhxE
NW0MpUxmopU,How To Plant Celery | SEED TO HARVEST | FULL INFORMATION,"HOW TO GROW CELERY IN CONTAINERS | CELERY IN POTS
GROWING TIME : SEPT MID TO JAN (WHENEVER TEMPERATURE IS BETWEEN 10-27 DEGREE CELSIUS)
LINK TO BUY SEEDS:
https://nurserylive.com/products/celery-organic-herb-seeds?variant=34163072368780&gclid=Cj0KCQiA5bz-BRD-ARIsABjT4njO6f9Y7C-8SmTitmDDG17IbSokt23Tuu-vqK-P4QD60zHATkOrXUwaAqHsEALw_wcB

https://www.ugaoo.com/celery-200-seeds.html
https://www.allthatgrows.in/products/celery

MUSIC: 
FRESH FALLEN SNOW
MIND YOUR TIME

Song: BraveLion - Sleeping Jungle (Vlog No Copyright Music)
Music provided by Vlog No Copyright Music.
Video Link: https://youtu.be/-lXuuGG9d3Y",2020-12-08T22:15:04Z,123712,https://www.youtube.com/watch?v=NW0MpUxmopU
NAZ5FCQzLo4,Compost Day - Urban Gardening,Coryn is new to gardening and is thoroughly enjoying herself!,2020-10-11T16:31:17Z,158,https://www.youtube.com/watch?v=NAZ5FCQzLo4
YxoR1tprQfE,Mid April Garden Update | Urban Gardening in New York City | Spring Garden 2022,"Welcome to my urban garden! My name is Mari and I'm gardening in Queens, New York City, zone 7b. Today I'm showing how my backyard garden is looking now in mid April. 

🌸 Spring Garden Update 🌸

2021 Garden Tour Playlist:
https://www.youtube.com/playlist?list=PLHDaYPV0vsszVn2SDKjo5CKHHM_pM9GpG

Instagram: https://www.instagram.com/marisgardenandkitchen
Website: https://www.marisgardenandkitchen.com/


GreenStalk Planter Discount: https://lddy.no/wndn​  
Use code ""MARISGARDEN"" for $10 off $75+ order 

//

CAMERA GEAR:

CANON M50 (Creator kit): https://bit.ly/313xiEn​
Tripod: https://bit.ly/390Bady​

#urbangardentour #newyorkcityvegetablegarden #marisgardenandkitchen

DISCLAIMER: Links included in this description might be affiliate links. If you purchase a product with the links that I provide I may receive a small commission at NO extra cost to you. When you purchase through this links, you help supporting my channel (and my garden) helping me to continue to create free content!",2022-04-17T21:15:01Z,451,https://www.youtube.com/watch?v=YxoR1tprQfE
KEWgBUk5Uhk,URBAN GARDENING IDEAS #urbangardening #demsgardening,,2020-04-29T14:16:18Z,104,https://www.youtube.com/watch?v=KEWgBUk5Uhk
B0DrWAUsNSc,Gardening 101:  How To Start A Garden,"Want to start a garden? Here are a few tips to get you on the right track.

Fan Sprinkler - https://amzn.to/2IWJCiv
Seed store -  https://migardener.com/?ref=kXw7LZN7T01Tny
Use coupon code SSL10 for 10% off
Check out GreenStalk vertical gardening stuff and use this link for $10 off - http://lddy.no/gfzw
coupon code SSL10 if needed
Vacuum Sealer - https://amzn.to/2TglYRJ

Please check us out at www.sslfamilyfarm.com 

Find recommended products on Amazon - https://www.amazon.com/shop/sslfamilydad 

and follow us on....

http://www.pinterest.com/sslfamilyfarm
https://www.facebook.com/sslfamilyfarm
http://www.twitter.com/sslfamilyfarm
https://www.instagram.com/sslfamilyfarm/

Daily Beetle by Kevin MacLeod is licensed under a Creative Commons Attribution license (https://creativecommons.org/licenses/by/4.0/) 
Source: http://incompetech.com/music/royalty-free/index.html?isrc=USUAN1500025 
Artist: http://incompetech.com/


Country Cue 1 by Audionautix is licensed under a Creative Commons Attribution license (https://creativecommons.org/licenses/by/4.0/) 
Artist: http://audionautix.com/


Any links here may be Affiliate links",2018-05-23T23:03:02Z,1881743,https://www.youtube.com/watch?v=B0DrWAUsNSc
oJJUdfsxXpE,Benefits of urban gardening | Why you should try urban gardening | Urban gardening benefits,"If you are unsure about trying urban gardening then here are a few reasons why you should definitely give it a try.

#urbangardening",2022-02-09T06:42:34Z,627,https://www.youtube.com/watch?v=oJJUdfsxXpE
on_lZfv9Omk,Grow Cactus From Seed|100% SUCCESS RATE,"HOW TO GROW CACTUS/CACTI FROM SEEDS| HOW TO START CACTUS SEEDS
Cultivation and Propagation: It is not too difficult in a greenhouse, although grows quite slowly. The plants need a loose well-drained mineral soil. They need a good amount of light. Watering can be done weekly during summertime, if the weather is sunny enough, with a little fertilizer added. Kept this way, plants will show a healthy, although slow growth. They are frost hardy to -4° C.
Propagation: By seeds, remembering that seedlings dislike strong light and dry conditions and need to be re-potted frequently. Eventually, as they become mature, they attain a maximum size of 8-10 cm (20) cm. However, old plants become senile and have a tendency to succumb to disease and a weak root system. At this stage, as is well known, they die suddenly. So, after they reach 10 cm in diameter grow them slowly, and adopt a new re-potting period, using intervals of every 2 – 3 years. Additionally grow them under drier conditions or with stronger sunlight. But plants are often grafted to accelerate growth as they would generally take at least a five years to reach maturity on their own, but the grafted plants are typical rather tall growing, compared with plants on their own roots that are usually more flat to the ground.
SEED SOWING TIME: Throughout the year but avoid extreme weather conditions (In India-feb to july)
LINKS:
CACTUS SEEDS: 
Astrophytum Asteria Superkabuto
https://seedsnpots.com/product/astrophytum-asteria-superkabuto/
Astrophytum asterias kikko
https://seedsnpots.com/product/astrophytum-asterias-kikko/
Astrophytum asterias Ooibo
https://seedsnpots.com/product/astrophytum-asterias-ooibo-2/
Astrophytum asterias 
https://seedsnpots.com/product/astrophytum-asterias/
Cactus Mix seeds
https://seedsnpots.com/product/cactus-mix-seeds/
Gymnocalycium mihanovichii Variegated
https://seedsnpots.com/product/gymnocalycium-mihanovichii-variegated-4/

WEBSITE LINK: https://seedsnpots.com/

MUSIC:
FRESH FALLEN SNOW

Song: BraveLion - Sleeping Jungle (Vlog No Copyright Music)
Music provided by Vlog No Copyright Music.
Video Link: https://youtu.be/-lXuuGG9d3Y",2020-06-17T05:24:15Z,293629,https://www.youtube.com/watch?v=on_lZfv9Omk
bSDbv82SIzM,BEGINNER GARDENER | URBAN GARDENING | HOME GARDENING 2021 | FARMER&#39;S MARKET TANAKA FARMS,"#gardening #growfood #letsgetgrowing
BEGINNER GARDENER | URBAN GARDENING | HOME GARDENING 2021| FARMER'S MARKET TANAKA FARMS

Hello everyone! In this video we will be sharing our journey as a beginner gardener in our new house in Southern California. One of the reasons why we chose this new house is because of its backyard, we were planning to grow our own food in our backyard garden. We have no experience in gardening but we just wanted to document our urban gardening and home gardening journey. I have bought seeds early this year but since we moved to this new house mid year, i think we are already late in the planting season so we decided to just buy already grown vegetables from LOWES. Since not all vegetables were available, I may still have to plant the seeds and grow our own vegetables in our backyard. I will show you how to start a vegetable garden in your own home. We will be building our own garden bed in our backyard. Hopefully, we will be growing our own food in no time. We also went to Tanaka Farms to get gardening and farming inspiration as an urban garden or urban farm.

I hope you have the best day - You deserve it! Love you guys!! See you all in our next video!
♥️Harvest and Gather

If you liked this video and want to see more videos like this one please give this video a thumbs up and subscribe to my channel! 

Thank you for watching my video.

Don't forget to SUBSCRIBE Click 👉 https://tinyurl.com/harvest-gather 

ZWILLING VACUUM FOOD STORAGE :  https://www.talkable.com/x/uSJmlR


Here is a link to a similar liquid chalk marker from the same brand that I used in my other videos:  
LIQUID MARKER:  https://amzn.to/3dqQdwU
SHELF LINER: https://amzn.to/3jCaTZp
SPOON AND FORK SILVERWARE SET: https://amzn.to/3yx7csj
BAMBOO UTENSIL ORGANIZER: https://amzn.to/3yj8lU5
HOUSE SLIPPERS: https://amzn.to/3ydaGzM
PACKAGING TAPE : https://amzn.to/2Q6jsPX
MOVING BOXES: https://amzn.to/3gmOfm7
STORAGE BOX: https://amzn.to/32oIZpJ
SHARPIE :  https://amzn.to/3efsamF
BUBBLE WRAP: https://amzn.to/2Qikh85
CUSHION FOAM SHEETS: https://amzn.to/3ebJs4l
MOVING LABELS: https://amzn.to/2RNZdqz
PLASTIC FOOD WRAP: https://amzn.to/3dte0PD
TRASH BAG: https://amzn.to/32oRzFd
SCISSORS: https://amzn.to/2P1aseh
CAMERA: https://amzn.to/3amSuKq


Visit my website: https://www.harvestandgather.com 

🍋instagram: @_harvestandgather_ 
🥥email: friends@harvestandgather.com 


This post contains affiliate links, which means I make a small commission at no extra cost to you but helps me to create better videos.


#gardening #growfood #letsgetgrowing #gardenanswer #homestead
#beginnergardener #gardening101 #DIY #gardening2021
BEGINNER GARDENER | URBAN GARDENING | HOME GARDENING 2021| FARMER'S MARKET TANAKA FARMS


#acrehomestead #scandishhome #harvestandgather #scandinavianstyle #scandish #minimalism #simpleliving #thiscrazylife #housetour #hometour #emptyhousetour #emptyhometour #californiahomes #homemaking #cleaning  #cleaningvideos #cleaningvideo #2021 #cleaningmotivation #speedcleaning #clean #homemaking #sahm",2021-07-07T13:22:42Z,89,https://www.youtube.com/watch?v=bSDbv82SIzM
NeD38XCC21c,The Micro-Farmer&#39;s Year: Intensive Urban Gardening by Month - Cut Flower + Vegetable Garden,"#Gardening #GrowingFlowers #GrowingVegetables

SUPPORT THE CHANNEL - TRY OUR SOAP! 
http://freshcutky.cratejoy.com/shop/all/

Thanks for visiting the Freshcutky organic gardening channel. This channel focuses on my journey, as I work to build my own cut flower farm. In the garden, I will answer some of the most common ""gardening for beginners"" type questions I get.  Growing greens and beautiful food is something I'm really passionate about. Thank you for joining me as I learn to grow flowers, vegetables, and more.

Got a request to try to make a video showing the garden during each month throughout the year. Managing and planning a tiny garden can be frustrating and difficult, but I do the best that I can do get high yields. My current garden is a mixture of cut flower garden and vegetable patch. Hope you enjoy! 

GET THE FREE @FRESHCUTKY  EBOOK HERE: 
http://www.goo.gl/forms/yMKX4JTWYcAbj6j42

My favorite garden products -
Seabird Guano Fertilizer: 
http://amzn.to/2uE7110
Titanium Shop Snips:
http://amzn.to/2uEaUTy
DeWitt Landscape Fabric:
http://amzn.to/2tjZKzm
Soil Blockers:
http://amzn.to/2tk56uh

I'm a participant in the Amazon Services LLC Associates Program, an affiliate advertising program designed to provide a means for me to earn fees by linking to Amazon.com and affiliated sites. I always include links in my video description to products relevant to the content. I'm honestly not a fan of affiliate links, but since the channel is small, every little bit helps keep me going. There's no pressure to buy from the links, they're simply there if you want to use them. Much love!

Many ornamental flowers and cut flowers are TOXIC. ALWAYS do your own research and take responsibility for the plants that you introduce around your kids, pets, and everyone else. Use common sense when handling plant materials: wear gloves, always wash hands, avoid contact with face, etc. NEVER consume any plant which has not been positively identified with complete certainty to be safe and edible. Before planting anything, research to determine whether specific flowers are considered invasive where you live or if there are laws that apply to their planting in your area.

SUPPORT ME ON PATREON!
http://www.patreon.com/freshcutky

SUBSCRIBE to @freshcutky HERE: http://www.youtube.com/c/pickinpetalsflo…ub_confirmation=1

CUT FLOWER GROWER REDDIT: 
http://www.reddit.com/r/cutflowergrowers

Check out the latest podcast on SoundCloud! http://www.soundcloud.com/freshcutky

Find ""@freshcutky"" other places:

Blog: http://www.freshcutky.wordpress.com
Twitch: http://www.twitch.tv/freshcutky
Facebook: http://www.facebook.com/freshcutky
Twitter: http://www.twitter.com/freshcutky
Instagram: http://www.instagram.com/freshcutky
Pinterest: http://www.pinterest.com/freshcutky
Snapchat: @freshcutky

FAMEBIT: fbit.co/u/freshcutky

------------------------

What is ""@freshcutky""?

@freshcutky documents the pursuit of my goal of one day owning my own cut flower farm. Along the way, you'll will see random projects, cooking, and of course - growing stuff. I'm not an expert, and would never claim to be. There's always more to learn - this is my journey. The purpose of my blog, and other social media accounts (including YouTube) is to share ideas. I do my best to offer information that is useful, but reliance on that information is strictly at your own risk and NOT a substitute for professional advice of any kind. I do not create sponsored content or use affiliate links unless they have been explicitly discussed.",2017-10-26T23:09:25Z,43217,https://www.youtube.com/watch?v=NeD38XCC21c
TUP0AG_g29I,"Vegetable Container Gardening Ideas - Balcony Gardening, Rooftop Gardening, Urban Gardening Herbs","Today I share my 5 favorite vegetable container garden ideas where ever you might have limited space such as balcony gardening, rooftop gardening or just urban gardening for herbs and vegetable gardening!
Follow the official My Backyard Garden Twitter account!
 @mybackgarden1 https://twitter.com/mybackgarden1
Official Facebook Page @mybackyardgarden2 https://www.facebook.com/mybackyardgarden2
Official Instagram https://www.instagram.com/mybackyardgarden2/",2020-03-12T19:04:53Z,7653,https://www.youtube.com/watch?v=TUP0AG_g29I
NmKR2TtInbY,Self reliance urban gardening,Time to be more self reliant. If you live in an urban enviornment you can grow your own food and be less reliant on a broken supply chain. The time is now! This is a call to action..... Grow your own food.,2022-05-26T20:37:39Z,161,https://www.youtube.com/watch?v=NmKR2TtInbY
hreAh_SNTDA,Growing Strawberries in Containers | Urban Gardening,"Let’s talk all about growing strawberries in containers for a June harvest! In today's video I will be explaining how to successfully grow strawberries in containers. Follow along as I show you step by step how to transplant your strawberry plant outside, which size container to use for strawberries, along with tips on how to grow healthy strawberries in containers. 


I've always dreamt of having a beautiful lush outdoor garden, but living in an apartment with limited space, it’s been quite difficult. Regardless I decided I wasn’t going to let a tiny space stop me from growing the garden of my dreams! I've been gardening for a few years now using containers and this year I’m adding even more plants to my garden than ever. 

Be sure to subscribe to my channel to follow along as I give updates through out the growing season and show you week after week how I grow different vegetables with limited space using only containers.  


Follow me on Instagram: @mindful.living.a


#balconygarden #growingincontainers #growingstrawberries

Royalty Free Music from Bensound",2021-04-14T00:29:28Z,839,https://www.youtube.com/watch?v=hreAh_SNTDA
07uAvhgczJk,Bananas | URBAN GARDENING WITH 81 YEAR OLD GRANDMA,#best #beautiful #banana #urbangardening,2021-11-05T23:23:05Z,1426,https://www.youtube.com/watch?v=07uAvhgczJk
ROg0QxZujpk,Horti Clay (LECA) - Lightweight Expanded Clay Aggregate | Gardening | Urban gardening | Plant care,"New launch, new plant babies!

Horti Clay is a must-have gardening product for any green thumb. The game-changer is in!

It prevents the plants from completely drying out but still provides proper drainage in case of overwatering, plus reduces water wastage and the risk of root rot and pests. You'll be drooling over to know that it is available in 900 gms as well! Imagine how easy it'll be to use for quite many pots.

#beginnergardening #iffco #horticlay #Gardening #urbangardens #plantcare #gardenlove #homegrown #organic  #indoorplants #indoorplanters #tryitnow",2022-06-11T11:30:05Z,42210,https://www.youtube.com/watch?v=ROg0QxZujpk
LWmBlNDiBr4,2021 GARDEN TOUR - Week 2 - URBAN GARDENING in Canada Zone 5B,"Join me as I give you an update of my two very different urban gardens and harvest my first turnip of the season. I live in Canada and this is what I grow in zone 5B.  

For the complete list and links to the different varieties I am growing, visit my blog www.veggiechompers.com.

Reachin’ Reverie : HOW TO PRUNE PEPPERS https://www.youtube.com/watch?v=8bwO3WT_KlM

Midwest Gardener : TOP 5 BEST TASTING TOMATOES https://www.youtube.com/watch?v=PC_CMu_pQew 
______________________________________________ 

WELCOME TO VEGGIE CHOMPERS 
I’m on a journey to homesteading. I dream of owning a farm where I can grow all my food and live a sustainable and meaningful life. In the meanwhile, I find ways to be self sufficient in an urban environment.
There are no affiliate links or sponsor in this video or in this description. 
 ______________________________________________ 

Blog : www.veggiechompers.com 
Instagram : veggie_chompers
______________________________________________ 

MUSIC 
Snake City – Tell You I’m Sorry (Insctrumental version) : https://www.epidemicsound.com/track/HDlCTSktth/",2021-06-21T11:08:12Z,249,https://www.youtube.com/watch?v=LWmBlNDiBr4
6n1kHf4FZ8s,Urban Gardening,Hit like and Subscribe to my channel,2022-02-13T12:50:22Z,133,https://www.youtube.com/watch?v=6n1kHf4FZ8s
m6TXOYCoLew,Building a MINI ORCHARD| URBAN GARDENING | VLOG  #urbangardening #growyourownfood  #gardening,"Hey Y'all!!! 

Yes we bought MORE trees!!! Today I'm showing you what additions we have added to our mini orchard! I also talk about plans to expand!!! 


IG: ourfreedomsong
Email: ourfreedomsong@gmail.com
#urban #urbangardener #miniorchard #orchard #backyardorchard #fruittrees 
#gardening #garden #growyourownfood
#vlog #homestead #homesteading #zone8b
#beginnergarden #notill #simplegarden #easygardening #diyplanters #diygarden #containergardening #patiogarden #blackgirlsgarden #homemaking #homemakingwithme #smallspacegarden #blackfarmers #blackfamily #christianfamily #christianfamilyvlogs #homemaker  #garden #gardenscapes #gardentour #gardeningtips #gardens #gardenideas #gardener #beautifulgardens #beautifulgarden #frontyardgarden #frontyard #frontyardlandscape #easylandscape #ediblelandscape",2022-06-09T05:59:48Z,1531,https://www.youtube.com/watch?v=m6TXOYCoLew
MidztvoJtAQ,Prep for the Winter | Urban Gardening Part 1,"Prep for the Winter | Urban Gardening Part 1. How you doing guys? Alessandro here from Spicymoustache. It has been a really long day in the garden. We did many things in preparation for the next season. But let's rewind back to the start of the day to understand what steps we took to get prepared for the winter garden. As you can see this part is way overgrown so what we gonna do it's just to simply chop down the Tomatillo that are not productive anymore and as well the Beans that finish completely to Produce Beans. What I'm doing is a no Till Gardening so which means I'm just gonna cut the base of the plants and I'm gonna leave all the roots in the soil. In this way the roots will start to decompose gradually and they gonna turn into Nutrients for the new Plants that I'm gonna plant in the planters. 

00:00 - Intro 
00:52 - First step
01:30 - What to do with Garden waste
02:10 - Cutting Down Beans
02:31 - No Till Gardening
03:16 - Raspberry Plant
04:19 - Preparing your Soil
05:15 - Preparing Tomato Plants 
05:41 - Conclusion

--NEW VIDEO OUT EVERY FRIDAY--

If you'd like to Support me:
→ Buy me a Plant: buymeacoff.ee/Spicymoustache
→ Patreon: https://www.patreon.com/spicymoustache

Spicymoustache on Social Media:
→ Website: http://www.spicymoustache.com/
→ Instagram: https://www.instagram.com/_spicymoustache_/?hl=en
→TikTok: https://www.tiktok.com/@spicymoustache?lang=en
→ Facebook: https://www.facebook.com/spicymoustache/?ref=aymt_homepage_panel&eid=ARCgpPfCM75jPnbyNwUDWZPkAiLwWX-brl1ny3VVzuGK8c4V9x3Z-IQXmIUWp4ak_wfJhHGXvvYl6OY_
→ Reddit: https://www.reddit.com/user/spicymoustache
→ Twitter: https://twitter.com/spicymoustache

Link to all the products I use:
→ Basic nutrients: use the code Spicymoustache at the checkout to have 15% off your purchase - https://www.organicsnutrients.com/en/shop/
→ YouTube video Equipment: https://www.amazon.co.uk/shop/influencer-a9332406?listId=2S5LDH4DVRI6T&ref=idea_share_inf
→ Garden Equipment: https://www.amazon.co.uk/shop/influencer-a9332406?listId=1A8LPNSF577Z2&ref=idea_share_inf

→ Keyword research tool: for YouTube (TubeBuddy): https://www.tubebuddy.com/spicymoustache

Logo and Graphics:
→ Logo and Merchandise: https://www.instagram.com/nicolo_stain/?hl=en
→ Drone video by:https://www.instagram.com/serialpolo_fpv/

DISCLAIMER: Links included in this description might be affiliate links. If you purchase a product or service with the links that I provide I may receive a small commission. There is no additional charge to you! Thank you for supporting my channel so I can continue to provide you with free content each week!",2020-09-25T11:00:05Z,13367,https://www.youtube.com/watch?v=MidztvoJtAQ
B94U9n4aanw,Urban Gardening growing food in New York City walking tour W29th st Coney Island 🎡 Brooklyn NYC USA,"Urban Gardening growing food in New York City walking tour W29th st Neptune Ave Coney Island 🎡 Brooklyn NYC USA 🇺🇸July 2021 4K video

***
Coney Island 

Coney Island is a peninsular neighborhood and entertainment area in the southwestern section of the New York City borough of Brooklyn. The neighborhood is bounded by Brighton Beach to its east, Lower New York Bay to the south and west, and Gravesend to the north, and includes the subsections of Sea Gate to its west and Brighton Beach to its east. Coney Island was formerly the westernmost of the Outer Barrier islands on the southern shore of Long Island, but in the early 20th century it became a peninsula, connected to the rest of Long Island.

****
Coney Island is no longer an island

The Coney Island creek, which gets cut off at Shell Road used to be a river which flowed into Sheepshead Bay, but through the process of landfill Coney Island was connected to the rest of Brooklyn which is located on the land mass known as Long Island NY

***
Nathan's Hot Dogs 

Nathan's began in 1916 as a nickel hot dog stand in Coney Island founded by Polish Jewish immigrant Nathan Handwerker (June 14, 1892 – March 24, 1974) 

The original Nathan's restaurant stands at the corner of Surf and Stillwell Avenues in the Coney Island neighborhood of the Brooklyn borough of New York City, New York. 

Nathan's is listed on the Nasdaq as $NATH

***
Mermaid Parade

The MERMAID PARADE specifically was founded in 1983 with 3 goals: it brings mythology to life for local residents who live on streets named Mermaid and Neptune ; it creates self-esteem in a district that is often disregarded as “entertainment”; and it lets artistic New Yorkers find self-expression in public

Unlike most parades, this one has no ethnic, religious, or commercial aims. It’s a major New York holiday invented by artists! An American version of the summer-solstice celebration

Mermaid Parade takes place on the first Saturday

***
Luna Park

Luna Park is the name of an amusement park in Coney Island, Brooklyn, New York City. It opened on May 29, 2010, at the site of Astroland, an amusement park that had been in operation from 1962 to 2008, and Dreamland, which operated at the same site for the 2009 season. It was named after the original 1903 Luna Park which operated until 1944 on a site just north of the current park's 1000 Surf Avenue location

Luna Park at Coney Island
1000 Surf Avenue
Brooklyn New York 11224

***
Cyclone Roller Coaster

Cyclone wooden roller coaster opened on June 26, 1927 with .25 cent rides

The Cyclone was declared a New York City landmark on July 12, 1988, and was placed on the National Register of Historic Places on June 26, 1991

***
Deno's Wonder Wheel

Deno’s Wonder Wheel is a world famous NYC Landmark attraction. Built in 1920, and in continuous operation with a perfect safety record. Over 40 million people have enjoyed this iconic ride. Marvel at the incredible views from 150 feet high atop the Coney Island beach all the way to the Manhattan skyline. Perfect for all generations and one of the most romantic rides in the world

***
Polar Plunge New Years Day

Every New Year's Day, the Club is joined by participants from around the country, who partake in an annual swim. The 2005 event had 300 participants and 6000 onlookers. The Chief Polar Bear blows a conch shell to gather the swimmers before they run into the water

***
Shore Thing Movie 2008

A series of shark attacks in New York waters not otherwise known for activity are occurring (netted beach, freshwater lake, a muddy creek). Film by Lovari filmed scenes on the Coney Island Boardwalk

***
Atlantic Ocean

The Atlantic Ocean is the second-largest of the world's oceans, with an area of about 41,100,000 sq miles It covers approximately 20 percent of Earth's surface and about 29 percent of its water surface area

***
Brooklyn

Brooklyn is a borough of New York City, coextensive with Kings County, in the U.S. state of New York. It is the most populous county in the state, the second-most densely populated county in the United States, and New York City's most populous borough, with an estimated 2,648,403 residents in 2020. If each borough were ranked as a city, Brooklyn would rank 3rd most populous

***
New York City

New York City comprises 5 boroughs Manhattan - The Bronx - Queens  BKNY SINY

***
Hashtag

#ConeyIslandFireworks #ConeyIsland #ConeyIslandNY #ConeyIslandNYC #ConeyIslandNewYork #ConeyIslandNewYorkCity #ConeyIslandBrooklyn #CINY #CINYC #Brooklyn #BrooklynNY #BrooklynNYC #BKNY #BrooklynNewYork #NewYork #NewYorkCity #NY #NYC #🏖 #WalkingTour #Walking #Tour #Walk #WalkingVideo #NYCParks #NYC #PublicBeach #swimming #🏊 #🌊 #NY  #NewYorkState  #USA #🇺🇸 #DSubway 🚇 #SummerInTheCity #I❤️NY #NathansHotDogs #Nathans #HotDogs #LunaPark #CycloneRollerCoaster #MermaidParade

***

Apple iPhone 12 Pro Max smartphone video 4K video

***
Brooklyn, New York City, USA United States of America country, North America continent 
July 31st 2021",2021-08-03T17:27:14Z,150,https://www.youtube.com/watch?v=B94U9n4aanw
_f0a9-uVQFk,Celery Harvest - Urban Gardening in Austin Texas,"After 6 long months, our winter garden harvest has begun! 

Celery has been one of my favorite vegetables to grow, its super easy to do, and I highly recommend it to anyone gardening in Austin Texas or Zone 8.

In this video, i'll be cutting down some of our celery, and discussing how celery flowers and creates seeds. I hope you find this video fun and informative, if you have any questions, leave those down in the comments and I will address them!

If you want to check out my video planting the winter garden, or some garden frost protection videos, where I protected my celery from the winter storms, check out my winter gardening playlist - https://www.youtube.com/watch?v=NHKsNfV_Vlo&list=PLSMgcMx-WaxqmPKRSm2s6AHpPxpew1KEU&ab_channel=AustinTexasGardeningAustinTexasGardening

You can also see the celery's progress in my recent garden tours -
https://www.youtube.com/watch?v=MQ-hoEcoTo0&list=PLSMgcMx-Waxq89YlQBKu9qUh2d0Jo3i07

Thank you for watching Austin Texas Gardening!

#AustinTexas​ #Gardening​ #Horticulture #Zone8B​ #urbangardening​",2021-05-23T15:38:18Z,632,https://www.youtube.com/watch?v=_f0a9-uVQFk
AxWQQ5up2UU,How to Start Seeds - Urban Gardening for Beginners,"Welcome to my very first video on urban gardening in NYC! When I'm not at work building things, planning, or crafting, you can find me in my tiny NYC garden.

If I can do it, so can you! I started gardening about 10 years ago when I first moved into an apartment. I started out with a couple of planter boxes and very quickly graduated to a 1 acre lot in Maryland. In just a few short years, my husband and I created a garden oasis of our own that included a beautiful lawn for our dog Bailey to roam, several cedar garden beds, blueberry bushes, an apple tree, and so much more. 

I often long for the days of the brightest stars I've ever seen, the whistle of the wind, the mild rumble of the freight train in the distance, and sweet smell of rain. 

While these are distant memories, they give me much to strive for. We love our current home and being close to family. We've found ways to maximize our garden space in NYC to include vegetables, fruits, flowers, and even some grass for Bail! 

If you enjoyed this video and would like to see more garden content, please let me know! What are some of your favorite things to grow? What did you do for Earth Day?

Seed Trays: https://amzn.to/3Orht1L

Also included in this video is my Rae Dunn watering can/mister that is perfectly themed for this Easter Season!

Happy Gardening Friends!


As an Amazon Associate I earn from qualifying purchases.
#garden #sustainability #gardening #healthyliving #urbangarden #amazonhaul #sustainableliving #greenthumb",2022-04-22T13:00:22Z,107,https://www.youtube.com/watch?v=AxWQQ5up2UU
QhcDkbWxDug,Wie der Klimawandel Städte aufheizt und wie Urban Gardening das ändern kann | Quarks,"Unsere Städte haben in Folge des Klimawandels ein Hitze-Problem: Klimaforscher der Ruhr-Uni Bochum helfen Stadtplanern in Zeiten von Klimawandel und Co, besonders heiße Zonen zu erkennen und entwickeln ""Hitzekarten"" von Städten. So sollen Strategien konzipiert werden, um sich dem Klimawandel und seinen Folgen anzupassen, heiße Zonen zu vermeiden und eine bessere Luft herzustellen.
Dabei soll auch die Natur helfen! Sie in die Städte zu holen ist wichtig – das haben Städteplaner längst erkannt. Denn Pflanzen reinigen die Luft und kühlen das Mikroklima. Begrünte Fassaden kommen deshalb zunehmend zum Einsatz. Doch vor allem an Hochhäusern kämpfen Experten mit großen Schwierigkeiten.

Aus unserer Sendung vom 24.09.2019

Autor*innen: Daniel Haase, Ulf Kneiding, Anke Rau und Julia Schwenn

---

Danke fürs Zuschauen! Hat dir das Video gefallen? Dann abonniere jetzt den einzigen offiziellen Quarks-Kanal auf YouTube: https://www.youtube.com/Quarks?sub_confirmation=1

Quarks auf Facebook: 
https://www.facebook.com/quarks.de/

Besuche auch: 
https://www.quarks.de

#Quarks auf Instagram: 
https://www.instagram.com/quarks.de/
https://www.instagram.com/beautyquarks/ 

Hier gelangst du zum Clip in der WDR-Mediathek:
https://www1.wdr.de/mediathek/video/sendungen/quarks-und-co/video-hitze-und-duerre-wie-wir-uns-dem-klimawandel-anpassen-100.html

#Klimawandel #UrbanGardening",2019-11-07T16:00:02Z,75757,https://www.youtube.com/watch?v=QhcDkbWxDug
ricaXDjrbZo,Urban Gardening in Zurich,Have you ever tried to pimp up your balcony with some plants that are easy and simple to cultivate in a plant bag? Learn more at the urban gardening workshop with Veg and the City. In a basic course you get all the needed knowledge to start your little garden.,2018-04-24T09:23:27Z,75,https://www.youtube.com/watch?v=ricaXDjrbZo
1c8mLA1YdP0,"Urban Gardening in Arlington, VA | SustainableScoop","Want to make your own interview? Check out our website at https://sustainablescoop.com/

Urban gardening has blossomed in Arlington and during the COVID-19 pandemic, hundreds of volunteers are working to grow produce for local food pantries. I, Alistair Watson, interview three current gardeners to learn about what their goals are, what are the benefits of gardening, and what they have to say about Friends of Urban Agriculture (FOUA). Join me as I host and interview Lisa Labella, Ilana Rea, and David Sachs. See what they have to say about these questions and more! Follow us on our social media. Follow us on our social media @sustainablescoop

#SustainableScoop #Sustainable #SustainableYouth",2020-10-03T16:39:31Z,233,https://www.youtube.com/watch?v=1c8mLA1YdP0
_WM4FtLxl20,Urban Permaculture - Urban Gardening,"In this video, I am doing the regular gardening tasks, transplanting some plants, harvesting some food, and hunting for a single weed in my garden.",2021-05-16T00:32:01Z,199,https://www.youtube.com/watch?v=_WM4FtLxl20
QMoqF6_oPgQ,6 Hours Of Sunlight - Short Documentary On Urban Gardening,6 Hours Of Sunlight - Short Documentary On Urban Gardening,2009-12-12T02:46:27Z,2411,https://www.youtube.com/watch?v=QMoqF6_oPgQ
jEm1QEy51lI,Urban Gardening In The Winter | Garden Update | Special Announcement,"We are into December and gardening during the winter couldn't be easier here in zone 5 New Hampshire. 
This year I am trying a few new experiments like 

- gardening in the winter
- building an indoor mushroom grow space
- expanding the composting system
- and we are getting solar panels! 

Thanks to everyone that voted on the poll. You are helping direct the future of the channel. 

We have created a t-shirt to help support the channel buy yours here! https://theautonomyline.com/products/leaving-the-rat-race-unisex-aop-cut-sew-tee

Also we have been making updates to our humble website autonomousgarden.com 

Take care, be well, and grow on.",2021-12-05T00:50:15Z,204,https://www.youtube.com/watch?v=jEm1QEy51lI
QSRH7z64-8s,LAMP Presents - Urban Gardening,"The LAMP Urban Garden Internship Program is an income-qualifying program that combines leadership skill development with learning conventional gardening and hydroponics for youth aged 18-24 currently living in low-income households.

The Leadership ARTS Mentoring Program (LAMP) aims to inspire and empower participants as they create personal and career growth plans to enable self-sustainability, overcome personal barriers and contribute positively to their families and communities.

LAMP builds leadership skills in combination with creative disciplines in areas such as:
        •    Film/TV Production
        •    Graphic Design
        •    Music Production
        •    Photography
        •    Urban Gardening and Hydroponics

Why the arts? Studies show that at-risk youth who have access to the arts have better academic outcomes, higher career goals and are more civically engaged.

For more information, call (562) 216-4645.
https://lbcap.org/youth-lamp/",2021-07-29T18:30:55Z,107,https://www.youtube.com/watch?v=QSRH7z64-8s
4uwYGLlBcOA,"Backyard Garden Tour - May 2022 - Urban Gardening in St. Louis, MO","Backyard Garden Tour - May 2022 - Urban Gardening in St. Louis, MO | More videos and garden tours to come! | Please like, share, and SUBSCRIBE! 

Intex Pool (3 year review) - https://youtu.be/5CaAmmX_0oA
Intex 12ft Pool (Time-Lapse setup) - https://youtu.be/zrOj_dbgRro

Stark Bros - Fruit Trees - https://www.starkbros.com
Budde Farms - Elephant Ear bulbs - https://buddefarms.etsy.com
Honeyberry / Haskap - https://www.gardeningknowhow.com/edible/fruits/honeyberries/how-to-grow-honeyberries.htm
Red lake currant - https://www.starkbros.com/products/berry-plants/currant-plants/red-lake-currant
Fuyu Asian persimmon - https://www.starkbros.com/products/fruit-trees/persimmon-trees/fuyu-asian-persimmon

Subscribe & Watch More- http://www.youtube.com/bigbuddetv
Big Budde in the MIX (Concert Vids)- http://goo.gl/3hDe4
Official website: http://www.bigbudde.com
Our music! http://www.youtube.com/pbnjband

Hiking Missouri Playlist- https://goo.gl/cNFBHF
The best Trails, Nature, Swimming, and Outdoors! Join us as we adventure. Most of these are trails are in ""60 Hikes within 60 miles of St. Louis"" -- Buy the book on Amazon: http://a.co/aYrCA8k

♥♫☆✞ BigBudde BooBoo CodyThePitbull PBnJBand ♥♫☆✞

#gardening 
#urbangardening 
#stlouis 
#missouri 
.
.
.

Tags:
backyard garden,urban gardening,urban gardening for beginners,backyard garden tour,urban garden tour,garden tour 2022,urban gardening st louis,urban garden zone 6b,garden ideas zone 6,garden ideas zone 6b,easy back yard garden,vegetable garden tour 2022,fruit trees in the city,urban gardening fruit trees,mulberry trees in back yard,fruit trees from stark bros,st louis gardening,garden tour st louis,gardening in missouri,missouri fruit trees,paul budde",2022-06-03T00:59:28Z,287,https://www.youtube.com/watch?v=4uwYGLlBcOA
2ueVw83Plec,Singapore’s Bold Plan to Build the Farms of the Future,"Singapore wants to produce 30% of its nutritional needs by 2030, so farms are popping up inside, outside and everywhere in between. For more by Tomorrow’s Build subscribe now - https://bit.ly/3vOOJ98

Executive Producer and Narrator - Fred Mills
Producer - Jaden Urbi
Video Editing and Graphics - James Durkin

Special thanks to Bjorn Low, Edible Garden City and Singapore Food Agency.

Additional footage and images courtesy of Artisan Green, Sky Greens, Citiponics, Gensler and Arup.

Follow us on Twitter - https://twitter.com/TomorrowsBuild/
Like us on Facebook - https://www.facebook.com/TomorrowsBuild/
Follow us on LinkedIn - https://www.linkedin.com/company/Tomo...
Follow us on Instagram - https://www.instagram.com/TomorrowsBu...

#construction​ #architecture​ #technology

Tomorrow's Build is owned and operated by The B1M Limited. We welcome you sharing our content to inspire others, but please be nice and play by our rules: http://www.theb1m.com/guidelines-for-...

Our content may only be embedded onto third party websites by arrangement. We have established partnerships with domains to share our content and help it reach a wider audience. If you are interested in partnering with us please contact Enquiries@TheB1M.com.

Ripping and/or editing this video is illegal and will result in legal action. 

© 2021 The B1M Limited",2021-07-13T10:59:13Z,2100861,https://www.youtube.com/watch?v=2ueVw83Plec
nFmkTxI66hc,Backyard Garden Landscaping before and after | Urban Gardening | Portland Oregon,"#jscursions #getupgetoutgetactive
Time now to tackle the backyard garden! It's pretty amazing how a little work can rejuvenate a yard. Join me (and my chickens) as we do a couple of transplanting and giving the backyard a bit of a makeover. Along with that, I show you a tip or 2 (that work for me) in transplanting plants after a long winter.  COVID-19 won't slow me down! I will show you how you can still get up, get out and stay active on a beautiful spring day and in the comfort of your own yard.

Plants transplanted:
Cardinal Flower shrub (transplanted over to dead Cassia tree) 
Hydrangea shrub (transplanted - just to give it a bit more room to grow)

jscursions@gmail.com 
https://www.instagram.com/jscursions/
My Camera: iPhone 11 Pro Max
Computer: Macbook Pro
Editing: iMovie",2020-04-30T07:00:31Z,3562,https://www.youtube.com/watch?v=nFmkTxI66hc
-q6i_2xUvP0,Big Tomato Planting Day DELAYED!  Sowing Seeds Instead // Urban Gardening in NYC,"Welcome to my urban garden! My name is Mari, I'm a professional chef and I'm gardening in Queens, New York City. Zone 7b. 

Instagram: https://www.instagram.com/marisgardenandkitchen
Website: https://www.marisgardenandkitchen.com/
Join my facebook group: https://www.facebook.com/groups/496772298156787

My 2022 Grow List: https://youtu.be/8AZ6WQiTetM
Why I started Gardening: https://youtu.be/n5AgwylkWVc

2021 Garden Tour Playlist: https://www.youtube.com/playlist?list=PLHDaYPV0vsszVn2SDKjo5CKHHM_pM9GpG

Gardening Playlist: https://www.youtube.com/playlist?list=PLHDaYPV0vsswZCVCZaYwUJ1WUmPPniPoA
Cooking Playlist: https://www.youtube.com/playlist?list=PLHDaYPV0vsswAKBLjzmZQDnMpw56BnjRe

GreenStalk Planter Discount: https://lddy.no/wndn​  
Stack my code ""MARISGARDEN"" to get an additional $10 off on their annual mother's day sale! Sale ends on May 9th. 

//

#urbangardening #newyorkcity #marisgardenandkitchen

DISCLAIMER: Links included in this description might be affiliate links. If you purchase a product with the links that I provide I may receive a small commission at NO extra cost to you. When you purchase through this links, you help supporting my channel (and my garden) helping me to continue to create free content!",2022-05-06T21:27:20Z,249,https://www.youtube.com/watch?v=-q6i_2xUvP0
Njucn01wv10,Melliodora – The birthplace of permaculture | Urban Farming | Gardening Australia,"David Holmgren and Su Dennett take Costa for a wander around Melliodora – the legendary permaculture demonstration garden in Victoria's semi-rural Hepburn. Check out Costa's extended interview with David: https://www.youtube.com/watch?v=MgoYJxnIHqg

6:00 David and the late Bill Mollison devised the term 'permaculture' in the 70s, to describe a set of theories and a model for sustainable living based on 'permanent agriculture.' 

“In a way it’s a theory of everything,” says David. “It starts with gardening and how we provide basic things for ourselves [and leads to] a deep sustainability framework for how we progressively reorganise our lives and, through that, society.”

1:15 As well as David and Su, Melliodora has two other households; one where Kirsten Bradley and Nick Ritar live with their child, Ashar, and a tiny house that is home to Brenna. They all share the labour of the property. Costa also visits Nick and Kirsten's place to learn how to grow oyster mushrooms at home. https://www.youtube.com/watch?v=kmXDD7sj4UY

3:52 At Melliodora there are animals as well as vegetables, fruit and nuts – chickens free range, bees occupy hives by the dam, geese control the orchard and goats provide milk for cheese and yogurt. “All the animals are producer animals rather than consumer animals,” says Su.

5:10 The goats help eat out fire-prone blackberries, and about 20 bunya pines (Araucaria bidwillii) have been planted to try to shade them out as well. They’re now about 30 years old and have finally started producing cones that David hopes will be full of nuts.

Watch Gardening Australia on ABC iview: http://iview.abc.net.au/programs/gardening-australia 
 
SUBSCRIBE: http://ab.co/GardeningYouTube 
 
About Gardening Australia: 
Gardening Australia is an ABC TV program providing gardening know-how and inspiration. Presented by Australia's leading horticultural experts, Gardening Australia is a valuable resource to all gardeners through the television program, the magazine, books, DVDs and extensive online content. 
 
Connect with other Gardening Australia fans: 
Like Gardening Australia on Facebook: http://www.facebook.com/gardeningaustralia   
Follow Gardening Australia on Instagram: http://www.instagram.com/gardeningaustralia  
Visit the Gardening Australia website: http://www.abc.net.au/gardening  
 
This is an official Australian Broadcasting Corporation YouTube channel. 
******** 
Contributions may be removed if they violate ABC's Online Conditions of Use http://www.abc.net.au/conditions.htm (Section 3).",2020-03-13T07:30:02Z,43923,https://www.youtube.com/watch?v=Njucn01wv10
NKb-JvOBLmk,Urban Gardening: Five Ways to Grow Vegetables At Home,"Vegetable gardens are a wonderful way to reduce your carbon footprint and increase nutrition. Iona visits Veggie Village where there are some wonderful examples of garden designs that you can adapt for your own home, no matter the size.

Welcome to RBG at Home, our commitment to offering accessible, diverse and entertaining learning opportunities for all ages.

MORE: https://www.rbg.ca/athome

--------------------------------------------------------
SUPPORT ONLINE LEARNING:
RBG is supporting children’s education during this difficult time by offering our new RBG at Home content which includes materials for students, teachers, families and lifelong learners.

Donate today to help us create and deliver quality educational content that helps parents, children and teachers keep in touch with nature during this unprecedented time.
https://www.rbg.ca/athome-donate

--------------------------------------------------------
Royal Botanical Gardens is made up of four distinct formal gardens contained within 1,100 hectares of nature reserve, across the municipalities of Hamilton and Burlington Ontario. See all our garden areas and start planning your visit at https://www.rbg.ca/gardensandtrails

--------------------------------------------------------
Like us on Facebook: https://www.facebook.com/RoyalBotanicalGardens
Follow us on Instagram: https://www.instagram.com/rbgcanada/
Follow us on Twitter: https://twitter.com/RBGCanada",2020-08-26T15:25:52Z,369,https://www.youtube.com/watch?v=NKb-JvOBLmk
RRT5GsCmqXY,"FULL URBAN GARDEN TOUR | WEEK TEN | 2021 {Urban gardening in zone 7b Queens, NYC} Last week of June","Welcome to my urban garden! I'm gardening in Queens, NYC (Zone 7b) in a front yard rental and I also help a neighbor with his plot garden. I'm planting mostly vegetables and we are excited for a good harvest this summer! Tag along to watch our garden grow with us. 

GreenStalk Planter Discount: https://lddy.no/wndn​  
Use code ""MARISGARDEN"" for $10 off your order (Code never expires and can be combined with sales)

Assembling my Original 5 tier Vertical Planter (GreenStalk): https://www.youtube.com/watch?v=_biGw... 

CAMERA GEAR:

CANON M50 (Creator kit): https://bit.ly/313xiEn​
Tripod: https://bit.ly/390Bady​

Instagram: https://www.instagram.com/marisgardenandkitchen


#urbangardentour #growingvegetables #marisgardenandkitchen

DISCLAIMER: Links included in this description might be affiliate links. If you purchase a product with the links that I provide I may receive a small commission at NO extra cost to you. When you purchase through this links, you help supporting my channel (and my garden) and that helps me continuing to create free content!",2021-06-23T20:25:08Z,406,https://www.youtube.com/watch?v=RRT5GsCmqXY
nEEet610I9Y,"Urban Farming in Denver, Colorado 2022","Urban Farming in Denver, Colorado 2022

Today's video is very exciting because I get to show you an urban farm that is located at a green school!  This is the ultimate farm-to-table experience for children and the community in a very populated city! I met with co-founder and Executive Director Meg Caley at the National Farmers Union Conference.  Ms. Caley gracious invited me to visit her urban farm which builds educational urban farms to engage communities, strengthen neighborhood resiliency, and root farmers in the city.  What an incredible tour of the farm!!!  Stefan Karg the farm Program Manager graciously took me on the tour.  I met Bonnie the garden cat too! Teaching school children about farming and how to grow and use the food they produce is simply amazing and incredibly encouraging!!!  I hope you love the tour as much as I did!

Sprout City Farm Website:  https://sproutcityfarms.org


To support my channel by ordering a Kate's Ag Tote Bag please visit my website:  https://www.katesag.com

Visit the Kate's Ag Website: 
https://www.katesag.com/ 

If you have a farm that you would like me to feature, please feel free to email 
info@katesag.com 

Instagram: 
https://www.instagram.com/kates_ag/?h... 

Facebook: 
https://www.facebook.com/katesag

 Pinterest: 
https://www.pinterest.com/kates_ag/ 

Postal/Mailing Address:
P.O. Box 476
Great Falls, MT 59403 

Kate Stephens designer website:
www.katestephens.com 

My Story…
Hello. My name is Kate Stephens, and I am a 17-year-old 4th generation Montana farmer. My family has been farming wheat in north-central Montana since my great grandfather immigrated from Denmark in 1912 and homesteaded our land. My family has been teaching me about farming since I was two years old. I run one of the combines on the farm at harvest. I believe that it is important for everyone to know where their food comes from and the families who produce it. I love our farm, and I hope that my Farm to Fashion and Farm to Table products can help educate people about where their food comes from in a fun way. That is how Kate's Ag - Farm to Fashion became a reality. I hope you love my products as much as I do because this is an extension of our farm and the grains we have been growing to feed other families for over one hundred years.",2022-03-13T02:19:00Z,18675,https://www.youtube.com/watch?v=nEEet610I9Y
TlRpkNyVfZY,The Growing Ecocan: Eco-friendly Urban Gardening,"The growing ecocan arrives complete with seeds, fertilizer and soil in an eco-friendly bamboo fiber can, which decomposes naturally when you re-plant it in a larger pot or outdoors. An earth-friendly gift for you and your friends. Available at Apollo Box: https://goo.gl/uPYhMu",2017-06-28T23:01:29Z,1778,https://www.youtube.com/watch?v=TlRpkNyVfZY
u_uNeSVtNlk,Harvest Time | Urban Gardening | Garden Along the FENCE,,2021-07-26T15:10:57Z,632,https://www.youtube.com/watch?v=u_uNeSVtNlk
RVVJYYHOXGE,Urban Gardening 101 For Beginners with Mac Mean. Tomatoes 🍅,Urban Gardening 101 with MAC MEAN. #urbangardening101 #urbangardenforbeginners #macmeantruestorygarden,2021-09-05T12:05:00Z,1040,https://www.youtube.com/watch?v=RVVJYYHOXGE
EeVb-lGxD_s,Transplanting Lilies| Summer Garden Projects| Raised Bed Urban Gardening| June 2022,"Hello Everyone! Thank you so much for stopping by our channel. Here we enjoy almost anything that has to do with  gardening, cooking and family.     I hope you enjoy these videos and thank you for joining us on our journey. I hope you find this video helpful and please like, comment and subscribe. Thank you for watching!

Karen and Maya
Email: sustainablychiclife@gmail.com

I purchased all of our seeds and plants from:

Lowes Home Improvement
Durham Garden Center
The Home Depot",2022-06-26T15:02:23Z,21,https://www.youtube.com/watch?v=EeVb-lGxD_s
N-x4CDdnR1Q,THE TRUTH ABOUT URBAN FARMING,"The risks and rewards of urban farming in high-density cities. 
SUB: http://bit.ly/2d7dQgd POPULAR VIDEOS: http://bit.ly/2cmcFLe
↓↓↓↓↓↓↓↓↓ CLICK “SHOW MORE” FOR RESOURCES ↓↓↓↓↓↓↓↓↓↓

Music by MK2

1 Day Workshop: http://bit.ly/2cziu7v
Donate: http://theurbanfarmer.co/support/
My online course: www.profitableurbanfarming.com 
My book: www.theurbanfarmer.co

Theme music composed by Curtis Stone and performed by Dylan Ranney. 

facebook.com/GreenCityAcres
twitter.com/GreenCityAcres
___
FARM EQUIPMENT I USE:
Quick Cut Greens Harvester: http://bit.ly/1W3nLGb
Knife and Tool Sharpener: http://bit.ly/29DHlos
Jang Seeder: http://goo.gl/XGvJtl
Row Bags: http://goo.gl/eI1CLp
Insect Netting: http://goo.gl/rjyimK
The Coolbot: http://bit.ly/2cziu7v
___
CAMERA EQUIPMENT I USE:
Canon Rebel T6i: http://amzn.to/29JApHr
Canon wide angle lens 10-18mm: http://amzn.to/2a2t1pl
Shure Lens Hopper shotgun mic: http://amzn.to/29zpdMz
Joby Gorilla Pod (flexible tripod): http://amzn.to/29JBBu7
Go Pro action camera: http://amzn.to/29JBU8j
Phantom 4 Drone: http://amzn.to/29zqenG
iPad 4 for drone controller: http://amzn.to/29vwKdh
Subscribe to our YouTube channel ➤ http://bit.ly/urban-farmer-sub",2016-11-12T02:00:00Z,45504,https://www.youtube.com/watch?v=N-x4CDdnR1Q
e4cR5eC6nk8,"Dragon fruit in a pot, Urban Gardening | Growing organically","This is in no way how to grow dragon fruit but showing the growing experience I had with this fella.

This was given to me by my friend Jim, last 2017 photos on the last part of the video.

The plant grow very well but I had to cut it down off from the cage as the rooftop was under repair for water proofing thus, the stem hanging remain while the main body and the orIginal pot was relocated to my grandmas place

few months after the arial roots reached the empty pot early 2018.. the pot is my container for ""garbage soil or excess soil of my potted plant"" and as they say the rest is history :)
#pitaya #dragonfruit #tropicalplant",2021-06-01T12:03:38Z,280,https://www.youtube.com/watch?v=e4cR5eC6nk8
ZkZRhLc8SpA,5 Basics of Urban Gardening | Things you must know before you start,"This video is for those who have been wanting to start urban gardening but don't know where to begin. 

I will be sharing with you the basics before you start with this new hobby.

This is my 1st installment of the Urban Gardening videos. I hope you guys will learn something from this. Feel free to let me know in the comments section if you have any question or if you want any topics that you want me share with you. 

For the Kanduu Products that I have shared in this video, here's the details and link as promised:

• KanMend - P100,000 Coverage when diagnosed with any of the 42 covered Critical Illnesses + 6 Months Unlimited Tele Consultation with KonsultaMD

https://shop.fwd.com.ph/agency/agent/10006384/kan-mend/application

• KanLive - P200,000 Coverage life protection + 1 Year Unlimited Consultation at any Aventus Medical Clinic

https://shop.fwd.com.ph/agency/agent/10006384/kan-live/application

• KanGuard - P500,000 Coverage for accidental death and/ or Disability through Terrorism + 1 Year Global Emergency Services with Assist America

https://shop.fwd.com.ph/agency/agent/10006384/kan-guard/application

Thank you for watching this video, please don't forget to give me a thumbs up and please subscribe to my channel.

Disclaimer: Some of the images used in this infovideo was taken from different internet sources. This may or may not be a property of the video creator.",2020-06-20T10:48:41Z,108,https://www.youtube.com/watch?v=ZkZRhLc8SpA
tvvbewzKit4,Making friends with plants and people | Urban farming | Gardening Australia,"""My family was overseas and I was alone here. I have no family, no friends, no one. When I start working with plants I feel like it's my home. They are my friends, they are my family, because I love them and they love me.""
Subscribe: http://ab.co/GA-subscribe



When Fareeha Anjum came to Australia she knew nobody. Now she works in a garden set up to help new Australians meet people, build confidence and learn horticultural skills too. 


“At the heart of it is helping new Australians from a migrant and refugee background to feel that sense of belonging,” says Mount Druitt Ethnic Commnuities Agency (MECA) manager Daniel Gobena. 

MECA moved to these new premesis in 2019 and caseworker Yousef Abou Ammar helped get the garden up and growing. 

Dany Boulus teaches the horticulture program: “It’s about building confidence in people to lead to more opportunities, but students get as much out of it from the social connections as from growing plants.” 



See the latest content from Gardening Australia as it goes live by hitting subscribe: http://ab.co/GA-subscribe
Watch Gardening Australia on ABC iview: http://iview.abc.net.au/programs/gardening-australia 
 
About Gardening Australia: 
Gardening Australia is an ABC TV program providing gardening know-how and inspiration. Presented by Australia's leading horticultural experts, Gardening Australia is a valuable resource to all gardeners through the television program, the magazine, books, DVDs and extensive online content. 
 
Connect with other Gardening Australia fans: 
Like Gardening Australia on Facebook: http://www.facebook.com/gardeningaustralia   
Follow Gardening Australia on Instagram: http://www.instagram.com/gardeningaustralia  
Visit the Gardening Australia website: http://www.abc.net.au/gardening  
 
This is an official Australian Broadcasting Corporation YouTube channel. 
******** 
Contributions may be removed if they violate ABC's Online Conditions of Use http://www.abc.net.au/conditions.htm (Section 3).",2021-03-25T20:00:16Z,12469,https://www.youtube.com/watch?v=tvvbewzKit4
bhKjW5qpn_Y,"Urban Gardening • 6 m² Balkon • Vorstellung Gemüsesorten, Aussaat und Tipps • Selbstversorger Balkon","In diesem Video stelle ich euch meinen Balkon vor und mit welchen Pflanzen ich ihn gestalte. Außerdem seht ihr den Fortschritt meines selbstgesäten Gemüses und was nach 10 Tagen bereits gewachsen ist.
------------------------------
🚐 BOARDSHORTSLIFE
Instagram: https://instagram.com/boardshortslife
Pinterest: https://www.pinterest.de/boardshortslife
Reiseblog: https://www.boardshortslife.com/
Amazon: https://www.amazon.de/shop/boardshortslife
------------------------------
Projektstart Selbstversorger Balkon: 23.05.2021
Drehtag: 16. Juni 2021
Balkongröße: 6 m²
------------------------------
Kräuterkisten Balkon seit: 23.05.2021
Zur Bepflanzung verwendete Erde in Holzkisten: Balkonerde mit Bio-Dünger, Torffrei
Teilweise zusätzlich draußen verwendet: Universalerde mit Bio-Dünger, Torffrei
------------------------------
Zitronenbaum Balkon seit: 30.05.2021
Olivenbaum Balkon seit: 06.06.2021
------------------------------
Gemüse Samen Aussaat: 06.06.2021
Stand Gemüse Keimlinge im Video: 10 Tage
Verwendete Erde zur Aussaat: Tomaten und Gemüse Erde mit Bio-Dünger, Torffrei
------------------------------
🌿 Alle Pflanzen in der Übersicht:
• Petersilie
• Salbei
• Schnittlauch
• Zitronenmelisse
• Minze

• Oregano
• Basilikum
• Rosmarin

• Pflücksalat Mischung
• Mini Paprika rot
• Snack Tomaten rot

• Zitrone
• Olivenbaum

• Kohlrabi
• Frühlingszwiebeln
• Zwiebeln

• Tomaten
• Aubergine Patio Baby
• Kohlrabi
• mexikanische Minigurke
• Kürbis
• Zucchini
• Ananas Tomate
• Brokkoli
• Rosenkohl
------------------------------
KAPITEL:
00:00 Intro
1:37 Gekaufte Pflanzen
6:43 Selbst gesäte Pflanzen
11:05 Outro",2021-06-28T13:01:11Z,1879,https://www.youtube.com/watch?v=bhKjW5qpn_Y
y5893zS-4CU,Seedsheet&#39;s Grow Your Own Urban Garden Kit,"It's time to Take Control of Your Food! The only way to KNOW where your food comes from, and TRUST that it is grown safely and sustainably... is to GROW it YOURSELF!  We're making it easy with our curated and pre-designed gardening kits which already include nonGMO seeds within dissolvable pouches. Simply place your Seedsheet on top of soil, add water, and convert your windowsill, stoop, yard, or roof into your own personal farmers market. 

www.seedsheets.com",2016-11-20T18:58:08Z,16344,https://www.youtube.com/watch?v=y5893zS-4CU
huQXUDIcc6U,BEST soil mixes for Urban Gardening!!!,"In this video I share the 5 soil mixes I use for different applications in the garden.  Each blend has its own purpose which I share in the video.  I create my own mixes because I know that the ingredients that I am adding are the best and they work well!  I hope you get motivated to create your own special blends that work for you and the area you live.    
Please leave a comment below as to what you would like to see in my upcoming videos!  Thank you for watching!",2018-02-25T03:59:53Z,951,https://www.youtube.com/watch?v=huQXUDIcc6U
-kUuLKFRxXc,URBAN GARDENING:PLANTING CHILLI/UPDATE WITH THE GARDEN,#growchilliplantathome#urbangardening#organicfood,2021-02-11T07:49:50Z,375,https://www.youtube.com/watch?v=-kUuLKFRxXc
o0OotEaDONU,How To Grow Broccoli At Home | SEED TO HARVEST,"HOW TO GROW BROCCOLI IN CONTAINERS | FULL INFORMATION 
IMPORTANT TIPS:
*Keep the pot in an area where it receives 4-5 hours of sunlight.
*Water regularly to keep the growing medium evenly moist.
*The seeds are going to germinate in 7-14 days.
*When they are 5-7 inches tall with 3-4 true leaves, transplant them to the desired pots. Use big pots for good results
*Soil mix: 60% garden soil+40% organic compost(leaf mold, cattle manure, vermi compost etc)
*Burying your broccoli plants deep into the soil helps them grow better because broccoli form roots all along any buried portion of the stem
*Broccoli requires a site with exposure to full sun (6 to 8 hours per day). Lack of sunlight may produce thin, leggy plants and subpar heads.
*Side-dress broccoli with aged manure during the time of planting and once again in midseason, when half of its growth is done.
*The perfect time to harvest is right before the broccoli flowers. Look for closed flower heads; yellow flowers mean the quality clock is already counting down, so harvest immediately.

GROWING TIME:
Broccoli is cool-season crop, so it should be started in early winter months. 
September and October are the best months for seed germination 

FOR FLOWER AND VEGETABLE SEEDS CONTACT MY SEED SELLER ON WHATSAPP: ROHIT-9818174630",2021-09-16T06:44:12Z,171257,https://www.youtube.com/watch?v=o0OotEaDONU
3F-zHB50em4,Urban Gardening,,2018-10-31T20:30:06Z,171,https://www.youtube.com/watch?v=3F-zHB50em4
iJq6LJvf1Ro,"Sowing MORE Seeds! *More Greens*, Herbs and Flowers | Urban Gardening in New York City Zone 7b","Welcome to my urban garden! My name is Mari and I'm gardening in Queens, New York City. Zone 7b. In this video, I'm sowing more seeds -- Some asian greens, Swiss chard (Silver Beet), spinach, kale, herbs and flowers. 

GreenStalk Garden is having a fun SALE for Saint Patrick's Day until the 21st! Everything GREEN in their website is 25% off (Including green vertical planters) and you can stack my code ""MARISGARDEN"" to get an EXTRA $10 off $75+ orders. Click here to shop: https://lddy.no/wndn​

Watch Next: 
My 2022 Grow List: https://youtu.be/8AZ6WQiTetM
Seeds I got In Hawaii: https://youtu.be/lWcL2Zwoh2A
I got new seeds (Baker Creek Order in Support of Ukraine): https://youtu.be/N734LihGK6A

Saving kale seeds: https://youtu.be/dvilXabsr70
Planting cool weather crops in my GreenStalk Garden: https://youtu.be/0OdKtLCyHRk
Amending raised bed soil and plating my first seedlings: https://youtu.be/7LHmBDBAE0g

Starting my first seedlings: https://youtu.be/6qs94ARhRPM
Sowing Tomato Seeds: https://youtu.be/4cbF552trOc
My indoor Grow Light Set up: https://youtu.be/_Fj8thgaHZ8


Follow me on Instagram: https://www.instagram.com/marisgarden/
Visit My Website: https://www.marisgardenandkitchen.com/ 

//

CAMERA GEAR:

CANON M50 (Creator kit): https://bit.ly/313xiEn​
Tripod: https://bit.ly/390Bady​

#sowingseeds #springgarden #marisgardenandkitchen

DISCLAIMER: Links and codes included in this description are affiliate links. If you purchase a product with the links/codes that I provide I will receive a small commission at NO extra cost to you. When you purchase through this links, you help supporting my channel (and my garden) helping me to continue creating free content!

Thank you so much for using these links!

sowing more seeds herbs and flowers,sowing more seeds herbs adn flowers,Sowing seeds,urban gardening,planting seeds,growing from seed,spring garden,planting herbs from seed,planting flowers from seed,maris garden and kitchen,mariana lyra,chef mariana lyra,asian greens,new york city urban garden,zone 7b,urban garden,urban gardening,vegetable garden,spring garden",2022-03-19T14:00:06Z,332,https://www.youtube.com/watch?v=iJq6LJvf1Ro
bKAguhjM3v4,"FIRST FULL GARDEN TOUR 2021 | WEEK 1 {Urban Gardening in Queens, NYC | Zone 7b}","Hi everyone, today I’m going to be giving the FIRST FULL garden tour of my NYC Urban Garden. We will start with my Front yard patio and then we will move to the plot garden just right down the block.

 If you’re new here, Welcome! My name is Mariana, I’m a trained chef and I am growing vegetables in Queens, NYC. 

First plot garden video (preparing the soil): https://www.youtube.com/watch?v=s3yQEvaJPU8&t=924s
Repotting peppers video: https://www.youtube.com/watch?v=55onh2G977c&t=189s
Last week of March Garden Tour: https://www.youtube.com/watch?v=oSVzOxvWX2w&t=84s
First week of March Tour: https://www.youtube.com/watch?v=mVlqY4M993Q
Assembling my Original 5 tier Vertical Planter (GreenStalk): https://www.youtube.com/watch?v=_biGwAcozXU 

February Garden Tour 2021 (My first video): https://www.youtube.com/watch?v=9soCjjvMWWM 

GreenStalk Plater Discount - Use code MARISGARDEN for $10 off your order https://lddy.no/wndn Book recommended
Gaia's Garden: A Guide to Home-Scale Permaculture https://bit.ly/3d4S39s

CAMERA GEAR:

CANON M50 (Creator kit): https://bit.ly/313xiEn
Tripod: https://bit.ly/390Bady

#urbangardentour #urbangardening #marisgardenandkitchen

Follow me along! 

Instagram: https://www.instagram.com/marisgardenandkitchen/
Join my Facebook grouphttps://www.facebook.com/groups/496772298156787/



DISCLAIMER: Links included in this description might be affiliate links. If you purchase a product or service with the links that I provide I may receive a small commission. There is no additional charge to you. Thank you for using this links and supporting my channel so I can continue creating free content!",2021-04-18T16:46:40Z,318,https://www.youtube.com/watch?v=bKAguhjM3v4
4l74fM2mTm4,473: Kevin Espiritu on Small-space urban gardening techniques,"Expanded growing options through hydroponics.

 In This Podcast: When Kevin Espiritu started gardening he quickly became interested in hydroponics, and as he tried to learn how, he found that most articles and books were focused on only one well-known plant and he wanted to grow food. He started documenting his experiences to help others, and now Kevin has several platforms to share information for new and beginning gardeners. Today he shares several tips about small space gardening, and how there is a way for anyone with a will. www.urbanfarm.org/epicgardening 

 Don’t miss an episode! Click here to sign up for podcast updatesor visit UrbanFarmPodcast.org

 Living in a condo in 2011, Kevin didn’t have the space for a big backyard soil-based garden, so he got creative. Learning about urban gardening was eye opening for Kevin and as a self-admitted geek and someone with an obsessive personality, he got hooked. Living in a condo in 2011, Kevin didn’t have the space for a big backyard soil-based garden, so he got creative. Learning about urban gardening was eye opening for Kevin and as a self-admitted geek and someone with an obsessive personality, he got hooked.  

 He started building his own “bizarre” hydroponic systems with amazing results, and when his friends and family wanted to learn how to do the same – Kevin was in business.  Epic Gardening began as a way to present gardening information in a more modern, updated way. First, the website, next YouTube, a daily podcast, and then his Instagram, Facebook, and Pinterest presence. Kevin is the author of Field Guide to Urban Gardening from our friends at Quarto Publishing.

 Go to www.urbanfarm.org/epicgardening for more information and links on this podcast, and to find our other great guests.

 473: Kevin Espiritu on Small-Space Urban Gardens",2019-08-27T05:36:41Z,355,https://www.youtube.com/watch?v=4l74fM2mTm4
BsUXJXstW1s,LIVING IN CANADA: Garden to Table | Urban Gardening | Pinoy in Canada,"Join me as I bring my newly harvested fresh vegetables from our garden to the table. 

While some of our neighbours grew flowers in their backyard, we planted vegetables, like most Pinoys in Canada. Our fridge is never empty as it overflows with frozen vegetables from the year's harvest to include tomatoes, eggplants, bell peppers and more.

#urbangardening #gardening #homegrown #gardentotable #sustainableliving #pinoyincanada",2022-01-16T10:00:07Z,390,https://www.youtube.com/watch?v=BsUXJXstW1s
ORFx_qeQ4Ec,Urban Gardening Vlog // I Found OCA in PERTH! Dehydrating Limes - Urban homesteading,"Join me for an urban gardening vlog - I cant believe after 6-7 years of searching I found Oca / New Zealand Yams in Perth!! A couple of happy kiwis with a taste of home.

🌱 EBOOK // Grow Food from Cuttings
https://bit.ly/3LLrlSS

🥕 Want More? Join my membership for exclusive member-only Recipes and Articles to Grow, Cook, and Preserve your own food at home. https://sustainableholly.com/join-the-club/

MORE VIDEOS YOU MIGHT LIKE //
Full Garden Tour // https://youtu.be/KEEYzoENL74
Food Forest Garden Tour // https://youtu.be/R5O7LwKeuzQ
My Journey to Sustainable Living: https://youtu.be/fuXGlnPjWKY
Urban Permaculture Kitchen Garden: https://youtu.be/4PsGIiFPwP0

CREATIVE TOOLS //
Thumbnail graphics: https://bit.ly/2UfOXsr
Photography editing: https://bit.ly/3cPfXW8

MY GARDENING ESSENTIALS //
Garden Bag: https://bit.ly/3t5zc6h
Pink Secateurs: https://bit.ly/3qytl6s
Solar Light: https://bit.ly/36GUwX0
Fertiliser spray gun: https://bit.ly/366nL1t​
Retractable Hose: https://bit.ly/2TSC0Bo​
More gardening tools: https://bit.ly/32IQmbD​​

HELPFUL SUSTAINABLE LIVING //
Home and Lifestyle: https://bit.ly/3xcDdVP
10% off Keep Cup: https://bit.ly/3v1tQde

DISCLAIMER: Links included in this description might be affiliate links. If you purchase a product or service with the links that I provide I may receive a small commission. There is no additional charge to you! Thank you for supporting my channel so I can continue to provide you with free content each week!

#oca #newzealandyam #urbanpermaculture",2022-04-07T04:00:14Z,1392,https://www.youtube.com/watch?v=ORFx_qeQ4Ec
3RJLHwRFh1Y,Plot Garden Update | NYC Urban Gardening,"https://www.instagram.com/marisgardenandkitchen/

Garden Tour Playlist:
https://youtube.com/playlist?list=PLHDaYPV0vsszVn2SDKjo5CKHHM_pM9GpG

GreenStalk Planter Discount: https://lddy.no/wndn​  
Use code ""MARISGARDEN"" for $10 off your order 

CAMERA GEAR:

CANON M50 (Creator kit): https://bit.ly/313xiEn​
Tripod: https://bit.ly/390Bady​

#urbangarden #newyorkcityplotgarden #marisgardenandkitchen

DISCLAIMER: Links included in this description might be affiliate links. If you purchase a product with the links that I provide I may receive a small commission at NO extra cost to you. When you purchase through this links, you help supporting my channel (and my garden) helping me to continue to create free content!",2021-10-02T15:28:45Z,232,https://www.youtube.com/watch?v=3RJLHwRFh1Y
TKMklpc9s3M,Urban Gardening at Waterside Plaza (HD),"Lonna and Peter of Junebug Artistic Garden Design give a tour of the gardens of Waterside Plaza, the rental housing complex on the East Side of Manhattan. Waterside Plaza's six acres of landscaped surface make up one of the largest rooftop gardens in New York City. Lonna and Peter's tips about plant selection, massing, irrigation, and visual design provide invaluable ideas for urban and container gardeners everywhere. Plants discussed include: zebra grass; carpet roses; white birch; mumms; tulips; daffodils; yellow grove bamboo; water lilies; black pine; japanese maple; mountain laurel; red twig dogwood. For more information visit: http://junebuggardens.com/ http://watersideplaza.com",2008-12-05T18:12:17Z,2199,https://www.youtube.com/watch?v=TKMklpc9s3M
sQnN3Qc4SNU,ANALIZA VLOGS | Urban Gardening •  Blooming Upo #UrbanGardening,,2021-01-19T07:32:12Z,949,https://www.youtube.com/watch?v=sQnN3Qc4SNU
fDC3t5gqUiA,"FULL GARDEN TOUR | WEEK TWO | 2021  {Urban Gardening in Queens, NYC. Zone 7b}","If you’re new here, Welcome! My name is Mariana, I’m a trained chef and I am growing vegetables in Queens, NYC. This is week two of my urban garden tours. I'll be doing this garden tour weekly through the growing season. Tag along if you want to see the progress of my garden and the challenges that I face gardening in New York City. 


FIRST Full garden Tour (Week One) https://youtu.be/bKAguhjM3v4
Last week of March Garden Tour: https://www.youtube.com/watch?v=oSVzOxvWX2w&t=84s
First week of March Tour: https://www.youtube.com/watch?v=mVlqY4M993Q
Assembling my Original 5 tier Vertical Planter (GreenStalk): https://www.youtube.com/watch?v=_biGwAcozXU 

February Garden Tour 2021 (My first video): https://www.youtube.com/watch?v=9soCjjvMWWM 

GreenStalk Plater Discount - Use code MARISGARDEN for $10 off your order https://lddy.no/wndn 

Book recommended
Gaia's Garden: A Guide to Home-Scale Permaculture https://bit.ly/3d4S39s

CAMERA GEAR:

CANON M50 (Creator kit): https://bit.ly/313xiEn
Tripod: https://bit.ly/390Bady

Follow me along! 

Instagram: https://www.instagram.com/marisgardenandkitchen/
Join my Facebook grouphttps://www.facebook.com/groups/496772298156787/

#urbangardentour #urbangardening #marisgardenandkitchen

DISCLAIMER: Links included in this description might be affiliate links. If you purchase a product or service with the links that I provide I may receive a small commission. There is no additional charge to you. Thank you for using this links and supporting my channel so I can continue creating free content!",2021-04-25T16:39:44Z,497,https://www.youtube.com/watch?v=fDC3t5gqUiA
lS4iHT7WG-Q,Apartment Veggie Garden Tour! 🌿  Self Sufficiency in 2020,"My pride and joy!! My balcony veggie container garden tour - my garden is helping me stay self sufficient during these times. I live on Vancouver Island in Canada and can grow veggies year round (USDA Zone 9a). 

***SOCIALS****
INSTAGRAM: @wildbiologist
FAQ: https://www.wildbiologist.com/faq 
DISCORD: https://discord.gg/8TmZPDZp

***SUPPORT MY CHANNEL****
Join my Patreon community here: https://www.patreon.com/wildbiologist
Perks include: 
* Private wildlife/environmental themed Discord chat
* Private monthly Q&A livestreams for Patrons
* Postcards from the field...and more!

***MUSIC****
Acoustic/Folk Instrumental by Hyde - Free Instrumentals https://soundcloud.com/davidhydemusic
Creative Commons — Attribution 3.0 Unported— CC BY 3.0 
Free Download / Stream:  https://bit.ly/acoustic-folk-instrume...
Music promoted by Audio Library https://youtu.be/YKdXVnaHfo8
From Music for Video Library: https://www.youtube.com/watch?v=_dyUxbXDa2o",2020-05-16T21:09:10Z,381471,https://www.youtube.com/watch?v=lS4iHT7WG-Q
RvXeVWfHNX8,Urban Gardening Ideas - 24 Edible Plants and Garden Plants Review - zone 7 fruit trees,"Check-out these urban gardening ideas.  We review 19 EDIBLE plants and 5 GARDEN plants, including many zone 7 fruit trees!  View the CHAPTERS below for specific plants or, check-out the entire group.  All grow in zone 7.  

HEPPY™ shops at ‘mom & pop’ nurseries and the two nurseries didn’t fail me.  All 24 plants are identified by name, size, cost & the nursery I purchased them from!!  Several plants are from my Sister ;)  
MORE info on the 24 plants, more gardening ideas, and links to the nurseries, is here:  https://heppy.org/24 

*** urban gardening is easy and you can grow tons of ‘exotic fruit’ (and exotic vegetables).  DON’T BE INTIMIDATED – we’ll show you urban gardening ideas.  “Exotic fruit” trees & shrubs are easy-to-grow plants!  Check-out my list of easy-to-maintain ‘exotic’ fruiting plants here :  https://heppy.org/exotic 


0:00 intro 
1:12 Mason's Superberry Mayhaw, Crataegus opaca
2:16 White Pomegranate, Punica granatum
3:03 Hop Tree or Wafer Ash, Ptelea trifoliata
3:25 Texas Mulberry, Morus microphylla
4:04 Texas Persimmon, Diospyros texana
6:51 Loquat (unknown variety)
8:31 Satsuma Plum, Prunus salicina
9:22 Methley Plum, Prunus salicina
9:35 Chickasaw Plum, Prunus angustifolia
10:06 American Plum, Prunus americana
10:35 Creek Plum, Prunus rivularis
11:26 Mexican Plum, Prunus mexicana
13:08 Passion Flower or Passion Fruit (from Argentina; may be Passiflora edulis)
14:03 Rosemary, Rosmarinus officinali
15:22 Mexican Oregano or Rosemary Mint, Poliomintha longiflora
15:49 Flax (Flaxseed or Linseed), Linum usitatissimum
16:00 Marjoram or Sweet Marjoram, Origanum majorana
16:11 Lemon Thyme, Thymus citriodorus
16:21 Chives, Allium schoenoprasum
16:26 Mealy Blue Sage, Salvia farinacea,
16:47 Powis Castle Artemisa (Wormwood), Artemisia arborescens x absinthium
16:58 Western Soapberry, Sapindus saponaria var drummondii,  5gal, $30.00  Sapindus drummondii
17:16 Silk Floss Tree, Ceiba speciosa or Chorisia speciosa
17:32 Common Milkweed, Asclepias syriaca

*****************************************************************
The family-owned nurseries mentioned in this vid are:
1. Natives of Texas.  Dave (Dr. David Winningham), https://www.nativesoftexas.com/  
2. Willis Orchard Company.  Cynthia & Family, https://www.willisorchards.com/ 

*****************************************************************
see more about HEPPY™ https://heppy.org/ 
see our collection of edible plants grown organically in our food forest: https://heppy.org/plants 
All 24 plants are further identified here, https://heppy.org/24

*****************************************************************

in 2017 I started planting a food forest on a 2 acre abandoned property.  we’re located only 10 miles south of the US Capitol but are surrounded by several hundred acres of forest and very few homes.  our urban garden design, landscape architecture and permaculture techniques incorporate fruiting trees, fruiting shrubs, edible ground cover, edible flowers, and herbs and medicinal plants that will provide food for generations.  it’s a long and slow ‘haul’, as we adapt, learn new things and are enjoying the process.  (also, you DON’T NEED TWO ACRES to do this.  i once planted ~12 fruit trees on the property of a residential home. if I can do it, so can u!)

HEPPY™ lifestyle is about health and wellness, based on key interwoven pillars.  HEPPY is growing and eating quality nutritious food; it’s physical exercise and physical health; HEPPY values mental health to include rest, meditation, enjoyment of nature, and working at what makes you passionate; it’s about being creative, artistic and INVENTIVE; and HEPPY emphasizes financial health by being conservative, patient and finding best value.  Nutritional, physical, mental, creative, and financial health are pillars of a HEPPY lifestyle.  it’s being self-sustaining – not talking self-sustaining -- by converting a standard residential home into a COMFORTABLE off-grid oasis.

i just started ;) so there’ll be vids for years to come :/ … ;).  check us out!:  https://heppy.org",2021-02-17T14:17:47Z,241,https://www.youtube.com/watch?v=RvXeVWfHNX8
6VDE2crj_DY,London Urban Gardening,Tasked to create a BBC Green Week 5-minute piece.,2015-12-04T19:42:21Z,664,https://www.youtube.com/watch?v=6VDE2crj_DY
xEtM-6_oWv4,🌱 Family of 5 Eating from Backyard Urban Garden! 👩‍🌾,"CHECK OUT MY EBOOKS! Easy healthy gluten-free plant based recipes your whole family will enjoy! Zero Waste ebook about how you can begin to be zero waste, along with advanced zero waste tips! ONLY available on my website! 
 https://thefairlylocalfamily.com/shop/ 
___
Instagram:  @thefairlylocalfamily https://www.instagram.com/thefairlylocalfamily/ 
Become a Patreon! http://patreon.com/fairlylocallife
For Business Inquiries: thefairlylocalfamily@gmail.com 

 Some of my Favourite Things: 
 ► Check out the FlashFood App to save grocery store produce from ending up in the trash! Use this link to get $5 of free food! Use Code: AMBVZ2F 
 ► My favourite cloth pads! Tree Hugger Cloth Pads (Each pad bought plants a tree!): http://tree-hugger-cloth-pads.myshopify.com?rfsn=803078.91c972 
 ► Check Out West Coast Seeds, my Favroite Seed Company! https://bit.ly/3g4m3mO
 ► We use sustainable cork mats for yoga practice (they have both kids and adult sizes)! http://www.scoriaworld.com?aff=3

___
Music in this video:
Music by Gil Wanders - Still Morning - https://thmatc.co/?l=6F3256C1
Music by Damien Sebe - Soft Cloud - https://thmatc.co/?l=D41C8D43",2022-07-07T14:55:05Z,18783,https://www.youtube.com/watch?v=xEtM-6_oWv4
eLeaclHKdEM,Training on Organic Vegetable Production with Extension Support l Urban Gardening l 4H Club l,"Training on Organic Vegetable Production with Extension Support (Urban Gardening) held at Brgy. Baculanad Sta. Fe, Leyte on March 24-26, 2021. It was participated by the 4-H Club members in Brgy. Baculanad.

The Training aims to create awareness among household on Organic Gardening for continuos availability of food for the family.

Thank you so much ATI-RTC VIII for giving us the opportunity to share knowledge and skills to our young farmers.


For more videos, please subscribe this channel and click the notification below.
............................................

How to make Fermented Plant Juice
https://www.youtube.com/watch?v=GwjBPK-JUgk&t=135s

How to make CalPhos using Eggshells?
https://www.youtube.com/watch?v=UNZKhuj3rYI&t=549s

How to make Fish Amino Acid
https://www.youtube.com/watch?v=O8lt4r-4Bwg&t=556s

Follow us on Facebook and Instagram also

https://www.facebook.com/VillaConzoilo10

#VillaconzoiloFarmInAction
#Ishareknowledge
#ATIiNspire
#KabataangMagsasaka
#Organic Farming
#UrbanGardening",2021-04-28T09:54:24Z,313,https://www.youtube.com/watch?v=eLeaclHKdEM
1krVvlyfyv0,MULBERRY AND PASSION FRUIT PICKING | URBAN GARDENING | FOOD FOREST,"Hello Everyone! 
It's time for our Garden Tour 2021 and today I will show you the rooftop garden that my parents started 3 years ago. Mulberry and passion fruit are among the fruit trees that grow here. Healthy and fresh fruits is important to us. Especially in this time of uncertainty, we all need to be innovative and be resourceful. 3 years ago also, I started my first blog about creating a FOOD FOREST. A dream that someday we can produce our own food in our own backyard. Well, in this case in our rooftops :) That dream is now turning into a reality and if my parents can grow fruit trees in a small piece of land, why can't you? START PLANTING NOW ^_^
Come and join Xavier (my son) in picking his favorite fruits. 
And if you're interested on what were planted here before, here is the link of my video of ROOFTOP GARDEN TOUR AND HARVEST 2018.
https://www.youtube.com/watch?v=f2lOkIDTlDM
#mulberry #rooftop",2021-04-10T13:59:58Z,809,https://www.youtube.com/watch?v=1krVvlyfyv0
LxmnTxIt5U0,NOVEMBER 2017 GARDEN TOUR / Urban Gardening Miami Florida / CUBAN GARDENER,,2017-11-22T20:28:26Z,1906,https://www.youtube.com/watch?v=LxmnTxIt5U0
KbuJdXrp44s,FULL URBAN GARDEN TOUR | WEEK ELEVEN | 2021 {Urban gardening | Zone 7 - NYC} First Week of July,"Welcome to my urban garden! I'm gardening in Queens, NYC (Zone 7b) in a front yard rental and I also help a neighbor with his plot garden. I'm planting mostly vegetables and we are excited for a good harvest this summer! This is how the garden looks in the first week of July 2021. Tag along to watch our garden grow with us. 

GreenStalk Planter Discount: https://lddy.no/wndn​  
Use code ""MARISGARDEN"" for $10 off your order (Code never expires and can be combined with sales)

Assembling my Original 5 tier Vertical Planter (GreenStalk): https://www.youtube.com/watch?v=_biGw... 

CAMERA GEAR:

CANON M50 (Creator kit): https://bit.ly/313xiEn​
Tripod: https://bit.ly/390Bady​

Instagram: https://www.instagram.com/marisgardenandkitchen/

#urbangardentour #growingvegetables #marisgardenandkitchen

DISCLAIMER: Links included in this description might be affiliate links. If you purchase a product with the links that I provide I may receive a small commission at NO extra cost to you. When you purchase through this links, you help supporting my channel (and my garden) and that helps me continuing to create free content!",2021-07-03T22:47:47Z,226,https://www.youtube.com/watch?v=KbuJdXrp44s
Lo6cfRJD4Fc,"Very delicious to eat, this is an easy to grow and delicious vegetable","Very delicious to eat, this is an easy-to-grow and delicious vegetable
This is how I mix the soil to grow vegetables at home
https://youtu.be/TZozsisfpmE
Hope useful for you.
Thank for your watching and don't forget subscribe my channel ❤

#delicious #vegetable #growing",2022-03-16T11:19:01Z,771288,https://www.youtube.com/watch?v=Lo6cfRJD4Fc
1AyIQ3Nbxac,SFG Essentials | Urban Gardening with Rick Bickling,"Rick Bickling, in partnership with Square Foot Gardening explains the benefits of the SFG Method in Urban Gardening. Square Foot Gardening is perfect for any community as it requires less space, less water and less maintenance. A Square Foot Garden can be placed almost anywhere and encourages people of all ages to get growing!
.
.
[ Square Foot Gardening Books ]
- All New Square Foot Gardening, 3rd Edition: https://amzn.to/3hMkJoQ
- Square Foot Gardening with Kids: https://amzn.to/3yxp7Py

[ Follow Us ]
Facebook: https://www.facebook.com/squarefootgardeningorg/",2020-07-09T13:24:00Z,530,https://www.youtube.com/watch?v=1AyIQ3Nbxac
3Czv4KZxrxc,Front Yard Pruning Overgrown Shrubs | Urban Gardening | Welcome To My Yard,"#urbangardening #portlandoregon #pruning #floweringshubs #overgrownshrubs
URBAN GARDENING Pruning | Portland Oregon
Spring has sprung and so has all the plants, bushes and shrubs in my urban garden. Join me as I survey the side yard and get it back in shape for another wonderful outdoor season ahead. Included are tips on cutting and trimming, some replanting and treat scavenging (worms!) for the chickens. The sun is out and COVID or not, it's time to get up, get out and stay healthy.
 
Shrubs I pruned back:
1 large shrub next to porch : Rose of Sharon (member of the Hibiscus family)
Perennial fuchsia bush
Butterfly (not lilac) shrub & tree next to fence
2 large shrubs with yellow followers: euphorbias 
Shrub in front of large butterfly tree:  Lemonade™ Rose Shrub

jscursions@gmail.com 
https://www.instagram.com/jscursions/
My Camera: iPhone 11 Pro Max
Computer: Macbook Pro
Editing: iMovie",2020-04-16T07:00:00Z,1892,https://www.youtube.com/watch?v=3Czv4KZxrxc
PYS3ugXpmsE,Food forest fundamentals | Urban farming | Gardening Australia,"Hannah demonstrates the food forest concept in her Hobart garden on Muwinina Country.  She takes a multi-layered approach to her productive planting and mimics a forest ecosystem.
 
A food forest mimics the diversity of a natural forest where a variety of plants grow together as an ecosystem. By modelling this concept in the garden, plants grouped together complement each other, take advantage of niches and microclimates, increase biodiversity and ensure healthy soil and plants. And it looks beautiful. And part of it is about providing food to humans.

At Hannah’s place she is establishing a food forest on the pallet bank garden. It’s where she is layering fruit and nut trees with shrubs, groundcovers, vines, root crops and herbaceous plants.

00:48 | Food forest layers

In theory a food forest has seven layers: canopy layer (large fruit trees), understorey (smaller nut and fruit trees), shrubs (berries and large perennials), herbaceous (herbs and plants), rhizosphere (root crops), groundcover (clover and strawberries) and vines (climbing beans, peas etc.).

You don’t have to have all seven layers for the plants to benefit from each other though, as Hannah shows in her garden, where there isn’t room for a canopy. But each plant is still chosen to provide at least three uses in a garden - such as a plum tree providing fruit, food for the bees, plus wind shelter for other plants. 

01:27 | How to plant a food forest

Hannah plants out a three-layer donut-shaped mini forest that can fit into a pot of small courtyard. She plants a lemon tree with warrigal greens in a circle around the base; this will spread down the slope creating a ground cover while providing fresh greens. Inside the warrigal circle she plants Sweet Alyssum flowers to attract pollinators and beneficial insects. The idea is to maximize production while minimising maintenance.

Featured plants:
Greengage plum (Prunus domestica cv.)
Lemon (Citrus cv.)
Warrigal greens (Tetragonia tetragonioides)
Sweet Alyssum (Lobularia maritima cv.)



See the latest content from Gardening Australia as it goes live by hitting subscribe: http://ab.co/GA-subscribe
Watch Gardening Australia on ABC iview: http://iview.abc.net.au/programs/gardening-australia 
 
 
About Gardening Australia: 
Gardening Australia is an ABC TV program providing gardening know-how and inspiration. Presented by Australia's leading horticultural experts, Gardening Australia is a valuable resource to all gardeners through the television program, the magazine, books, DVDs and extensive online content. 
 
Connect with other Gardening Australia fans: 
Like Gardening Australia on Facebook: http://www.facebook.com/gardeningaustralia   
Follow Gardening Australia on Instagram: http://www.instagram.com/gardeningaustralia  
Visit the Gardening Australia website: http://www.abc.net.au/gardening  
 
This is an official Australian Broadcasting Corporation YouTube channel. 
******** 
Contributions may be removed if they violate ABC's Online Conditions of Use http://www.abc.net.au/conditions.htm (Section 3).",2020-10-06T07:00:04Z,35542,https://www.youtube.com/watch?v=PYS3ugXpmsE
fVUIAkzwzls,Urban Gardening E05: Multikulti - Wie die Welt in einem Garten zusammenlebt Doku (2015),,2020-12-30T01:23:32Z,32,https://www.youtube.com/watch?v=fVUIAkzwzls
vwKefhhfccQ,LA Sanitation Urban Gardening Classes,"LASAN is scheduled to host gardening classes on the 3rd Saturday of every month. Each class is held in a different location, focusing on various gardening topics. For more information or to sign up to attend, visit: LACitySan.org 

 #Gardening #FreeClasses #LearnToGarden

Follow LA This Week on our socials:
Subscribe ➔ http://bit.ly/LATWSubscribe
Website ➔ http://bit.ly/LATWWebsite
Facebook ➔ https://www.facebook.com/LACityView35
Twitter ➔ https://twitter.com/lacityview35

About LA This Week:
LA This Week is Channel 35's Emmy award-winning weekly news program that highlights the week's events in City government and throughout Los Angeles.  This half-hour program is designed to bring our vast community closer by keeping us better informed of the activities of our City leaders, and keeping us abreast of time-sensitive events happening in our neighborhoods.",2022-03-22T23:24:13Z,108,https://www.youtube.com/watch?v=vwKefhhfccQ
falpPVWjuiY,TOMATO - MY URBAN GARDENING,,2020-12-12T14:05:22Z,672,https://www.youtube.com/watch?v=falpPVWjuiY
lxBo8K4ECMo,What’s growing in my garden | Urban gardening tour | Studio Vegan| Late June Early July 2022,"EDITOR: N Nicole Boyd 
Location: New York City

We started a garden back in February and in this video I am walking you through what we are currently growing in a graduan as of July what is thriving in a second field I’ll be walking you through actually what we’ve harvested so far and what I made using with what we harvest I know that sounds confusing let me know in the comments what you like to see next and without further ado here is a garden tour￼
 
Vegan RECIPES & Online Store :
Etsy shop: https://www.etsy.com/shop/StudioVegans 
Website https://www.StudioVegans.com
Blog: https://studiovegan969747412.wordpress.com

SUBSCRIBE to Studio Vegan: https://www.youtube.com/user/Theworkout92

Subscribe for more www.YouTube.com/theworkout92

Instagram: https://www.instagram.com/StudioVegan_/

Pintrest: https://www.Pintrest.com/Studiovegan

Facebook: https://www.facebook.com/StudioVegancook",2022-07-03T00:27:10Z,27,https://www.youtube.com/watch?v=lxBo8K4ECMo
MkyOMT2y3bo,Come plant my tomatoes with me ! Urban gardening in NYC #shorts #garden #gardening,,2022-05-11T22:40:01Z,1644,https://www.youtube.com/watch?v=MkyOMT2y3bo
ONAgLllarnw,Seedlings &amp; Grow Light Room Update! | March 2022 Zone 7b (Urban Gardening In NYC),"*Seedlings update March 2022 Zone 7b*

Welcome to my urban garden! My name is Mari and I'm urban gardening in Queens, New York City, Zone 7b. It's been really cold outside and today I'm giving an update on how my indoor seedlings are doing now by the end on March 2022. 

Watch Next:
My indoor Grow Light Set up: https://youtu.be/_Fj8thgaHZ8 
My Story, why I started gardening: https://youtu.be/n5AgwylkWVc
My 2022 Grow List: https://youtu.be/8AZ6WQiTetM
Starting Tomato Seeds: https://youtu.be/4cbF552trOc
Sowing MORE Seeds! Greens, herbs and flowers: https://youtu.be/iJq6LJvf1Ro

Video text Source: Johnny Seeds Website https://www.johnnyseeds.com/flowers/queen-mix-zinnia-seed-4324.html?cgid=flowers#prefn1=prod_feature_use&prefv1=19&src=home_slot-a-slide1_20220331&start=1


Instagram:
https://www.instagram.com/marisgardenandkitchen

 Tag along to watch our garden grow with us. 

2021 Garden Tour Playlist:
https://www.youtube.com/playlist?list=PLHDaYPV0vsszVn2SDKjo5CKHHM_pM9GpG


GreenStalk Planter Discount: https://lddy.no/wndn​  
Use code ""MARISGARDEN"" for $10 off $75+

CAMERA GEAR:

CANON M50 (Creator kit): https://bit.ly/313xiEn​
Tripod: https://bit.ly/390Bady​

#urbangarden #seedlings #marisgardenandkitchen

DISCLAIMER: Links included in this description might be affiliate links. If you purchase a product with the links that I provide I may receive a small commission at NO extra cost to you. When you purchase through this links, you help supporting my channel (and my garden) helping me to continue to create free content!",2022-03-29T20:33:33Z,287,https://www.youtube.com/watch?v=ONAgLllarnw
Px8Ed_9dfas,HOW TO PLANT DRAGON FRUIT | 2 EASY WAY | URBAN GARDENING,"Very easy, di mo na kelangan ng matinding gardening skills.

#dragonfruit #urbangardening #howtoplantdragonfruit",2020-07-05T05:49:30Z,508,https://www.youtube.com/watch?v=Px8Ed_9dfas
ZG8rITUrZf8,Urban Gardening in Central Texas - April 2021 Garden Tour,"Greetings fellow gardeners! This video is a tour of my backyard and front yard garden beds in Austin Texas. I made this video to share my experience of becoming a home owner and urban gardening in central Texas (Zone 8B). I bought my home in Feb 2020, and before then, I wasn't into gardening, but after moving in, gardening has become one of my favorite hobbies!

I'm working with a smaller backyard, and a smaller lot in general. My home is on a 4400 square foot lot, and my backyard is 40'x16' which is 640 square feet. In my backyard, i've built an in-ground bed, where I'm growing peaches, cabbage, cauliflower, celery, strawberries, habaneros, cilantro, and basil. I've also got a circular raised bed that I built with limestone, which contains my larger peach tree, bluebonnets, and cucumber plants.

In my front yard I'm growing wildflowers and an assortment of fruits and vegetables including olives, apples, figs, tomatoes, jalapeños, habaneros, peas, a pineapple, a potted avocado tree, sweet potatoes, green onions, and more things on the way every day.

Gardening in Austin Texas is super fun! Working with smaller urban spaces like mine can be difficult, but its rewarding, and I've had success with all kinds of fruits and veggies.

Video Chapter Timestamps -
0:00​ Intro
2:08​ Backyard Garden Bed
3:15​ Winter Garden Bed Update
5:22​ Growing Strawberries
9:30​ Growing Peaches
13:46 Front Yard Garden

Thanks again for watching Austin Texas Gardening!

#AustinTexas​ #Gardening #GardenTour​ #HowTo​ #BackyardOrchard #Texas​​ #Vegetable​ #Garden​​ #Organic​​ #Gardener #SpringGarden",2021-04-09T19:10:23Z,3442,https://www.youtube.com/watch?v=ZG8rITUrZf8
0hHFgpHgBN8,Balcony Garden Tips - Eggshells | Mumbai | Urban Gardening | Zero Waste | Quick Tips &amp; Hacks,"Here's how you can use your eggshells to fertilise your garden.

Music: As Leaves Fall
Musician: @iksonofficial",2020-05-19T06:01:04Z,580,https://www.youtube.com/watch?v=0hHFgpHgBN8
fh8TJpJYfL4,Easy Urban Gardening | DIY Compost Bin,"I learned how to make a compost bin from simplelivingskills (http://bit.ly/137Y4ao); it's so cheap, easy and - best of all - if you're apartment gardening, you can use it indoors!

Tools & Materials
1. Drill
2. 1/6"" & 3/16"" Drill Bits
3. (3) Identical Bins with (1) Lid
4. Prop for Divider
5. Fruit and Veggie Scraps
6. Carbon-Rich Bedding (Newspaper, Sawdust, Leaves, etc.)
7. Water
8. Redworms",2013-05-04T08:00:57Z,56040,https://www.youtube.com/watch?v=fh8TJpJYfL4
iVZSUWUNyLk,URBAN GARDENING| 2ND HARVEST,I am promoting here my urban garden together with my son harvesting fruits of my plants. Showing you guys that if you really want to do something there are always a lot of ways. Here you can see how i recycled those bottles to become my pots for plants. During the quarantine I decided to plant every seed I see in our kitchen. And also to regrow vegetables that we already consumed. Urban gardening is very easy to do all you need is a dedication and determination to make it right.,2020-07-22T12:48:30Z,256,https://www.youtube.com/watch?v=iVZSUWUNyLk
o1CHuyo-3qU,"Urban Gardening- Different styles, Part-2","Urban gardening is the practice of growing food in city. Urban gardening may also improve the local environment and benefit the community as a social or educational culture 
In this video I have mentioned different types or style of urban gardening 
The introduction of this is given in the previous video  https://youtu.be/_EzoXeOjitQ

=======================
Facebook page: https://www.facebook.com/fahima.faizal.9

Instagram: https://www.instagram.com/fahimafaizal/

Email : fahimafaizal@gmail.com
=========================",2020-01-30T16:07:52Z,554,https://www.youtube.com/watch?v=o1CHuyo-3qU
wRTum3S0k_M,Urban Gardening: Zinnia Flower Plant in a Self-Water Dripping Planter,"Zinnia Flower Plant 
Planter with Water Dripping System
If you liked this video please subscribe here:
 https://www.youtube.com/channel/UC3tq_lxKWEj-1jwhIW6-QNQ?subscribe_confirmation=1
Zinnias are one of the most popular garden plants.

They are the easiest annual plants to grow. Zinnias can be grown anywhere. They prefer to have full sunlight and adequate water.

If you liked this video please subscribe here:
 https://www.youtube.com/channel/UC3tq_lxKWEj-1jwhIW6-QNQ?subscribe_confirmation=1",2020-08-20T12:39:36Z,578,https://www.youtube.com/watch?v=wRTum3S0k_M
RUbW47T0pdc,GROWING LEMONGRASS ANYWHERE -URBAN GARDENING,"It's easy to grow lemongrass anywhere, you just need to know how to take of them.  In this video, I also give you details on how to take care of them regardless of the planting zone you're in; additionally, you'll hear about common uses of lemongrass.
Enjoy!  Please like, share and subscribe.


2HCOMBO",2020-07-01T16:14:25Z,75,https://www.youtube.com/watch?v=RUbW47T0pdc
Br3Y4Cy5mjM,Dr. Chiara Certomà on &quot;Critical Urban Gardening&quot;,"Chiara Certomà's research interests focus on the contemporary evolution of political ecology and critical geography. Recently she has worked on a project investigating the increasingly dominant role of geographical perspectives in the elaboration of post-environmental theory and conducts a PhD course in Environmental Politics at the Sant´Anna School of Advanced Studies (SSSUP), Pisa—where she is a post-doctoral research fellow.

This rcarsoncenter video is licensed by Creative Commons BY-NC-ND Germany 3.0. http://creativecommons.org/licenses/by-nc-nd/3.0/de/deed.en",2014-04-17T11:42:20Z,415,https://www.youtube.com/watch?v=Br3Y4Cy5mjM
X3vOKukOMaM,Dahlias Beginning To Bloom| June Garden Updates| Urban Gardening| June 2022,"Hello Everyone! Today I am taking you on a tour of all the Dahlias we planted this early spring. As we move into the summer phase I wanted to capture how well the Dahlias produce during the season.  I hope you enjoy this video and thank you for joining us on our journey. I hope you find this video helpful and please like, comment and subscribe. Thank you for watching!

Karen and Maya
Email: sustainablychiclife@gmail.com

I purchased all of our seeds and plants from:

Lowes Home Improvement
Durham Garden Center
The Home Depot",2022-06-05T12:13:00Z,43,https://www.youtube.com/watch?v=X3vOKukOMaM
bS9xiyRHZ3g,Noah Explores: Creative Urban Gardening Solutions by Elmich,"Have a little space at home and not sure what to do with it? 

Kimberly, the urban farmer is here to share some creative ideas 💡 on how to play around space to set up your own vertical garden. 

Keep watching to find out more on how to grow an edible garden in the urban jungle we live in.

Shop all products from Elmich: https://www.noahgardencentre.com.sg/collections/elmich",2021-07-09T01:26:22Z,761,https://www.youtube.com/watch?v=bS9xiyRHZ3g
0OdKtLCyHRk,Planting Cool Weather Crops in My GreenStalk Garden | Urban Gardening in New York City | Zone 7b,"Welcome to my urban garden! My name is Mari and I'm gardening in Queens, New York City. Zone 7b. in this video I'm plating cool weather crops for the spring garden! I'll be transplanting brassica seedlings and direct sowing carrots seeds in my GreenStalk garden vertical Planter.

Also, GreenStalk Garden is having a fun SALE for Saint Patrick's Day until the 21st! Everything GREEN in their website is 25% off (Including green vertical planters) and you can stack my code ""MARISGARDEN"" to get an EXTRA $10 off $75+ orders. Click here to shop: https://lddy.no/wndn​

*SALE has ended but you can still use my discount code for $10 off $75+ orders*

Watch Next: 
Starting my first seedlings: https://youtu.be/6qs94ARhRPM
Getting Compost at the Queens Botanical Garden: https://youtu.be/NSLE4WRDcqQ
My 2022 Grow List: https://youtu.be/8AZ6WQiTetM
My indoor Grow Light Set up: https://youtu.be/_Fj8thgaHZ8


2021 Garden Tour Playlist:
https://youtube.com/playlist?list=PLHDaYPV0vsszVn2SDKjo5CKHHM_pM9GpG

Follow me on Instagram: https://www.instagram.com/marisgardenandkitchen/
Join My facebook Group: https://www.facebook.com/groups/496772298156787
Visit My Website: https://www.marisgardenandkitchen.com/ 

//

CAMERA GEAR:

CANON M50 (Creator kit): https://bit.ly/313xiEn​
Tripod: https://bit.ly/390Bady​

#greenstalk #verticalgardening #marisgardenandkitchen

DISCLAIMER: Links and codes included in this description are affiliate links. If you purchase a product with the links/codes that I provide I will receive a small commission at NO extra cost to you. When you purchase through this links, you help supporting my channel (and my garden) helping me to continue creating free content!

Thank you so much for using these links!

GreenStalkGarden,greenstalk garden vertical gardening,cool weather crops,spring planting,greenstalk,greenstalk garden,greenstalk vertical planters,greenstalk saint patricks sale,greenstalk affiliate,greenstalk discount code,Planting cool weather crops in my greenstalk garden,maris garden and kitchen,mari's garden & kitchen,mariana lyra,urban garden,urbangardening,new york city vegetable garden,nyc urban gardening",2022-03-17T14:21:47Z,526,https://www.youtube.com/watch?v=0OdKtLCyHRk
efAi1QCDiyg,Urban Gardening Philippines:  UGM featured on Green Living,"ANC Channel's Green Living featuring urban gardening in the Philippines with guest Urban Gardening Mom Glo de Castro. For more of her urban gardening tips, check out her blog http://www.urbangardeningmom.com/ or Facebook @urbangardeningmom.",2018-09-25T02:39:04Z,7393,https://www.youtube.com/watch?v=efAi1QCDiyg
olUHMKX-YI4,Tomato Pruning and Tips / Urban Gardening,"Urban Gardening / Tomato Pruning and Tips
Organic Gardening",2020-06-26T15:40:11Z,1865,https://www.youtube.com/watch?v=olUHMKX-YI4
CrIZ2Gm5aWI,Sustainable Urban Gardening &amp; Education Workshop - PART 1,"---- PART 1 ----
Tune in to learn about how to create a sustainable garden at home, the importance of gardening education, and how these activities contribute to the health of Biscayne Bay. Featuring expert panelists:

- Jennifer Possley, South Florida Conservation Program Manager at Fairchild Tropical Botanic Garden | the importance of native plants & how you can acquire free ones through the Connect to Protect Program

- Muriel Olivares, Co-Owner of Little River Cooperative | low-waste, chemical-free, urban gardening and Community Supported Agriculture

-Jackie Roth, Project Coordinator at Lotus House Shelter | educating shelter guests about gardening & a tour of the their hydroponic farm

-Rachel Silverstein, Executive Director of Miami Waterkeeper | how this all relates to the recent fish kill and how sustainable gardening & community involvement can help save Biscayne Bay",2020-08-29T01:00:25Z,46,https://www.youtube.com/watch?v=CrIZ2Gm5aWI
47LWrYNGVRs,"Urban Farming, CSAs &amp; Balcony Gardening: Everything You Need To Know","Urban Farming - it’s a growing trend across the globe and we have one right in our Miami backyard! Watch the interview with Little River Cooperative to learn how to source seasonal produce grown just for you, plus tips for growing your own balcony garden.

CSA in Miami: https://Littlerivercooperative.com
Find a CSA near you: http://localharvest.org

FOLLOW US AT:
Facebook: https://www.facebook.com/livealifewellbalanced
Instagram: https://www.instagram.com/livealifewellbalanced
Pinterest: https://www.pinterest.com/livealifewellbalanced
Google+: https://plus.google.com/u/0/b/112661670107144520668/112661670107144520668
YouTube channel: https://www.youtube.com/channel/UCwfT4jcdOuRVa4TjmxOTUeQ",2018-04-03T02:10:12Z,369,https://www.youtube.com/watch?v=47LWrYNGVRs
sY2Bh-EqEp4,ABUNDANT HARVEST#URBAN GARDENING#ORGANIC VEGETABLE#ORGANIC LIFE 101#SHORT,Short 2021 harvest GULAY from our backyard,2021-12-10T02:20:11Z,187,https://www.youtube.com/watch?v=sY2Bh-EqEp4
cMncYfI9tMo,Urban gardening - Sprinkler irrigation - Apple HomeKit - Automation system,"A Video about Urban gardening and an Automation Sprinkler irrigation system using Apple HomeKit. Micro Garden in the middle of the city.

Timestamps:
00:00 Intro
00:46 The Garden Split
01:03 Planting Pots
01:19 How to collect water from the Rain Pipe
02:32 Jet Pump to run the Sprinkler system
03:22 Water irrigation Control with Apple Automation and HomeKit
04:15 Automation at iPhone Apple HomeKit
05:26 Water Pipes and Vents for Sprinkler System
07:17 Sprinkler System in the Pots
08:22 Running Sprinkler System
09:05 Price for a self-made Irrigation System
09:20 Improve gardening: Insect Hotel
10:03 Improve gardening: Bird nests
10:23 Garden Shrines
10:44 Worm farm for compost and worm tea
11:37 Plants for urban gardening
15:13 Outro

------------------------------------------------------------------------------------------------------------
You will find more amazing Spearfishing Content on my German/English BLOG➡️
www.harpune.info

Searching for Spearfishing SPOTS/TUTORIALS? You will find my amazing Spearfishing Spot Maps on➡️
http://www.harpune.info/spearfishing-maps-guide/

Follow me on FACEBOOK➡️
https://www.facebook.com/German.Spearfishing.Channel.2018/

Become a PATREON➡️
https://www.patreon.com/germanspearfishingchannel/

SPEARGUN:
Good long one: https://amzn.to/2CB3i6F
Good medium long one: https://amzn.to/33zggxw
Fish reel: https://amzn.to/32z4jXj

DIVE GEAR:
THE BEST MASK OF ALL TIME: https://amzn.to/2qFKgJA
Freediving Snorkel: https://amzn.to/2Q43ovw
Good affordable Fins: https://amzn.to/2Q8YqNS
Good Proffessional Fins: https://amzn.to/33F5MwD
Get better at spearfishing: https://amzn.to/2rzsLLv
Best dive Torch: https://amzn.to/2NB1gtq
Warm water socks: https://amzn.to/34LgWjw
Cold water socks: https://amzn.to/2X5RPp5
Spearfishing Wetsuit: https://amzn.to/36QXELH

Amazing dive knife: https://amzn.to/2NBTgs2
Skinning knife: https://amzn.to/2O0Wcxx
Filleting knife: https://amzn.to/2q4yQit

TRAVEL
Sportube travel with speargun: https://amzn.to/36TKeOW
Travel bag cheap: https://amzn.to/36Zz5fF
Perfect Dry Bag: https://amzn.to/374aM02

CAMERA GEAR:
Camera for POV underwater: https://amzn.to/2NDRbvZ
Action Cam mounting set: https://amzn.to/374cZsm
Selfie pole waterproof: https://amzn.to/2pa1P4b
Drone I’m using: https://amzn.to/2rrNQHx
Safe your files: https://amzn.to/2Kb2Wrn
Camera light: https://amzn.to/2QaSwMm

The links above are affiliate links, meaning Amazon will kick a small percentage back to me if you buy something through the link! 
It doesn't cost you anything but helps me in a good way to keep making videos for you.

Greetings Chris",2021-04-28T18:36:15Z,392,https://www.youtube.com/watch?v=cMncYfI9tMo
3FhVIrQniNw,Stadtoase Leipzig - Urban Gardening im Großstadt-Dschungel,"Wo liegen jene grünen Oasen der Betonwüsten, an die sich die Städter in ihrer Freizeit zurückziehen? Welche Plätze suchen sie auf, zum Durchatmen, zum Energie auftanken und um einfach mal die Seele baumeln zu lassen?

Die fünfteilige Reihe entdeckt die heimlichen Grünen Lungen der Stadt, in denen sich Natur und Mensch gemeinsam die Wildnis zurückerobert haben. Eigene, kleine Paradise, die sich die Städter selbst gestalten können, in denen gegraben, angebaut und ausprobiert wird. Ob brachliegende Grundstücke oder Hinterhöfe - überall in der Stadt lassen sich Orte finden, die einen Hauch von Urlaub in sich tragen und dem Stadtmenschen ein Stück Natur und Freiheit wiederschenken.

Wir machen einen Streifzug durch vier Metropolen Europas und reisen nach Detroit in den USA. Dabei lernen wir jene Orte kennen, die für die Städter meist mehr sind als einfache Gärten: Die Stadtoase ist Treffpunkt und Ruhepol, kreativer Raum und Arbeitsplatz - und oft auch der Lebensmittelpunkt der Stadtgärtner. Diese Oasen zeigen wir in Abgrenzung zum umliegenden ""Moloch Stadt"": Natur- und Tieraufnahmen verdeutlichen die Vielfältigkeit der Fauna, die hier im Verborgenen ruht.

Die Beziehungen der Menschen innerhalb der Stadtgärten von London, Budapest, Paris, Leipzig und Detroit stellen die innere Dramaturgie der Reihe her und kennzeichnen die Lebendigkeit der Stadtoase. Eine echte ""Entdeckungs""- Reise.

Leipzig hat sich zu einer der beliebtesten Städte der Deutschen entwickelt. Vor allem der Westen der Stadt zieht seit einigen Jahren Studenten, Künstler und junge Familien an. Aus diesem bunten Mix an Menschen besteht auch die Gartengemeinschaft ""Annalinde"", die seit 2011 eine ehemalige Brache in Plagwitz nutzt, um sich ein wenig Landidylle in die Stadt zu holen.

Von April bis Oktober ist Saison im Garten! Dann braucht es viele freiwillige Hände und zuverlässige Helfer, damit die Hochbeete bepflanzt, gepflegt und gegossen werden, damit der Kaffeewagen immer frischen Kuchen für Besucher bereithält und beim ""Dinner im Garten"" auch mal über 80 Gäste problemlos bekocht und bewirtet werden können.

Trotzdem bleibt der gut eingespielten Annalinde-Mannschaft immer noch genug Zeit und Energie, um eigene Projekte zu verwirklichen. Ob es darum geht, Pilze im Keller zu züchten wie Kunststudent Martin, die größten Tomaten Leipzigs zu ziehen wie Gärtner Phillip oder ausgefallene Naturkosmetika herzustellen, woran die weiblichen Mitglieder der Kräuter-AG regelmäßig tüfteln, bei Annalinde gibt es dafür den Raum, die Unterstützung und die Ideen!


Das gemeinsame Experimentieren, Arbeiten und Genießen steht bei der Leipziger Gartengemeinschaft im Fokus! (Quelle: MDR)




Doku Deutsch Neu









Tags: urbane Landwirtschaft Park Selbstversorger Oase essen Obst Gemüse Pflanzen Garten Bio vegan Eiweiß Amino omnivor Fitness Gesundheit Krankheit Paleo Niko Rittenau Raw Future Diät Body-Building Doping Hormone Markus Rühl fett Muskeln Bizeps Training Rep One Team-Andro Arnold Schwarzenegger Terminator Ralf Möller ernährt sich vegan Ernährung Hantel Eisen BBQ Grillen Fleisch",2021-04-11T16:34:00Z,1215,https://www.youtube.com/watch?v=3FhVIrQniNw
0OAfqrZP-JU,URBAN GARDENING HACKS/ Recycled Materials /Growing in small spaces,"Hello everyone! 
Lately, I am fond of gardening at home and I used empty plastic bottles and cup noodles as a plant pot. I usually do this during Saturday and Sunday. I feel happiness in creating my mini garden and at the same time I am helping the environment as well. 
Having a strenuous work on weekdays, while planting or gardening so happened to be my stress reliever. Now that all of my plants are growing so well. And that, making me feel fulfilling. 
LOVE THE EARTH 
What do you think about it? Let me know in the comments  
Comment, like and subscribe! 
===========================
 CLICK LINKS FOR DISCOUNTS! 
AIRBNB: (Php1,600 off) https://www.airbnb.com/c/melissab56227?currency=PHP 
SHOPBACK: (Php100 Welcome Bonus) https://app.shopback.com/phl?raf=bqmTHD 
============================ 
S T A Y C O N N E C T E D !
INSTAGRAM: https://www.instagram.com/lovemei_b/ 
FB: Melash Suello Binayas 
EMAIL: melissab14344@gmail.com 
============================ 
Thank you guys for watching! 
See you on my next video 
#urban gardening
#urban gardening using plastic bottles
#urban gardening for beginners
#gardeningtips
#gardening
#gardenideas
#gardeners
#diy
#do it your
#do it yourself
#bottle garden
#cup noodle nissin
#recycled materials using plastic bottles easy
#recycled materials
#vegetablescutting
#diy ideas
#diy ideas for home
#urban living
#importance of preserving nature
#preserving natural resources",2020-08-08T17:09:37Z,912,https://www.youtube.com/watch?v=0OAfqrZP-JU
2UPpnElQZok,Hydroponics/Aquaponics/Urban Gardening  Beginner&#39;s Journey,The New Generation of Gardening  - Aquaponics/Hydroponics and Urban Gardening.  Tiny Tim  Dwarf Tomato and Snack Cucumber  growing in DWC and Under the Growlight. A tour to my Terrace Garden.,2021-08-18T17:05:03Z,1009,https://www.youtube.com/watch?v=2UPpnElQZok
HZP1aX3dhDw,Seeds of the Soil Houston Tx Urban Gardening,Urban Gardening Seeds of the Soil,2018-12-29T02:10:32Z,1829,https://www.youtube.com/watch?v=HZP1aX3dhDw
a_Mbb8YIx5I,Nematode Disease- Tomato Plants in Southwest Florida Urban Gardening,I heard from a local gardener once that Florida soil had nematodes which normally infects the root system of the plants.  I experienced this with my tomato plants.  They all look wrinkly as if something is sucking the life out of them.  Please comment below if you know a way to combat this problem.,2019-06-02T12:47:10Z,106,https://www.youtube.com/watch?v=a_Mbb8YIx5I
vKl2gvwd_z8,Creating Our Pumpkin Patch| Propagating Limelight Hydrangeas| Urban Gardening| May 2022,"Hello Everyone! This week we had several storms come through and rip through our sunflower wall area, although we lost quite a few sunflowers all was not lost. I like how Ron Finley says that there are no mistakes just lessons and I decided to turn this into something positive by planting our pumpkins in the area that was originally for the sunflowers.  I am thankful that our planting season is long so that I have enough time to change things up a bit.  I hope you enjoy this video and thank you for joining us on our journey. I hope you find this video helpful and please like, comment and subscribe. Thank you for watching!

Karen and Maya
Email: sustainablychiclife@gmail.com

I purchased all of our seeds and plants from:

Lowes Home Improvement
Durham Garden Center
The Home Depot",2022-05-29T15:34:01Z,12,https://www.youtube.com/watch?v=vKl2gvwd_z8
x8KYbK8M9bA,HOW TO INDUCE DRAGON FRUIT TO FLOWER | EASY FRUITING TIPS,"INDUCE BUDS ON DRAGON FRUIT PLANT | SIMPLE TIPS
 I always tip my dragon fruit when they get to a good length. The idea is to allow the branch to thicken up instead of putting the energy into length of growth, as the energy stored in the thickened branch is eventually used to support flowers and ultimately fruit. 

Early summer is a good time to start tipping your spring growth and let it fatten up. The main idea is to tip at least a month before flowering is due to start. Too early and you will get a lot of new plant growth, so don't tip your plants in mid Spring.

REGULAR FERTILIZATION: It is very important to fertilize your 
mature plants once in 30 to 45 days. Between march and September continue to fertilize your plants with manure /
compost and ferrous sulphate or magnesium sulphate (also known as Epsom salt)

TIPPING TIME: IN INDIA-AUGUST TO OCT
REST OF THE WORLD -SUMMER TO FALL

BUY F1 INPORTED WINTER SEASON FLOWER SEEDS
SELLER DETAILS: ROHIT-9818174630(ONLY WHATSAPP)",2021-09-01T08:02:53Z,356436,https://www.youtube.com/watch?v=x8KYbK8M9bA
tZH7tkpMT9o,Palram Urban Gardening Plant Inn Franch,Palram Urban Gardening Plant Inn FR,2015-07-26T00:59:02Z,2800,https://www.youtube.com/watch?v=tZH7tkpMT9o
ohHj9hUd9dY,"FULL Garden Tour + HARVEST! | WEEK FIVE | 2021 {Urban Gardening in Queens, NYC. Zone 7b}","I'll be doing this garden tours weekly through the growing season. Tag along if you want to see the progress of my garden and the challenges that I face having an urban garden in New York City. 


Full Garden Tour Week Four: https://www.youtube.com/watch?v=mPNjXpJKdnM&t=557s
Full Garden Tour Week Three: https://www.youtube.com/watch?v=wnocQf-Y7OY
Full Garden Tour Week two: https://www.youtube.com/watch?v=fDC3t5gqUiA&t=2s
FIRST Full garden Tour (Week One) https://youtu.be/bKAguhjM3v4​

Assembling my Original 5 tier Vertical Planter (GreenStalk): https://www.youtube.com/watch?v=_biGw...​ 

My first video garden video: https://www.youtube.com/watch?v=9soCj...​ 

GreenStalk Plater Discount: https://lddy.no/wndn​  
Use code MARISGARDEN for $10 off your order 

CAMERA GEAR:

CANON M50 (Creator kit): https://bit.ly/313xiEn​
Tripod: https://bit.ly/390Bady​

Instagram: https://www.instagram.com/marisgardenandkitchen/​

#urbangardentour #urbangardening #marisgardenandkitchen

DISCLAIMER: Links included in this description might be affiliate links. If you purchase a product or service with the links that I provide I may receive a small commission at no additional charge to you. Thank you for purchasing through this links and supporting my channel so I can continue creating free content!",2021-05-16T18:07:45Z,207,https://www.youtube.com/watch?v=ohHj9hUd9dY
xDw-RCleGNo,Imagevideo Serwandars Urban Gardening,"Wir beschreiben, was wir unter Serwandars Urban Gardening verstehen - Vertical Farming, Gemeinschaftsgärten, Großstadtbauern.
Mehr Infos auf:
https://serwandarsurbangardening.wordpress.com/",2021-03-31T15:20:45Z,22,https://www.youtube.com/watch?v=xDw-RCleGNo
dKd_f-FoT10,How to Grow Lotus Plant at Home | MICRO/BOWL VARIETY | FULL UPDATES,"GROW MICRO/BOWL LOTUS AT HOME | GROW LOTUS IN SMALL POTS
BUY LOTUS ONLINE: SELLER DETAILS
KKAUSHIK-8697010697 (WhatsApp only)
MONALISHA-9749170893 (WhatsApp only)

SOME GROWING TIPS:
1. Always plant you lotus tuber outdoors. they need 5-7 hours of direct sun for healthy growth. Lotus that are started indoors often become weak and die.
2. Lotus tubers should be planted in summer n rainy season, if possible. This allows the lotus enough growth and strength to make it through the winter. 
3. Never fertilize your lotus until you have aerial leaves growing up, out of the water. Fertilizing too early will kill your lotus.
4. Check your lotus throughout the summer to make sure there is always water above the soil.
5. Fertilizing is necessary for prolific blooms. Wail until you have some aerial leaves sticking out of the water before applying fertilizer for the first time. Once your lotus is established, you can fertilize every three weeks during the growing/blooming season with the regular dosage of fertilizer, for healthy growth and continuous bloom
6. When deadheading or removing spent blooms or damaged leaves, always cut the stems above the water level, if you cut the stem beneath the water level, it will drown your plant, as lotus stems are hollow.

GROWING TIME: SUMMER AND RAINY SEASON",2021-09-27T07:11:28Z,212198,https://www.youtube.com/watch?v=dKd_f-FoT10
NShCj2yaOhI,Plenty Farms - Urban Gardening,"No more seasons,  no more inconsistent produce, no more waste, 100% organic - No pesticides, no herbicides, no fungicides. 100% predictability. Minimal transportation and storage. Automated, and with use of Artificial Intelligence for production and climate control.   True ""Garden to Mouth"" Technology.",2018-09-12T15:30:11Z,421,https://www.youtube.com/watch?v=NShCj2yaOhI
OtQ6j2com0w,&#39;Stay Home&#39; | Gardening | Urban Gardening | Growing Vegetables in Flower Pot Plants in Small Spaces,"'Stay Home"" | Container Gardening | Urban Gardening | Growing Vegetables in Flower Pot Plants in Small Spaces

 If this Video has helped you and you would like to donate to my Channel please use the links below..

Cash App: cash.me/$chefp2
PayPal Direct:  https://www.paypal.com  (Send To Containercrops@gmail.com)
Patreon:  https://www.patreon.com/chefandmore
Amazon Wish List: https://www.amazon.com/hz/wishlist/ls/22US3UK2L2K4D

Thank you for stopping by and joining me as I go on my journey of growing in small spaces.

You don't need acres or a large yard to enjoy sustainable living by growing your own fruits and veggies.
Just about anything that can be grown in the ground can also be grown in a container.

Container gardens are perfect for decks, patios, small yards, kitchen counters and window sills.
Creativity is key in Container Gardening.

Let's raise our crops together.

For recipes and food Ideas from your gardens visit:

Youtube.com/c/chefandmore

Business Email:
containercrops@gmail.com

Mailing Address:

Container Crops
c/o Chef Pam
P.O. Box 561882
Charlotte, NC 28213

#ContainerCrops #GrowingInSmallSpaces #ChefAndMore #CropToKitchen #crops2kitchen **DISCLAIMER** 
Links included in this description might be affiliate links. As an Amazon Associate I earn from qualifying purchases.  If you purchase a product or service with the links that I provide I may receive a small commission. There is no additional charge to you! Thank you for supporting Chef and More as we can continue to provide you with great content!",2020-04-08T22:30:09Z,160,https://www.youtube.com/watch?v=OtQ6j2com0w
B5cNLyxJclQ,Urban Gardening: Grow Potatoes on your Balcony,"Growing your own food plants in containers on your patio or balcony is easy and rewarding. Potatoes are one of the first you can plant in spring. Discover how to plant and care for your potted potatoes and why you should use certified seed potatoes.

Welcome to RBG at Home, our commitment to offering accessible, diverse and entertaining learning opportunities for all ages.

MORE: https://www.rbg.ca/athome

--------------------------------------------------------
SUPPORT ONLINE LEARNING:
RBG is supporting children’s education during this difficult time by offering our new RBG at Home content which includes materials for students, teachers, families and lifelong learners.

Donate today to help us create and deliver quality educational content that helps parents, children and teachers keep in touch with nature during this unprecedented time.
https://www.rbg.ca/athome-donate

--------------------------------------------------------
Royal Botanical Gardens is made up of four distinct formal gardens contained within 1,100 hectares of nature reserve, across the municipalities of Hamilton and Burlington Ontario. See all our garden areas and start planning your visit at https://www.rbg.ca/gardensandtrails

--------------------------------------------------------
Like us on Facebook: https://www.facebook.com/RoyalBotanicalGardens
Follow us on Instagram: https://www.instagram.com/rbgcanada/
Follow us on Twitter: https://twitter.com/RBGCanada",2020-04-17T19:32:38Z,2462,https://www.youtube.com/watch?v=B5cNLyxJclQ
AD4uqlcCYL0,planting out SUMMER VEGETABLES | backyard No Dig urban gardening | slow living silent vlog,"🌱Between chilly spring nights, covering and uncovering, I’ve been planting out summer vegetables. Spacing can always be a challenge, but there are a few things that I do to make the most out of small backyard No Dig gardening. In this slow living silent vlog, I share what has been going on in backyard No Dig urban garden that is now full of summer vegetables.

{ Vegetables, Fruits & Flowers currently growing in balcony garden & no dig backyard garden }
Broad beans: Broad Windsor
Snap peas: Sugar Ann, Sugar Snap
Garlic: Moroccan Creole
Black berry: Sweetie Pie
Strawberry: Honeoye
Tatsoi: NA *BOLTED
Kohlrabi: Early purple Vienna
Beets: Detroit dark red, Cylindra, Bulls blood, Chioggia, Golden Detroit
Carrots: Longue rouge sang, New Kuroda
Radish: Champion, White icicle
Daikon radish: Minowase *BOLTED
Kale: Dino, Russian red *BOLTED
Onion: Yellow of Parma, White sweet Spanish
Cabbage: Premium flat Dutch
Lettuce: Tom Thumb, Flower, Buttercrunch, Paris island cos romaine, Black seeded Simpson
Chinese Broccoli: NA
Celery: Utah tall, Chinese celery
Spinach: Bloomsdale long standing
Chard: NA
Chinese Cabbage: Chirimen Hakusai *BOLTED
Chinese chive: NA
Tomato: Barry’s crazy cherry, Pt. Pierre, Momotaro, House(started from store-bought tomatoes last year)
Pepper: California wonder, Shishito
Eggplant: Early long purple, Mitoyo, Mizu no takumi
Squash: Honeynut
Zucchini: Golden glory hybrid, Black beauty
Bitter melon: House(started from home-saved seeds)
Beans: Blue lake, Landreth
Corn: Stowell’s evergreen, Glass gem
Scallion: Evergreen
Sunflower: Strawberry blonde
Marigold: Kililmanjaro white
Peony: Sarah Bernhardt, Felix Crousse
Snapdragon: NA
Bachelor’s button: NA
Cosmos: Sea shells
Poppy: Shirley double, Flemish antique, Frosted salmon, Mother of pearl
Aster: King size apricot, Salmon Janina
Herbs: Broad leaf Sage, Italian Oregano, Peppermint, Common Thyme, Lemon balm, chamomile, Basil

From kiko

::::::::::::::::::::::::::::::::::::::::::::::::::::::::::::::::::::::::::::::::::::::

|| Music ||

1. A place beyond belief by SLPSTRM
https://artlist.io

2. Self portrait by SLPSTRM
https://artlist.io

::::::::::::::::::::::::::::::::::::::::::::::::::::::::::::::::::::::::::::::::::::::

#plantingoutsummervegetables #nodiggarden #slowlivingsilentvlog",2021-06-05T12:05:35Z,1478,https://www.youtube.com/watch?v=AD4uqlcCYL0
HnMTptwzvHA,This couple created an abundance of appetising aquaponics | Urban Farming | Gardening Australia,"Jerry heads to Buderim to pick up some fish and chips, and finds out about how the shop owner has started an aquaponic farm 15 minutes away to provide fresh, healthy and affordable vegetables to the average punter through the meals at his shop.

See the latest content from Gardening Australia as it goes live by hitting subscribe: http://ab.co/GA-subscribe

Aquaponics is loosely defined as a soil-less system for growing plants, where the nutrients are supplied by fish excreta. “The fish do their business, it’s cycled into the grow bed and the bacteria use the fish fertiliser and break it down. Then the plants use it up (cleaning the water for the fish), and the water is cycled back to the fish. Everything works”. The fish are used only for their fertilising ability, not fried and served.

“I studied as an engineer and I have a passion for farming. I built a little system at home and had it for two years. I can see how amazing it is”.
That small trial has now led to a 500sqm fully fledged aquaponic farm, a mere 15 minutes drive from the restaurant. Nattapon is ensured a supply of fresh veg year-round, and food miles are now food minutes. 

Nattapon’s system uses native jade perch to provide the nutrients. For Nattapon, relying on fish to provide the fertiliser was a natural, self-sustaining way to build his system; “you mimic the whole ecosystem”. While he doesn’t serve the perch up to customers, “I have eaten them. Good eating fish full of omega 3 oil. Our biggest fish is about 700g and they can grow up to 3-4 kilo”.
He has 3 different growing techniques, each suited to different types of crops. Leafy greens and salads are grown on rafts in floating beds, where their roots are permanently submerged in the nutrient rich water. Heavy feeders like tomatoes are grown in gravel, where their thicker roots can gain more of a foothold. Nattapon says root vegetables (like radishes) don’t perform well in the gravel, so he’s trialling growing them in a pure sand mix, irrigated with the same water. “It’s easier for the roots to move out of the way”.

Nattapon is continually testing and tweaking to improve the output of his farm and get more veg on his customers plates. Through the year he’s been trialling over 20 varieties of lettuce, to see which ones perform best in the system. He’s narrowed it down to 4 top contenders, but is waiting to see how they perform over summer to endorse a candidate. He’s also trialling a variety of Thai pumpkin, “it’s much better flavour than the Japanese pumpkin you’re normally getting. It’s more sweet and the texture is more dense, it’s not all soft when you cook them, so you’ve got a texture. I’m a chef so looking for taste but also texture”.

There’s also a resident flock of chooks, to “recycle the kitchen waste and vegetable scraps”. The resulting eggs are used back in the kitchen. “We want it to be 100% sustainable”.

""The word rak means love in Thai, that's why we named this operation Farm Rak, farm of love, because that's where we start”. ""We care for the environment, we love our customer, we want to feed them the fresh food and make it affordable.”

Nattapon’s commitment to serving fresh and healthy food is inspiring, and starts at his farm. He shows that food growing isn’t always best left to big commercial growers, and taking responsibility for the quality of the produce he’s serving is having tasty results.

Watch Gardening Australia on ABC iview: http://iview.abc.net.au/programs/gardening-australia 
 

 
About Gardening Australia: 
Gardening Australia is an ABC TV program providing gardening know-how and inspiration. Presented by Australia's leading horticultural experts, Gardening Australia is a valuable resource to all gardeners through the television program, the magazine, books, DVDs and extensive online content. 
 
Connect with other Gardening Australia fans: 
Like Gardening Australia on Facebook: http://www.facebook.com/gardeningaustralia   
Follow Gardening Australia on Instagram: http://www.instagram.com/gardeningaustralia  
Visit the Gardening Australia website: http://www.abc.net.au/gardening  
 
This is an official Australian Broadcasting Corporation YouTube channel. 
******** 
Contributions may be removed if they violate ABC's Online Conditions of Use http://www.abc.net.au/conditions.htm (Section 3).",2021-03-16T08:30:00Z,57304,https://www.youtube.com/watch?v=HnMTptwzvHA
voRmRnrq0jU,Planting Seeds | Urban Gardening #NYC #theBronx,"Like promised I want to take you guys on this journey of my first run at urban gardening on my NYC balcony! I hope you guys enjoy the video and any questions feel free to ask down below! 

Find me on Instagram
www.instagram.com/kissenia

Music by frumhere - several nightcaps later - https://thmatc.co/?l=E41A7D11",2021-06-02T12:00:22Z,76,https://www.youtube.com/watch?v=voRmRnrq0jU
OxPjNLKcjRw,Raised bed garden update in Las Vegas | Urban gardening | GreenMangoes,"Spring of 2019 I started my raised bed garden with Basil, Chili Peppers, Jalapeno, Red Russian Kale, Asparagus, Lettuce, Spinach, Sweet 100 Cherry Tomato, Solar fire tomato, Okra, Thai white eggplants and this is a video to update on the progress.",2019-06-15T07:31:21Z,2379,https://www.youtube.com/watch?v=OxPjNLKcjRw
s9kyh81rBSI,HYDROPONICS URBAN GARDENING,"#hydroponics #urbangardening #aprilaguilos
Grow your own food! 
Small or no space at all is not an excuse to have your own garden.
This is a trial and error project using the hydroponic technique.",2020-09-19T08:19:11Z,127,https://www.youtube.com/watch?v=s9kyh81rBSI
bCt5l6Sp4xs,Harvesting dinner from my NYC urban garden #shorts,,2022-06-12T15:19:47Z,2696,https://www.youtube.com/watch?v=bCt5l6Sp4xs
5LxxkcY-II0,Urban gardening what I’m growing in 2022 | ZONE 6a | City gardening #shorts #urbangardening,"EDITOR: N Nicole Boyd 
Location: New York City

Full Recipe : 
https://www.etsy.com/listing/1089031034/vegan-apple-cider-donut-recipe-donut?ref=shop_home_active_4

RECIPES & Online Store :
Etsy shop: https://www.etsy.com/shop/StudioVegans 
Website https://www.StudioVegans.com

SUBSCRIBE to Studio Vegan: https://www.youtube.com/user/Theworkout92

Subscribe for more #StudioVegan
Instagram: https://www.instagram.com/StudioVegan_/
Pintrest: https://www.Pintrest.com/Studiovegan
Facebook: https://www.facebook.com/StudioVegans/",2022-01-14T02:23:38Z,609,https://www.youtube.com/watch?v=5LxxkcY-II0
I0HUIi3YOSA,Episode 2: Urban Gardening - Slow Food Negros Community Food Talks,"Slow Food Negros Community Food Talks Episode 2: Urban Gardening

2nd episode of Slow Food Negros Community Food Talks as part of the Terra Madre 2020 and the Kain na! Slow Food Slow Travel.

Dra Anabel Villanueva-Salacata a retired infectious disease doctor, a Natural Farmer and owner of Twenty Six Herb Garden, an urban natural farm and restaurant promoting slow food and traditional negrense dishes, will talk about Urban Farming.

This event is in partnership with Slow Food Negros Community, Department of Tourism Region 6, AFEDI and Province of Negros Occidental.",2020-11-07T10:00:11Z,145,https://www.youtube.com/watch?v=I0HUIi3YOSA
yN5ozNUtiGE,Incredible Small Urban Garden Harvest / Relaxing Early July Garden harvest and beautiful flowers,"In this video, I am harvesting garlic, strawberries, raspberries, loganberries, cherries, and tomatoes around my small space UK urban backyard garden. I am also sharing the beautiful flowers that are blooming around my garden in Early July 2022.

Garden essentials 👇

🔹️Compost bin https://amzn.to/373oXH5
🔹️Retractable garden hose https://amzn.to/3Ckzj0L
🔹️Potting mix/compost https://amzn.to/3GxK2pS
🔹️Seed starting trays https://amzn.to/3MqPwX4
🔹️Pump pressure sprayer https://amzn.to/3sI7GLK
🔹️Compost thermometer https://amzn.to/36Vwjfz
🔹️Fabric raised beds https://amzn.to/372VmO0
🔹️5-tier strawberry & herb planter https://amzn.to/3pCtJ4K
🔹️Full spectrum LED grow light https://amzn.to/3MmuvN1
🔹️Greenworks lawn mower https://amzn.to/35vjPef
🔹️2-tier mini greenhouse https://amzn.to/3pBrVsy
🔹️mini cloche greenhouse https://amzn.to/3pBFIQd
🔹️Garden dump cart https://amzn.to/3HNZzSw
🔹️Felco pruners https://amzn.to/3CkSPdx

Related Videos 👇
Growing Rudbeckia plants from seeds to flowers https://youtu.be/A9XHctqrPfQ
Digging up and storing spring-flowering bulbs https://youtu.be/rEWsqoptbxo
Growing Dahlias from seeds to flowers https://youtu.be/8nkDBM37Tbk
Growing snapdragons from seeds https://youtu.be/Y48WjpaN5q8
Growing marigolds https://youtu.be/hctaYE-420Y

Please subscribe to my channel to stay updated about all my videos. I garden in zone 8 (UK) and regularly post my gardening vlogs.
Subscribe here: https://www.youtube.com/c/GardeningWise

Help us buy seeds and soil by becoming a member and enjoy special perks: 
https://www.youtube.com/channel/UCEuG4_n9obC5KlxWO_I5iEA/join

Contact Us:
mahaata13@gmail.com
♦️Facebook  https://www.facebook.com/gardeningwise
♦️Instagram  https://www.instagram.com/gardeningwise/

Support us: 
Gardening Wise is now an amazon associate. Let's shop on Amazon via the link below and Gardening wise will get a little commission at no extra cost to you. Please support Gardening Wise so we can provide you with an even better gardening experience.
♦️ USA shop https://www.amazon.com/shop/gardeningwise
♦️ UK shop https://amzn.to/3p4GsNE
♦️ Amazon prime free trial https://amzn.to/3hxsjUR
♦️ Audible free trial https://amzn.to/3vCVT3o
♦️ Kindle unlimited https://amzn.to/3vClQjB
♦️ Amazon family free trial https://amzn.to/34b7TxP

Check out my recent book review 
https://forums.onlinebookclub.org/viewtopic.php?f=21&t=240453",2022-07-07T16:00:42Z,172,https://www.youtube.com/watch?v=yN5ozNUtiGE
R80lvrwVres,"Very crispy and delicious to eat, easy to grow on the terrace or balcony","Very crispy and delicious to eat, very easy to grow on the terrace or balcony.
The tree gives fruit continuously, harvested for a long time.

This is how I mix the soil to grow vegetables at home
https://youtu.be/TZozsisfpmE
Hope useful for you.
Thank for your watching and don't forget subscribe my channel ❤

#green_bean #gardening #terrace #balcony",2022-01-03T12:01:08Z,2572577,https://www.youtube.com/watch?v=R80lvrwVres
qJ4bLvQHGkI,BACKYARD GARDEN / Urban Gardening in Canada,,2019-06-25T15:29:11Z,253,https://www.youtube.com/watch?v=qJ4bLvQHGkI
dPAWnMMYMQU,Videorekorder Folge 5: Urban Gardening,"Ein Einzelner kann eine Menge tun, um seine Umgebung zu verbessern. Davon handelt die Geschichte von Philip Munyasia. Aufgewachsen unter ärmsten Bedingungen in einem Slum in Kitale (Kenia) als jüngster von acht Brüdern, erhielt er als einziger die Chance auf eine Ausbildung. Er nutzte sein Privileg, um die Lebensbedingungen in seinem Township zu verbessern. Mit der 2008 gegründeten Selbsthilfeinitiative OTEPIC hat er Tausenden von Kleinbauern, Frauen und Jugendlichen gezeigt, wie sie ihre Nahrung auf auf kleinstem Raum anbauen können, wie sie Regenwasser ernten und mit Solarenergie kochen können, wie sie die ursprünglichen Wälder wieder aufforsten, Stammeskonflikte beilegen und mit Saatgut, Wasser, Kompost, Energie und miteinander nachhaltig umgehen können. Nun entsteht ein Öko-Friedensdorf als Modell und Schule für Nachhaltigkeit. 

Video: I AM HERE",2016-06-03T10:10:31Z,297,https://www.youtube.com/watch?v=dPAWnMMYMQU
6-Iv8h7Mh1c,"Take advantage of the fence, grow extremely lush vegetables to provide for the family","Take advantage of the fence, grow extremely lush vegetables to provide for the family
This is how I mix the soil to grow vegetables at home
https://youtu.be/TZozsisfpmE
Hope useful for you.
Thank for your watching and don't forget subscribe my channel ❤

#vegetables #growing",2022-04-12T11:26:07Z,1172122,https://www.youtube.com/watch?v=6-Iv8h7Mh1c
6tlPhMEjkvc,Basics of Urban Gardening | Small Space Living,"Learn how to create your own garden in a small space!

https://miracaza.com/ 

Follow our IG: @Miracazallc",2022-01-19T22:40:39Z,333,https://www.youtube.com/watch?v=6tlPhMEjkvc
OHMddaZxr-I,AGRISTORYAHAY sa ATI Webinar Series on Urban Gardening Episode 1,,2020-05-08T07:28:08Z,808,https://www.youtube.com/watch?v=OHMddaZxr-I
SSMrM3hsvWc,Paano Magtanim ng Petchay sa Self Watering Container,"Complete Guide sa pagtatanim ng PETCHAY
Paano Magtanim ng Petchay sa Self Watering Container
Day 1 to Harvest

Paano gumawa ng Epektibong Garden Soil
https://youtu.be/XWTIWIlr2f0

Paano Magtanim ng KAMATIS
https://youtu.be/OldrAt_jIs4

Paano Magtanim ng SILI sa Bote ng Softdrinks
https://youtu.be/XluDAbVOKvU

PAano Magtanim ng TALONG sa Plastic Container
https://youtu.be/sWukr_cXPso

Paano magtanim ng KANGKONG sa Bote ng Softdrinks
https://youtu.be/2i3mBIpvlZc

Paano magtanim ng MUSTASA sa Bote ng Sofdrinks
https://youtu.be/XUAPVk-LRks

Paano Gumawa ng Fish Amino acid
https://youtu.be/F5vaIqzil0w

Paano gumawa ng CALPHOS
https://youtu.be/S1UY5lsBJzc

#PinoyUrbanGardener #Petchay",2021-02-13T11:01:58Z,1286278,https://www.youtube.com/watch?v=SSMrM3hsvWc
EE6vLlR7ZpE,Old Tires Urban Gardening,♻ Recycling old tires and making it container garden. Not for kid's,2020-01-19T14:15:21Z,550,https://www.youtube.com/watch?v=EE6vLlR7ZpE
gqAAryaXKYQ,My Mini Farm | Urban Gardening | Pure Organic,"#minifarm
#organic
#gardening
#shortvideo",2022-06-18T02:06:17Z,110,https://www.youtube.com/watch?v=gqAAryaXKYQ
BeVDL9wWE7Y,Planting Green Beans In Fabric Raised Garden Beds | Container Gardening | Urban Gardening,"We are expanding our garden using more fabric raised garden beds.  They are basically 200 gallon grow bags.  We have to fill the new ones and amend the old ones and then we planted our green beans.  We are excited to get the garden planting started.

We purchased seeds from several suppliers this year for our green beans.  I will link the different suppliers below.  The three types of green beans I am growing this year are all bush type beans. First are the topcrop green beans that are an old heirloom.  The second are the royal burgundy beans and finally, are the purple teepee beans.

Urban Farmer Topcrop beans:
https://www.ufseeds.com/product/topcrop-bean-seeds/BETO.html

Hoss Tools Royal Burgundy beans:
https://hosstools.com/product/royal-burgundy-bean/

Baker Creek Purple Teepee beans:
https://www.rareseeds.com/store/vegetables/green-beans/purple-teepee-bean



__________________________________________
Connect with Shayla on Instagram and Facebook:

Instagram: http://instagram.com/shaylaledoux
Facebook:  http://www.facebook.com/makinglemonadefromlemon

_________________________________________
Ways to support the channel:

If you shop on Amazon, consider using my affiliate link at no extra cost to youAmazon Affiliate Link: https://amzn.to/2uPdVSY

Amazon Wishlist https://www.amazon.com/hz/wishlist/ls/3QV3T1TYZ1WPA/ref=nav_wishlist_lists_1?_encoding=UTF8&type=wishlist

Teespring https://teespring.com/stores/making-lemonade-from-lemons

PayPal: https://www.paypal.me/ShaylaLeDoux

Music Sourced from Epidemic Sound",2021-04-27T01:15:27Z,193,https://www.youtube.com/watch?v=BeVDL9wWE7Y
w2SavJK6UBg,The REAL Cost of Seed Starting 💸 | Urban Gardening | Central Texas Zone 8b,"Clamp Lights - https://amzn.to/2W4SGdh
Day Light Bulbs - https://amzn.to/2Tt9vxA
Seed Starting Trays - https://amzn.to/3hPXqMi
LED Strip Lights - https://amzn.to/3zo1KbB
Outlet Timer - https://amzn.to/2V54CeE
Fox Farm Potting Mix - https://amzn.to/3rmbL6i

My Favorite Places to Buy Seeds: 
Botanical Interests - https://www.botanicalinterests.com/
Baker Creek Seeds - https://www.rareseeds.com/
Eden Brothers - https://www.edenbrothers.com/
Southern Exposure Seed Exchange - https://www.southernexposure.com/

Follow along on IG - @seedtoplatechannel_
Shoot me an email - seedtoplatechannel@gmail.com

IF YOU WOULD LIKE TO SUPPORT MY CHANNEL 
🌱 SUBSCRIBE!
🍅 LEAVE ME A COMMENT BELOW!
👍🏻 GIVE THIS VIDEO A THUMBS UP!
🥰 SHARE WITH A FRIEND!
THANK YOU FOR THE CONTINUOUS SUPPORT!",2021-07-22T10:30:18Z,242,https://www.youtube.com/watch?v=w2SavJK6UBg
4N1WQo-aL2s,Pelargonium care: Best tips on growing geranium at home | Urban gardening,"Subscribe to Fabiosa Best Lifehacks to make sure you never miss a new video ➡ https://bit.ly/2TkAOGP
Looking for pelargonium, a.k.a. geranium, care tips 🤔? We’ve got you covered! In this video by Fabiosa, we’ll teach you gardening basics on geranium care 🌸 so you can enjoy its beautiful blooms more often. You’ll learn how to plant geraniums, how to water geraniums 💧, how to grow geraniums from cuttings, and how to care for geraniums in pots.
Our DIY life hacks and garden tips are very simple so they are suitable even for beginners 😉. Don’t forget to subscribe to our channel for more urban gardening hacks 🌱, planting ideas, and other useful things.

00:00 - Pelargonium care basics 🌸
00:36 - How to repot a pelargonium
01:39 - How to treat geranium diseases
02:20 - How to prune geranium plant to help it bloom

#fabiosa #fabiosa creator #mrs fabiosa 

Watch 👀 more:
How to make 
➡https://www.youtube.com/watch?v=PvflAsxv89A&list=PLoMahPizhReGrRpRnP3G3EbtK6-3NhY-Q 
Lifehacks 
➡https://www.youtube.com/watch?v=UKb_dpDlzco&list=PLoMahPizhReFupqO-dTfamQs1McXNXbuL 
Recipes
➡https://www.youtube.com/watch?v=2PYdIVlss2s&list=PLoMahPizhReHeZpbMfEfGtUmhJ0mUkxyk 
Beauty
➡https://www.youtube.com/watch?v=WUlOBnIfSq0&list=PLoMahPizhReF8LbHCUJyNtkmSwta3yYJ2 
Planting hacks at home
➡https://www.youtube.com/watch?v=5QPDj9Okg-4&list=PLoMahPizhReEoVRFN8AVusOB2957hFpmH 
Clothing hacks
➡https://www.youtube.com/watch?v=UKb_dpDlzco&list=PLoMahPizhReFupqO-dTfamQs1McXNXbuL
-------------------------------------------------------------------------------------------------
Pelargonium care: Best tips on growing geranium at home | Urban gardening

If you love DIY life hacks ✂ and enjoy making things with your own hands ✋, this channel is for you! We are constantly testing and trying out “do it yourself” tricks and home hacks to make the life of our viewers easier and more fun 😉.
We have travel hacks ✈, food hacks, DIY crafts, beauty tutorials 💆‍♀, clothing hacks, homemade recipes 🍰, girls hacks, and so much more. Easy life hacks are something we are very good at and we want to teach you everything we know 🤓.
So if you want to find out how to make things you’d usually spend loads of money on 💸, how to organize your space and decorate it like a pro 😎 and how to create crafts your friends will be jealous of 😏, then join our family and subscribe to our channel.

Music 🎵: The Wesley Cousins Band - Split Down The Middle (Instrumental Version)

 #pelargonium #planting #lifehacks

Thank you for watching Fabiosa. We care about your opinion so please give us your feedback in the comments and let us know how you got on with our tips and tricks. We work to make your life easier 💕!",2020-09-23T12:00:00Z,1578,https://www.youtube.com/watch?v=4N1WQo-aL2s
IICN5FE7bsY,Working in The Garden in The Winter | Urban Gardening in New York City |Mari&#39;s Garden &amp; Kitchen VLOG,"Welcome to my urban garden! My name is Mari and I'm gardening in Queens, New York City. I garden in a front yard rental and a plot garden and I'm planting mostly vegetables and a few flowers. Tag along to watch our garden grow with us. 

Garden Tour Playlist:
https://www.youtube.com/playlist?list=PLHDaYPV0vsszVn2SDKjo5CKHHM_pM9GpG

This Season Last Garden Tour:
https://www.youtube.com/watch?v=_5N6c_3KilU

November Garden Tour:
https://www.youtube.com/watch?v=OgkHjwU2PRE&t=500s

Plating Peas as Cover Crop //October Garden Tour:
https://www.youtube.com/watch?v=qnB_wfV41UU&t=15s

Gardening Playlist:
https://www.youtube.com/playlist?list=PLHDaYPV0vsswZCVCZaYwUJ1WUmPPniPoA

Instagram:
https://www.instagram.com/marisgardenandkitchen

GreenStalk Planter Discount: https://lddy.no/wndn​  
Use code ""MARISGARDEN"" for $10 off your order (Code can be combined with sales)

CAMERA GEAR:

CANON M50 (Creator kit): https://bit.ly/313xiEn​
Tripod: https://bit.ly/390Bady​

#urbangarden #newyorkcityvegetablegarden #marisgardenandkitchen

DISCLAIMER: Links included in this description might be affiliate links. If you purchase a product with the links that I provide I may receive a small commission at no extra cost to you. When you purchase through this links, you help supporting my channel (and my garden) to help me to continue to create free content!",2021-12-20T16:36:16Z,274,https://www.youtube.com/watch?v=IICN5FE7bsY
uulyfox3dKY,Cherish urban gardening 2021,,2022-04-01T15:28:44Z,189,https://www.youtube.com/watch?v=uulyfox3dKY
rbbZsUPH5D8,pandemic time urban gardening - Pechay planting &amp; harvesting tips,"at the start of the pandemic, we converted our plain garden of frog grass to an edible garden.. urban gardening became a fad and it really helped not only in limiting our groceru trips for veggies but more importantly it helped us cope the mental stress brought about by the pandemic...

Please do leave a comment on what activities or hobbies you started to keep your sanity when covid19 pandemic came.. we'd love to hear about them!


click also the link to see our mulching hyperlapse:

https://youtube.com/shorts/fdAj9vNIp0Q?feature=share",2022-02-08T15:43:43Z,67,https://www.youtube.com/watch?v=rbbZsUPH5D8
__vZTUFTunM,Danny Boome&#39;s Morning Glory - Sarah Copeland &amp; Urban Gardening,"Join Danny as he learns from Sarah all about urban gardening!

Morning Glory - cause everyone likes a bit of cock-a-doodle-doo in the morning!
http://www.dannyboome.tv
http://www.ustream.tv/channel/danny-boome-s-morning-glory",2010-03-20T18:38:13Z,1443,https://www.youtube.com/watch?v=__vZTUFTunM
lqHIVwpj3-4,Urban Gardening/Balcony Garden/Home Garden,"Hi friends , welcome back to Ananda veedu tamil channel. In this video I am going to share 🥰🥰🥰 Urban Gardening tactics!

Don't forget to like comment and subscribe😊😊😊

____________________________________

chopper - 

https://www.amazon.in/dp/B07P6XL1M3/ref=cm_sw_r_cp_apa_glt_fabc_0PVEY46CS09E3N4YK6Y1?_encoding=UTF8&psc=1


Pulse drainer -
 https://www.amazon.in/dp/B08JLPZ1DJ/ref=cm_sw_r_wa_apa_glt_fabc_WSJG7FTFT030SZ85CTS7 

oil lid -
 https://www.amazon.in/dp/B07CKQSR8K/ref=cm_sw_r_wa_apa_glt_fabc_BHDS6WCWV6MAMBVGWN0K
____________________________________
my videos:-

sofa and dining table makeover -
https://youtu.be/tD1VX8jnEQM

chopper review-
https://youtu.be/IAAohQlRQHw

bathroom apliances -https://youtu.be/Oe1GwYDr-kI

Sabja seed benifits
https://youtu.be/2p6U7GRM8nc

4 amazing tips and utensils
https://youtu.be/AdZoF8wO05w

Amla pickle 
https://youtu.be/1ASLzkqvOQw

Budget friendly gas stove review
https://youtu.be/TDKLjVBoVUA

Kovakkai varuval
https://youtu.be/wPeCUVHK9Ck

Valaipoo chutney
https://youtu.be/sndZZZmfhBk

Tomato chutney
https://youtu.be/5p7sawgCKBs

How to remove sofa cover
https://youtu.be/3aCAnK2D0DM

Badam milk
https://youtu.be/gPPeOlJc22I

Bannana cake
 https://youtu.be/4gA1vySOzcA

One minute chutney
https://youtu.be/60MmmDE1ZoY

Semiya upma
https://youtu.be/bfCLn4RsyV4

Mullangi chutney 
https://youtu.be/NJdYgUe2DIg

Coconut milk
https://youtu.be/_KJt6mvTDVY

Homemade mask
https://youtu.be/GFMS6XANXaU

Easy pop up card
https://youtu.be/JKlszAcST1k

Rasam powder
https://youtu.be/xbDOY_aXRP8



Tags: (ignore)
#homegarden #balconygarden #smallgarden #garden #veggies #gardenveggies #veggies #diy #homegardenveggies #urbangardening
#balconygarden #balconygarden #gardenup #5minutecrafts #easyhomegardening #apartmentgarden #smallspacegarden",2021-05-29T16:34:07Z,1150,https://www.youtube.com/watch?v=lqHIVwpj3-4
Ej2DjbNL7aw,FREE E-LEARNING Module | ATI | URBAN GARDENING | Minimal-Impact Living | Philippines,"Hi Rzbitsers!

How ya doing?:) I hope you are all safe. I heard many people want to start their own urban garden! I was able to read from the module. ""Living in the city is not a hindrance in their desire to grow crops"".

I'm actually lucky that my Dad likes gardening even before. I am happy that this coincides with my pursuit of minimal- impact living. Well, I am still a newbie at this so there is still a lot to learn. With that being said, let's try this offer of Agriculture Training Institute to help us with the basics:)))!Their module is brief and concise:)I will walk you through.

Happy gardening!

Lv, 
Rz
(PS.BTW, this is my first time to do a laptop screen recording.haha.ASTIG!)",2020-04-17T21:54:22Z,747,https://www.youtube.com/watch?v=Ej2DjbNL7aw
eCPCwWo-xWY,"Growing Beetroot on the terrace provides family, easy for beginners","Growing Beetroot on the terrace provides family, easy for beginners
This is how I mix the soil to grow vegetables at home
https://youtu.be/TZozsisfpmE
Hope useful for you.
Thank for your watching and don't forget subscribe my channel ❤

#Growing #Beetroot #Terrace",2022-02-28T10:55:15Z,136336,https://www.youtube.com/watch?v=eCPCwWo-xWY
oBHwcBBVCkk,Early Gardening Lessons Learned This Spring| Raised Bed Urban Gardening| Springtime May 2022,"Hello Everyone! Today I am walking you through all of the lessons I have learned from our garden so far this Spring. I like how Ron Finley says that there are no mistakes just lessons and I have had my fair share this planting period.  I am thankful that our planting season is long so that I have enough time to make corrections.  I hope you enjoy this video and thank you for joining us on our journey. I hope you find this video helpful and please like, comment and subscribe. Thank you for watching!

Karen and Maya
Email: sustainablychiclife@gmail.com

I purchased all of our seeds and plants from:

Lowes Home Improvement
Durham Garden Center
The Home Depot",2022-05-01T15:11:28Z,40,https://www.youtube.com/watch?v=oBHwcBBVCkk
teMZD_rXDIk,It&#39;s time to take some of these peas out | Urban Garden VLOG,"Welcome to my urban garden! My name is Mari, gardening in Queens, New York City. Zone 7b. 

I hope you enjoy this little morning gardening vlog. Please let me know if you would like to see more videos like this. 

Peas mentioned in the video: https://www.rareseeds.com/golden-sweet-snow-pea

Instagram: https://www.instagram.com/marisgardenandkitchen
Website: https://www.marisgardenandkitchen.com/
Join my facebook group: https://www.facebook.com/groups/496772298156787

My 2022 Grow List: https://youtu.be/8AZ6WQiTetM
Why I started Gardening: https://youtu.be/n5AgwylkWVc

2022 Garden Tour Playlist: https://youtube.com/playlist?list=PLHDaYPV0vssxoMpysedn-ONqGRprlEMDB

Gardening Playlist: https://www.youtube.com/playlist?list=PLHDaYPV0vsswZCVCZaYwUJ1WUmPPniPoA
Cooking Playlist: https://www.youtube.com/playlist?list=PLHDaYPV0vsswAKBLjzmZQDnMpw56BnjRe

GreenStalk Planter Discount: https://lddy.no/wndn​  
Use code ""MARISGARDEN"" for $10 off $75+ order 

//

#marisgardenandkitchen

DISCLAIMER: Links included in this description might be affiliate links. If you purchase a product with the links that I provide I may receive a small commission at NO extra cost to you. When you purchase through this links, you help supporting my channel (and my garden) helping me to continue to create free content!",2022-06-08T18:01:24Z,332,https://www.youtube.com/watch?v=teMZD_rXDIk
ec7er_h2hHw,Urban Gardening,You can have a great garden if you focus on quality of space and not quantity of space.  We visit a local landscape architect to get some ideas for using your space more efficently,2010-03-25T23:54:41Z,3428,https://www.youtube.com/watch?v=ec7er_h2hHw
F1N9WKFk2d4,Container Garden 2  |  Urban Gardening,"A few clips of this year's garden

Philadelphia, Summer 2019

More detailed previous gardening video: 
https://youtu.be/YDv8TEqO_Ac

""We come from the Earth, we return to the Earth, and in between we garden""

♡
♡
♡

-nrb

https://www.instagram.com/myinneroasis/

♡",2020-04-24T19:32:35Z,2109,https://www.youtube.com/watch?v=F1N9WKFk2d4
fuPccuC388E,Urban Gardening : Best Practices in Urban Gardening | Agribusiness Philippines,"Urban Gardening: Best Practices in Urban Gardening brought to you by Agribusiness Philippines

Having a vegetable and flower farm is the best way to start up an urban garden as source of food consumption. Know how to produce an alternative food source. Learn how to come up with your own garden using recyclable materials and self-produced compost. Get all these tips with the help of Mr. David Balilla. 

Agribusiness How It Works Philippines. Agriculture and Agribusiness opportunities for the Overseas Filipino Worker (OFW) and their families. Instruct. Inspire. Succeed.",2014-05-20T12:33:24Z,255906,https://www.youtube.com/watch?v=fuPccuC388E
1eUJ7ST1R2o,How To Grow Flower Seeds Fast (With Update),"HOW TO GROW/START FLOWER SEEDS IN POT...FAST N EASY 
//FOR WINTER FLOWER N VEGETABLE QUALITY SEEDS (90-95% 
GERMINATION RATE) CONTACT Mr. ROHIT ( WHATSAPP NO. 
9818174630) FLOWER SEEDS RS-30/PACK VEGETABLE SEEDS -20 
RS/PACK + shipping extra (delivery only in India)//

Daizz's tips:-Growing flowers from seed can be a difficult task for beginning gardeners. Seeds and seedlings are delicate, and the wrong conditions can ruin them fairly easily. In order to achieve the best results, plant your seeds indoors into a small, sterile container using professionally packaged potting soil. Follow the instructions on the back of your seed packet and provide plenty of light and water to your growing seedlings. Once the flowers have developed strong enough roots, transplant them into your garden.

Thank you for watching and please give me a Like and I would love you to SUBSCRIBE for regular updates and take a look at my other Videos...thank u..:)

MUSIC:-

Music provided by Frequency Track: Arc North - Meant To Be (feat. Krista Marina) Link: https://youtu.be/kSmMOsJmkfs

Buddha by Kontekst https://soundcloud.com/kontekstmusic
Creative Commons — Attribution 3.0 Unported— CC BY 3.0 
http://creativecommons.org/licenses/b...
Music provided by Audio Library https://youtu.be/b6jK2t3lcRs",2017-09-22T10:17:38Z,1467223,https://www.youtube.com/watch?v=1eUJ7ST1R2o
MBkfJFnlWkc,How To Grow Marigold From Seeds (With Full Updates),"GROW MARIGOLD FROM SEEDS EASILY AT HOME
SEED TO FLOWER FULL INFORMATION WITH UPDATES
(Buy good quality seeds from my seed seller his whats app no. is 9818174630)
DAIZZ'S TIP:-While you can buy marigold plants at your local garden nursery, you can also grow your own marigold seeds into plants much more cheaply.
Start with a tray or pot filled with damp soil less potting mix. Sprinkle the marigold seeds over the potting mix. Cover the seeds with a thin layer of same potting mix. Place the tray in a warm spot.seeds will start to germinate after 4-5 days. for more information watch full video..:) 

MUSIC:
Music provided by Frequency Track: Arc North - Meant To Be (feat. Krista Marina) Link: https://youtu.be/kSmMOsJmkfs

https://www.youtube.com/watch?v=qVX1QYtMjAk&index=3&list=PLrRVQ9K_8q5QFHikXYxFlvLT1krD1d9vx
The Wilhelm Scream (Kygo Remix) | No Copyright
• Music Master
Twitter: https://twitter.com/Musicmasterpm
Tumblr: http://musicmasterpm.tumblr.com/

• kygo
Soundcloud: https://soundcloud.com/kygo
Facebook: https://www.facebook.com/kygoofficial
Twitter: https://twitter.com/KygoMusic",2018-11-10T08:04:09Z,1885072,https://www.youtube.com/watch?v=MBkfJFnlWkc
Aw1G4TAaE9I,AGRISTORYAHAY sa ATI Webinar Series on Urban Gardening Episode 5,,2020-07-01T09:34:44Z,511,https://www.youtube.com/watch?v=Aw1G4TAaE9I
PqhTSk_rx3k,How to grow fruit flat out | Urban Farming | Gardening Australia,"With less room in modern gardens, many gardeners are looking for ways to save space but still grow plants, especially food plants. 

One solution Josh uses is to grow fruit trees espaliered against a number of fences at his house. The trees are planted close to the fence and pruned into a two-dimensional ‘flat’ shape along the fenceline, with side branches trained along horizontal supports.

00:31 | Josh adds a new peach tree to his garden to show how it’s done.

What you need:
A fruit tree (see below) 
A garden bed against a sunny wall or fence
Trellising on the wall or fence - Josh has installed metal poles but you can use heavy-gauge wire or timber.
Compost
Fertiliser
Stakes 

What you do:
Choose a tree that will suit your location; Josh has chosen a Peach ‘Flordagold’, which is a low-chill variety, meaning it doesn’t need many hours at low temperatures to produce fruit, so it is suitable for Perth’s warm, Mediterranean climate. 

If you have a choice of trees, look for a suitable shape. Josh’s young tree has a good strong leader branch (upright) and two strong side branches that will form the basis of the first tier of trellising. He prunes off the smaller branches underneath, removing any young fruit and rubbing off any shooting buds from the main trunk. 

Prepare the space: Josh has cleared a 1.5-2m section of the border below a north-facing fence and digs a hole the same depth as the pot and twice as wide. 

Check the rootball to make sure the roots aren’t girdled or potbound - if they are, it’s good to trim these back. 

Position the tree so that the side branches will easily be trained against the fence, then backfill the hole. Josh uses a mixture of the existing soil combined with compost.  Top dress with fertiliser - Josh sprinkles on a handful of pelletised chicken manure and rock minerals - and water the plant in well. Josh uses diluted seaweed solution to help reduce transplant shock.

It’s a good idea to start training your branches into shape while they are still young and flexible. To do this, Josh creates a cross-shaped support with two stakes behind a central, upright stake, binds them together then loosely ties the respective branches to each stake. As they grow, they can later be attached to the trellising, which is higher along Josh’s fenceline. However, they could be tied directly to horizontal trellising if it’s available. 

Featured plant:
Peach ‘Flordagold’ (Prunus persica cv.)


See the latest content from Gardening Australia as it goes live by hitting subscribe: http://ab.co/GA-subscribe
Watch Gardening Australia on ABC iview: http://iview.abc.net.au/programs/gardening-australia 
 

 
About Gardening Australia: 
Gardening Australia is an ABC TV program providing gardening know-how and inspiration. Presented by Australia's leading horticultural experts, Gardening Australia is a valuable resource to all gardeners through the television program, the magazine, books, DVDs and extensive online content. 
 
Connect with other Gardening Australia fans: 
Like Gardening Australia on Facebook: http://www.facebook.com/gardeningaustralia   
Follow Gardening Australia on Instagram: http://www.instagram.com/gardeningaustralia  
Visit the Gardening Australia website: http://www.abc.net.au/gardening  
 
This is an official Australian Broadcasting Corporation YouTube channel. 
******** 
Contributions may be removed if they violate ABC's Online Conditions of Use http://www.abc.net.au/conditions.htm (Section 3).",2020-09-29T08:00:03Z,28567,https://www.youtube.com/watch?v=PqhTSk_rx3k
QUH1_myP3ck,Paano Magtanim ng AMPALAYA sa Container #PinoyUrbanGardener #AMPALAYA,"Complete Guide sa pagtatanim ng AMPALAYA


OKRA
https://youtu.be/xHFtM8uf0AI

LETTUCE
https://youtu.be/STA9RP8G9zs

Compost Fertilizer
https://youtu.be/F4AicGPEmL8

PAMPARAMI NG MGA BULAKLAK AT BUNGA
https://youtu.be/YBT9lvrr2S0

Paano gumawa ng Epektibong Garden Soil
https://youtu.be/XWTIWIlr2f0

Paano Magtanim ng Petchay
https://youtu.be/SSMrM3hsvWc

Paano Magtanim ng KAMATIS
https://youtu.be/OldrAt_jIs4

Paano Magtanim ng SILI sa Bote ng Softdrinks
https://youtu.be/XluDAbVOKvU

PAano Magtanim ng TALONG sa Plastic Container
https://youtu.be/sWukr_cXPso

Paano magtanim ng KANGKONG sa Bote ng Softdrinks
https://youtu.be/2i3mBIpvlZc

Paano magtanim ng MUSTASA sa Bote ng Sofdrinks
https://youtu.be/XUAPVk-LRks

Paano Gumawa ng Fish Amino acid
https://youtu.be/F5vaIqzil0w

Paano gumawa ng CALPHOS
https://youtu.be/S1UY5lsBJzc

#PinoyUrbanGardener #AMPALAYA",2021-09-28T11:53:30Z,119848,https://www.youtube.com/watch?v=QUH1_myP3ck
BcWOXhy0XbM,Urban Gardening,"Nicholas Garcia, garden manager at The Westside Local, shows us how the urban gardening trend can help restaurants serve quality, fresh food.",2012-08-14T22:36:59Z,297,https://www.youtube.com/watch?v=BcWOXhy0XbM
Z-Q3TDMHa6E,Swiss Chard. Harvest. Canning. Urban gardening.  Raised bed. Preserving.,"greenhouse, brassicas ,cabbage, collards, spring garden, urban garden, city garden, zone 7 b, container gardening, balcony garden, seed starting, dollar tree pots, green house, urban gardening, urban gardener, February garden, zone 7,  self sufficiency, prepping, homesteading ,tomatoes, urban gardening, beginner gardener, first garden, first time garden, apartment garden, small garden, vegetable garden, cheap garden supplies, garden tips, first time gardener tips, starting spring garden, food preservation, canning, dehydrating, pressure canning.",2021-05-19T13:54:05Z,682,https://www.youtube.com/watch?v=Z-Q3TDMHa6E
FrR73iwEgYg,Urban Gardening Project,"The Garden Project not only focuses on teaching students the process of urban gardening, we are also invested in building deep rooted relationships with each other and the love God has for his creation, including you and I!

For more information about Urban Impact, check out our website at https://www.uifpgh.org/home.",2020-07-29T13:26:41Z,467,https://www.youtube.com/watch?v=FrR73iwEgYg
g3lGBmfnBtQ,Complete balcony garden tour/Urban gardening ideas /Smart gardening in small spaces,"Please like share n subscribe to my paradise garden 👍🔔👌
Happy gardening friends🌱❤🌱

#balconygardentour#gardenoverview
#urbangardening#balconyjungle
#Budgetgardening
#gardeninginsmallspaces
#balconygardenlandscapingideas
#gardenflowers
#perennialplants
#bestplantsforbalconygarden
#Paradiseathomegardening",2021-08-06T13:53:24Z,1838,https://www.youtube.com/watch?v=g3lGBmfnBtQ
I2Ns_r4z7I4,Indoor Urban Gardening || Qach Lifestyle &amp; Garden (Part 2),"Watch the Part 2 of Steph's adventure at Qach Lifestyle and Garden!

WATCH IN HD!

For more Philstar TV videos, please visit: http://philstartv.com/

For more updates on your favorite PhilStar TV shows, please like: https://www.facebook.com/philstarTV/
https://www.facebook.com/ModernLivingTV/",2019-04-04T05:32:45Z,3926,https://www.youtube.com/watch?v=I2Ns_r4z7I4
re6m_iI5UhE,Urban Gardening,"Come and visit our new garden 

#newgarden
#urbangardening
#vegetable",2020-07-25T11:56:24Z,824,https://www.youtube.com/watch?v=re6m_iI5UhE
ldKvQEXbNEs,"Growing Corn on the balcony for big corn, extremely easy for everyone","Growing Corn on the balcony for big corn, extremely easy for everyone
This is how I mix the soil to grow vegetables at home
https://youtu.be/TZozsisfpmE
Hope useful for you.
Thank for your watching and don't forget subscribe my channel ❤

#growing #corn #balcony",2022-07-12T10:24:16Z,3493,https://www.youtube.com/watch?v=ldKvQEXbNEs
WAkjbt6ydRE,Dave Kennedy: Urban Gardening,"Experienced gardener Dave Kennedy takes a tour of his urban garden in Invercargill, New Zealand.",2021-03-26T11:00:09Z,80,https://www.youtube.com/watch?v=WAkjbt6ydRE
7LHmBDBAE0g,Amending Raised Bed Soil and Planting First Seedlings | Urban Gardening in New York City,"Welcome to my urban garden! My name is Mari and I'm gardening in Queens, New York City. Zone 7b. And today I'm amending my raised beds with local NYC compost and planting my first seedlings! Spring is just around the corner and I'm very excited for this garden season.

Give me a follow on Instagram!
https://www.instagram.com/marisgardenandkitchen

Watch Next: 
Starting my first seedlings: https://youtu.be/6qs94ARhRPM
Getting Compost at the Queens Botanical Garden: https://youtu.be/NSLE4WRDcqQ
My 2022 Grow List: https://youtu.be/8AZ6WQiTetM
My indoor Grow Light Set up: https://youtu.be/_Fj8thgaHZ8


2021 Garden Tour Playlist:
https://www.youtube.com/playlist?list=PLHDaYPV0vsszVn2SDKjo5CKHHM_pM9GpG


GreenStalk Planter Discount: 
Use code ""MARISGARDEN"" for $10 off $75+
https://lddy.no/wndn​  

CAMERA GEAR:

CANON M50 (Creator kit): https://bit.ly/313xiEn​
Tripod: https://bit.ly/390Bady​

#urbangardening #springgarden #marisgardenandkitchen

DISCLAIMER: Links included in this description might be affiliate links. If you purchase a product with the links that I provide I may receive a small commission at NO extra cost to you. When you purchase through this links, you help supporting my channel (and my garden) helping me to continue to create free content!",2022-03-16T20:00:01Z,275,https://www.youtube.com/watch?v=7LHmBDBAE0g
Joyqo3OwH2s,"🌵 8 Best Soil Mixes for Succulents in the Philippines (The Urban Gardening Shop, Ramgo, and More)","🌵 8 Best Soil Mixes for Succulents in the Philippines (The Urban Gardening Shop, Ramgo, and More) | Lemongrass. Here are our editor picks:

00:00 Introduction

00:39 #1 - Cactus and Succulents Soil-Less Potting Mix The Urban Gardening Shop (From ₱40)
🛍️ Shopee: https://toplistt.com/cZih
🛍️ Lazada: https://toplistt.com/cg7k

01:18 #2 - Soil-less Cactus Mix Ramgo (From ₱130)
🛍️ Shopee: https://toplistt.com/SXAM
🛍️ Lazada: https://toplistt.com/fvUh

01:54 #3 - Soilless Potting Mix with Pumice Aditha's Farm Supply (From ₱32)
🛍️ Shopee: https://toplistt.com/ginj

02:34 #4 - Cultured Soil Plus for Cactus and Succulents Plant Culture PH (From ₱145)
🛍️ Shopee: https://toplistt.com/xuZB

 03:14 #5 - Cactus and Succulents Soil Mix DNA Garden Supplies (From ₱37)
🛍️ Shopee: https://toplistt.com/7Xzk
🛍️ Lazada: https://toplistt.com/Bmdg

03:54 #6 - 5-in-1 Cactus & Succulent Soil-less Potting Mix Pot Daddy Ph (From ₱50)
🛍️ Shopee: https://toplistt.com/L9R2
🛍️ Lazada: https://toplistt.com/P5nx

04:35 #7 - Cactus and Succulent Soil-Less Mix Masitera (From ₱50)
🛍️ Shopee: https://toplistt.com/6V7K
🛍️ Lazada: https://toplistt.com/yaXL

05:10 #8 - Cactus & Succulent Soil Mix Home Blooms (From ₱45)
🛍️ Shopee: https://toplistt.com/GQRi

05:52 Ending

------------------------------
Thanks for watching!
LIKE & SUBSCRIBE if you love the channel and follow our latest reviews https://www.youtube.com/channel/UC_blA7XPoyp13ZYKFgVws4w?sub_confirmation=1

#SoilMixesforSucculents #SoilMixesforSucculentsReview #Lemongrass
------------------------------

Not everyone can have a green thumb. That's why people often buy plants that can survive in dry indoor environments. Succulents are one of those plants that are easy to nurture if you know how to properly take care of them. With succulents, it all starts with finding the best soil mix.
Your succulents' soil is one of the first things you need to check for it to thrive. However, buying the best soil mix can be difficult. This is why we have created a buying guide that you can consult to help you out. We've also prepared a top 10 list of our best soil mix recommendations to point you in the right direction. Check it out below!

------------------------------
DISCLAIMER:

Portions of footage found in this video are not original content produced by Lemongrass. Portions of stock footage of products were gathered from multiple sources including, manufactures, respected creators and various other sources.

""All claims, guarantees and product specifications are provided by the manufacturer or vendor. Lemongrass cannot be held responsible for these claims, guarantees or specifications""

Disclosure: Links are affiliate links to products. I may receive a small commission for purchases made through these links.",2022-01-28T21:00:12Z,98,https://www.youtube.com/watch?v=Joyqo3OwH2s
rfnTlgcycC0,"Growing Potatoes at home, very easy and many tubers, growing potatoes on the terrace","Growing Potatoes at home, very easy and many tubers, growing potatoes on the terrace
This is how I mix the soil to grow vegetables at home
https://youtu.be/TZozsisfpmE
Hope useful for you.
Thank for your watching and don't forget subscribe my channel ❤",2022-03-08T11:14:08Z,486036,https://www.youtube.com/watch?v=rfnTlgcycC0
77b3rpYjvRQ,Urban Gardening 101: Planting 101 Seed Starting thru Direct Sowing (Episode 8),"You can start your seeds by directly sowing them in a pot. Urban Gardening Mom shows you how.

#UrbanGardeningMom
#UrbanGardeningMomPH
#UrbanGardeningMomTV
#TheUrbanGardeningShop
#UrbanGardeningNews
#GrowYourOwnFood",2020-01-04T03:08:12Z,393,https://www.youtube.com/watch?v=77b3rpYjvRQ
OcK05ZFVgHQ,URBAN GARDENING,,2021-02-27T15:11:44Z,368,https://www.youtube.com/watch?v=OcK05ZFVgHQ
YK97csGP1VM,Kilimo Na Biashara | Urban Farming,#KilimoNaBiashara,2021-03-19T17:26:25Z,5418,https://www.youtube.com/watch?v=YK97csGP1VM
D7BBABRDdpU,Organics&#39; best urban gardening. Using sack  farming and vertical farming  methods.,"The lack of land in the cities makes farming difficult yet there is high demand for vegetables because of the high population. Most vegetables in the market contain o lot of chemicals since farming money, they harvest and sell their vegetable after spraying pesticides on them. It is therefore very important to cultivate your vegetables at home, which helps to save money and reduced the chemical residue level we consume in our body. Vertical farming and sacking farming are easy to do and they require less space. 

Join the lovely family by subscribing, liking, and commenting. 


Credit
Songs from Youtube audio 
 GAYO 
Isigeria Farms 


For more information; inquiries
For further questions, send me a message on Instagram 
@Akentuna Evelyn 



Also, ask your questions in the comment section.

E - M A I L  A D D R E S S
Inquiries, contact me via email:
akentunaevelyn97@gmail.com 




#urbanfarming 
#Sackfarming 
#verticalfarming 
#farming  
#agribusiness",2022-06-14T12:08:23Z,188,https://www.youtube.com/watch?v=D7BBABRDdpU
4cbF552trOc,Starting Tomato Seeds (On my birthday!) | Urban Gardening in New York City,"Welcome to my urban garden! My name is Mari and I'm Gardening in Queens, New York City (Zone 7b). Today I'm starting my tomato seeds indoors to get ready for the 2022 growing season!

Instagram:
https://www.instagram.com/marisgardenandkitchen
Johnny's 512 Soil Mix: https://www.johnnyseeds.com/tools-supplies/seed-starting-supplies/growing-media/johnnys-512-mix-20-qt.-9227.html#q=compost%2Bmix&lang=en_US&start=1 

TOMATO VARIETIES

Cherry Tomatoes:

JASPER 
Supersweet 100 
Sungold
Yellow Pear
Vernissage Art Color Mix
Black Strawberry
Brad's Atomic Grape
Barry's Crazy Cherry
Artisan Blush

Slicer/Paste:

Orange Accordeon 
Organge Jazz
Thorburn's Terra-Cotta 
Striped German
Sart Roloise 
Berkeley Tie-Dye Green 
Anans Noir
Black Beauty
Paul Robenson
Purple Heart 
Midnight Roma 
Costoluto Genovese
Amish Paste
New Yorker Tomato
Roma
Berkeley Tie-Dye Pink
Blue Beauty 
Indigo Rose 

2021 Garden Tour Playlist:
https://www.youtube.com/playlist?list=PLHDaYPV0vsszVn2SDKjo5CKHHM_pM9GpG

Timecodes:

00:00 Intro
00:30 Soil Mix
00:37 Seedling Trays
01:17 Labeling 
01:45 Explaining Watering
02:40 Starting Seeds
13:50 Watering Seeds

// 

GreenStalk Garden VERTICAL PLATER Discount: https://lddy.no/wndn​  
Use code ""MARISGARDEN"" for $10 off $75+ 

CAMERA GEAR:

CANON M50 (Creator kit): https://bit.ly/313xiEn​
Tripod: https://bit.ly/390Bady​

#tomatoseeds #marisgardenandkitchen

DISCLAIMER: Links included in this description might be affiliate links. If you purchase a product with the links that I provide I may receive a small commission at NO extra cost to you. When you purchase through this links, you help supporting my channel (and my garden) helping me to continue to create free content!

Thank you much for using these links!",2022-03-15T15:00:05Z,383,https://www.youtube.com/watch?v=4cbF552trOc
OjlKX8jJoAI,REDUCING PLASTIC BOTTLES | URBAN GARDENING | THINKERS THINKING,"Fb name:Aghine Moon

Let's help in reducing plastic waste help yourself and help the environment",2021-01-25T11:57:31Z,476,https://www.youtube.com/watch?v=OjlKX8jJoAI
KFosNnOU1ow,"Try growing Zucchini on the terrace, miracles happened, too many fruits","Try growing Zucchini on the terrace and the miracle happened, too many fruits.
This is how I mix the soil to grow vegetables at home
https://youtu.be/TZozsisfpmE
Hope useful for you.
Thank for your watching and don't forget subscribe my channel ❤

#growing #zucchini #terrace",2022-01-12T09:03:27Z,6558458,https://www.youtube.com/watch?v=KFosNnOU1ow
8msuiCzBU_U,Companion Planting Cucumbers and Dill in Containers| Raised Bed Urban Gardening| Spring| May 2022,"Hello Everyone! Today I am planting sunflower seeds and finishing off a little companion planting projects. Last year the insects had a field day with my cucumber and zucchini so I am trying to see if this way of planting can prevent that.  I am thankful that our planting season is long so that I have enough time to make corrections.  I hope you enjoy this video and thank you for joining us on our journey. I hope you find this video helpful and please like, comment and subscribe. Thank you for watching!

Karen and Maya
Email: sustainablychiclife@gmail.com

I purchased all of our seeds and plants from:

Lowes Home Improvement
Durham Garden Center
The Home Depot",2022-05-08T13:22:51Z,37,https://www.youtube.com/watch?v=8msuiCzBU_U
qR4eaexl3yQ,How to make Fermented Plant Juice | Urban Gardening,"For today, I will be sharing how I make Fermented Plant Juice or FPJ. It is an organic liquid fertilizer in which we ferment plants in molasses which is rich in nutrients and enzymes which help our plants grow. 
#UrbanGardening #OrganicGardening #ContainerGardening #SethCassiel #LiquidFertilizer #FermentedPlantJuice 

Timestamps: 
0:00 Intro
0:21 What is Fermented Plant Juice?
0:38 Plant selections
1:28 Materials and tools
2:37 Procedures 
5:12 Harvesting Fermented Plant Extract
5:22 Using FPJ 
5:59 Outro

I started this channel by documenting nature and soon got interested in gardening. This video I made is for information purposes only. Please note that I do not guarantee the accuracy, relevance, timeliness, or completeness of any information on this video. 

BUY GARDENING PRODUCTS HERE!!!
(Metro Manila Viewers only)
HALAMANIN: https://bit.ly/3mDcOw3 

FACEBOOK GARDENING PAGE: https://bit.ly/3q1qFQJ 

VISIT OUR PLAYLIST:
Gardening Experience: https://bit.ly/37W9NUl
How to Start an Urban Garden: https://bit.ly/35fIrYw
Pesticides: https://bit.ly/3DgI8sT
Pets and Animals: https://bit.ly/3DlahiI
Road trip and Vlogs: https://bit.ly/3JK5R79

New Videos Every Weekends
Like, Share, Subscribe!!!",2021-09-06T05:15:31Z,35,https://www.youtube.com/watch?v=qR4eaexl3yQ
6ulQyPp8-ZA,Is urban gardening a political act?,"LUMES students explain the roots of the urban gardening practices and discuss it from a Gramscian perspective. 
LUMES Film festival movies are made in the framework of the Popular Culture and Sustainability Course 2020 of LUMES Batch 23, Lund University.",2020-12-03T11:52:08Z,264,https://www.youtube.com/watch?v=6ulQyPp8-ZA
vAyJ3lRjfTI,HOW PEOPLE CREATE THEIR WONDERFUL URBAN GARDENING!!!,"Y'all welcome back to our YouTube channel!!!
In this video some people within a city of Ghana tells us about how they created their backyard gardening in the city, not even a village but city !!! Wow!! 
Please like, subscribe and comment :( everything you want to comment guys!!!


Songs used in the video:
1st and last video: Post Malone- Circles instrumental
2nd video: Nasty C- There They Go instrumental




 links to where you can also get more info about this down below ;)
Ghana Permaculture Institute Instagram: 
https://www.instagram.com/permaculture.ghana/

Ghana Permaculture Institute Wesite: 
https://permacultureghana.wordpress.com/
https://ghanapermaculturei.wixsite.com/permaculture

_______________________________________________________________________________________________

#ghanapermacultureinstitute #urbangardening",2020-06-03T19:07:23Z,201,https://www.youtube.com/watch?v=vAyJ3lRjfTI
LnaTFUg7wQg,"Urban gardening, praktikal na paraan upang may pagkunan ng murang pagkain | UB","Unang Balita is the news segment of GMA Network's daily morning program, Unang Hirit. It's anchored by Arnold Clavio, Susan Enriquez, Ivan Mayrina, Connie Sison, and Mariz Umali, and airs on GMA-7 Mondays to Fridays at 5:30 AM (PHL Time). For more videos from Unang Balita, visit http://www.gmanetwork.com/unangbalita.

News updates on COVID-19 (coronavirus disease 2019) and the COVID-19 vaccine: https://www.gmanetwork.com/news/covid-19/

#Nakatutok24Oras

Breaking news and stories from the Philippines and abroad:
GMA News and Public Affairs Portal: http://www.gmanews.tv
Facebook: http://www.facebook.com/gmanews
Twitter: http://www.twitter.com/gmanews
Instagram: http://www.instagram.com/gmanews

GMA Network Kapuso programs on GMA Pinoy TV: https://gmapinoytv.com/subscribe",2022-07-14T22:29:36Z,156,https://www.youtube.com/watch?v=LnaTFUg7wQg
YBJgCIRT9og,Container Cut Flower Garden Intro | Urban gardening,Growing cut flowers in small urban spaces,2022-03-14T21:24:31Z,212,https://www.youtube.com/watch?v=YBJgCIRT9og
pumx3qTZ2ss,Urban Gardening,"Beginning of planting season here in Canada! Using the small space i got in my backyard for my vegetables,and flowers.We will see how it goes after a month!
 Made with Film Maker
https://play.google.com/store/apps/details?id=com.cerdillac.filmmaker
Track: Jim Yosef - Firefly [NCS Release]
Music provided by NoCopyrightSounds.
Watch: https://youtu.be/x_OwcYTNbHs
Free Download / Stream: http://ncs.io/jyfirefly",2020-05-26T15:24:13Z,124,https://www.youtube.com/watch?v=pumx3qTZ2ss
UBc58gv6jhI,Growing in a Community Garden | Urban Garden and Farm Tour with Wasatch Community Gardens,"Community gardens provide food security, making their communities healthier and more connected. It’s a place where city dwellers can meet their neighbors and learn new gardening techniques, a beautiful green space full of fresh food in an urban area. Take a look at the shade cover techniques we learned about in this urban garden oasis! #urbangardening #communitygarden #shadecover

Check out our blog post! 
https://www.pbsutah.org/blogs/modern-gardener/test-2/

If you love this video, please consider becoming a sustaining member of PBS Utah: 
https://www.pledgecart.org/pledgeCart3/?campaign=8433B0CC-79FE-4F97-9E15-05A14686D789&source=#/home

If you live in Utah and have a garden or garden project that you'd like to be featured on Modern Gardener, click here: https://www.pbsutah.org/blogs/modern-gardener/dont-keep-your-garden-a-secret/

For more about Wasatch Community Gardens:
https://wasatchgardens.org/
https://www.facebook.com/wasatchgardens/
https://www.instagram.com/wasatchcommunitygardens/",2020-09-12T19:00:05Z,1788,https://www.youtube.com/watch?v=UBc58gv6jhI
Bl-GHaK4GsE,Community gardens celebrate Urban Agriculture Week,Community gardens celebrate Urban Agriculture Week,2022-07-11T22:55:03Z,20,https://www.youtube.com/watch?v=Bl-GHaK4GsE
_j35Q44oKbc,EFFICIENT PAPAYA -SOUTHWEST FLORIDA URBAN GARDENING,"Papaya plants are very efficient.  They give you fruits almost all year round.  Therefore, I highly recommend papaya if you live in the right climate.
In this video, I show you how you can tell if a papaya is ready to be picked.  Normally, it changes color from green to yellowish green.  Another indication is when you break off the stem, there should not be too much sap coming out.
Thank you for watching.",2019-12-01T16:16:49Z,149,https://www.youtube.com/watch?v=_j35Q44oKbc
HTGU5D9w8sg,"AGRITV March 15, 2020 Episode - URBAN GARDENING - Vegetables Planting in Super Paso","Like & Subscribe

Like our FB Page: http://www.facebook.com/agritv.hayopanggaling

Watch us every Sunday 7:30am
ABS-CBN S&A Channel 23",2020-03-16T01:16:29Z,78132,https://www.youtube.com/watch?v=HTGU5D9w8sg
w_5T72qwhNI,URBAN GARDENING : SHTF SUSTENANCE,"*use CC* Urban gardening can be challenging as well as rewarding for both green thumb and novice. Growing food in your yard to provide sustenance for you and your family brings a level of satisfaction and security when SHTF.
   Getting a jump on the weather for the spring, planting early growth plants in the first half of April and then following with a June planting for fall.

#urbangardening #shtf #sustenance #greenthumb #novice #gardening #frontyardgarden #growyourown #foodsecurity #growingfood #preppergarden #springplanting #preppingchannel #youtubeprepper",2022-04-11T00:30:06Z,535,https://www.youtube.com/watch?v=w_5T72qwhNI
KHZs45N5TSQ,Urban Gardening Mom Planting 101: How to use Epsom Salts for Plants (Episode 07),"Occasionally, I use epsom salts for my plants, especially for the leafy greens. It makes plants look healthier and lush. But I would caution against over-using it, or using it without the other basic nutrients that plants need. Epsom has the tendency to induce your plants to produce more leaves. So if you are growing plants for their flowers or fruits, too many leaves is not necessarily beneficial. Watch this video to learn more. Happy gardening!

#UrbanGardeningMom
#UrbanGardeningMomPH
#UrbanGardeningMomTV
#TheUrbanGardeningShop
#UrbanGardeningNews
#GrowYourOwnFood",2020-01-04T02:50:09Z,534,https://www.youtube.com/watch?v=KHZs45N5TSQ
NWvTS-DDX_o,Smart Urban Farming Expo-SUFexIndia&#39;s only Specialised Trade Show on Urban Farming - New Delhi,"India’s only Trade Fair specialized on Urban Farming 
Vertical Farming | Soilless Farming (Hydroponics, Aquaponics, Aeroponics)
Indoor Farming | Roof / Terrace Farming | Bee Farming | Smart Gardening & Landscaping

#VerticalFarming 
#IndoorFarming | Roof / #TerraceFarming #Gardening & #Landscaping

------
Subscribe to My New Channel : https://www.youtube.com/channel/UCr20mFq4yA92csUqDE5sYmw
-----
✉ Business Inquiries, Sponsors & Collaboration email: info@delhidudes.com
-----
Facebook: https://www.facebook.com/TheDelhiDudes/
Instagram : https://www.instagram.com/delhidudes/

Regards
Delhi Dudes",2021-12-03T06:22:50Z,30704,https://www.youtube.com/watch?v=NWvTS-DDX_o
fdnXS5CmWW4,Elephant Ears Plant Update | Urban Gardening | Backyard Garden | #Shorts,,2021-07-18T19:46:08Z,511,https://www.youtube.com/watch?v=fdnXS5CmWW4
evHLDoF5_zE,Urban Gardening Series: Chinese Money Tree,"Get rich with this Tree Tip from Glass Earth! 
Owner Cynthia Booth shares her top tips and tricks for taking care of your Money Tree plant.

Glass Earth Inc is a boutique plant store that specially sources indoor plants, terrariums + handcrafted goods, located at Kingsway Mall.",2019-02-07T18:20:19Z,356,https://www.youtube.com/watch?v=evHLDoF5_zE
zYqkb4q5Bm4,PIGEON PEAS - SOUTHWEST FLORIDA URBAN GARDENING,"In this video, I show you my pigeon peas that are very productive.  They are very easy to grow since they don't require much care and water.  Additionally,  they are pest and wind resistant.  Nutrition wise, just like beans, they are full of proteins and a few vitamins.  Everyone should plant some pigeon peas in their backyard to get additional proteins in their diet that are plant based.
I hope you find the video useful.",2020-02-29T04:59:43Z,1949,https://www.youtube.com/watch?v=zYqkb4q5Bm4
9b-xobFy318,LA Sanitation &amp; Environment: Home Composting/Urban Gardening Series 2 - Home Composting Part 2 of 4,"LA Sanitation & Environment offers monthly composting classes, but since the Safer at Home order we have suspended them. This video series is designed to help residents understand how to compost food scraps at home. Part 2 of 4 explains the origins of composting as well as details about compostable materials and methods.",2020-05-11T19:53:14Z,995,https://www.youtube.com/watch?v=9b-xobFy318
LywDJY_kgqQ,Indoor garden Plant Tour | Urban Gardening | Seedling zone 6a | #short #urbangarden | Studio Vegan,"I plan on growing most of what I’ll be eating about 90%  so here is how my seeds are doing in a short 
#short #shortvideo #shortsyoutube #studiovegan #veganfood #urbangardening 

So I will be showing you bi-weekly how my plants are doing in short what you can grow at home make sure to order one of my gardening kits.


EDITOR: N Nicole Boyd 
Location: New York City


Gardening Grow Kit  & Online Store :

Etsy shop: https://www.etsy.com/shop/StudioVegans
 
Website https://www.StudioVegans.com

SUBSCRIBE to Studio Vegan: https://www.youtube.com/user/Theworkout92

Subscribe for more #StudioVegan

Instagram: https://www.instagram.com/StudioVegan_/

Pinterest: https://www.Pintrest.com/StudioVegan

Facebook: https://www.facebook.com/StudioVegans/",2022-01-15T03:32:55Z,1122,https://www.youtube.com/watch?v=LywDJY_kgqQ
RiSoF-kN7Zg,Preview  | 3 basic hand tools | Urban gardening | Keykatbreaks,"Made with Film Maker
https://play.google.com/store/apps/details?id=com.cerdillac.filmmaker
music by audionautix.com",2021-04-10T02:51:13Z,645,https://www.youtube.com/watch?v=RiSoF-kN7Zg
vXiRagZevKo,UPDATE: Urban Gardening &amp; Sustainability,UPDATE: Urban Gardening,2022-03-28T11:00:11Z,631,https://www.youtube.com/watch?v=vXiRagZevKo
GMcv4fP7-xY,Garden tour-March 2019 with organic urban gardening and permaculture in north carolina,"welcome to my garden tour for march 2019.  this garden tour shows my garden coming back to life in the spring.  It is wonderful to see the new growth and also the flowers on the plants that are going to seed now.  natures first green is gold right?  So true here.  So, I hope you enjoy this garden tour and please remember to subscribe and share this video too.",2019-04-03T12:03:53Z,216,https://www.youtube.com/watch?v=GMcv4fP7-xY
E8iNYfGHLHI,Urban Gardening during Quarantine,"Urban Gardening is a process of growing all types and varieties of plants in an urban environment. It uses unique gardening concepts by using containers ( recycle or not) small patios, yards or even balconies as their small Garden or Eden. 
#Quarantine #UrbanGardening #Starter #PreciousRoots

https://www.facebook.com/Precious-Roots-100461538290965/",2020-04-18T10:24:54Z,449,https://www.youtube.com/watch?v=E8iNYfGHLHI
MsjEU18IYmE,Urban Gardening,,2022-06-23T14:28:57Z,19,https://www.youtube.com/watch?v=MsjEU18IYmE
b2c9Z1L2ke8,"Planting 101, What is Air Pruning? by Urban Gardening Mom (Episode 2)","Air pruning is a revolutionary idea in container gardening. It helps create a healthier, more fibrous root system. Watch this video to learn more about air pruning and its benefits for your beloved plants.

#UrbanGardeningMom
#UrbanGardeningMomPH
#UrbanGardeningMomTV
#TheUrbanGardeningShop
#UrbanGardeningNews
#GrowYourOwnFood",2019-11-20T02:23:05Z,467,https://www.youtube.com/watch?v=b2c9Z1L2ke8
v1aKAKG9NJs,Episode 8 - How to grow with community? | Urban Gardening Series,"If you watched all the episodes of this series till now then you're ready to start your own urban garden. In this episode, we'll talk about how you can create a community around you for growing vegetables? And how to make an impact?

I have been very fortunate to find the community that always supported me in mentoring and growing this space. 

You may see all updates about the garden here:
https://travelofftradition.wordpress.com/category/experiments-with-life/delhis-2nd-community-terrace/

Follow me here:
https://www.facebook.com/TravelOffTradition
https://www.instagram.com/travelofftradition/

Special thanks to ""Edible Routes"" and ""Enriched Soil and Soul"". I learned a lot from them and from their resources. 
.
.
.
.
.
Music from Uppbeat (free for Creators!):
https://uppbeat.io/t/zimpzon/calm
License code: QXWJ23POBYFNIDS3",2022-02-23T05:27:00Z,232,https://www.youtube.com/watch?v=v1aKAKG9NJs
yaZaOe4vwFk,"Urban Gardening- Indoor Garden, Part- 4","Indoor plants have a myriad of benefits, from stress reduction, to air purification, to aesthetics. Are you wondering where to start?
Here are a few tips to get you started on your indoor gardening adventure
=======================
Facebook page: https://www.facebook.com/fahima.faizal.9

Instagram: https://www.instagram.com/fahimafaizal/

Email : fahimafaizal@gmail.com
========================",2020-04-13T13:42:00Z,1392,https://www.youtube.com/watch?v=yaZaOe4vwFk
V7wCRtdEJvU,Urban Gardening in December - Harvesting and what&#39;s Growing in December - Family Garden Tour Vlog,"Urban Garden in December - Family Vlog 


It has been a while... Have not really been in the garden.. because I think a fox has moved in under our shed.. poo everywhere and half eaten rodents... 😳  and overall just a lack of motivation... if you know you know... 

So back in our gorgeous December garden... 😍  had to do some December harvesting and checking up on what's growing in December! 

My broad beans and peas are starting to grow!  My mint and rosemary are going strong... my Chard unfazed by the frost recently! Garlic doing good as expected!


I still have my onions and more garlic to put in! Don't really know what I am waiting for... Christmas? 😅 

Please support us by Liking, Sharing and Subscribing! It will does motivate me! 

Thank you all those who do watch our videos... we love and appreciate you... 

Leave us a comment we would love to get to know you! 

Peace and love
#Fromourgarden 


Music used in this video  🎵🎵🎵🎵🎵🎵 

INTRO


Path Switch by tubebackr https://soundcloud.com/tubebackr
Creative Commons — Attribution-NoDerivs 3.0 Unported — CC BY-ND 3.0
Free Download / Stream: https://bit.ly/3EoNQsO
Music promoted by Audio Library https://youtu.be/iQjFksXBSMU 

Gardening 
Garden
Urban garden
December garden
December harvest 


Way Home by Tokyo Music Walker https://soundcloud.com/user-356546060
Creative Commons — Attribution 3.0 Unported — CC BY 3.0
Free Download / Stream: https://bit.ly/tokyo-music-walker-way-home
Music promoted by Audio Library https://youtu.be/pJThZlOuDtI 

December Gardening 
Urban Gardening in December 

Sleepy Day by Another Kid https://soundcloud.com/another-kid
Creative Commons — Attribution 3.0 Unported — CC BY 3.0
Free Download / Stream: https://bit.ly/2YTm487
Music promoted by Audio Library https://youtu.be/MBAbOP7uPaQ 

December 
Uk Garden 
London Gardening 
Urban garden in Uk
what can you harvest in December?
What can you grow in December?",2021-12-02T14:27:08Z,92,https://www.youtube.com/watch?v=V7wCRtdEJvU
vBsAIIbxuLc,Urban Gardening,Urban Gardening ng leafy vegetables and Solanaceous,2021-09-11T07:02:55Z,1120,https://www.youtube.com/watch?v=vBsAIIbxuLc
XJuMTai9fM8,IFFCO Urban Gardens - Sea Secret – An Organic Plant Growth Promoter &amp; Bio-Stimulant,"Introducing Sea Secret - Seaweed Extract based Bio-Stimulant, that naturally provides essential plant nutrients, minerals, vitamins, enzymes, amino acids, organic acids, polysaccharides, plant hormones (auxins, cytokinins & gibberellins); betaine, mannitol etc.

Benefits:

• Enhanced root-shoot growth, leaf vigour, flowering, fruiting and quality of the harvest
• Stress Tolerance from heat, cold, wind and drought conditions
• Creates a friendly atmosphere for soil, flora and fauna, microbes, earthworms 
• Suitable for Indoor/Outdoor Plants, flowers, Kitchen Garden, Trees, Lawns etc.
#IFFCOUrbanGardens #UrbanGardens #SeaSecret #SeaWeed #OrganicGardeningProducts 
.
.
Visit on our Website:👉 https://www.aquagt.in👈
OR
Keep in Touch:
Instagram:👉https://www.instagram.com/iffcourbang...

Twitter:👉 https://www.twitter.com/iffcourbangrdns👈",2020-12-24T12:18:14Z,15841,https://www.youtube.com/watch?v=XJuMTai9fM8
XhYK3UFNRG0,Best fruit plants for container | My fruit plant collection | Urban garden |,"Grapes : https://youtu.be/ZtrIMftGZDo
                https://youtu.be/VojEVjUWuMs

Dragon fruit : https://youtu.be/lo2PnVWEB4s

China orange: https://youtu.be/vi49acaNfT0
                          https://youtu.be/iJMiOJ-fx7M

Cherry : https://youtu.be/O0zrYaiOjiI

Chiku : https://youtu.be/fgx_Z_xYzHI

Garden waste management : https://youtu.be/Hox1u1OX08Y

___________________________________________

Follow me on:
Instagram - https://www.instagram.com/rashmishukla4/

___________________________________________

Hello everyone,
I am a stay-at-home wife, a home maker. All these years, I have devoted my time in utilizing all the resources of my home and creating a better space to live in for me and my family. I enjoy gardening and creativity and want to share my experience with all of you. I believe that we don't need expensive things to make our lifestyle better. This is a small corner of good vibes and positivity. Please be a lovely audience and support me on this new journey. 
Enjoy.
.
.
सभी को नमस्कार,
मैं एक घर में रहने वाली पत्नी हूं, एक घरेलू निर्माता हूं। इन सभी वर्षों में, मैंने अपना समय अपने घर के सभी संसाधनों का उपयोग करने और मेरे और मेरे परिवार के लिए रहने के लिए एक बेहतर स्थान बनाने में समर्पित किया है। मेरा मानना ​​है कि हमें अपनी जीवनशैली को बेहतर बनाने के लिए महंगी चीजों की जरूरत नहीं है। यह अच्छी वाइब्स और सकारात्मकता का एक छोटा सा कोना है। कृपया एक प्यारा दर्शक बनें और इस नई यात्रा में मेरा समर्थन करें।
आनंद लें

.
.
.

Disclaimer: 
All the content and images on this channel belong to me and are protected under copyright law. Kindly DO NOT copy or reproduce content without my prior explicit permission.",2022-05-25T10:30:09Z,186635,https://www.youtube.com/watch?v=XhYK3UFNRG0
yvhD1wlancQ,I TRIED URBAN GARDENING! | Vlog #06,Join me as I try #UrbanGardening,2020-08-10T13:13:47Z,607,https://www.youtube.com/watch?v=yvhD1wlancQ
3aHOZUV_iHY,Scarlet Runner Beans are one of natures jewels | Home Gardening | Urban Gardening | Gardening Ideas,"👉 Save Money! Grow Your Own Food 👇

✅ https://bio.link/gardeningideas
=========================

#plants #homegardening #gardening #pottedgarden #backyardgardening #lovegardening  #veggiegarden #mygarden #containergardening #gardentips #gardenlife #green #naturelovers #organichowtogrowvegetables #gardeninghacks #gardeningtips #gardeningideas #balconygardening #seeds #compost #gardeningforbeginners #verticalgardening #urbangarden #urbangardening #watermelonguava #summer #gardeningforbeginners #smallgardenideas #balconygarden #gardeninghacks #gardeningtips #herbgarden #diy #diyproject

©️ Credit to: @urbangreener",2022-07-09T02:15:26Z,2802,https://www.youtube.com/watch?v=3aHOZUV_iHY
RXggLrPgtpw,My House Plants | Urban Gardening,#succulents #fruitandveggies #urbangardening,2021-05-16T23:37:59Z,61,https://www.youtube.com/watch?v=RXggLrPgtpw
4xGVcsBUjQc,Urban Gardening: DIY Hydroponic,"DIY Hydroponic: RECOVERY DRIP SYSTEM 
Solar Powered Automatic Watering System
 If you liked this video please subscribe here:
 https://www.youtube.com/channel/UC3tq_lxKWEj-1jwhIW6-QNQ?subscribe_confirmation=1

In this DIY project I design a Recovery Drip System with upcycle plastic bottles as my growing container with an automatic watering system using solar energy. The system conserves and limits the water wastage by recirculating the drain water. The system also uses organically produce liquid fertilizer from my kitchen compost bin. The solar panel exclusively runs the submersible pump and controlled by a programmable timer which is set every day to water the plant 3-5 times a day for about a minute and the pump is switched off automatically.

50%Cocopeat and 50% eggshell, rice hull, vermicast as growing medium and up cycled plastic bottle as grow container

There are varieties of growing medium in hydroponic system like Perlite, Vermiculite, Pro-Mix and Coconut Fiber are among the most popular.
Recovery Drip System the excess nutrient solution that runs off is collected back in the reservoir for re-use.
A recovery system uses nutrient solution a bit more efficiently, as excess solution is reused, this also allows for the use of a more inexpensive timer because a recovery system doesn’t require precise control of the watering cycles

Basic Hydroponic Systems
DRIP SYSTEMS RECOVERY
Drip systems are probably the most widely used type of hydroponic system in the world. Operation is simple; a timer controls a submersed pump. The timer turns the pump on and nutrient solution is dripped onto the base of each plant by a small drip line. In a Recovery Drip System the excess nutrient solution that runs off is collected back in the reservoir for re-use.
A recovery system uses nutrient solution a bit more efficiently, as excess solution is reused, this also allows for the use of a more inexpensive timer because a recovery system doesn’t require precise control of the watering cycles

N.F.T.(Nutrient Film Technique)
N.F.T. systems have a constant flow of nutrient solution so no timer required for the submersible pump. The nutrient solution is pumped into the growing tray (usually a tube) and flows over the roots of the plants, and then drains back into the reservoir.

EBB & FLOW – (FLOOD AND DRAIN)
The Ebb and Flow system works by temporarily flooding the grow tray with nutrient solution and then draining the solution back into the reservoir. This action is normally done with a submerged pump that is connected to a timer.
Water Culture
The water culture system is the simplest of all active hydroponic systems. The platform that holds the plants is usually made of Styrofoam and floats directly on the nutrient solution. An air pump supplies air to the air stone that bubbles the nutrient solution and supplies oxygen to the roots of the plants.

WICK SYSTEM
The Wick system is by far the simplest type of hydroponic system. This is a passive system, which means there are no moving parts. The nutrient solution is drawn into the growing medium from the reservoir with a wick.

AEROPONIC
The Aeroponic system is probably the most high-tech type of hydroponic gardening. Like the N.F.T. system above the growing medium is primarily air. The roots hang in the air and are misted with nutrient solution

Bamboo Frame support 
Why use Bamboo?
Bamboo is easy to cut, handle, repair, reposition and maintain, without the need of special tools or equipment.
Every part of bamboo that is not used is recycled back into the earth as fertilizer or can be processed as bamboo charcoal.
Bamboo is natural and renewable resource, capable of rapid growth that can preserve our precious tropical rainforests.

If you liked this video please subscribe here:
 https://www.youtube.com/channel/UC3tq_lxKWEj-1jwhIW6-QNQ?subscribe_confirmation=1 
https://www.facebook.com/Tomberryzurbangardening
tomberryz@yahoo.com",2020-09-23T05:54:04Z,741,https://www.youtube.com/watch?v=4xGVcsBUjQc
mPNjXpJKdnM,"FULL Garden Tour Week Four | 2021 {Urban Gardening in Queens, NYC. Zone 7b}","I'll be doing this garden tour weekly through the growing season. Tag along if you want to see the progress of my garden and the challenges that I face gardening in New York City. 

5 tier original GREENSTALK garden vertical planter is on sale! Use code MARISGARDEN for $10 off your order on top of the sale price. (Sale ends May 10th) Affiliate link: https://lddy.no/wndn​ 

Full Garden Tour Week Three: https://www.youtube.com/watch?v=wnocQf-Y7OY
Full Garden Tour Week two: https://www.youtube.com/watch?v=fDC3t5gqUiA&t=2s
FIRST Full garden Tour (Week One) https://youtu.be/bKAguhjM3v4​

Assembling my Original 5 tier Vertical Planter (GreenStalk): https://www.youtube.com/watch?v=_biGw...​ 

My first video garden video: https://www.youtube.com/watch?v=9soCj...​ 


Book recommended
Gaia's Garden: A Guide to Home-Scale Permaculture https://bit.ly/3d4S39s​

CAMERA GEAR:

CANON M50 (Creator kit): https://bit.ly/313xiEn​
Tripod: https://bit.ly/390Bady​

Follow me along! 

Instagram: https://www.instagram.com/marisgardenandkitchen


#urbangardentour #urbangardening #marisgardenandkitchen

DISCLAIMER: Links included in this description might be affiliate links. If you purchase a product or service with the links that I provide I may receive a small commission. There is no additional charge to you. Thank you for using this links and supporting my channel so I can continue creating free content!",2021-05-09T13:34:41Z,115,https://www.youtube.com/watch?v=mPNjXpJKdnM
iyew0q-kFjE,My Urban Gardening/Growing &amp; Updating Vegetables at my Small Backyard #gardening,"Hello my friends welcome to Living with Mari,Hope everyone's doing well♥️.Today's video is my latest update video from my garden.Everytime i saw my vegetables/flowers & drawf fruits at my Balcony i feel so much relax & contented...i'm obssessed with plants so much lately & i can't wait to show you my Indoor Plants that are growing...Thanks for stopping by😘　#urbangardening           
Planting Herbs/Peanuts & Kangkong at my Small Backyard
https://youtu.be/IPmEMfKcmGE",2021-07-04T08:59:59Z,498,https://www.youtube.com/watch?v=iyew0q-kFjE
iKnYOFzy3RA,Urban Gardening / Backyard to Table Organic Pechay / Alternative Gardening,Video shows how to plant or grow Pechay in alternative and organic way in our backyard. Utilizing spaces or materials available.,2020-06-28T07:32:37Z,1447,https://www.youtube.com/watch?v=iKnYOFzy3RA
o31D5pLcb9g,Planting Mulberry (Urban Gardening),"Mulberries are the fruits of mulberry trees (Morus sp.) and related to figs and breadfruit.

The trees are traditionally grown for their leaves — mainly in Asia and North America — as they’re the only food that silkworms eat.

They carry colorful berries — most commonly black, white, or red — that are often made into wine, fruit juice, tea, jam, or canned foods, but can also be dried and eaten as a snack.

Due to their sweet flavor, impressive nutritional value, and various health benefits, mulberries are gaining popularity worldwide",2021-06-26T13:25:29Z,1419,https://www.youtube.com/watch?v=o31D5pLcb9g
NjOuVgRD5-A,URBAN GARDENING EXPERIMENT,The pictures that are used in the video are not owned by us.,2022-06-29T10:37:08Z,10,https://www.youtube.com/watch?v=NjOuVgRD5-A
T3hDck0bwtM,CROPCI 2 URBAN GARDENING 🌱💚,,2022-06-23T08:10:18Z,5,https://www.youtube.com/watch?v=T3hDck0bwtM
eH-iUhTEkgA,#PLANT COLLECTION #URBAN GARDENING,"URBAN GARDENING IS THE PROCESS OF
GROWING PLANTS OF ALL TYPES AND
VARIETIES IN  AN URBAN ENVIRONMENT.

INDOOR GARDENING:WHEN NO POTIO,
DECKS,YARDS,OR BALCONIES ARE
AVAILABLE,

INDOR GARDENING: CAN ALSO BE  AN
EFFECTIVE URBAN GARDENING METHOD.",2020-11-30T14:33:59Z,266,https://www.youtube.com/watch?v=eH-iUhTEkgA
UzK3uu7LBZ0,my Urban Gardening  hack | Ft. Swiss Chard | Save Money/ Eat fresh #Shorts ♥️,"#Urbangardening
#Swisschard
#MyraMix
#Gardeninghacks

Join this channel to get access to perks:
https://www.youtube.com/channel/UCEeVBRaKaUPdz-xoWFVBPAg/join",2021-09-19T16:30:27Z,144,https://www.youtube.com/watch?v=UzK3uu7LBZ0
slaAo7T0-Fc,CANISTEL UPDATE -SOUTHWEST FLORIDA URBAN GARDENING,This is an update on my canistel plant that is now bearing fruits which are still green.  They turn yellow when they are ripe.  I will make another video then so you can see what they look like.,2019-10-22T00:33:40Z,403,https://www.youtube.com/watch?v=slaAo7T0-Fc
eh9P7-GkOXo,Urban gardening,"My stress reliever .
#Plants 
#Urban gardening",2020-07-30T01:30:33Z,408,https://www.youtube.com/watch?v=eh9P7-GkOXo
rDmpNSE20Cg,PART 1 | DIY URBAN GARDENING USING RECYCLED MATERIALS,"Part 2: https://youtu.be/a75c8mOqbso

Thank you for watching this video! Please subscribe to my YouTube channel, give this video a thumb’s up if you enjoyed it, and click the notification bell button so that you will be updated on the latest videos of this channel. Thank you so much, and God bless. 

INQUIRIES:
► Official Facebook Page: https://www.facebook.com/Ligaya.Gulmatico08 
► Email: gulmaticoligaya024@gmail.com

CREDITS:
Music used (Teaser & Intro), special thanks to ikson: 
Music by @ikson (https://youtube.com/ikson)   
Please support ikson:
https://soundcloud.com/ikson... 
https://www.instagram.com/iksonoffici... 
https://www.facebook.com/iksonmusic... 
https://twitter.com/Iksonofficial... 
- Spotify: https://open.spotify.com/artist/0oaw4... 
- iTunes: https://itunes.apple.com/se/artist/ik... 
- Soundcloud: https://www.soundcloud.com/ikson 

Also, for the background music & outro, special thanks to:
Kevin MacLeod (incompetech.com)
Licensed under Creative Commons: By Attribution 3.0
http://creativecommons.org/licenses/b...",2021-08-26T02:00:08Z,647,https://www.youtube.com/watch?v=rDmpNSE20Cg
tMXmkNMa5Fs,Urban Gardening l Square Foot Gardening Insights [ep7],"While still under ECQ (Enhanced Community Quarantine), we pursue our 5x5 square foot garden with the goal in mind to grow some common veggies. At the moment, i already have some seeds in their growing stage like okra, eggplant, kangkong, etc.

Please join us in our gardening journey.

Please like, subscribe and hit the notification bell. :)

Other related videos:
[ep1] https://youtu.be/WOHNrea1-K0 (Layout Plan)
[ep2] https://youtu.be/IhmCrTPm-Ek (Plot Layout Preparation)
[ep3] https://youtu.be/XZ49gTFy9N8 (Coco Bonsai Project)
[ep4] https://youtu.be/7nHOnsHMftk (Chicken Coop Project)
[ep5] https://youtu.be/ZB5F-x3_G8Q (Madre de Agua Plants)
[ep6] https://youtu.be/-_l4cg8MyGE (Planting Veggie Seeds)",2020-04-11T23:00:12Z,614,https://www.youtube.com/watch?v=tMXmkNMa5Fs
qIDDcvInKsQ,Urban Gardening,#JIS #JISTV #JISnews #Jamaica #Goverment,2022-04-29T19:58:07Z,184,https://www.youtube.com/watch?v=qIDDcvInKsQ
5AcjM5BKfRQ,Urban Farming: Fixing the broken food system &amp; improving health | Paul Myers | TEDxLiverpool,"Paul explores the deep-seated problems with our current food system, and the devastating effects this is having on our environment and our health. Paul and the team at Farm Urban believe that by embedding aquaponic systems (where fish and plants are grown together in a closed-loop ecosystem without soil) into the fabric of society they can engage and inspire people to connect with their environment, explore their relationship with food, and start to build a sustainable and resilient food system

Paul's Doctorate at the University of Liverpool had a particular interest in genetic research called “epigenetics.” He discovered that the choices we make over the course of our lifetime can actually alter the way some of our genes are expressed. With simple, transformational practices we can enhance our health and vitality. His message is clear and powerful and will change the way you look at food and your environment.


Paul’s research clearly pointed to the damaging effects of enviromental conditions on our health. Empowered by this knowledge Paul felt compelled to establish eco start­up Farm Urban, a research lead community focused social enterprise. Farm Urban uses aquaponics and hydroponics food production systems to engage and inspire people to connect with their environment, explore their relationship with food, and empower them to make positive and informed choices. Paul’s time is currently split between Farm Urban and his academic research at the University of Liverpool.

This talk was given at a TEDx event using the TED conference format but independently organized by a local community. Learn more at http://ted.com/tedx",2016-07-21T14:42:44Z,35431,https://www.youtube.com/watch?v=5AcjM5BKfRQ
BqAv-J3wOYA,Urban Gardening l Easy Steps on How to Make a Square Foot Garden [ep11],"This video shows how to make a square foot garden with the use of ordinary materials like used tarpaulin (sidings), bamboo stick, nylon string, ordinary soil and compost.

The advantage of this method is you can plant different varieties of veggies/plants within any limited available space.

Please join us in our gardening journey.

Please like, subscribe and hit the notification bell. :)

Other related videos:
[ep1] https://youtu.be/WOHNrea1-K0 (Layout Plan)
[ep2] https://youtu.be/IhmCrTPm-Ek (Plot Layout Preparation)
[ep3] https://youtu.be/XZ49gTFy9N8 (Coco Bonsai Project)
[ep4] https://youtu.be/7nHOnsHMftk (Chicken Coop Project)
[ep5] https://youtu.be/ZB5F-x3_G8Q (Madre de Agua Plants)
[ep6] https://youtu.be/-_l4cg8MyGE (Planting Veggie Seeds)
[ep7] https://youtu.be/tMXmkNMa5Fs (5'x5' Square Foot Garden)
[ep8] https://youtu.be/4BLI0ip2Ijc (Planting in Square Foot garden)
[ep9] https://youtu.be/I6TtcL22gBE (Compost Bin)
[ep10] https://youtu.be/vMyzrKAeUmQ (How to Make Ecobricks)",2020-05-08T23:00:02Z,85,https://www.youtube.com/watch?v=BqAv-J3wOYA
ZkUVkatQOXY,Urban Garden Feeds Souls,"With urban development encroaching on Jim's neighbourhood over the years, eating away at the surrounding forest lands where he used to find solace, a community garden sprouted up nearby where Jim could renew his spiritual growth through gardening.

#ShawSpotlight #ShawSpotlightSpiritual #UrbanGarden

Title: Soul Seeds
Producer: Dan Peruzzo

View Extended Version:
https://youtu.be/gtTmRuKd9OM 

Subscribe and Follow us:
Facebook: https://www.facebook.com/ShawSpotlight/
Instagram: https://www.instagram.com/ShawSpotlight/
View More Features: https://www.shawspotlight.ca/features.html

Celebrate | Engage | Connect
Spotlight also offers opportunities for individuals interested in video production to benefit from training and participate as volunteers. Whether you’re new to the broadcasting world, or already producing your own content, Shaw Spotlight has a number of ways to get involved! https://www.shawspotlight.ca/get-involved.html",2022-03-09T07:00:07Z,64,https://www.youtube.com/watch?v=ZkUVkatQOXY
ST7Yo2V3So4,AGRISTORYAHAY sa ATI Webinar Series on Urban Gardening Episode 8,AGRISTORYAHAY sa ATI Webinar Series on Urban Gardening Episode 8,2020-07-21T03:33:27Z,274,https://www.youtube.com/watch?v=ST7Yo2V3So4
P-Zsn6Xbjak,Urban Gardening Revolution- A Documentary By Maddie Rizzo,,2018-05-12T03:46:57Z,152,https://www.youtube.com/watch?v=P-Zsn6Xbjak
l1CKFcNyzVo,"👩‍🍳 Spice &amp; Flava&#39; | Urban Gardening, green thumb",,2021-05-31T05:15:53Z,614,https://www.youtube.com/watch?v=l1CKFcNyzVo
TWNhuDoiYV0,AGRISTORYAHAY sa ATI Webinar Series on Urban Gardening Episode 2,"EPISODE 2
AGRISTORYAHAY sa ATI:
WEBINAR SERIES on Urban Gardening
Topics
1. Installation and placement of containers in different areas
2. Ways on how to use recyclables & ready-made containers
3. Seedling Care and Maintenance 
Like and Share this video for attendance checking.
Episode 1: Intro to Urban Gardening
click this link▶️  https://www.facebook.com/atinorthmin/videos/264510414580609/?
To register
click this link▶️
http://tiny.cc/WebinarSeriesReg
See you next friday, same time. 
You can re-watch the episode anytime.
Also, we will upload this on our youtube channel. 
Let's stay at home, stay healthy, and join the Plant Plant Plant Program",2020-05-08T09:07:28Z,627,https://www.youtube.com/watch?v=TWNhuDoiYV0
-svds7kvYB8,Building Our New Backyard Mini Greenhouse! (&amp; New Backyard Look) | Urban Gardening in New York City,"Welcome to my urban garden! In this video Danny is  building our  new backyard greenhouse & you will see our new backyard look.

We are gardening in Queens, New York City. Zone 7b. 

Follow me on Instagram: https://www.instagram.com/marisgarden...
Join My facebook Group: https://www.facebook.com/groups/49677...
Visit My Website: https://www.marisgardenandkitchen.com/ 
​
Watch Next: 
Planting cool weather crops in my GreenStalk Garden: https://youtu.be/0OdKtLCyHRk
Amending raised bed soil and plating my first seedlings: https://youtu.be/7LHmBDBAE0g
Starting my first seedlings: https://youtu.be/6qs94ARhRPM
Sowing Tomato Seeds: https://youtu.be/4cbF552trOc
My indoor Grow Light Set up: https://youtu.be/_Fj8thgaHZ8


GreenStalk Garden is having a fun SALE for Saint Patrick's Day until the 21st! Everything GREEN in their website is 25% off (Including green vertical planters) and you can stack my code ""MARISGARDEN"" to get an EXTRA $10 off $75+ orders. Click here to shop: https://lddy.no/wndn

//

CAMERA GEAR:

CANON M50 (Creator kit): https://bit.ly/313xiEn​
Tripod: https://bit.ly/390Bady​

#backyardgarden #minigreenhouse #marisgardenandkitchen

DISCLAIMER: Links and codes included in this description are affiliate links. If you purchase a product with the links/codes that I provide I will receive a small commission at NO extra cost to you. When you purchase through this links, you help supporting my channel (and my garden) helping me to continue creating free content!

Thank you so much for using these links!",2022-03-20T17:49:53Z,252,https://www.youtube.com/watch?v=-svds7kvYB8
MxqNk5AZ_Rs,Planting Spinach and Bell Peppers from Seeds | Urban Gardening,"Join this channel to get access to perks:
https://www.youtube.com/channel/UCdZk5f22y0vCq5ePh4h3gAA/join

No backyard but I have a cemented front porch, so I'm using planter pots for my home garden. Here I'm planting spinach and bell peppers from seeds. Just for the Joy of planting...

This is what I've learned when harvesting the spinach:  cut the spinach leaves back to within 2 inches of the ground, taking care not to cut into the growing point. Within four weeks, the leaves should regrow for a second harvest. The whole plant can be harvested at once and cut at the base, or leaves may be picked off plants one layer at a time, giving inner layers more time to develop. 

Spinach is a cool-weather vegetable related to beets and Swiss chard. A fast-growing plant, it yields many leaves in a short time in the mild weather of spring and fall. ... Although it prefers full sun, spinach will still produce a respectable harvest in partial shade.

One of the biggest nuisances in the summer vegetable garden is bolting - when crops put on a vertical growth spurt to flower and set seed before the vegetables are ready for harvest. The result is inedible, bitter-tasting leaves or poor-quality produce with little that can be salvaged.

Spinach is packed with vitamins and minerals including vitamins A and C, folate, calcium, magnesium, and iron. ... However, spinach contains oxalic acid, which causes a lingering bitter taste that can overpower an otherwise tasty dish.

A bell pepper must have been fully ripe for the seeds to be viable. That is it should have been red, bright yellow, or orange. If it was green, the seeds were immature and will not be viable. Dry the seeds before putting them in the soil.  Once the seedlings sprouts, you can re-plant them, in a single seedling container.  Here, I recycled an empty bottle container, cut it in half, and used the bottom part for my bell pepper seedlings.

Bell peppers have a long growing season — they take between 60 to 90 days from sowing to harvesting. Sweet red bell pepper is ready to pick when the fruit develops its full red color and size. Harvest the peppers before the skin begins to wrinkle, which indicates it's over-ripened. Cutting the pepper from the plant minimizes plant damage and prevents disturbance to nearby developing flowers and fruit on the stem.

Plants like tomatoes, peppers, and eggplants, in particular, will benefit from shell fertilizer. The extra calcium (from eggshell) will help prevent blossom-end rot.


Disclaimer: I am not a professional farmer, just a garden enthusiast, who enjoys planting.


#UrbanGardening
#HomeGarden",2021-07-19T15:00:26Z,892,https://www.youtube.com/watch?v=MxqNk5AZ_Rs
bC8DnqvvwyY,The Biggest Oregano in the World 5 feet tall high / Urban Gardening Canada #shorts,"The oregano is nearly 5 feet in height and the leaves measures 4 1/4"" × 5"" #shorts",2021-05-18T21:58:09Z,799,https://www.youtube.com/watch?v=bC8DnqvvwyY
4pKsjAx5-Yg,Grow Your Own Food | Introducing Our Urban Garden | Container Gardening | Met&#39;s Kitchen,"#growyourownfood #urbangarden #containergardening #metskitchen

This global crisis has taught us to grow our own food.

Three months ago, my family and I started our own container garden at home.

In this video, we introduce our small garden where we have harvested a few of the ingredients we used in our recipes.

Please leave a comment if you like this video and if you have suggestions.

thank you for watching!! 

keep safe everyone!!

Connect with me on Facebook : @metskitchen
                                                          https://www.facebook.com/metskitchen/
                                     Instagram : @mets.kitchen
Join my Facebook Group and showcase the food you cook and eat!
                                    https://www.facebook.com/groups/126046282779397/
To know the latest updates and whereabouts of my family, you can also visit our family Vlog at this channel link.
GRL 373 Travel
https://www.youtube.com/channel/UCa0gGe5UBYFQQVlipsH8eGA

Be a Member to my Channel to Enjoy Perks. CLick the link Below!
https://www.youtube.com/channel/UCxPrD9LHP28NfQnlCpdMrXA/join


#urbangardening",2020-07-08T14:01:30Z,124,https://www.youtube.com/watch?v=4pKsjAx5-Yg
1uyEYg5MiXQ,Checkers Little Garden 2 | Little Garden | Urban Gardening | Little Space | Lockdown Activities,"#checkerslittlegarden #gardenwithme #southafricanyoutuber 


My food channel:
https://www.youtube.com/c/CookWithTolaLusi

Efo riro Recipe:
https://youtu.be/FmiXtw_J2mo


You can also follow me on my other social media platforms!
Facebook @Tola Lusi Offical
Instagram @Tola Lusi Official
Twitter @tola_lusi
Snapchat @Tola lusi

Thanks for watching",2020-09-24T10:00:01Z,1048,https://www.youtube.com/watch?v=1uyEYg5MiXQ
dPlIyMEiUJw,"Planting and harvesting Melons on the terrace, just looking at it makes me fall in love","Planting and harvesting Melons on the terrace, just looking at it makes me fall in love
This is how I mix the soil to grow vegetables at home
https://youtu.be/TZozsisfpmE
Hope useful for you.
Thank for your watching and don't forget subscribe my channel ❤

#growing #melon #terrace",2022-07-08T11:36:58Z,11067,https://www.youtube.com/watch?v=dPlIyMEiUJw
jrApV87d-uQ,254 NATURE GROWERS VeGeTaBle Garden🥦 URBAN GARDENING🍇 Container Gardening🗑 DETAILED howto grow food,"Meet Julie the  founder of 254 NATURE GROWERS. She offers detailed information on how to grow healthy food and create beautiful gardens. Learn how to use  zero cost seeds, zero cost planting trays, and other DIY tips to grow affordable fresh food.

 She offers insights on how to save money on food costs.  If you  need detailed information on how to start a kitchen garden, backyard farm, or commercial farm, subscribe and watch her videos.

Videos available include
How to grow potatoes from SCRAPS The One Sweet Potato Story GROWN from SCRAPS 
How to grow spring onions in organic planting trays 
Ez Groundnut grow GUIDE 
Endless supply Chilli Container Hot bird's eye chilli 
Ez grow/plant potatoes from SCRAPS 
DIY Backyard Greenhouse hot bird's eye chilli 
Easy grow COWPEAS +Intercrop with Okra 
Zero Cost Planting trays for your backyard farm 
Zero Cost seeds for backyard farm or garden 
How to make a simple home seed bank
Detailed Guide grow Okra with zero cost seeds 
Easy steps to grow organic parsley from seeds 
Mini Garden TOUR relaxing garden series 

Julie's background study is BSc Natural Resources Management and MA Environmental Law.

Follow 
Facebook 254 Nature Growers 
INSTAGRAM 254naturegrowers",2020-11-07T20:26:59Z,326,https://www.youtube.com/watch?v=jrApV87d-uQ
UBkAu26GrfI,Urban Gardening Landau (Pfalz),"Ein Video zum Hochbeetbau der Urban Gardening Gruppe Landau auf dem Gelände des Reallabor Queichland.

Homepage: https://www.uni-landau.de/rlq/wordpress/?page_id=5777",2020-10-27T09:33:18Z,111,https://www.youtube.com/watch?v=UBkAu26GrfI
tLNJCLHyzXg,Urban Gardening Attempt,"Preparing an urban backyard garden during ECQ

#StartingABackyardGarden
#QuaratineWork
#PlantNowHarvestLater",2020-05-03T03:56:49Z,89,https://www.youtube.com/watch?v=tLNJCLHyzXg
Cc3-bvBqE3Q,JULY Garden Tour | Urban Gardening | Mini Urban Farm,"Hey guys! Check out my July garden in this video! I show you everything that's growing this month, as well as successes and challenges in the garden. Urban garden tours every month!

#gardening #gardentour #urbangarden

JULY Garden Tour | Urban Gardening | Mini Urban Farm

Subscribe & hit the bell to be notified of new weekly videos and plan your urban homestead!

Email Newsletter - https://dedicated-knitter-2546.ck.page/e6fe70754d

//Where I Get My Seeds//
https://www.rareseeds.com/
https://www.burpee.com/

**My Favorite Books**
The First-time Gardener - https://amzn.to/3uTOEB7
Grow Food For Free - https://amzn.to/3hlfTR6
Mini Farming - https://amzn.to/3tGQDaq

**My Compost Bin - https://amzn.to/2R3V41P

Blog - https://miniurbanfarm.com
Pinterest - https://www.pinterest.com/miniurbanfarm
IG - https://www.instagram.com/mini.urban.farm

**Denotes an affiliate link where I make a small commission at no additional cost to you",2021-07-14T21:00:10Z,533,https://www.youtube.com/watch?v=Cc3-bvBqE3Q
26GKAD_rl5o,Urban Gardening: Pruning My Grapevines,"Pruning my Grapevines
Grapevines produce fruit clusters on the previous season’s growth.
The purpose of pruning is to obtain maximum yields of high quality grapes and to allow adequate vegetative growth for the following season.
Fruiting cane refers to a 1-year-old cane that is capable of and suitable for bearing fruit.
Prune these canes back to one or two buds. These short one or two bud canes are referred to as renewal spurs. The renewal spurs provide the shoots or canes that produce next year’s crop.
https://www.extension.iastate.edu/news/yard-and-garden-how-prune-grapevines
Grapevine parts
Some knowledge of grapevine parts is helpful in understanding pruning details 
Trunk
The main permanent stem of the plant.
Shoots
The immature, soft stem growths of the current growing season. Shoots arise from buds on wood one or more years old and bear leaves, flowers and fruit.
Canes
The mature shoots; those that have become woody after growth has ceased. Fruiting cane refers to a 1-year-old cane that is capable of and suitable for bearing fruit.
Cordons
Side extensions from the main trunk that are often trained horizontally along a trellis wire for multiple growing seasons.
Spurs
One-year-old canes originating from a cordon and shortened to two to four buds. Shoots and, later, canes develop from the spur buds.
Renewal spurs
Spurs pruned to two buds used to renew the curtain in later years.
Suckers
Shoots or canes usually arising from the lower part of the trunk.
https://extension.missouri.edu/publications/g6090",2021-10-20T05:33:43Z,433,https://www.youtube.com/watch?v=26GKAD_rl5o
QQ1fGSwkKQQ,LETTUCE URBAN GARDENING | HYDROPONICS | YOUNG AGRIPRENEUR | Levi The Name,"Farming anywhere is really an advantage. In this video we will learn that sometimes we don't need soil for us to grow our own food. The plant we grow can be sold or consumed by our family. It is very easy and cheap to install so just sit back,learn, relax and enjoy this video. 

Special thanks to Mr. Jasper Olarte.",2021-05-30T14:00:13Z,507,https://www.youtube.com/watch?v=QQ1fGSwkKQQ
KIUKQDnFyv8,Urban Farming in Kibera - African Slum Journal,"#farming #urban #food #money #crops #kibera #slums #africa #africanslumjournal
Urban farming brings food, money and life to Kibera. With a fast-rising population in Nairobi, the demand for more and better food is growing tremendously. Still, many people from rural areas come to the city because they don’t want to farm. They think farming is something for old people, but there’s money in farming. Knowledge is the key, especially about good agricultural practices, knowledge about the market and knowledge about the fun of farming. Only if people enjoy farming, the image of farming will change. 
Read more on http://farmingafrica.net/?lang=en 

The sack farmers in Kibera, Nairobi know about urban farming. Many young people have a good job in urban farming and selling their crops. Like Joshua Otieno from Kibera Community Empowerment Organization (KCEO) who is showing us how to grow vegetables in sacks like onions, spinach and kales. Many self-help groups in Kibera are gardening in plastic bags, using compost manure from the waste. They make good money selling their crops and they prepare garden bags for family food. One bag can feed a family of 6 persons. Sack farming in Kibera has helped discourage people from planting crops near dump sites and sewers. Kibera residents are happy with the fresh and affordable food.

Thank you for your continued support. 
You can view all our episodes on: www.africanslumjournal.com",2015-07-20T14:30:26Z,4321,https://www.youtube.com/watch?v=KIUKQDnFyv8
Bn-zkI4ablk,Helping women take up urban agriculture in Uganda,"One woman in Uganda's capital is helping other urban women earn additional income by farming small spaces. The Kampala  farmer is growing fruit and vegetable in her backyard, and rearing poultry and cows there too. CGTN'S Isabel Nakirya reports",2017-02-04T14:58:39Z,24899,https://www.youtube.com/watch?v=Bn-zkI4ablk
wDbHNfXxGMc,Episode 3 - Basics of Container Gardening | Urban Gardening Series,"In the next episode of Urban Gardening, we'll talk about everything related to Container Gardening like:
- How to design your space and what are the design principles?
- What are the types of containers you can use or upcycle?
- How to prepare a potting fix?
- And finally a short demo of filling up a pot.

So enjoy the 3rd episode and let me know how was it.

I have been very fortunate to find the community that always supported me in mentoring and growing this space. 

Special thanks to ""Edible Routes"" and ""Enriched Soil and Soul"". I learned a lot from them/their resources. 

You may see all updates about the garden here:
https://travelofftradition.wordpress.com/category/experiments-with-life/delhis-2nd-community-terrace/

Follow me here:
https://www.facebook.com/TravelOffTradition
https://www.instagram.com/travelofftradition/

.
.
.
.
.
Music from Uppbeat (free for Creators!):
https://uppbeat.io/t/northwestern/hometown
License code: TGC3GQYUQDSLGIZO
#OrganicGardening #TerraceGardening",2022-01-17T14:18:37Z,77,https://www.youtube.com/watch?v=wDbHNfXxGMc
E36ahc8bV0o,AGRISTORYAHAY sa ATI Webinar Series on Urban Gardening Episode 6,AGRISTORYAHAY sa ATI Webinar Series on Urban Gardening Episode 6,2020-07-20T08:24:52Z,345,https://www.youtube.com/watch?v=E36ahc8bV0o
QfhWOuw-EWY,The BEST soil for urban gardening #soil #soiltips #urbangardening,"Thank you for subscribing to my channel. 
I hope you enjoy this video about my love and my grandmother’s love for growing food. 

Thank you for supporting my work below!

🌿HOLISTIC BOOKS PROGRAMS & RETREATS🌿

🌱Sign up for my news letter at 
https://www.AndreaCox.com

🌿Get My Raw Vegan Recipe and Juicing books here: https://andreacox.com/shop/

🌱Get My Vegan Organic Probiotics and Detox Supplements Here https://andreacox.com/product-category/products/supplements/

🌿JUICE FASTING RETREATS
Learn More Here: https://andreacox.com/retreats/ 

🔮Tools to aid your Spiritual Journey🔮

Sign up for my 1-3 month Intuitive life coaching 
🧿💙 ➡️ https://andreacox.com/intuitive-life-coaching/

🌱 Get my latest plant-based recipe book 
Eat Right 4 Your Zodiac 👉🏻 https://andreacox.com/shop/products/books/book-eating-right-4-your-zodiac/

🎥 Subscribe to my Intuitive Guidance channel
https://youtube.com/c/TheDetoxIntuitive

 
🔮Private readings 
https://thedetoxintuitive.com/shop/

🔮My Esoteric Etsy shop 
https://etsy.me/36I33He",2022-03-08T23:32:27Z,10518,https://www.youtube.com/watch?v=QfhWOuw-EWY
tu8T4Q2fE2M,Auroville Urban Farming | Permaculture | Township | India | Auroras Eye Films,"Auroville Urban Farming is a pilot project located at the City Centre to experiment, learn and experience how to build a city in deep harmony with nature. It addresses innovative concepts as integral landscaping, rooftop gardening, agroforestry, grey-water system recycling, participative and community building efforts to address issues as Food Security, in an urbanizing context. The main focus of the project is to promote and educate residents about self-production, so that the aim of nutritional self-reliance of the Universal Township can be achieved.
It aims to create a stronger unity between Nature, Human Beings and Spirit.

Here is a conversation with Dr Karan Singh, the chairman of Auroville Foundation. We talk about the Journey of Auroville Festival, his involvement in Auroville and his dream,s and aspirations. 

""Auroras eye Films"", ""Aurora"", ""eye"", ""films"", ""auroville"", ""serena"", ""serena aurora"", ""filmmaker"", ""auro"", ""auroras"", ""documentary"", ""film"", ""eco village"", ""community"", ""sustainability"", ""human unity"", ""natural building"", ""aurovile"", ""aroville"", ""india"", ""video"", ""director"", ""independent"", ""travel films"", ""permiculture"", ""farming"", ""organic food"", ""diy"", ""organic"", ""volunteer"", ""travel blog"", ""world traveler"", ""education"", ""outreach"", ""media"", ""outreach media"", ""film festivals"", ""short films"", ""movies"", ""documentaries"", ""investigative"", ""journalism"", ""pondicherry"", ""director"", ""projects"", ""issues"", ""independent filmmaker auroville"", ""auroville video"", ""auroville photos"", ""interviews"", ""joy of impermanance"", ""JOI"", ""freelance"", ""about auroville"", ""workshops in auroville"", ""mother"", ""sri aurobindo"", ""auroville films"", ""filmmakers in auroville"", ""auroville documentary"", ""documentary filmmakers in auroville"", ""documentary filmmaker""  


#Auroraseyefilms #auroville  #urbanfarming
 #Outreachmedia #Auroras #eye #Films  #serena #serenaaurora #filmmaker #auro #auroras #documentary #film #eco #village #community #sustainability #human #unity #natural #building #aurovile #aroville #india #video #director #independent #travel #permiculture #farming #organic #food #diy #organic #volunteer #blog #world #traveler #education #outreach #media #outreachmedia #filmfestivals #shortfilms #movies #documentaries #investigative #journalism #JOI #land #freelance #Joy #of #impermanance #Joyofimpermanance #filmdirector #director #pondicherry #aurora #eyes #aurora's #eyefilms #about #av #sriaurobindo #mother #video #rare #exclusive #architecture #auroras

You can contact Auroras eye by any of the following:

http://www.youtube.com/AurorasEyeFilms

https://www.facebook.com/AurorasEye

https://vimeo.com/auroraseye

Serena_aurora@hotmail.com

Auroraseye@hotmail.co.uk

http://www.outreachmedia.auroville.org/

https://auroraseye.wordpress.com/

www.auroville.org

| Auroras Eye Films",2016-01-22T07:49:53Z,4404,https://www.youtube.com/watch?v=tu8T4Q2fE2M
q5INJ2D1C_s,Urban Gardening TikTok Challenge,"Nothing sets you closer to nature than having a garden of your own. Fresh, homegrown veggies. Staying healthy while helping nature in our own little ways.",2020-05-13T03:37:19Z,496,https://www.youtube.com/watch?v=q5INJ2D1C_s
Mm2_9XdWwcg,Urban Gardening,"The experts who work the grounds of the Smithsonian Gardens share their secrets with and offer advice to everyday home gardeners. We'll see them at work, tackling the challenges of growing a tropical butterfly pavilion in the middle of the city and maintaining an outdoor garden in the middle of winter.",2014-08-01T04:00:51Z,-1,https://www.youtube.com/watch?v=Mm2_9XdWwcg
wTG1rBuCmws,Timelapse of Passion Flowers Blooming Indoors - Urban Gardening,"In this video, I will be showing passionflower vines blooming indoors over the course of several days.

Links in this episode:
✔️ Hydroponic Vertical Garden -https://etsy.me/2EiE80J
✔️ Martian Tower Garden with LED on Ebay:  https://www.ebay.com/itm/Martian-Tower-Garden-80-Grow-Slots-With-LED-Lights-USA-Free-Shipping-/264818112023
✔️ Martian Tower Garden Without LED on Ebay: https://www.ebay.com/itm/Martian-Tower-Garden-80-Grow-Slots-USA-Free-Shipping/264854768650?
✔️ Rainbow Window Anchored Planter https://www.etsy.com/listing/784356699/window-anchored-planter-rainbow-poly?ref=shop_home_feat_3
✔️ Geometric Planter - Viridescent https://www.etsy.com/listing/863581464/geometric-planter-viridescent?ref=shop_home_active_3",2020-11-04T07:21:23Z,694,https://www.youtube.com/watch?v=wTG1rBuCmws
vZLBcyRi5Ss,MORE TREE RIPE PAPAYAS -SOUTHWEST FLORIDA URBAN GARDENING,"This is another video on tree ripe papayas.  It is literally time to enjoy fruits of my labor.  I hope you enjoy the video.
Please like and subscribe!",2019-12-13T01:09:22Z,89,https://www.youtube.com/watch?v=vZLBcyRi5Ss
KyYheHW_j4s,Growing Chayote on the terrace has a lot of fruit and continuous harvest,"Growing Chayote on the terrace has a lot of fruit and continuous harvest
This is how I mix the soil to grow vegetables at home
https://youtu.be/TZozsisfpmE
Hope useful for you.
Thank for your watching and don't forget subscribe my channel ❤

#Growing #Chayote",2022-03-22T10:38:48Z,6550665,https://www.youtube.com/watch?v=KyYheHW_j4s
TW-8IXcntFM,2021 GARDEN TOUR and HARVEST - Week 3 - URBAN GARDENING in Canada Zone 5B,"Join me as I give you an update of my two very different urban garden and make a HUGE HARVEST.  Those gardens are about to bless us with an abundance of food. I live in Canada and this is what I grow in zone 5B.  

For the complete list and links to the different varieties I am growing, visit my blog www.veggiechompers.com.

______________________________________________ 

WELCOME TO VEGGIE CHOMPERS 
I’m on a journey to homesteading. I dream of owning a farm where I can grow all my food and live a sustainable and meaningful life. In the meanwhile, I find ways to be self sufficient in an urban environment.
There are no affiliate links or sponsor in this video or in this description. 
 
______________________________________________ 

Blog : www.veggiechompers.com 
Instagram : veggie_chompers

______________________________________________ 

MUSIC 

Sarah, The Instrumentalist – Bahama Breeze : https://www.epidemicsound.com/track/OPyi4670aS/",2021-06-28T10:20:12Z,94,https://www.youtube.com/watch?v=TW-8IXcntFM
xWwrp0FwUwo,Urban Gardening Teaser,"Alle Infos unter https://www.prokulturgut.net/urbangardening

Prokulturgut.net
http://prokulturgut.net/

WorldMusicEvolution.net
http://worldmusicevolution.net/

Facebook
https://www.facebook.com/Prokulturgut.net

Twitter
https://twitter.com/prokulturgut

supported by
MediArt - Audio & Video Productions
Essen - Bochum
www.mediartpro.com",2018-06-29T14:35:46Z,101,https://www.youtube.com/watch?v=xWwrp0FwUwo
4B6ewehwS3o,"Big pot, less soil for Kangkong || Urban gardening || Off from work || Domestic Work","In this video, we showed that kangkong could be planted in a big tin can filled with coconut husk, decomposing fruit/vegetable peelings top with thin layer of garden. #TaongBahayChannel",2020-06-15T02:00:02Z,847,https://www.youtube.com/watch?v=4B6ewehwS3o
RYuyBvAkeDA,Balcony  Garden tour / patio garden / urban gardening,"CORRECTION: Okra should have been Bittermelon (Ampalaya)


Urban, balcony or patio gardening is fun!  You can do it too!  All you need are seeds of your choice, potting mix, containers, homemade or store-bought fertilizer/food…and soon enough, you will be enjoying your homegrown,  crunchy and freshly picked fruits and vegetables. 

I’ve been doing it since 2019 and I thought it’s time to show you guys what I’ve planted thus far.  Fortunately, I’ve had great success. My faves to plant are #tomatoes and #sunflowers. 

I don’t have an educational background in gardening and am not a plant expert, but I know, and I think you will agree, that just like humans, plants need 5 things to grow and flourish: water, food, sun, air and LOVE(!). 

#balconygarden #patiogarden #urbangardening #plants #vegetables #fruit #organic #tomatoes #sunflowers #okra #gardening #balcony",2021-07-28T17:44:53Z,216,https://www.youtube.com/watch?v=RYuyBvAkeDA
7fv3BTiCKNs,New hobby during community quarantine - urban gardening!,"With the community quarantine slowly being modified, there are a few things that have been keeping us sane and busy at home, one of which is our mini garden (and cats)! We don't have much garden space in our apartment so we make do with what we have by going vertical. Still a work in progress, but we are happy with it. We hope you all are staying healthy, safe, and sane as well.

Feel free to send us questions or comments. Please like, subscribe, and don't forget to tap that bell!

Enjoy and thanks for watching! 

Much love!
#MichiWoo #LoveAlwaysAdventureOften 

Follow us on:
IG: https://www.instagram.com/michi.woo/

_____________________
Creative Credit
YouTube Music: Satisfaction Guaranteed",2020-05-25T14:33:54Z,172,https://www.youtube.com/watch?v=7fv3BTiCKNs
9unwLi3HRvk,"Before and After || Edible Balcony Garden || Urban Gardening || Fruits, Vegetables and Herbs 🪴",,2021-06-12T20:00:12Z,212,https://www.youtube.com/watch?v=9unwLi3HRvk
c6DCv56naJg,Easiest Way of Growing Tomatoes | Urban Gardening,"Growing tomatoes from the ones you bought at the grocery store, great way to save money, better than buying pack of seeds. Fast and simple way and this method it works.",2021-05-04T04:49:20Z,280,https://www.youtube.com/watch?v=c6DCv56naJg
RqRX_5tqrpo,Urban Gardening: In Conversation with Kapil Mandawewala | Edible Routes,Video courtesy of Down to Earth TV,2016-06-15T10:11:31Z,580,https://www.youtube.com/watch?v=RqRX_5tqrpo
v8gXC-IHRdk,"Noa Treister, Urban Gardening Between Ideology and Need","Noa Treister, Urban Gardening Between Ideology and Need
Presentation and public discussion.
The event will be preceded by a short reading group.
Monday, 2nd of November 2020, 18:00
For most of human history nature was a vast, inexhaustible resource, a threat to human existence, a source of inspiration and horror. Following the industrial revolution and colonialism, exploitation grew immensely. Beheading the kings during the enlightenment transformed monarchical property and moreover the monarch privilege to grant and expropriate land into private property of the bourgeoisie and competitive relations of capitalism brought about scarcity and intensified exploitation. People slowly began to realize the limits of this resource and the effect of human exploitation on its ability to renew and with the birth of the nation state and universal suffrage to demand their right for a share in the public goods.
Looking at the success and failure of common projects such as urban gardening or the kitchen of solidarity, as social, political or artistic projects, we will be looking at what makes them work or not, in relation to class, value, property and nature-ecology.
More info: http://unuplusunu.org/plante-exotice/
This presentation is part of PLANTE EXOTICE / EXOTIC PLANTS that is co-financed by Administration of the National Cultural Fund (AFCN). The project does not necessarily represent the position of the Administration of the National Cultural Fund. AFCN is neither responsible of the project content or of the way in which the project results may be used. These are entirely the responsibility of the grant beneficiary.",2020-11-04T13:39:37Z,106,https://www.youtube.com/watch?v=v8gXC-IHRdk
Rx7c28N6aW4,"AGRITV AUGUST 11, 2019 EPISODE URBAN GARDENING - Super Paso ni Doc Ed - Enriched Potting Preparation","Like & Subscribe

Like our FB Page: http://www.facebook.com/agritv.hayopanggaling

Watch us every Sunday 7:30am
ABS-CBN S&A Channel 23 Like & Subscribe

Like our FB Page: http://www.facebook.com/agritv.hayopanggaling

Watch us every Sunday 7:30am
ABS-CBN S&A Channel 23

Also live on our Facebook page simultaneously",2019-08-15T02:31:24Z,20450,https://www.youtube.com/watch?v=Rx7c28N6aW4
pSBZfvRrO3Q,Urban Gardening - Outdoors planting,This week we started planting outside,2020-05-26T12:00:22Z,92,https://www.youtube.com/watch?v=pSBZfvRrO3Q
S0K4XEkb8Kg,Urban Gardening || Harvest Time || Fruit of our labor,"Urban Gardening
*Fruit of our labor.

😍Kapag may itinanim, may aanihin",2021-07-23T12:00:11Z,420,https://www.youtube.com/watch?v=S0K4XEkb8Kg
MGhiWU2NRSg,Fish with fresh vegetables/ Urban Gardening,"#JelcaWilson
How to plant your own vegetable from cuttings.
Quick and easy tips on how to grow your own vegetable.
You will be surprised to see what you will get on harvest time.
You will have fresh vegetables always and it is all organic.",2020-11-10T12:00:29Z,282,https://www.youtube.com/watch?v=MGhiWU2NRSg
dW1cRWgXsyA,PLANTING POTATOES IN CONTAINERS II URBAN GARDENING II SAVE SPACE PLANT MORE,"Let me share with you on how I save space in planting potatoes in containers easy and simple. 

potatoes seeds from www.apacheseeds.ca 
Location
10136 149 St NW, Edmonton, AB  T5P 1L1
Hours
Monday to Saturday: 10:00 am to 4:00 pm
Sundays and Holidays: Closed
Phone
(780) 489-4245",2021-05-19T20:08:39Z,363,https://www.youtube.com/watch?v=dW1cRWgXsyA
3mxf7Z95SH0,Transplant Day | Urban Gardening #NYC #theBronx,"Like promised I want to take you guys on this journey of my first run at urban gardening on my NYC balcony! This week we are transplanting our little baby seedlings 😩😩😩 the grow so fast! Well the ones that made it 😬 RIP to my echinaceas and salvia they never stood a chance with my Emeril Legasse hands 😹😹😹. I hope you guys enjoy the video and any questions feel free to ask them down below! 

Find me on Instagram
www.instagram.com/kissenia

Music by frumhere - the broken heart gang - https://thmatc.co/?l=48631D05",2021-06-06T12:00:02Z,34,https://www.youtube.com/watch?v=3mxf7Z95SH0
sSN_wkHj4e8,DIY FLOWER VASE + URBAN GARDENING. ||FINDING NIMMOH.,"Hello, Nimmohnites,
We are back with another craft video. Learn how to make a simple yet pretty flower vase from materials easily found at home.
The vase can also be used to plant different plants. It is very economical and also saves on space.
#FindingNimmoh #DIYandcrafts #Urbangardening.

Like, share and subscribe.
Keep it finding Nimmoh fam.",2020-06-18T15:18:55Z,211,https://www.youtube.com/watch?v=sSN_wkHj4e8
SfAv5nKD5mk,Urban Gardening: Globe Amaranth,"Planting my Purple Globe Amaranth in a self-watering container
If you liked this video please subscribe here:
 https://www.youtube.com/channel/UC3tq_lxKWEj-1jwhIW6-QNQ?subscribe_confirmation=1
Urban Gardening
Up-cycled plastic bottle
Self-watering

If you liked this video please subscribe here:
 https://www.youtube.com/channel/UC3tq_lxKWEj-1jwhIW6-QNQ?subscribe_confirmation=1 
Please share this video with a YouTuber friend:
https://www.facebook.com/Tomberryzurbangardening
tomberryz@yahoo.com",2020-09-27T10:49:44Z,389,https://www.youtube.com/watch?v=SfAv5nKD5mk
Wrn1754tfSM,Gardeners You Must Follow |Urban gardening | The Affordable Organic Store,"""Beautiful and graceful, varied and enchanting, small but approachable, butterflies lead you to the sunny side of life. And everyone deserves a little sunshine."" - Mohit Rajput

Mohit Rajput an Engineer with +20 Years Experience over Gardening his YouTube Channel "" @Urban Gardening "" has over 1M Subscribers!
He loves gardening as it's a place where he finds himself!
His videos contains step by step easy to understand advices on growing plants and much more!

The Affordable Organic Store wishes Mohit a very good luck for all his future ventures!
.
.
.
If you are looking for some gardening tools, plant seeds, and manure at an affordable price, do visit The Affordable Organic Store:
https://bit.ly/3mOuSUc

Follow our other Social Media Handles:

Facebook:@theaffordableorganicstore
https://www.facebook.com/theaffordableorganicstore/

Instagram:@the_affordable_organic_store
https://www.instagram.com/the_affordable_organic_store/

Twitter : @Theaffordables_
https://twitter.com/Theaffordables_

LinkedIn : The Affordable Organic Store
https://www.linkedin.com/company/taos-the-affordable-organic-store

Pinterest : @theaffordableorganicstore
https://in.pinterest.com/theaffordableorganicstore

Visit Our Other Playlists:

Gardening Workshops:
https://www.youtube.com/playlist?list=PLJZoLsx7wxF_qBzK1cLUW-Lu219vtCntZ

Unboxing The Affordable Organic Store Products:
https://www.youtube.com/playlist?list=PLJZoLsx7wxF-c0-TJX3l0crDOtsKyw8ub

BUG 2.0- The Reel Contest:
https://www.youtube.com/playlist?list=PLJZoLsx7wxF9G10q8kVzmLwxfZvMgAoDg

Our Videos:
https://www.youtube.com/playlist?list=Pljzolsx7wxf82wnxeccy7flxleiuzpzza
#urban_gardening #TAOS #feature_gardener",2021-07-23T07:04:38Z,1561,https://www.youtube.com/watch?v=Wrn1754tfSM
sWukr_cXPso,Paano magtanim at paramihin ang bunga ng Talong sa Container,"Paano magtanim at paramihin ang bunga ng Talong sa Container
Paano magtanim ng TALONG | How to Grow Eggplant

Paano Gumawa ng Fish Amino acid
https://youtu.be/F5vaIqzil0w

paano gumawa ng CALPHOS
https://youtu.be/S1UY5lsBJzc

Paano Magtanim ng SILI sa Bote ng Softdrinks
https://youtu.be/XluDAbVOKvU

PAano Magtanim ng KAMATIS Plastic Container
https://youtu.be/OldrAt_jIs4

Paano magtanim ng KANGKONG sa Bote ng Softdrinks
https://youtu.be/2i3mBIpvlZc

Paano magtanim ng MUSTASA sa Bote ng Sofdrinks
https://youtu.be/XUAPVk-LRks

#PinoyUrbanGardener #Talong",2020-07-08T13:35:44Z,2492658,https://www.youtube.com/watch?v=sWukr_cXPso
A8XaJGiVpKw,URBAN GARDENING || HARVEST TALINUM || Miss Mugs,"#Plantita
#URBAN
#GARDENING
#TALINUM
#TALILONG

And I Thank you 🙏 

For Business & Collaboration 
Email: mugstea@gmail.com",2019-04-05T07:15:24Z,1057,https://www.youtube.com/watch?v=A8XaJGiVpKw
k1vit0RaqtE,Let’s harvest some homegrown peas! // NYC Urban Garden,,2022-06-07T23:25:39Z,1860,https://www.youtube.com/watch?v=k1vit0RaqtE
XWTIWIlr2f0,Paano gumawa ng Epektibong Garden Soil,"Sekreto sa pagkakaroon ng MATATABANG HALAMAN
Paano gumawa ng Epektibong Garden Soil

Paano Magtanim ng Petchay
https://youtu.be/SSMrM3hsvWc

Paano Magtanim ng KAMATIS
https://youtu.be/OldrAt_jIs4

Paano Magtanim ng SILI sa Bote ng Softdrinks
https://youtu.be/XluDAbVOKvU

PAano Magtanim ng TALONG sa Plastic Container
https://youtu.be/sWukr_cXPso

Paano magtanim ng KANGKONG sa Bote ng Softdrinks
https://youtu.be/2i3mBIpvlZc

Paano magtanim ng MUSTASA sa Bote ng Sofdrinks
https://youtu.be/XUAPVk-LRks

Paano Gumawa ng Fish Amino acid
https://youtu.be/F5vaIqzil0w

Paano gumawa ng CALPHOS
https://youtu.be/S1UY5lsBJzc

#PinoyUrbanGardener #EpektibongGardenSoil",2021-05-20T14:22:00Z,308340,https://www.youtube.com/watch?v=XWTIWIlr2f0
q-cdgGskB1M,How to garden in a city. Urban gardening and Greene’s Fence Company Cedar Raised Garden Bed Review.,"Gardening is one of the best ways to connect with nature!  We will check back in on these beauties later. 

Coastie Merchandise - 
https://teespring.com/stores/coastie-chris
https://shop.spreadshirt.com/coastie-outdoors/

Patreon - https://www.patreon.com/coastie",2021-07-20T01:11:23Z,61,https://www.youtube.com/watch?v=q-cdgGskB1M
iygY4jV7ils,DIY Succulent Dish Garden For Beginners | Urban Gardening Manila,#succulents #philippines #urbangardening #cactus #diy #dishgarden #ceramicpot,2019-10-25T10:19:13Z,9232,https://www.youtube.com/watch?v=iygY4jV7ils
4Iei17PB2J8,Building a No Dig Raised Bed w/Cardboard| Urban Gardening| Spring Garden Prep| March 2022,"Hello Everyone! It is almost Spring!!!!!! Can you tell I am so excited! For a while now I have been thinking about adding another raised bed but did not know exactly where to place it as I wanted to be able to combine both Spring and Summer veggies. So we came up with the idea of extending the raised beds around the others. It has turned out great and  I love the idea of flowers, veggies and herbs growing together forming a beautiful space for both the pollinators and our family. I hope you enjoy this video and thank you for joining us on our journey. I hope you find this video helpful and please like, comment and subscribe. Thank you for watching!

Karen and Maya
Email: sustainablychiclife@gmail.com

I purchased all of our seeds from:

Lowes Home Improvement
Durham Garden Center
The Home Depot",2022-03-20T12:59:54Z,40,https://www.youtube.com/watch?v=4Iei17PB2J8
wMLV7xROAV4,My Mini-Indoor Garden/Urban Gardening/Recycling,Sharing how I transformed a small space in my apartment into a mini- indoor garden.,2022-02-04T05:19:32Z,305,https://www.youtube.com/watch?v=wMLV7xROAV4
ydj4avN8E5Q,Urban Gardening / Backyard to Table Organic Eggplant,"Urban Gardening 
From Backyard to Table
Grow organic and healthy Eggplant in backyard using plastic containers, sacks and other recycable containers",2020-06-27T07:14:59Z,1454,https://www.youtube.com/watch?v=ydj4avN8E5Q
m2aZys2PBXY,How to Plant and Take Care of Cassava - Southwest Florida Urban Gardening,"It's very easy to grow cassava from cuttings.  You may place a cutting vertically or 15 degree in the ground.  It doesn't require much water.

Cassava (manihot esculenta) is also know as yuca, or tapioca.  It is a staple root crop that you can grow very easily in tropical region such as Florida.  It is a beautiful and delicious plant; its leaves are also edible.

Cassava root  is starchy and used as food around the world especially in tropical countries.  Fresh cassava tastes very good, better than potatoes, but as good as yams.  You can eat it steamed or cooked in a dessert.",2019-05-12T15:44:24Z,191,https://www.youtube.com/watch?v=m2aZys2PBXY
XwlqC4d9eKw,Tasha&#39;s Urban Gardening EP4 2021 Early Spring Update,"Here's an early Spring update from Natasha's urban garden in Toronto. Natasha shares how she's doing with her Spring seed planting, progress on her Alyssum seedlings, her veg box preparations and what YOU can be doing in your garden during early Spring to prepare for the summer months.",2021-04-19T16:08:09Z,44,https://www.youtube.com/watch?v=XwlqC4d9eKw
6dtg8qWQPuE,CLIMATE CONVERSATIONS ep4 - URBAN GARDENING WITH GREEN THUMBS,"Climate Conversations is a show produced by Regent Park youth involved with the Focus Media Arts Centre.  In this episode of Climate Conversations, youth hosts Jabin Haque and Victoria Nannetti, engage in a conversation with Sunday Harrison about the work of Green Thumbs Growing kids and the importance of engage youth in community gardening. Sunday Harrison is the Founder and Executive Director of Green Thumbs, a non-profit organization based out of the Daniel’s Spectrum in Regent Park.

Make sure to Like, Comment, and Subscribe!

Subscribe for More ► https://www.youtube.com/user/RegentParkTV?sub_confirmation=1

To translate this video to another language:
* Click CC at bottom right
* Click the gear icon to its right
* Click Subtitles/CC
* Click Auto-translate / Select language you want

Follow us on Twitter ► https://www.twitter.com/regentparkfocus
Like us on Facebook ► https://www.facebook.com/regentparkfocus 
FOCUS Media Arts Centre ► https://www.focusmediaarts.ca

#ClimateConversation, #Environment, #GreenThumbs",2022-03-31T22:12:29Z,27,https://www.youtube.com/watch?v=6dtg8qWQPuE
My6irJtwq_w,Adenium Flower  / Desert Rose Blossoming with Relaxing Music / Urban Gardening / Ecotourism Journey,"#Adeniumblossoming
#Desertroseflower
#Relaxingmusic
#EcotourismJourney

Hi everyone, please enjoy watching this video with adenium or desert rose blossoming harmonizing with relaxing music.  My sister planted this tropical plant grown within our backyard months ago. 

Please also watch the similar video on the forms and types of tourism.

Please hit the bell icon, thumbs up sign, post comment and SUBSCRIBE. Kindly also like my FB Page: 
https://www.facebook.com/EcotourismJourneyph

Disclaimer:
No copyright infringement intended, all photos, sounds, information and video clips used in this resource are purely for instructional or educational and reflections purposes only. No intention to own these and I would like to express my deepest appreciation to give full credits to the rightful owners. Just using these under the fair use policy.

Credit to: 
YouTube Audio Library for the background music.

Thank you very much. Enjoy.",2021-12-01T12:11:13Z,1411,https://www.youtube.com/watch?v=My6irJtwq_w
1CxKrRIN-38,Balkon Makeover | Hochbeet | Geranien DIY | Urban Gardening | Balkon Hack | Transformation,"Urban Gardening auf dem eigenen Balkon? Wir zeigen euch, wie ihr euren Balkon verwandelt, und zwar mit Holzbrettern und Holzkisten á la Upcycling im Naturlook. Mit duftenden Kräutern und kräftig gefärbten Geranien ist dann auch was für alle Sinne dabei – Wohlfühlen und Selbstversorgen garantiert! Seht Step by Step wie ihr kleine Dekorationsideen mit der Geranie umsetzen könnt. Egal ob alte Gefäße, Metallkörbe oder Terrakottatöpfe, sogar vor ausrangierten Kochtöpfen machen wir nicht Halt. Bepflanzt mit Geranien, Tomatenpflanzen und Kräutern in Kombination erstrahlen sie in einem neuen Look und erfüllen einen neuen Zweck. Und besonders für den Südbalkon habt ihr so die richtigen Pflanzen für eine ganze Sommersaison. 
Urban Gardening und Hochbeet gehören einfach zusammen – wir zeigen euch im Tutorial, wie ihr ein günstiges Hochbeet für eure kleinen Sommerblüher oder den aromatischen Kräutergarten baut. Ein einfaches und günstiges DIY, was jedes Selbstversorgerherz höherschlagen lässt.

▸ 00:00 - 00:32: Intro 
▸ 00:33 - 01:57: Balkon Makeover Urban Gardening
▸ 01:58 - 03:26: DIY Idee Hochbeet
▸ 03:26 - 3:52 Abspann

Was ihr benötigt:
• Vier Holzlatten, circa 1,20 lang
• Zwei Holzlatten zum Aufbocken
• Eine Klemme zum Fixieren
• Zwei Holzkisten
• Pflanzen, z.B. Geranien, Tomatenpflanzen und diverse Kräuter
• Folie
• Tonkügelchen
• Erde
• Einen Handtacker
• Eine Schere
• Einen Akkuschrauber und Schrauben

Und so geht’s:

1. Eine Holzkiste aufrecht auf die Holzlatten stellen, in jeder Ecke nun eine der vier langen Holzlatten befestigen. Dazu am besten die Latten mit der Klemme fixieren und oben sowie unten festschrauben. 

2. Nun das Gerüst seitlich legen und die zweite Holzkiste bündig zu den oberen Enden der Holzlatten einsetzen. Das Gerüst auf den Kopf stellen und die Kiste bis zum oberen Ende der Holzlatte drücken. Auch hier mit Schrauben fixieren.

3. Stellt euer Hochbeet-Gerüst auf und deckt das Innere der Holzkiste mit Folie aus. Diese nun am Rand mit dem Tacker befestigen und überstehende Folie mit der Schere abschneiden. 

4. Die Holzkisten erst mit Granulat und dann mit Erde befüllen. Das ist sinnvoll, damit sich keine Staunässe bildet. 

5. Nun nach Belieben die Pflanzen einsetzen, es eigenen sich Pflanzen in verschiedenen Höhen und Wuchsformen. Geranien bringen einen blühenden Eyecatcher und passen farblich perfekt zu Tomatenpflanzen. Duftende Kräuter in verschiedenen Sorten mit weißen Blüten und Blattfärbungen sehen besonders gut als Kombination aus.

6. Die Lücken zwischen den Pflanzballen mit Erde auffüllen, andrücken, angießen – fertig!

Ihr möchtet noch mehr DIY-Ideen für euren Balkon mit Geranien? Passend im nachhaltigen Look haben wir noch ein Tutorial auf unserem Kanal. Mit einem Holzbrett und einem alten Kaffeesack kann man nämlich im Nu eine tolle hängende Upcycling Dekoration kreieren. Zum Video geht’s hier lang https://www.youtube.com/watch?v=zQuJzDFLFP8

Das mit dem Bepflanzen ging euch zu schnell? Kein Problem, auf unserem Kanal findet ihr einen Pflegefilm, der euch genau beschreibt, wie man Geranien pflanzt und versorgt. Schaut einfach auf unserem Kanal oder unter diesem Link: https://www.youtube.com/watch?v=YGX9IyRpviA

Und wo ihr schonmal hier seid – schaut euch auch unsere weiteren DIY Videos an, gebt uns ein „Gefällt mir“ und abonniert unseren Kanal für ganz viel Geranienfreude einen ganzen Sommer lang.

Schaut auch hier vorbei:
www.facebook.com/myGeraniumbyPfE
www.instagram.com/mygeranium
Für die Presse: https://meine-geranien.de

Urban gardening on your balcony? We'll show you how to transform your balcony with wooden panels and crates for rustic style upcycling. With fragrant herbs and brightly coloured geraniums, there's something for all the senses – sustainable ideas and easy care, guaranteed! Watch, step by step, how to create simple decor projects with geraniums. Whether it's old containers, metal baskets or terracotta pots, we’ll even experiment with old cooking pots. Planted with a combination of geraniums, tomato plants and herbs, they all shine in their new look and purpose. Especially for those with sun-soaked balconies, you’ll enjoy perfect plants all summer long.   
Urban gardening and raised beds belong together – in our tutorial you’ll learn how to build an inexpensive raised bed for your summer blooms and aromatic herb garden. It’s a simple and budget-friendly DIY sure to make eco-conscious hearts beat faster.

What you need:
• Four wooden slats, approx. 1.20m long
• Two thick wooden slats for raising off the ground
• One clamp for fixing
• Two wooden crates
• Plants, e.g. geraniums, tomato plants and various herbs
• Garden sheeting
• Clay pebbles
• Soil
• A staple gun
• A pair of scissors
• A cordless screwdriver and screws",2022-04-07T15:00:01Z,9682,https://www.youtube.com/watch?v=1CxKrRIN-38
Tz45BhaiBkU,Urban Gardening Webinar (Techniques in Planting Vegetable Crops),"This video is a Webinar about Urban Gardening. It talks about the techniques in planting different vegetable crops. Fertilizer application and proper pruning techniques were also discussed. 

#UrbanGradening #TechniquesInPlanting",2020-12-21T13:40:19Z,445,https://www.youtube.com/watch?v=Tz45BhaiBkU
P-hSa3-0dhA,#dailyvlog Small Garden | balcony garden| urban gardening | silent vlog | Aesthetic Vlogs,,2022-07-10T11:03:31Z,14,https://www.youtube.com/watch?v=P-hSa3-0dhA
hwKCnDTSqM0,Plants We&#39;re Growing in Our Spring Garden| Urban Gardening| Spring time| March 2022,"Hello Everyone! It is almost Spring!!!!!! Can you tell I am so excited! Today we are taking a walk through the garden to show you all that we have planted thus far. We are in the early phase so if we run into any frost I can still replace most things.  I hope you enjoy this video and thank you for joining us on our journey. I hope you find this video helpful and please like, comment and subscribe. Thank you for watching!

Karen and Maya
Email: sustainablychiclife@gmail.com

I purchased all of our seeds from:

Lowes Home Improvement
Durham Garden Center
The Home Depot",2022-03-27T13:59:02Z,26,https://www.youtube.com/watch?v=hwKCnDTSqM0
HoPJLUYg_Lk,Tomato Cuttings How To Tips &amp; Spotting Diseases Texas Urban Gardening,"#tomato #tomatoes #gardening #texas #urbangardening 
Welcome to Beccas Homestead @BeccasByTheBay
Shop My Etsy Https://www.etsy.com/shop/beccasbythebay
For Natural Goat Milk Soaps, Lotions Soy Candles Shaving Pet Shampoo
For Acne Dry Sensitive Eczema & Psoriasis Skin Care
.
My Social Media Links https://linktr.ee/BeccasByTheBay
Tomato Cuttings How To Tips & Spotting Diseases Texas Urban Gardening
1. Always Have Clean Hands
2. Always Have Clean Tools
3. Clean or new pots
4. Soilless medium Peat Moss Pearlite
5. Bottom Watering or water at the base only no wetting the leaves
6. Fertilome Rooting hormone
7. Spring or filtered water
8. remove any blossoms
If you have anymore tips please share them we are all here to help & learn
Thanks so much
Blessings
Becca & Wayland",2022-04-30T17:55:04Z,16,https://www.youtube.com/watch?v=HoPJLUYg_Lk
la05ey3kwSU,Urban Gardening in Doha Qatar,Urban Gardening in Doha Qatar,2021-04-14T19:33:43Z,704,https://www.youtube.com/watch?v=la05ey3kwSU
CyxEq3JCF_c,Morgentaugärten   Urban Gardening Projekt,,2022-01-23T13:53:28Z,14,https://www.youtube.com/watch?v=CyxEq3JCF_c
0GYq06BcYY4,Urban gardening part 2 | Apartment Gardening | grow your own vegetables|Dream Geniee Talks,Mr sham prasad and Lakshmi Mam have created some beautiful Garden at their Apartment Building and have some good advice for people and builders who are interested in vegetable garden. Watch their First part to have a look at their Terrace Garden... #Gardening #dowhatyoulove #growyourfood #vegetable #flowers #lemon #mangoginger,2020-12-27T09:15:32Z,162,https://www.youtube.com/watch?v=0GYq06BcYY4
IB1IOw-fekI,How to ATTRACT Birds in Urban Gardening|Tips on baths &amp; feeder,"Do you love birds? Know the tips for attracting beautiful birds in your garden. By making few arrangements like bird bath, bird fountain, seed feeder you can easily attract birds in urban garden. Arrange bird baths and fountains made of terracotta, concrete or any other material. Provide seed feeder for hungry birds. Arrange space for nest or cages for bird house. Create atmosphere for protection in rainy season, summer season. By applying these tips you can attract birds in urban garden homes. This created environment will provide friendly spaces for birds in urban gardening and soon birds will start tweeting in your garden.",2020-06-03T12:15:00Z,255,https://www.youtube.com/watch?v=IB1IOw-fekI
bzJLRu5X5Dk,FULL GARDEN TOUR| JULY 2022| URBAN GARDEN|#growyourownfood #gardening #gardentour,"It's time for July's garden tour!!!!!! 

Natural Mosquito Repellent I use
https://amzn.to/3yi4dW8

Lavender I use:
https://amzn.to/3IizL2t

Citronella I use:
https://amzn.to/3Av2hfq

WISH LIST

https://www.amazon.com/hz/wishlist/ls/GUFWL6214EJH?ref_=wl_share

IG: ourfreedomsong
Email: ourfreedomsong@gmail.com
#urban #urbangardener #chickencoop #chickencooptour
#gardening #garden #growyourownfood
#vlog #homestead #homesteading #zone8b
#beginnergarden #notill #simplegarden #easygardening #diyplanters #diygarden #containergardening #patiogarden #blackgirlsgarden #homemaking #homemakingwithme #smallspacegarden #blackfarmers #blackfamily #christianfamily #christianfamilyvlogs #homemaker  #garden #gardenscapes #gardentour #gardeningtips #gardens #gardenideas #gardener #beautifulgardens #beautifulgarden #frontyardgarden #frontyard #frontyardlandscape #easylandscape #ediblelandscape 


Galatians 5:1-26
1 It is for freedom that Christ has set us free.",2022-07-13T12:57:21Z,761,https://www.youtube.com/watch?v=bzJLRu5X5Dk
_s9Rn5cpMM0,"Urban gardening, solusyon sa kakulangan ng pagkain at polusyon sa lungsod","Urban gardening, solusyon sa kakulangan ng pagkain at polusyon sa lungsod",2022-07-14T11:30:15Z,6,https://www.youtube.com/watch?v=_s9Rn5cpMM0
TAOwVPUeKOs,AGRISTORYAHAY sa ATI Webinar Series on Urban Gardening Episode 4,AGRISTORYAHAY sa ATI Webinar Series on Urban Gardening Episode 4,2020-07-01T04:04:36Z,483,https://www.youtube.com/watch?v=TAOwVPUeKOs
VTHPpPUscKs,&quot;PROJECT HALAMAN&quot; | DIY LANDSCAPING | MINI GARDEN | URBAN GARDENING | ECQ VLOG,"#Gardening #MiniGarden #DiyLandscaping #Garden #HouseGarden #UrbanGardening #UrbanGardeningPhilippines #HowtomakeSimpleGarden #HomeGardening #ECQVlog #MommyEyzVlogs #MommyEyz

*For better quality Please watch in HD*

""Nothing compares to the joy of being a mommy! Join me, and my awesome family  as we go an adventures, try out food and stuff, and so much more! I'm also a professional make up artist so expect to see reviews and tutorials on this channel. Don't forget to like and subscribe!""

Good Vibes and Positive Vibes only Friends....
☺️😊😊
Be KIND to others....

THANK YOU GOD BLESS 💖

YOUTUBE CHANNEL:
https://www.youtube.com/c/MommyEyz

FB PAGE: https://www.facebook.com/mommyeyz/

IG PAGE: https://instagram.com/mommy_eyz?igshid=1bt0xmtykkmgn

TIKTOK: http://vt.tiktok.com/dYSXNt/",2020-05-06T14:16:43Z,369,https://www.youtube.com/watch?v=VTHPpPUscKs
pb295aQAtoI,"Balcony Garden Tour || Grow your own food || Urban Gardening || Fruits, Vegetables and Kitchen Herbs","Hello Everyone! 

Kumusta po kayong lahat?

May mga nagtatanong kung bakit ndi na daw ako nagluluto or active sa YOUTUBE?

So heto na po ang isa sa dahilan! Ang aking pagiging PLANTITA! Hehe!

Nag start akong mag garden 2 months ago (April) dahil nag start ng gumanda ang weather dito sa Germany dahil pa Summer na. Ma-trabaho at magastos siyang gawin but it is worth it! 
Heto na din ang pinaka stress reliever ko. LOL! 

So far heto na po ang hitsura ng aking Edible Balcony Garden. Soon i will tour you sa aking Flower Garden naman! Enjoy watching! :)

Plant List:
1. Basil
2.Lavender
3.Rosemary
4.Sage
5.Thai Basil (Nakalimutan kong ipakita sa video haha!)
6.Green Bellpepper
7.Spinach
8.Green/Spring onion
9.Gurke/Cucumber
10.Parsley
11.Kangkong
12.Pak Choi/Pechay
13.Red Bellpepper
14.Thyme
15.Okra (Ndi na lumaki, LOL)
16.More Basil
17.Mint
18.Kalabasa
19-23. 5 Different kinds of Tomatoes 
24. 2x Jalapeno
25. 2x Cayenne Pepper
26. 2x Peperoni
27. Lemongrass
28.Laurel
29.Red radish
30.Blackberry
31.Blueberry
32.Strawberry 
33.Mulberry
34. Ruccola
and more to grow........ :)",2021-06-12T08:45:12Z,135,https://www.youtube.com/watch?v=pb295aQAtoI
zHHgIGPbux4,Creating No Dig Zones Throughout the Garden| Raised bed Urban Gardening| Springtime April 2022,"Hello Everyone! Today we are sorting out all of the growing zones in our garden. We are making plans to add crush and run gravel to our driveway as well as between the raised beds to help prevent so many weeds.  We are in the early phase of planning so if we run into any issues we don't have to dig beneath tons of rock in order to correct the problem.  I hope you enjoy this video and thank you for joining us on our journey. I hope you find this video helpful and please like, comment and subscribe. Thank you for watching!

Karen and Maya
Email: sustainablychiclife@gmail.com

I purchased all of our seeds from:

Lowes Home Improvement
Durham Garden Center
The Home Depot",2022-04-24T15:33:19Z,29,https://www.youtube.com/watch?v=zHHgIGPbux4
KT_kxrIjRL8,URBAN GARDENING - DOES GARDENING REALLY WORK IN CITIES?,"Wednesday, 24 November 2021
5 PM (GMT+7)
With Tim Schumann, Jens A. Geissler, Sigit Kusumawijaya, Winartania, Veerawan Katanyuvivad and Pattarasuda Anuman Rajadhon
The word “urban” first appears to be antagonistic to “gardening”. When we think about growing plants, we think of urban as a place where people live far from nature. As part of the “Goethe is(s)t scharf” project, the second live talk is entitled “URBAN GARDENING – Does gardening really work in cities?”",2021-11-24T23:10:04Z,125,https://www.youtube.com/watch?v=KT_kxrIjRL8
-mSqLfWGF_0,Urban Gardening (CROPSCI2),For educational purposes only,2022-06-23T22:42:04Z,3,https://www.youtube.com/watch?v=-mSqLfWGF_0
_5nq5rVsYo0,Urban gardening  |  Bringing nature to our backyard | Studio vlog No. 31,"Urban gardening with Pieni kasvikauppapa  |  Bringing nature to our backyard. Studio vlog No. 31   
Exactly six months ago, Taija opened a Pieni kasvikauppa (Tiny Plant Shop https://www.pienikasvikauppa.fi/)  just close to my studio in Kallio.
She helped me plant my ""urban backyard garden,"" which has never looked so good. Thank you, Taija!

We visited the wholesale market for more flowers. That is just next to ""Teurastamo"" https://teurastamo.com/en/  must place to discover in Helsinki (it has restaurants & bars and small producers in an old slaughterhouse area from the 1930s, reborn as food & city culture hub open for everyone. 

Thank You, Huy! This video was filmed and edited by Huy Trần Quang https://www.instagram.com/Humo.shutter

#urban #gardening #backyard #studio #vlog

Thank you so much for watching my videos. Let´s stay connected by subscribing and don't forget to hit the bell icon so that you can get all notifications for every new video.
https://udumbara.fi/

💢💢 Stay Connected with Social Media: 
💟 website: (https://www.finnishdesigners.fi/portfolio/eva.spoof)
💟 Instagram: (https://www.instagram.com/udumbara_helsinki)
💟 Facebook: (https://www.facebook.com/UdumbaraHelsinki)
💟 Twitter: (https://twitter.com/udumbara_hki)



👉 If you enjoy this video, please like this video and share it with your friends.
👉 Don’t forget to subscribe to this channel for more updates.
👉 Subscribe now: https://www.youtube.com/c/UDUMBARAHelsinki

#CeramicartistEvaSpoof #UDUMBARAStudio #Earth-friendlypottery.",2021-06-05T18:16:44Z,80,https://www.youtube.com/watch?v=_5nq5rVsYo0
xK-mDuDjWv8,How to plant Vietnam Rose / Urban Gardening,"How to plant Vietnam Rose,
Urban Gardening
Recycled Plastic Bottle,
Reduce, Resuse, Recycle,
3R,
Environment,
Climate Change,",2021-04-04T13:56:37Z,362,https://www.youtube.com/watch?v=xK-mDuDjWv8
Q5Wgyp-Fxmc,Urban Gardening Training,"Urban Farming Training need of time.
Pollution is a big hurdle in Civic Society.
Let's Start with Composting and Bio-Enzyme Prepration, this way Urban Pollution can be reduced in short time.
Awareness and Training is a key to Reduce all type of Pollution.
Segregation and Domestic Waste Management can be done by Citizens in personal.
In House, Society, City and State Level Programe can support to Reduce City's Garbage from everywhere.
To get knowledge contact-9818789315
E.mail: pravinmishra007@gmail.com",2021-12-11T18:23:00Z,651,https://www.youtube.com/watch?v=Q5Wgyp-Fxmc
6CjHFg9G5R4,Urban Gardening als Hobby? | Real Stories Deutschland,"Nachhaltigkeit steht hoch im Kurs. Vor allem in den Großstädten Deutschlands boomt der Trend: Vom Urban Gardening über autarke Landwirte bis hin zum Zero Waste-Lifestyle. Doch ist es wirklich bloß ein Trend oder viel mehr als das? Wir begleiten drei verschiedene nachhaltige Lebensformen und Projekte in München!

Abonniere unseren Channel um kein Video mehr zu verpassen: https://bit.ly/3pgYrPp

In der Reihe „Zeitgeist“ begleiten wir Trendsetter in der bayerischen Landeshauptstadt. Trends lassen sich in allen Gesellschaftsschichten finden, sie sind so unterschiedlich wie die sie ausübenden Personen. Von innovativ zu halsbrecherisch, von nachhaltig zu lukrativ. Nicht jeder Trend spricht eine breite Masse an und nicht jede Entwicklung ist „Mainstream“ tauglich. Den Trendbetreibern ist dies oft nicht wichtig oder gar gleichgültig, sie wollen mit ihrem Tun das Leben genießen und den Tag authentisch nach ihren eigenen Regeln gestalten. Die Grenzen zwischen reinem Spaß an der Sache und der Kommerzialisierung einzelner Trends verlaufen oft fließend. Wir finden die unterschiedlichsten Menschen und ihre spannenden Lebensentwürfe.
#nachhalitgkeit #dokumentation #realstoriesdeutschland

--

Themen in diesem Video: ▼ 
00:00 Intro
01:20 Urban Gardening
07:04 Autarke Gemüsebauern 
10:53 Zero-Waste Lifestyle
14:17 Outro

--

Real Stories Deutschland ist dein Zuhause für Dokumentationen und Reportagen! Egal ob Geschichtsdokus oder außergewöhnliche Menschen, hier findest du die spannendsten Inhalte.
Fünfmal pro Woche gibt es neue Dokus auf Deutsch.
Der Inhalt wird vom jeweiligen Rechteinhaber lizenziert.

► Abonniere unseren Geschichts-Channel: https://bit.ly/3t8O2cb 
► Abonniere unseren Tierdoku-Channel: https://bit.ly/3w9exQC
► Abonniere unseren Reportage Channel https://bit.ly/3QDyabr
► Folge uns bei Instagram: https://www.instagram.com/realstoriesde/
► Folge uns bei Facebook: https://www.facebook.com/realstoriesde
► Folge uns bei TikTok: https://www.tiktok.com/@realstoriesde",2022-06-21T16:00:02Z,1612,https://www.youtube.com/watch?v=6CjHFg9G5R4
bMOy4QHdR3A,2021 GARDEN TOUR - Week 4 - URBAN GARDENING in Canada Zone 5B,"Join me as I give you a quick update of my two very different urban gardens.  They are just about to bless us with an abundance of food. I live in Canada and this is what I grow in zone 5B.  

For the complete list and links to the different varieties I am growing, visit my blog www.veggiechompers.com.
______________________________________________ 

WELCOME TO VEGGIE CHOMPERS 
I’m on a journey to homesteading. I dream of owning a farm where I can grow all my food and live a sustainable and meaningful life. In the meanwhile, I find ways to be self sufficient in an urban environment.

There are no affiliate links or sponsor in this video or in this description. 
 ______________________________________________ 

Blog : www.veggiechompers.com 
Instagram : veggie_chompers
______________________________________________ 

MUSIC 
Sarah, The Instrumentalist – Red Ruby : https://www.epidemicsound.com/track/3R1UbmU76L/",2021-07-11T13:59:53Z,73,https://www.youtube.com/watch?v=bMOy4QHdR3A
0Pi2BXquQ2o,EFFECTIVE WAY FOR ABUNDANT GARDEN/ORGANIC URBAN GARDEN HARVEST/CONTAINER GARDENING/BEST FERTILIZER,"#MY_ORGANIC_URBAN_GARDEN
#SIMPLE_FRUGAL_LIFE
#EFFECTIVE_WAY_FOR_ABUNDANT_GARDEN_HARVEST
#REGROWING_FOOD
#BEST_AND_MOST_EFFECTIVE_FERTILIZER
#START_GARDENING
#STOP_HUNGER


          I'm grateful that after all the sacrifices and efforts,now I enjoy harvesting herbs and veggies in my organic urban garden,I fell happy and excited everytime I pick bunch of fresh food.Thanks to GOD for all the blessings.We really save alot of money for we no longer buy herbs and veggies.Certified safe,fresh and healthy.
           I hope this would inspire others to start their own organic garden at home,regrowing veggies from scratch,harvest and serve healthy and delicious food for their family.
           Happy Gardening Everyone!!!Keep Safe...GOD bless us all...


          I use this platform to share ideas about cooking,gardening,D I Ys,and more tutorials,and my goals in life on how to live life in a simple and frugal way...We can achieve genuine happiness in simple things we have.Especially through GOD,our ALMIGHTY FATHER,with HIM and by HIM,we can be truly successful in life.Remember,LIFE IS WORTH LIVING NO MATTER WHAT BECAUSE GOD IS WITH US...OUR LIFE'S MAIN PURPOSE IS TO PRAISE AND WORSHIP GOD...
         I'm also sharing the WORD of GOD which is the FOOD for our SOULS,the most important food everyone should consume that gives us ETERNAL LIFE,a gift from our HEAVENLY FATHER through HIS ONLY BEGOTTEN SON JESUS CHRIST.
         WE CAN DO NOTHING WITHOUT GOD...WE ARE NOTHING WITHOUT GOD... GOD WITHOUT MAN IS STILL GOD,BUT MAN WITHOUT GOD IS TOTALLY USELESS AND NOTHING...FOR WITH GOD NOTHING SHALL BE IMPOSSIBLE...
         ALL THE GLORY TO GOD !!!",2021-03-23T09:41:03Z,416,https://www.youtube.com/watch?v=0Pi2BXquQ2o
u04X_GJdCjQ,Urban Gardening: Nara Garden/Flower Festival 2010,www.serene-gardens.com presents this video about Urban Gardening in Japan. The background music is my shakuhachi Japanese bamboo flute music. For more info about the festival please visit the above site.,2010-10-25T06:03:14Z,1264,https://www.youtube.com/watch?v=u04X_GJdCjQ
4-6RbPOVvjI,Dr Caroline Goodson - Urban Gardening in Early Medieval Italy,"From the Wednesday seminar series in the School of Archaeology and Ancient History.

In this seminar, Dr Caroline Goodson explores the social upheaval that disrupted the Italian peninsula in the early Middle Ages through urban gardens. Using various documentary and archaeological sources, Caroline first shows that food-growing gardens appeared contemporaneously with counter-urbanisation in the 5th and 6th centuries, and that productive urban gardens were uncommon in the imperial era. She offers a number of well-illustrated examples, ranging from individual households to entire neighbourhoods from the 5th to 11th centuries, showing how productive gardens were common at domus and in ecclesiastical charters. In her evaluation, Caroline critiques the assumption that urban gardening was an indicator of 'decline', and instead shows that urban gardens played vital social and religious roles; they had Christian significance as religious houses adopted productive gardens. In the end, Caroline concludes that urban gardening should not be seen as barometers of decay, but as a reorganisations of production and a change in values.

Dr Caroline Goodson is a senior lecturer in Early Medieval Archaeology at the University of Cambridge. Her research is interested in political development, especially social/political power, in western Europe and northern Africa in the aftermath of the Western Roman Empire, c. AD 500-1100",2021-03-25T13:24:32Z,113,https://www.youtube.com/watch?v=4-6RbPOVvjI
w8tUYoXx7RI,Urban Gardening Display Michigan Avenue Chicago Illinois 4,"Urban Gardening Display Michigan Avenue Chicago Illinois

#chicago #Funnybee #gardening",2021-07-25T00:44:14Z,22,https://www.youtube.com/watch?v=w8tUYoXx7RI
GuHQ6cQmVlg,From perfect to too big in one day! #summerveggies #shorts #urbangardening,,2022-07-14T14:42:53Z,567,https://www.youtube.com/watch?v=GuHQ6cQmVlg
y-3UbkB4214,Harvest from Mini Garden Kolkata🌿Urban gardening 🌻 Praise God for abundance ❤️,"Hello Guys!!

It's been a long time since I last uploaded my video. This season we harvested many vegetables from our mini kitchen garden. I couldn't capture all in video but I have complied some of our harvest. I enjoy gardening and most important harvesting greatly!!! I hope you all will also enjoy my video as much as I do❤️

Thank you^^
God Bless❤️

Background music credit: 

(No Copyright) Relaxing Music-Relaxing Jungle Sound with Birds, Nature-Meditation & Stress Relief
https://youtu.be/pWKCx717lFU",2021-06-28T12:09:04Z,451,https://www.youtube.com/watch?v=y-3UbkB4214
W9l1tfGS0Rc,Pre-Harvest My Peanut..URBAN GARDENING..,,2022-06-02T13:25:59Z,160,https://www.youtube.com/watch?v=W9l1tfGS0Rc
2R-_nzW4e0g,URBAN GARDENING STYLE PLANT PICTURE COMPILATION,"This is the compilation of images from previous years for my urban style gardening. Hoping it would inspire someone

Music background: Alan Walker - Spectre (15 minute version)
License: Creative Commons Attribution license (reuse allowed)",2020-08-27T01:24:22Z,1009,https://www.youtube.com/watch?v=2R-_nzW4e0g
vn-_QX6SNqs,Ramgo Seeds | Urban Gardening Mom Visits Agrilink 2019,"Urban Gardening Mom visits the recently concluded Agrilink event held at The World Trade Center in Pasay City last Oct 3-5, 2019.

Urban Gardening Mom talks to companies that caters to Urban Gardeners, To learn what is new and what can we expect from them in the future.",2019-10-10T13:43:22Z,749,https://www.youtube.com/watch?v=vn-_QX6SNqs
wUvsGG5Z6g0,KABOCHA UPDATE | 1 MONTH LATER | URBAN GARDENING ZONE 7,I'm giving you an update on my kabocha that was planted about 2 months ago.  Enjoy this short video!  Please like and subscribe.,2020-07-26T18:46:58Z,102,https://www.youtube.com/watch?v=wUvsGG5Z6g0
DSv7yUmGaIA,Ating Alamin Today with Ka Gerry  and Urban Gardening featuring Pipino,,2021-08-28T13:26:49Z,126,https://www.youtube.com/watch?v=DSv7yUmGaIA
StxQ7IqgN5M,"GROW FOOD IN RAISED BEDS, HOMESTEAD URBAN GARDENING",WE DID IT !!!!!!!!!!!!!!,2022-02-12T21:19:35Z,32,https://www.youtube.com/watch?v=StxQ7IqgN5M
UxTRsNFVZTA,Chrysanthemum Veraities of My Garden @Urban Gardening #crysanthemum #flowers #guldaudi,"This video is totally based on my crysanthemum collection.Veraities of Crysanthemum of my garden. Now There are 16 veraitiea in my garden. They are described with names. If u know other Veraities then tell me in comment box, it's a request. Crysanthemum is known as guldahudi, Sebati and in odia it's called Sebati. Its the Queen flowers of winter season. It blooms in large amount, so it's looks very beautiful. Its a perrenial plant. Its Winter season flower. If you can take care of this in rain or summer it's gives flower in next year also. I have so many plants of Crysanthemum which are with me from13 or 14 years or some are 8 to 9 years.  Its wants a little case in summer or rainy season. I'm rainy season the roots are destroyed due to much water so u can take necessary steps to avoid these types of conditions. In summer u can water it daily basis. If once protect these plants then it's gives flower in rainy season. I will tell u in next video that the way u can recreate new plants from older plants and the care, potty mix, manure etc. So friends take care like, share and gives your valuable comments to me don't forget to subscribe. Bye bye, Thank u. Namaste @Home Garden 

#crysanthemum #flowers #plants
other video links below

https://youtu.be/3PK9mP4ozxo

for crysanthemum care

https://youtu.be/GBL0FYu3ybA

https://youtu.be/1FzvXB7oPAQ",2022-02-27T15:04:43Z,199,https://www.youtube.com/watch?v=UxTRsNFVZTA
gKBlCgCaDPc,Southern California urban garden,,2022-07-14T22:04:51Z,92,https://www.youtube.com/watch?v=gKBlCgCaDPc
inmIkqSVatI,Urban garden growth,,2022-07-12T17:59:58Z,67,https://www.youtube.com/watch?v=inmIkqSVatI
vFbJvXHMJZc,Urban Gardening - Compost Worms,Learn about the compost worms we have in the daycare!,2020-05-19T12:00:24Z,126,https://www.youtube.com/watch?v=vFbJvXHMJZc
du9rM5i_qSg,"You Won&#39;t Believe How EASY Curtis&#39; Method For Shaping Beds Is + Weekly Update For July 4-8, 2022","Don't waste your time with poor techniques - listen in and watch as Curtis shares his EASY method for shaping his terraced garden beds. 

This update was recorded on July 8 and delves into the work Curtis accomplished July 4-8, 2022. 

Are you curious about what Curtis accomplished last week on his homestead? Join From the Field expert Curtis Stone in this new weekly update from his homestead in British Columbia. 


*************

▶️ FREE 7-Day Trial to FromTheField.TV: “It’s Like NETFLIX For Small-Scale Farmers” → http://freetrial.ftf.tv

▶️ Check out the new From The Field YouTube channel → https://bit.ly/3p8s1c4

*************
About Curtis Stone:

Curtis is one of the world’s most highly sought-after small farming educators. His book, The Urban Farmer, offers a new way to think about farming𑁋 one where quality of life and profitability coexist. Today, Curtis spends most of his time building his 40-acre off-grid homestead in British Columbia. He leverages his relationships with other experts to bring diverse content into the homes of gardeners and aspiring small farmers from around the world. Learn more at FromTheField.TV.

*************

Music and Footage commonly used on this channel:

Sweeps - https://www.youtube.com/c/SweepsBeats
Biocratic - http://birocratic.com
The Muse Maker - https://soundcloud.com/themusemaker
David Cutter Music - https://davidcuttermusic.co.uk
https://artlist.io/Curtis-38762
Images - licensed via https://Envato.com
Video Footage - licensed via https://Envato.com
Music - licensed via artlist.io",2022-07-11T21:25:43Z,5742,https://www.youtube.com/watch?v=du9rM5i_qSg
HUiTYiCQ5xo,"I didn&#39;t expect to grow tomatoes on the terrace so many fruits, super easy","I didn't expect to grow tomatoes on the terrace so many fruits, super easy
This is how I mix the soil to grow vegetables at home
https://youtu.be/TZozsisfpmE
Hope useful for you.
Thank for your watching and don't forget subscribe my channel ❤

#growing #terrace #tomato",2022-07-05T11:46:05Z,22968,https://www.youtube.com/watch?v=HUiTYiCQ5xo
ZXFM3c-6ypA,"Small Balcony Transformation | Renter Friendly Balcony Transformation, Urban Gardening, DIY","Like promised I want to take you guys on this journey of my first run at urban gardening on my NYC balcony! This week we have the Balcony Transformation! This transformation transformed me. It gave me a space to step into another world no matter how this current world tries to make me feel. I hope you guys have enjoyed the journey so far and would love it if you continued on it with me. This space is always changing as I'm always bringing new babies home but nonetheless its an oasis. As always thank you for watching!

Find me on Instagram
www.instagram.com/kissenia

Chairs are from Target
https://www.target.com/p/sling-stacking-patio-chair-room-essentials/-/A-82147231?preselect=79785876#lnk=sametab

IKEA Omar Shelf
https://www.ikea.com/us/en/p/omar-shelf-unit-galvanized-10069763/?gclid=Cj0KCQjw5auGBhDEARIsAFyNm9FZDYiWMqHSoJxuwRzD46NPTKNzEovM2xVdGpQhE-bDroMqUz3mz1EaAlZWEALw_wcB

Foldable Balcony Table
https://www.northerntool.com/shop/tools/product_200872529_200872529

Music by frumhere - she called me again - https://thmatc.co/?l=90BB5783
Music by Youngbodzy - Ginger Me (feat. Sheviola) - https://thmatc.co/?l=F88D95B5",2021-06-17T21:42:53Z,191,https://www.youtube.com/watch?v=ZXFM3c-6ypA
ET1x25cupJ0,Urban Gardening | S2E17 | One Painful Year Challenge | PROJECT ZOMBOID BUILD 41 BETA!,"Game Website: http://www.projectzomboid.com/
Developer Forums: http://theindiestone.com/forums/

One Painful Year Challenge By Koester: https://www.twitch.tv/koester
Challenge: 1  painful year challenge settings are : 6 months later + Sometimes alarms, pitch black night, very often locks, sometimes helicopter, Environmental attacks off. Instant zombification. 170h corpse removal. Car locks sometimes, car alarms rare. Zombies can open doors/windows. Zombies trigger alarms. No loot or zombie respawns, 1 week composting time.

Music: The Emperor's New Nikes - DJ Williams

Challenge rules are: 
1) Use the Pillow's random spawn mod.
2) Can only use a hideout once. Once you die, never again. Occupying the same location more than 2 days in a row makes it a hideout. 
3) No use of the world map. Don't let your viewers help you. 
4) Abandon your base and move to a new town every 4 months. You must have moved on the 4th month. You may leave anytime within the prior month, at the earliest. The Country Club is considered its own town. 
5) Disable all other mods (UI mods tolerated). 
6) Add a death counter and personal best to your stream interface.


This is a preview build of Project Zomboid Build 41.  This video recorded from a special preview of Build 41 that the developers of Project Zomboid allowed me to do.  Included in Build 41 are extensive updates to the animations in the game, a new clothing system that includes many new outfits that grant extra protections, and a number of new weapons and items to expand the gameplay.



Project Zomboid is the ultimate in zombie survival. Alone or in MP: you loot, build, craft, fight, farm and fish in a struggle to survive. A hardcore RPG skillset, a vast map, a massively customisable sandbox and a cute tutorial raccoon await the unwary. So how will you die?

The Cromulent Archive - Home of my Twitch VODs: https://www.youtube.com/cromulentarchive
Twitch Channel: http://twitch.tv/cromulentarcher
Patreon►https://www.patreon.com/cromulentarcher
Discord►https://discord.gg/N2SMrKF
Humble Bundle Affiliate Link!► https://www.humblebundle.com/?partner=cromulentarcher
If you liked this video, please consider hitting the Like button. It helps me out a great deal!
Twitter: https://twitter.com/CromulentArcher




#projectzomboid #projectzomboidchallenge #projectzomboidanimation",2020-12-08T18:00:07Z,8650,https://www.youtube.com/watch?v=ET1x25cupJ0
8ratQfAjuDs,🍅🍅 TOMATO GARDEN UPDATE…Urban Garden,"🍅☘️💥 What’s up guys, I just wanted to post a quick update on my Tomato Garden, this was just a test…

I’m learning with every seed planted and Video uploaded, the tomatoes are starting to get big…dont forget to like and subscribe, nothing crazy just a few short videos of my progress, oh and I almost forgot, I also wrote a Best Selling Book…its on Amazon

Laws of Attraction Work, I’ve been Winning the Lottery for over 30 Years…My Book, How I Win the Lottery, Albe ☘️ Available at Amazon,  Link is below…hope I posted it correctly…  Albe 
🍅🍅🍅

#tomatoes #tomatogarden #tinyhouse #gardening 

AMAZON LINK 

https://www.amazon.com/How-Win-Lottery-Number-Prize/dp/B0B1489RDR/ref=sr_1_7?crid=2VXZELKVIKHYK&keywords=lotteries&qid=1652730963&s=books&sprefix=lotteries%2Cstripbooks%2C163&sr=1-7",2022-07-10T13:16:27Z,22,https://www.youtube.com/watch?v=8ratQfAjuDs
ma-Sa1_Ju0w,Tree Ripe Sugar Apple - Southwest Florida Urban Gardening,"In this video, I pick my tree ripe sugar apple and show you how to eat it.  It's very sweet and tastes like custard to some people.  It's a little messy if you're not used to it.  Probably, it's better to use a spoon.
Sugar apple is grown from seeds; therefore, save them for more sugar apples.",2019-07-28T13:15:50Z,212,https://www.youtube.com/watch?v=ma-Sa1_Ju0w
wFYEA6xBM7A,Urban Gardening I love at home ❤ #ytshorts #midaheim,"urban gardening at home
#vegetables #fruits strawberry #blueberry",2022-07-11T11:37:56Z,10,https://www.youtube.com/watch?v=wFYEA6xBM7A
FtvPI5rgA7s,Before &amp; After - June Urban Garden Tour - Gone for 5 days,Hello World! In this video Im showing you guys the garden before I left to Florida for 5 days and after I came back. This was the morning after I came back to NYC.,2022-07-03T16:06:45Z,8,https://www.youtube.com/watch?v=FtvPI5rgA7s
gKucpTkqVY4,【Tokyo Urban Gardening】Restart Rooftop gardening for 2022 First Step: Cleaning up! 東京アーバンファーミング,"Working day of sloth couple🦥

We're gonna start the rooftop gardening for this year.
Here in Japan, the deadline for transplanting summer vegetables is coming soon. Or maybe it's already late:)

Looking forward to a big harvest 😀",2022-05-14T17:17:28Z,1506,https://www.youtube.com/watch?v=gKucpTkqVY4
YBT9lvrr2S0,EPEKTIBONG PAMPARAMI NG MGA BULAKLAK AT BUNGA,"Solusyon sa pagkatuyo at pagkalaglag ng mga bulaklak ng halamang Gulay
EPEKTIBONG PAMPARAMI NG MGA BULAKLAK AT BUNGA

Paano Magtanim ng SILI sa Bote ng Softdrinks
https://youtu.be/XluDAbVOKvU

Paano gumawa ng Epektibong Garden Soil
https://youtu.be/XWTIWIlr2f0

Paano Magtanim ng Petchay
https://youtu.be/SSMrM3hsvWc

Paano Gumawa ng Fish Amino acid
https://youtu.be/F5vaIqzil0w

Paano gumawa ng CALPHOS
https://youtu.be/S1UY5lsBJzc

Paano Magtanim ng KAMATIS Plastic Container
https://youtu.be/OldrAt_jIs4

PAano Magtanim ng TALONG sa Plastic Container
https://youtu.be/sWukr_cXPso

Paano magtanim ng KANGKONG sa Bote ng Softdrinks
https://youtu.be/2i3mBIpvlZc

Paano magtanim ng MUSTASA sa Bote ng Sofdrinks
https://youtu.be/XUAPVk-LRks

#PinoyUrbanGardener #Fermented Fruit Juice",2021-05-31T11:24:00Z,418035,https://www.youtube.com/watch?v=YBT9lvrr2S0
-PzipLey_Rk,Urban Farming - Gärtnern fürs Klima | erlebnis hessen | doku,"Die Gemüseheld:innen wollen Frankfurt zur essbaren Stadt machen - Obst und Gemüse in Parks, auf Grünstreifen und in Vorgärten. Gesunde Lebensmittel vor der Haustür, ohne Transportwege frisch auf den Tisch. Mit mittlerweile 200 Gärtner:innen motivieren sie Stadtmenschen zur Selbstversorgung. Damit möglichst viele mitmachen, um so dem Klimawandel etwas entgegenzusetzen, bieten sie außerdem Seminare und Führungen zum Thema an. 

🎬Mehr erlebnis hessen Filme findet ihr hier in der ARD-Mediathek: 
https://1.ard.de/Erlebnis_Hessen?p=yt
und hier zum Kommentieren auf YouTube:
https://1.ard.de/Erlebnis_Hessen_YouTube?p=yt
▬▬▬▬▬▬▬▬▬▬▬▬▬▬▬ 
🎬Noch mehr spannende Dokus und Reportagen von uns findet ihr hier: https://1.ard.de/Dokus_und_Reportagen?p=yt
▬▬▬▬▬▬▬▬▬▬▬▬▬▬▬
🎬Noch mehr spannende Dokus und Reportagen der ARD findet ihr hier:
https://1.ard.de/Alle_ARD_Dokus_und_Reportagen?p=yt
▬▬▬▬▬▬▬▬▬▬▬▬▬▬▬ 
🎬Unsere Dokus und Reportagen auf YouTube zum Kommentieren findet ihr hier:
https://1.ard.de/Dokus_und_Reportagen_zum_Kommentieren?p=yt
▬▬▬▬▬▬▬▬▬▬▬▬▬▬▬ 
🔔Hier unseren Kanal abonnieren um keine Infos aus Hessen zu verpassen: https://1.ard.de/Kanal_abonnieren?p=yt    
▬▬▬▬▬▬▬▬▬▬▬▬▬▬▬ 
📺Mehr aktuelle Inhalte des Hessischen Rundfunks findet ihr hier: 
https://1.ard.de/hr_in_der_ARD_Mediathek?p=yt 
▬▬▬▬▬▬▬▬▬▬▬▬▬▬▬ 
📰Aktuelle Informationen zu Ereignissen in Hessen findet ihr hier: 
https://1.ard.de/hessenschau_de?p=yt 
▬▬▬▬▬▬▬▬▬▬▬▬▬▬▬ 
📰Aktuelle Informationen zu Ereignissen in Deutschland findet ihr hier: 
https://1.ard.de/tagesschau_de?p=yt
 ▬▬▬▬▬▬▬▬▬▬▬▬▬▬▬ 
📲Ihr wollt nichts verpassen? Folgt unseren Social Media Kanälen: 
hessenschau auf Instagram: https://1.ard.de/hessenschau_Instagram?p=yt 
hrfernsehen auf Instagram: https://1.ard.de/hrfernsehen_Instagram?p=yt 
hessenschau auf Facebook: https://1.ard.de/hessenschau_facebook?p=yt 
hrfernsehen auf Facebook: https://1.ard.de/hrfernsehen_facebook?p=yt
▬▬▬▬▬▬▬▬▬▬▬▬▬▬▬

#urbanfarming #frankfurt #doku",2022-03-10T18:59:48Z,16177,https://www.youtube.com/watch?v=-PzipLey_Rk
CiZOJwkeEpM,URBAN GARDENING,,2022-07-12T08:51:57Z,2,https://www.youtube.com/watch?v=CiZOJwkeEpM
_q_vJZlRLtI,Urban farms facing drought and inflation in western Massachusetts,"This season’s first major storm came through western Massachusetts, bringing with it plenty of rain Tuesday evening.

Stay informed about Massachusetts news, weather, breaking news and investigations! Follow WWLP on our website and social channels: 

https://www.wwlp.com/
https://www.youtube.com/user/wwlp
https://www.facebook.com/WWLP22News
https://twitter.com/WWLP22News
https://www.instagram.com/wwlp22news/",2022-07-14T03:26:55Z,72,https://www.youtube.com/watch?v=_q_vJZlRLtI
gX2mArd5eZQ,Healthy green veggies salad plant from my mini urban gardening🌱☘️🌱Shorts❤️,2 kinds of chards green veggies salad .the white stalk it is Organic  Fordhook Chard.while the 2nd one it's a Swiss Chard,2022-07-14T21:08:47Z,2,https://www.youtube.com/watch?v=gX2mArd5eZQ
TSnZoMpcw3E,Side Garden Clean Up | Urban Garden | Future Veggie Patch | Lots Of Weeding,"#gardening #weeding #cleaningmotivation 
______________________________________

Hey guys, welcome back to another video, or if you're new - 𝐇𝐞𝐲!👋🏻
I would appreciate a big thumbs up to support my video and channel!

I am cleaning up the side of our house to create my tiny #urbangarden 

Don’t forget to 𝐬𝐮𝐛𝐬𝐜𝐫𝐢𝐛𝐞 to my channel and check out my other videos. 
I upload every Tuesday and Friday.

Lots of love, нαуℓєу χo

ITEMS MENTIONED:
Snail Repellant Recipe: https://www.hayleysliquidlove.com.au/?p=800
Hunt & Gather Farmstead Channel: https://www.youtube.com/channel/UCaQBE9WluGxmSXWnix4JIDg

-----------------

♥𝐂𝐨𝐥𝐥𝐚𝐛𝐬/𝐁𝐮𝐬𝐢𝐧𝐞𝐬𝐬 𝐄𝐦𝐚𝐢𝐥:
𝚑𝚊𝚢𝚕𝚎𝚢𝚙𝚞𝚣𝚎𝚢@𝚘𝚞𝚝𝚕𝚘𝚘𝚔.𝚌𝚘𝚖 

𝐅𝐨𝐥𝐥𝐨𝐰 𝐌𝐞 | ♥
𝙸𝚗𝚜𝚝𝚊𝚐𝚛𝚊𝚖: https://www.instagram.com/hayleypuzey 
𝙸𝚗𝚜𝚝𝚊𝚐𝚛𝚊𝚖: https://www.instagram.com/hayleysliqu...
𝙵𝚊𝚌𝚎𝚋𝚘𝚘𝚔: https://www.facebook.com/groups/70671...
𝚆𝚎𝚋𝚜𝚒𝚝𝚎: http://www.hayleysliquidlove.com.au 

————————————
｡.✿`°𝑀𝓎 𝐿𝒾𝓃𝓀𝓈

𝐂𝐚𝐝𝐞𝐧𝐬𝐡𝐚𝐞 | 𝐇𝐀𝐘𝐋𝐄𝐘𝟏𝟎:
https://cadenshae.com.au/

𝐔𝐫𝐛𝐚𝐧 𝐁𝐫𝐞𝐰 𝐂𝐨𝐟𝐟𝐞𝐞 | 𝐇𝐀𝐘𝐋𝐄𝐘 𝟏𝟎:  
https://www.urbanbrew.co/ 

𝐀𝐥𝐢𝐜𝐞 & 𝐏𝐚𝐭𝐫𝐢𝐜𝐤 𝐂𝐥𝐨𝐭𝐡 𝐍𝐚𝐩𝐩𝐢𝐞𝐬 | 𝐂𝐨𝐝𝐞: 𝐇𝐀𝐘𝐋𝐄𝐘𝐏𝐔𝐙𝐄𝐘
https://aliceandpatrick.com/?ref=https%3A%2F%2Faliceandpatrick.com%2Fhayleypuzey 

𝐋𝐮𝐯𝐢𝐫𝐢 𝐂𝐨𝐬𝐦𝐞𝐭𝐢𝐜𝐬 | 𝐂𝐨𝐝𝐞: 𝐇𝐚𝐲𝐥𝐞𝐲𝟐𝟎:
https://luviricosmetics.com.au/ 

𝐒𝐚𝐭𝐮𝐫𝐞𝐞 𝐑𝐞𝐟𝐞𝐫𝐫𝐚𝐥 𝐋𝐢𝐧𝐤 | $𝟏𝟎 𝐎𝐟𝐟:
http://saturee.refr.cc/hayleypuzey

𝐂𝐥𝐞𝐚𝐫𝐏𝐇𝐎𝐍𝐄 𝐑𝐞𝐟𝐞𝐫𝐫𝐚𝐥 𝐋𝐢𝐧𝐤:
https://clearunited.com/r/hayleypuzey

𝐌𝐲 𝐝𝐨𝐓𝐄𝐑𝐑𝐀 𝐒𝐡𝐨𝐩:
https://www.mydoterra.com/hayleysliquidlove/#/

𝐇𝐨𝐰 𝐓𝐨 𝐆𝐞𝐭 𝐄𝐬𝐬𝐞𝐧𝐭𝐢𝐚𝐥 𝐎𝐢𝐥𝐬:
https://www.hayleysliquidlove.com.au/?page_id=8

𝐌𝐲 𝐁𝐥𝐨𝐠:
https://www.hayleysliquidlove.com.au/

𝐊𝐢𝐰𝐢 𝐂𝐨 𝐃𝐢𝐬𝐜𝐨𝐮𝐧𝐭 𝐋𝐢𝐧𝐤:
https://www.kiwico.com/Refer?i=HayleyP31

🎵 𝐌𝐮𝐬𝐢𝐜 𝐁𝐲 𝐄𝐩𝐢𝐝𝐞𝐦𝐢𝐜 𝐒𝐨𝐮𝐧𝐝𝐬:
referral link: https://www.epidemicsound.com/referral/8ohnv0/",2022-07-13T09:46:57Z,76,https://www.youtube.com/watch?v=TSnZoMpcw3E
GmUsWof5tlo,Summer garden tips and tour - deadheading plants is a priority,"Deadheading plants helps keep your summer garden flowering for longer, but not all flowers should be deadheaded. Find out how and when to deadhead, and which flowers are better not deadheaded, in this summer garden tips and tour. 
00:00 Welcome
00:08 The Middlesized Garden - weather and climate
01:11 What is deadheading?
01:22 Why deadheading creates more flowers in your garden
01:40 Which flowers should you NOT deadhead?
03:39 How to deadhead roses
05:20 A tip for dealing with black spot on rose leaves
05:41 Sarah Raven plants, books, courses, accessories: https://www.sarahraven.com/
05:57 Salvia nursery Dyson's Salvias https://www.dysonsalvias.com/ are based at Great Comp Garden: https://www.greatcompgarden.co.uk/
06:09 Plants to deadhead include cosmos, dahlias, penstemons, delphiniums, bedding plants including pelargoniums and other plants which flower again in the same year.
06:12 How to deadhead plants
06:25 How often should you deadhead? (As often as you can manage, if there are dead flowers!)
06:31 How to make a flower border look amazing: https://youtu.be/qxVxUDkiwWs
06:59 These are the snipper I bought on Frances' recommendation. Note that links to Amazon are affiliate and help support this channel (see below): https://amzn.to/3ytUZ9n
07:11 Should you pinch out young cosmos plants?
08:40 Growing alchemilla mollis in the cracks between pavers
09:24 Deadheading or 'cutting back'? 
09:42 Should you deadhead lavender?
09:53 The best way to prune English lavender (blog post): https://www.themiddlesizedgarden.co.uk/absolutely-best-way-prune-english-lavender-beautifully/
10:26 Garden tips and tours playlist 2022: https://youtube.com/playlist?list=PLrZRLHPUbGmCMTHsrzOgjAXx3pQxRkevn

For garden ideas, gardening advice, garden design and landscaping ideas for your garden or backyard, subscribe to the Middlesized Garden YouTube channel here: https://www.youtube.com/c/ThemiddlesizedgardenCoUk

Whether you love English garden style, cottage gardens or contemporary urban gardening, The Middlesized Garden has gardening advice and garden ideas for you.

Weekly videos cover gardening advice and garden design  - from small space gardens to middle-sized garden landscaping - plus garden tours and tips for container gardening. 

The Middlesized Garden practices sustainability, wildlife gardening and no till methods. If your garden backyard is smaller than an acre, join us and enjoy your garden even more!
The Middlesized Garden Complete Guide to Garden Privacy is available in Kindle or paperback in 13 countries (in English only). If you'd like your garden to feel more private, click here for availability in your country: https://www.themiddlesizedgarden.co.uk/books/the-complete-guide-to-garden-privacy/

#gardening #gardendesign #backyardgarden

For small and middlesized backyards and gardens....
See The Middlesized Garden blog: http://www.themiddlesizedgarden.co.uk/

For Amazon storefront see: https://www.amazon.com/shop/themiddle-sizedgarden
Note: links to Amazon are affiliate which means I get a small fee for qualifying purchases. It doesn't affect the price you pay and I only recommend things I use myself or really think you'd like!

More garden ideas on Pinterest:https://www.pinterest.co.uk/midsizegarden/boards/ 
Twitter: https://twitter.com/midsizegarden
Facebook: https://www.facebook.com/themiddlesizedgarden/",2022-07-09T08:43:15Z,61705,https://www.youtube.com/watch?v=GmUsWof5tlo
y2fANRrBC4A,Urban Agriculture,#vit #biosphere #vitchennai #wildlife #urbanagriculture,2022-07-14T10:09:30Z,30,https://www.youtube.com/watch?v=y2fANRrBC4A
Ll0dueFtHpE,Gardening ideas for home small space | Pvc pipe garden ideas | Pvc pipe in garden,"gardening ideas for home small space,urban gardening,gardening ideas for home vegetable,gardening ideas for home in usa,gardening ideas for home plastic bottles,gardening ideas for home front yard,gardening ideas for home for beginners,vertical garden wall,diy garden,urban gardening potatoes,diy gardening ideas for home,vertical garden plants,gardening ideas for home flowers,vertical gardening vegetables,urban gardening for beginners,gardening ideas for home",2022-07-12T14:30:04Z,2613,https://www.youtube.com/watch?v=Ll0dueFtHpE
I0LWK7mf4zM,URBAN Garden Bottle Flower,URBAN Garden Bottle Flower,2022-07-10T16:48:06Z,5,https://www.youtube.com/watch?v=I0LWK7mf4zM
oq5dDoWvnFU,How to grow your own dandelion green | zero waste garden | urban gardener| Studio Vegan,"I love dandelion greens they have so many benefits to them so I decided to start growing my own not only are dandelion greens amazing so are the roots the whole entire plant is medicinal

It stated that they provide antioxidants. Dandelions contain several different types of antioxidants throughout the roots, leaves and flowers
Reduce inflammation.
Manage blood pressure
Control blood sugar
Lower cholesterol
And so many other benefits

Vegan RECIPES & Online Store :
Etsy shop: https://www.etsy.com/shop/StudioVegans 
Website https://www.StudioVegans.com
Blog: https://studiovegan969747412.wordpress.com

SUBSCRIBE to Studio Vegan: 
https://www.youtube.com/user/Theworkout92

Subscribe for more www.YouTube.com/theworkout92

Instagram: https://www.instagram.com/StudioVegan_/

Pintrest: https://www.Pintrest.com/Studiovegan

Facebook: https://www.facebook.com/StudioVegancook",2022-07-08T16:17:04Z,17,https://www.youtube.com/watch?v=oq5dDoWvnFU
KXj_6BEdGzw,Urban Gardening #shorts #sapodilla #fruits #145,"Urban Gardening #shorts #sapodilla #fruits #145
#ytshorts 
#youtubeshorts 
#viral
#trending 
#kreativebutterfly 
#sapodilla 
#fruits 
#fruit 
#fruitcutting",2022-07-12T13:30:10Z,5,https://www.youtube.com/watch?v=KXj_6BEdGzw
XluDAbVOKvU,PAANO MAGTANIM NG SILI SA BOTE NG SOFTDRINKS,"Complete Guide sa Pagtatanim ng Sili sa bote ng Softdrinks
PAANO MAGTANIM NG SILI SA BOTE NG SOFTDRINKS

Paano gumawa ng Epektibong Garden Soil
https://youtu.be/XWTIWIlr2f0

Paano Magtanim ng Petchay
https://youtu.be/SSMrM3hsvWc

Paano Gumawa ng Fish Amino acid
https://youtu.be/F5vaIqzil0w

Paano gumawa ng CALPHOS
https://youtu.be/S1UY5lsBJzc

Paano Magtanim ng KAMATIS Plastic Container
https://youtu.be/OldrAt_jIs4

PAano Magtanim ng TALONG sa Plastic Container
https://youtu.be/sWukr_cXPso

Paano magtanim ng KANGKONG sa Bote ng Softdrinks
https://youtu.be/2i3mBIpvlZc

Paano magtanim ng MUSTASA sa Bote ng Sofdrinks
https://youtu.be/XUAPVk-LRks

#PinoyUrbanGardener #Sili",2021-01-03T16:43:03Z,2933750,https://www.youtube.com/watch?v=XluDAbVOKvU
o1q2OfEoDlw,Scenario Series Live - Urban Farming and Family Prepping with Guest &quot;HomeSteadn&#39; 31&quot;,"Today we have special guest, Veteran and Urban Prepper Homesteadn31

#Prepper #readiness #gardening #homesteading #SHTF

My channel Focuses on emergency Preparedness topics for the traveling professional and family. Among the topics I'll cover are emergency preparedness, food, cooking and food storage, travel tips, shooting skills and current events, as well as some fun topics such as Pets, Bourbon and Politics.
Typical Schedule - Subject to Change
Mon-Wed-Fri - 07:00a Morning Shorts and News
Tuesday - 5:00-6:00p Tuesday TalkShow
Thursday - 6:30p Thursday Technical
Saturday - 4:00p Saturday Sitrep


Reach out:
Email: theroamingprepper@gmail.com
FaceBook: https://www.facebook.com/TheRoamingPrepper
IG: https://www.instagram.com/theroamingprepper/

If you'd like to Donate/buy me a Coffee
(Donations not necessary but always appreciated...please be sure to take care of your needs and the needs of loved ones first...thanks)
 Buy me a Coffee: paypal.me/theroamingprepper

Affilitate Links: 
*Note: As an Amazon Associate I earn from qualifying purchases.*
Some Items I have reviewed or Tested: 
Hatori Flashlight:  https://amzn.to/3Klvzjg
Mountain House Buttermilk Pancake #10 Can: https://amzn.to/3tCugq9
Condor Tactical Mesh Hat: https://amzn.to/3fCR1lG
Krydex 9mm Mag Holder: https://amzn.to/3FFB88s
More to Come!!


**DISCLAIMER**: 
The information may contain copyrighted material and is distributed under the ""FAIR USE NOTICE"" without profit to those who have expressed a prior interest in receiving the included information for research and educational purposes. 
All research, news articles and opinions are passed on for informational purposes only. 
The founders of the channel and their guests do not accept any responsibility for any incorrect or misinformation stated in any articles, videos or chats. The information is provided for entertainment and awareness.",2022-07-14T22:29:10Z,42,https://www.youtube.com/watch?v=o1q2OfEoDlw
Eq1rHggZws0,NSTP URBAN GARDENING,,2022-07-13T07:29:28Z,1,https://www.youtube.com/watch?v=Eq1rHggZws0
JPH0jLIZypY,"CPT 105. Floriculture, Landscape Development and Management including Urban Gardening",,2022-07-12T10:59:35Z,24,https://www.youtube.com/watch?v=JPH0jLIZypY
VZjWTETQ8dY,"CPT 105. Floriculture, Landscape Development and Management including Urban Gardening",,2022-07-13T03:08:15Z,10,https://www.youtube.com/watch?v=VZjWTETQ8dY
B5XFiSl8L68,Afternoon Routine and Urban Gardening!,"Hi! Its me Botchokoi Eya from Island of Negros. In this video I am sharing with you my afternoon routine and a simple- urban gardening. See you in my next vlog and do not forget to follow me @twitter queenglacita, like my page on FB: Ram & Lion, Insta: Hja Qien, Tiktok: Sharly Jec. 

Enjoy watching and Godbless!! ☺️☺️💕",2022-07-12T00:54:42Z,12,https://www.youtube.com/watch?v=B5XFiSl8L68
znH5xIVBESI,My home/urban gardening,,2022-07-12T22:21:51Z,1,https://www.youtube.com/watch?v=znH5xIVBESI
VVmYPO2xtjw,SH!T IDK Podcast Episode 3 Featuring Que P Music | Urban Agriculture | Gardening Is Gangsta Part 2,"Episode 3 of ""Sh!t IDK"" We sit down with Que P! This Music Artist turned Gardener, Stops by to Give us the guide to Urban Agriculture along  tips and tracks  for backyard and balcony gardening!
#neversatisfied #podcast #gardening #shitidk #dallas",2022-07-08T02:11:28Z,60,https://www.youtube.com/watch?v=VVmYPO2xtjw
tcOLp8fvqNo,How a Desert Urban Farm Successfully Grows Food for Community,"John from http://www.growingyourgreens.com/  goes on a field trip to Hasena Farms in Las Vegas, Nevada to share how this farm in the Mohave desert is successful at growing fruits, vegetables, herbs, and flowers to sell to the local community.  You will see how a farm was started at home without purchasing land to farm on.

In this episode, you will learn more about an urban farm in Las Vegas that grows food successfully in the Mohave desert and how they do it.

First, John will take you on a tour of the front yard and backyard of the farm and show you the specific crops they are growing, and how they are growing them.

You will learn about the specific vegetables they are growing and how they grow them.  You will learn about the vegetables that grow best in Las Vegas and how they are being grown on this farm at home.

You will hear John's opinions on some new crops that the farm may want to grow in the future that should grow well in the desert.

You will get a tour of different areas of the farm including how they make compost, start their seedlings, and learn what organic fertilizers are used on the farm.  You will also learn how they grow microgreens.

Finally, John will interview farmer Keith and you will learn more about the farm and growing in the Mohave desert.

Jump to the following parts of the Episode: 
00:25 You can Start a Farm Where You Live
02:49 Tour of Front Yard 
03:52 How to Clamp Drip Tape For Cheap with Wood
05:30 Get the Right soil or else!
06:11 Mint vs Crabgrass, who will win?
07:27 Backyard Tour
07:46 Composting on Farm
08:13 Favorite Compost Tumblers: Lifetime 65 Gallon
08:20 Compost Trommel Built from Scratch
09:00 Rusted out Joraform Composter Use for Frame
10:55 Angled Stakes to Hold Plants without Fasteners
11:59 How this farm is successful growing in Las Vegas
15:38 My recommendations for planting
16:21 Greenhouse Tour - Starting Seedlings
18:28 Workshop Tour
18:55 Organic Fertilizers / Soil Amendments
19:54 How to Make Organic Alfalfa Meal for Cheap
21:24 Walk-in Cooler
22:05 Microgreens and Indoor Seedlings
23:21 Interview with Farmer Keith
23:33 Why did you decide to start a farm?
25:00 Importance of Eating locally and seasonally
27:43 Biggest Challenge Growing in the Las Vegas Desert
28:40 Biggest Joy Growing Food
29:47 How many hours a day do you work?
30:45 Can I go on a tour? Do you give classes?
31:58 Where can someone buy your food locally?
32:37 Final Words of Wisdom by Farmer Keith

After watching this episode,  you will learn some of the techniques that are used to grow a farm at home successfully in the desert and how you can buy the best locally grown food in Las Vegas, and even go for a personal farm tour or take a class in Las Vegas about farming.

Referenced/Related Episodes:
Where to get the best soil in Las Vegas
https://www.youtube.com/watch?v=V_RqPKw1Lyw

1 Acre Farm in Las Vegas
https://www.youtube.com/watch?v=_Y5stlYUbZw

Watch all GrowingYourGreens Videos at:
https://www.youtube.com/user/growingyourgreens/videos

Subscribe to GrowingYourGreens for more videos:
http://www.youtube.com/subscription_center?add_user=growingyourgreens

Follow John on Instagram at:
https://instagram.com/growingyourgreens/

Buy John's Ebook with Healthy Plant-Based Recipes
http://www.payhip.com/gyg

Learn more about Hasena Farms at
https://www.hasenafarmslasvegas.com/

Follow Hasena Farms on Instagram at
https://www.instagram.com/hasena_farms/?hl=en",2022-07-08T19:18:33Z,10817,https://www.youtube.com/watch?v=tcOLp8fvqNo
NflAYrxnxC8,Diy Pakchoy Replanting#diy #plant#gardening #urban gardening,"re planting pakchoy in a milk tea cup. 
money saving tips",2022-07-13T02:27:14Z,9,https://www.youtube.com/watch?v=NflAYrxnxC8
1FiRqhKXBGs,Amazing Farming in China #shorts #farmlife Ep3,"Vegetable farming in china, Chinese Cabbage Farm, Harvest in Japan, Agriculture Technology, Vegetables for Profit, How to start a farm from scratch, How to start a farm, How to start a farm with no money, How to start a farm business, How to start organic farming, How to start a small farm, market gardening, urban farming, starting a farm from scratch, starting a farm, how to start an organic farm, growing vegetables for profit, the farmer, more, how to start a farming business, how to become a farmer, becoming a farmer, organic farming, farming,  market garden tools, market gardening tools, market gardening, urban farming, more, small farm, small farming tools, tools for gardening, gardening tools, market garden tools uk, how to start a farm from scratch, starting a farm, starting a farm from scratch, how to start a farm on a budget, farmer Poor, market garden,  Amazing Farming",2022-07-13T14:02:22Z,1441,https://www.youtube.com/watch?v=1FiRqhKXBGs
Bkp9UPBqraI,"Bell peppers, Urban Farming Part.3",,2022-07-08T16:00:06Z,328,https://www.youtube.com/watch?v=Bkp9UPBqraI
L--K9iUKjOU,Amazing Farming in China #shorts #farmlife Ep5,"Vegetable farming in china, Chinese Cabbage Farm, Harvest in Japan, Agriculture Technology, Vegetables for Profit, How to start a farm from scratch, How to start a farm, How to start a farm with no money, How to start a farm business, How to start organic farming, How to start a small farm, market gardening, urban farming, starting a farm from scratch, starting a farm, how to start an organic farm, growing vegetables for profit, the farmer, more, how to start a farming business, how to become a farmer, becoming a farmer, organic farming, farming,  market garden tools, market gardening tools, market gardening, urban farming, more, small farm, small farming tools, tools for gardening, gardening tools, market garden tools uk, how to start a farm from scratch, starting a farm, starting a farm from scratch, how to start a farm on a budget, farmer Poor, market garden,  Amazing Farming",2022-07-14T16:38:05Z,416,https://www.youtube.com/watch?v=L--K9iUKjOU
_hC4MgLpwfE,GARDENING,"Gardening is a challenge but a worthwhile effort. Being able to adapt and change will benefit your garden and your mindset.

#gardening #urbangardening #survivalgarden #theurbansentinel #learntogrowyourownfood",2022-07-10T15:01:20Z,188,https://www.youtube.com/watch?v=_hC4MgLpwfE
Tz5rWudwKrg,How Togo is Using Urban Gardening To Fight Climate Change  Interesting!,"Although the predictions for climate change are dire, they are not inevitable. Just as serious consequences are projected, the impacts will be significantly lessened if we take steps now to reduce our carbon pollution. We can also take actions to help both natural and human communities adapt to the changes that are already underway.
Urban Gardeners are both stewards and guardians of our environment, and can make a difference in the fight against climate change.
Togo is doing very well with the implementation of this initiative to provide a very serene and  green environment, at the same time saving our earth from the heat of climate change.
Let us all join in the fight. Our dump sites on the streets of our cities could be transformed into a very unique garden like how Togo is doing theirs.


IMPORTANT NOTE: This video on this channel was  not originally captured by Climatechange Crusaders but were taken from  a platform.

Furtherance, we acknowledge our source and leave the channel's subscription links / social media handles to promote the work.
 www.youtube.com/watch?v=AX5p3HcAi6M&t=74s

email us; climatechangecrusaders23@gmail.com


#climate #togo #globalwarming #fightclimatechange #fightglobalwarming #globalwarming",2022-07-12T16:32:37Z,49,https://www.youtube.com/watch?v=Tz5rWudwKrg
gbnaxI2PEbQ,【Gardening Soil】What Gardening Soil is Good for Planting Vegetable? | Baba Urban Gardening Classroom,"There are many types of gardening soils on the market.
But not all gardening soils are suitable for planting all plants.
Some are only suitable for planting flowers and trees, some are only suitable for planting vegetables, others are dedicated to planting specific vegetables.
Therefore, not all gardening soils are suitable for planting vegetables!
So which organic gardening soil is better for planting your vegetables?

【Gardening Soil】What Gardening Soil is Good for Planting Vegetable? | Baba Urban Gardening Classroom
#BabaGardening #GardeningSoil #PlantingVegetable #PlantingSoil #Vegetable #Organic",2022-07-12T07:04:18Z,4,https://www.youtube.com/watch?v=gbnaxI2PEbQ
xXsFEG8Edrw,A very small humming bird in my urban garden (it is actually a Nessus Sphinx Moth),,2022-07-14T00:34:43Z,6,https://www.youtube.com/watch?v=xXsFEG8Edrw
3uwssPXxgUE,Urban Cottage Gardening 2022 Summer Flowers and Vegetables growing | Garden bed changes,"Welcome, everyone to my zone 6 garden in the Boston area! Thank you for stopping by and spending some time with me. It is greatly appreciated. If you are new to this channel, then a “Big” welcome to you, and if you like more videos like this, subscribe and hit the little bell 🔔 to be notified when my next video is uploaded.  Thank you again, everyone, and don’t forget to hit that like button and leave a comment or just a thumbs up 👍🏽 so that I know you stopped in! You can also join me at catherinesgardenhomelws.weebly.com for more information.",2022-07-13T04:00:02Z,78,https://www.youtube.com/watch?v=3uwssPXxgUE
A1gaQ6Nj0iA,Homegrown butter beans 🌱🌱🌱 | small Garden | Home Gardening | Happy Life With Gardening,"👉 Save Money! Grow Your Own Food 👇

✅ https://bio.link/gardeningideas
=========================

#plants #homegardening #gardening #pottedgarden #backyardgardening #lovegardening  #veggiegarden #mygarden #containergardening #gardentips #gardenlife #green #naturelovers #organichowtogrowvegetables #gardeninghacks #gardeningtips #gardeningideas #balconygardening #seeds #compost #gardeningforbeginners #verticalgardening #urbangarden #urbangardening #watermelonguava #summer #gardeningforbeginners #smallgardenideas #balconygarden #gardeninghacks #gardeningtips #herbgarden #diy #diyproject #rooftopgardening

©️ Credit to: @garden.of.oz.",2022-07-11T02:51:27Z,2313,https://www.youtube.com/watch?v=A1gaQ6Nj0iA
cRehFdfeuIc,Huge 1 year Old Chiltepin Plants,"Chiltepin plants I sprouted in the spring of 2021. They were in pots for the first 12 months then I planted them in the ground. They’ve all grown massive since then. 

Want to learn how to sprout Chiltepin seeds easily? Check out my channel where I have several videos about germinating and growing Chiltepin peppers.

——————————————————————————————


Follow me as I learn to garden, preserve food, grow a food forest, learn aquaponics, demonstrate delicious recipes, all while making a million mistakes along the way! 

My videos are for entertainment purposes only. I’m not a professional anything. Just an amateur gardener with a quarter of an acre to work with. Please consult with a master gardener or a local extension program in your area for proper gardening advice. 

——————————————————————————————

#arizona #tucson #zone9 #gardening #organicgardening #urbangardening #tucsonurbangardening #tucsonurbangardener #arizonagarden #arizonagardening #tucsongardening #chiltepin #chiltepinpepper #tepin #capsicum #capsicumanuum #wildpepper #wildchili #wildpepperplant #nativeplants",2022-07-14T21:38:29Z,5,https://www.youtube.com/watch?v=cRehFdfeuIc
cSWQ0eD26ZY,How to Remove a Stuck Pumpkin from a Trellis #Shorts,"In this #shorts video, I show how I remove a pumpkin that has become stuck and wedged on a mesh trellis. 

Go here to get Birdies Raised Garden beds in the USA:  https://shop.epicgardening.com/ and use SSME2020 for a 5% discount.

In Australia, go to https://birdiesgardenproducts.com.au/ and use Code SSMEbird for a 5% discount. In New Zealand, go to https://birdiesgardenproducts.co.nz/ and use Code ssmebird22 for 5% off your first purchase.

Plant Doctor Fertiliser: Go to https://www.plantdoctor.com.au/ and use SSM20 = ""One-time"" use code offering 20% off products (not shipping). Next time you shop use SSM10 = 10% off products (not shipping).

Ocean2earth Fish Compost: Enter the discount code SSME5 at checkout on their Website here https://ocean2earth.com.au/ and get a 5% discount on the 1.5L and 3L bags plus free shipping Australia-wide! 

Harvest Right freeze dryer website: https://affiliates.harvestright.com/1099.html
For Australian freeze dryer purchase info use the same link above and then contact Harvest Right directly. 

Support me on Patreon: https://www.patreon.com/selfsufficientme (the top tier $25 AU enables mentoring from yours truly via an exclusive VIP email where I will answer your questions etc ASAP).  

Hoselink Garden Products such as hose reels go here https://l.linklyhq.com/l/5uZu and you will automatically get a 10% discount on checkout! 

My second channel Self Sufficient Me 2: https://bit.ly/331edDu
New (third) Channel: Self Suffishing Me https://bit.ly/2LiIWqt 

Help support the Channel and buy a T-shirt/Merchandise from our Spreadshirt shop: https://bit.ly/3lmqMkr  or Teespring https://bit.ly/3neEYO8

Shop for plants or garden equipment on eBay Australia: https://bit.ly/2BPCykb

Blog: http://www.selfsufficientme.com/ (use the search bar on my website to find info on certain subjects or gardening ideas)

Forum: http://www.selfsufficientculture.com

Instagram: https://www.instagram.com/self_sufficient_me

Facebook: https://bit.ly/2Zi5kDv

Twitter: https://twitter.com/SufficientMe

Subscribe to my channel: http://goo.gl/cpbojR 

Self Sufficient Me is based on our small 3-acre property/homestead in SE Queensland Australia about 45kms north of Brisbane - the climate is subtropical (similar to Florida). I started Self Sufficient Me in 2011 as a blog website project where I document and write about backyard food growing, self-sufficiency, and urban farming in general. I love sharing my foodie and DIY adventures online so come along with me and let's get into it! Cheers, Mark :) 

*Disclaimer: Some links to products in this description and comments sections are affiliated, meaning, I receive a small commission if you follow these links and then purchase an item. I will always declare in a video if the video is sponsored and so far since starting my channel in 2011, I am yet to do a sponsored video.",2022-07-14T06:10:44Z,15122,https://www.youtube.com/watch?v=cSWQ0eD26ZY
xgg9QkU9qf4,#rooftopgarden #tomatoplant #madrid #urbangardening,,2022-07-12T11:13:53Z,1126,https://www.youtube.com/watch?v=xgg9QkU9qf4
kfTPH_rb1UU,Amazing Farming in China #shorts #farmlife Ep4,"Vegetable farming in china, Chinese Cabbage Farm, Harvest in Japan, Agriculture Technology, Vegetables for Profit, How to start a farm from scratch, How to start a farm, How to start a farm with no money, How to start a farm business, How to start organic farming, How to start a small farm, market gardening, urban farming, starting a farm from scratch, starting a farm, how to start an organic farm, growing vegetables for profit, the farmer, more, how to start a farming business, how to become a farmer, becoming a farmer, organic farming, farming,  market garden tools, market gardening tools, market gardening, urban farming, more, small farm, small farming tools, tools for gardening, gardening tools, market garden tools uk, how to start a farm from scratch, starting a farm, starting a farm from scratch, how to start a farm on a budget, farmer Poor, market garden,  Amazing Farming",2022-07-13T14:02:35Z,1075,https://www.youtube.com/watch?v=kfTPH_rb1UU
PZEkudT09xU,SH!T IDK Podcast Episode 3 part 2: URBAN AGRICULTURE  featuring Que P,"Episode 3 part 2 of ""Sh!t IDK"" We sit down with Que P! This Music Artist turned Gardener, Stops by to Give us the guide to Urban Agriculture along  tips and tracks  for backyard and balcony gardening!
#neversatisfied #podcast #gardening #shitidk #dallas",2022-07-14T00:00:09Z,15,https://www.youtube.com/watch?v=PZEkudT09xU
R3CQb5iFNFE,Urban Kitchen Gardener | Terrace Gardener in Delhi | RoofTop Gardener in India,"#Farming #Gardening #Homeharvesting

Sh. Rajkumar Goyal is Delhi Based Urban Gardener. He is at age 72 years.
Very Passionate about Cultivating Vegetables at Home in a small space around 50 Square Feet approx.
He have Urban Kitchen Gardening set- up with Composter and Bio-Enzyme Prepration Kit.
Here we are knowing her simple skill to spread knowledge among new Gardeners.
*****************************************
Email:pravinmishra007@gmail.com 
Contact: 9818789315",2022-07-14T09:23:49Z,173,https://www.youtube.com/watch?v=R3CQb5iFNFE
qTSr9aTpX3g,Early Summer Harvest - Backyard Urban Garden,"Early Summer Harvest - Backyard Urban Garden! You dont need a #huge space in order to have a #biggarden

#garden  #gardening  #gardeners  #gardenersofinstagram  #frugal  #frugalliving  #backyardgardening  #backyardgoals  #backyardgardens  #backyardgardener  #sarahxjoshlife #urbangarden  #vegetablegarden  #vegetableharvesting  #asmr  #asmrgarden  #asmrsounds  #asmrvideo  #cheapfood  #cheapfoods  #greenery  #outdoors  #cityggarden #citylife  #quickvideo  #update #gardenupdate  #gardeningupdate",2022-07-14T16:00:36Z,1,https://www.youtube.com/watch?v=qTSr9aTpX3g
g9kbRB7itmY,Amazing Farming in China #shorts #farmlife Ep1,"Vegetable farming in china, Chinese Cabbage Farm, Harvest in Japan, Agriculture Technology, Vegetables for Profit, How to start a farm from scratch, How to start a farm, How to start a farm with no money, How to start a farm business, How to start organic farming, How to start a small farm, market gardening, urban farming, starting a farm from scratch, starting a farm, how to start an organic farm, growing vegetables for profit, the farmer, more, how to start a farming business, how to become a farmer, becoming a farmer, organic farming, farming,  market garden tools, market gardening tools, market gardening, urban farming, more, small farm, small farming tools, tools for gardening, gardening tools, market garden tools uk, how to start a farm from scratch, starting a farm, starting a farm from scratch, how to start a farm on a budget, farmer Poor, market garden,  Amazing Farming",2022-07-11T14:12:30Z,33,https://www.youtube.com/watch?v=g9kbRB7itmY
vuffLN3HOZc,Urban Home Gardening Live Q&amp;A,"Buy Gardening products Online - https://organicbazar.net
HDPE Grow Bags - https://organicbazar.net/product-category/grow-bags/hdpe-grow-bags
Vegetable seeds - https://organicbazar.net/product-category/seeds/vegetables-seeds
Gardening Tools - https://organicbazar.net/product-category/tools-and-accessories
Organic Fertilizer - https://organicbazar.net/product-category/soil-fertilizer
Thank You For Watching!
Please LIKE, SHARE & SUBSCRIBE!
Subscribe to our YouTube channel: https://www.youtube.com/channel/UCX58RgTIbu7_kfip8V09MoA?sub_confirmation=1
Like Terrace & Gardening Facebook Page for More Updates
FB.me/Terraceandgardening
Instagram: https://www.instagram.com/terraceandgardening",2022-07-14T14:45:44Z,0,https://www.youtube.com/watch?v=vuffLN3HOZc
mZJ8YPczmSU,"Amazing Farming in China, Caring for tomatoes #shorts #farmlife Ep1","Vegetable farming in china, Chinese Cabbage Farm, Harvest in Japan, Agriculture Technology, Vegetables for Profit, How to start a farm from scratch, How to start a farm, How to start a farm with no money, How to start a farm business, How to start organic farming, How to start a small farm, market gardening, urban farming, starting a farm from scratch, starting a farm, how to start an organic farm, growing vegetables for profit, the farmer, more, how to start a farming business, how to become a farmer, becoming a farmer, organic farming, farming,  market garden tools, market gardening tools, market gardening, urban farming, more, small farm, small farming tools, tools for gardening, gardening tools, market garden tools uk, how to start a farm from scratch, starting a farm, starting a farm from scratch, how to start a farm on a budget, farmer Poor, market garden,  Amazing Farming",2022-07-12T17:50:03Z,1539,https://www.youtube.com/watch?v=mZJ8YPczmSU
44CceqVNhm8,Amazing Farming in China #shorts #farmlife Ep2,"Vegetable farming in china, Chinese Cabbage Farm, Harvest in Japan, Agriculture Technology, Vegetables for Profit, How to start a farm from scratch, How to start a farm, How to start a farm with no money, How to start a farm business, How to start organic farming, How to start a small farm, market gardening, urban farming, starting a farm from scratch, starting a farm, how to start an organic farm, growing vegetables for profit, the farmer, more, how to start a farming business, how to become a farmer, becoming a farmer, organic farming, farming,  market garden tools, market gardening tools, market gardening, urban farming, more, small farm, small farming tools, tools for gardening, gardening tools, market garden tools uk, how to start a farm from scratch, starting a farm, starting a farm from scratch, how to start a farm on a budget, farmer Poor, market garden,  Amazing Farming",2022-07-13T14:02:07Z,1066,https://www.youtube.com/watch?v=44CceqVNhm8
6h0Dn6yfaoo,Lotus and Water Lily flower view🌷 NR URBAN GARDEN,,2022-07-14T06:31:00Z,49,https://www.youtube.com/watch?v=6h0Dn6yfaoo
SrLqjcyEJ0E,Hoe diep moet je zaden zaaien?,"Gewoon zo ziep als die groot is!

Anything to add to the video? Let’s share our knowledge in the comment section and help each other out!

~~~~
Links
~~~~
Our website with a Blog and Webshop is also live! https://thefarmdream.com/

For more updates follow our Instagram: https://www.instagram.com/thefarmdream/

Join our community by becoming a Patreon to the channel - https://www.patreon.com/thefarmdream

~~~~~~~
About us
~~~~~~~
We are Raymond and Nicole and have a great interest in growing our own food and raising cattle.
That's where The Farm Dream started.

~~~~~~~~~
Contact us
~~~~~~~~~
Email: hello@thefarmdream.com
Website: https://thefarmdream.com/
Instagram: https://instagram.com/thefarmdream/
Patreon: https://patreon.com/thefarmdream/

~~~~~~~~~
Gardening
~~~~~~~~~
Seed Trays: https://thefarmdream.com/shop/


~~~~~~~~~
Gear used
~~~~~~~~~
Camera: Sony a7iii - 
Main Lens: Sony 24-105 4.0
Secondary Camera: GoPro hero 6
Microphone: Sennheiser g3
Lighting: Godox sl60W
Editing software: Adobe Premiere

Music: Epidemic sound
The description may contain affiliate links

~~~~~~~~~~~~~~~~

#TheFarmDream #Farming #Gardening #flower farm #homesteading #Vegetables #Farm #Preppers #Sustainable #Garden #Grow  #Nature #Moestuin #nosmallcreator #Urban Farming #Smallscalefarming #Hydroponics #Seeds #HowTo #Plants #Farm  #self sufficiency",2022-07-12T15:52:03Z,73,https://www.youtube.com/watch?v=SrLqjcyEJ0E
5vdKWXZR_8Q,"Urban Homestead Living | Vlog 15 | Mice, Squash Vine Borers and the HEAT!","It’s close to the height of the summer and it definitely feels like it! 
——
IG and TikTok: @msasiaspratley
----
Amazon Wishlist: https://www.amazon.com/hz/wishlist/ls/1KEG6H65E4ISP?ref_=wl_share
—— 
As an Amazon Affiliate commission is earned on purchases made using the links. I am also compensated for purchases of the Home & Garden Trends Garden Kneeler.
----
All Things Garden
Home & Garden Trend Garden Kneeler and Stool:  https://garden-trend.store/products/folding-garden-kneeler-seat-stool-with-pockets?sca_ref=1852531.GqF9uHnNa0 ✨Use discount code ASIA10 for 10% off✨
Hisea Boots: https://bit.ly/3HiYG5t  ✨Use doscount code ASIA for 15% off ✨
Greenhouse: https://amzn.to/3l9SPVR
Bug Netting: https://amzn.to/3wh4fOd
Fairy Lights: https://amzn.to/3FPJlsr
Grow Bags: https://amzn.to/3FLvdQS
Cell Trays: https://amzn.to/39sdbaA
Compost Thermometer: https://amzn.to/3wqpcVH
----
All Things Chickens
Hen Up Organics Feed and Scratch: https://henuporganics.com/products/layer (brand influencer)
Bedding: https://www.tractorsupply.com/tsc/product/tractor-supply-co-flake-premium-pine-shavings-covers-8-cu-ft?cm_vc=-10005
Poultry Grit: https://amzn.to/3NwYtOj",2022-07-07T02:32:39Z,1108,https://www.youtube.com/watch?v=5vdKWXZR_8Q
LZ9o8VqKjLE,Summer Balcony Garden Tour | Balcony Garden Ideas | Urban Balcony Garden,#gardeningidea  #gardeningtipstricks  #gardentourmalayalam  #balconyplants,2022-07-14T10:15:09Z,56,https://www.youtube.com/watch?v=LZ9o8VqKjLE
owB4TxcF1DY,Urban Vegetable and Herb Garden Bed (12/23/2021),"I love gardening as well as doing things that are good for our environment. So, I have created a new series of posts titled “Eco-Friendly Actions”, which will feature my own environmentally friendly activities and projects as well as my conservations with leading changemakers doing their part to protect our environment.

My first post for this new series is a recap of the urban vegetable and herb garden bed that I built over the recent Winter Break from school. My parents bought me all of the needed supplies to build my very own, small outdoor urban garden bed as a Christmas present.

My father - who taught me how to properly use power tools and build things from the time I was young - helped me with constructing the gardening bed. My mother - who also loves gardening - assisted me with lining the interior of the gardening bed, and planting the vegetable and herb seeds/seedlings.

After some research, I decided to plant scallions, green beans, lettuce, kale, eggplant, sage, spearmint, and thyme.

I am proud to report that after a month of attentive care, my urban garden bed is thriving. Additionally, my family and I have enjoyed eating some of the results of our hard work.

So, I encourage everyone to try urban gardening. It can be done with a small or large amount of space, indoors on a windowsill or outdoors in a garden bed. By doing so, you can learn about growing your own food, lessen the impact on our environment and enjoy eating the results of your work.

--------------------------

#EcoFriendly #Environment #Environmental #EnvironmentallyFriendly #EnvironmentallySafe #Miami #Miami305 #MiamiLife #MiamiDade #MiamiDadeCounty #CleanPlanet #SaveThePlanet #OneWorld #Garden #Gardening #Vegetables #Herbs #Student #StudentProject #Changemakers",2022-07-12T22:37:54Z,29,https://www.youtube.com/watch?v=owB4TxcF1DY
uR31Oo1fpQI,Backyard #UrbanGarden Harvest! Comfrey Tea Fertilizer!,"Hey Hey UGG Fam! Welcome Back To My Channel!

Today Is Fertilizer Day!
Plus!! We're Gonna Do A Garden Harvest! 

I Hope You Enjoy This Video As Much As I Enjoyed Creating It 🤗🌿

Remember to Like Subscribe Comment and Share!

Making Comfrey Tea
https://youtu.be/TvygiCn1gaE

Follow me on TikTok https://vm.tiktok.com/ZMduVnHgW/

Join my Facebook Group https://www.facebook.com/groups/1945072728968676/?ref=share

Email me @ theeurbangirlgardening@gmail.com

Send me Something 
Kee Kee Soto
PO Box 8840
Albany NY
12208

Help Support My Channel
Cash App $KeeKeeSoto1

Check Out My Amazon Wishlist https://www.amazon.com/hz/wishlist/ls/32P7EWGYQ7M2X?ref_=wl_share 

Walk-In Greenhouse https://amzn.to/3vPQKF1
Trellis https://amzn.to/3ydAJdy
Plastic Plant Tags https://amzn.to/3kgyoX8
5 Gallon Grow Bags https://amzn.to/3OzQ8dQ
Mini Greenhouse https://amzn.to/3xMVmwL
White Plant Pots https://amzn.to/3Mldj9Y
6 Inch Nursery Pots https://amzn.to/3EB7dzu
Blue 4oz Glass Spray Bottles https://amzn.to/3K4ANP3
Seed Starting Watering Trays https://amzn.to/3jVJrVp
Wood Plant Shelf 
https://amzn.to/3OjAWkN
Garden Marker (single) https://amzn.to/34VKz71
Garden Marker (12 pk) https://amzn.to/3GL1Xc8
Pink Duct Tape https://amzn.to/3sBM9Dw

I am a participant in the Amazon Services LLC Associates Program, an affiliate advertising program designed to provide a means for us to earn fees by linking to Amazon.com and affiliated sites. 

Learn With Me! Grow With Me!

Thank you for being here 🥰

#SummerGarden #GardenHarvest #ComfreyTea #Amaranth #Peppers #SpringCleaning #Greenstalk #VerticalGardening #UrbanGardening #PollinatorGarden #Corn #Beans #Chamomile #Gardening  #CompanionPlanting #UrbanGirlGardening  #GrowFood #SeedSowing #Lilac #HerbalTea #Elderberry #Zone5b #Strawberry #Potato #Dandelions #Gardening  #GrowBags #Broccoli #BrusselSprouts #Kale #Brassicas #Greenhouse #Seedlings #PlantHaul #Houseplants #BrosWHoes #Bromeliads #ZZPlant #Peperomia #MoneyTree #Succulents #Moringa #Coffee #DIY #Houseplants #PlantMom #WinterSowing #SpringGarden #SeedStarting #FruitTrees #Basil #SunnyDay #Spring #Rose #Compost #Garden #YardWork #Unboxing #Eggplant #Seeds #SeedHaul #Health #Wellness #GrowFood #UrbanGardening",2022-07-11T21:30:11Z,208,https://www.youtube.com/watch?v=uR31Oo1fpQI
tVU3zXaIvSM,#Lemon tree #balconygarden #urbangardening,,2022-07-14T09:45:36Z,89,https://www.youtube.com/watch?v=tVU3zXaIvSM
Zd4MSDACt8U,"South Boston organization transforming corner into community garden, green space","A local organization in South Boston is planting seeds of sustainability, with the help of a well-known home improvement company. WBZ-TV's Courtney Cole reports.",2022-07-13T22:29:19Z,198,https://www.youtube.com/watch?v=Zd4MSDACt8U
vyOcZe3fRzQ,Volunteer at Urban Roots!,,2022-07-11T18:33:12Z,55,https://www.youtube.com/watch?v=vyOcZe3fRzQ
jKLVjq0lJJU,Lemon Meringue Baptisia,"DECADENCE® Baptisia ‘Lemon Meringue’, a addition from PROVEN WINNERS®. Bred for it’s compact size, DECADENCE® Baptisia ‘Lemon Meringue’ grows to 3 feet tall at maturity. Great for small urban gardens or for sprawling country hillsides. The crisp lemon yellow spikes bloom in late spring to early summer.

Have a question? Leave it in the comments below!

DECADENCE® Baptisia ‘Lemon Meringue’: https://www.gardencrossings.com/product/baptisia-decadence-lemon-meringue-wild-indigo/
Shop at Garden Crossings: https://www.gardencrossings.com

Please Like and Subscribe to our Page!  
You can also follow us on:
Facebook: https://www.facebook.com/gardencrossings
Pinterest:  https://www.pinterest.com/gardencrossings/
Instagram: https://www.instagram.com/gardencrossings/
Email: sales@gardencrossings.com",2022-07-11T11:30:16Z,884,https://www.youtube.com/watch?v=jKLVjq0lJJU
lwacytDlAfE,The Loops are up Growers Solution High side wall tunnel.,"Wow this this thing is tall .See you in the next video.



Join this channel to get access to perks:
https://www.youtube.com/channel/UCjEh4ch25ewEEYquw04OzSQ/join

You can hit the join button and get membership.",2022-07-13T20:44:04Z,32,https://www.youtube.com/watch?v=lwacytDlAfE
sHM69SOP6cQ,🌱 My garden this morning 👩‍🌾,,2022-07-05T15:50:45Z,4438,https://www.youtube.com/watch?v=sHM69SOP6cQ
4s6ydUORcIg,"Chicago Pigeon Eggs @ Garden: Vlog ℒ𝞪𝑑𝝲 ℒ𝞪 Gata7@Plant Diva: It’s Just Me, Arlicia aka La Gata7!","GᖇEETIᑎGᔕ ᗷEᗩᑌTIᖴᑌᒪ ᔕOᑌᒪᔕ!!❤️ 
ℒ𝞪𝑑𝝲 ℒ𝞪 Ꮐ𝞪t𝞪₇ 𝘿𝗶ߜ𝗶ɳ𝒆 ƿ𝙇𝞪ɳt 𝘿𝗶ߜ𝞪 ❤️🪴Here!!
Enjoy my Short Video: Chicago Pigeon Eggs @ Garden: Vlog ℒ𝞪𝑑𝝲 ℒ𝞪 Gata7@Plant Diva: It’s Just Me, Arlicia aka La Gata7!
 #lovenotes #love #plants #garden 

𝘿𝗶ߜ𝗶ɳ𝒆 ƿ𝙇𝞪ɳt 𝘿𝗶ߜ𝞪 ❤️🪴 having fun!😊

Also, consider hitting the subscription button and like the video!!

https://youtube.com/c/PlantDivaItsJustMeArliciaakaLaGata7Love...

About My Channel: This is a channel for beginners or early developing urban gardeners who have a porch, balcony, or small gardens, as well as, indoor home garden. I give tips and advice on how to love, care for, and have a holistic relationship with your plants (when you do this they grow like crazy). Also, I have Plant Treats (with Music and my beautiful plants), indoor plant and wine chats, food prep and recipes for using your herb plants, and more all about plants as they relate to people and animals.

Check out some of my videos!
1.Plant Treat of the Week: Mexican /Aztec Marigold La Gata7 Porch Garden! For Plants, People & Dogs! https://youtu.be/VEplxSBt1vs​​
2. Hay! The Divine Plant Diva Want to Show You How and Why to Get Rid of Damaged or Old Leaves! https://youtu.be/lTs3V0yl7-k​​
3. Plant Treat of the Week Pink Petunias & Music for Your Plants, Animals & You! Family Solanaceae! https://youtu.be/KNwqy28RNds​​

#LaGata7PlantDiva​​
#MusicPlantsYou​​
#windycitydiva7gardenbeginners",2022-07-14T16:00:03Z,4,https://www.youtube.com/watch?v=4s6ydUORcIg
qvjOJ0BGskY,Garden Tour of Dadar Naigaon 🌳One of Mumbai&#39;s Bigest Garden,"Garden Tour of Dadar Naigaon 🌳One of Mumbai's Bigest Garden
#gardentour #mumbaigardentour #mumbaifamousgarden #GreenParadise #hindi #mumbai #garden

We need your support, love and blessings so don't forget to subscribe, like, share our channel.

Related Topics : 
mumbai garden tour, mumbai garden, mumbai famous garden
बरसात में भीगी छत और चिड़ियों से बातें। rainy day Garden tour
Small tour of Mumbai chembur
VISIT TO ROCK GARDEN - NERUL, NAVI MUMBAI
4K Tour of Hiranandani Gardens Powai | Mumbai's Finest Residential Township | 2021
Nursery Tour Plant People | Indoor plants | Urban gardening l Mumbai nursery
Nursery Tour Plant People | Indoor plants | Urban gardening l Mumbai nursery
Hanging Garden Mumbai | Kamla Nehru Park Mumbai | Top places to visit in Mumbai
Plant Shopping | In Mumbai Suburbs | For My Balcony Garden | Home Garden Tour
Beautiful Garden Tour......MUMBAI
Hanging Garden A to Z :Complete Guide to Juta Ghar in Budget | Kamla Nehru Park
Mumbai Walking Tour 4k | Monsoon Walk through Hanging Garden | 2022",2022-07-14T14:34:21Z,75,https://www.youtube.com/watch?v=qvjOJ0BGskY
i-RW7jqrbVY,#urbangardening #cucumber,,2022-07-13T15:49:02Z,0,https://www.youtube.com/watch?v=i-RW7jqrbVY
vMZ_bDk7JUw,How to reduce mealybug and scale insects effectively in an organic way？| Baba Urban Farming Workshop,"White objects or small particles on plants, mealybug and scale insects, which are the insects that can cause damage to the leaves and buds of the tree and cause it to lose productivity. The fruit is damaged and of poor quality.

Mealybug and scale insects can damage plants while feeding by injecting toxins into the plants, causing deformation. At high levels, mealybugs can cause plants to defoliate and even cause plant death. 

How to reduce mealybug and scale insects effectively in an organic way? | Baba Urban Farming Workshop
#BabaGardening #PestControl #Insects #MealyBug #ScaleInsects #Gardening

Follow our fan page for the latest news
Facebook Page:
https://www.facebook.com/BabagardeningInt

Instagram Page:
https://www.instagram.com/babagardening/

XiaoHongShu fan page:
http://www.xiaohongshu.com/user/profi...

Official website:
https://www.baba.com.my/",2022-07-07T06:29:03Z,6,https://www.youtube.com/watch?v=vMZ_bDk7JUw
xmXcYSzk7wY,How to Design a Drip Irrigation Layout (Complete Tutorial),"Designing a drip irrigation system for your backyard garden doesn't have to be complicated! Let me show you exactly how to layout your drip system for maximum efficiency in an urban garden!

Starting Your Urban Vegetable Garden Workbook -  https://miniurbanfarm.com/starting-your-urban-vegetable-garden/

FREE Urban Garden Checklist - https://miniurbanfarm.ck.page/gardenchecklist

** My Compost Bin - https://amzn.to/3vOxYOa
** My Drip Irrigation Timer - https://amzn.to/2TgZJOl
** Mini Greenhouse - https://amzn.to/3kGHX0C

//My Favorite Gardening & Homesteading Books//
** The First-time Gardener - https://amzn.to/3uTOEB7
** Grow Food For Free - https://amzn.to/3hlfTR6
** Mini Farming - https://amzn.to/3tGQDaq
** Cut Flower Garden - https://amzn.to/3Fnabb6
** Killing It - https://amzn.to/3FnajY8

//MORE MINI URBAN FARM//
Blog - https://miniurbanfarm.com
Pinterest - https://www.pinterest.com/miniurbanfarm
IG - https://www.instagram.com/mini.urban.farm

**Denotes an affiliate link where I make a small commission at no additional cost to you when you purchase through my link.

#dripirrigation #irrigation #miniurbanfarm",2022-07-14T14:30:17Z,479,https://www.youtube.com/watch?v=xmXcYSzk7wY
j03o3rOm8_0,5 Reasons to add Marigolds to your garden | Happy Life With Gardening | Gardening Tips,"👉 Save Money! Grow Your Own Food 👇

✅ https://bio.link/gardeningideas
=========================

#plants #homegardening #gardening #pottedgarden #backyardgardening #lovegardening  #veggiegarden #mygarden #containergardening #gardentips #gardenlife #green #naturelovers #organichowtogrowvegetables #gardeninghacks #gardeningtips #gardeningideas #balconygardening #seeds #compost #gardeningforbeginners #verticalgardening #urbangarden #urbangardening #watermelonguava #summer #gardeningforbeginners #smallgardenideas #balconygarden #gardeninghacks #gardeningtips #herbgarden #diy #diyproject #rooftopgardening

©️ Credit to: @garden_know_how",2022-07-12T01:19:19Z,1659,https://www.youtube.com/watch?v=j03o3rOm8_0
ScgFgVWUs-4,How Did You Start Gardening?,"Interview with Sarah  Hicks, a London-based urban gardener. 
Watch the full documentary ""Another Way..."" 
https://www.youtube.com/watch?v=9w1pBk43IjE&t=2s",2022-07-14T19:28:08Z,5,https://www.youtube.com/watch?v=ScgFgVWUs-4
p36O7ZChcro,Cool Planting Ideas #shorts  #plants #plantingideas #homeplants #homedecor #gradening #plantation,"gardening,gardening ideas for home,gardening hacks,gardening tips,home gardening,gardening shorts,flower gardening at home,gardening flowers,urban gardening,food gardening,top gear gardening,indoor gardening",2022-07-13T13:52:48Z,30,https://www.youtube.com/watch?v=p36O7ZChcro
Xrghe_3sEaw,Cantaloupe what a beauty | Happy life with gardening | Home Gardening,"👉 Save Money! Grow Your Own Food 👇

✅ https://bio.link/gardeningideas
=========================

#plants #homegardening #gardening #pottedgarden #backyardgardening #lovegardening  #veggiegarden #mygarden #containergardening #gardentips #gardenlife #green #naturelovers #organichowtogrowvegetables #gardeninghacks #gardeningtips #gardeningideas #balconygardening #seeds #compost #gardeningforbeginners #verticalgardening #urbangarden #urbangardening #watermelonguava #summer #gardeningforbeginners #smallgardenideas #balconygarden #gardeninghacks #gardeningtips #herbgarden #diy #diyproject #rooftopgardening

©️ Credit to: @jessicafishes",2022-07-14T03:20:23Z,1721,https://www.youtube.com/watch?v=Xrghe_3sEaw
0Uw7H2hR80U,Are you shaking your tomato plants? 🍅   #shorts,"Credit (@lalahaugen)

https://amzn.to/3AENSO2 
Get Environet Hydroponic Mason Jar Organic Herb Seed Starter Kit

https://amzn.to/3y9al2B
30 Pack Non-GMO Varieties for Planting Vegetables & Fruits - Heirloom Seed Vault Kit

Urban Garden Republic Merch: 
https://urban-garden-republic.creator-spring.com


#shorts #tomato #gardening #gardentips #growyourownfood #homegardening #allaboutplants #balconygarden #tomatoplants #tomatoes 

As an Amazon Associate we earn from qualifying purchases

Licenses under Creative Commons: By Attribution 3.0
https:creativecommons.org/licenses/by/3.0/

For any Copyright Concerns, Contact Us at our email urbangardenrepublic@gmail.com.  We will act upon your query immediately",2022-07-13T05:49:54Z,3891,https://www.youtube.com/watch?v=0Uw7H2hR80U
fbrk2wOImuo,Garden tour / Terrace Garden plants#garden #gardentour,"In this video, I have uploaded my garden tour clips. I have planted various flower plants on my terrace garden.


Terrace garden
Garden Tour


@Khushi's Balcony Garden 
@Kitchen Gardening 
@Urban Gardening 



Gardening on terrace
my terrace garden",2022-07-14T17:06:06Z,4,https://www.youtube.com/watch?v=fbrk2wOImuo
YXaD28X2p4Y,PAGSABAYIN ang PAGTATANIM NG SPRING ONION HABANG NAGCOCOMPOST Sa IISANG SAKO Lang| urban gardening,"Sa video na ito ay kilalanin natin ang Spring Onion at ano ang mga benepisyo sa kalusugan plus share ko po sa inyo ang nakaugalian ko nang pagtatanim ng gulay habang nagcocompost at sa video na ito ay Dahon sibuyas O Spring Onion naman ang itatanim natin. Sa ganitong paraan ay nagkakaroon tayong magpalaki ng gulay sa mga sako habang nagbubulok tayo ng ating mga organic fertilizer sa ilalim o ibabang parte ng pinagtataniman natin. Kapag nagawa mo ito ay magkakaroon ka ng unlimited na organic fertilizer para sa iyong mga gulay at magiging continous ang supply ng organikong Pataba. 
Thank you for supporting us! If you have question please let me know in the comment section and If you love our videos , please smash that Like button and please do Subscribe and I will make more videos for you! Happy farming!!!
#springonions #urbangardening #ddtnaturefarm
#sibuyas",2022-07-11T11:35:00Z,3595,https://www.youtube.com/watch?v=YXaD28X2p4Y
A6vBadna5yI,INSIDE a Moroccan Palace on Upper West Side NYC | 135 W. 70th #8E | SERHANT. Tour,"Listed by: Sean McPeak, Jordan March, and Jorge Sariego 
Link: https://www.serhant.com/listings/3846624

Moroccan Dream Duplex in Prime Lincoln Square

Transport yourself to a hidden Moroccan-style sanctuary in this one-of-a-kind corner 1,779 square foot condo nestled between Riverside and Central Parks, a pristine 2-bedroom, 2-bathroom duplex graced with custom finishes and a private terrace.

On the lower level of the home, residents pass through an elegant entry hall and are greeted by an open concept living room, dining room, and kitchen marked by a pair of stylish wall fountains and a stunning collection of stone, tile, and bamboo surfaces. The living room boasts soaring 16 ft. double-height ceilings and a chic Moroccan tile accent wall that leads out onto a lovely terrace with views of the Central Park skyline, perfect for small meals, urban gardening, sun lounging, and more.

The kitchen feels as if it was pulled from the French countryside. It is adorned with a bold granite island, a hand-painted tile backsplash, a farmhouse sink, and high-end stainless steel Monogram, Miele, and Sub-Zero appliances including a triple-surface cooktop with a griddle and grill attached. Off the living room, you are welcomed into the airy second bedroom through a pair of French doors, that features ample closet space and a beautiful subway-tiled bathroom.

On the upper level of the home is a tranquil primary suite with a private study/home office, two vast walk-in closets, and a wrought-iron balcony overlooking the living space below. Just off the loft-like bedroom is a spacious en-suite bathroom with double sinks and a spa-like deep soaking tub. The home receives warm southern and eastern light and comes complete an in-unit washer/dryer. 

The Pythian is a pre-war condominium with Egyptian-inspired Art Deco architecture and a prime Lincoln Square address. The building has a private gym, full-time door attendants, and a live-in super. It is less than two blocks from Central Park and is moments from dozens of restaurants, bars, cafes, and shops. Lincoln Center, Riverside Park, and the Museum of Natural History are also nearby. Accessible subway lines include the 1/2/3/B/C. Pets are welcome.

See More At: Https://www.serhant.com",2022-07-11T20:06:49Z,3292,https://www.youtube.com/watch?v=A6vBadna5yI
LB81dxTBETQ,Night time garden vibes🥰 #gardening #cinematic #urbangardening,,2022-07-12T04:06:45Z,10,https://www.youtube.com/watch?v=LB81dxTBETQ
W278xY7HYBY,Why you should grow Gretel Eggplant!🍆 | Gardening Ideas | Gardening Tips,"👉 Save Money! Grow Your Own Food 👇

✅ https://bio.link/gardeningideas
=========================

#plants #homegardening #gardening #pottedgarden #backyardgardening #lovegardening  #veggiegarden #mygarden #containergardening #gardentips #gardenlife #green #naturelovers #organichowtogrowvegetables #gardeninghacks #gardeningtips #gardeningideas #balconygardening #seeds #compost #gardeningforbeginners #verticalgardening #urbangarden #urbangardening #watermelonguava #summer #gardeningforbeginners #smallgardenideas #balconygarden #gardeninghacks #gardeningtips #herbgarden #diy #diyproject #rooftopgardening

©️ Credit to: @gardenwithmiranda",2022-07-14T03:22:05Z,1813,https://www.youtube.com/watch?v=W278xY7HYBY
eXrkKWUB_sg,Amazing Farming in China #shorts #farmlife Ep6,"Vegetable farming in china, Chinese Cabbage Farm, Harvest in Japan, Agriculture Technology, Vegetables for Profit, How to start a farm from scratch, How to start a farm, How to start a farm with no money, How to start a farm business, How to start organic farming, How to start a small farm, market gardening, urban farming, starting a farm from scratch, starting a farm, how to start an organic farm, growing vegetables for profit, the farmer, more, how to start a farming business, how to become a farmer, becoming a farmer, organic farming, farming,  market garden tools, market gardening tools, market gardening, urban farming, more, small farm, small farming tools, tools for gardening, gardening tools, market garden tools uk, how to start a farm from scratch, starting a farm, starting a farm from scratch, how to start a farm on a budget, farmer Poor, market garden,  Amazing Farming",2022-07-14T16:41:47Z,2,https://www.youtube.com/watch?v=eXrkKWUB_sg
rYI5g03_q6g,Garden Tour Urban Backyard Summer Garden,Here is a little late (June 9th) Garden tour/walkthrough of our new garden! It has already grown so much and we are so happy and excited. Please comment if you have any advice or suggestions!,2022-07-12T23:08:20Z,20,https://www.youtube.com/watch?v=rYI5g03_q6g
Ur39I-Ts2cA,Gardening in a small space: You can still grow A LOT of food!,"I am really excited about today's video because this is my first ever garden tour! This video will show you how gardening in a small space can still yield a lot of food! I made this video in hopes that it would give some inspiration to anyone that would like to grow some food and garden but doesn't have much space or land to do so. I garden in two raised beds and containers but I am still able to grow more than 30 pepper plants, 10 eggplants, and more than 20 tomato plants! I grow a wide variety of vegetables and fruit on our little urban homestead. I hope you enjoy the video and have a wonderful day!",2022-07-10T12:00:13Z,57,https://www.youtube.com/watch?v=Ur39I-Ts2cA
jE0ipxJqiMg,Amery Camelia/ Non stop bloomer /lotus Malayalam/lotus waterlily sale @ low price / good bloomer,"Our online store  :- 6282 027908 
 
#carla'ssonshinewaterlily
#Americamelia 
#amerycamelialotusmalayalam
#waterlilymalayalam 
#waterplant 
#lotustubersale
#lotusplants 
#plantsalelowcost
#plantssale
#ambal 
#gardening 
#gardeningchannel 
#gardeningchannel  
#gardener 
#gardener 
#gardentour 
#gardenscapes 
#gardeningtips 
#gardeningideasforhome 
#plantstories  Compo offer, offer plants, Compo offer plants, online plants sale, alamanda, Hoya, melestoma, ground orchid, mn creations, cheap rate plants sale, all over india plants sale, offer plants video, Compo offer plants video, garden, plants sale in kerala, plants sale

#water lilly malayalam, #water lilly plant at home, #water lilly seeds, #water lilly in pot, #water lilly plant care, #water lilly fertilizer, #ambal valarthal malayalam, #ambal planting malayalam, #ambal flower in malayalam, #ambal health care, #ambal nadunnath, Ambal care malayalam, #ambal nadunna vidham, #ambal veetil valartham, #ambal easy ayi valartham, #ambal nadunna reeti, How to grow water lilly, #how to fertilize water lilly, #how to care water lilly

How To Plant Lotus, How To Plant Water Lilly, Lotus Planting, Water Lilly Planting, Lotus, Water Lilly, Thamara, Ambal, Water Gardening, Cultivation Of Lotus In Malayalam, Malayalam Waterlilly Cultivation, Repoting Waterlillies, താമര, ആമ്പൽ, Water lilly Planting Malayalam, Aambal Nadaam, Grow Your Waterlilly, How To Bloom Waterlilly, How To Grow Waterlilly, Waterlilly, How To care Waterlilly, Aambal Care Malayalam Tips, Gardening Tips Malayalam, Water Gardening Tios, Ambal Kulam
HOW TO PLANT WATERLILY EASILY IN 5 MINUTE, EASY METHOD OF PLANTING WATERLILY, WATERLILY PLANTING MALAYALAM, LOTUS PLANT MALAYALAM, GARDENING MALAYALAM, BOTANICAL WOMEN, GUPPY VALARTHAL KERALA, MALAYALAM GARDENING TIPS KERALA, GUPPY KERALA, HASH TUBE MALAYALAM, HASH TUBE GUPPY, GUPPY FISH, GUPPY LOVER, waterlily caring tips malayalam, how to bloom waterlily, HOW TO FERTILIZE WATERLILY, lotus waterlily farming in kerala, kissan kerala, haritham sundharam, lotus garden

lotus farming kerala, lotus, താമര, ആമ്പല്‍, താമര കൃഷി, thamara krishi, വാട്ടര്‍ ലില്ലി, water lilly, kerala, agri tips, farming tips malayalam, താമരകൃഷി, agriculture tips, മലയാളം, കൃഷി വാര്‍ത്ത, lotusflower, farming, how to plant lotus, lotus seeds, കൃഷി, water lily
lotus, water plants, lotus variety, 1000 petels lotus, water Lilly, lotus gardening in home, water lily garden, lotus garden in terrace, waterlily garden in terrace, waterplants, waterplant care in malayalam, aquatic plants, aayiram ithalulla thamara, lotus tuber, how to grow lotus plant at home, grow lotus flower in containers, ultimate 1000 petal, rajashree maranchery, താമര, ആമ്പൽ, lotus in Malayalam, lotus seed planting in Malayalam, lotus planting in Malayalam

how to grow lotus plant at home, how to grow lotus, how to grow lotus from seed, how to plant lotus flower at home, how to plant lotus seeds, how to plant lotus seeds at home, lotus plant at home, lotus plant, how to grow lotus in pot, how to grow lotus in containers, lotus flower, urban gardening, how to grow lotus flower, how to grow lotus flower indoors, how to grow, lotus plant care, lotus care tips, താമരകൃഷി, tech travel eat, lotus tuber, lotus farming kerala, thamara",2022-07-14T14:48:47Z,560,https://www.youtube.com/watch?v=jE0ipxJqiMg
zMn4VLr6f5M,Store to Garden Sweet Potato | Easy Gardening Tips | Home Gardening | Kitchen Gardening,"👉 Save Money! Grow Your Own Food 👇

✅ https://bio.link/gardeningideas
=========================

#plants #homegardening #gardening #pottedgarden #backyardgardening #lovegardening  #veggiegarden #mygarden #containergardening #gardentips #gardenlife #green #naturelovers #organichowtogrowvegetables #gardeninghacks #gardeningtips #gardeningideas #balconygardening #seeds #compost #gardeningforbeginners #verticalgardening #urbangarden #urbangardening #watermelonguava #summer #gardeningforbeginners #smallgardenideas #balconygarden #gardeninghacks #gardeningtips #herbgarden #diy #diyproject #rooftopgardening

©️ Credit to: @rooftop2table",2022-07-13T00:54:23Z,19757,https://www.youtube.com/watch?v=zMn4VLr6f5M
os4cj-0yeWY,How To Grow And Harvest Basil For Unlimited Leaves | Urban Gardening,"These are some easy propagation and pruning techniques that will allow you to have endless amounts of basil, all year round. I found it challenging to grow basil all year and using these tips I have basil for use in my kitchen all year round. Happy gardening everyone! Sending you some gardening magic along with these tips.

I live in USDA zone 10A
Find your USDA Zone: https://planthardiness.ars.usda.gov


This video shows my secrets to growing healthy roses: https://youtu.be/OsKakzRCwwM

I have previously created a video of My Favorite 8 Rose Varieties for Beginner Gardeners (ft. David Austin Roses). If you would like to watch it, here is the link: https://youtu.be/vhwS_KdO7KI

Like, comment, and subscribe to stay updated with my latest content.

Follow me: Instagram: https://www.instagram.com/amritabhortake/

Twitter: https://twitter.com/amritabhortake

Website: http://www.amritabhortake.com

Gear used in the video:
Sony A7IV: https://amzn.to/3tDATHb
Sigma lens: https://amzn.to/3JpRiFI

My commonly used gear:
1. My main photo camera: https://amzn.to/3zhDw2N
2. Nikon Micro 105mm F2.8 lens: https://amzn.to/3DhH8o5
3. Black Foam Board: https://amzn.to/3mAhkwW
4. 5 in 1 reflector: https://amzn.to/3jSNVMX
5. Rode Video Mic Pro+: https://amzn.to/3yidVWv
6. Sony A6400 with kit lens: https://amzn.to/3jfhAji
7. MeFoto Tripod: https://amzn.to/2UNtNm5
8. Heavy Duty Light Stand: https://amzn.to/3yfe1xN
9. Sigma 50mm ART 1.4 lens: https://amzn.to/3bvhKyD
10. Aputure 120DII light: https://amzn.to/3DsfJQu
11. Light Dome: https://amzn.to/3ycLZ65


Disclaimer: Some links included in this description might be affiliate links. If you purchase a product or service with the links that I provide, I may receive a small commission. There are no additional charges to you.

#urbangardening   #basil #beginnergardening",2022-07-13T14:00:22Z,34,https://www.youtube.com/watch?v=os4cj-0yeWY
wUnDgL5fQIg,Have you ever seen this bug before?? Make sure to look after them 😊🐞,"👉 Save Money! Grow Your Own Food 👇

✅ https://bio.link/gardeningideas
=========================

#plants #homegardening #gardening #pottedgarden #backyardgardening #lovegardening  #veggiegarden #mygarden #containergardening #gardentips #gardenlife #green #naturelovers #organichowtogrowvegetables #gardeninghacks #gardeningtips #gardeningideas #balconygardening #seeds #compost #gardeningforbeginners #verticalgardening #urbangarden #urbangardening #watermelonguava #summer #gardeningforbeginners #smallgardenideas #balconygarden #gardeninghacks #gardeningtips #herbgarden #diy #diyproject #rooftopgardening

©️ Credit to: @joesgarden",2022-07-13T01:09:55Z,6462,https://www.youtube.com/watch?v=wUnDgL5fQIg
JhKvXjarUHE,Have you seen a prettier bean These are the gorgeous &#39;Scarlet Runner&#39; beans,"👉 Save Money! Grow Your Own Food 👇

✅ https://bio.link/gardeningideas
=========================

#plants #homegardening #gardening #pottedgarden #backyardgardening #lovegardening  #veggiegarden #mygarden #containergardening #gardentips #gardenlife #green #naturelovers #organichowtogrowvegetables #gardeninghacks #gardeningtips #gardeningideas #balconygardening #seeds #compost #gardeningforbeginners #verticalgardening #urbangarden #urbangardening #watermelonguava #summer #gardeningforbeginners #smallgardenideas #balconygarden #gardeninghacks #gardeningtips #herbgarden #diy #diyproject #rooftopgardening

©️ Credit to: @sam_and_wild_violet_garden",2022-07-13T01:19:37Z,2358,https://www.youtube.com/watch?v=JhKvXjarUHE
Nus6jHtoAmg,Cool Planting Ideas #shorts  #plants #plantingideas #homeplants #homedecor #gradening #plantation,"Cool Planting Ideas #shorts  #plants #plantingideas #homeplants #homedecor #gradening #plantation 


gardening,gardening ideas for home,gardening hacks,gardening tips,home gardening,gardening shorts,flower gardening at home,gardening flowers,urban gardening,food gardening,top gear gardening,indoor gardening",2022-07-12T08:21:54Z,61,https://www.youtube.com/watch?v=Nus6jHtoAmg
XW2ZNRndkjg,Cool Plantings Ideas #shorts  #plants #plantingideas #homeplants #homedecor #gradening #plantation,"Cool Plantings Ideas #shorts  #plants #plantingideas #homeplants #homedecor #gradening #plantation 


gardening,gardening ideas for home,gardening hacks,gardening tips,home gardening,gardening shorts,flower gardening at home,gardening flowers,urban gardening,food gardening,top gear gardening,indoor gardening",2022-07-12T06:09:20Z,20,https://www.youtube.com/watch?v=XW2ZNRndkjg
igLuCfuL6lc,The Amazing Plant - Syngonium,,2022-07-12T10:58:53Z,94,https://www.youtube.com/watch?v=igLuCfuL6lc
3qwtdBEGI20,Cool Planting Ideas #shorts  #plants #plantingideas #homeplants #homedecor #gradening #plantation,"Cool Planting Ideas #shorts  #plants #plantingideas #homeplants #homedecor #gradening #plantation 


gardening,gardening ideas for home,gardening hacks,gardening tips,home gardening,gardening shorts,flower gardening at home,gardening flowers,urban gardening,food gardening,top gear gardening,indoor gardening",2022-07-12T14:03:12Z,1600,https://www.youtube.com/watch?v=3qwtdBEGI20
